Epoch,Timestamp,Open,High,Low,Close,Volume
1782877500,2026-07-01T09:15:00,76545.21,76697.37,76538.37,76587.55,320828
1782877560,2026-07-01T09:16:00,76588.61,76660.62,76588.61,76635.56,214946
1782877620,2026-07-01T09:17:00,76649.13,76660.25,76572.42,76572.42,158987
1782877680,2026-07-01T09:18:00,76578.71,76667.83,76564.68,76667.83,128434
1782877740,2026-07-01T09:19:00,76675.54,76695.04,76630.55,76648.62,122766
1782877800,2026-07-01T09:20:00,76655.0,76686.91,76622.47,76686.91,70230
1782877860,2026-07-01T09:21:00,76688.0,76697.63,76647.14,76648.55,98852
1782877920,2026-07-01T09:22:00,76652.23,76674.11,76640.1,76667.41,99512
1782877980,2026-07-01T09:23:00,76669.14,76679.52,76656.73,76679.52,54652
1782878040,2026-07-01T09:24:00,76677.29,76677.29,76641.73,76641.73,610059
1782878100,2026-07-01T09:25:00,76640.62,76652.5,76622.72,76646.53,68267
1782878160,2026-07-01T09:26:00,76654.13,76675.02,76653.88,76661.5,134019
1782878220,2026-07-01T09:27:00,76663.62,76666.75,76650.44,76657.69,113050
1782878280,2026-07-01T09:28:00,76662.07,76664.23,76641.95,76649.34,89827
1782878340,2026-07-01T09:29:00,76650.28,76677.75,76647.6,76677.75,51695
1782878400,2026-07-01T09:30:00,76675.89,76713.86,76666.59,76705.85,65368
1782878460,2026-07-01T09:31:00,76703.37,76711.1,76670.52,76675.04,63765
1782878520,2026-07-01T09:32:00,76673.84,76683.42,76654.36,76669.85,50108
1782878580,2026-07-01T09:33:00,76667.96,76672.34,76633.59,76657.29,93172
1782878640,2026-07-01T09:34:00,76657.64,76661.49,76636.31,76656.59,61820
1782878700,2026-07-01T09:35:00,76660.07,76678.1,76651.26,76677.45,49725
1782878760,2026-07-01T09:36:00,76681.58,76690.5,76662.91,76679.24,108344
1782878820,2026-07-01T09:37:00,76674.43,76695.81,76665.06,76694.01,49607
1782878880,2026-07-01T09:38:00,76692.21,76730.24,76683.76,76723.68,70263
1782878940,2026-07-01T09:39:00,76725.76,76739.67,76711.44,76716.55,98145
1782879000,2026-07-01T09:40:00,76718.25,76750.4,76715.24,76741.41,33898
1782879060,2026-07-01T09:41:00,76742.92,76751.94,76721.35,76725.02,31908
1782879120,2026-07-01T09:42:00,76715.58,76715.58,76667.07,76689.29,31048
1782879180,2026-07-01T09:43:00,76695.04,76709.65,76687.27,76707.36,27674
1782879240,2026-07-01T09:44:00,76707.92,76733.47,76707.51,76733.15,241294
1782879300,2026-07-01T09:45:00,76729.48,76753.6,76719.86,76749.66,28581
1782879360,2026-07-01T09:46:00,76747.84,76771.55,76737.18,76760.62,32863
1782879420,2026-07-01T09:47:00,76760.22,76767.62,76745.41,76759.88,20597
1782879480,2026-07-01T09:48:00,76760.77,76790.16,76753.74,76780.51,37641
1782879540,2026-07-01T09:49:00,76776.49,76781.72,76744.83,76744.83,39959
1782879600,2026-07-01T09:50:00,76750.22,76767.55,76729.78,76732.5,45041
1782879660,2026-07-01T09:51:00,76733.29,76742.71,76724.22,76727.24,26958
1782879720,2026-07-01T09:52:00,76730.05,76742.69,76724.8,76735.29,23168
1782879780,2026-07-01T09:53:00,76735.12,76788.99,76734.47,76774.24,28157
1782879840,2026-07-01T09:54:00,76778.91,76790.54,76761.07,76790.54,30655
1782879900,2026-07-01T09:55:00,76784.21,76822.33,76782.12,76821.05,35451
1782879960,2026-07-01T09:56:00,76818.65,76846.39,76818.65,76836.47,27747
1782880020,2026-07-01T09:57:00,76837.06,76843.97,76816.58,76821.76,32187
1782880080,2026-07-01T09:58:00,76820.16,76836.42,76818.22,76825.77,24126
1782880140,2026-07-01T09:59:00,76825.03,76847.67,76825.03,76847.45,29709
1782880200,2026-07-01T10:00:00,76844.61,76885.19,76842.68,76867.29,76610
1782880260,2026-07-01T10:01:00,76864.48,76880.06,76857.55,76880.06,47120
1782880320,2026-07-01T10:02:00,76880.69,76880.69,76840.0,76840.0,27206
1782880380,2026-07-01T10:03:00,76842.97,76843.86,76818.83,76827.97,22074
1782880440,2026-07-01T10:04:00,76827.58,76827.58,76788.79,76804.11,34052
1782880500,2026-07-01T10:05:00,76804.78,76823.99,76798.92,76807.8,31850
1782880560,2026-07-01T10:06:00,76807.22,76824.68,76798.84,76823.25,27580
1782880620,2026-07-01T10:07:00,76821.21,76823.85,76789.96,76793.47,57308
1782880680,2026-07-01T10:08:00,76795.9,76813.58,76793.92,76810.41,32036
1782880740,2026-07-01T10:09:00,76812.46,76854.8,76811.76,76854.8,58553
1782880800,2026-07-01T10:10:00,76856.54,76873.79,76848.96,76873.79,59384
1782880860,2026-07-01T10:11:00,76870.17,76879.83,76856.93,76864.47,36870
1782880920,2026-07-01T10:12:00,76864.53,76868.55,76847.61,76854.67,23720
1782880980,2026-07-01T10:13:00,76859.67,76864.28,76848.5,76862.81,21348
1782881040,2026-07-01T10:14:00,76856.39,76877.11,76851.7,76871.07,58144
1782881100,2026-07-01T10:15:00,76872.38,76892.8,76863.96,76889.8,147494
1782881160,2026-07-01T10:16:00,76890.42,76897.58,76883.19,76891.2,50308
1782881220,2026-07-01T10:17:00,76889.95,76907.35,76888.49,76901.49,42665
1782881280,2026-07-01T10:18:00,76902.39,76932.37,76897.52,76919.82,30343
1782881340,2026-07-01T10:19:00,76920.54,76927.88,76911.85,76927.3,31180
1782881400,2026-07-01T10:20:00,76930.03,76930.14,76906.48,76914.96,23308
1782881460,2026-07-01T10:21:00,76917.77,76939.29,76917.37,76937.61,43818
1782881520,2026-07-01T10:22:00,76937.84,76953.35,76925.81,76951.63,29947
1782881580,2026-07-01T10:23:00,76950.72,76980.47,76946.81,76973.15,42160
1782881640,2026-07-01T10:24:00,76971.14,76982.65,76953.05,76959.34,26282
1782881700,2026-07-01T10:25:00,76958.86,76959.98,76915.31,76922.38,25538
1782881760,2026-07-01T10:26:00,76919.47,76924.71,76900.54,76920.11,33453
1782881820,2026-07-01T10:27:00,76922.58,76931.05,76900.5,76900.5,14582
1782881880,2026-07-01T10:28:00,76902.57,76912.84,76891.73,76900.11,27444
1782881940,2026-07-01T10:29:00,76899.25,76910.09,76893.44,76903.66,20239
1782882000,2026-07-01T10:30:00,76903.44,76926.89,76903.44,76926.55,11401
1782882060,2026-07-01T10:31:00,76925.99,76933.91,76915.83,76923.84,25726
1782882120,2026-07-01T10:32:00,76922.37,76925.17,76888.51,76897.87,29069
1782882180,2026-07-01T10:33:00,76894.22,76902.47,76855.42,76866.82,24595
1782882240,2026-07-01T10:34:00,76867.74,76893.34,76865.6,76872.97,19440
1782882300,2026-07-01T10:35:00,76872.98,76894.65,76861.41,76894.65,23239
1782882360,2026-07-01T10:36:00,76894.9,76894.9,76876.14,76881.28,24560
1782882420,2026-07-01T10:37:00,76881.76,76889.6,76868.12,76868.92,18901
1782882480,2026-07-01T10:38:00,76867.05,76870.1,76825.92,76830.91,34146
1782882540,2026-07-01T10:39:00,76827.7,76850.73,76822.33,76843.19,23433
1782882600,2026-07-01T10:40:00,76841.74,76841.74,76820.11,76820.11,21634
1782882660,2026-07-01T10:41:00,76821.98,76829.56,76811.06,76829.09,24803
1782882720,2026-07-01T10:42:00,76827.54,76844.82,76805.04,76807.16,26515
1782882780,2026-07-01T10:43:00,76806.28,76809.0,76749.84,76749.84,29838
1782882840,2026-07-01T10:44:00,76749.15,76761.15,76745.8,76759.31,38429
1782882900,2026-07-01T10:45:00,76758.87,76794.67,76758.87,76771.99,23886
1782882960,2026-07-01T10:46:00,76770.84,76795.46,76757.37,76793.56,65192
1782883020,2026-07-01T10:47:00,76793.73,76823.68,76793.73,76811.5,33451
1782883080,2026-07-01T10:48:00,76822.9,76833.2,76812.68,76820.73,36380
1782883140,2026-07-01T10:49:00,76818.66,76820.41,76796.83,76809.45,29754
1782883200,2026-07-01T10:50:00,76811.15,76824.67,76807.23,76821.91,19057
1782883260,2026-07-01T10:51:00,76821.76,76821.76,76772.12,76790.56,27457
1782883320,2026-07-01T10:52:00,76791.89,76807.74,76781.21,76800.0,23775
1782883380,2026-07-01T10:53:00,76806.44,76820.02,76792.02,76820.02,25224
1782883440,2026-07-01T10:54:00,76820.15,76853.2,76819.77,76834.61,20264
1782883500,2026-07-01T10:55:00,76839.36,76850.58,76826.14,76840.94,29489
1782883560,2026-07-01T10:56:00,76837.43,76842.83,76830.66,76835.28,30510
1782883620,2026-07-01T10:57:00,76834.97,76838.82,76825.94,76826.73,19014
1782883680,2026-07-01T10:58:00,76825.17,76832.67,76816.24,76832.13,17969
1782883740,2026-07-01T10:59:00,76831.85,76839.39,76826.03,76826.82,29268
1782883800,2026-07-01T11:00:00,76826.78,76863.93,76826.78,76862.13,17284
1782883860,2026-07-01T11:01:00,76862.13,76869.8,76845.08,76848.34,11971
1782883920,2026-07-01T11:02:00,76848.34,76863.45,76848.34,76851.2,19790
1782883980,2026-07-01T11:03:00,76852.37,76860.91,76838.06,76860.91,39440
1782884040,2026-07-01T11:04:00,76860.91,76865.27,76850.56,76856.1,17483
1782884100,2026-07-01T11:05:00,76855.78,76871.9,76853.42,76862.03,18364
1782884160,2026-07-01T11:06:00,76860.83,76869.39,76860.57,76861.9,33181
1782884220,2026-07-01T11:07:00,76859.25,76870.09,76855.47,76865.27,47054
1782884280,2026-07-01T11:08:00,76869.16,76877.41,76855.2,76865.09,24154
1782884340,2026-07-01T11:09:00,76865.69,76897.47,76865.69,76896.32,62788
1782884400,2026-07-01T11:10:00,76896.44,76916.91,76896.44,76913.12,29607
1782884460,2026-07-01T11:11:00,76914.01,76914.01,76890.5,76909.57,20256
1782884520,2026-07-01T11:12:00,76912.82,76924.15,76898.43,76910.04,78951
1782884580,2026-07-01T11:13:00,76912.58,76937.57,76909.06,76937.26,224698
1782884640,2026-07-01T11:14:00,76936.54,76979.55,76932.61,76979.3,106354
1782884700,2026-07-01T11:15:00,76979.42,77019.8,76953.9,76987.07,42055
1782884760,2026-07-01T11:16:00,76986.15,77019.17,76975.89,77008.47,188891
1782884820,2026-07-01T11:17:00,77008.15,77015.26,76969.59,76982.39,126182
1782884880,2026-07-01T11:18:00,76982.03,77009.79,76968.01,77003.43,32781
1782884940,2026-07-01T11:19:00,77001.34,77001.34,76986.41,76986.41,58421
1782885000,2026-07-01T11:20:00,76985.99,77013.09,76966.65,76999.38,45389
1782885060,2026-07-01T11:21:00,76994.64,77001.38,76978.17,76983.14,84447
1782885120,2026-07-01T11:22:00,76982.8,76995.09,76978.07,76988.88,19913
1782885180,2026-07-01T11:23:00,76990.73,76995.04,76967.55,76968.17,19771
1782885240,2026-07-01T11:24:00,76969.01,76973.07,76952.28,76963.46,30344
1782885300,2026-07-01T11:25:00,76959.81,76964.05,76935.12,76935.12,16891
1782885360,2026-07-01T11:26:00,76940.47,76947.67,76913.61,76943.32,28759
1782885420,2026-07-01T11:27:00,76943.26,76949.13,76916.24,76944.87,17481
1782885480,2026-07-01T11:28:00,76951.21,76970.16,76933.8,76969.9,20020
1782885540,2026-07-01T11:29:00,76971.14,76977.42,76940.87,76956.75,23041
1782885600,2026-07-01T11:30:00,76956.49,76961.75,76947.96,76948.79,26987
1782885660,2026-07-01T11:31:00,76947.42,76949.93,76922.36,76926.89,14865
1782885720,2026-07-01T11:32:00,76920.58,76953.73,76907.97,76911.96,33345
1782885780,2026-07-01T11:33:00,76910.52,76947.03,76902.33,76910.47,27961
1782885840,2026-07-01T11:34:00,76927.56,76932.84,76909.05,76909.05,25428
1782885900,2026-07-01T11:35:00,76906.95,76908.84,76883.16,76883.62,59421
1782885960,2026-07-01T11:36:00,76889.85,76905.7,76871.86,76900.29,38693
1782886020,2026-07-01T11:37:00,76906.05,76916.93,76874.87,76885.08,25558
1782886080,2026-07-01T11:38:00,76886.98,76909.48,76871.68,76900.99,25106
1782886140,2026-07-01T11:39:00,76898.02,76922.85,76897.32,76922.09,24529
1782886200,2026-07-01T11:40:00,76921.52,76933.3,76891.83,76909.42,28656
1782886260,2026-07-01T11:41:00,76921.77,76943.22,76905.42,76919.81,18264
1782886320,2026-07-01T11:42:00,76918.95,76946.33,76903.74,76946.33,14418
1782886380,2026-07-01T11:43:00,76948.11,76959.82,76906.98,76936.67,32114
1782886440,2026-07-01T11:44:00,76935.26,76959.47,76923.09,76953.1,48307
1782886500,2026-07-01T11:45:00,76950.24,77002.09,76938.26,76971.03,37536
1782886560,2026-07-01T11:46:00,76982.11,76990.73,76965.0,76976.37,31491
1782886620,2026-07-01T11:47:00,76994.37,77001.81,76965.14,76988.43,80307
1782886680,2026-07-01T11:48:00,76986.06,76993.65,76979.87,76986.51,71540
1782886740,2026-07-01T11:49:00,76989.29,77002.02,76980.58,76996.65,33665
1782886800,2026-07-01T11:50:00,77000.58,77007.11,76978.53,76981.67,35334
1782886860,2026-07-01T11:51:00,76982.13,76994.16,76961.13,76962.86,35820
1782886920,2026-07-01T11:52:00,76966.68,76993.55,76946.61,76976.4,29237
1782886980,2026-07-01T11:53:00,76976.81,76976.81,76930.26,76935.33,26469
1782887040,2026-07-01T11:54:00,76931.79,76961.55,76926.29,76948.37,29257
1782887100,2026-07-01T11:55:00,76950.61,76957.82,76915.77,76954.32,27270
1782887160,2026-07-01T11:56:00,76952.71,76956.57,76924.63,76943.8,94904
1782887220,2026-07-01T11:57:00,76943.91,77001.26,76940.37,76977.89,57236
1782887280,2026-07-01T11:58:00,76977.82,77029.34,76963.54,77026.94,45419
1782887340,2026-07-01T11:59:00,77029.22,77043.03,77001.14,77021.84,20656
1782887400,2026-07-01T12:00:00,77020.57,77047.82,77020.57,77022.6,21012
1782887460,2026-07-01T12:01:00,77032.29,77037.61,77015.08,77032.9,17292
1782887520,2026-07-01T12:02:00,77036.6,77048.51,77033.13,77040.63,35806
1782887580,2026-07-01T12:03:00,77042.43,77044.03,77025.53,77031.79,21020
1782887640,2026-07-01T12:04:00,77031.63,77034.7,77015.1,77020.16,9971
1782887700,2026-07-01T12:05:00,77019.59,77038.82,77019.59,77032.72,32292
1782887760,2026-07-01T12:06:00,77030.84,77046.9,77024.68,77040.87,51882
1782887820,2026-07-01T12:07:00,77039.37,77054.61,77029.67,77053.66,21895
1782887880,2026-07-01T12:08:00,77053.38,77076.7,77053.38,77073.69,18367
1782887940,2026-07-01T12:09:00,77074.33,77110.08,77055.04,77102.25,62531
1782888000,2026-07-01T12:10:00,77102.32,77102.32,77069.12,77100.95,18245
1782888060,2026-07-01T12:11:00,77100.21,77100.21,77022.72,77028.2,21451
1782888120,2026-07-01T12:12:00,77029.43,77053.36,77024.62,77049.89,119179
1782888180,2026-07-01T12:13:00,77049.27,77056.03,77025.79,77054.71,72599
1782888240,2026-07-01T12:14:00,77056.53,77060.58,77013.26,77035.56,43032
1782888300,2026-07-01T12:15:00,77034.91,77047.99,76989.78,77027.23,50231
1782888360,2026-07-01T12:16:00,77029.7,77061.32,77029.31,77046.54,37582
1782888420,2026-07-01T12:17:00,77046.42,77050.98,77028.6,77039.39,119879
1782888480,2026-07-01T12:18:00,77037.63,77046.74,77008.23,77015.7,30697
1782888540,2026-07-01T12:19:00,77014.36,77046.63,77008.85,77040.3,55446
1782888600,2026-07-01T12:20:00,77040.02,77043.87,77020.44,77020.44,62343
1782888660,2026-07-01T12:21:00,77023.65,77039.51,77019.76,77025.71,34811
1782888720,2026-07-01T12:22:00,77026.57,77026.84,77005.7,77018.24,27501
1782888780,2026-07-01T12:23:00,77010.72,77012.89,76991.19,77010.79,40353
1782888840,2026-07-01T12:24:00,77009.66,77058.82,77009.32,77057.68,30765
1782888900,2026-07-01T12:25:00,77056.48,77061.35,77041.23,77052.77,17205
1782888960,2026-07-01T12:26:00,77053.45,77056.31,77036.65,77037.99,21837
1782889020,2026-07-01T12:27:00,77038.14,77065.51,77031.6,77060.76,37210
1782889080,2026-07-01T12:28:00,77059.74,77059.74,76973.93,76976.26,76457
1782889140,2026-07-01T12:29:00,76975.46,76975.7,76941.98,76941.98,50281
1782889200,2026-07-01T12:30:00,76943.06,77023.56,76943.06,77021.09,35883
1782889260,2026-07-01T12:31:00,77023.74,77038.83,77017.03,77038.83,42950
1782889320,2026-07-01T12:32:00,77036.03,77053.0,77032.67,77038.42,46938
1782889380,2026-07-01T12:33:00,77043.11,77054.54,77042.54,77052.25,18231
1782889440,2026-07-01T12:34:00,77053.13,77059.63,77043.7,77043.7,19581
1782889500,2026-07-01T12:35:00,77042.77,77056.14,77038.53,77050.24,16440
1782889560,2026-07-01T12:36:00,77053.51,77066.94,77048.42,77056.39,34561
1782889620,2026-07-01T12:37:00,77058.66,77081.14,77058.66,77079.57,47066
1782889680,2026-07-01T12:38:00,77081.08,77094.33,77075.89,77075.89,44912
1782889740,2026-07-01T12:39:00,77074.23,77080.54,77066.02,77079.24,27835
1782889800,2026-07-01T12:40:00,77078.92,77080.13,77046.83,77046.83,28435
1782889860,2026-07-01T12:41:00,77043.75,77053.9,77028.79,77030.46,63864
1782889920,2026-07-01T12:42:00,77041.74,77049.4,77029.68,77036.04,2037147
1782889980,2026-07-01T12:43:00,77037.21,77041.22,77008.9,77008.9,53987
1782890040,2026-07-01T12:44:00,77011.17,77034.19,77011.17,77032.94,29083
1782890100,2026-07-01T12:45:00,77033.53,77039.51,77024.02,77037.32,14566
1782890160,2026-07-01T12:46:00,77037.75,77039.86,77024.47,77026.82,14556
1782890220,2026-07-01T12:47:00,77033.4,77042.8,77026.25,77041.17,38715
1782890280,2026-07-01T12:48:00,77040.53,77047.37,77025.88,77030.28,31966
1782890340,2026-07-01T12:49:00,77030.98,77041.32,77029.89,77032.88,15945
1782890400,2026-07-01T12:50:00,77034.21,77055.26,77034.21,77053.4,21210
1782890460,2026-07-01T12:51:00,77052.72,77052.72,77037.76,77045.47,23109
1782890520,2026-07-01T12:52:00,77045.66,77047.84,77036.02,77045.57,53327
1782890580,2026-07-01T12:53:00,77042.72,77044.63,77026.39,77036.02,15837
1782890640,2026-07-01T12:54:00,77036.32,77040.21,77015.68,77020.78,18318
1782890700,2026-07-01T12:55:00,77020.32,77021.61,77007.94,77019.89,18107
1782890760,2026-07-01T12:56:00,77020.7,77025.27,77014.44,77024.06,13525
1782890820,2026-07-01T12:57:00,77024.24,77034.38,77019.55,77034.38,8496
1782890880,2026-07-01T12:58:00,77032.5,77034.62,77017.75,77031.87,18098
1782890940,2026-07-01T12:59:00,77025.99,77030.87,77020.8,77023.84,40904
1782891000,2026-07-01T13:00:00,77023.78,77036.54,77015.08,77025.95,32515
1782891060,2026-07-01T13:01:00,77025.95,77031.2,77010.99,77021.16,15414
1782891120,2026-07-01T13:02:00,77020.56,77020.56,76989.99,76994.83,25707
1782891180,2026-07-01T13:03:00,76994.19,76994.19,76973.75,76979.21,26067
1782891240,2026-07-01T13:04:00,76979.2,76995.59,76979.05,76984.01,16620
1782891300,2026-07-01T13:05:00,76986.07,77002.15,76986.07,76995.95,30254
1782891360,2026-07-01T13:06:00,76996.2,77005.43,76986.34,76998.34,31243
1782891420,2026-07-01T13:07:00,76996.97,77025.03,76994.37,76997.92,14189
1782891480,2026-07-01T13:08:00,77000.12,77021.53,76989.72,77021.53,81129
1782891540,2026-07-01T13:09:00,77021.84,77028.25,76995.51,76999.64,18370
1782891600,2026-07-01T13:10:00,76994.33,77024.48,76993.33,77002.8,17189
1782891660,2026-07-01T13:11:00,77004.43,77030.94,77000.91,77017.39,47140
1782891720,2026-07-01T13:12:00,77017.0,77048.11,77015.58,77030.29,56192
1782891780,2026-07-01T13:13:00,77039.03,77052.32,77024.43,77050.09,16074
1782891840,2026-07-01T13:14:00,77050.28,77057.09,77024.14,77055.67,32719
1782891900,2026-07-01T13:15:00,77056.85,77062.24,77029.93,77029.93,30551
1782891960,2026-07-01T13:16:00,77028.91,77055.14,77022.74,77045.36,42993
1782892020,2026-07-01T13:17:00,77044.6,77056.88,77042.91,77043.82,27700
1782892080,2026-07-01T13:18:00,77048.05,77060.14,77026.26,77047.73,107125
1782892140,2026-07-01T13:19:00,77045.67,77056.41,77021.24,77034.87,28943
1782892200,2026-07-01T13:20:00,77034.9,77050.22,77009.01,77009.24,39646
1782892260,2026-07-01T13:21:00,77012.34,77044.05,77005.51,77032.99,27577
1782892320,2026-07-01T13:22:00,77032.73,77048.72,77005.84,77023.93,64654
1782892380,2026-07-01T13:23:00,77021.76,77021.86,76989.71,77011.05,39681
1782892440,2026-07-01T13:24:00,77009.1,77019.54,76986.64,77011.1,22640
1782892500,2026-07-01T13:25:00,77012.53,77021.69,76977.0,76983.31,22895
1782892560,2026-07-01T13:26:00,76980.72,77030.24,76977.69,77029.59,38033
1782892620,2026-07-01T13:27:00,77029.81,77032.09,76996.06,77011.61,27167
1782892680,2026-07-01T13:28:00,77009.21,77012.28,77000.11,77004.61,28336
1782892740,2026-07-01T13:29:00,77002.98,77002.98,76961.72,76985.64,19878
1782892800,2026-07-01T13:30:00,76987.14,76992.94,76954.43,76985.67,14727
1782892860,2026-07-01T13:31:00,76987.4,76987.4,76956.86,76962.12,21628
1782892920,2026-07-01T13:32:00,76964.23,76977.56,76958.05,76960.77,20459
1782892980,2026-07-01T13:33:00,76956.79,76963.15,76928.91,76958.83,60247
1782893040,2026-07-01T13:34:00,76958.83,76986.01,76958.83,76975.9,43582
1782893100,2026-07-01T13:35:00,76976.76,77021.16,76976.76,77018.93,53054
1782893160,2026-07-01T13:36:00,77011.5,77021.91,77007.97,77017.06,17514
1782893220,2026-07-01T13:37:00,77017.96,77057.98,77009.34,77045.31,28537
1782893280,2026-07-01T13:38:00,77045.37,77066.29,77038.4,77054.01,56371
1782893340,2026-07-01T13:39:00,77051.91,77067.3,77031.11,77058.88,24269
1782893400,2026-07-01T13:40:00,77059.35,77062.64,77025.79,77025.79,43266
1782893460,2026-07-01T13:41:00,77022.4,77042.69,77001.82,77040.94,38809
1782893520,2026-07-01T13:42:00,77040.92,77042.84,77017.49,77017.49,16483
1782893580,2026-07-01T13:43:00,77018.64,77027.71,77005.98,77010.4,23283
1782893640,2026-07-01T13:44:00,77006.8,77031.3,76989.36,77031.3,45501
1782893700,2026-07-01T13:45:00,77033.81,77042.05,77018.19,77036.68,70190
1782893760,2026-07-01T13:46:00,77036.86,77036.86,76950.89,76962.25,61388
1782893820,2026-07-01T13:47:00,76974.47,77011.11,76965.87,77011.11,38675
1782893880,2026-07-01T13:48:00,77013.51,77016.01,76981.76,77000.76,43994
1782893940,2026-07-01T13:49:00,77001.06,77007.68,76997.98,76999.82,15843
1782894000,2026-07-01T13:50:00,77000.49,77005.72,76971.68,76981.89,23662
1782894060,2026-07-01T13:51:00,76982.53,77001.27,76978.32,77001.27,20757
1782894120,2026-07-01T13:52:00,76999.05,77008.79,76971.49,76996.63,17708
1782894180,2026-07-01T13:53:00,76996.82,77008.61,76985.17,76988.01,15332
1782894240,2026-07-01T13:54:00,76991.78,77007.9,76974.68,76992.19,17066
1782894300,2026-07-01T13:55:00,76993.28,76998.42,76978.46,76992.36,17969
1782894360,2026-07-01T13:56:00,76991.46,77007.83,76976.92,76994.58,25603
1782894420,2026-07-01T13:57:00,76996.59,76998.86,76986.51,76990.98,13075
1782894480,2026-07-01T13:58:00,76990.66,76991.05,76975.48,76978.59,30153
1782894540,2026-07-01T13:59:00,76978.59,76988.97,76973.11,76980.84,34193
1782894600,2026-07-01T14:00:00,76981.07,77003.44,76955.09,76956.58,22346
1782894660,2026-07-01T14:01:00,76958.18,76991.34,76958.18,76964.49,12087
1782894720,2026-07-01T14:02:00,76967.63,76986.59,76965.69,76984.7,12065
1782894780,2026-07-01T14:03:00,76985.74,77011.15,76983.25,77010.44,15708
1782894840,2026-07-01T14:04:00,77011.09,77022.23,76982.49,77012.08,22225
1782894900,2026-07-01T14:05:00,77012.32,77012.32,76991.78,76997.59,13075
1782894960,2026-07-01T14:06:00,76995.45,77011.0,76995.45,77006.9,24267
1782895020,2026-07-01T14:07:00,77005.85,77028.06,76991.74,77024.0,16416
1782895080,2026-07-01T14:08:00,77022.37,77034.26,77006.12,77029.37,17019
1782895140,2026-07-01T14:09:00,77029.86,77047.67,77000.11,77047.67,26350
1782895200,2026-07-01T14:10:00,77049.18,77052.51,77019.03,77049.42,19367
1782895260,2026-07-01T14:11:00,77048.76,77060.27,77044.64,77051.01,29254
1782895320,2026-07-01T14:12:00,77052.14,77063.37,77040.61,77040.61,34825
1782895380,2026-07-01T14:13:00,77038.4,77071.07,77035.1,77062.8,87462
1782895440,2026-07-01T14:14:00,77061.31,77065.66,77049.28,77050.26,38026
1782895500,2026-07-01T14:15:00,77050.29,77052.65,77034.1,77046.03,31474
1782895560,2026-07-01T14:16:00,77044.73,77053.38,77033.42,77033.51,31738
1782895620,2026-07-01T14:17:00,77032.91,77034.73,77012.44,77013.38,30386
1782895680,2026-07-01T14:18:00,77015.19,77050.31,77009.38,77036.44,55339
1782895740,2026-07-01T14:19:00,77036.87,77042.25,77021.79,77021.79,25887
1782895800,2026-07-01T14:20:00,77020.25,77032.32,77019.67,77032.32,7924
1782895860,2026-07-01T14:21:00,77032.62,77048.49,77029.45,77047.03,24322
1782895920,2026-07-01T14:22:00,77047.03,77054.57,77026.72,77030.28,35836
1782895980,2026-07-01T14:23:00,77029.61,77050.65,77022.74,77036.92,68171
1782896040,2026-07-01T14:24:00,77038.21,77045.41,77033.11,77041.83,20172
1782896100,2026-07-01T14:25:00,77041.08,77056.8,77040.74,77054.47,21879
1782896160,2026-07-01T14:26:00,77054.59,77055.82,77039.17,77042.88,23232
1782896220,2026-07-01T14:27:00,77042.88,77054.06,77036.47,77036.47,26937
1782896280,2026-07-01T14:28:00,77033.09,77033.61,77010.39,77014.49,21290
1782896340,2026-07-01T14:29:00,77011.25,77031.5,76988.17,77014.89,20243
1782896400,2026-07-01T14:30:00,77009.91,77019.18,76973.11,77003.36,55844
1782896460,2026-07-01T14:31:00,77003.01,77008.39,76978.25,76995.61,24755
1782896520,2026-07-01T14:32:00,76996.33,77004.72,76989.66,76998.53,54637
1782896580,2026-07-01T14:33:00,77001.72,77008.54,76983.11,76991.21,42663
1782896640,2026-07-01T14:34:00,76990.11,77001.17,76958.28,76960.23,32158
1782896700,2026-07-01T14:35:00,76959.37,76989.98,76956.26,76970.62,39950
1782896760,2026-07-01T14:36:00,76971.67,76985.83,76953.01,76965.68,22225
1782896820,2026-07-01T14:37:00,76959.99,76968.24,76937.7,76937.89,36492
1782896880,2026-07-01T14:38:00,76939.58,76954.67,76899.74,76904.86,32587
1782896940,2026-07-01T14:39:00,76903.23,76920.99,76899.59,76911.52,39670
1782897000,2026-07-01T14:40:00,76909.32,76911.69,76882.98,76884.15,51524
1782897060,2026-07-01T14:41:00,76882.76,76925.67,76881.08,76925.67,22412
1782897120,2026-07-01T14:42:00,76925.63,76942.93,76925.63,76942.29,33115
1782897180,2026-07-01T14:43:00,76943.23,76977.59,76943.23,76959.15,94334
1782897240,2026-07-01T14:44:00,76959.96,76972.38,76957.51,76968.23,66409
1782897300,2026-07-01T14:45:00,76967.65,76978.78,76960.27,76972.29,96907
1782897360,2026-07-01T14:46:00,76974.14,76978.13,76966.14,76977.42,34204
1782897420,2026-07-01T14:47:00,76980.92,76981.92,76956.04,76959.15,32782
1782897480,2026-07-01T14:48:00,76959.15,76970.91,76941.11,76959.89,30502
1782897540,2026-07-01T14:49:00,76962.82,76967.64,76941.52,76941.62,58547
1782897600,2026-07-01T14:50:00,76941.77,76964.93,76933.85,76958.98,48927
1782897660,2026-07-01T14:51:00,76956.13,76962.87,76949.44,76962.87,30676
1782897720,2026-07-01T14:52:00,76962.92,76963.18,76950.39,76953.07,54864
1782897780,2026-07-01T14:53:00,76953.83,76983.65,76941.53,76961.07,47441
1782897840,2026-07-01T14:54:00,76956.66,76985.54,76956.66,76984.88,37432
1782897900,2026-07-01T14:55:00,76985.05,76996.85,76965.57,76981.16,29727
1782897960,2026-07-01T14:56:00,76983.79,77002.16,76983.79,77000.22,24297
1782898020,2026-07-01T14:57:00,77001.9,77010.6,76987.91,76994.2,33276
1782898080,2026-07-01T14:58:00,76994.51,77022.83,76989.55,77022.83,31460
1782898140,2026-07-01T14:59:00,77013.59,77037.21,77013.59,77034.5,28733
1782898200,2026-07-01T15:00:00,77035.66,77061.98,76979.36,76979.36,54166
1782898260,2026-07-01T15:01:00,76985.53,76995.32,76974.48,76984.63,22446
1782898320,2026-07-01T15:02:00,76986.03,76988.11,76944.37,76950.62,35889
1782898380,2026-07-01T15:03:00,76950.17,76985.2,76950.17,76973.54,31939
1782898440,2026-07-01T15:04:00,76967.29,76977.19,76964.11,76964.92,26089
1782898500,2026-07-01T15:05:00,76967.59,76972.89,76947.08,76949.3,31683
1782898560,2026-07-01T15:06:00,76946.65,76952.16,76923.07,76923.07,34850
1782898620,2026-07-01T15:07:00,76921.74,76940.02,76915.22,76932.27,49893
1782898680,2026-07-01T15:08:00,76932.94,76934.52,76910.35,76915.91,25010
1782898740,2026-07-01T15:09:00,76921.38,76922.64,76896.53,76909.6,33894
1782898800,2026-07-01T15:10:00,76912.25,76940.34,76912.25,76937.43,76087
1782898860,2026-07-01T15:11:00,76937.19,76955.99,76927.41,76955.64,76585
1782898920,2026-07-01T15:12:00,76954.95,76961.89,76928.61,76959.42,59158
1782898980,2026-07-01T15:13:00,76956.19,76984.92,76936.18,76936.18,44431
1782899040,2026-07-01T15:14:00,76947.27,76952.73,76910.87,76910.87,46961
1782899100,2026-07-01T15:15:00,76908.54,76936.93,76895.99,76924.98,107905
1782899160,2026-07-01T15:16:00,76924.74,76936.67,76910.77,76930.78,121344
1782899220,2026-07-01T15:17:00,76932.27,76932.27,76896.79,76913.35,72161
1782899280,2026-07-01T15:18:00,76909.22,76911.91,76891.75,76903.07,66435
1782899340,2026-07-01T15:19:00,76902.28,76920.4,76889.58,76920.4,53995
1782899400,2026-07-01T15:20:00,76916.69,76917.42,76879.54,76886.19,85615
1782899460,2026-07-01T15:21:00,76889.01,76904.11,76883.28,76890.5,57833
1782899520,2026-07-01T15:22:00,76892.02,76910.55,76881.32,76900.38,60025
1782899580,2026-07-01T15:23:00,76899.45,76912.43,76884.4,76912.43,66005
1782899640,2026-07-01T15:24:00,76912.18,76924.04,76904.09,76915.25,134022
1782899700,2026-07-01T15:25:00,76913.92,76914.58,76891.0,76894.12,215435
1782899760,2026-07-01T15:26:00,76895.14,76907.48,76879.46,76894.56,40786
1782899820,2026-07-01T15:27:00,76893.24,76895.14,76880.89,76888.74,61386
1782899880,2026-07-01T15:28:00,76888.3,76898.57,76866.79,76876.44,99743
1782899940,2026-07-01T15:29:00,76875.22,76884.79,76835.68,76873.55,80047
1782963900,2026-07-02T09:15:00,77083.14,77198.74,77063.95,77169.55,389870
1782963960,2026-07-02T09:16:00,77168.48,77218.78,77120.66,77171.56,308768
1782964020,2026-07-02T09:17:00,77169.56,77211.35,77148.97,77168.31,214251
1782964080,2026-07-02T09:18:00,77176.88,77189.9,77137.89,77183.53,222021
1782964140,2026-07-02T09:19:00,77188.6,77219.49,77164.52,77201.49,195097
1782964200,2026-07-02T09:20:00,77208.06,77274.63,77206.19,77274.63,203808
1782964260,2026-07-02T09:21:00,77271.32,77305.21,77269.81,77271.08,153782
1782964320,2026-07-02T09:22:00,77273.75,77275.65,77204.24,77223.59,150027
1782964380,2026-07-02T09:23:00,77221.48,77322.73,77220.92,77291.33,86861
1782964440,2026-07-02T09:24:00,77293.12,77351.29,77287.95,77324.02,136622
1782964500,2026-07-02T09:25:00,77323.52,77336.64,77279.17,77280.41,138311
1782964560,2026-07-02T09:26:00,77284.06,77304.06,77268.11,77295.84,83282
1782964620,2026-07-02T09:27:00,77296.73,77312.3,77252.86,77282.07,136457
1782964680,2026-07-02T09:28:00,77281.11,77306.59,77280.37,77291.2,74555
1782964740,2026-07-02T09:29:00,77293.73,77295.08,77276.49,77285.38,76332
1782964800,2026-07-02T09:30:00,77284.01,77297.28,77277.2,77284.69,57140
1782964860,2026-07-02T09:31:00,77285.18,77308.14,77281.6,77306.66,124798
1782964920,2026-07-02T09:32:00,77306.51,77323.79,77301.21,77323.31,51289
1782964980,2026-07-02T09:33:00,77323.62,77356.23,77316.54,77341.16,61312
1782965040,2026-07-02T09:34:00,77343.8,77355.34,77314.45,77321.94,53539
1782965100,2026-07-02T09:35:00,77327.84,77355.81,77325.47,77325.47,81270
1782965160,2026-07-02T09:36:00,77324.04,77366.76,77323.56,77360.0,73398
1782965220,2026-07-02T09:37:00,77364.48,77385.51,77359.43,77366.89,80082
1782965280,2026-07-02T09:38:00,77366.43,77392.16,77355.74,77373.52,44297
1782965340,2026-07-02T09:39:00,77380.89,77414.65,77377.1,77410.53,82124
1782965400,2026-07-02T09:40:00,77409.78,77420.26,77375.12,77394.01,71865
1782965460,2026-07-02T09:41:00,77405.03,77432.76,77398.85,77417.61,86492
1782965520,2026-07-02T09:42:00,77419.65,77449.25,77416.97,77444.58,144060
1782965580,2026-07-02T09:43:00,77441.5,77441.5,77421.39,77434.46,82488
1782965640,2026-07-02T09:44:00,77438.95,77442.76,77402.85,77415.95,88270
1782965700,2026-07-02T09:45:00,77416.58,77444.32,77406.62,77431.79,109333
1782965760,2026-07-02T09:46:00,77432.85,77433.48,77399.38,77402.92,168274
1782965820,2026-07-02T09:47:00,77403.74,77414.02,77391.68,77406.37,70131
1782965880,2026-07-02T09:48:00,77406.33,77415.66,77379.15,77414.09,46803
1782965940,2026-07-02T09:49:00,77412.74,77423.9,77381.96,77389.89,38788
1782966000,2026-07-02T09:50:00,77395.99,77422.82,77382.63,77419.36,63208
1782966060,2026-07-02T09:51:00,77414.5,77424.8,77377.04,77393.39,57203
1782966120,2026-07-02T09:52:00,77389.32,77409.34,77382.69,77382.69,70942
1782966180,2026-07-02T09:53:00,77388.16,77397.06,77347.62,77386.12,57639
1782966240,2026-07-02T09:54:00,77389.17,77389.33,77348.65,77367.24,29240
1782966300,2026-07-02T09:55:00,77372.04,77376.37,77338.7,77349.75,55829
1782966360,2026-07-02T09:56:00,77347.68,77375.6,77334.69,77359.96,61727
1782966420,2026-07-02T09:57:00,77357.01,77364.46,77316.7,77318.64,89105
1782966480,2026-07-02T09:58:00,77325.3,77366.73,77314.88,77341.83,111327
1782966540,2026-07-02T09:59:00,77342.35,77360.09,77316.0,77331.02,27965
1782966600,2026-07-02T10:00:00,77329.25,77339.07,77318.45,77318.67,53138
1782966660,2026-07-02T10:01:00,77318.68,77329.19,77311.35,77318.41,33623
1782966720,2026-07-02T10:02:00,77311.46,77314.61,77297.49,77302.02,41010
1782966780,2026-07-02T10:03:00,77298.33,77299.14,77261.21,77262.83,33925
1782966840,2026-07-02T10:04:00,77265.32,77292.9,77261.42,77282.08,82982
1782966900,2026-07-02T10:05:00,77286.9,77296.55,77265.65,77268.95,44579
1782966960,2026-07-02T10:06:00,77269.27,77271.15,77243.67,77252.87,112809
1782967020,2026-07-02T10:07:00,77259.79,77263.75,77204.46,77204.46,109279
1782967080,2026-07-02T10:08:00,77198.22,77214.24,77175.43,77179.23,130693
1782967140,2026-07-02T10:09:00,77177.19,77235.22,77170.48,77233.17,61137
1782967200,2026-07-02T10:10:00,77237.36,77250.03,77226.74,77248.38,22481
1782967260,2026-07-02T10:11:00,77248.38,77266.32,77247.48,77266.32,35461
1782967320,2026-07-02T10:12:00,77265.71,77275.22,77261.52,77271.23,92093
1782967380,2026-07-02T10:13:00,77269.05,77270.63,77216.84,77216.84,63448
1782967440,2026-07-02T10:14:00,77216.52,77222.47,77155.58,77155.58,33687
1782967500,2026-07-02T10:15:00,77156.26,77173.37,77131.07,77173.37,37187
1782967560,2026-07-02T10:16:00,77177.36,77184.77,77151.85,77153.51,37086
1782967620,2026-07-02T10:17:00,77157.36,77158.12,77137.17,77147.55,48388
1782967680,2026-07-02T10:18:00,77147.09,77185.12,77146.94,77180.89,31710
1782967740,2026-07-02T10:19:00,77182.68,77186.56,77164.33,77170.8,23118
1782967800,2026-07-02T10:20:00,77173.28,77217.64,77173.28,77211.91,36772
1782967860,2026-07-02T10:21:00,77209.82,77245.97,77198.37,77245.97,53008
1782967920,2026-07-02T10:22:00,77246.22,77248.65,77220.65,77231.66,48574
1782967980,2026-07-02T10:23:00,77233.5,77246.92,77207.66,77231.82,29688
1782968040,2026-07-02T10:24:00,77231.26,77248.84,77213.5,77248.84,31580
1782968100,2026-07-02T10:25:00,77247.64,77250.94,77206.54,77214.09,25186
1782968160,2026-07-02T10:26:00,77213.41,77258.39,77210.98,77220.14,22195
1782968220,2026-07-02T10:27:00,77224.09,77237.85,77209.25,77215.02,51211
1782968280,2026-07-02T10:28:00,77217.27,77266.39,77216.52,77256.47,29771
1782968340,2026-07-02T10:29:00,77252.32,77277.02,77248.17,77248.17,15908
1782968400,2026-07-02T10:30:00,77243.57,77277.11,77237.11,77259.33,27873
1782968460,2026-07-02T10:31:00,77258.59,77258.59,77209.77,77232.81,55059
1782968520,2026-07-02T10:32:00,77235.33,77248.34,77201.38,77229.25,17259
1782968580,2026-07-02T10:33:00,77230.65,77231.61,77188.52,77231.61,22335
1782968640,2026-07-02T10:34:00,77232.82,77237.12,77186.97,77221.72,22671
1782968700,2026-07-02T10:35:00,77220.48,77241.96,77195.98,77239.59,22570
1782968760,2026-07-02T10:36:00,77237.8,77249.64,77232.69,77241.5,29076
1782968820,2026-07-02T10:37:00,77243.23,77258.92,77233.18,77237.51,19176
1782968880,2026-07-02T10:38:00,77238.94,77284.53,77234.03,77284.53,29422
1782968940,2026-07-02T10:39:00,77282.31,77293.86,77253.63,77292.31,28670
1782969000,2026-07-02T10:40:00,77293.53,77299.25,77245.52,77284.23,19601
1782969060,2026-07-02T10:41:00,77282.15,77293.58,77246.68,77290.31,25003
1782969120,2026-07-02T10:42:00,77284.32,77288.83,77252.85,77264.55,22348
1782969180,2026-07-02T10:43:00,77265.14,77273.58,77249.41,77259.7,29422
1782969240,2026-07-02T10:44:00,77261.28,77273.78,77255.74,77260.52,28709
1782969300,2026-07-02T10:45:00,77266.5,77293.54,77260.61,77293.54,24170
1782969360,2026-07-02T10:46:00,77299.56,77304.9,77237.78,77272.69,27659
1782969420,2026-07-02T10:47:00,77263.06,77287.77,77236.9,77253.32,21985
1782969480,2026-07-02T10:48:00,77255.62,77293.81,77238.29,77240.22,19191
1782969540,2026-07-02T10:49:00,77241.62,77286.68,77241.35,77250.54,24485
1782969600,2026-07-02T10:50:00,77250.98,77291.19,77250.98,77270.65,20041
1782969660,2026-07-02T10:51:00,77267.24,77288.52,77244.85,77286.68,38312
1782969720,2026-07-02T10:52:00,77276.1,77293.42,77250.07,77256.12,34528
1782969780,2026-07-02T10:53:00,77253.0,77294.76,77250.49,77269.28,30318
1782969840,2026-07-02T10:54:00,77269.28,77284.84,77231.69,77266.52,26481
1782969900,2026-07-02T10:55:00,77268.98,77280.11,77228.41,77280.03,40354
1782969960,2026-07-02T10:56:00,77279.51,77280.72,77238.26,77238.26,17089
1782970020,2026-07-02T10:57:00,77241.57,77284.24,77238.84,77264.49,14529
1782970080,2026-07-02T10:58:00,77264.23,77270.08,77231.56,77265.82,34462
1782970140,2026-07-02T10:59:00,77263.23,77274.27,77231.47,77274.27,26822
1782970200,2026-07-02T11:00:00,77272.89,77279.54,77232.31,77269.11,37161
1782970260,2026-07-02T11:01:00,77271.91,77271.91,77252.96,77257.61,18651
1782970320,2026-07-02T11:02:00,77257.72,77257.72,77234.51,77237.97,17431
1782970380,2026-07-02T11:03:00,77238.16,77265.18,77232.36,77261.62,11495
1782970440,2026-07-02T11:04:00,77261.92,77266.19,77242.34,77248.65,19201
1782970500,2026-07-02T11:05:00,77251.01,77261.96,77245.53,77258.33,14329
1782970560,2026-07-02T11:06:00,77259.47,77261.18,77218.32,77224.53,32739
1782970620,2026-07-02T11:07:00,77218.57,77258.39,77218.57,77239.14,14081
1782970680,2026-07-02T11:08:00,77234.46,77258.01,77213.95,77238.53,15912
1782970740,2026-07-02T11:09:00,77239.77,77249.86,77212.62,77234.15,48676
1782970800,2026-07-02T11:10:00,77236.99,77236.99,77180.08,77186.61,21224
1782970860,2026-07-02T11:11:00,77184.23,77226.24,77182.4,77208.54,33708
1782970920,2026-07-02T11:12:00,77208.84,77218.61,77198.87,77202.82,28961
1782970980,2026-07-02T11:13:00,77204.68,77220.21,77201.21,77211.4,21815
1782971040,2026-07-02T11:14:00,77212.85,77236.95,77212.29,77236.95,19859
1782971100,2026-07-02T11:15:00,77237.13,77237.13,77219.93,77231.79,15990
1782971160,2026-07-02T11:16:00,77230.22,77235.09,77226.76,77228.75,16311
1782971220,2026-07-02T11:17:00,77230.56,77232.63,77222.4,77225.3,29453
1782971280,2026-07-02T11:18:00,77224.05,77233.25,77223.2,77228.27,19160
1782971340,2026-07-02T11:19:00,77230.0,77235.43,77201.74,77220.33,26723
1782971400,2026-07-02T11:20:00,77219.02,77239.88,77207.89,77222.08,56176
1782971460,2026-07-02T11:21:00,77218.71,77229.57,77215.21,77218.55,35205
1782971520,2026-07-02T11:22:00,77215.55,77220.88,77202.5,77206.76,27106
1782971580,2026-07-02T11:23:00,77203.2,77207.0,77178.81,77185.18,16284
1782971640,2026-07-02T11:24:00,77211.53,77227.03,77199.53,77220.35,52832
1782971700,2026-07-02T11:25:00,77220.18,77254.61,77215.01,77221.9,17751
1782971760,2026-07-02T11:26:00,77221.48,77246.78,77191.92,77191.92,28855
1782971820,2026-07-02T11:27:00,77186.9,77217.61,77174.16,77176.29,16752
1782971880,2026-07-02T11:28:00,77173.06,77227.22,77172.64,77173.33,38721
1782971940,2026-07-02T11:29:00,77169.61,77195.79,77169.61,77191.29,13709
1782972000,2026-07-02T11:30:00,77190.88,77204.25,77179.02,77183.87,13548
1782972060,2026-07-02T11:31:00,77183.73,77196.83,77150.8,77153.73,53270
1782972120,2026-07-02T11:32:00,77152.59,77171.05,77139.77,77141.12,34160
1782972180,2026-07-02T11:33:00,77141.83,77193.13,77138.46,77167.61,19737
1782972240,2026-07-02T11:34:00,77167.65,77190.45,77166.94,77166.94,23085
1782972300,2026-07-02T11:35:00,77172.89,77179.05,77128.63,77169.36,16192
1782972360,2026-07-02T11:36:00,77168.76,77169.57,77149.46,77152.34,8411
1782972420,2026-07-02T11:37:00,77152.34,77172.43,77149.5,77159.13,33198
1782972480,2026-07-02T11:38:00,77163.27,77165.29,77133.95,77140.49,38252
1782972540,2026-07-02T11:39:00,77140.57,77148.09,77131.93,77135.58,34578
1782972600,2026-07-02T11:40:00,77137.89,77143.36,77122.46,77142.49,41464
1782972660,2026-07-02T11:41:00,77138.66,77138.66,77125.44,77133.94,20496
1782972720,2026-07-02T11:42:00,77129.92,77142.31,77127.32,77141.41,15034
1782972780,2026-07-02T11:43:00,77139.21,77159.41,77137.04,77156.65,58507
1782972840,2026-07-02T11:44:00,77159.64,77186.84,77151.27,77186.84,15625
1782972900,2026-07-02T11:45:00,77187.14,77191.53,77158.19,77185.69,26784
1782972960,2026-07-02T11:46:00,77186.43,77221.72,77182.19,77209.55,24804
1782973020,2026-07-02T11:47:00,77209.19,77209.19,77175.86,77186.26,29340
1782973080,2026-07-02T11:48:00,77188.06,77211.67,77157.74,77164.11,15280
1782973140,2026-07-02T11:49:00,77164.0,77198.37,77163.88,77179.74,9881
1782973200,2026-07-02T11:50:00,77175.09,77209.49,77171.24,77200.43,44704
1782973260,2026-07-02T11:51:00,77202.68,77214.16,77175.15,77185.71,14851
1782973320,2026-07-02T11:52:00,77185.93,77230.89,77185.69,77188.37,54540
1782973380,2026-07-02T11:53:00,77187.66,77223.22,77183.35,77222.53,48600
1782973440,2026-07-02T11:54:00,77222.53,77239.54,77218.95,77222.76,27585
1782973500,2026-07-02T11:55:00,77220.38,77239.94,77212.73,77239.94,45820
1782973560,2026-07-02T11:56:00,77239.09,77259.87,77233.91,77239.48,30051
1782973620,2026-07-02T11:57:00,77239.39,77257.09,77227.12,77231.17,16493
1782973680,2026-07-02T11:58:00,77229.46,77232.6,77212.39,77219.95,59111
1782973740,2026-07-02T11:59:00,77223.02,77236.35,77213.37,77226.95,29304
1782973800,2026-07-02T12:00:00,77226.86,77237.13,77205.29,77207.45,30420
1782973860,2026-07-02T12:01:00,77207.93,77249.85,77207.93,77228.72,27953
1782973920,2026-07-02T12:02:00,77229.03,77257.37,77228.62,77238.83,31530
1782973980,2026-07-02T12:03:00,77237.99,77264.42,77223.68,77262.35,65176
1782974040,2026-07-02T12:04:00,77262.52,77285.58,77246.97,77260.91,10927
1782974100,2026-07-02T12:05:00,77261.03,77271.27,77256.04,77261.65,15761
1782974160,2026-07-02T12:06:00,77261.65,77278.07,77257.56,77277.22,8323
1782974220,2026-07-02T12:07:00,77272.68,77273.28,77242.8,77269.43,17916
1782974280,2026-07-02T12:08:00,77269.77,77280.56,77262.23,77269.81,35277
1782974340,2026-07-02T12:09:00,77270.81,77272.35,77244.84,77255.58,40501
1782974400,2026-07-02T12:10:00,77255.58,77281.29,77255.45,77268.85,19693
1782974460,2026-07-02T12:11:00,77270.21,77280.92,77252.3,77266.19,16639
1782974520,2026-07-02T12:12:00,77262.99,77276.39,77247.9,77252.64,11477
1782974580,2026-07-02T12:13:00,77252.55,77293.98,77243.05,77285.23,30860
1782974640,2026-07-02T12:14:00,77284.82,77290.77,77254.04,77274.36,25132
1782974700,2026-07-02T12:15:00,77270.25,77295.36,77262.26,77282.7,38207
1782974760,2026-07-02T12:16:00,77285.58,77291.96,77255.75,77268.1,29392
1782974820,2026-07-02T12:17:00,77269.23,77311.73,77258.0,77286.04,14147
1782974880,2026-07-02T12:18:00,77285.27,77329.18,77282.94,77329.18,17423
1782974940,2026-07-02T12:19:00,77326.54,77335.55,77322.94,77330.48,13407
1782975000,2026-07-02T12:20:00,77327.46,77327.46,77308.26,77316.78,19066
1782975060,2026-07-02T12:21:00,77316.9,77325.39,77304.3,77316.11,16452
1782975120,2026-07-02T12:22:00,77317.52,77320.56,77301.37,77316.5,11548
1782975180,2026-07-02T12:23:00,77316.5,77327.89,77309.34,77316.25,8273
1782975240,2026-07-02T12:24:00,77317.43,77351.34,77310.91,77337.37,23083
1782975300,2026-07-02T12:25:00,77336.26,77336.26,77294.58,77307.27,39146
1782975360,2026-07-02T12:26:00,77296.39,77331.88,77294.59,77326.27,16110
1782975420,2026-07-02T12:27:00,77334.2,77347.92,77313.57,77324.9,9377
1782975480,2026-07-02T12:28:00,77324.81,77352.13,77319.63,77345.37,11225
1782975540,2026-07-02T12:29:00,77348.38,77348.38,77326.42,77345.47,14740
1782975600,2026-07-02T12:30:00,77347.29,77347.44,77327.19,77334.32,13271
1782975660,2026-07-02T12:31:00,77331.64,77336.92,77318.98,77326.95,16774
1782975720,2026-07-02T12:32:00,77326.95,77328.23,77305.71,77310.0,19480
1782975780,2026-07-02T12:33:00,77310.17,77313.66,77298.61,77301.43,9737
1782975840,2026-07-02T12:34:00,77301.43,77310.04,77300.94,77307.01,11349
1782975900,2026-07-02T12:35:00,77308.44,77335.28,77301.81,77325.26,29086
1782975960,2026-07-02T12:36:00,77324.62,77334.26,77308.39,77308.57,25090
1782976020,2026-07-02T12:37:00,77308.22,77318.21,77297.07,77298.61,15725
1782976080,2026-07-02T12:38:00,77299.15,77346.49,77288.55,77346.49,43721
1782976140,2026-07-02T12:39:00,77350.85,77365.14,77337.11,77343.36,179635
1782976200,2026-07-02T12:40:00,77346.43,77350.16,77318.94,77330.97,46983
1782976260,2026-07-02T12:41:00,77328.79,77373.65,77323.65,77373.29,62561
1782976320,2026-07-02T12:42:00,77373.58,77373.58,77342.54,77344.67,33368
1782976380,2026-07-02T12:43:00,77346.44,77346.44,77301.1,77302.01,34522
1782976440,2026-07-02T12:44:00,77304.39,77329.03,77296.56,77321.65,25874
1782976500,2026-07-02T12:45:00,77318.71,77330.45,77295.28,77330.45,16034
1782976560,2026-07-02T12:46:00,77332.36,77347.71,77323.95,77347.71,14359
1782976620,2026-07-02T12:47:00,77347.89,77351.6,77311.72,77324.5,25097
1782976680,2026-07-02T12:48:00,77325.19,77336.01,77325.19,77328.65,36497
1782976740,2026-07-02T12:49:00,77328.28,77346.44,77325.78,77346.44,30126
1782976800,2026-07-02T12:50:00,77341.82,77350.49,77329.59,77350.49,19489
1782976860,2026-07-02T12:51:00,77350.1,77355.83,77316.74,77320.29,21743
1782976920,2026-07-02T12:52:00,77320.68,77328.06,77314.22,77324.88,11097
1782976980,2026-07-02T12:53:00,77324.88,77329.22,77316.07,77317.0,12149
1782977040,2026-07-02T12:54:00,77317.34,77333.06,77309.29,77326.4,10060
1782977100,2026-07-02T12:55:00,77323.37,77324.85,77306.7,77306.7,7307
1782977160,2026-07-02T12:56:00,77309.55,77324.94,77304.38,77314.02,25454
1782977220,2026-07-02T12:57:00,77316.53,77316.53,77301.59,77306.85,18749
1782977280,2026-07-02T12:58:00,77308.27,77312.76,77301.02,77302.96,18779
1782977340,2026-07-02T12:59:00,77302.55,77306.87,77292.52,77306.87,35943
1782977400,2026-07-02T13:00:00,77305.17,77310.39,77293.31,77310.39,18937
1782977460,2026-07-02T13:01:00,77313.38,77340.15,77301.2,77323.03,43500
1782977520,2026-07-02T13:02:00,77325.76,77356.65,77325.41,77335.49,13207
1782977580,2026-07-02T13:03:00,77332.24,77347.75,77309.06,77346.71,15724
1782977640,2026-07-02T13:04:00,77349.82,77358.76,77327.97,77334.93,12849
1782977700,2026-07-02T13:05:00,77331.28,77358.22,77325.44,77338.97,9963
1782977760,2026-07-02T13:06:00,77337.73,77394.94,77337.7,77374.61,28894
1782977820,2026-07-02T13:07:00,77367.76,77386.11,77361.35,77381.18,16307
1782977880,2026-07-02T13:08:00,77379.89,77390.32,77352.9,77387.85,9387
1782977940,2026-07-02T13:09:00,77389.51,77392.4,77370.88,77378.33,14472
1782978000,2026-07-02T13:10:00,77376.74,77377.22,77357.33,77368.88,17080
1782978060,2026-07-02T13:11:00,77369.74,77382.57,77361.82,77376.51,54154
1782978120,2026-07-02T13:12:00,77377.68,77391.71,77369.12,77378.44,20128
1782978180,2026-07-02T13:13:00,77377.03,77394.33,77352.61,77352.61,36215
1782978240,2026-07-02T13:14:00,77378.06,77389.69,77353.68,77359.97,20063
1782978300,2026-07-02T13:15:00,77362.7,77407.18,77361.47,77407.18,12548
1782978360,2026-07-02T13:16:00,77409.05,77414.88,77381.38,77382.29,18467
1782978420,2026-07-02T13:17:00,77379.2,77409.95,77371.66,77379.52,23522
1782978480,2026-07-02T13:18:00,77383.64,77411.43,77367.65,77377.51,39900
1782978540,2026-07-02T13:19:00,77373.5,77420.65,77372.49,77419.85,51049
1782978600,2026-07-02T13:20:00,77415.23,77415.43,77365.3,77369.01,12707
1782978660,2026-07-02T13:21:00,77375.73,77396.33,77341.15,77370.71,54110
1782978720,2026-07-02T13:22:00,77372.67,77432.43,77366.99,77376.21,107263
1782978780,2026-07-02T13:23:00,77380.63,77413.39,77373.79,77403.37,16693
1782978840,2026-07-02T13:24:00,77403.37,77410.79,77391.97,77410.79,15909
1782978900,2026-07-02T13:25:00,77410.83,77417.49,77351.72,77357.89,82750
1782978960,2026-07-02T13:26:00,77360.47,77417.34,77360.47,77368.61,31899
1782979020,2026-07-02T13:27:00,77366.04,77410.72,77363.06,77399.21,22228
1782979080,2026-07-02T13:28:00,77398.11,77403.63,77374.76,77393.64,60132
1782979140,2026-07-02T13:29:00,77395.18,77395.33,77377.0,77385.88,10999
1782979200,2026-07-02T13:30:00,77386.04,77386.04,77345.63,77364.59,13181
1782979260,2026-07-02T13:31:00,77370.97,77386.81,77355.06,77363.65,9603
1782979320,2026-07-02T13:32:00,77364.75,77388.77,77354.8,77379.7,29097
1782979380,2026-07-02T13:33:00,77372.58,77380.3,77369.5,77378.97,49441
1782979440,2026-07-02T13:34:00,77379.12,77387.73,77376.38,77379.69,6838
1782979500,2026-07-02T13:35:00,77379.18,77402.16,77371.74,77395.92,14728
1782979560,2026-07-02T13:36:00,77395.34,77397.95,77365.43,77365.52,72796
1782979620,2026-07-02T13:37:00,77366.45,77371.76,77319.76,77331.39,25381
1782979680,2026-07-02T13:38:00,77329.99,77352.43,77318.83,77335.33,22711
1782979740,2026-07-02T13:39:00,77335.33,77370.15,77335.33,77365.96,7990
1782979800,2026-07-02T13:40:00,77369.96,77380.7,77344.19,77371.3,18935
1782979860,2026-07-02T13:41:00,77370.34,77374.17,77336.11,77360.59,21343
1782979920,2026-07-02T13:42:00,77360.42,77382.03,77350.5,77366.48,26219
1782979980,2026-07-02T13:43:00,77362.82,77362.82,77342.69,77348.05,19048
1782980040,2026-07-02T13:44:00,77335.16,77356.75,77324.88,77340.27,21471
1782980100,2026-07-02T13:45:00,77335.56,77349.75,77315.88,77333.03,28905
1782980160,2026-07-02T13:46:00,77332.95,77350.46,77332.93,77340.01,17794
1782980220,2026-07-02T13:47:00,77341.44,77341.61,77325.25,77336.03,9904
1782980280,2026-07-02T13:48:00,77335.82,77340.44,77323.58,77335.69,39832
1782980340,2026-07-02T13:49:00,77338.47,77346.23,77326.69,77334.43,16612
1782980400,2026-07-02T13:50:00,77331.46,77360.41,77327.26,77360.41,27909
1782980460,2026-07-02T13:51:00,77362.04,77365.18,77344.78,77345.83,14358
1782980520,2026-07-02T13:52:00,77346.48,77353.19,77340.96,77353.19,20442
1782980580,2026-07-02T13:53:00,77353.63,77357.4,77340.47,77341.77,10242
1782980640,2026-07-02T13:54:00,77339.99,77352.55,77330.54,77330.54,19891
1782980700,2026-07-02T13:55:00,77334.86,77359.67,77334.02,77337.6,21429
1782980760,2026-07-02T13:56:00,77339.74,77344.95,77321.99,77337.86,19541
1782980820,2026-07-02T13:57:00,77334.14,77352.45,77328.23,77349.59,16503
1782980880,2026-07-02T13:58:00,77350.21,77354.48,77315.18,77315.18,19575
1782980940,2026-07-02T13:59:00,77314.77,77320.97,77305.14,77320.97,25474
1782981000,2026-07-02T14:00:00,77322.36,77335.48,77321.54,77335.48,21811
1782981060,2026-07-02T14:01:00,77335.06,77343.68,77330.01,77342.16,7930
1782981120,2026-07-02T14:02:00,77338.48,77354.08,77338.48,77354.08,7176
1782981180,2026-07-02T14:03:00,77353.83,77353.86,77335.9,77351.74,13926
1782981240,2026-07-02T14:04:00,77353.29,77354.79,77340.45,77344.61,11604
1782981300,2026-07-02T14:05:00,77343.71,77358.73,77342.31,77355.52,14785
1782981360,2026-07-02T14:06:00,77357.55,77357.55,77325.56,77326.55,9336
1782981420,2026-07-02T14:07:00,77327.82,77368.69,77322.65,77342.96,15674
1782981480,2026-07-02T14:08:00,77344.41,77352.26,77336.67,77338.26,7315
1782981540,2026-07-02T14:09:00,77337.22,77345.82,77330.71,77336.61,14358
1782981600,2026-07-02T14:10:00,77336.06,77351.99,77330.87,77335.98,11989
1782981660,2026-07-02T14:11:00,77339.84,77346.83,77333.76,77344.02,9354
1782981720,2026-07-02T14:12:00,77341.45,77349.7,77329.11,77349.7,9994
1782981780,2026-07-02T14:13:00,77349.7,77355.26,77337.13,77346.23,7116
1782981840,2026-07-02T14:14:00,77343.68,77349.47,77317.57,77348.78,20977
1782981900,2026-07-02T14:15:00,77349.14,77353.38,77318.8,77325.58,29399
1782981960,2026-07-02T14:16:00,77325.58,77359.27,77322.77,77332.86,869319
1782982020,2026-07-02T14:17:00,77333.09,77339.77,77296.97,77332.47,48650
1782982080,2026-07-02T14:18:00,77327.08,77356.76,77311.79,77314.19,54322
1782982140,2026-07-02T14:19:00,77311.37,77338.47,77303.94,77320.97,28131
1782982200,2026-07-02T14:20:00,77324.05,77340.36,77315.62,77329.57,15430
1782982260,2026-07-02T14:21:00,77331.82,77369.79,77322.86,77364.61,31008
1782982320,2026-07-02T14:22:00,77364.38,77372.64,77350.18,77372.64,17955
1782982380,2026-07-02T14:23:00,77371.3,77412.25,77368.35,77408.81,13842
1782982440,2026-07-02T14:24:00,77406.44,77413.19,77391.35,77399.11,38952
1782982500,2026-07-02T14:25:00,77399.11,77400.41,77361.2,77374.32,9009
1782982560,2026-07-02T14:26:00,77377.19,77377.41,77360.07,77363.39,9633
1782982620,2026-07-02T14:27:00,77360.25,77360.25,77337.99,77350.02,13007
1782982680,2026-07-02T14:28:00,77353.35,77358.54,77338.4,77346.61,12699
1782982740,2026-07-02T14:29:00,77344.86,77364.35,77343.34,77359.81,12281
1782982800,2026-07-02T14:30:00,77357.89,77384.23,77348.78,77382.42,19767
1782982860,2026-07-02T14:31:00,77382.42,77396.18,77367.79,77370.7,10082
1782982920,2026-07-02T14:32:00,77371.15,77410.74,77371.15,77409.06,109058
1782982980,2026-07-02T14:33:00,77411.79,77416.87,77404.49,77416.87,11025
1782983040,2026-07-02T14:34:00,77417.4,77417.4,77401.94,77410.76,30183
1782983100,2026-07-02T14:35:00,77409.51,77417.46,77401.25,77408.06,20229
1782983160,2026-07-02T14:36:00,77413.21,77427.38,77408.48,77423.66,9575
1782983220,2026-07-02T14:37:00,77423.09,77437.45,77421.17,77436.29,34484
1782983280,2026-07-02T14:38:00,77440.13,77467.57,77436.83,77466.8,53300
1782983340,2026-07-02T14:39:00,77468.55,77485.67,77461.46,77476.96,27881
1782983400,2026-07-02T14:40:00,77475.81,77505.21,77471.88,77496.46,33222
1782983460,2026-07-02T14:41:00,77496.67,77516.4,77487.03,77487.03,36872
1782983520,2026-07-02T14:42:00,77487.06,77500.15,77462.19,77464.41,53513
1782983580,2026-07-02T14:43:00,77460.59,77533.44,77460.59,77488.53,88801
1782983640,2026-07-02T14:44:00,77482.81,77511.92,77470.68,77500.18,89722
1782983700,2026-07-02T14:45:00,77496.69,77509.88,77473.19,77497.87,71901
1782983760,2026-07-02T14:46:00,77502.44,77535.71,77494.14,77512.99,44402
1782983820,2026-07-02T14:47:00,77515.06,77569.0,77510.69,77569.0,103044
1782983880,2026-07-02T14:48:00,77570.54,77578.93,77484.86,77486.46,208345
1782983940,2026-07-02T14:49:00,77492.11,77527.41,77482.75,77494.33,229963
1782984000,2026-07-02T14:50:00,77494.45,77570.57,77490.36,77521.84,462235
1782984060,2026-07-02T14:51:00,77515.87,77534.77,77509.75,77519.58,97802
1782984120,2026-07-02T14:52:00,77514.61,77539.28,77506.5,77536.43,28231
1782984180,2026-07-02T14:53:00,77535.85,77551.14,77531.17,77548.27,17095
1782984240,2026-07-02T14:54:00,77549.79,77552.94,77517.81,77530.32,53933
1782984300,2026-07-02T14:55:00,77530.42,77530.42,77493.48,77494.02,24015
1782984360,2026-07-02T14:56:00,77495.05,77519.14,77491.42,77515.45,67083
1782984420,2026-07-02T14:57:00,77514.64,77519.16,77497.55,77507.92,45557
1782984480,2026-07-02T14:58:00,77503.66,77521.7,77494.34,77521.7,78130
1782984540,2026-07-02T14:59:00,77532.28,77554.55,77532.28,77545.02,88998
1782984600,2026-07-02T15:00:00,77546.48,77556.76,77499.71,77500.87,72723
1782984660,2026-07-02T15:01:00,77498.69,77502.9,77472.49,77476.41,60445
1782984720,2026-07-02T15:02:00,77480.04,77511.95,77475.55,77495.3,203851
1782984780,2026-07-02T15:03:00,77494.12,77500.85,77453.61,77500.85,399052
1782984840,2026-07-02T15:04:00,77503.29,77541.98,77491.59,77494.43,1139122
1782984900,2026-07-02T15:05:00,77487.26,77498.25,77463.52,77494.68,82435
1782984960,2026-07-02T15:06:00,77503.21,77517.32,77493.76,77515.52,56040
1782985020,2026-07-02T15:07:00,77514.84,77515.65,77457.74,77479.27,831121
1782985080,2026-07-02T15:08:00,77479.24,77545.89,77476.49,77524.11,448151
1782985140,2026-07-02T15:09:00,77523.06,77540.96,77507.32,77508.18,69039
1782985200,2026-07-02T15:10:00,77503.79,77508.21,77442.07,77464.06,707991
1782985260,2026-07-02T15:11:00,77461.49,77528.43,77457.25,77524.58,476796
1782985320,2026-07-02T15:12:00,77532.9,77536.56,77475.55,77505.75,434655
1782985380,2026-07-02T15:13:00,77504.18,77506.99,77475.72,77475.94,45183
1782985440,2026-07-02T15:14:00,77483.82,77508.49,77474.7,77476.15,44870
1782985500,2026-07-02T15:15:00,77478.53,77497.99,77469.66,77478.62,52131
1782985560,2026-07-02T15:16:00,77474.74,77514.83,77474.74,77514.81,45153
1782985620,2026-07-02T15:17:00,77514.66,77514.66,77475.2,77484.97,28823
1782985680,2026-07-02T15:18:00,77483.33,77489.97,77467.02,77471.51,70784
1782985740,2026-07-02T15:19:00,77471.45,77476.34,77419.72,77419.72,70686
1782985800,2026-07-02T15:20:00,77429.82,77472.9,77420.43,77472.9,242365
1782985860,2026-07-02T15:21:00,77472.98,77477.41,77440.37,77447.59,230201
1782985920,2026-07-02T15:22:00,77447.67,77449.06,77430.03,77438.07,59053
1782985980,2026-07-02T15:23:00,77438.18,77451.36,77425.97,77451.36,71700
1782986040,2026-07-02T15:24:00,77450.75,77461.7,77440.23,77455.8,500720
1782986100,2026-07-02T15:25:00,77462.39,77462.39,77434.12,77438.4,75308
1782986160,2026-07-02T15:26:00,77441.26,77467.17,77439.02,77467.17,133112
1782986220,2026-07-02T15:27:00,77464.04,77464.04,77446.45,77460.49,168829
1782986280,2026-07-02T15:28:00,77458.0,77487.07,77458.0,77472.07,112738
1782986340,2026-07-02T15:29:00,77469.81,77480.52,77444.87,77449.86,70734
1783050300,2026-07-03T09:15:00,78152.34,78157.52,77937.09,77955.11,442825
1783050360,2026-07-03T09:16:00,77959.6,77972.35,77909.99,77937.33,212461
1783050420,2026-07-03T09:17:00,77934.84,77946.48,77910.2,77918.28,222618
1783050480,2026-07-03T09:18:00,77913.93,77933.14,77870.82,77881.52,221812
1783050540,2026-07-03T09:19:00,77874.78,77897.38,77854.83,77885.22,126131
1783050600,2026-07-03T09:20:00,77887.33,77929.1,77869.57,77919.78,135505
1783050660,2026-07-03T09:21:00,77922.86,77963.14,77916.31,77963.14,129634
1783050720,2026-07-03T09:22:00,77968.09,78002.29,77968.09,77994.64,92452
1783050780,2026-07-03T09:23:00,77994.11,78022.19,77980.49,78003.01,115058
1783050840,2026-07-03T09:24:00,78001.55,78011.3,77976.39,78009.37,95131
1783050900,2026-07-03T09:25:00,78006.56,78046.95,77999.98,78042.51,127845
1783050960,2026-07-03T09:26:00,78043.4,78064.3,78031.81,78045.29,57208
1783051020,2026-07-03T09:27:00,78042.52,78069.01,78030.67,78046.05,121287
1783051080,2026-07-03T09:28:00,78046.75,78062.05,78031.65,78053.68,69631
1783051140,2026-07-03T09:29:00,78050.97,78058.62,78039.96,78052.33,63407
1783051200,2026-07-03T09:30:00,78053.95,78075.64,78043.82,78062.86,90301
1783051260,2026-07-03T09:31:00,78055.95,78082.92,78054.66,78073.01,68065
1783051320,2026-07-03T09:32:00,78070.2,78088.95,78068.3,78086.38,63060
1783051380,2026-07-03T09:33:00,78090.44,78094.9,78070.4,78072.76,81983
1783051440,2026-07-03T09:34:00,78079.71,78079.71,78052.0,78065.57,91554
1783051500,2026-07-03T09:35:00,78066.24,78077.15,78030.0,78037.14,72440
1783051560,2026-07-03T09:36:00,78037.57,78060.91,78036.32,78060.91,49018
1783051620,2026-07-03T09:37:00,78059.49,78069.55,78041.11,78049.98,84086
1783051680,2026-07-03T09:38:00,78052.78,78071.12,78041.03,78068.88,46983
1783051740,2026-07-03T09:39:00,78071.03,78085.58,78059.77,78069.99,56086
1783051800,2026-07-03T09:40:00,78073.87,78073.87,78051.11,78057.31,55359
1783051860,2026-07-03T09:41:00,78058.49,78059.81,78029.29,78032.79,45039
1783051920,2026-07-03T09:42:00,78029.71,78049.02,78029.71,78043.32,100123
1783051980,2026-07-03T09:43:00,78045.01,78045.01,78009.84,78009.84,81298
1783052040,2026-07-03T09:44:00,78003.06,78006.3,77968.6,77981.21,58032
1783052100,2026-07-03T09:45:00,77979.78,77992.16,77962.6,77977.93,68265
1783052160,2026-07-03T09:46:00,77976.22,77994.1,77975.67,77976.37,48979
1783052220,2026-07-03T09:47:00,77976.01,77980.59,77955.19,77959.19,56856
1783052280,2026-07-03T09:48:00,77953.62,77963.76,77941.25,77942.06,69745
1783052340,2026-07-03T09:49:00,77943.36,77971.91,77943.36,77960.07,53469
1783052400,2026-07-03T09:50:00,77959.49,77983.68,77954.7,77977.58,56535
1783052460,2026-07-03T09:51:00,77981.3,78007.21,77967.31,78006.99,89480
1783052520,2026-07-03T09:52:00,78007.9,78007.9,77986.22,77986.65,31167
1783052580,2026-07-03T09:53:00,77991.29,78003.81,77980.75,77994.23,63166
1783052640,2026-07-03T09:54:00,77991.99,78005.76,77976.86,77985.06,61827
1783052700,2026-07-03T09:55:00,77983.75,77985.59,77955.61,77966.42,95740
1783052760,2026-07-03T09:56:00,77964.32,77964.74,77943.0,77961.45,40837
1783052820,2026-07-03T09:57:00,77962.67,77999.89,77957.97,77993.15,40393
1783052880,2026-07-03T09:58:00,77996.55,77999.07,77979.26,77981.6,47389
1783052940,2026-07-03T09:59:00,77975.94,77987.56,77974.49,77975.2,49685
1783053000,2026-07-03T10:00:00,77974.32,78003.4,77974.19,78001.8,38386
1783053060,2026-07-03T10:01:00,77996.28,78001.44,77981.83,77989.13,53932
1783053120,2026-07-03T10:02:00,77988.91,77996.34,77965.27,77968.58,50300
1783053180,2026-07-03T10:03:00,77962.9,77965.76,77954.05,77964.94,33878
1783053240,2026-07-03T10:04:00,77963.86,77963.86,77910.09,77916.44,37997
1783053300,2026-07-03T10:05:00,77917.75,77945.53,77905.03,77926.25,31852
1783053360,2026-07-03T10:06:00,77925.27,77954.44,77925.27,77952.27,106155
1783053420,2026-07-03T10:07:00,77950.55,78003.7,77950.55,78002.14,49651
1783053480,2026-07-03T10:08:00,78004.53,78011.07,77986.92,77990.84,53064
1783053540,2026-07-03T10:09:00,77993.13,78002.41,77990.35,77992.18,55895
1783053600,2026-07-03T10:10:00,77993.89,78002.09,77983.44,77997.7,49868
1783053660,2026-07-03T10:11:00,77997.98,78009.02,77977.85,77977.85,37001
1783053720,2026-07-03T10:12:00,77976.55,77991.42,77975.35,77980.94,578951
1783053780,2026-07-03T10:13:00,77987.29,77991.29,77963.19,77970.01,60594
1783053840,2026-07-03T10:14:00,77969.96,77978.82,77961.7,77971.06,46766
1783053900,2026-07-03T10:15:00,77972.22,77979.63,77959.57,77978.34,30348
1783053960,2026-07-03T10:16:00,77979.11,77980.03,77945.54,77946.6,40771
1783054020,2026-07-03T10:17:00,77947.93,77955.46,77927.52,77940.88,36419
1783054080,2026-07-03T10:18:00,77942.83,77971.72,77939.84,77968.28,32097
1783054140,2026-07-03T10:19:00,77966.65,77970.75,77951.44,77962.0,21527
1783054200,2026-07-03T10:20:00,77957.47,77958.28,77922.85,77928.92,72410
1783054260,2026-07-03T10:21:00,77930.3,78009.86,77925.65,77991.93,156277
1783054320,2026-07-03T10:22:00,77994.5,78009.68,77987.22,77990.72,27898
1783054380,2026-07-03T10:23:00,77992.71,78008.23,77987.64,78001.77,49740
1783054440,2026-07-03T10:24:00,78000.88,78013.01,77994.93,77999.87,178218
1783054500,2026-07-03T10:25:00,78002.76,78027.32,77998.72,78024.51,88708
1783054560,2026-07-03T10:26:00,78025.24,78032.46,78014.4,78025.22,31774
1783054620,2026-07-03T10:27:00,78022.53,78030.19,78008.24,78017.55,38865
1783054680,2026-07-03T10:28:00,78017.84,78023.31,77989.82,78004.56,30155
1783054740,2026-07-03T10:29:00,78000.47,78017.87,77994.51,78016.46,30078
1783054800,2026-07-03T10:30:00,78016.68,78035.76,78012.98,78029.29,48629
1783054860,2026-07-03T10:31:00,78026.24,78029.26,78006.14,78012.04,49100
1783054920,2026-07-03T10:32:00,78015.24,78021.44,78003.21,78010.64,19739
1783054980,2026-07-03T10:33:00,78012.22,78022.89,78001.28,78013.78,40916
1783055040,2026-07-03T10:34:00,78014.44,78022.64,78003.83,78017.59,37449
1783055100,2026-07-03T10:35:00,78020.99,78028.55,78007.08,78011.48,45402
1783055160,2026-07-03T10:36:00,78016.66,78044.93,78013.13,78039.61,31764
1783055220,2026-07-03T10:37:00,78039.15,78047.33,78033.24,78037.41,17306
1783055280,2026-07-03T10:38:00,78044.43,78047.4,78019.29,78023.0,75577
1783055340,2026-07-03T10:39:00,78020.85,78030.85,78010.88,78012.51,1300955
1783055400,2026-07-03T10:40:00,78013.23,78013.23,77997.23,78006.81,43302
1783055460,2026-07-03T10:41:00,78010.65,78015.15,77998.6,78001.5,36927
1783055520,2026-07-03T10:42:00,78003.53,78018.43,77996.53,78012.43,39195
1783055580,2026-07-03T10:43:00,78010.88,78020.49,78001.34,78006.62,35380
1783055640,2026-07-03T10:44:00,78012.85,78021.0,78005.23,78007.44,125925
1783055700,2026-07-03T10:45:00,78004.85,78024.93,78004.85,78017.49,17571
1783055760,2026-07-03T10:46:00,78019.25,78025.21,78005.7,78010.82,17603
1783055820,2026-07-03T10:47:00,78013.12,78017.08,77998.23,78010.93,37771
1783055880,2026-07-03T10:48:00,78011.4,78025.84,78008.99,78025.84,32712
1783055940,2026-07-03T10:49:00,78027.8,78037.7,78020.45,78034.15,121422
1783056000,2026-07-03T10:50:00,78034.2,78038.8,78024.89,78027.32,17992
1783056060,2026-07-03T10:51:00,78027.07,78032.26,78017.95,78019.55,22927
1783056120,2026-07-03T10:52:00,78018.53,78038.61,78018.53,78033.42,12834
1783056180,2026-07-03T10:53:00,78031.2,78034.94,78023.4,78030.77,36533
1783056240,2026-07-03T10:54:00,78031.75,78046.5,78031.0,78037.17,22610
1783056300,2026-07-03T10:55:00,78037.55,78046.0,78018.85,78027.2,38479
1783056360,2026-07-03T10:56:00,78025.52,78025.52,78007.37,78015.58,17297
1783056420,2026-07-03T10:57:00,78022.39,78029.99,78016.48,78020.82,25508
1783056480,2026-07-03T10:58:00,78023.04,78034.0,78019.91,78027.4,32318
1783056540,2026-07-03T10:59:00,78025.37,78029.39,78016.14,78019.73,33273
1783056600,2026-07-03T11:00:00,78019.26,78033.23,78004.54,78033.23,28370
1783056660,2026-07-03T11:01:00,78030.21,78037.91,78018.87,78034.76,29510
1783056720,2026-07-03T11:02:00,78034.8,78042.34,78021.93,78036.02,25188
1783056780,2026-07-03T11:03:00,78036.87,78057.75,78028.89,78057.75,46799
1783056840,2026-07-03T11:04:00,78060.1,78064.15,78035.29,78035.29,38950
1783056900,2026-07-03T11:05:00,78037.01,78050.37,78036.68,78038.75,40852
1783056960,2026-07-03T11:06:00,78034.3,78046.04,78023.22,78045.15,256193
1783057020,2026-07-03T11:07:00,78043.17,78046.01,78019.24,78022.19,39753
1783057080,2026-07-03T11:08:00,78023.65,78027.47,78013.14,78014.39,27109
1783057140,2026-07-03T11:09:00,78015.31,78016.62,77995.93,77997.51,15482
1783057200,2026-07-03T11:10:00,77997.76,78000.98,77979.45,77981.92,22128
1783057260,2026-07-03T11:11:00,77982.64,77988.49,77975.49,77976.05,24028
1783057320,2026-07-03T11:12:00,77978.81,77979.9,77964.61,77971.43,23726
1783057380,2026-07-03T11:13:00,77970.98,77978.94,77958.35,77958.35,1019246
1783057440,2026-07-03T11:14:00,77958.18,77969.95,77956.27,77960.79,24984
1783057500,2026-07-03T11:15:00,77962.0,77980.91,77958.92,77980.69,23008
1783057560,2026-07-03T11:16:00,77986.41,77994.94,77976.31,77978.29,32116
1783057620,2026-07-03T11:17:00,77978.81,77978.81,77965.33,77971.72,37529
1783057680,2026-07-03T11:18:00,77971.41,77979.42,77964.19,77970.7,143625
1783057740,2026-07-03T11:19:00,77972.83,77980.95,77966.47,77971.18,96880
1783057800,2026-07-03T11:20:00,77973.25,77991.6,77973.25,77978.71,47818
1783057860,2026-07-03T11:21:00,77978.01,77979.52,77960.55,77975.07,24970
1783057920,2026-07-03T11:22:00,77974.08,77974.08,77951.12,77953.85,15375
1783057980,2026-07-03T11:23:00,77953.85,77958.69,77946.5,77952.46,100369
1783058040,2026-07-03T11:24:00,77954.08,77959.25,77945.37,77953.77,26154
1783058100,2026-07-03T11:25:00,77955.37,77963.67,77951.1,77963.67,116270
1783058160,2026-07-03T11:26:00,77968.0,77980.41,77966.89,77976.26,116403
1783058220,2026-07-03T11:27:00,77976.01,77982.45,77967.28,77967.28,15473
1783058280,2026-07-03T11:28:00,77975.54,77982.64,77968.68,77973.77,35955
1783058340,2026-07-03T11:29:00,77971.74,77981.11,77967.76,77979.18,73651
1783058400,2026-07-03T11:30:00,77980.02,77997.46,77980.02,77987.67,22569
1783058460,2026-07-03T11:31:00,77986.21,77991.16,77964.27,77967.52,27799
1783058520,2026-07-03T11:32:00,77964.83,77969.53,77960.1,77967.87,29177
1783058580,2026-07-03T11:33:00,77969.82,77981.73,77959.64,77981.73,16551
1783058640,2026-07-03T11:34:00,77982.78,77987.47,77973.72,77975.73,23715
1783058700,2026-07-03T11:35:00,77974.33,77981.4,77958.28,77962.57,21887
1783058760,2026-07-03T11:36:00,77960.55,77976.13,77960.55,77974.12,13429
1783058820,2026-07-03T11:37:00,77974.23,77985.78,77963.33,77984.8,14570
1783058880,2026-07-03T11:38:00,77984.22,77993.23,77978.58,77987.19,23822
1783058940,2026-07-03T11:39:00,77985.69,77999.91,77982.13,77999.53,36868
1783059000,2026-07-03T11:40:00,77998.04,78012.21,77998.04,78011.14,37569
1783059060,2026-07-03T11:41:00,78010.06,78033.37,78009.69,78025.85,22068
1783059120,2026-07-03T11:42:00,78023.33,78027.53,78013.11,78023.31,44108
1783059180,2026-07-03T11:43:00,78024.64,78031.7,78015.98,78024.64,18029
1783059240,2026-07-03T11:44:00,78024.66,78026.9,77999.35,78005.69,26862
1783059300,2026-07-03T11:45:00,78007.4,78015.23,78001.53,78015.23,27260
1783059360,2026-07-03T11:46:00,78015.99,78029.23,78010.92,78029.23,18499
1783059420,2026-07-03T11:47:00,78028.63,78034.75,78023.57,78029.67,11296
1783059480,2026-07-03T11:48:00,78028.68,78029.55,78011.34,78014.44,11411
1783059540,2026-07-03T11:49:00,78013.84,78019.98,78009.19,78019.98,20815
1783059600,2026-07-03T11:50:00,78020.86,78025.88,78010.44,78025.88,21318
1783059660,2026-07-03T11:51:00,78026.05,78033.42,78017.04,78020.02,22999
1783059720,2026-07-03T11:52:00,78020.67,78043.48,78019.79,78039.45,22480
1783059780,2026-07-03T11:53:00,78036.64,78045.29,78029.33,78042.21,22469
1783059840,2026-07-03T11:54:00,78045.25,78047.53,78030.08,78036.18,28283
1783059900,2026-07-03T11:55:00,78035.72,78049.99,78032.98,78046.48,46825
1783059960,2026-07-03T11:56:00,78045.28,78045.28,78034.33,78040.89,30793
1783060020,2026-07-03T11:57:00,78039.9,78048.99,78034.26,78046.31,27376
1783060080,2026-07-03T11:58:00,78041.26,78045.38,78029.18,78041.26,24800
1783060140,2026-07-03T11:59:00,78043.25,78061.58,78033.87,78061.58,19880
1783060200,2026-07-03T12:00:00,78060.73,78066.41,78050.2,78062.12,18968
1783060260,2026-07-03T12:01:00,78066.37,78071.31,78049.64,78050.27,17038
1783060320,2026-07-03T12:02:00,78048.09,78058.33,78040.03,78055.15,18514
1783060380,2026-07-03T12:03:00,78058.36,78060.08,78048.33,78051.08,30400
1783060440,2026-07-03T12:04:00,78056.22,78065.04,78044.95,78059.52,19012
1783060500,2026-07-03T12:05:00,78059.82,78066.17,78052.32,78066.17,26931
1783060560,2026-07-03T12:06:00,78066.04,78075.15,78060.88,78071.67,118001
1783060620,2026-07-03T12:07:00,78068.92,78092.83,78068.92,78090.24,32653
1783060680,2026-07-03T12:08:00,78090.09,78106.91,78090.09,78093.47,48314
1783060740,2026-07-03T12:09:00,78094.56,78099.76,78074.59,78084.7,22487
1783060800,2026-07-03T12:10:00,78085.28,78089.42,78068.62,78075.48,27849
1783060860,2026-07-03T12:11:00,78076.0,78085.19,78067.53,78079.2,19244
1783060920,2026-07-03T12:12:00,78080.75,78089.35,78076.41,78086.72,34393
1783060980,2026-07-03T12:13:00,78087.13,78114.63,78081.46,78106.28,74894
1783061040,2026-07-03T12:14:00,78103.22,78106.89,78088.95,78100.44,35004
1783061100,2026-07-03T12:15:00,78098.39,78103.16,78090.32,78097.59,314517
1783061160,2026-07-03T12:16:00,78097.59,78099.39,78079.18,78082.32,23737
1783061220,2026-07-03T12:17:00,78082.32,78088.23,78070.04,78077.18,40281
1783061280,2026-07-03T12:18:00,78078.76,78089.92,78074.79,78084.69,11487
1783061340,2026-07-03T12:19:00,78086.37,78104.21,78085.67,78092.4,29122
1783061400,2026-07-03T12:20:00,78096.36,78103.52,78088.68,78095.8,24080
1783061460,2026-07-03T12:21:00,78096.21,78098.95,78072.21,78072.21,26385
1783061520,2026-07-03T12:22:00,78076.97,78081.61,78063.43,78069.24,37690
1783061580,2026-07-03T12:23:00,78068.81,78068.85,78056.75,78066.54,19177
1783061640,2026-07-03T12:24:00,78065.75,78075.91,78062.1,78074.33,33600
1783061700,2026-07-03T12:25:00,78071.02,78081.5,78068.08,78077.5,29248
1783061760,2026-07-03T12:26:00,78076.45,78097.25,78074.96,78075.94,42871
1783061820,2026-07-03T12:27:00,78076.86,78090.44,78074.47,78089.52,60724
1783061880,2026-07-03T12:28:00,78088.98,78090.18,78065.79,78065.79,17739
1783061940,2026-07-03T12:29:00,78066.97,78078.5,78053.11,78077.87,15234
1783062000,2026-07-03T12:30:00,78077.59,78081.23,78067.46,78072.14,18418
1783062060,2026-07-03T12:31:00,78072.36,78080.39,78068.63,78074.28,23198
1783062120,2026-07-03T12:32:00,78073.14,78073.41,78058.92,78059.37,26758
1783062180,2026-07-03T12:33:00,78059.54,78061.3,78039.87,78046.39,16345
1783062240,2026-07-03T12:34:00,78047.99,78058.83,78046.61,78046.89,18217
1783062300,2026-07-03T12:35:00,78048.49,78059.59,78044.24,78052.74,16582
1783062360,2026-07-03T12:36:00,78053.38,78054.57,78038.77,78046.29,166847
1783062420,2026-07-03T12:37:00,78044.01,78070.68,78039.74,78070.68,18061
1783062480,2026-07-03T12:38:00,78068.81,78068.81,78034.91,78036.25,38863
1783062540,2026-07-03T12:39:00,78037.88,78053.03,78033.62,78041.49,47752
1783062600,2026-07-03T12:40:00,78041.95,78053.46,78038.13,78043.42,18085
1783062660,2026-07-03T12:41:00,78043.47,78053.91,78030.44,78040.82,15576
1783062720,2026-07-03T12:42:00,78039.89,78040.68,78022.72,78027.74,14111
1783062780,2026-07-03T12:43:00,78024.42,78030.49,78019.18,78024.11,16637
1783062840,2026-07-03T12:44:00,78023.15,78026.07,78015.37,78022.57,35775
1783062900,2026-07-03T12:45:00,78023.64,78032.32,78014.44,78028.21,21011
1783062960,2026-07-03T12:46:00,78027.3,78046.59,78019.32,78046.59,21096
1783063020,2026-07-03T12:47:00,78044.97,78051.85,78027.22,78039.19,19647
1783063080,2026-07-03T12:48:00,78038.34,78042.38,78026.24,78042.38,14088
1783063140,2026-07-03T12:49:00,78043.8,78047.5,78032.87,78041.65,18976
1783063200,2026-07-03T12:50:00,78046.19,78064.67,78046.0,78061.27,17166
1783063260,2026-07-03T12:51:00,78065.86,78066.13,78054.05,78056.84,28522
1783063320,2026-07-03T12:52:00,78060.83,78061.64,78046.67,78049.92,11019
1783063380,2026-07-03T12:53:00,78050.27,78051.93,78034.14,78040.26,10068
1783063440,2026-07-03T12:54:00,78042.44,78047.66,78033.97,78041.25,17078
1783063500,2026-07-03T12:55:00,78041.21,78050.2,78033.82,78048.17,15262
1783063560,2026-07-03T12:56:00,78045.1,78062.31,78042.87,78049.76,27417
1783063620,2026-07-03T12:57:00,78051.51,78058.21,78043.36,78043.36,21591
1783063680,2026-07-03T12:58:00,78043.88,78043.88,78029.05,78029.45,14091
1783063740,2026-07-03T12:59:00,78028.44,78040.5,78028.44,78035.72,20254
1783063800,2026-07-03T13:00:00,78036.17,78043.37,78034.37,78037.21,13790
1783063860,2026-07-03T13:01:00,78037.07,78037.07,78018.92,78021.85,16216
1783063920,2026-07-03T13:02:00,78020.44,78020.61,77997.01,78001.39,15650
1783063980,2026-07-03T13:03:00,78001.51,78016.21,78001.13,78011.02,16219
1783064040,2026-07-03T13:04:00,78002.96,78008.39,77992.79,77993.03,15282
1783064100,2026-07-03T13:05:00,77992.18,77995.33,77968.44,77968.44,23536
1783064160,2026-07-03T13:06:00,77968.79,77968.79,77921.16,77925.72,47034
1783064220,2026-07-03T13:07:00,77925.91,77963.1,77925.91,77950.33,73220
1783064280,2026-07-03T13:08:00,77950.74,77955.93,77929.9,77940.68,14712
1783064340,2026-07-03T13:09:00,77941.14,77942.97,77926.39,77931.24,17462
1783064400,2026-07-03T13:10:00,77929.49,77938.0,77920.54,77930.51,23333
1783064460,2026-07-03T13:11:00,77929.44,77933.64,77920.7,77925.45,26029
1783064520,2026-07-03T13:12:00,77922.03,77926.56,77905.4,77913.53,35097
1783064580,2026-07-03T13:13:00,77913.81,77935.83,77907.35,77935.4,67449
1783064640,2026-07-03T13:14:00,77932.27,77952.78,77931.25,77951.49,16524
1783064700,2026-07-03T13:15:00,77952.94,77957.23,77928.91,77930.13,40855
1783064760,2026-07-03T13:16:00,77931.15,77936.71,77922.76,77929.19,80310
1783064820,2026-07-03T13:17:00,77928.15,77933.36,77905.96,77905.96,56307
1783064880,2026-07-03T13:18:00,77904.17,77912.55,77899.4,77900.81,19738
1783064940,2026-07-03T13:19:00,77900.6,77924.45,77899.58,77914.3,33545
1783065000,2026-07-03T13:20:00,77912.94,77926.6,77912.94,77918.54,22928
1783065060,2026-07-03T13:21:00,77920.57,77931.52,77908.45,77923.12,25856
1783065120,2026-07-03T13:22:00,77921.36,77921.36,77910.47,77911.39,16765
1783065180,2026-07-03T13:23:00,77912.62,77922.44,77907.58,77907.58,16494
1783065240,2026-07-03T13:24:00,77913.8,77915.47,77892.04,77900.16,26200
1783065300,2026-07-03T13:25:00,77900.01,77900.82,77886.76,77888.05,21394
1783065360,2026-07-03T13:26:00,77887.71,77892.18,77879.85,77886.51,30809
1783065420,2026-07-03T13:27:00,77886.51,77888.46,77878.33,77880.78,33403
1783065480,2026-07-03T13:28:00,77881.0,77881.0,77866.4,77872.17,29308
1783065540,2026-07-03T13:29:00,77876.37,77878.02,77865.74,77876.03,7677
1783065600,2026-07-03T13:30:00,77876.39,77879.7,77870.03,77874.36,19269
1783065660,2026-07-03T13:31:00,77873.03,77874.95,77864.04,77868.82,40694
1783065720,2026-07-03T13:32:00,77868.79,77871.35,77848.46,77855.6,46102
1783065780,2026-07-03T13:33:00,77856.04,77856.04,77819.93,77826.66,22757
1783065840,2026-07-03T13:34:00,77831.28,77833.94,77817.1,77833.94,19839
1783065900,2026-07-03T13:35:00,77833.68,77836.02,77806.81,77806.81,16699
1783065960,2026-07-03T13:36:00,77806.18,77807.88,77782.26,77785.47,28952
1783066020,2026-07-03T13:37:00,77785.2,77811.76,77780.04,77811.76,28274
1783066080,2026-07-03T13:38:00,77815.37,77822.24,77815.37,77818.58,37423
1783066140,2026-07-03T13:39:00,77819.59,77835.35,77814.46,77829.98,24837
1783066200,2026-07-03T13:40:00,77828.35,77853.03,77821.44,77846.97,17506
1783066260,2026-07-03T13:41:00,77847.25,77852.62,77844.27,77851.04,43785
1783066320,2026-07-03T13:42:00,77851.45,77851.45,77827.57,77830.33,14725
1783066380,2026-07-03T13:43:00,77829.55,77833.91,77824.49,77833.14,11641
1783066440,2026-07-03T13:44:00,77835.51,77841.21,77823.82,77833.6,14764
1783066500,2026-07-03T13:45:00,77833.97,77833.97,77809.6,77819.17,22549
1783066560,2026-07-03T13:46:00,77813.44,77813.75,77798.82,77804.81,21769
1783066620,2026-07-03T13:47:00,77800.5,77811.05,77800.5,77809.3,35668
1783066680,2026-07-03T13:48:00,77807.12,77818.54,77804.93,77814.82,9410
1783066740,2026-07-03T13:49:00,77815.45,77830.55,77806.34,77830.55,35684
1783066800,2026-07-03T13:50:00,77827.24,77863.98,77827.24,77863.63,20065
1783066860,2026-07-03T13:51:00,77865.19,77865.19,77843.71,77848.93,12473
1783066920,2026-07-03T13:52:00,77849.83,77865.71,77848.91,77860.65,17671
1783066980,2026-07-03T13:53:00,77857.23,77863.72,77853.65,77858.86,8588
1783067040,2026-07-03T13:54:00,77858.01,77865.15,77853.96,77861.49,20236
1783067100,2026-07-03T13:55:00,77862.77,77862.77,77850.93,77858.02,13991
1783067160,2026-07-03T13:56:00,77856.45,77857.93,77848.83,77853.18,25529
1783067220,2026-07-03T13:57:00,77852.47,77853.29,77837.13,77839.57,14952
1783067280,2026-07-03T13:58:00,77840.23,77840.95,77831.35,77838.24,13822
1783067340,2026-07-03T13:59:00,77838.91,77843.95,77828.6,77829.97,20727
1783067400,2026-07-03T14:00:00,77830.74,77836.11,77821.65,77822.37,9953
1783067460,2026-07-03T14:01:00,77818.52,77830.5,77815.86,77825.51,2023670
1783067520,2026-07-03T14:02:00,77828.67,77842.94,77827.87,77842.94,123085
1783067580,2026-07-03T14:03:00,77846.11,77856.08,77841.29,77841.96,22595
1783067640,2026-07-03T14:04:00,77841.7,77843.86,77811.89,77816.58,37348
1783067700,2026-07-03T14:05:00,77816.74,77851.81,77815.25,77848.13,21626
1783067760,2026-07-03T14:06:00,77848.99,77868.88,77848.99,77861.8,12863
1783067820,2026-07-03T14:07:00,77860.72,77862.67,77852.22,77856.19,8714
1783067880,2026-07-03T14:08:00,77852.53,77861.67,77851.65,77852.54,18529
1783067940,2026-07-03T14:09:00,77852.06,77859.71,77846.23,77856.48,15246
1783068000,2026-07-03T14:10:00,77856.83,77861.17,77843.64,77855.06,15516
1783068060,2026-07-03T14:11:00,77855.74,77859.31,77841.54,77853.68,9688
1783068120,2026-07-03T14:12:00,77853.71,77868.52,77851.58,77867.54,16600
1783068180,2026-07-03T14:13:00,77869.23,77873.3,77842.95,77854.06,12249
1783068240,2026-07-03T14:14:00,77852.4,77857.84,77845.78,77849.46,13097
1783068300,2026-07-03T14:15:00,77847.69,77847.69,77817.77,77819.74,13070
1783068360,2026-07-03T14:16:00,77822.01,77832.62,77814.46,77831.61,35532
1783068420,2026-07-03T14:17:00,77834.42,77846.39,77833.52,77839.1,27882
1783068480,2026-07-03T14:18:00,77836.07,77842.63,77823.25,77826.39,11314
1783068540,2026-07-03T14:19:00,77825.34,77830.33,77815.23,77818.2,10193
1783068600,2026-07-03T14:20:00,77815.83,77818.74,77784.74,77794.84,46204
1783068660,2026-07-03T14:21:00,77794.84,77801.37,77789.9,77796.18,21150
1783068720,2026-07-03T14:22:00,77792.36,77800.47,77784.42,77800.47,23661
1783068780,2026-07-03T14:23:00,77800.57,77801.81,77792.14,77798.61,17702
1783068840,2026-07-03T14:24:00,77797.51,77812.11,77785.42,77803.67,22135
1783068900,2026-07-03T14:25:00,77800.82,77808.16,77795.02,77803.95,15523
1783068960,2026-07-03T14:26:00,77801.77,77802.89,77787.14,77801.51,12115
1783069020,2026-07-03T14:27:00,77799.12,77804.02,77786.68,77802.98,11101
1783069080,2026-07-03T14:28:00,77801.72,77802.66,77784.85,77794.96,15504
1783069140,2026-07-03T14:29:00,77797.39,77800.82,77787.22,77791.36,14622
1783069200,2026-07-03T14:30:00,77792.01,77802.33,77785.56,77794.86,21559
1783069260,2026-07-03T14:31:00,77791.7,77814.5,77791.7,77805.74,21436
1783069320,2026-07-03T14:32:00,77806.35,77816.17,77801.94,77812.24,22317
1783069380,2026-07-03T14:33:00,77813.92,77832.56,77801.0,77832.11,9441
1783069440,2026-07-03T14:34:00,77833.14,77840.56,77824.94,77824.94,18217
1783069500,2026-07-03T14:35:00,77824.19,77840.68,77821.78,77837.57,12414
1783069560,2026-07-03T14:36:00,77837.16,77843.3,77826.2,77827.34,14719
1783069620,2026-07-03T14:37:00,77827.0,77830.92,77801.49,77806.35,26486
1783069680,2026-07-03T14:38:00,77803.88,77819.43,77801.8,77810.58,16371
1783069740,2026-07-03T14:39:00,77810.58,77819.69,77809.25,77818.93,33469
1783069800,2026-07-03T14:40:00,77818.93,77819.07,77807.97,77813.9,68125
1783069860,2026-07-03T14:41:00,77815.2,77820.4,77800.05,77800.57,30059
1783069920,2026-07-03T14:42:00,77800.57,77804.44,77780.77,77781.49,18886
1783069980,2026-07-03T14:43:00,77780.27,77789.88,77777.76,77780.16,17582
1783070040,2026-07-03T14:44:00,77783.46,77785.42,77773.18,77779.76,19775
1783070100,2026-07-03T14:45:00,77778.94,77787.24,77765.94,77767.72,29540
1783070160,2026-07-03T14:46:00,77769.47,77771.45,77745.41,77751.07,13881
1783070220,2026-07-03T14:47:00,77752.35,77768.48,77740.79,77768.48,40609
1783070280,2026-07-03T14:48:00,77764.74,77785.43,77759.52,77784.85,17852
1783070340,2026-07-03T14:49:00,77785.34,77796.25,77777.77,77796.25,19919
1783070400,2026-07-03T14:50:00,77794.74,77799.27,77774.58,77774.58,14756
1783070460,2026-07-03T14:51:00,77774.31,77784.83,77768.43,77769.86,11987
1783070520,2026-07-03T14:52:00,77770.41,77770.41,77740.56,77743.65,23052
1783070580,2026-07-03T14:53:00,77742.64,77743.79,77730.56,77731.99,19152
1783070640,2026-07-03T14:54:00,77733.85,77743.65,77726.51,77741.11,25736
1783070700,2026-07-03T14:55:00,77738.16,77748.44,77730.23,77743.63,22549
1783070760,2026-07-03T14:56:00,77745.44,77753.71,77738.45,77738.85,14064
1783070820,2026-07-03T14:57:00,77741.88,77747.46,77732.33,77744.64,13321
1783070880,2026-07-03T14:58:00,77744.49,77744.84,77713.52,77722.42,16317
1783070940,2026-07-03T14:59:00,77723.17,77730.33,77710.01,77714.84,20005
1783071000,2026-07-03T15:00:00,77723.15,77789.94,77723.15,77761.22,48485
1783071060,2026-07-03T15:01:00,77760.62,77781.23,77757.51,77778.1,574913
1783071120,2026-07-03T15:02:00,77778.26,77803.13,77775.94,77791.49,30589
1783071180,2026-07-03T15:03:00,77791.1,77796.57,77782.83,77795.04,13351
1783071240,2026-07-03T15:04:00,77793.98,77796.77,77778.66,77780.06,27564
1783071300,2026-07-03T15:05:00,77776.19,77796.03,77775.27,77790.17,33309
1783071360,2026-07-03T15:06:00,77791.69,77808.4,77783.29,77785.69,23964
1783071420,2026-07-03T15:07:00,77785.14,77786.35,77751.43,77761.83,20337
1783071480,2026-07-03T15:08:00,77763.02,77793.97,77758.2,77793.37,25927
1783071540,2026-07-03T15:09:00,77791.03,77801.59,77780.42,77783.42,34529
1783071600,2026-07-03T15:10:00,77781.57,77798.75,77781.57,77798.75,19928
1783071660,2026-07-03T15:11:00,77796.83,77800.83,77780.49,77790.5,23894
1783071720,2026-07-03T15:12:00,77790.38,77795.8,77777.68,77778.01,23709
1783071780,2026-07-03T15:13:00,77774.14,77796.76,77774.14,77787.9,24711
1783071840,2026-07-03T15:14:00,77794.21,77794.21,77763.28,77770.31,28241
1783071900,2026-07-03T15:15:00,77769.57,77774.2,77754.31,77766.34,66047
1783071960,2026-07-03T15:16:00,77764.79,77765.52,77752.42,77758.37,42678
1783072020,2026-07-03T15:17:00,77758.51,77767.38,77750.52,77755.93,27504
1783072080,2026-07-03T15:18:00,77758.23,77766.34,77748.48,77766.34,46684
1783072140,2026-07-03T15:19:00,77767.82,77772.02,77755.46,77758.52,35384
1783072200,2026-07-03T15:20:00,77756.84,77778.88,77756.84,77769.94,178972
1783072260,2026-07-03T15:21:00,77768.74,77777.29,77763.87,77771.31,18671
1783072320,2026-07-03T15:22:00,77767.46,77773.09,77754.57,77762.44,142836
1783072380,2026-07-03T15:23:00,77763.38,77764.28,77748.25,77753.81,28918
1783072440,2026-07-03T15:24:00,77757.4,77761.57,77745.58,77759.74,63614
1783072500,2026-07-03T15:25:00,77754.1,77760.22,77743.88,77751.61,61798
1783072560,2026-07-03T15:26:00,77754.35,77757.28,77731.54,77751.21,43769
1783072620,2026-07-03T15:27:00,77748.93,77760.64,77740.94,77748.11,46096
1783072680,2026-07-03T15:28:00,77750.81,77779.04,77747.7,77761.21,32315
1783072740,2026-07-03T15:29:00,77762.1,77789.92,77756.21,77788.74,64436
1783309500,2026-07-06T09:15:00,77940.9,78005.65,77879.7,78003.82,220962
1783309560,2026-07-06T09:16:00,78010.9,78091.19,77979.87,78060.58,143010
1783309620,2026-07-06T09:17:00,78067.3,78092.21,78057.95,78067.92,130730
1783309680,2026-07-06T09:18:00,78066.73,78087.17,78046.64,78078.17,105520
1783309740,2026-07-06T09:19:00,78074.08,78083.92,78056.66,78078.17,94852
1783309800,2026-07-06T09:20:00,78076.1,78085.78,78039.82,78039.82,91737
1783309860,2026-07-06T09:21:00,78041.49,78057.98,78036.5,78050.04,81131
1783309920,2026-07-06T09:22:00,78051.65,78076.02,78031.4,78042.36,156001
1783309980,2026-07-06T09:23:00,78045.87,78057.22,78033.66,78053.91,93726
1783310040,2026-07-06T09:24:00,78052.04,78066.68,78036.18,78036.18,63900
1783310100,2026-07-06T09:25:00,78037.57,78055.89,78032.88,78054.18,101691
1783310160,2026-07-06T09:26:00,78060.26,78060.26,78018.53,78025.45,65345
1783310220,2026-07-06T09:27:00,78023.8,78042.35,78013.94,78036.28,63500
1783310280,2026-07-06T09:28:00,78044.88,78060.2,78032.98,78037.0,57985
1783310340,2026-07-06T09:29:00,78037.77,78047.07,78021.9,78030.93,107630
1783310400,2026-07-06T09:30:00,78032.18,78079.09,78032.18,78079.09,75913
1783310460,2026-07-06T09:31:00,78074.31,78081.11,78054.75,78079.76,46894
1783310520,2026-07-06T09:32:00,78083.51,78101.2,78070.97,78080.24,62919
1783310580,2026-07-06T09:33:00,78086.43,78086.43,78068.31,78073.65,63026
1783310640,2026-07-06T09:34:00,78074.34,78109.64,78074.34,78108.72,51633
1783310700,2026-07-06T09:35:00,78106.21,78153.3,78096.06,78147.92,105897
1783310760,2026-07-06T09:36:00,78143.9,78152.79,78133.15,78138.5,58276
1783310820,2026-07-06T09:37:00,78140.5,78145.97,78098.22,78102.55,98571
1783310880,2026-07-06T09:38:00,78103.41,78139.68,78096.61,78135.54,114313
1783310940,2026-07-06T09:39:00,78134.98,78134.98,78111.26,78126.29,62934
1783311000,2026-07-06T09:40:00,78122.46,78135.27,78113.76,78135.27,73321
1783311060,2026-07-06T09:41:00,78133.15,78138.95,78097.92,78111.16,46998
1783311120,2026-07-06T09:42:00,78107.21,78131.17,78107.21,78123.33,82910
1783311180,2026-07-06T09:43:00,78124.56,78129.06,78108.87,78123.25,64926
1783311240,2026-07-06T09:44:00,78116.77,78120.95,78092.9,78100.28,66909
1783311300,2026-07-06T09:45:00,78098.2,78127.63,78088.69,78125.68,51591
1783311360,2026-07-06T09:46:00,78125.03,78169.32,78124.29,78156.82,84152
1783311420,2026-07-06T09:47:00,78163.8,78182.08,78163.8,78179.97,60771
1783311480,2026-07-06T09:48:00,78169.24,78194.36,78161.35,78171.26,75351
1783311540,2026-07-06T09:49:00,78174.46,78174.46,78137.61,78144.33,40094
1783311600,2026-07-06T09:50:00,78145.97,78179.95,78145.97,78163.87,57434
1783311660,2026-07-06T09:51:00,78165.15,78177.58,78159.5,78170.79,23445
1783311720,2026-07-06T09:52:00,78172.01,78174.07,78147.4,78153.13,42966
1783311780,2026-07-06T09:53:00,78159.8,78160.7,78131.07,78138.02,26808
1783311840,2026-07-06T09:54:00,78137.23,78143.85,78126.53,78128.99,30173
1783311900,2026-07-06T09:55:00,78129.79,78153.5,78127.39,78133.91,79701
1783311960,2026-07-06T09:56:00,78133.97,78144.76,78128.04,78128.04,31735
1783312020,2026-07-06T09:57:00,78127.91,78135.44,78124.06,78127.45,21290
1783312080,2026-07-06T09:58:00,78132.74,78150.9,78124.59,78143.35,24740
1783312140,2026-07-06T09:59:00,78145.19,78152.79,78135.09,78140.92,38422
1783312200,2026-07-06T10:00:00,78145.62,78164.47,78145.62,78156.67,34287
1783312260,2026-07-06T10:01:00,78155.8,78173.12,78150.89,78162.53,27817
1783312320,2026-07-06T10:02:00,78163.09,78163.09,78123.63,78132.97,29677
1783312380,2026-07-06T10:03:00,78130.76,78148.19,78122.41,78132.54,33548
1783312440,2026-07-06T10:04:00,78138.78,78149.03,78131.94,78143.41,28058
1783312500,2026-07-06T10:05:00,78146.5,78150.25,78124.11,78125.85,31433
1783312560,2026-07-06T10:06:00,78126.15,78135.25,78107.64,78124.96,22144
1783312620,2026-07-06T10:07:00,78114.99,78132.83,78112.11,78118.42,27717
1783312680,2026-07-06T10:08:00,78116.75,78133.95,78111.46,78132.59,20064
1783312740,2026-07-06T10:09:00,78133.94,78139.8,78123.91,78136.95,37051
1783312800,2026-07-06T10:10:00,78135.35,78153.4,78116.97,78137.6,24985
1783312860,2026-07-06T10:11:00,78138.65,78147.05,78114.79,78131.47,19801
1783312920,2026-07-06T10:12:00,78132.27,78134.99,78107.0,78120.6,25971
1783312980,2026-07-06T10:13:00,78119.28,78119.28,78095.51,78095.51,22269
1783313040,2026-07-06T10:14:00,78087.15,78095.39,78073.24,78077.41,24557
1783313100,2026-07-06T10:15:00,78077.49,78129.12,78077.49,78120.71,39159
1783313160,2026-07-06T10:16:00,78111.95,78118.79,78100.45,78111.15,34858
1783313220,2026-07-06T10:17:00,78106.3,78131.79,78100.82,78121.31,27319
1783313280,2026-07-06T10:18:00,78122.01,78133.85,78120.25,78133.85,16407
1783313340,2026-07-06T10:19:00,78135.91,78157.69,78132.67,78144.55,182852
1783313400,2026-07-06T10:20:00,78145.57,78179.32,78143.3,78174.94,21050
1783313460,2026-07-06T10:21:00,78172.31,78178.62,78168.26,78175.31,41057
1783313520,2026-07-06T10:22:00,78175.88,78198.07,78173.71,78192.45,20874
1783313580,2026-07-06T10:23:00,78190.38,78193.5,78172.32,78180.95,15876
1783313640,2026-07-06T10:24:00,78175.91,78185.7,78168.58,78179.32,16136
1783313700,2026-07-06T10:25:00,78178.52,78184.36,78171.1,78180.75,17851
1783313760,2026-07-06T10:26:00,78184.61,78194.41,78174.68,78182.69,17773
1783313820,2026-07-06T10:27:00,78183.98,78215.54,78175.56,78207.13,16030
1783313880,2026-07-06T10:28:00,78206.66,78241.27,78206.66,78220.5,30276
1783313940,2026-07-06T10:29:00,78219.48,78219.48,78189.06,78205.22,3602230
1783314000,2026-07-06T10:30:00,78206.2,78226.2,78206.2,78224.64,32144
1783314060,2026-07-06T10:31:00,78219.24,78219.24,78202.38,78211.12,17557
1783314120,2026-07-06T10:32:00,78209.06,78224.56,78205.14,78213.33,31268
1783314180,2026-07-06T10:33:00,78210.86,78226.11,78209.41,78222.01,65490
1783314240,2026-07-06T10:34:00,78220.37,78226.03,78196.29,78205.29,58973
1783314300,2026-07-06T10:35:00,78203.74,78209.28,78167.38,78183.08,15169
1783314360,2026-07-06T10:36:00,78183.7,78193.11,78172.92,78174.25,22136
1783314420,2026-07-06T10:37:00,78174.16,78178.43,78158.47,78163.6,25474
1783314480,2026-07-06T10:38:00,78167.61,78182.64,78146.05,78161.54,152118
1783314540,2026-07-06T10:39:00,78161.54,78161.54,78141.1,78157.06,44975
1783314600,2026-07-06T10:40:00,78148.4,78164.85,78137.7,78161.71,41108
1783314660,2026-07-06T10:41:00,78161.75,78188.66,78154.48,78188.66,46400
1783314720,2026-07-06T10:42:00,78189.01,78193.9,78176.83,78182.75,14339
1783314780,2026-07-06T10:43:00,78183.04,78193.28,78176.86,78184.27,12727
1783314840,2026-07-06T10:44:00,78185.3,78202.86,78174.97,78202.86,22899
1783314900,2026-07-06T10:45:00,78204.68,78208.04,78192.6,78200.71,21649
1783314960,2026-07-06T10:46:00,78200.1,78215.86,78194.79,78208.81,26386
1783315020,2026-07-06T10:47:00,78209.06,78228.7,78209.06,78225.28,34713
1783315080,2026-07-06T10:48:00,78225.96,78253.11,78223.17,78243.99,36055
1783315140,2026-07-06T10:49:00,78237.8,78249.01,78232.8,78243.14,40282
1783315200,2026-07-06T10:50:00,78237.99,78278.44,78237.99,78269.47,47819
1783315260,2026-07-06T10:51:00,78265.18,78274.62,78237.72,78247.84,22096
1783315320,2026-07-06T10:52:00,78243.02,78247.85,78225.5,78238.38,32022
1783315380,2026-07-06T10:53:00,78238.38,78257.9,78234.27,78250.69,26948
1783315440,2026-07-06T10:54:00,78256.65,78259.09,78231.39,78244.53,43627
1783315500,2026-07-06T10:55:00,78240.43,78241.73,78221.21,78236.28,80255
1783315560,2026-07-06T10:56:00,78228.15,78246.84,78223.38,78246.84,22460
1783315620,2026-07-06T10:57:00,78253.35,78269.06,78245.03,78267.0,40913
1783315680,2026-07-06T10:58:00,78263.11,78276.41,78247.48,78272.9,1279010
1783315740,2026-07-06T10:59:00,78275.39,78278.9,78261.3,78277.26,68064
1783315800,2026-07-06T11:00:00,78278.27,78289.25,78273.05,78277.23,51067
1783315860,2026-07-06T11:01:00,78276.33,78281.57,78255.32,78261.28,110133
1783315920,2026-07-06T11:02:00,78262.28,78268.35,78247.75,78247.75,56719
1783315980,2026-07-06T11:03:00,78242.74,78249.62,78235.96,78241.0,68972
1783316040,2026-07-06T11:04:00,78236.64,78250.49,78234.92,78247.86,37788
1783316100,2026-07-06T11:05:00,78251.92,78262.09,78243.7,78248.04,17565
1783316160,2026-07-06T11:06:00,78249.88,78262.24,78240.68,78247.42,15327
1783316220,2026-07-06T11:07:00,78244.51,78250.67,78232.83,78246.78,29681
1783316280,2026-07-06T11:08:00,78240.08,78247.26,78231.9,78235.03,17017
1783316340,2026-07-06T11:09:00,78235.18,78248.81,78228.32,78230.77,23751
1783316400,2026-07-06T11:10:00,78233.75,78243.74,78231.93,78240.42,14086
1783316460,2026-07-06T11:11:00,78238.71,78254.56,78233.61,78251.33,526262
1783316520,2026-07-06T11:12:00,78250.5,78251.79,78231.76,78238.85,22002
1783316580,2026-07-06T11:13:00,78240.13,78249.73,78231.16,78249.73,22045
1783316640,2026-07-06T11:14:00,78248.58,78248.58,78234.44,78245.3,16014
1783316700,2026-07-06T11:15:00,78246.68,78249.31,78213.6,78215.04,24620
1783316760,2026-07-06T11:16:00,78213.42,78213.42,78193.67,78210.85,23556
1783316820,2026-07-06T11:17:00,78208.99,78227.52,78204.39,78223.98,9701
1783316880,2026-07-06T11:18:00,78222.66,78222.66,78208.52,78216.35,29179
1783316940,2026-07-06T11:19:00,78216.83,78219.23,78191.85,78206.35,12903
1783317000,2026-07-06T11:20:00,78207.53,78211.4,78195.68,78199.93,30234
1783317060,2026-07-06T11:21:00,78199.89,78225.58,78192.75,78223.96,99203
1783317120,2026-07-06T11:22:00,78223.96,78243.66,78222.43,78232.02,118431
1783317180,2026-07-06T11:23:00,78238.43,78256.55,78234.88,78256.55,26540
1783317240,2026-07-06T11:24:00,78254.81,78274.72,78248.38,78272.37,75414
1783317300,2026-07-06T11:25:00,78272.96,78284.21,78263.82,78271.19,30082
1783317360,2026-07-06T11:26:00,78271.22,78272.65,78242.46,78250.83,13607
1783317420,2026-07-06T11:27:00,78250.23,78259.76,78244.92,78258.58,10128
1783317480,2026-07-06T11:28:00,78258.62,78268.54,78243.26,78248.38,30700
1783317540,2026-07-06T11:29:00,78249.37,78260.71,78247.4,78256.05,38463
1783317600,2026-07-06T11:30:00,78254.56,78270.65,78254.56,78265.13,15197
1783317660,2026-07-06T11:31:00,78261.03,78271.88,78257.39,78266.18,17137
1783317720,2026-07-06T11:32:00,78265.0,78269.2,78252.02,78263.71,21783
1783317780,2026-07-06T11:33:00,78263.17,78270.0,78251.84,78268.5,13087
1783317840,2026-07-06T11:34:00,78267.52,78269.65,78245.79,78259.72,13382
1783317900,2026-07-06T11:35:00,78263.28,78269.23,78250.08,78254.86,26456
1783317960,2026-07-06T11:36:00,78253.95,78264.02,78243.92,78251.11,32413
1783318020,2026-07-06T11:37:00,78242.14,78264.89,78237.09,78264.89,74476
1783318080,2026-07-06T11:38:00,78265.99,78266.31,78241.32,78254.54,21029
1783318140,2026-07-06T11:39:00,78254.54,78265.6,78251.81,78260.74,58797
1783318200,2026-07-06T11:40:00,78256.04,78258.25,78245.31,78253.49,43142
1783318260,2026-07-06T11:41:00,78253.03,78255.4,78231.4,78234.15,34152
1783318320,2026-07-06T11:42:00,78234.02,78262.69,78234.02,78241.58,35646
1783318380,2026-07-06T11:43:00,78244.09,78261.83,78239.81,78260.36,9865
1783318440,2026-07-06T11:44:00,78259.72,78261.57,78240.88,78242.77,17154
1783318500,2026-07-06T11:45:00,78245.09,78258.83,78241.82,78258.83,12961
1783318560,2026-07-06T11:46:00,78259.01,78267.41,78249.55,78262.42,17980
1783318620,2026-07-06T11:47:00,78258.94,78266.6,78252.34,78261.61,31397
1783318680,2026-07-06T11:48:00,78256.78,78273.24,78252.97,78270.1,17938
1783318740,2026-07-06T11:49:00,78270.53,78279.64,78263.48,78269.28,19438
1783318800,2026-07-06T11:50:00,78269.28,78270.68,78254.0,78257.61,12347
1783318860,2026-07-06T11:51:00,78257.15,78269.39,78249.18,78264.21,15596
1783318920,2026-07-06T11:52:00,78262.9,78266.51,78237.76,78237.76,22471
1783318980,2026-07-06T11:53:00,78237.16,78240.84,78226.36,78234.84,12633
1783319040,2026-07-06T11:54:00,78235.04,78241.16,78229.43,78237.62,7569
1783319100,2026-07-06T11:55:00,78239.02,78267.44,78233.4,78267.44,10339
1783319160,2026-07-06T11:56:00,78266.15,78273.43,78259.47,78263.43,14030
1783319220,2026-07-06T11:57:00,78264.15,78283.24,78260.5,78270.14,14240
1783319280,2026-07-06T11:58:00,78268.79,78280.44,78264.07,78264.07,11162
1783319340,2026-07-06T11:59:00,78264.19,78278.98,78261.49,78278.98,46531
1783319400,2026-07-06T12:00:00,78278.98,78278.98,78265.28,78278.0,19423
1783319460,2026-07-06T12:01:00,78279.7,78293.26,78279.7,78291.35,40355
1783319520,2026-07-06T12:02:00,78291.35,78300.99,78280.54,78280.54,8307
1783319580,2026-07-06T12:03:00,78281.77,78286.17,78272.81,78279.24,13037
1783319640,2026-07-06T12:04:00,78280.51,78284.59,78273.05,78274.59,20652
1783319700,2026-07-06T12:05:00,78274.64,78282.6,78267.64,78275.02,20644
1783319760,2026-07-06T12:06:00,78274.85,78280.79,78263.06,78264.86,36775
1783319820,2026-07-06T12:07:00,78264.88,78295.11,78261.43,78294.2,11341
1783319880,2026-07-06T12:08:00,78294.07,78295.11,78273.65,78277.32,11747
1783319940,2026-07-06T12:09:00,78273.76,78286.72,78270.54,78284.46,25668
1783320000,2026-07-06T12:10:00,78288.49,78291.62,78270.56,78279.86,15706
1783320060,2026-07-06T12:11:00,78280.65,78285.45,78274.58,78275.45,16404
1783320120,2026-07-06T12:12:00,78271.36,78307.73,78271.36,78305.09,70554
1783320180,2026-07-06T12:13:00,78307.0,78319.24,78303.37,78315.49,48612
1783320240,2026-07-06T12:14:00,78317.85,78328.35,78304.08,78323.97,42857
1783320300,2026-07-06T12:15:00,78317.03,78338.34,78317.03,78334.62,261467
1783320360,2026-07-06T12:16:00,78335.52,78342.14,78323.95,78341.94,26991
1783320420,2026-07-06T12:17:00,78340.74,78350.3,78336.17,78344.1,17146
1783320480,2026-07-06T12:18:00,78340.97,78344.69,78328.38,78336.17,11830
1783320540,2026-07-06T12:19:00,78338.3,78343.16,78327.95,78327.95,14756
1783320600,2026-07-06T12:20:00,78328.03,78340.61,78320.37,78332.12,16922
1783320660,2026-07-06T12:21:00,78329.38,78340.59,78317.01,78328.91,22617
1783320720,2026-07-06T12:22:00,78324.78,78337.1,78321.17,78323.56,17456
1783320780,2026-07-06T12:23:00,78321.26,78338.25,78318.99,78323.49,10102
1783320840,2026-07-06T12:24:00,78327.23,78329.25,78321.13,78325.91,13700
1783320900,2026-07-06T12:25:00,78323.82,78325.78,78312.15,78315.97,15825
1783320960,2026-07-06T12:26:00,78317.1,78324.97,78312.75,78318.98,10468
1783321020,2026-07-06T12:27:00,78317.58,78337.24,78316.0,78332.12,6643
1783321080,2026-07-06T12:28:00,78331.3,78340.12,78309.75,78317.22,20942
1783321140,2026-07-06T12:29:00,78312.92,78332.51,78312.92,78327.6,17253
1783321200,2026-07-06T12:30:00,78332.71,78339.68,78323.33,78338.15,90592
1783321260,2026-07-06T12:31:00,78340.53,78359.89,78327.89,78359.89,19454
1783321320,2026-07-06T12:32:00,78359.73,78374.78,78348.12,78366.08,12189
1783321380,2026-07-06T12:33:00,78369.17,78375.73,78360.78,78367.07,26225
1783321440,2026-07-06T12:34:00,78369.51,78378.43,78358.05,78365.99,13799
1783321500,2026-07-06T12:35:00,78366.71,78388.24,78366.71,78380.27,27062
1783321560,2026-07-06T12:36:00,78378.93,78382.44,78367.53,78372.61,21995
1783321620,2026-07-06T12:37:00,78371.96,78384.83,78371.96,78372.99,40124
1783321680,2026-07-06T12:38:00,78377.93,78379.16,78347.18,78357.94,34738
1783321740,2026-07-06T12:39:00,78358.02,78366.53,78345.54,78348.12,28622
1783321800,2026-07-06T12:40:00,78346.75,78347.26,78329.88,78347.26,8407
1783321860,2026-07-06T12:41:00,78347.78,78352.47,78333.28,78338.21,9180
1783321920,2026-07-06T12:42:00,78334.57,78349.54,78332.75,78348.01,11130
1783321980,2026-07-06T12:43:00,78345.73,78349.6,78329.49,78348.32,9053
1783322040,2026-07-06T12:44:00,78347.23,78362.14,78344.67,78353.84,11309
1783322100,2026-07-06T12:45:00,78353.84,78362.27,78343.28,78350.13,10391
1783322160,2026-07-06T12:46:00,78349.21,78352.64,78329.41,78329.41,16776
1783322220,2026-07-06T12:47:00,78329.41,78335.66,78316.96,78317.41,7193
1783322280,2026-07-06T12:48:00,78318.54,78326.35,78311.56,78315.69,8199
1783322340,2026-07-06T12:49:00,78315.69,78321.59,78311.2,78321.3,8324
1783322400,2026-07-06T12:50:00,78319.6,78350.9,78317.86,78349.12,14965
1783322460,2026-07-06T12:51:00,78348.52,78349.61,78316.49,78319.33,16994
1783322520,2026-07-06T12:52:00,78314.64,78314.64,78295.5,78303.58,14876
1783322580,2026-07-06T12:53:00,78296.8,78310.56,78291.34,78299.82,27453
1783322640,2026-07-06T12:54:00,78301.13,78309.36,78296.68,78303.32,10212
1783322700,2026-07-06T12:55:00,78304.23,78333.71,78298.88,78325.72,16640
1783322760,2026-07-06T12:56:00,78325.39,78333.92,78320.84,78327.56,19739
1783322820,2026-07-06T12:57:00,78327.96,78340.51,78307.89,78310.93,11783
1783322880,2026-07-06T12:58:00,78309.44,78329.91,78293.07,78329.91,26549
1783322940,2026-07-06T12:59:00,78329.13,78336.98,78323.73,78336.15,7057
1783323000,2026-07-06T13:00:00,78335.81,78342.27,78322.07,78322.07,11038
1783323060,2026-07-06T13:01:00,78323.33,78332.56,78317.37,78323.59,21214
1783323120,2026-07-06T13:02:00,78322.54,78326.63,78309.75,78321.31,17656
1783323180,2026-07-06T13:03:00,78319.18,78344.25,78318.23,78340.46,22804
1783323240,2026-07-06T13:04:00,78338.2,78349.27,78334.04,78344.62,1519314
1783323300,2026-07-06T13:05:00,78343.59,78353.47,78339.65,78347.71,851022
1783323360,2026-07-06T13:06:00,78347.72,78356.74,78346.31,78356.74,26323
1783323420,2026-07-06T13:07:00,78357.77,78365.25,78344.19,78348.24,27964
1783323480,2026-07-06T13:08:00,78351.86,78362.66,78343.4,78348.55,8674
1783323540,2026-07-06T13:09:00,78348.55,78371.22,78346.58,78371.22,13289
1783323600,2026-07-06T13:10:00,78371.94,78382.72,78363.46,78370.01,15271
1783323660,2026-07-06T13:11:00,78370.37,78376.41,78355.72,78364.17,17674
1783323720,2026-07-06T13:12:00,78368.03,78371.63,78359.06,78363.63,15162
1783323780,2026-07-06T13:13:00,78361.87,78378.94,78361.87,78376.8,9964
1783323840,2026-07-06T13:14:00,78374.74,78382.5,78365.84,78372.37,9139
1783323900,2026-07-06T13:15:00,78372.37,78377.22,78366.27,78371.39,13349
1783323960,2026-07-06T13:16:00,78370.34,78371.5,78352.29,78353.73,5611
1783324020,2026-07-06T13:17:00,78352.74,78356.09,78350.77,78353.78,6844
1783324080,2026-07-06T13:18:00,78352.64,78372.58,78351.93,78367.55,21443
1783324140,2026-07-06T13:19:00,78368.71,78370.39,78350.84,78351.69,12182
1783324200,2026-07-06T13:20:00,78348.26,78348.26,78329.6,78334.8,12505
1783324260,2026-07-06T13:21:00,78334.8,78345.63,78329.67,78345.63,12974
1783324320,2026-07-06T13:22:00,78346.01,78351.4,78335.0,78343.3,11765
1783324380,2026-07-06T13:23:00,78343.33,78344.36,78331.58,78344.36,523419
1783324440,2026-07-06T13:24:00,78343.34,78348.21,78334.09,78341.76,5471
1783324500,2026-07-06T13:25:00,78341.98,78342.29,78329.55,78334.08,18821
1783324560,2026-07-06T13:26:00,78334.32,78335.01,78322.47,78326.28,9251
1783324620,2026-07-06T13:27:00,78327.19,78340.61,78318.88,78340.61,9394
1783324680,2026-07-06T13:28:00,78342.34,78346.15,78332.59,78338.73,15009
1783324740,2026-07-06T13:29:00,78325.6,78339.93,78323.18,78338.51,6317
1783324800,2026-07-06T13:30:00,78339.8,78343.85,78328.48,78328.48,10341
1783324860,2026-07-06T13:31:00,78332.98,78353.46,78327.1,78350.41,17100
1783324920,2026-07-06T13:32:00,78348.1,78360.52,78346.48,78354.68,5795
1783324980,2026-07-06T13:33:00,78354.68,78356.62,78330.96,78336.36,13413
1783325040,2026-07-06T13:34:00,78339.37,78341.18,78325.22,78336.93,15500
1783325100,2026-07-06T13:35:00,78336.22,78357.05,78331.79,78348.8,14241
1783325160,2026-07-06T13:36:00,78350.13,78364.26,78349.17,78360.81,17697
1783325220,2026-07-06T13:37:00,78361.9,78364.63,78355.17,78361.61,22090
1783325280,2026-07-06T13:38:00,78362.29,78398.06,78362.29,78395.54,25491
1783325340,2026-07-06T13:39:00,78393.58,78395.52,78386.16,78391.29,20220
1783325400,2026-07-06T13:40:00,78387.42,78391.76,78375.39,78380.43,14134
1783325460,2026-07-06T13:41:00,78379.43,78389.21,78375.9,78379.66,9032
1783325520,2026-07-06T13:42:00,78378.41,78380.2,78351.68,78355.38,17319
1783325580,2026-07-06T13:43:00,78355.61,78357.72,78348.95,78352.44,11018
1783325640,2026-07-06T13:44:00,78353.01,78353.99,78337.7,78339.23,12988
1783325700,2026-07-06T13:45:00,78339.23,78343.06,78329.15,78336.04,6080
1783325760,2026-07-06T13:46:00,78337.33,78341.8,78324.45,78326.69,10241
1783325820,2026-07-06T13:47:00,78325.6,78335.65,78321.52,78327.32,19704
1783325880,2026-07-06T13:48:00,78327.87,78335.51,78316.49,78320.81,39256
1783325940,2026-07-06T13:49:00,78319.83,78320.07,78310.01,78317.2,18488
1783326000,2026-07-06T13:50:00,78318.58,78324.67,78313.6,78316.17,2131004
1783326060,2026-07-06T13:51:00,78316.48,78324.22,78309.47,78323.17,36914
1783326120,2026-07-06T13:52:00,78318.94,78318.94,78275.78,78281.41,1018656
1783326180,2026-07-06T13:53:00,78281.2,78281.2,78268.16,78275.01,13951
1783326240,2026-07-06T13:54:00,78276.45,78281.56,78265.91,78272.95,17289
1783326300,2026-07-06T13:55:00,78270.28,78273.57,78248.76,78251.67,17062
1783326360,2026-07-06T13:56:00,78252.56,78264.8,78250.22,78253.62,19643
1783326420,2026-07-06T13:57:00,78250.03,78259.58,78246.33,78259.49,16678
1783326480,2026-07-06T13:58:00,78260.78,78261.92,78249.26,78253.84,18022
1783326540,2026-07-06T13:59:00,78257.18,78259.19,78239.61,78249.01,11607
1783326600,2026-07-06T14:00:00,78249.01,78255.49,78238.1,78249.35,19733
1783326660,2026-07-06T14:01:00,78249.35,78255.66,78246.63,78247.29,10578
1783326720,2026-07-06T14:02:00,78248.22,78258.02,78244.47,78251.97,28940
1783326780,2026-07-06T14:03:00,78252.14,78263.69,78246.73,78260.82,16436
1783326840,2026-07-06T14:04:00,78263.43,78263.43,78245.29,78258.63,15305
1783326900,2026-07-06T14:05:00,78260.02,78284.12,78260.02,78282.56,15774
1783326960,2026-07-06T14:06:00,78281.86,78281.86,78236.03,78241.39,14044
1783327020,2026-07-06T14:07:00,78242.89,78244.91,78230.61,78230.61,70300
1783327080,2026-07-06T14:08:00,78228.22,78234.32,78211.67,78229.16,11883
1783327140,2026-07-06T14:09:00,78226.41,78233.05,78221.49,78230.68,10412
1783327200,2026-07-06T14:10:00,78230.68,78249.29,78227.12,78244.05,13366
1783327260,2026-07-06T14:11:00,78243.09,78253.52,78243.09,78248.9,24123
1783327320,2026-07-06T14:12:00,78250.65,78250.65,78232.09,78238.02,15332
1783327380,2026-07-06T14:13:00,78238.29,78245.66,78233.72,78236.04,60753
1783327440,2026-07-06T14:14:00,78234.82,78239.33,78206.68,78214.61,90793
1783327500,2026-07-06T14:15:00,78216.17,78220.43,78207.51,78213.45,10019
1783327560,2026-07-06T14:16:00,78213.5,78225.44,78208.3,78219.11,16797
1783327620,2026-07-06T14:17:00,78220.82,78231.71,78219.0,78225.93,13855
1783327680,2026-07-06T14:18:00,78226.2,78231.03,78217.91,78229.59,16670
1783327740,2026-07-06T14:19:00,78228.65,78228.65,78209.6,78210.56,29401
1783327800,2026-07-06T14:20:00,78208.79,78210.89,78197.09,78203.16,12867
1783327860,2026-07-06T14:21:00,78203.16,78227.54,78197.92,78220.23,15761
1783327920,2026-07-06T14:22:00,78215.4,78220.51,78213.04,78213.44,7155
1783327980,2026-07-06T14:23:00,78214.73,78230.38,78214.73,78228.59,13507
1783328040,2026-07-06T14:24:00,78227.69,78234.44,78226.57,78233.17,13344
1783328100,2026-07-06T14:25:00,78234.1,78245.4,78225.01,78245.12,14372
1783328160,2026-07-06T14:26:00,78245.55,78249.61,78240.38,78245.44,14428
1783328220,2026-07-06T14:27:00,78245.01,78257.92,78240.64,78257.92,7220
1783328280,2026-07-06T14:28:00,78253.22,78253.22,78216.19,78226.81,14051
1783328340,2026-07-06T14:29:00,78225.63,78225.63,78216.21,78217.67,7089
1783328400,2026-07-06T14:30:00,78218.26,78230.1,78209.38,78213.73,5770
1783328460,2026-07-06T14:31:00,78212.68,78228.18,78210.76,78221.12,20809
1783328520,2026-07-06T14:32:00,78221.42,78231.61,78221.42,78227.83,15597
1783328580,2026-07-06T14:33:00,78226.13,78228.35,78212.97,78221.62,77915
1783328640,2026-07-06T14:34:00,78219.15,78241.43,78219.15,78235.29,57561
1783328700,2026-07-06T14:35:00,78242.15,78243.72,78231.67,78234.78,34479
1783328760,2026-07-06T14:36:00,78234.75,78258.92,78234.75,78254.66,18458
1783328820,2026-07-06T14:37:00,78251.9,78256.21,78240.18,78254.65,23458
1783328880,2026-07-06T14:38:00,78259.23,78271.44,78257.34,78262.34,28909
1783328940,2026-07-06T14:39:00,78262.34,78263.57,78235.93,78244.14,15931
1783329000,2026-07-06T14:40:00,78243.53,78252.04,78231.24,78234.45,19890
1783329060,2026-07-06T14:41:00,78231.8,78234.24,78221.53,78226.71,8684
1783329120,2026-07-06T14:42:00,78226.71,78232.37,78215.79,78221.61,19402
1783329180,2026-07-06T14:43:00,78220.66,78227.67,78204.71,78206.02,10139
1783329240,2026-07-06T14:44:00,78205.53,78213.83,78196.74,78201.34,35072
1783329300,2026-07-06T14:45:00,78202.62,78208.44,78196.67,78204.2,7774
1783329360,2026-07-06T14:46:00,78202.95,78209.79,78196.13,78209.42,11330
1783329420,2026-07-06T14:47:00,78208.78,78209.97,78189.15,78189.15,16984
1783329480,2026-07-06T14:48:00,78190.05,78191.72,78161.16,78166.64,14659
1783329540,2026-07-06T14:49:00,78164.71,78173.93,78145.43,78145.43,24420
1783329600,2026-07-06T14:50:00,78148.18,78184.03,78148.18,78184.03,55240
1783329660,2026-07-06T14:51:00,78180.37,78211.33,78174.96,78208.97,13950
1783329720,2026-07-06T14:52:00,78204.63,78209.8,78184.88,78184.88,6603
1783329780,2026-07-06T14:53:00,78185.29,78222.25,78184.3,78222.25,15053
1783329840,2026-07-06T14:54:00,78221.65,78232.28,78217.48,78221.77,8732
1783329900,2026-07-06T14:55:00,78223.32,78233.05,78215.91,78218.67,7254
1783329960,2026-07-06T14:56:00,78218.85,78230.97,78216.42,78230.24,10581
1783330020,2026-07-06T14:57:00,78230.13,78248.1,78230.13,78233.84,24531
1783330080,2026-07-06T14:58:00,78238.74,78243.27,78228.08,78233.68,17257
1783330140,2026-07-06T14:59:00,78223.66,78223.66,78200.7,78211.03,33589
1783330200,2026-07-06T15:00:00,78217.89,78266.69,78217.89,78265.19,42179
1783330260,2026-07-06T15:01:00,78266.81,78273.71,78253.73,78261.18,32334
1783330320,2026-07-06T15:02:00,78260.98,78263.09,78248.29,78256.18,22788
1783330380,2026-07-06T15:03:00,78255.05,78274.25,78253.9,78271.02,25353
1783330440,2026-07-06T15:04:00,78264.47,78284.92,78258.2,78284.45,19761
1783330500,2026-07-06T15:05:00,78285.56,78292.81,78275.86,78290.93,23309
1783330560,2026-07-06T15:06:00,78290.18,78317.57,78288.55,78309.57,29731
1783330620,2026-07-06T15:07:00,78308.77,78320.19,78300.31,78318.41,178671
1783330680,2026-07-06T15:08:00,78317.2,78349.5,78314.27,78342.43,37861
1783330740,2026-07-06T15:09:00,78347.11,78349.54,78332.83,78336.04,24454
1783330800,2026-07-06T15:10:00,78333.93,78333.98,78324.3,78333.98,64449
1783330860,2026-07-06T15:11:00,78334.08,78334.08,78311.68,78319.37,35035
1783330920,2026-07-06T15:12:00,78318.96,78331.59,78307.0,78327.3,30507
1783330980,2026-07-06T15:13:00,78329.81,78336.82,78312.07,78312.07,31657
1783331040,2026-07-06T15:14:00,78328.54,78328.54,78303.26,78308.98,28710
1783331100,2026-07-06T15:15:00,78305.41,78305.41,78289.68,78299.66,22067
1783331160,2026-07-06T15:16:00,78302.41,78305.76,78283.31,78290.94,33899
1783331220,2026-07-06T15:17:00,78302.43,78304.48,78283.12,78298.92,28840
1783331280,2026-07-06T15:18:00,78299.85,78303.39,78285.38,78295.65,28180
1783331340,2026-07-06T15:19:00,78294.99,78307.05,78277.38,78293.95,17670
1783331400,2026-07-06T15:20:00,78293.14,78312.97,78293.14,78306.14,33800
1783331460,2026-07-06T15:21:00,78307.74,78310.56,78285.51,78290.22,30900
1783331520,2026-07-06T15:22:00,78291.97,78306.98,78287.46,78294.53,12765
1783331580,2026-07-06T15:23:00,78295.4,78300.57,78290.47,78299.12,33883
1783331640,2026-07-06T15:24:00,78300.11,78306.8,78288.12,78306.8,43475
1783331700,2026-07-06T15:25:00,78303.86,78314.83,78303.54,78310.48,32831
1783331760,2026-07-06T15:26:00,78311.11,78311.71,78295.77,78297.25,180936
1783331820,2026-07-06T15:27:00,78302.72,78308.08,78280.12,78287.82,32864
1783331880,2026-07-06T15:28:00,78289.14,78299.34,78256.53,78287.43,53470
1783331940,2026-07-06T15:29:00,78273.29,78287.52,78238.45,78255.38,28412
1783395900,2026-07-07T09:15:00,78461.16,78504.01,78358.07,78413.38,1165354
1783395960,2026-07-07T09:16:00,78413.05,78437.37,78340.18,78358.19,171161
1783396020,2026-07-07T09:17:00,78357.17,78403.64,78349.18,78403.06,145501
1783396080,2026-07-07T09:18:00,78409.72,78422.29,78371.1,78371.1,104454
1783396140,2026-07-07T09:19:00,78376.17,78380.57,78347.27,78363.84,93873
1783396200,2026-07-07T09:20:00,78358.14,78428.09,78358.14,78401.61,116112
1783396260,2026-07-07T09:21:00,78405.14,78428.32,78382.41,78388.08,118613
1783396320,2026-07-07T09:22:00,78388.2,78396.09,78345.97,78346.62,80627
1783396380,2026-07-07T09:23:00,78351.84,78362.85,78332.63,78359.41,65322
1783396440,2026-07-07T09:24:00,78359.25,78371.61,78353.29,78364.43,50254
1783396500,2026-07-07T09:25:00,78368.37,78374.45,78329.08,78338.66,72654
1783396560,2026-07-07T09:26:00,78340.43,78350.62,78292.31,78296.1,68367
1783396620,2026-07-07T09:27:00,78306.11,78306.92,78270.41,78297.98,56543
1783396680,2026-07-07T09:28:00,78298.1,78347.32,78289.24,78346.32,64809
1783396740,2026-07-07T09:29:00,78345.93,78358.46,78331.29,78355.23,56142
1783396800,2026-07-07T09:30:00,78360.12,78360.98,78325.04,78329.55,42465
1783396860,2026-07-07T09:31:00,78330.55,78334.61,78307.5,78322.69,38706
1783396920,2026-07-07T09:32:00,78314.39,78316.55,78273.62,78273.62,86360
1783396980,2026-07-07T09:33:00,78283.28,78289.62,78257.85,78276.3,65967
1783397040,2026-07-07T09:34:00,78275.6,78287.95,78248.31,78253.45,33842
1783397100,2026-07-07T09:35:00,78261.83,78322.31,78255.05,78321.24,46053
1783397160,2026-07-07T09:36:00,78320.22,78365.71,78314.72,78362.54,44645
1783397220,2026-07-07T09:37:00,78360.22,78366.95,78335.57,78343.71,41703
1783397280,2026-07-07T09:38:00,78344.75,78356.28,78314.85,78323.0,37194
1783397340,2026-07-07T09:39:00,78315.16,78316.47,78288.63,78288.63,80028
1783397400,2026-07-07T09:40:00,78292.12,78343.27,78292.12,78341.7,56461
1783397460,2026-07-07T09:41:00,78339.56,78358.53,78324.36,78358.53,39952
1783397520,2026-07-07T09:42:00,78357.98,78373.91,78347.91,78372.75,34404
1783397580,2026-07-07T09:43:00,78373.58,78381.25,78355.6,78375.05,59973
1783397640,2026-07-07T09:44:00,78373.01,78378.0,78359.7,78372.87,58936
1783397700,2026-07-07T09:45:00,78369.09,78378.17,78355.47,78363.43,46807
1783397760,2026-07-07T09:46:00,78362.45,78399.26,78362.45,78396.03,52194
1783397820,2026-07-07T09:47:00,78394.61,78397.5,78365.72,78365.72,37010
1783397880,2026-07-07T09:48:00,78366.04,78374.32,78352.64,78371.77,39121
1783397940,2026-07-07T09:49:00,78372.02,78403.21,78372.02,78389.08,64475
1783398000,2026-07-07T09:50:00,78386.78,78415.23,78379.59,78379.59,35657
1783398060,2026-07-07T09:51:00,78381.2,78415.18,78374.87,78414.96,53760
1783398120,2026-07-07T09:52:00,78414.38,78414.38,78375.55,78384.13,28468
1783398180,2026-07-07T09:53:00,78380.27,78393.77,78380.27,78382.4,20204
1783398240,2026-07-07T09:54:00,78381.64,78393.56,78381.64,78389.66,28102
1783398300,2026-07-07T09:55:00,78392.67,78411.32,78389.71,78408.07,36150
1783398360,2026-07-07T09:56:00,78405.48,78413.9,78392.7,78393.68,28122
1783398420,2026-07-07T09:57:00,78395.81,78406.83,78385.61,78392.46,25960
1783398480,2026-07-07T09:58:00,78397.13,78416.01,78393.97,78410.16,22371
1783398540,2026-07-07T09:59:00,78410.61,78430.6,78409.82,78421.64,41256
1783398600,2026-07-07T10:00:00,78420.72,78436.83,78417.95,78424.64,136964
1783398660,2026-07-07T10:01:00,78426.03,78452.42,78422.27,78440.5,37733
1783398720,2026-07-07T10:02:00,78439.66,78459.54,78436.53,78455.8,348973
1783398780,2026-07-07T10:03:00,78461.02,78469.41,78452.26,78468.67,21503
1783398840,2026-07-07T10:04:00,78467.37,78474.61,78445.03,78457.4,48411
1783398900,2026-07-07T10:05:00,78452.71,78464.6,78442.19,78443.94,22799
1783398960,2026-07-07T10:06:00,78439.3,78447.97,78426.69,78437.55,41356
1783399020,2026-07-07T10:07:00,78434.65,78466.28,78427.28,78463.9,25738
1783399080,2026-07-07T10:08:00,78460.05,78484.91,78460.03,78481.31,51491
1783399140,2026-07-07T10:09:00,78479.91,78496.36,78472.49,78496.18,22885
1783399200,2026-07-07T10:10:00,78492.81,78504.87,78481.64,78497.04,49511
1783399260,2026-07-07T10:11:00,78498.09,78504.06,78490.4,78491.88,21779
1783399320,2026-07-07T10:12:00,78488.76,78501.41,78484.24,78499.83,73831
1783399380,2026-07-07T10:13:00,78499.17,78518.85,78498.12,78510.1,42680
1783399440,2026-07-07T10:14:00,78509.13,78517.71,78488.26,78488.37,31170
1783399500,2026-07-07T10:15:00,78488.37,78501.23,78484.28,78494.3,2083877
1783399560,2026-07-07T10:16:00,78494.95,78514.73,78493.12,78505.8,30270
1783399620,2026-07-07T10:17:00,78509.45,78524.25,78506.73,78516.19,29561
1783399680,2026-07-07T10:18:00,78517.19,78527.35,78505.37,78522.67,14399
1783399740,2026-07-07T10:19:00,78521.79,78534.15,78504.91,78520.57,32936
1783399800,2026-07-07T10:20:00,78521.46,78539.8,78519.71,78525.66,78688
1783399860,2026-07-07T10:21:00,78524.64,78554.98,78516.99,78546.82,55535
1783399920,2026-07-07T10:22:00,78548.02,78561.28,78538.95,78555.85,37555
1783399980,2026-07-07T10:23:00,78553.06,78556.61,78535.66,78545.38,28739
1783400040,2026-07-07T10:24:00,78538.21,78548.63,78522.09,78528.24,39480
1783400100,2026-07-07T10:25:00,78531.1,78546.63,78523.58,78524.5,20626
1783400160,2026-07-07T10:26:00,78525.19,78528.61,78511.25,78522.88,32427
1783400220,2026-07-07T10:27:00,78523.93,78553.99,78520.97,78551.84,24468
1783400280,2026-07-07T10:28:00,78552.75,78557.13,78520.38,78520.38,44080
1783400340,2026-07-07T10:29:00,78520.84,78530.58,78511.44,78519.61,38092
1783400400,2026-07-07T10:30:00,78521.74,78543.3,78520.92,78527.9,26188
1783400460,2026-07-07T10:31:00,78530.1,78533.74,78505.93,78507.08,31985
1783400520,2026-07-07T10:32:00,78508.37,78508.92,78492.93,78503.48,29678
1783400580,2026-07-07T10:33:00,78505.8,78514.08,78496.17,78502.69,20988
1783400640,2026-07-07T10:34:00,78502.39,78517.12,78498.32,78502.29,22441
1783400700,2026-07-07T10:35:00,78506.94,78512.39,78493.44,78494.37,16396
1783400760,2026-07-07T10:36:00,78494.08,78508.41,78492.92,78507.59,17423
1783400820,2026-07-07T10:37:00,78507.16,78508.18,78498.47,78504.53,25202
1783400880,2026-07-07T10:38:00,78504.53,78520.81,78499.79,78517.64,16362
1783400940,2026-07-07T10:39:00,78522.14,78526.08,78493.51,78494.97,22321
1783401000,2026-07-07T10:40:00,78489.49,78491.09,78453.25,78476.04,25496
1783401060,2026-07-07T10:41:00,78475.65,78475.65,78448.53,78450.89,12861
1783401120,2026-07-07T10:42:00,78450.89,78510.46,78450.24,78510.46,16839
1783401180,2026-07-07T10:43:00,78510.13,78519.28,78490.4,78491.63,43464
1783401240,2026-07-07T10:44:00,78493.49,78495.86,78454.54,78456.05,16518
1783401300,2026-07-07T10:45:00,78456.05,78461.48,78434.28,78455.45,21211
1783401360,2026-07-07T10:46:00,78458.66,78481.53,78451.61,78469.46,23246
1783401420,2026-07-07T10:47:00,78468.0,78470.02,78451.18,78465.15,17638
1783401480,2026-07-07T10:48:00,78457.96,78493.12,78457.96,78488.72,19709
1783401540,2026-07-07T10:49:00,78491.29,78510.87,78481.67,78489.48,18938
1783401600,2026-07-07T10:50:00,78490.11,78493.2,78448.35,78455.53,12014
1783401660,2026-07-07T10:51:00,78453.13,78483.07,78451.6,78481.79,13957
1783401720,2026-07-07T10:52:00,78481.79,78482.55,78454.86,78455.41,9306
1783401780,2026-07-07T10:53:00,78451.01,78456.49,78439.36,78456.49,15794
1783401840,2026-07-07T10:54:00,78453.93,78470.34,78446.6,78459.45,17135
1783401900,2026-07-07T10:55:00,78462.03,78463.82,78446.28,78446.28,11335
1783401960,2026-07-07T10:56:00,78439.84,78451.99,78431.64,78434.31,10950
1783402020,2026-07-07T10:57:00,78432.68,78460.98,78432.68,78457.43,43093
1783402080,2026-07-07T10:58:00,78458.42,78463.91,78448.26,78451.59,14958
1783402140,2026-07-07T10:59:00,78454.42,78477.07,78451.11,78468.74,17348
1783402200,2026-07-07T11:00:00,78468.45,78511.14,78468.45,78510.46,30701
1783402260,2026-07-07T11:01:00,78509.18,78517.17,78483.16,78483.16,15471
1783402320,2026-07-07T11:02:00,78489.27,78506.66,78482.74,78506.66,51448
1783402380,2026-07-07T11:03:00,78507.56,78524.45,78502.72,78515.94,14621
1783402440,2026-07-07T11:04:00,78515.74,78533.73,78514.97,78521.45,17429
1783402500,2026-07-07T11:05:00,78521.27,78554.28,78514.29,78551.79,13875
1783402560,2026-07-07T11:06:00,78551.77,78571.95,78550.38,78567.68,24218
1783402620,2026-07-07T11:07:00,78568.28,78571.25,78539.64,78543.0,10243
1783402680,2026-07-07T11:08:00,78544.05,78564.81,78541.47,78559.27,18847
1783402740,2026-07-07T11:09:00,78556.07,78563.04,78545.83,78548.78,14362
1783402800,2026-07-07T11:10:00,78548.79,78561.92,78545.62,78550.43,19004
1783402860,2026-07-07T11:11:00,78547.87,78573.41,78547.61,78571.51,27324
1783402920,2026-07-07T11:12:00,78569.75,78583.65,78563.88,78573.37,12742
1783402980,2026-07-07T11:13:00,78573.56,78584.87,78565.7,78565.7,13701
1783403040,2026-07-07T11:14:00,78565.7,78589.29,78565.7,78582.04,68310
1783403100,2026-07-07T11:15:00,78583.98,78585.05,78560.79,78571.32,20237
1783403160,2026-07-07T11:16:00,78571.48,78578.96,78557.7,78565.15,14839
1783403220,2026-07-07T11:17:00,78563.39,78570.0,78551.79,78558.71,79054
1783403280,2026-07-07T11:18:00,78559.49,78564.58,78530.36,78535.61,30959
1783403340,2026-07-07T11:19:00,78534.97,78551.6,78529.22,78547.87,32708
1783403400,2026-07-07T11:20:00,78547.56,78564.46,78542.13,78554.85,62947
1783403460,2026-07-07T11:21:00,78553.32,78575.3,78551.06,78571.55,72853
1783403520,2026-07-07T11:22:00,78571.85,78592.49,78571.85,78588.68,99748
1783403580,2026-07-07T11:23:00,78581.28,78584.48,78558.52,78558.52,66300
1783403640,2026-07-07T11:24:00,78562.29,78570.6,78557.51,78561.15,51478
1783403700,2026-07-07T11:25:00,78562.73,78593.1,78562.73,78587.35,244119
1783403760,2026-07-07T11:26:00,78587.78,78613.44,78585.73,78609.78,22533
1783403820,2026-07-07T11:27:00,78608.76,78617.97,78592.04,78592.04,24336
1783403880,2026-07-07T11:28:00,78597.05,78600.47,78574.11,78579.39,18254
1783403940,2026-07-07T11:29:00,78580.78,78588.89,78579.75,78582.41,22122
1783404000,2026-07-07T11:30:00,78582.26,78596.09,78581.73,78584.53,15887
1783404060,2026-07-07T11:31:00,78590.08,78595.78,78581.73,78591.74,26568
1783404120,2026-07-07T11:32:00,78592.43,78607.38,78589.67,78594.2,16356
1783404180,2026-07-07T11:33:00,78589.89,78602.87,78589.89,78595.87,18815
1783404240,2026-07-07T11:34:00,78599.34,78601.51,78582.67,78583.0,12591
1783404300,2026-07-07T11:35:00,78584.4,78591.29,78576.63,78576.63,18165
1783404360,2026-07-07T11:36:00,78575.78,78592.21,78573.44,78573.44,13974
1783404420,2026-07-07T11:37:00,78571.92,78577.02,78562.84,78577.02,13976
1783404480,2026-07-07T11:38:00,78576.45,78594.96,78572.86,78572.86,134622
1783404540,2026-07-07T11:39:00,78574.03,78582.75,78570.34,78576.29,18657
1783404600,2026-07-07T11:40:00,78584.91,78598.29,78583.23,78585.24,76848
1783404660,2026-07-07T11:41:00,78585.41,78597.35,78584.57,78594.03,36597
1783404720,2026-07-07T11:42:00,78594.49,78595.83,78579.55,78580.19,58243
1783404780,2026-07-07T11:43:00,78581.73,78587.37,78574.91,78580.5,24057
1783404840,2026-07-07T11:44:00,78575.68,78596.12,78573.82,78588.5,67100
1783404900,2026-07-07T11:45:00,78590.21,78596.64,78577.69,78593.55,45797
1783404960,2026-07-07T11:46:00,78592.32,78612.65,78591.03,78601.43,38176
1783405020,2026-07-07T11:47:00,78603.84,78609.99,78568.73,78584.57,77704
1783405080,2026-07-07T11:48:00,78584.04,78585.56,78564.66,78581.15,92291
1783405140,2026-07-07T11:49:00,78580.92,78584.97,78560.14,78561.12,104018
1783405200,2026-07-07T11:50:00,78563.58,78616.24,78563.58,78605.76,122068
1783405260,2026-07-07T11:51:00,78603.86,78610.97,78594.07,78598.78,24222
1783405320,2026-07-07T11:52:00,78597.26,78609.25,78593.43,78600.23,17652
1783405380,2026-07-07T11:53:00,78601.11,78620.02,78597.98,78615.25,39817
1783405440,2026-07-07T11:54:00,78615.25,78632.37,78613.36,78628.2,52635
1783405500,2026-07-07T11:55:00,78628.5,78649.07,78626.46,78644.42,17191
1783405560,2026-07-07T11:56:00,78642.36,78647.35,78633.82,78633.82,46845
1783405620,2026-07-07T11:57:00,78633.25,78647.83,78633.01,78643.4,15270
1783405680,2026-07-07T11:58:00,78641.9,78647.64,78635.49,78644.77,13258
1783405740,2026-07-07T11:59:00,78648.89,78652.56,78637.04,78650.42,356991
1783405800,2026-07-07T12:00:00,78648.87,78663.17,78647.2,78657.59,20865
1783405860,2026-07-07T12:01:00,78662.23,78664.92,78649.72,78655.51,17212
1783405920,2026-07-07T12:02:00,78657.87,78657.87,78633.36,78633.36,9798
1783405980,2026-07-07T12:03:00,78635.22,78637.56,78627.55,78635.68,11593
1783406040,2026-07-07T12:04:00,78634.14,78640.0,78627.21,78633.25,9944
1783406100,2026-07-07T12:05:00,78632.85,78644.83,78628.56,78631.84,12115
1783406160,2026-07-07T12:06:00,78631.84,78649.41,78631.84,78633.04,22746
1783406220,2026-07-07T12:07:00,78634.72,78638.4,78625.45,78628.02,14555
1783406280,2026-07-07T12:08:00,78628.03,78635.83,78614.88,78633.17,27064
1783406340,2026-07-07T12:09:00,78635.06,78648.47,78630.73,78635.59,27071
1783406400,2026-07-07T12:10:00,78635.59,78635.76,78615.41,78627.39,10425
1783406460,2026-07-07T12:11:00,78624.23,78630.78,78600.68,78600.68,9060
1783406520,2026-07-07T12:12:00,78601.81,78609.33,78584.57,78597.8,27240
1783406580,2026-07-07T12:13:00,78598.59,78600.99,78563.95,78566.73,17705
1783406640,2026-07-07T12:14:00,78567.98,78573.87,78552.32,78564.69,21160
1783406700,2026-07-07T12:15:00,78565.29,78585.4,78558.5,78577.76,54170
1783406760,2026-07-07T12:16:00,78577.76,78581.36,78538.78,78538.78,12676
1783406820,2026-07-07T12:17:00,78541.18,78551.49,78527.77,78541.2,11324
1783406880,2026-07-07T12:18:00,78541.2,78544.6,78515.34,78526.64,25171
1783406940,2026-07-07T12:19:00,78524.53,78531.56,78517.86,78520.63,22545
1783407000,2026-07-07T12:20:00,78516.68,78543.4,78516.68,78537.6,38477
1783407060,2026-07-07T12:21:00,78538.77,78561.23,78538.68,78550.6,16278
1783407120,2026-07-07T12:22:00,78545.91,78564.85,78545.91,78563.49,20078
1783407180,2026-07-07T12:23:00,78563.08,78570.98,78553.68,78561.91,14033
1783407240,2026-07-07T12:24:00,78561.47,78566.88,78525.82,78531.98,13393
1783407300,2026-07-07T12:25:00,78534.05,78561.96,78532.77,78551.23,9686
1783407360,2026-07-07T12:26:00,78549.44,78554.56,78540.4,78544.35,62750
1783407420,2026-07-07T12:27:00,78543.97,78554.0,78535.65,78547.4,12109
1783407480,2026-07-07T12:28:00,78548.86,78562.02,78538.95,78559.92,15289
1783407540,2026-07-07T12:29:00,78557.19,78557.59,78537.67,78539.75,37025
1783407600,2026-07-07T12:30:00,78542.2,78546.93,78521.47,78528.37,95573
1783407660,2026-07-07T12:31:00,78526.8,78527.55,78497.16,78498.62,46115
1783407720,2026-07-07T12:32:00,78497.86,78499.46,78454.22,78477.87,63854
1783407780,2026-07-07T12:33:00,78476.27,78476.27,78439.73,78440.76,615012
1783407840,2026-07-07T12:34:00,78441.45,78467.18,78441.45,78465.04,63768
1783407900,2026-07-07T12:35:00,78464.86,78464.98,78432.27,78432.27,67053
1783407960,2026-07-07T12:36:00,78431.9,78453.36,78420.22,78421.84,45379
1783408020,2026-07-07T12:37:00,78418.77,78420.67,78406.18,78409.53,30189
1783408080,2026-07-07T12:38:00,78410.02,78423.24,78385.85,78386.28,19201
1783408140,2026-07-07T12:39:00,78385.24,78412.14,78371.14,78403.47,28817
1783408200,2026-07-07T12:40:00,78405.79,78426.07,78405.79,78421.31,13074
1783408260,2026-07-07T12:41:00,78424.07,78424.37,78407.41,78414.43,10088
1783408320,2026-07-07T12:42:00,78411.58,78425.45,78407.66,78425.45,8014
1783408380,2026-07-07T12:43:00,78425.45,78446.7,78423.15,78438.15,45900
1783408440,2026-07-07T12:44:00,78438.76,78455.3,78434.03,78441.58,41659
1783408500,2026-07-07T12:45:00,78439.84,78467.99,78417.16,78420.88,24112
1783408560,2026-07-07T12:46:00,78417.74,78423.66,78410.41,78420.16,10765
1783408620,2026-07-07T12:47:00,78419.94,78439.32,78414.54,78439.32,11926
1783408680,2026-07-07T12:48:00,78439.32,78441.43,78423.31,78438.9,11993
1783408740,2026-07-07T12:49:00,78437.68,78446.42,78429.48,78445.56,7826
1783408800,2026-07-07T12:50:00,78445.56,78464.68,78426.24,78450.25,28336
1783408860,2026-07-07T12:51:00,78451.04,78462.03,78444.1,78452.78,28269
1783408920,2026-07-07T12:52:00,78454.21,78458.78,78420.0,78420.0,24064
1783408980,2026-07-07T12:53:00,78421.75,78427.57,78403.05,78407.38,27926
1783409040,2026-07-07T12:54:00,78406.16,78419.93,78396.22,78416.39,10497
1783409100,2026-07-07T12:55:00,78416.14,78421.79,78390.52,78390.96,12908
1783409160,2026-07-07T12:56:00,78389.15,78408.66,78379.91,78398.67,25063
1783409220,2026-07-07T12:57:00,78400.74,78400.74,78375.93,78388.94,27237
1783409280,2026-07-07T12:58:00,78391.12,78423.5,78387.64,78402.84,42672
1783409340,2026-07-07T12:59:00,78406.83,78420.77,78406.49,78417.83,21866
1783409400,2026-07-07T13:00:00,78417.3,78424.53,78395.37,78410.96,16994
1783409460,2026-07-07T13:01:00,78411.3,78411.3,78392.05,78397.4,13667
1783409520,2026-07-07T13:02:00,78396.36,78410.27,78390.01,78404.59,13907
1783409580,2026-07-07T13:03:00,78404.74,78412.02,78395.8,78399.04,18300
1783409640,2026-07-07T13:04:00,78399.04,78405.27,78393.05,78405.27,19569
1783409700,2026-07-07T13:05:00,78401.82,78409.62,78387.28,78387.28,17484
1783409760,2026-07-07T13:06:00,78389.1,78395.01,78384.62,78389.26,6779
1783409820,2026-07-07T13:07:00,78389.26,78392.32,78378.5,78381.69,12800
1783409880,2026-07-07T13:08:00,78380.59,78381.94,78365.94,78365.94,19566
1783409940,2026-07-07T13:09:00,78362.87,78365.38,78355.53,78359.58,13727
1783410000,2026-07-07T13:10:00,78359.58,78378.36,78355.57,78361.26,15133
1783410060,2026-07-07T13:11:00,78361.71,78371.14,78315.87,78323.8,47811
1783410120,2026-07-07T13:12:00,78320.34,78320.37,78287.08,78287.08,30581
1783410180,2026-07-07T13:13:00,78286.74,78298.46,78282.6,78295.45,32284
1783410240,2026-07-07T13:14:00,78295.45,78321.9,78291.92,78317.77,15634
1783410300,2026-07-07T13:15:00,78317.77,78324.92,78298.96,78301.07,26951
1783410360,2026-07-07T13:16:00,78300.09,78315.06,78279.13,78298.32,17501
1783410420,2026-07-07T13:17:00,78298.12,78304.14,78288.07,78296.14,10425
1783410480,2026-07-07T13:18:00,78295.21,78299.27,78277.95,78277.95,14109
1783410540,2026-07-07T13:19:00,78280.84,78287.39,78273.81,78273.85,23006
1783410600,2026-07-07T13:20:00,78274.48,78282.22,78266.93,78276.54,18406
1783410660,2026-07-07T13:21:00,78282.78,78293.71,78273.72,78289.92,9508
1783410720,2026-07-07T13:22:00,78291.24,78299.67,78286.68,78289.17,9041
1783410780,2026-07-07T13:23:00,78285.12,78291.89,78277.32,78289.3,31521
1783410840,2026-07-07T13:24:00,78291.1,78296.89,78281.01,78287.3,24535
1783410900,2026-07-07T13:25:00,78287.3,78309.71,78277.99,78308.36,10564
1783410960,2026-07-07T13:26:00,78307.45,78318.23,78304.42,78314.82,11877
1783411020,2026-07-07T13:27:00,78315.66,78343.15,78314.27,78330.77,11813
1783411080,2026-07-07T13:28:00,78329.26,78339.9,78321.74,78328.38,15616
1783411140,2026-07-07T13:29:00,78328.38,78331.32,78317.11,78330.41,15117
1783411200,2026-07-07T13:30:00,78330.26,78337.74,78309.3,78309.68,18991
1783411260,2026-07-07T13:31:00,78309.98,78312.91,78299.58,78299.58,11063
1783411320,2026-07-07T13:32:00,78295.41,78318.72,78291.65,78318.72,10588
1783411380,2026-07-07T13:33:00,78318.1,78325.03,78305.63,78316.1,7481
1783411440,2026-07-07T13:34:00,78315.98,78318.68,78294.5,78294.5,12293
1783411500,2026-07-07T13:35:00,78296.5,78320.03,78295.8,78309.79,41336
1783411560,2026-07-07T13:36:00,78314.67,78315.13,78287.17,78287.17,12127
1783411620,2026-07-07T13:37:00,78292.46,78305.6,78287.5,78289.25,16852
1783411680,2026-07-07T13:38:00,78288.91,78300.1,78262.84,78266.43,15049
1783411740,2026-07-07T13:39:00,78265.94,78278.85,78250.28,78274.54,21784
1783411800,2026-07-07T13:40:00,78274.68,78300.31,78274.68,78281.06,10869
1783411860,2026-07-07T13:41:00,78281.28,78302.34,78281.28,78288.68,15312
1783411920,2026-07-07T13:42:00,78288.68,78312.96,78287.25,78310.34,12006
1783411980,2026-07-07T13:43:00,78313.27,78333.95,78313.27,78328.65,9381
1783412040,2026-07-07T13:44:00,78328.65,78343.86,78326.58,78332.86,12308
1783412100,2026-07-07T13:45:00,78331.64,78336.27,78323.49,78323.49,6341
1783412160,2026-07-07T13:46:00,78325.93,78361.01,78325.93,78346.57,25317
1783412220,2026-07-07T13:47:00,78347.52,78347.52,78325.86,78332.16,14648
1783412280,2026-07-07T13:48:00,78332.16,78342.84,78324.21,78333.3,5135
1783412340,2026-07-07T13:49:00,78334.09,78342.33,78317.05,78317.05,34598
1783412400,2026-07-07T13:50:00,78317.05,78319.64,78303.59,78316.4,26427
1783412460,2026-07-07T13:51:00,78316.4,78338.59,78312.87,78329.64,10294
1783412520,2026-07-07T13:52:00,78327.42,78345.6,78321.71,78331.43,29901
1783412580,2026-07-07T13:53:00,78331.89,78343.28,78317.88,78320.1,37851
1783412640,2026-07-07T13:54:00,78321.35,78337.05,78311.2,78312.18,17591
1783412700,2026-07-07T13:55:00,78312.05,78328.27,78311.37,78320.02,42350
1783412760,2026-07-07T13:56:00,78321.23,78338.95,78321.23,78326.68,12497
1783412820,2026-07-07T13:57:00,78327.07,78352.78,78323.04,78348.16,12584
1783412880,2026-07-07T13:58:00,78348.84,78375.46,78339.01,78360.03,27047
1783412940,2026-07-07T13:59:00,78358.49,78384.83,78357.27,78372.03,22012
1783413000,2026-07-07T14:00:00,78372.11,78377.12,78344.55,78345.51,16938
1783413060,2026-07-07T14:01:00,78347.13,78366.98,78339.31,78364.46,19076
1783413120,2026-07-07T14:02:00,78362.43,78372.54,78354.96,78361.42,16889
1783413180,2026-07-07T14:03:00,78353.94,78380.55,78353.94,78376.87,11386
1783413240,2026-07-07T14:04:00,78377.56,78381.68,78365.83,78365.83,8912
1783413300,2026-07-07T14:05:00,78373.82,78391.57,78373.82,78382.54,9748
1783413360,2026-07-07T14:06:00,78382.51,78390.25,78371.93,78371.93,8775
1783413420,2026-07-07T14:07:00,78371.12,78396.72,78370.57,78375.55,11679
1783413480,2026-07-07T14:08:00,78375.55,78404.09,78375.44,78395.56,11755
1783413540,2026-07-07T14:09:00,78395.56,78413.33,78392.9,78402.22,17130
1783413600,2026-07-07T14:10:00,78403.17,78424.18,78403.17,78405.54,23934
1783413660,2026-07-07T14:11:00,78405.77,78408.45,78388.18,78399.46,31154
1783413720,2026-07-07T14:12:00,78399.25,78404.5,78393.55,78394.79,13405
1783413780,2026-07-07T14:13:00,78394.78,78411.23,78391.95,78404.18,14608
1783413840,2026-07-07T14:14:00,78404.97,78413.73,78399.14,78408.38,17146
1783413900,2026-07-07T14:15:00,78408.53,78411.53,78391.52,78398.9,12088
1783413960,2026-07-07T14:16:00,78403.69,78403.84,78374.97,78380.56,13093
1783414020,2026-07-07T14:17:00,78379.97,78387.73,78359.88,78384.03,10699
1783414080,2026-07-07T14:18:00,78382.28,78383.87,78366.79,78376.8,12014
1783414140,2026-07-07T14:19:00,78377.18,78396.8,78375.42,78389.03,12305
1783414200,2026-07-07T14:20:00,78389.26,78389.26,78374.53,78383.71,9428
1783414260,2026-07-07T14:21:00,78383.06,78385.11,78363.8,78364.79,12252
1783414320,2026-07-07T14:22:00,78359.86,78375.27,78358.55,78363.56,8915
1783414380,2026-07-07T14:23:00,78361.5,78386.51,78361.5,78376.43,9738
1783414440,2026-07-07T14:24:00,78375.39,78375.39,78350.2,78351.67,11684
1783414500,2026-07-07T14:25:00,78359.12,78366.82,78352.4,78359.5,25606
1783414560,2026-07-07T14:26:00,78364.18,78370.78,78358.39,78365.53,8362
1783414620,2026-07-07T14:27:00,78365.88,78379.87,78360.18,78374.83,9498
1783414680,2026-07-07T14:28:00,78375.51,78382.09,78362.49,78367.26,14221
1783414740,2026-07-07T14:29:00,78367.26,78381.02,78366.35,78370.15,12012
1783414800,2026-07-07T14:30:00,78376.01,78386.45,78370.88,78380.73,23250
1783414860,2026-07-07T14:31:00,78387.29,78390.2,78375.25,78384.13,20358
1783414920,2026-07-07T14:32:00,78382.22,78398.88,78380.53,78385.76,14010
1783414980,2026-07-07T14:33:00,78385.37,78398.47,78382.41,78398.47,14306
1783415040,2026-07-07T14:34:00,78398.42,78398.42,78374.54,78376.82,14397
1783415100,2026-07-07T14:35:00,78375.22,78402.04,78375.22,78397.82,25900
1783415160,2026-07-07T14:36:00,78394.85,78403.25,78392.24,78400.0,23946
1783415220,2026-07-07T14:37:00,78411.87,78424.03,78409.08,78417.07,208735
1783415280,2026-07-07T14:38:00,78417.22,78420.03,78408.41,78413.04,32971
1783415340,2026-07-07T14:39:00,78413.58,78423.03,78401.38,78417.58,22349
1783415400,2026-07-07T14:40:00,78418.97,78418.97,78376.96,78377.72,28263
1783415460,2026-07-07T14:41:00,78373.68,78390.46,78372.54,78378.97,10643
1783415520,2026-07-07T14:42:00,78376.68,78412.37,78376.04,78412.37,26563
1783415580,2026-07-07T14:43:00,78410.67,78414.93,78401.11,78409.87,21506
1783415640,2026-07-07T14:44:00,78409.49,78414.44,78402.3,78413.9,32734
1783415700,2026-07-07T14:45:00,78415.64,78420.51,78406.76,78419.08,28466
1783415760,2026-07-07T14:46:00,78419.04,78426.42,78410.21,78415.53,10056
1783415820,2026-07-07T14:47:00,78415.91,78429.24,78410.64,78418.18,11387
1783415880,2026-07-07T14:48:00,78419.36,78425.34,78392.6,78396.93,30062
1783415940,2026-07-07T14:49:00,78396.2,78421.51,78395.85,78417.94,10773
1783416000,2026-07-07T14:50:00,78419.34,78429.2,78408.05,78418.77,11533
1783416060,2026-07-07T14:51:00,78419.96,78427.31,78406.99,78422.46,13376
1783416120,2026-07-07T14:52:00,78422.46,78425.71,78409.37,78420.38,18285
1783416180,2026-07-07T14:53:00,78419.54,78422.87,78405.02,78408.63,9270
1783416240,2026-07-07T14:54:00,78408.63,78419.32,78406.7,78409.44,21613
1783416300,2026-07-07T14:55:00,78409.81,78424.59,78409.81,78414.68,32193
1783416360,2026-07-07T14:56:00,78412.87,78418.83,78395.95,78408.87,27249
1783416420,2026-07-07T14:57:00,78406.84,78433.72,78404.74,78415.2,15966
1783416480,2026-07-07T14:58:00,78415.51,78421.32,78391.59,78401.3,28071
1783416540,2026-07-07T14:59:00,78399.38,78399.38,78375.4,78382.84,28945
1783416600,2026-07-07T15:00:00,78380.16,78393.47,78324.39,78330.39,42028
1783416660,2026-07-07T15:01:00,78329.36,78335.33,78296.52,78296.52,20319
1783416720,2026-07-07T15:02:00,78296.52,78297.64,78236.63,78253.27,105603
1783416780,2026-07-07T15:03:00,78251.06,78306.88,78251.06,78294.3,16647
1783416840,2026-07-07T15:04:00,78301.25,78303.51,78267.86,78285.0,22055
1783416900,2026-07-07T15:05:00,78287.9,78288.1,78238.48,78245.54,23662
1783416960,2026-07-07T15:06:00,78244.57,78277.36,78243.16,78274.53,62547
1783417020,2026-07-07T15:07:00,78274.11,78274.11,78249.57,78262.27,92157
1783417080,2026-07-07T15:08:00,78263.1,78290.51,78240.06,78241.25,24633
1783417140,2026-07-07T15:09:00,78233.79,78264.06,78228.12,78229.78,28623
1783417200,2026-07-07T15:10:00,78230.88,78230.88,78200.68,78201.45,34723
1783417260,2026-07-07T15:11:00,78199.71,78199.71,78171.93,78184.37,30399
1783417320,2026-07-07T15:12:00,78186.9,78198.22,78169.97,78173.87,25821
1783417380,2026-07-07T15:13:00,78171.9,78191.9,78169.94,78178.58,30287
1783417440,2026-07-07T15:14:00,78195.53,78200.38,78180.26,78196.24,18533
1783417500,2026-07-07T15:15:00,78192.11,78211.77,78191.65,78204.82,34073
1783417560,2026-07-07T15:16:00,78211.72,78211.72,78180.49,78189.13,52636
1783417620,2026-07-07T15:17:00,78187.65,78191.72,78166.64,78171.43,50739
1783417680,2026-07-07T15:18:00,78170.95,78176.14,78156.79,78165.77,35552
1783417740,2026-07-07T15:19:00,78161.51,78184.81,78157.93,78183.14,29503
1783417800,2026-07-07T15:20:00,78181.59,78185.02,78159.35,78159.6,27899
1783417860,2026-07-07T15:21:00,78163.9,78166.75,78136.87,78138.28,85800
1783417920,2026-07-07T15:22:00,78138.5,78145.48,78115.47,78117.13,20543
1783417980,2026-07-07T15:23:00,78114.35,78121.57,78103.79,78109.14,58157
1783418040,2026-07-07T15:24:00,78106.17,78116.37,78097.38,78104.33,48031
1783418100,2026-07-07T15:25:00,78099.57,78117.96,78089.89,78093.67,22038
1783418160,2026-07-07T15:26:00,78093.67,78093.67,78053.69,78066.49,35162
1783418220,2026-07-07T15:27:00,78066.0,78100.55,78059.61,78076.1,39414
1783418280,2026-07-07T15:28:00,78075.53,78089.21,78052.19,78072.76,72196
1783418340,2026-07-07T15:29:00,78064.91,78098.02,78031.04,78079.08,44371
1783482300,2026-07-08T09:15:00,77816.45,77816.45,77611.91,77750.81,286252
1783482360,2026-07-08T09:16:00,77769.37,77840.71,77732.18,77812.96,184461
1783482420,2026-07-08T09:17:00,77803.77,77809.35,77748.02,77761.74,146141
1783482480,2026-07-08T09:18:00,77770.78,77796.87,77769.13,77773.69,85580
1783482540,2026-07-08T09:19:00,77780.35,77842.5,77775.14,77833.13,89164
1783482600,2026-07-08T09:20:00,77825.66,77850.46,77796.28,77797.81,82449
1783482660,2026-07-08T09:21:00,77806.21,77809.15,77774.59,77789.05,81015
1783482720,2026-07-08T09:22:00,77781.16,77793.24,77746.19,77746.19,50528
1783482780,2026-07-08T09:23:00,77749.13,77760.96,77728.18,77736.06,96851
1783482840,2026-07-08T09:24:00,77743.18,77750.17,77692.73,77693.18,97307
1783482900,2026-07-08T09:25:00,77680.05,77683.38,77642.17,77668.27,55524
1783482960,2026-07-08T09:26:00,77667.13,77676.4,77647.22,77661.89,64359
1783483020,2026-07-08T09:27:00,77661.62,77664.09,77641.4,77652.28,55182
1783483080,2026-07-08T09:28:00,77650.65,77654.62,77627.71,77646.49,93168
1783483140,2026-07-08T09:29:00,77645.1,77659.04,77620.36,77659.04,59528
1783483200,2026-07-08T09:30:00,77657.84,77657.84,77603.66,77620.59,70639
1783483260,2026-07-08T09:31:00,77626.84,77632.99,77594.39,77631.85,69907
1783483320,2026-07-08T09:32:00,77630.82,77647.66,77623.2,77644.31,49932
1783483380,2026-07-08T09:33:00,77646.1,77658.72,77599.82,77599.82,44219
1783483440,2026-07-08T09:34:00,77601.31,77606.29,77561.31,77590.36,68554
1783483500,2026-07-08T09:35:00,77591.14,77631.14,77589.37,77605.57,46957
1783483560,2026-07-08T09:36:00,77606.43,77607.59,77566.55,77585.92,37381
1783483620,2026-07-08T09:37:00,77585.59,77586.47,77555.52,77577.05,61666
1783483680,2026-07-08T09:38:00,77576.48,77600.68,77561.93,77600.23,30161
1783483740,2026-07-08T09:39:00,77600.12,77604.66,77582.36,77585.24,30534
1783483800,2026-07-08T09:40:00,77584.47,77594.47,77569.24,77590.58,39021
1783483860,2026-07-08T09:41:00,77590.89,77644.15,77582.95,77642.65,47417
1783483920,2026-07-08T09:42:00,77640.68,77644.76,77598.59,77608.97,32821
1783483980,2026-07-08T09:43:00,77611.19,77626.33,77605.77,77616.74,21066
1783484040,2026-07-08T09:44:00,77614.13,77624.64,77609.33,77617.94,34325
1783484100,2026-07-08T09:45:00,77615.16,77633.98,77611.74,77632.74,18522
1783484160,2026-07-08T09:46:00,77628.71,77659.04,77623.76,77658.06,16737
1783484220,2026-07-08T09:47:00,77661.96,77664.2,77646.26,77662.29,30958
1783484280,2026-07-08T09:48:00,77668.68,77676.27,77657.32,77675.47,32317
1783484340,2026-07-08T09:49:00,77675.83,77694.81,77668.54,77694.43,24570
1783484400,2026-07-08T09:50:00,77699.16,77716.92,77688.27,77709.26,27963
1783484460,2026-07-08T09:51:00,77699.67,77706.86,77689.53,77690.11,43902
1783484520,2026-07-08T09:52:00,77691.66,77741.91,77691.29,77726.34,31338
1783484580,2026-07-08T09:53:00,77733.25,77754.82,77724.6,77742.85,46080
1783484640,2026-07-08T09:54:00,77744.81,77756.7,77707.24,77709.74,27983
1783484700,2026-07-08T09:55:00,77711.5,77749.41,77702.59,77749.41,32803
1783484760,2026-07-08T09:56:00,77750.31,77750.31,77726.52,77730.92,28274
1783484820,2026-07-08T09:57:00,77734.06,77738.25,77694.09,77698.03,23013
1783484880,2026-07-08T09:58:00,77697.78,77700.64,77669.03,77700.64,19922
1783484940,2026-07-08T09:59:00,77698.77,77721.29,77698.21,77700.41,27983
1783485000,2026-07-08T10:00:00,77705.7,77715.87,77690.02,77694.0,16970
1783485060,2026-07-08T10:01:00,77692.11,77692.11,77668.81,77671.98,18069
1783485120,2026-07-08T10:02:00,77672.02,77703.16,77670.73,77701.43,15410
1783485180,2026-07-08T10:03:00,77700.61,77700.61,77672.01,77689.79,19776
1783485240,2026-07-08T10:04:00,77687.25,77690.5,77662.01,77668.58,55064
1783485300,2026-07-08T10:05:00,77669.68,77672.78,77661.44,77663.83,28778
1783485360,2026-07-08T10:06:00,77663.68,77670.97,77646.58,77667.95,94303
1783485420,2026-07-08T10:07:00,77670.23,77686.68,77669.38,77678.33,16977
1783485480,2026-07-08T10:08:00,77674.16,77684.77,77662.52,77664.85,37983
1783485540,2026-07-08T10:09:00,77667.27,77683.81,77658.6,77683.71,16896
1783485600,2026-07-08T10:10:00,77685.02,77723.97,77671.81,77723.97,29241
1783485660,2026-07-08T10:11:00,77724.92,77735.57,77718.79,77725.76,103531
1783485720,2026-07-08T10:12:00,77728.72,77745.66,77716.25,77716.25,24859
1783485780,2026-07-08T10:13:00,77711.08,77714.53,77675.27,77679.49,24712
1783485840,2026-07-08T10:14:00,77680.08,77684.66,77667.15,77667.46,14112
1783485900,2026-07-08T10:15:00,77668.24,77670.37,77649.53,77656.4,23844
1783485960,2026-07-08T10:16:00,77657.81,77664.38,77645.3,77651.79,19437
1783486020,2026-07-08T10:17:00,77650.37,77660.3,77640.03,77640.82,22234
1783486080,2026-07-08T10:18:00,77643.47,77655.97,77630.63,77650.16,26365
1783486140,2026-07-08T10:19:00,77653.09,77709.57,77653.09,77699.06,32136
1783486200,2026-07-08T10:20:00,77702.01,77706.16,77682.81,77685.62,33289
1783486260,2026-07-08T10:21:00,77683.35,77694.58,77675.32,77681.64,13654
1783486320,2026-07-08T10:22:00,77680.83,77685.18,77667.67,77669.85,23621
1783486380,2026-07-08T10:23:00,77670.65,77673.38,77655.34,77658.18,515267
1783486440,2026-07-08T10:24:00,77661.92,77669.4,77627.96,77627.96,20932
1783486500,2026-07-08T10:25:00,77619.48,77623.78,77605.58,77613.63,22697
1783486560,2026-07-08T10:26:00,77612.42,77640.8,77610.47,77639.38,14874
1783486620,2026-07-08T10:27:00,77635.87,77657.65,77632.67,77655.76,11697
1783486680,2026-07-08T10:28:00,77659.51,77685.51,77658.5,77679.97,35213
1783486740,2026-07-08T10:29:00,77680.64,77695.61,77677.28,77695.61,21438
1783486800,2026-07-08T10:30:00,77691.9,77724.39,77691.9,77712.81,30617
1783486860,2026-07-08T10:31:00,77711.56,77741.54,77709.23,77731.6,12815
1783486920,2026-07-08T10:32:00,77733.06,77734.31,77707.7,77716.74,13767
1783486980,2026-07-08T10:33:00,77716.74,77720.63,77699.01,77706.93,13968
1783487040,2026-07-08T10:34:00,77706.4,77717.31,77701.33,77709.67,13169
1783487100,2026-07-08T10:35:00,77709.87,77725.05,77703.27,77725.05,14270
1783487160,2026-07-08T10:36:00,77725.05,77741.9,77719.4,77741.9,26986
1783487220,2026-07-08T10:37:00,77740.75,77780.48,77735.1,77778.55,37301
1783487280,2026-07-08T10:38:00,77778.89,77796.43,77766.06,77785.62,11875
1783487340,2026-07-08T10:39:00,77784.23,77807.31,77783.2,77807.31,11997
1783487400,2026-07-08T10:40:00,77806.91,77806.91,77785.03,77798.63,20073
1783487460,2026-07-08T10:41:00,77798.63,77816.07,77785.39,77815.77,33775
1783487520,2026-07-08T10:42:00,77818.76,77830.41,77810.91,77828.32,56246
1783487580,2026-07-08T10:43:00,77828.32,77843.66,77822.72,77843.51,18263
1783487640,2026-07-08T10:44:00,77840.75,77844.58,77801.22,77801.38,19881
1783487700,2026-07-08T10:45:00,77800.54,77800.54,77780.63,77793.93,23216
1783487760,2026-07-08T10:46:00,77794.35,77802.79,77784.47,77784.84,27455
1783487820,2026-07-08T10:47:00,77783.97,77792.71,77769.63,77769.63,12153
1783487880,2026-07-08T10:48:00,77765.34,77782.88,77761.54,77782.88,14372
1783487940,2026-07-08T10:49:00,77782.88,77784.7,77771.94,77784.7,10549
1783488000,2026-07-08T10:50:00,77784.7,77785.55,77770.86,77774.83,16266
1783488060,2026-07-08T10:51:00,77774.97,77799.87,77773.67,77789.48,89570
1783488120,2026-07-08T10:52:00,77789.54,77797.21,77774.04,77781.75,166727
1783488180,2026-07-08T10:53:00,77781.75,77796.1,77775.71,77784.32,9784
1783488240,2026-07-08T10:54:00,77784.68,77784.68,77772.37,77776.08,18332
1783488300,2026-07-08T10:55:00,77775.98,77784.65,77763.63,77782.19,18644
1783488360,2026-07-08T10:56:00,77782.54,77807.76,77779.92,77807.76,12002
1783488420,2026-07-08T10:57:00,77808.1,77820.78,77804.34,77816.85,10972
1783488480,2026-07-08T10:58:00,77817.62,77828.6,77810.94,77828.6,15890
1783488540,2026-07-08T10:59:00,77830.46,77835.28,77818.24,77832.1,22490
1783488600,2026-07-08T11:00:00,77833.32,77845.42,77818.6,77818.6,17263
1783488660,2026-07-08T11:01:00,77818.52,77835.9,77818.52,77828.57,18250
1783488720,2026-07-08T11:02:00,77829.77,77848.69,77829.77,77842.26,9282
1783488780,2026-07-08T11:03:00,77839.79,77839.79,77808.35,77818.83,12219
1783488840,2026-07-08T11:04:00,77819.97,77823.21,77811.01,77823.21,78418
1783488900,2026-07-08T11:05:00,77822.86,77841.33,77816.31,77818.24,23802
1783488960,2026-07-08T11:06:00,77820.98,77821.97,77800.19,77805.34,39320
1783489020,2026-07-08T11:07:00,77802.52,77807.2,77794.72,77801.47,7610
1783489080,2026-07-08T11:08:00,77801.18,77811.64,77800.19,77808.78,14722
1783489140,2026-07-08T11:09:00,77808.78,77824.88,77808.78,77818.81,29208
1783489200,2026-07-08T11:10:00,77820.43,77820.43,77795.22,77803.44,18078
1783489260,2026-07-08T11:11:00,77800.4,77807.35,77792.17,77806.0,26749
1783489320,2026-07-08T11:12:00,77808.82,77840.8,77807.67,77835.48,37186
1783489380,2026-07-08T11:13:00,77834.88,77851.18,77829.15,77836.33,12785
1783489440,2026-07-08T11:14:00,77836.21,77842.74,77821.62,77822.42,6950
1783489500,2026-07-08T11:15:00,77822.72,77824.98,77806.55,77812.33,23549
1783489560,2026-07-08T11:16:00,77811.87,77812.18,77796.18,77808.36,22204
1783489620,2026-07-08T11:17:00,77810.15,77820.01,77808.47,77818.16,42712
1783489680,2026-07-08T11:18:00,77820.66,77824.29,77768.25,77768.25,34754
1783489740,2026-07-08T11:19:00,77764.02,77820.56,77757.25,77819.42,95624
1783489800,2026-07-08T11:20:00,77820.3,77833.08,77802.12,77817.73,43265
1783489860,2026-07-08T11:21:00,77817.76,77817.76,77757.15,77757.68,31821
1783489920,2026-07-08T11:22:00,77765.05,77788.64,77762.07,77788.61,13005
1783489980,2026-07-08T11:23:00,77787.57,77795.21,77777.84,77785.32,154024
1783490040,2026-07-08T11:24:00,77784.5,77811.41,77778.81,77810.37,21138
1783490100,2026-07-08T11:25:00,77809.44,77837.05,77808.09,77825.18,12796
1783490160,2026-07-08T11:26:00,77824.95,77829.48,77810.45,77810.88,30705
1783490220,2026-07-08T11:27:00,77810.85,77825.39,77803.08,77824.17,21900
1783490280,2026-07-08T11:28:00,77820.99,77828.81,77809.15,77816.99,13267
1783490340,2026-07-08T11:29:00,77816.99,77816.99,77795.72,77798.38,12760
1783490400,2026-07-08T11:30:00,77801.71,77806.48,77780.38,77791.95,15053
1783490460,2026-07-08T11:31:00,77793.39,77803.41,77784.4,77799.19,77621
1783490520,2026-07-08T11:32:00,77797.19,77800.09,77781.48,77781.97,26445
1783490580,2026-07-08T11:33:00,77782.54,77782.54,77764.74,77764.74,22878
1783490640,2026-07-08T11:34:00,77764.36,77764.36,77745.18,77754.45,32439
1783490700,2026-07-08T11:35:00,77760.51,77764.26,77721.44,77721.77,12467
1783490760,2026-07-08T11:36:00,77720.7,77757.25,77720.12,77757.25,26456
1783490820,2026-07-08T11:37:00,77755.84,77758.39,77739.6,77750.56,7582
1783490880,2026-07-08T11:38:00,77749.56,77758.14,77742.74,77743.05,10792
1783490940,2026-07-08T11:39:00,77743.16,77749.11,77736.46,77748.0,18591
1783491000,2026-07-08T11:40:00,77744.14,77761.82,77742.11,77745.85,14090
1783491060,2026-07-08T11:41:00,77744.4,77752.12,77725.94,77732.57,11043
1783491120,2026-07-08T11:42:00,77733.41,77734.1,77727.4,77730.47,19141
1783491180,2026-07-08T11:43:00,77730.87,77741.74,77730.87,77739.57,15914
1783491240,2026-07-08T11:44:00,77734.22,77734.22,77707.49,77718.35,21108
1783491300,2026-07-08T11:45:00,77718.35,77736.13,77718.35,77726.61,7893
1783491360,2026-07-08T11:46:00,77726.64,77728.63,77701.74,77703.28,11117
1783491420,2026-07-08T11:47:00,77703.28,77725.58,77702.83,77716.84,21631
1783491480,2026-07-08T11:48:00,77715.2,77719.28,77704.47,77716.24,6401
1783491540,2026-07-08T11:49:00,77714.12,77719.71,77687.6,77687.77,17159
1783491600,2026-07-08T11:50:00,77688.47,77701.15,77686.27,77699.54,13411
1783491660,2026-07-08T11:51:00,77699.7,77701.97,77680.54,77686.87,6198
1783491720,2026-07-08T11:52:00,77686.17,77691.62,77676.17,77684.78,14691
1783491780,2026-07-08T11:53:00,77686.82,77701.75,77682.9,77700.31,9033
1783491840,2026-07-08T11:54:00,77700.35,77701.5,77685.46,77697.83,10485
1783491900,2026-07-08T11:55:00,77699.05,77720.95,77698.11,77707.31,8338
1783491960,2026-07-08T11:56:00,77707.75,77712.83,77651.83,77655.02,15936
1783492020,2026-07-08T11:57:00,77651.02,77653.64,77636.82,77646.78,5922
1783492080,2026-07-08T11:58:00,77646.16,77682.07,77646.16,77682.07,9842
1783492140,2026-07-08T11:59:00,77684.24,77686.93,77670.35,77682.92,14645
1783492200,2026-07-08T12:00:00,77682.62,77692.47,77668.26,77677.26,18332
1783492260,2026-07-08T12:01:00,77675.29,77684.43,77656.7,77664.41,53479
1783492320,2026-07-08T12:02:00,77662.5,77672.02,77658.53,77660.5,12097
1783492380,2026-07-08T12:03:00,77660.16,77667.34,77653.13,77653.13,20705
1783492440,2026-07-08T12:04:00,77658.62,77660.17,77642.79,77650.43,5567
1783492500,2026-07-08T12:05:00,77648.73,77654.14,77642.17,77645.76,5612
1783492560,2026-07-08T12:06:00,77647.69,77661.28,77640.46,77645.62,10336
1783492620,2026-07-08T12:07:00,77648.3,77660.11,77639.97,77646.13,68426
1783492680,2026-07-08T12:08:00,77641.69,77650.6,77619.76,77622.18,12923
1783492740,2026-07-08T12:09:00,77622.41,77629.83,77605.36,77607.99,13866
1783492800,2026-07-08T12:10:00,77608.69,77613.57,77592.24,77597.06,59888
1783492860,2026-07-08T12:11:00,77596.83,77627.93,77596.83,77626.09,15504
1783492920,2026-07-08T12:12:00,77628.65,77629.41,77607.7,77616.13,13860
1783492980,2026-07-08T12:13:00,77617.42,77619.98,77602.07,77605.94,15335
1783493040,2026-07-08T12:14:00,77605.94,77609.97,77591.99,77593.24,24871
1783493100,2026-07-08T12:15:00,77589.82,77598.16,77573.74,77577.35,22603
1783493160,2026-07-08T12:16:00,77577.75,77577.75,77552.63,77557.15,12483
1783493220,2026-07-08T12:17:00,77555.62,77585.54,77549.98,77585.54,13090
1783493280,2026-07-08T12:18:00,77586.93,77621.27,77585.86,77621.27,13888
1783493340,2026-07-08T12:19:00,77622.6,77636.5,77622.6,77627.77,9377
1783493400,2026-07-08T12:20:00,77627.77,77632.8,77620.57,77628.02,6361
1783493460,2026-07-08T12:21:00,77626.47,77627.11,77603.64,77609.19,9541
1783493520,2026-07-08T12:22:00,77607.46,77614.91,77599.38,77602.34,6758
1783493580,2026-07-08T12:23:00,77601.94,77603.33,77583.29,77587.27,12310
1783493640,2026-07-08T12:24:00,77583.77,77585.86,77560.65,77561.77,13210
1783493700,2026-07-08T12:25:00,77560.86,77574.29,77551.88,77570.94,4897
1783493760,2026-07-08T12:26:00,77567.01,77574.44,77553.32,77573.34,11731
1783493820,2026-07-08T12:27:00,77573.34,77576.81,77560.54,77572.57,12486
1783493880,2026-07-08T12:28:00,77572.05,77572.05,77544.65,77551.27,12571
1783493940,2026-07-08T12:29:00,77548.69,77554.23,77534.71,77548.96,11950
1783494000,2026-07-08T12:30:00,77551.27,77554.88,77540.48,77542.83,17901
1783494060,2026-07-08T12:31:00,77541.71,77544.69,77499.02,77499.32,19478
1783494120,2026-07-08T12:32:00,77499.32,77534.53,77498.7,77529.95,12988
1783494180,2026-07-08T12:33:00,77531.1,77539.6,77517.03,77517.03,10383
1783494240,2026-07-08T12:34:00,77521.23,77527.18,77507.11,77507.11,12360
1783494300,2026-07-08T12:35:00,77507.65,77519.7,77506.56,77515.87,13078
1783494360,2026-07-08T12:36:00,77509.19,77516.13,77504.84,77509.57,6569
1783494420,2026-07-08T12:37:00,77512.52,77520.36,77508.51,77520.31,15350
1783494480,2026-07-08T12:38:00,77520.42,77526.2,77508.64,77511.98,11206
1783494540,2026-07-08T12:39:00,77512.34,77512.34,77497.31,77506.88,9322
1783494600,2026-07-08T12:40:00,77502.71,77510.42,77493.6,77497.23,9007
1783494660,2026-07-08T12:41:00,77497.23,77514.11,77497.23,77508.89,6488
1783494720,2026-07-08T12:42:00,77509.19,77516.0,77492.55,77495.78,8810
1783494780,2026-07-08T12:43:00,77498.86,77505.86,77483.81,77494.77,46002
1783494840,2026-07-08T12:44:00,77495.03,77537.89,77490.45,77537.89,14595
1783494900,2026-07-08T12:45:00,77537.93,77551.37,77532.77,77534.39,12853
1783494960,2026-07-08T12:46:00,77533.87,77545.28,77530.81,77541.87,7710
1783495020,2026-07-08T12:47:00,77541.87,77557.73,77533.38,77547.18,7267
1783495080,2026-07-08T12:48:00,77546.41,77546.41,77529.31,77529.31,32854
1783495140,2026-07-08T12:49:00,77529.31,77547.22,77527.5,77534.29,5184
1783495200,2026-07-08T12:50:00,77534.29,77557.13,77533.22,77557.13,6187
1783495260,2026-07-08T12:51:00,77557.32,77578.05,77555.6,77572.74,11606
1783495320,2026-07-08T12:52:00,77573.44,77576.49,77553.64,77557.5,16626
1783495380,2026-07-08T12:53:00,77556.88,77557.14,77547.0,77555.73,11279
1783495440,2026-07-08T12:54:00,77554.21,77583.87,77553.05,77583.87,19076
1783495500,2026-07-08T12:55:00,77583.56,77604.71,77578.86,77578.86,22569
1783495560,2026-07-08T12:56:00,77579.2,77580.88,77571.0,77572.73,8572
1783495620,2026-07-08T12:57:00,77572.48,77589.53,77570.18,77579.79,9290
1783495680,2026-07-08T12:58:00,77579.79,77597.85,77578.9,77596.95,9221
1783495740,2026-07-08T12:59:00,77597.21,77602.47,77581.03,77589.28,9977
1783495800,2026-07-08T13:00:00,77591.16,77598.96,77579.9,77593.34,16427
1783495860,2026-07-08T13:01:00,77593.34,77602.96,77583.61,77599.93,9637
1783495920,2026-07-08T13:02:00,77599.67,77609.46,77589.16,77606.74,10087
1783495980,2026-07-08T13:03:00,77606.74,77621.88,77599.25,77621.14,8054
1783496040,2026-07-08T13:04:00,77622.3,77629.52,77613.36,77622.94,9761
1783496100,2026-07-08T13:05:00,77622.2,77624.48,77612.24,77613.63,20060
1783496160,2026-07-08T13:06:00,77611.12,77636.26,77602.97,77636.26,13339
1783496220,2026-07-08T13:07:00,77636.09,77640.21,77628.58,77630.95,9766
1783496280,2026-07-08T13:08:00,77630.52,77630.52,77615.54,77615.54,12011
1783496340,2026-07-08T13:09:00,77611.82,77614.59,77587.9,77587.9,10019
1783496400,2026-07-08T13:10:00,77588.89,77591.88,77574.46,77574.66,15380
1783496460,2026-07-08T13:11:00,77574.89,77600.05,77574.89,77598.65,7529
1783496520,2026-07-08T13:12:00,77598.78,77601.05,77590.1,77595.63,7678
1783496580,2026-07-08T13:13:00,77595.08,77595.49,77581.35,77588.53,10719
1783496640,2026-07-08T13:14:00,77588.0,77593.12,77582.34,77587.0,8148
1783496700,2026-07-08T13:15:00,77590.02,77593.62,77575.6,77576.54,11888
1783496760,2026-07-08T13:16:00,77574.8,77581.59,77567.68,77575.11,8601
1783496820,2026-07-08T13:17:00,77575.23,77585.44,77567.33,77582.44,10417
1783496880,2026-07-08T13:18:00,77583.35,77599.31,77579.18,77593.92,13758
1783496940,2026-07-08T13:19:00,77594.86,77617.23,77580.16,77617.23,17609
1783497000,2026-07-08T13:20:00,77618.32,77629.68,77607.66,77611.02,15005
1783497060,2026-07-08T13:21:00,77611.88,77611.88,77584.94,77600.28,7733
1783497120,2026-07-08T13:22:00,77599.91,77610.24,77595.38,77595.38,12214
1783497180,2026-07-08T13:23:00,77598.12,77605.33,77585.81,77604.89,10499
1783497240,2026-07-08T13:24:00,77605.59,77623.36,77604.73,77614.14,34172
1783497300,2026-07-08T13:25:00,77613.79,77626.57,77606.52,77609.69,14549
1783497360,2026-07-08T13:26:00,77610.05,77632.27,77604.85,77622.42,79969
1783497420,2026-07-08T13:27:00,77623.07,77623.37,77593.45,77597.85,5889
1783497480,2026-07-08T13:28:00,77595.15,77609.11,77593.55,77598.27,9999
1783497540,2026-07-08T13:29:00,77596.99,77603.21,77589.72,77594.23,8253
1783497600,2026-07-08T13:30:00,77594.05,77598.09,77592.63,77595.48,23835
1783497660,2026-07-08T13:31:00,77594.14,77594.14,77574.45,77575.23,13431
1783497720,2026-07-08T13:32:00,77575.73,77587.06,77555.43,77586.06,21892
1783497780,2026-07-08T13:33:00,77584.86,77587.96,77558.82,77576.86,15815
1783497840,2026-07-08T13:34:00,77576.86,77577.66,77564.13,77566.94,6640
1783497900,2026-07-08T13:35:00,77566.93,77589.89,77566.32,77589.89,16107
1783497960,2026-07-08T13:36:00,77590.46,77595.78,77578.69,77590.47,19730
1783498020,2026-07-08T13:37:00,77586.71,77598.27,77571.51,77571.51,5812
1783498080,2026-07-08T13:38:00,77570.77,77577.66,77562.52,77572.74,22033
1783498140,2026-07-08T13:39:00,77576.91,77608.48,77575.4,77603.86,9192
1783498200,2026-07-08T13:40:00,77603.9,77607.59,77586.47,77590.87,6836
1783498260,2026-07-08T13:41:00,77592.15,77600.84,77589.2,77592.91,14602
1783498320,2026-07-08T13:42:00,77592.3,77597.58,77574.93,77574.93,17340
1783498380,2026-07-08T13:43:00,77574.93,77583.1,77547.85,77548.75,8034
1783498440,2026-07-08T13:44:00,77549.9,77560.8,77548.1,77559.32,23354
1783498500,2026-07-08T13:45:00,77559.33,77571.33,77554.75,77555.96,18649
1783498560,2026-07-08T13:46:00,77556.63,77568.74,77463.72,77463.78,22685
1783498620,2026-07-08T13:47:00,77459.04,77459.04,77293.54,77293.54,61783
1783498680,2026-07-08T13:48:00,77289.86,77316.01,77264.37,77295.35,41740
1783498740,2026-07-08T13:49:00,77302.37,77309.79,77276.93,77277.55,19990
1783498800,2026-07-08T13:50:00,77275.4,77279.85,77203.61,77208.0,32370
1783498860,2026-07-08T13:51:00,77209.86,77214.18,77183.22,77211.89,24742
1783498920,2026-07-08T13:52:00,77215.43,77217.86,77164.24,77182.35,24015
1783498980,2026-07-08T13:53:00,77180.8,77181.06,77131.17,77134.26,34026
1783499040,2026-07-08T13:54:00,77132.77,77132.77,77070.76,77089.2,59202
1783499100,2026-07-08T13:55:00,77090.2,77096.43,77059.78,77062.02,35123
1783499160,2026-07-08T13:56:00,77060.38,77132.88,77051.93,77124.9,50135
1783499220,2026-07-08T13:57:00,77125.94,77132.74,77040.86,77040.86,34685
1783499280,2026-07-08T13:58:00,77041.83,77042.11,76953.53,76961.45,66018
1783499340,2026-07-08T13:59:00,76960.28,76965.24,76909.25,76910.64,72218
1783499400,2026-07-08T14:00:00,76913.1,76950.2,76899.54,76920.04,68762
1783499460,2026-07-08T14:01:00,76913.53,76913.53,76856.88,76873.79,46660
1783499520,2026-07-08T14:02:00,76874.71,76880.27,76821.41,76838.22,90463
1783499580,2026-07-08T14:03:00,76836.11,76843.86,76806.14,76821.66,57789
1783499640,2026-07-08T14:04:00,76819.42,76835.18,76786.99,76803.55,155419
1783499700,2026-07-08T14:05:00,76800.22,76809.51,76679.77,76682.02,66524
1783499760,2026-07-08T14:06:00,76686.24,76691.34,76655.33,76684.84,156269
1783499820,2026-07-08T14:07:00,76687.66,76784.63,76687.66,76778.87,78306
1783499880,2026-07-08T14:08:00,76768.2,76778.38,76734.58,76734.58,46647
1783499940,2026-07-08T14:09:00,76722.42,76727.83,76606.76,76619.4,96676
1783500000,2026-07-08T14:10:00,76620.6,76622.6,76557.72,76578.64,92912
1783500060,2026-07-08T14:11:00,76577.12,76645.85,76560.81,76573.0,85952
1783500120,2026-07-08T14:12:00,76574.62,76574.62,76524.84,76545.14,61912
1783500180,2026-07-08T14:13:00,76534.94,76567.15,76527.84,76538.52,60170
1783500240,2026-07-08T14:14:00,76536.74,76542.63,76472.78,76528.56,75212
1783500300,2026-07-08T14:15:00,76525.68,76545.44,76508.75,76520.06,129864
1783500360,2026-07-08T14:16:00,76521.24,76613.86,76513.0,76613.86,162251
1783500420,2026-07-08T14:17:00,76614.04,76716.32,76614.04,76667.53,167469
1783500480,2026-07-08T14:18:00,76667.05,76667.05,76613.4,76649.2,51736
1783500540,2026-07-08T14:19:00,76647.91,76647.91,76532.67,76551.81,82078
1783500600,2026-07-08T14:20:00,76563.2,76633.3,76561.87,76620.59,64060
1783500660,2026-07-08T14:21:00,76616.42,76619.59,76552.44,76554.1,40624
1783500720,2026-07-08T14:22:00,76557.62,76560.61,76525.65,76528.27,30703
1783500780,2026-07-08T14:23:00,76531.83,76619.5,76525.77,76619.5,40372
1783500840,2026-07-08T14:24:00,76614.52,76615.96,76547.0,76566.58,55703
1783500900,2026-07-08T14:25:00,76565.0,76591.23,76536.41,76536.41,37656
1783500960,2026-07-08T14:26:00,76539.95,76546.04,76528.13,76534.19,74228
1783501020,2026-07-08T14:27:00,76530.34,76534.82,76491.11,76491.24,46338
1783501080,2026-07-08T14:28:00,76493.44,76549.87,76493.44,76540.11,33466
1783501140,2026-07-08T14:29:00,76537.71,76539.32,76468.18,76468.18,27984
1783501200,2026-07-08T14:30:00,76463.31,76554.82,76457.73,76552.89,66004
1783501260,2026-07-08T14:31:00,76551.97,76591.77,76523.14,76584.52,94968
1783501320,2026-07-08T14:32:00,76583.62,76589.19,76549.01,76553.76,46736
1783501380,2026-07-08T14:33:00,76546.66,76548.92,76496.29,76502.57,41802
1783501440,2026-07-08T14:34:00,76504.62,76504.89,76487.88,76499.12,38244
1783501500,2026-07-08T14:35:00,76501.29,76530.05,76490.54,76491.02,49481
1783501560,2026-07-08T14:36:00,76489.95,76494.91,76408.6,76408.77,34874
1783501620,2026-07-08T14:37:00,76415.96,76421.36,76382.25,76399.85,54383
1783501680,2026-07-08T14:38:00,76393.5,76478.64,76393.5,76446.11,67685
1783501740,2026-07-08T14:39:00,76446.08,76451.35,76394.82,76418.27,37759
1783501800,2026-07-08T14:40:00,76418.46,76442.17,76405.95,76413.46,63983
1783501860,2026-07-08T14:41:00,76415.24,76444.09,76401.56,76423.36,74348
1783501920,2026-07-08T14:42:00,76421.8,76423.83,76384.12,76415.36,27573
1783501980,2026-07-08T14:43:00,76420.45,76443.37,76400.7,76434.05,42506
1783502040,2026-07-08T14:44:00,76436.37,76445.77,76425.49,76436.57,28171
1783502100,2026-07-08T14:45:00,76433.47,76433.47,76361.59,76361.96,51241
1783502160,2026-07-08T14:46:00,76371.1,76435.64,76369.11,76401.71,55386
1783502220,2026-07-08T14:47:00,76401.28,76407.52,76342.56,76357.12,41896
1783502280,2026-07-08T14:48:00,76361.87,76372.46,76329.52,76370.43,40665
1783502340,2026-07-08T14:49:00,76374.77,76379.68,76352.53,76366.68,54038
1783502400,2026-07-08T14:50:00,76363.33,76379.19,76325.84,76326.3,39585
1783502460,2026-07-08T14:51:00,76323.17,76335.46,76259.03,76263.68,49915
1783502520,2026-07-08T14:52:00,76268.01,76290.7,76265.5,76275.11,67654
1783502580,2026-07-08T14:53:00,76278.25,76332.68,76262.46,76332.68,61091
1783502640,2026-07-08T14:54:00,76336.76,76346.08,76305.35,76305.35,34444
1783502700,2026-07-08T14:55:00,76300.61,76304.97,76286.47,76295.83,38844
1783502760,2026-07-08T14:56:00,76294.58,76329.07,76291.69,76326.69,40911
1783502820,2026-07-08T14:57:00,76329.39,76332.26,76302.08,76302.08,34241
1783502880,2026-07-08T14:58:00,76301.06,76301.06,76271.37,76288.49,103680
1783502940,2026-07-08T14:59:00,76286.72,76354.92,76272.3,76327.45,52135
1783503000,2026-07-08T15:00:00,76319.23,76468.65,76319.23,76462.1,88558
1783503060,2026-07-08T15:01:00,76454.31,76454.31,76369.76,76384.66,42079
1783503120,2026-07-08T15:02:00,76382.63,76462.85,76380.91,76459.66,61300
1783503180,2026-07-08T15:03:00,76459.86,76490.55,76459.86,76463.29,43868
1783503240,2026-07-08T15:04:00,76464.44,76483.54,76407.62,76407.62,57895
1783503300,2026-07-08T15:05:00,76410.2,76420.29,76382.98,76397.98,49948
1783503360,2026-07-08T15:06:00,76390.69,76409.08,76366.2,76366.2,25253
1783503420,2026-07-08T15:07:00,76367.68,76398.6,76366.79,76381.79,21000
1783503480,2026-07-08T15:08:00,76388.26,76428.11,76380.06,76428.11,40359
1783503540,2026-07-08T15:09:00,76428.43,76438.38,76421.5,76434.75,20295
1783503600,2026-07-08T15:10:00,76432.69,76433.9,76417.81,76419.58,65844
1783503660,2026-07-08T15:11:00,76422.8,76471.28,76401.77,76468.7,28567
1783503720,2026-07-08T15:12:00,76468.88,76500.54,76468.88,76473.77,51267
1783503780,2026-07-08T15:13:00,76476.52,76491.88,76466.72,76466.72,31161
1783503840,2026-07-08T15:14:00,76473.45,76501.24,76470.69,76497.84,33415
1783503900,2026-07-08T15:15:00,76494.58,76543.3,76490.59,76541.21,60479
1783503960,2026-07-08T15:16:00,76541.2,76548.71,76520.63,76523.67,73182
1783504020,2026-07-08T15:17:00,76523.19,76533.05,76512.74,76530.1,35275
1783504080,2026-07-08T15:18:00,76527.6,76576.52,76527.6,76560.88,43250
1783504140,2026-07-08T15:19:00,76564.16,76577.22,76547.62,76551.08,27665
1783504200,2026-07-08T15:20:00,76543.26,76591.29,76543.26,76591.29,54362
1783504260,2026-07-08T15:21:00,76588.33,76596.86,76561.93,76592.85,63324
1783504320,2026-07-08T15:22:00,76597.3,76602.64,76568.5,76574.95,71755
1783504380,2026-07-08T15:23:00,76578.81,76582.99,76568.86,76582.99,35464
1783504440,2026-07-08T15:24:00,76580.95,76580.95,76529.96,76534.62,41691
1783504500,2026-07-08T15:25:00,76540.13,76540.13,76483.24,76495.21,92181
1783504560,2026-07-08T15:26:00,76501.93,76515.05,76487.8,76509.86,46456
1783504620,2026-07-08T15:27:00,76500.63,76529.97,76497.96,76519.97,64686
1783504680,2026-07-08T15:28:00,76512.54,76533.19,76505.45,76505.98,58911
1783504740,2026-07-08T15:29:00,76509.1,76536.89,76489.36,76514.28,47242
1783568700,2026-07-09T09:15:00,76576.14,76756.76,76576.14,76753.47,290650
1783568760,2026-07-09T09:16:00,76743.81,76793.95,76700.76,76770.72,170108
1783568820,2026-07-09T09:17:00,76752.05,76825.43,76711.49,76817.6,194936
1783568880,2026-07-09T09:18:00,76811.28,76873.14,76810.37,76821.89,149476
1783568940,2026-07-09T09:19:00,76822.84,76869.29,76808.4,76867.33,155022
1783569000,2026-07-09T09:20:00,76870.56,76879.7,76841.52,76867.32,194811
1783569060,2026-07-09T09:21:00,76863.56,76899.63,76855.59,76858.12,111742
1783569120,2026-07-09T09:22:00,76850.27,76852.82,76816.66,76822.68,97896
1783569180,2026-07-09T09:23:00,76822.19,76911.72,76822.19,76907.17,89515
1783569240,2026-07-09T09:24:00,76912.77,76981.02,76911.54,76975.54,65389
1783569300,2026-07-09T09:25:00,76977.82,76993.99,76926.15,76934.58,2058525
1783569360,2026-07-09T09:26:00,76933.66,76966.47,76919.0,76928.76,152320
1783569420,2026-07-09T09:27:00,76930.71,76965.46,76909.2,76943.47,112915
1783569480,2026-07-09T09:28:00,76942.49,77018.3,76937.6,77005.5,69012
1783569540,2026-07-09T09:29:00,77000.13,77019.69,76927.02,76942.42,145937
1783569600,2026-07-09T09:30:00,76936.05,77017.77,76928.42,77009.58,69113
1783569660,2026-07-09T09:31:00,77014.17,77018.78,76938.69,76938.83,113331
1783569720,2026-07-09T09:32:00,76941.44,76966.39,76887.97,76926.35,79860
1783569780,2026-07-09T09:33:00,76928.68,76945.56,76918.55,76933.61,44845
1783569840,2026-07-09T09:34:00,76932.61,77002.59,76932.61,76995.12,52792
1783569900,2026-07-09T09:35:00,77002.95,77012.48,76975.14,76982.39,60428
1783569960,2026-07-09T09:36:00,76984.28,77003.27,76963.82,76977.88,39805
1783570020,2026-07-09T09:37:00,76977.69,76977.69,76931.95,76937.38,40859
1783570080,2026-07-09T09:38:00,76933.95,76976.4,76933.95,76976.4,148488
1783570140,2026-07-09T09:39:00,76978.26,77038.66,76978.26,77037.78,43870
1783570200,2026-07-09T09:40:00,77039.83,77094.23,77039.83,77074.19,47890
1783570260,2026-07-09T09:41:00,77070.43,77070.43,76988.87,76988.87,83290
1783570320,2026-07-09T09:42:00,76986.69,77024.38,76986.69,76998.72,109304
1783570380,2026-07-09T09:43:00,76995.29,77025.25,76990.45,77016.76,124789
1783570440,2026-07-09T09:44:00,77022.48,77048.65,77022.48,77030.27,24720
1783570500,2026-07-09T09:45:00,77026.07,77034.73,77000.0,77012.02,68124
1783570560,2026-07-09T09:46:00,77008.12,77046.65,77002.79,77046.65,39683
1783570620,2026-07-09T09:47:00,77043.18,77062.49,77035.69,77050.19,795647
1783570680,2026-07-09T09:48:00,77054.75,77095.37,77039.14,77048.34,85183
1783570740,2026-07-09T09:49:00,77043.59,77051.48,77022.29,77025.06,104612
1783570800,2026-07-09T09:50:00,77028.4,77052.28,77025.68,77044.99,79139
1783570860,2026-07-09T09:51:00,77035.24,77076.11,77033.22,77069.68,39704
1783570920,2026-07-09T09:52:00,77067.75,77075.47,77021.04,77029.09,40431
1783570980,2026-07-09T09:53:00,77044.38,77069.67,77024.56,77048.91,37724
1783571040,2026-07-09T09:54:00,77051.35,77066.83,77042.5,77044.93,54811
1783571100,2026-07-09T09:55:00,77047.05,77068.64,77043.29,77060.31,72249
1783571160,2026-07-09T09:56:00,77061.06,77088.01,77047.59,77054.36,24805
1783571220,2026-07-09T09:57:00,77053.99,77053.99,77019.54,77023.09,34737
1783571280,2026-07-09T09:58:00,77019.08,77029.85,76988.95,76992.03,38779
1783571340,2026-07-09T09:59:00,76983.56,77041.97,76983.56,77041.97,59098
1783571400,2026-07-09T10:00:00,77041.59,77089.33,77034.62,77085.39,63895
1783571460,2026-07-09T10:01:00,77082.59,77139.07,77079.37,77116.61,33519
1783571520,2026-07-09T10:02:00,77117.43,77120.77,77072.5,77079.61,43138
1783571580,2026-07-09T10:03:00,77080.52,77095.9,77071.0,77091.28,29066
1783571640,2026-07-09T10:04:00,77083.16,77088.65,77053.51,77053.51,62588
1783571700,2026-07-09T10:05:00,77048.42,77066.79,77046.81,77056.38,48469
1783571760,2026-07-09T10:06:00,77056.75,77075.4,77053.84,77056.37,24283
1783571820,2026-07-09T10:07:00,77062.44,77096.93,77058.35,77093.08,28380
1783571880,2026-07-09T10:08:00,77093.52,77118.12,77093.52,77109.23,17330
1783571940,2026-07-09T10:09:00,77108.71,77108.71,77086.12,77107.19,38958
1783572000,2026-07-09T10:10:00,77109.07,77109.07,77075.1,77077.13,33325
1783572060,2026-07-09T10:11:00,77078.18,77086.26,77057.3,77079.57,38338
1783572120,2026-07-09T10:12:00,77078.44,77086.89,77053.5,77053.5,27629
1783572180,2026-07-09T10:13:00,77054.11,77072.41,77043.4,77052.86,29477
1783572240,2026-07-09T10:14:00,77053.57,77056.8,77015.62,77033.64,22377
1783572300,2026-07-09T10:15:00,77032.46,77054.22,77030.31,77046.04,34254
1783572360,2026-07-09T10:16:00,77045.85,77055.32,77039.03,77040.52,33074
1783572420,2026-07-09T10:17:00,77018.01,77052.59,77000.88,77012.67,21834
1783572480,2026-07-09T10:18:00,77012.25,77053.61,77001.86,77005.2,41221
1783572540,2026-07-09T10:19:00,77006.84,77017.49,76973.89,77007.44,33134
1783572600,2026-07-09T10:20:00,77005.63,77033.19,76982.22,77008.81,48574
1783572660,2026-07-09T10:21:00,77008.49,77074.23,76979.71,76995.45,64504
1783572720,2026-07-09T10:22:00,76993.4,77041.02,76990.22,77029.01,230202
1783572780,2026-07-09T10:23:00,77027.55,77061.82,77003.8,77039.37,29767
1783572840,2026-07-09T10:24:00,77041.1,77074.45,76992.15,77074.45,24744
1783572900,2026-07-09T10:25:00,77074.28,77076.43,77052.78,77063.91,16721
1783572960,2026-07-09T10:26:00,77063.53,77063.53,77022.32,77026.6,31911
1783573020,2026-07-09T10:27:00,77021.11,77048.06,77021.11,77048.0,34311
1783573080,2026-07-09T10:28:00,77045.64,77058.62,77022.97,77029.1,58720
1783573140,2026-07-09T10:29:00,77019.78,77056.3,77008.03,77028.49,21453
1783573200,2026-07-09T10:30:00,77027.96,77040.19,76997.79,77017.27,333063
1783573260,2026-07-09T10:31:00,77019.82,77031.83,76998.8,77020.02,49611
1783573320,2026-07-09T10:32:00,77022.81,77035.96,76972.26,76973.96,38058
1783573380,2026-07-09T10:33:00,76976.24,77046.99,76976.24,77032.39,26478
1783573440,2026-07-09T10:34:00,77029.14,77029.94,76993.06,77009.49,22137
1783573500,2026-07-09T10:35:00,77008.55,77044.04,76959.95,76992.16,62942
1783573560,2026-07-09T10:36:00,76991.5,77019.16,76963.68,76980.63,70210
1783573620,2026-07-09T10:37:00,76967.26,76967.26,76885.29,76955.12,53608
1783573680,2026-07-09T10:38:00,76953.08,76963.88,76907.56,76953.96,36798
1783573740,2026-07-09T10:39:00,76954.62,77026.27,76946.31,77026.27,22540
1783573800,2026-07-09T10:40:00,77025.86,77033.49,77004.99,77027.02,28529
1783573860,2026-07-09T10:41:00,77031.45,77237.68,77025.78,77233.35,86983
1783573920,2026-07-09T10:42:00,77234.81,77326.65,77234.81,77280.8,85330
1783573980,2026-07-09T10:43:00,77280.47,77281.1,77172.53,77179.88,42227
1783574040,2026-07-09T10:44:00,77184.24,77184.24,77121.76,77144.47,27465
1783574100,2026-07-09T10:45:00,77144.67,77182.61,77123.34,77154.72,423985
1783574160,2026-07-09T10:46:00,77154.48,77158.97,77037.16,77043.69,119830
1783574220,2026-07-09T10:47:00,77036.01,77095.79,76997.24,77067.37,61125
1783574280,2026-07-09T10:48:00,77066.08,77079.03,77013.02,77022.27,18180
1783574340,2026-07-09T10:49:00,77026.61,77032.61,76946.29,76958.56,40895
1783574400,2026-07-09T10:50:00,76957.49,76989.88,76942.58,76954.35,14872
1783574460,2026-07-09T10:51:00,76956.53,76987.75,76950.28,76984.95,27592
1783574520,2026-07-09T10:52:00,76985.92,76985.92,76901.03,76901.03,26474
1783574580,2026-07-09T10:53:00,76902.33,76972.77,76900.97,76970.99,16415
1783574640,2026-07-09T10:54:00,76971.13,77007.89,76965.57,77007.89,22583
1783574700,2026-07-09T10:55:00,77003.48,77012.75,76978.7,76979.31,13537
1783574760,2026-07-09T10:56:00,76979.14,76979.39,76955.04,76959.17,36805
1783574820,2026-07-09T10:57:00,76958.44,77004.29,76945.19,76949.93,16450
1783574880,2026-07-09T10:58:00,76951.18,77017.07,76951.18,76976.39,14736
1783574940,2026-07-09T10:59:00,76978.64,76997.21,76945.75,76970.86,31152
1783575000,2026-07-09T11:00:00,76966.73,76970.87,76914.6,76915.77,14929
1783575060,2026-07-09T11:01:00,76889.18,76898.44,76857.82,76869.62,37245
1783575120,2026-07-09T11:02:00,76871.52,76915.29,76863.8,76912.24,31689
1783575180,2026-07-09T11:03:00,76911.54,76961.89,76909.36,76961.68,39281
1783575240,2026-07-09T11:04:00,76961.53,76978.63,76953.16,76966.03,17319
1783575300,2026-07-09T11:05:00,76966.31,76982.14,76958.05,76958.05,29337
1783575360,2026-07-09T11:06:00,76958.7,76965.74,76914.22,76964.49,34022
1783575420,2026-07-09T11:07:00,76966.26,76966.26,76917.55,76924.88,14474
1783575480,2026-07-09T11:08:00,76928.86,76961.76,76916.53,76958.6,27141
1783575540,2026-07-09T11:09:00,76957.02,76957.02,76926.09,76940.57,26487
1783575600,2026-07-09T11:10:00,76942.05,76981.03,76932.21,76976.32,10872
1783575660,2026-07-09T11:11:00,76979.73,76983.82,76936.99,76965.35,19824
1783575720,2026-07-09T11:12:00,76965.86,76969.58,76919.11,76919.81,12800
1783575780,2026-07-09T11:13:00,76921.92,76960.44,76921.66,76956.12,11559
1783575840,2026-07-09T11:14:00,76952.84,76991.35,76944.93,76979.1,43807
1783575900,2026-07-09T11:15:00,76982.77,77000.75,76967.95,76967.95,10581
1783575960,2026-07-09T11:16:00,76966.45,76995.96,76961.34,76978.95,16790
1783576020,2026-07-09T11:17:00,76977.64,76986.8,76962.83,76962.83,12272
1783576080,2026-07-09T11:18:00,76962.18,76969.49,76948.82,76968.44,9319
1783576140,2026-07-09T11:19:00,76970.31,77012.06,76961.21,77012.06,15542
1783576200,2026-07-09T11:20:00,77014.36,77020.99,76986.39,76990.41,312524
1783576260,2026-07-09T11:21:00,76990.64,77014.52,76990.64,77006.11,20159
1783576320,2026-07-09T11:22:00,77005.76,77022.92,76998.61,77014.65,38527
1783576380,2026-07-09T11:23:00,77014.45,77014.45,76985.45,76997.28,20471
1783576440,2026-07-09T11:24:00,76998.97,77040.84,76998.97,77022.87,16024
1783576500,2026-07-09T11:25:00,77016.18,77064.53,77005.39,77064.53,21083
1783576560,2026-07-09T11:26:00,77064.53,77123.45,77052.02,77118.97,37962
1783576620,2026-07-09T11:27:00,77120.67,77154.61,77120.67,77143.6,20387
1783576680,2026-07-09T11:28:00,77142.96,77176.35,77142.96,77176.35,20500
1783576740,2026-07-09T11:29:00,77187.29,77198.64,77167.14,77174.51,26819
1783576800,2026-07-09T11:30:00,77169.98,77169.98,77144.36,77157.83,26971
1783576860,2026-07-09T11:31:00,77155.34,77159.88,77071.63,77131.35,26232
1783576920,2026-07-09T11:32:00,77133.72,77146.83,77081.66,77103.79,53342
1783576980,2026-07-09T11:33:00,77105.12,77122.99,77081.4,77092.76,10906
1783577040,2026-07-09T11:34:00,77093.33,77114.6,77067.19,77077.48,25791
1783577100,2026-07-09T11:35:00,77082.63,77110.37,77061.64,77110.37,485868
1783577160,2026-07-09T11:36:00,77081.43,77095.28,77040.22,77040.22,42870
1783577220,2026-07-09T11:37:00,77039.83,77067.07,77037.0,77063.91,31932
1783577280,2026-07-09T11:38:00,77063.91,77113.88,77054.82,77108.17,23807
1783577340,2026-07-09T11:39:00,77105.01,77105.05,77039.93,77078.41,15130
1783577400,2026-07-09T11:40:00,77079.25,77085.86,77048.24,77050.66,20848
1783577460,2026-07-09T11:41:00,77038.69,77069.52,77024.21,77039.69,20739
1783577520,2026-07-09T11:42:00,77043.17,77094.26,77043.17,77046.22,21633
1783577580,2026-07-09T11:43:00,77049.35,77110.43,77045.63,77102.0,15345
1783577640,2026-07-09T11:44:00,77101.69,77125.6,77063.22,77074.36,13090
1783577700,2026-07-09T11:45:00,77072.55,77107.5,77065.57,77072.75,15756
1783577760,2026-07-09T11:46:00,77066.86,77094.13,77029.13,77039.12,10799
1783577820,2026-07-09T11:47:00,77029.79,77046.72,77010.84,77030.19,17902
1783577880,2026-07-09T11:48:00,77030.58,77059.76,77030.58,77046.32,23841
1783577940,2026-07-09T11:49:00,77026.29,77073.75,77020.09,77020.9,73537
1783578000,2026-07-09T11:50:00,77023.37,77049.8,77022.44,77049.62,26507
1783578060,2026-07-09T11:51:00,77050.12,77054.31,77019.57,77020.96,164966
1783578120,2026-07-09T11:52:00,77024.81,77059.15,77014.71,77023.38,264368
1783578180,2026-07-09T11:53:00,77024.19,77061.51,77024.13,77042.92,40482
1783578240,2026-07-09T11:54:00,77046.44,77064.05,77023.5,77027.56,53304
1783578300,2026-07-09T11:55:00,77025.86,77061.5,77025.86,77056.66,15680
1783578360,2026-07-09T11:56:00,77058.67,77069.84,77029.05,77039.38,25012
1783578420,2026-07-09T11:57:00,77037.51,77069.22,77037.51,77065.62,23243
1783578480,2026-07-09T11:58:00,77065.83,77065.83,77035.48,77044.13,13797
1783578540,2026-07-09T11:59:00,77048.81,77049.68,77031.51,77045.49,12043
1783578600,2026-07-09T12:00:00,77047.03,77060.37,77021.95,77021.95,17013
1783578660,2026-07-09T12:01:00,77021.81,77050.65,77013.42,77023.42,20538
1783578720,2026-07-09T12:02:00,77020.53,77068.32,77017.01,77061.71,16391
1783578780,2026-07-09T12:03:00,77041.18,77112.43,77035.16,77107.2,20544
1783578840,2026-07-09T12:04:00,77109.58,77114.42,77092.44,77111.08,17610
1783578900,2026-07-09T12:05:00,77112.91,77129.82,77106.59,77118.37,79774
1783578960,2026-07-09T12:06:00,77119.98,77128.29,77076.11,77079.49,22129
1783579020,2026-07-09T12:07:00,77079.72,77094.68,77073.96,77073.96,6800
1783579080,2026-07-09T12:08:00,77075.06,77102.8,77072.48,77092.46,15515
1783579140,2026-07-09T12:09:00,77090.28,77107.54,77086.48,77088.21,10896
1783579200,2026-07-09T12:10:00,77090.19,77116.86,77086.8,77086.8,17320
1783579260,2026-07-09T12:11:00,77084.94,77088.8,77064.33,77069.83,10932
1783579320,2026-07-09T12:12:00,77064.91,77080.91,77064.68,77078.69,23881
1783579380,2026-07-09T12:13:00,77082.51,77094.54,77072.76,77093.16,8328
1783579440,2026-07-09T12:14:00,77098.77,77099.86,77070.46,77076.85,9082
1783579500,2026-07-09T12:15:00,77079.16,77083.17,77069.59,77078.8,5363
1783579560,2026-07-09T12:16:00,77079.08,77088.86,77054.51,77073.87,22652
1783579620,2026-07-09T12:17:00,77076.27,77091.35,77059.87,77090.15,20039
1783579680,2026-07-09T12:18:00,77091.98,77091.98,77070.55,77079.02,14255
1783579740,2026-07-09T12:19:00,77078.01,77096.28,77044.26,77060.12,15355
1783579800,2026-07-09T12:20:00,77060.01,77070.42,77019.16,77070.42,23857
1783579860,2026-07-09T12:21:00,77057.97,77057.97,77013.33,77041.8,61272
1783579920,2026-07-09T12:22:00,77036.18,77091.42,77026.79,77073.54,49889
1783579980,2026-07-09T12:23:00,77074.56,77082.65,77052.55,77081.66,22111
1783580040,2026-07-09T12:24:00,77082.99,77084.54,77043.44,77072.08,34398
1783580100,2026-07-09T12:25:00,77073.01,77099.41,77073.01,77081.67,40096
1783580160,2026-07-09T12:26:00,77076.1,77092.64,77061.54,77063.92,16632
1783580220,2026-07-09T12:27:00,77065.11,77071.73,77046.9,77063.0,26914
1783580280,2026-07-09T12:28:00,77061.37,77083.33,77057.9,77066.96,24650
1783580340,2026-07-09T12:29:00,77070.11,77074.8,77056.95,77064.28,5964
1783580400,2026-07-09T12:30:00,77063.47,77074.32,77058.88,77064.76,10735
1783580460,2026-07-09T12:31:00,77060.37,77070.11,77053.27,77057.41,7712
1783580520,2026-07-09T12:32:00,77060.21,77074.76,77059.84,77073.51,32599
1783580580,2026-07-09T12:33:00,77075.33,77075.33,77038.86,77040.08,15908
1783580640,2026-07-09T12:34:00,77043.13,77045.96,77000.36,77000.36,11645
1783580700,2026-07-09T12:35:00,76999.85,77003.24,76987.48,76987.48,9920
1783580760,2026-07-09T12:36:00,76984.67,76999.51,76980.45,76995.02,25035
1783580820,2026-07-09T12:37:00,76995.59,77001.83,76987.94,76989.25,48107
1783580880,2026-07-09T12:38:00,76990.14,77002.83,76987.16,76988.08,13217
1783580940,2026-07-09T12:39:00,76988.8,76992.77,76971.44,76977.57,11348
1783581000,2026-07-09T12:40:00,76977.31,76982.41,76922.58,76930.43,23172
1783581060,2026-07-09T12:41:00,76928.07,76940.0,76909.06,76909.06,13192
1783581120,2026-07-09T12:42:00,76907.74,76942.97,76905.41,76940.79,9534
1783581180,2026-07-09T12:43:00,76939.16,76942.26,76916.41,76916.41,17362
1783581240,2026-07-09T12:44:00,76918.64,76928.2,76892.11,76904.33,14111
1783581300,2026-07-09T12:45:00,76903.39,76941.99,76897.39,76937.51,22758
1783581360,2026-07-09T12:46:00,76940.92,76942.28,76918.9,76918.9,22087
1783581420,2026-07-09T12:47:00,76919.74,76955.97,76916.69,76945.04,21530
1783581480,2026-07-09T12:48:00,76941.24,76943.16,76913.04,76930.83,16986
1783581540,2026-07-09T12:49:00,76929.29,76959.22,76929.29,76948.23,12773
1783581600,2026-07-09T12:50:00,76949.02,76952.31,76926.62,76938.96,14496
1783581660,2026-07-09T12:51:00,76943.73,76982.9,76943.73,76961.62,18900
1783581720,2026-07-09T12:52:00,76959.82,76967.85,76952.93,76963.55,10802
1783581780,2026-07-09T12:53:00,76964.1,77001.31,76961.81,76997.28,18478
1783581840,2026-07-09T12:54:00,77000.08,77045.92,76999.16,77037.13,68779
1783581900,2026-07-09T12:55:00,77037.89,77040.96,77018.74,77036.19,55147
1783581960,2026-07-09T12:56:00,77034.7,77035.77,76982.68,77005.19,42997
1783582020,2026-07-09T12:57:00,77007.49,77014.57,76990.98,77003.73,8842
1783582080,2026-07-09T12:58:00,77005.59,77021.42,76995.96,77008.59,10375
1783582140,2026-07-09T12:59:00,77008.06,77008.64,76976.46,76981.94,14781
1783582200,2026-07-09T13:00:00,76980.21,76985.07,76950.36,76958.1,59218
1783582260,2026-07-09T13:01:00,76957.1,76979.23,76949.14,76979.23,13806
1783582320,2026-07-09T13:02:00,76979.23,77000.41,76978.7,76984.23,8393
1783582380,2026-07-09T13:03:00,76984.83,77021.24,76982.73,77016.33,14324
1783582440,2026-07-09T13:04:00,77016.29,77023.2,76997.46,77000.64,53558
1783582500,2026-07-09T13:05:00,77006.0,77012.98,76992.78,77003.21,17795
1783582560,2026-07-09T13:06:00,77005.98,77008.73,76957.63,76957.87,26095
1783582620,2026-07-09T13:07:00,76957.45,76979.8,76955.59,76974.15,5846
1783582680,2026-07-09T13:08:00,76974.55,77005.97,76973.33,77005.97,12351
1783582740,2026-07-09T13:09:00,76999.7,77027.26,76984.11,76998.34,17860
1783582800,2026-07-09T13:10:00,77000.87,77032.26,76986.18,77000.37,25078
1783582860,2026-07-09T13:11:00,77003.73,77044.29,76998.07,77017.51,15935
1783582920,2026-07-09T13:12:00,77019.4,77021.44,76985.15,77020.02,14147
1783582980,2026-07-09T13:13:00,77015.52,77027.93,76971.2,77016.51,44803
1783583040,2026-07-09T13:14:00,77019.67,77049.54,77010.95,77010.95,26713
1783583100,2026-07-09T13:15:00,77013.12,77041.04,77006.99,77021.41,61774
1783583160,2026-07-09T13:16:00,77022.65,77050.1,77006.49,77034.28,24573
1783583220,2026-07-09T13:17:00,77034.44,77057.62,77021.76,77033.56,23029
1783583280,2026-07-09T13:18:00,77034.23,77052.57,77014.42,77039.53,17559
1783583340,2026-07-09T13:19:00,77037.82,77050.24,77008.69,77015.46,20054
1783583400,2026-07-09T13:20:00,77017.81,77043.58,77012.02,77041.28,13951
1783583460,2026-07-09T13:21:00,77042.11,77049.61,77017.61,77018.87,15688
1783583520,2026-07-09T13:22:00,77018.16,77045.95,77018.16,77028.53,24428
1783583580,2026-07-09T13:23:00,77029.17,77033.35,76957.69,76963.37,46510
1783583640,2026-07-09T13:24:00,76968.44,76977.83,76942.62,76958.92,71191
1783583700,2026-07-09T13:25:00,76954.6,77011.63,76931.42,77008.19,86664
1783583760,2026-07-09T13:26:00,77002.81,77014.71,76975.47,77005.3,79774
1783583820,2026-07-09T13:27:00,77003.03,77018.87,76969.73,76973.25,40839
1783583880,2026-07-09T13:28:00,76968.42,76984.19,76940.93,76945.95,60966
1783583940,2026-07-09T13:29:00,76948.52,76966.62,76947.87,76960.86,6931
1783584000,2026-07-09T13:30:00,76956.03,76998.32,76956.03,76998.32,20798
1783584060,2026-07-09T13:31:00,77000.34,77001.67,76965.95,76992.96,17052
1783584120,2026-07-09T13:32:00,76993.02,77064.47,76991.44,77062.72,15552
1783584180,2026-07-09T13:33:00,77060.88,77069.43,77032.64,77045.48,11164
1783584240,2026-07-09T13:34:00,77044.64,77074.36,77029.2,77067.6,1103457
1783584300,2026-07-09T13:35:00,77069.29,77084.65,77026.9,77084.39,12276
1783584360,2026-07-09T13:36:00,77098.15,77104.48,77031.75,77061.63,20912
1783584420,2026-07-09T13:37:00,77062.29,77105.55,77046.36,77084.37,18729
1783584480,2026-07-09T13:38:00,77082.5,77133.77,77041.13,77110.36,29985
1783584540,2026-07-09T13:39:00,77107.07,77117.23,77092.38,77115.1,14314
1783584600,2026-07-09T13:40:00,77115.92,77121.79,77060.32,77103.28,36157
1783584660,2026-07-09T13:41:00,77099.42,77104.08,77047.63,77072.99,23015
1783584720,2026-07-09T13:42:00,77079.78,77079.78,77039.5,77046.54,26750
1783584780,2026-07-09T13:43:00,77044.46,77101.47,77044.46,77101.47,31759
1783584840,2026-07-09T13:44:00,77108.38,77115.81,77075.1,77078.45,78465
1783584900,2026-07-09T13:45:00,77081.85,77122.59,77081.5,77100.07,16750
1783584960,2026-07-09T13:46:00,77102.42,77102.42,77048.34,77101.92,45663
1783585020,2026-07-09T13:47:00,77104.03,77113.5,77076.14,77101.13,9309
1783585080,2026-07-09T13:48:00,77100.99,77106.49,77055.99,77079.95,32817
1783585140,2026-07-09T13:49:00,77080.23,77118.26,77053.94,77104.26,98650
1783585200,2026-07-09T13:50:00,77099.29,77099.29,77020.34,77036.45,2084625
1783585260,2026-07-09T13:51:00,77038.22,77074.14,77038.22,77071.37,23355
1783585320,2026-07-09T13:52:00,77070.2,77096.73,77043.66,77061.85,33184
1783585380,2026-07-09T13:53:00,77062.37,77074.56,77023.31,77048.05,25741
1783585440,2026-07-09T13:54:00,77047.74,77061.53,77026.52,77030.35,47981
1783585500,2026-07-09T13:55:00,77032.93,77062.69,77020.23,77024.7,31389
1783585560,2026-07-09T13:56:00,77024.81,77049.39,77018.83,77024.2,14063
1783585620,2026-07-09T13:57:00,77027.49,77044.41,77027.14,77037.91,4408
1783585680,2026-07-09T13:58:00,77039.43,77072.67,77023.66,77041.73,15351
1783585740,2026-07-09T13:59:00,77041.13,77071.43,77025.36,77027.21,9393
1783585800,2026-07-09T14:00:00,77028.36,77070.09,77023.08,77066.45,28530
1783585860,2026-07-09T14:01:00,77071.77,77071.77,77011.0,77011.0,18234
1783585920,2026-07-09T14:02:00,77015.76,77033.91,77008.09,77015.63,205873
1783585980,2026-07-09T14:03:00,77019.93,77060.39,77011.73,77041.24,8418
1783586040,2026-07-09T14:04:00,77041.12,77049.0,77000.28,77030.16,11686
1783586100,2026-07-09T14:05:00,77043.6,77045.02,76998.86,77032.43,20236
1783586160,2026-07-09T14:06:00,77034.08,77034.08,77007.45,77015.4,11606
1783586220,2026-07-09T14:07:00,77018.11,77041.35,76989.73,77028.94,14781
1783586280,2026-07-09T14:08:00,77033.42,77046.04,77000.97,77045.29,10525
1783586340,2026-07-09T14:09:00,77045.88,77047.1,76975.77,76975.77,25731
1783586400,2026-07-09T14:10:00,76973.45,76997.5,76931.95,76977.53,89004
1783586460,2026-07-09T14:11:00,76977.82,77079.77,76977.82,77033.23,142832
1783586520,2026-07-09T14:12:00,77035.18,77035.18,76980.22,77019.89,40998
1783586580,2026-07-09T14:13:00,77021.19,77027.55,76985.5,76985.5,19180
1783586640,2026-07-09T14:14:00,76981.67,77025.59,76957.94,77023.31,130103
1783586700,2026-07-09T14:15:00,77023.6,77107.34,77023.15,77043.07,144472
1783586760,2026-07-09T14:16:00,77032.23,77032.23,76991.7,76994.59,157083
1783586820,2026-07-09T14:17:00,76993.63,77012.17,76958.55,76958.82,85271
1783586880,2026-07-09T14:18:00,76961.28,77046.37,76955.71,77016.13,122331
1783586940,2026-07-09T14:19:00,77021.58,77030.58,76983.96,76990.26,1042867
1783587000,2026-07-09T14:20:00,76992.09,77025.12,76989.65,77006.86,21295
1783587060,2026-07-09T14:21:00,77006.62,77037.98,76986.6,76986.6,24423
1783587120,2026-07-09T14:22:00,76962.87,77015.85,76949.93,76980.75,18473
1783587180,2026-07-09T14:23:00,76981.85,77011.85,76979.19,77005.48,11561
1783587240,2026-07-09T14:24:00,77005.73,77052.22,77004.02,77032.38,7047
1783587300,2026-07-09T14:25:00,77030.62,77075.6,77019.22,77053.09,8876
1783587360,2026-07-09T14:26:00,77056.72,77085.87,77024.38,77026.12,59423
1783587420,2026-07-09T14:27:00,77025.63,77065.06,76989.86,77013.27,51924
1783587480,2026-07-09T14:28:00,77014.71,77051.48,76978.91,76996.06,51010
1783587540,2026-07-09T14:29:00,76997.13,77101.8,76972.47,77092.33,131306
1783587600,2026-07-09T14:30:00,77099.76,77113.11,77057.2,77079.8,59364
1783587660,2026-07-09T14:31:00,77081.6,77092.13,77040.41,77059.05,24713
1783587720,2026-07-09T14:32:00,77060.1,77110.52,77055.57,77103.67,9174
1783587780,2026-07-09T14:33:00,77103.36,77160.97,77075.52,77136.46,60758
1783587840,2026-07-09T14:34:00,77138.62,77149.79,77091.98,77099.18,62492
1783587900,2026-07-09T14:35:00,77099.98,77157.36,77099.98,77100.0,180424
1783587960,2026-07-09T14:36:00,77098.12,77129.24,77088.92,77101.26,28246
1783588020,2026-07-09T14:37:00,77095.35,77115.78,77016.03,77042.75,186034
1783588080,2026-07-09T14:38:00,77041.52,77076.9,77033.25,77055.77,22062
1783588140,2026-07-09T14:39:00,77057.55,77065.32,77028.26,77060.11,225035
1783588200,2026-07-09T14:40:00,77063.68,77068.58,76886.27,76889.3,880587
1783588260,2026-07-09T14:41:00,76880.19,77041.48,76877.01,77034.34,105047
1783588320,2026-07-09T14:42:00,77027.09,77027.09,76984.28,77009.17,379994
1783588380,2026-07-09T14:43:00,76988.47,77030.31,76931.91,76933.02,273934
1783588440,2026-07-09T14:44:00,76928.42,76968.6,76920.87,76968.6,164809
1783588500,2026-07-09T14:45:00,76963.76,76993.46,76921.89,76926.58,31925
1783588560,2026-07-09T14:46:00,76929.3,76961.51,76922.99,76961.51,19227
1783588620,2026-07-09T14:47:00,76962.12,76971.81,76934.47,76971.81,24996
1783588680,2026-07-09T14:48:00,76972.94,76983.5,76944.96,76950.65,68169
1783588740,2026-07-09T14:49:00,76954.34,76979.02,76940.53,76946.22,24824
1783588800,2026-07-09T14:50:00,76937.87,76973.43,76922.35,76963.8,16133
1783588860,2026-07-09T14:51:00,76963.8,76996.46,76957.13,76961.02,61075
1783588920,2026-07-09T14:52:00,76957.32,76981.16,76939.65,76981.16,82262
1783588980,2026-07-09T14:53:00,76984.99,77032.59,76978.42,76997.02,88811
1783589040,2026-07-09T14:54:00,76981.37,77011.86,76952.25,76972.82,154507
1783589100,2026-07-09T14:55:00,76980.53,77029.61,76980.53,77010.69,219552
1783589160,2026-07-09T14:56:00,77016.79,77028.58,76939.3,76962.54,271574
1783589220,2026-07-09T14:57:00,76961.25,77008.53,76958.36,76971.6,85202
1783589280,2026-07-09T14:58:00,76971.75,77040.68,76968.17,76991.89,100026
1783589340,2026-07-09T14:59:00,76996.13,77041.84,76994.57,76999.27,13734
1783589400,2026-07-09T15:00:00,76996.84,76998.74,76867.61,76880.04,51097
1783589460,2026-07-09T15:01:00,76877.85,76881.26,76842.79,76875.9,28938
1783589520,2026-07-09T15:02:00,76870.49,76886.5,76795.46,76795.46,19395
1783589580,2026-07-09T15:03:00,76792.48,76820.66,76757.8,76820.66,33376
1783589640,2026-07-09T15:04:00,76811.18,76811.18,76749.73,76784.66,56566
1783589700,2026-07-09T15:05:00,76781.73,76816.38,76779.67,76785.22,1274060
1783589760,2026-07-09T15:06:00,76780.06,76791.26,76638.11,76638.11,801843
1783589820,2026-07-09T15:07:00,76626.63,76651.25,76595.87,76647.08,421993
1783589880,2026-07-09T15:08:00,76646.94,76703.63,76646.94,76672.64,121321
1783589940,2026-07-09T15:09:00,76671.26,76702.91,76657.33,76699.86,71610
1783590000,2026-07-09T15:10:00,76692.52,76725.1,76635.71,76640.73,1114385
1783590060,2026-07-09T15:11:00,76642.76,76741.92,76642.76,76735.25,1219654
1783590120,2026-07-09T15:12:00,76731.67,76735.32,76687.44,76719.1,47008
1783590180,2026-07-09T15:13:00,76713.87,76714.36,76665.28,76679.36,104108
1783590240,2026-07-09T15:14:00,76688.23,76701.35,76653.0,76663.5,47956
1783590300,2026-07-09T15:15:00,76665.07,76720.25,76665.07,76691.68,54359
1783590360,2026-07-09T15:16:00,76692.05,76742.16,76673.45,76709.9,53762
1783590420,2026-07-09T15:17:00,76704.46,76737.62,76690.33,76692.86,25835
1783590480,2026-07-09T15:18:00,76695.1,76716.3,76682.64,76704.39,34429
1783590540,2026-07-09T15:19:00,76702.22,76740.48,76691.91,76740.48,25426
1783590600,2026-07-09T15:20:00,76737.03,76765.89,76732.95,76750.25,151885
1783590660,2026-07-09T15:21:00,76756.04,76789.04,76734.97,76787.15,485329
1783590720,2026-07-09T15:22:00,76787.8,76805.09,76764.74,76769.73,407956
1783590780,2026-07-09T15:23:00,76765.28,76810.25,76765.28,76773.1,178781
1783590840,2026-07-09T15:24:00,76774.1,76796.71,76757.93,76764.43,829010
1783590900,2026-07-09T15:25:00,76760.25,76792.26,76759.77,76789.61,86471
1783590960,2026-07-09T15:26:00,76794.45,76821.63,76791.85,76821.39,104247
1783591020,2026-07-09T15:27:00,76811.15,76822.87,76796.22,76799.16,153054
1783591080,2026-07-09T15:28:00,76795.61,76817.47,76781.6,76785.33,110764
1783591140,2026-07-09T15:29:00,76780.35,76828.14,76768.99,76827.2,60990
1783655100,2026-07-10T09:15:00,77395.63,77447.71,77320.56,77379.14,239537
1783655160,2026-07-10T09:16:00,77381.26,77466.97,77381.26,77466.97,129755
1783655220,2026-07-10T09:17:00,77472.13,77526.85,77469.65,77469.65,88173
1783655280,2026-07-10T09:18:00,77480.93,77491.18,77454.43,77462.14,72787
1783655340,2026-07-10T09:19:00,77461.02,77461.02,77433.05,77443.87,79525
1783655400,2026-07-10T09:20:00,77449.78,77457.53,77412.1,77428.46,62812
1783655460,2026-07-10T09:21:00,77427.39,77445.83,77427.39,77444.3,69720
1783655520,2026-07-10T09:22:00,77448.73,77464.41,77436.81,77440.87,44443
1783655580,2026-07-10T09:23:00,77438.3,77466.8,77430.39,77462.24,94255
1783655640,2026-07-10T09:24:00,77461.72,77501.36,77461.15,77501.36,68621
1783655700,2026-07-10T09:25:00,77500.02,77500.02,77466.91,77470.06,55342
1783655760,2026-07-10T09:26:00,77469.93,77475.56,77423.82,77425.65,53263
1783655820,2026-07-10T09:27:00,77423.55,77430.03,77394.16,77422.19,82127
1783655880,2026-07-10T09:28:00,77425.78,77457.82,77424.65,77439.45,31745
1783655940,2026-07-10T09:29:00,77438.98,77443.43,77420.54,77436.11,27669
1783656000,2026-07-10T09:30:00,77437.11,77462.13,77435.75,77453.68,60372
1783656060,2026-07-10T09:31:00,77457.32,77470.88,77444.28,77446.88,31008
1783656120,2026-07-10T09:32:00,77449.65,77449.65,77419.3,77421.29,27196
1783656180,2026-07-10T09:33:00,77429.88,77450.96,77417.81,77448.76,30985
1783656240,2026-07-10T09:34:00,77448.42,77482.58,77447.49,77479.91,49783
1783656300,2026-07-10T09:35:00,77481.27,77488.04,77460.13,77469.99,51990
1783656360,2026-07-10T09:36:00,77472.13,77479.64,77455.04,77465.34,33880
1783656420,2026-07-10T09:37:00,77465.68,77514.21,77453.98,77508.03,64338
1783656480,2026-07-10T09:38:00,77511.37,77519.39,77498.56,77503.85,45570
1783656540,2026-07-10T09:39:00,77507.88,77523.45,77489.04,77501.25,31412
1783656600,2026-07-10T09:40:00,77499.11,77536.06,77499.11,77524.31,33572
1783656660,2026-07-10T09:41:00,77521.89,77549.45,77517.59,77541.64,44897
1783656720,2026-07-10T09:42:00,77545.89,77558.04,77531.74,77533.74,33267
1783656780,2026-07-10T09:43:00,77525.72,77545.25,77521.79,77525.55,27009
1783656840,2026-07-10T09:44:00,77524.4,77524.97,77496.09,77504.63,23199
1783656900,2026-07-10T09:45:00,77507.06,77518.85,77503.88,77510.19,31460
1783656960,2026-07-10T09:46:00,77509.36,77524.83,77509.36,77521.6,16880
1783657020,2026-07-10T09:47:00,77523.5,77555.17,77518.38,77552.47,27537
1783657080,2026-07-10T09:48:00,77552.19,77563.21,77540.22,77540.22,22338
1783657140,2026-07-10T09:49:00,77539.91,77557.65,77534.5,77543.41,47629
1783657200,2026-07-10T09:50:00,77546.62,77556.4,77516.89,77519.86,34534
1783657260,2026-07-10T09:51:00,77520.07,77527.17,77507.35,77522.76,29202
1783657320,2026-07-10T09:52:00,77525.44,77531.53,77509.17,77527.08,21231
1783657380,2026-07-10T09:53:00,77525.1,77533.4,77516.17,77530.47,30216
1783657440,2026-07-10T09:54:00,77530.07,77543.43,77512.76,77515.28,25874
1783657500,2026-07-10T09:55:00,77514.67,77532.28,77510.4,77516.59,19838
1783657560,2026-07-10T09:56:00,77519.26,77541.23,77512.78,77528.43,48747
1783657620,2026-07-10T09:57:00,77529.43,77546.26,77518.6,77544.67,24644
1783657680,2026-07-10T09:58:00,77539.08,77547.09,77532.42,77541.42,26434
1783657740,2026-07-10T09:59:00,77542.39,77557.69,77535.75,77556.58,27385
1783657800,2026-07-10T10:00:00,77556.9,77587.59,77555.52,77586.67,68871
1783657860,2026-07-10T10:01:00,77588.08,77588.08,77552.07,77556.18,24713
1783657920,2026-07-10T10:02:00,77550.66,77571.04,77549.78,77569.96,22377
1783657980,2026-07-10T10:03:00,77568.89,77568.89,77539.18,77539.18,43038
1783658040,2026-07-10T10:04:00,77536.67,77551.73,77531.39,77538.74,17212
1783658100,2026-07-10T10:05:00,77538.75,77556.51,77527.04,77545.13,16300
1783658160,2026-07-10T10:06:00,77545.11,77559.91,77535.59,77556.42,14591
1783658220,2026-07-10T10:07:00,77559.77,77562.55,77541.58,77550.35,19642
1783658280,2026-07-10T10:08:00,77547.77,77556.87,77531.47,77533.19,22865
1783658340,2026-07-10T10:09:00,77533.53,77546.53,77514.15,77545.84,21657
1783658400,2026-07-10T10:10:00,77545.73,77587.02,77538.6,77572.3,30191
1783658460,2026-07-10T10:11:00,77574.49,77574.64,77546.12,77546.93,15578
1783658520,2026-07-10T10:12:00,77551.04,77557.01,77534.77,77537.38,14267
1783658580,2026-07-10T10:13:00,77539.79,77552.93,77537.01,77542.57,21753
1783658640,2026-07-10T10:14:00,77540.2,77547.28,77532.43,77537.32,11566
1783658700,2026-07-10T10:15:00,77537.32,77553.33,77534.61,77549.71,24174
1783658760,2026-07-10T10:16:00,77547.84,77554.29,77530.48,77541.97,15804
1783658820,2026-07-10T10:17:00,77542.44,77550.58,77536.44,77545.07,15187
1783658880,2026-07-10T10:18:00,77547.46,77548.28,77537.43,77543.7,9420
1783658940,2026-07-10T10:19:00,77543.27,77545.55,77529.8,77530.71,11682
1783659000,2026-07-10T10:20:00,77530.71,77543.5,77530.01,77536.19,21715
1783659060,2026-07-10T10:21:00,77536.21,77551.43,77528.59,77549.54,10332
1783659120,2026-07-10T10:22:00,77549.54,77549.54,77529.06,77529.91,12865
1783659180,2026-07-10T10:23:00,77529.91,77532.62,77511.68,77521.97,19258
1783659240,2026-07-10T10:24:00,77524.68,77525.56,77516.83,77524.31,15597
1783659300,2026-07-10T10:25:00,77520.29,77537.85,77520.29,77529.16,10003
1783659360,2026-07-10T10:26:00,77525.94,77552.96,77524.23,77549.93,327165
1783659420,2026-07-10T10:27:00,77549.93,77556.33,77529.48,77533.46,43571
1783659480,2026-07-10T10:28:00,77533.46,77535.18,77521.36,77527.35,29729
1783659540,2026-07-10T10:29:00,77527.65,77535.27,77520.56,77520.56,324718
1783659600,2026-07-10T10:30:00,77519.85,77528.41,77493.5,77493.5,18134
1783659660,2026-07-10T10:31:00,77493.93,77497.35,77470.19,77477.41,26337
1783659720,2026-07-10T10:32:00,77477.41,77488.19,77471.47,77474.04,8666
1783659780,2026-07-10T10:33:00,77474.61,77483.21,77467.4,77473.14,10121
1783659840,2026-07-10T10:34:00,77471.66,77482.65,77468.46,77481.62,7540
1783659900,2026-07-10T10:35:00,77481.27,77491.15,77473.57,77491.15,14824
1783659960,2026-07-10T10:36:00,77486.65,77493.88,77480.11,77485.26,5306
1783660020,2026-07-10T10:37:00,77487.44,77510.68,77487.44,77507.8,32428
1783660080,2026-07-10T10:38:00,77501.8,77503.35,77488.23,77498.34,8168
1783660140,2026-07-10T10:39:00,77498.56,77502.31,77485.93,77499.3,14552
1783660200,2026-07-10T10:40:00,77498.1,77504.74,77490.89,77501.62,16915
1783660260,2026-07-10T10:41:00,77501.34,77530.59,77500.36,77524.83,17180
1783660320,2026-07-10T10:42:00,77524.83,77539.68,77522.68,77527.75,13441
1783660380,2026-07-10T10:43:00,77529.06,77544.26,77528.07,77531.13,6575
1783660440,2026-07-10T10:44:00,77531.38,77545.59,77525.7,77544.78,16037
1783660500,2026-07-10T10:45:00,77545.79,77545.79,77524.3,77528.1,13582
1783660560,2026-07-10T10:46:00,77528.11,77542.9,77526.13,77528.4,20466
1783660620,2026-07-10T10:47:00,77531.62,77543.1,77530.89,77537.89,30959
1783660680,2026-07-10T10:48:00,77539.36,77541.64,77530.2,77537.88,9731
1783660740,2026-07-10T10:49:00,77538.48,77541.63,77531.58,77532.28,47973
1783660800,2026-07-10T10:50:00,77531.85,77543.11,77526.87,77539.51,13346
1783660860,2026-07-10T10:51:00,77538.04,77546.29,77532.35,77546.29,16200
1783660920,2026-07-10T10:52:00,77545.85,77562.63,77538.74,77555.68,52197
1783660980,2026-07-10T10:53:00,77553.63,77553.63,77536.36,77542.34,5632
1783661040,2026-07-10T10:54:00,77541.43,77545.7,77533.58,77535.75,12039
1783661100,2026-07-10T10:55:00,77536.58,77537.0,77520.3,77524.79,13541
1783661160,2026-07-10T10:56:00,77524.84,77547.25,77518.27,77534.8,21046
1783661220,2026-07-10T10:57:00,77534.43,77535.83,77516.46,77516.46,18778
1783661280,2026-07-10T10:58:00,77518.38,77529.58,77510.45,77510.45,20984
1783661340,2026-07-10T10:59:00,77510.22,77514.72,77497.91,77510.1,10576
1783661400,2026-07-10T11:00:00,77516.84,77530.71,77512.47,77527.93,11887
1783661460,2026-07-10T11:01:00,77526.04,77526.34,77515.44,77524.48,7745
1783661520,2026-07-10T11:02:00,77524.63,77531.32,77520.47,77531.32,8695
1783661580,2026-07-10T11:03:00,77530.68,77534.23,77522.28,77528.29,10372
1783661640,2026-07-10T11:04:00,77529.58,77535.61,77505.94,77509.31,13593
1783661700,2026-07-10T11:05:00,77508.66,77517.02,77486.97,77495.09,17810
1783661760,2026-07-10T11:06:00,77495.17,77496.9,77477.01,77478.72,11057
1783661820,2026-07-10T11:07:00,77475.82,77480.64,77463.27,77463.54,5449
1783661880,2026-07-10T11:08:00,77463.95,77477.18,77460.75,77466.22,12349
1783661940,2026-07-10T11:09:00,77466.22,77472.13,77457.67,77464.62,57060
1783662000,2026-07-10T11:10:00,77464.62,77468.86,77430.74,77430.74,188066
1783662060,2026-07-10T11:11:00,77430.35,77445.66,77430.35,77432.33,20398
1783662120,2026-07-10T11:12:00,77432.02,77444.11,77427.76,77441.44,18045
1783662180,2026-07-10T11:13:00,77445.94,77458.74,77445.94,77449.69,21933
1783662240,2026-07-10T11:14:00,77449.69,77455.65,77441.63,77442.0,32474
1783662300,2026-07-10T11:15:00,77444.6,77450.24,77423.64,77429.44,16990
1783662360,2026-07-10T11:16:00,77430.61,77436.21,77407.57,77409.27,20061
1783662420,2026-07-10T11:17:00,77408.92,77442.67,77404.6,77442.67,6670
1783662480,2026-07-10T11:18:00,77440.75,77442.45,77432.79,77441.16,14273
1783662540,2026-07-10T11:19:00,77441.16,77443.14,77424.0,77425.99,6382
1783662600,2026-07-10T11:20:00,77425.14,77429.86,77418.09,77423.37,8235
1783662660,2026-07-10T11:21:00,77423.37,77425.73,77410.61,77410.61,7535
1783662720,2026-07-10T11:22:00,77411.83,77440.43,77411.83,77437.08,4045
1783662780,2026-07-10T11:23:00,77435.74,77447.64,77428.6,77431.38,22568
1783662840,2026-07-10T11:24:00,77430.72,77454.18,77430.72,77439.66,6359
1783662900,2026-07-10T11:25:00,77439.66,77446.9,77437.5,77438.13,28982
1783662960,2026-07-10T11:26:00,77437.89,77441.05,77428.74,77433.82,84124
1783663020,2026-07-10T11:27:00,77426.34,77440.05,77426.34,77431.49,28841
1783663080,2026-07-10T11:28:00,77431.49,77434.78,77423.77,77429.61,11459
1783663140,2026-07-10T11:29:00,77429.61,77433.47,77397.23,77404.81,9805
1783663200,2026-07-10T11:30:00,77399.28,77423.23,77396.77,77414.07,6666
1783663260,2026-07-10T11:31:00,77417.22,77422.48,77409.61,77413.02,10643
1783663320,2026-07-10T11:32:00,77411.45,77423.97,77406.37,77407.34,8072
1783663380,2026-07-10T11:33:00,77407.49,77418.52,77406.25,77418.52,3892
1783663440,2026-07-10T11:34:00,77421.38,77429.02,77419.83,77421.9,8667
1783663500,2026-07-10T11:35:00,77422.33,77431.33,77418.57,77422.53,23145
1783663560,2026-07-10T11:36:00,77424.08,77443.2,77424.08,77441.07,16414
1783663620,2026-07-10T11:37:00,77442.88,77442.88,77400.82,77400.82,157877
1783663680,2026-07-10T11:38:00,77400.82,77401.18,77387.93,77399.27,12111
1783663740,2026-07-10T11:39:00,77401.9,77419.93,77400.7,77416.02,149827
1783663800,2026-07-10T11:40:00,77415.73,77416.19,77394.78,77404.87,57737
1783663860,2026-07-10T11:41:00,77404.87,77405.58,77392.9,77398.67,18837
1783663920,2026-07-10T11:42:00,77400.96,77407.54,77394.14,77407.54,8749
1783663980,2026-07-10T11:43:00,77408.23,77422.8,77406.32,77421.8,15679
1783664040,2026-07-10T11:44:00,77422.64,77432.74,77418.93,77423.88,18670
1783664100,2026-07-10T11:45:00,77424.06,77430.37,77416.76,77423.71,8254
1783664160,2026-07-10T11:46:00,77424.39,77449.81,77424.39,77446.1,8275
1783664220,2026-07-10T11:47:00,77445.47,77449.65,77436.62,77449.65,14752
1783664280,2026-07-10T11:48:00,77449.42,77451.14,77433.87,77442.38,5340
1783664340,2026-07-10T11:49:00,77441.8,77451.5,77437.23,77449.4,7272
1783664400,2026-07-10T11:50:00,77449.79,77453.28,77432.96,77435.15,4236
1783664460,2026-07-10T11:51:00,77434.68,77443.1,77428.69,77439.41,7969
1783664520,2026-07-10T11:52:00,77440.7,77441.29,77427.71,77428.12,9835
1783664580,2026-07-10T11:53:00,77427.37,77428.49,77378.23,77381.96,11087
1783664640,2026-07-10T11:54:00,77381.63,77388.91,77376.5,77385.57,14266
1783664700,2026-07-10T11:55:00,77385.57,77390.6,77375.66,77380.93,54054
1783664760,2026-07-10T11:56:00,77379.92,77401.45,77376.87,77389.22,6072
1783664820,2026-07-10T11:57:00,77389.22,77399.76,77386.32,77397.26,8655
1783664880,2026-07-10T11:58:00,77397.26,77405.81,77394.69,77404.38,12585
1783664940,2026-07-10T11:59:00,77406.01,77424.93,77399.77,77422.21,9963
1783665000,2026-07-10T12:00:00,77422.09,77450.26,77422.09,77450.26,20073
1783665060,2026-07-10T12:01:00,77449.61,77464.43,77443.79,77452.25,13720
1783665120,2026-07-10T12:02:00,77456.1,77465.37,77454.7,77463.47,7191
1783665180,2026-07-10T12:03:00,77459.75,77473.84,77459.75,77463.65,9043
1783665240,2026-07-10T12:04:00,77463.65,77466.91,77452.64,77452.64,8077
1783665300,2026-07-10T12:05:00,77453.97,77455.65,77433.18,77433.18,10516
1783665360,2026-07-10T12:06:00,77433.18,77450.82,77433.18,77444.17,9167
1783665420,2026-07-10T12:07:00,77444.0,77451.77,77437.95,77450.12,14265
1783665480,2026-07-10T12:08:00,77450.12,77463.54,77449.07,77460.46,4592
1783665540,2026-07-10T12:09:00,77460.46,77460.46,77436.01,77436.01,6324
1783665600,2026-07-10T12:10:00,77437.52,77440.89,77423.88,77428.52,11280
1783665660,2026-07-10T12:11:00,77427.77,77427.77,77402.16,77410.68,4445
1783665720,2026-07-10T12:12:00,77411.29,77413.09,77394.48,77401.89,6800
1783665780,2026-07-10T12:13:00,77404.92,77404.92,77381.35,77388.0,5883
1783665840,2026-07-10T12:14:00,77388.0,77397.67,77383.92,77397.67,6292
1783665900,2026-07-10T12:15:00,77396.85,77398.33,77381.06,77394.42,5019
1783665960,2026-07-10T12:16:00,77395.48,77399.14,77381.54,77399.14,12232
1783666020,2026-07-10T12:17:00,77398.89,77401.29,77389.13,77395.35,8037
1783666080,2026-07-10T12:18:00,77398.17,77408.03,77397.19,77403.39,7971
1783666140,2026-07-10T12:19:00,77404.0,77405.25,77389.95,77393.81,3420
1783666200,2026-07-10T12:20:00,77395.38,77405.54,77392.61,77400.7,10254
1783666260,2026-07-10T12:21:00,77400.7,77404.88,77392.49,77404.44,7839
1783666320,2026-07-10T12:22:00,77402.28,77418.21,77397.08,77412.68,11762
1783666380,2026-07-10T12:23:00,77412.68,77416.01,77402.1,77409.41,9391
1783666440,2026-07-10T12:24:00,77412.14,77428.06,77409.28,77427.33,4468
1783666500,2026-07-10T12:25:00,77427.61,77439.92,77421.74,77429.18,3986
1783666560,2026-07-10T12:26:00,77429.55,77451.29,77428.67,77451.29,9078
1783666620,2026-07-10T12:27:00,77451.29,77478.21,77447.93,77478.21,19316
1783666680,2026-07-10T12:28:00,77475.89,77492.77,77467.35,77488.06,11101
1783666740,2026-07-10T12:29:00,77488.47,77492.68,77482.18,77487.1,3981
1783666800,2026-07-10T12:30:00,77483.72,77493.12,77474.03,77474.03,4387
1783666860,2026-07-10T12:31:00,77474.84,77478.34,77460.34,77465.15,109484
1783666920,2026-07-10T12:32:00,77465.15,77470.43,77451.46,77451.46,26316
1783666980,2026-07-10T12:33:00,77453.15,77463.8,77446.89,77463.8,53096
1783667040,2026-07-10T12:34:00,77464.14,77473.68,77462.84,77473.36,7554
1783667100,2026-07-10T12:35:00,77474.17,77478.71,77469.96,77473.11,60743
1783667160,2026-07-10T12:36:00,77472.53,77480.14,77466.95,77466.95,93445
1783667220,2026-07-10T12:37:00,77466.95,77476.81,77462.99,77464.04,63782
1783667280,2026-07-10T12:38:00,77464.04,77470.74,77460.82,77461.34,11976
1783667340,2026-07-10T12:39:00,77461.34,77483.41,77461.34,77481.22,10827
1783667400,2026-07-10T12:40:00,77480.09,77485.82,77474.71,77477.82,14728
1783667460,2026-07-10T12:41:00,77478.16,77484.46,77465.54,77480.71,19516
1783667520,2026-07-10T12:42:00,77481.76,77489.54,77469.18,77484.57,23900
1783667580,2026-07-10T12:43:00,77488.52,77495.05,77477.36,77489.66,7769
1783667640,2026-07-10T12:44:00,77494.17,77517.49,77494.03,77499.6,19318
1783667700,2026-07-10T12:45:00,77500.51,77519.23,77498.72,77507.54,35574
1783667760,2026-07-10T12:46:00,77504.75,77517.27,77500.26,77502.08,13966
1783667820,2026-07-10T12:47:00,77502.65,77517.97,77498.37,77504.93,8967
1783667880,2026-07-10T12:48:00,77504.93,77511.81,77501.01,77507.28,8545
1783667940,2026-07-10T12:49:00,77507.28,77516.39,77500.98,77505.58,8816
1783668000,2026-07-10T12:50:00,77504.91,77508.93,77494.29,77508.93,8817
1783668060,2026-07-10T12:51:00,77508.04,77529.43,77508.04,77527.52,11766
1783668120,2026-07-10T12:52:00,77528.47,77540.07,77520.53,77525.39,9500
1783668180,2026-07-10T12:53:00,77523.82,77538.52,77516.31,77516.31,6661
1783668240,2026-07-10T12:54:00,77516.16,77516.16,77501.37,77511.64,11997
1783668300,2026-07-10T12:55:00,77511.16,77524.92,77501.59,77520.91,7025
1783668360,2026-07-10T12:56:00,77517.08,77529.38,77510.96,77523.28,14930
1783668420,2026-07-10T12:57:00,77525.38,77525.38,77495.43,77496.31,4640
1783668480,2026-07-10T12:58:00,77496.95,77506.66,77496.95,77503.38,10618
1783668540,2026-07-10T12:59:00,77507.07,77507.82,77485.75,77486.03,62015
1783668600,2026-07-10T13:00:00,77485.15,77489.91,77480.48,77480.48,5027
1783668660,2026-07-10T13:01:00,77480.48,77497.53,77478.66,77497.53,8943
1783668720,2026-07-10T13:02:00,77497.53,77514.29,77491.36,77514.29,14136
1783668780,2026-07-10T13:03:00,77513.26,77542.0,77505.76,77534.95,10327
1783668840,2026-07-10T13:04:00,77535.21,77537.61,77520.82,77525.02,18961
1783668900,2026-07-10T13:05:00,77529.05,77529.05,77510.19,77521.19,10870
1783668960,2026-07-10T13:06:00,77522.06,77529.0,77512.34,77522.76,12377
1783669020,2026-07-10T13:07:00,77521.29,77521.29,77500.74,77509.22,18372
1783669080,2026-07-10T13:08:00,77503.13,77535.81,77503.13,77513.65,19929
1783669140,2026-07-10T13:09:00,77513.28,77513.28,77485.91,77486.68,10343
1783669200,2026-07-10T13:10:00,77484.0,77495.86,77475.88,77480.99,6404
1783669260,2026-07-10T13:11:00,77480.99,77490.48,77468.55,77488.96,5771
1783669320,2026-07-10T13:12:00,77483.17,77507.92,77482.35,77501.98,15547
1783669380,2026-07-10T13:13:00,77501.89,77502.68,77489.1,77493.83,7461
1783669440,2026-07-10T13:14:00,77493.83,77506.1,77489.4,77504.32,7513
1783669500,2026-07-10T13:15:00,77503.73,77508.05,77492.86,77495.25,8691
1783669560,2026-07-10T13:16:00,77494.65,77502.14,77490.78,77494.33,4549
1783669620,2026-07-10T13:17:00,77494.52,77494.52,77473.5,77473.6,8207
1783669680,2026-07-10T13:18:00,77473.6,77477.07,77467.03,77469.48,8404
1783669740,2026-07-10T13:19:00,77470.78,77473.8,77462.39,77463.06,15530
1783669800,2026-07-10T13:20:00,77464.2,77464.26,77437.01,77447.43,28124
1783669860,2026-07-10T13:21:00,77450.39,77459.02,77444.11,77454.26,6216
1783669920,2026-07-10T13:22:00,77457.8,77457.8,77422.45,77428.7,9765
1783669980,2026-07-10T13:23:00,77428.43,77437.45,77424.6,77430.29,12780
1783670040,2026-07-10T13:24:00,77424.37,77433.79,77420.38,77427.74,257773
1783670100,2026-07-10T13:25:00,77427.74,77438.86,77427.07,77435.83,2578287
1783670160,2026-07-10T13:26:00,77437.42,77456.04,77435.39,77450.63,143097
1783670220,2026-07-10T13:27:00,77450.44,77457.92,77442.07,77456.97,18557
1783670280,2026-07-10T13:28:00,77456.97,77471.71,77454.68,77464.07,10802
1783670340,2026-07-10T13:29:00,77464.1,77472.59,77445.96,77469.75,12372
1783670400,2026-07-10T13:30:00,77471.85,77475.86,77464.95,77466.85,5073
1783670460,2026-07-10T13:31:00,77467.3,77489.25,77466.12,77482.68,13113
1783670520,2026-07-10T13:32:00,77482.99,77487.83,77469.22,77469.72,20065
1783670580,2026-07-10T13:33:00,77469.72,77469.86,77450.86,77459.48,11680
1783670640,2026-07-10T13:34:00,77462.05,77495.67,77462.0,77494.28,111181
1783670700,2026-07-10T13:35:00,77492.62,77509.99,77492.62,77507.52,13051
1783670760,2026-07-10T13:36:00,77507.52,77515.13,77499.37,77499.37,27341
1783670820,2026-07-10T13:37:00,77499.37,77504.62,77492.73,77497.38,23815
1783670880,2026-07-10T13:38:00,77495.6,77511.09,77490.13,77506.03,70134
1783670940,2026-07-10T13:39:00,77506.03,77537.66,77501.65,77536.53,14817
1783671000,2026-07-10T13:40:00,77536.35,77556.55,77536.35,77553.73,9768
1783671060,2026-07-10T13:41:00,77551.8,77560.07,77545.99,77553.21,15891
1783671120,2026-07-10T13:42:00,77551.56,77557.85,77546.67,77546.82,36255
1783671180,2026-07-10T13:43:00,77545.75,77546.34,77535.85,77544.34,10077
1783671240,2026-07-10T13:44:00,77543.41,77548.87,77532.28,77532.28,50952
1783671300,2026-07-10T13:45:00,77535.58,77560.26,77532.53,77558.97,9935
1783671360,2026-07-10T13:46:00,77559.73,77566.21,77550.61,77550.61,33132
1783671420,2026-07-10T13:47:00,77556.46,77559.14,77544.17,77549.37,14695
1783671480,2026-07-10T13:48:00,77544.45,77547.85,77524.15,77527.2,9572
1783671540,2026-07-10T13:49:00,77528.04,77528.04,77511.53,77513.52,8759
1783671600,2026-07-10T13:50:00,77513.49,77529.23,77513.49,77528.28,13642
1783671660,2026-07-10T13:51:00,77527.63,77528.25,77509.62,77511.06,33058
1783671720,2026-07-10T13:52:00,77511.06,77517.47,77500.7,77507.42,8932
1783671780,2026-07-10T13:53:00,77507.76,77526.67,77507.76,77525.13,5741
1783671840,2026-07-10T13:54:00,77526.15,77537.21,77518.27,77522.18,14035
1783671900,2026-07-10T13:55:00,77524.6,77536.45,77517.55,77532.74,6486
1783671960,2026-07-10T13:56:00,77532.68,77541.69,77529.28,77534.93,6706
1783672020,2026-07-10T13:57:00,77536.12,77536.12,77522.33,77526.69,6911
1783672080,2026-07-10T13:58:00,77528.81,77534.64,77519.72,77527.18,5630
1783672140,2026-07-10T13:59:00,77527.86,77531.57,77515.9,77517.13,4559
1783672200,2026-07-10T14:00:00,77516.37,77534.96,77516.37,77522.86,9306
1783672260,2026-07-10T14:01:00,77522.86,77528.98,77504.11,77504.11,4736
1783672320,2026-07-10T14:02:00,77501.31,77504.94,77485.04,77489.54,11571
1783672380,2026-07-10T14:03:00,77498.35,77505.57,77477.05,77477.37,11073
1783672440,2026-07-10T14:04:00,77477.37,77505.03,77475.72,77501.33,6696
1783672500,2026-07-10T14:05:00,77501.28,77503.72,77482.9,77483.1,9540
1783672560,2026-07-10T14:06:00,77483.1,77490.78,77478.63,77487.57,7155
1783672620,2026-07-10T14:07:00,77489.91,77495.84,77483.12,77490.67,4571
1783672680,2026-07-10T14:08:00,77488.56,77490.42,77463.12,77463.12,8109
1783672740,2026-07-10T14:09:00,77463.3,77471.24,77459.47,77459.47,11201
1783672800,2026-07-10T14:10:00,77463.43,77464.7,77452.37,77457.93,6785
1783672860,2026-07-10T14:11:00,77457.93,77487.14,77457.89,77485.94,12445
1783672920,2026-07-10T14:12:00,77486.19,77491.69,77473.89,77479.86,5014
1783672980,2026-07-10T14:13:00,77479.86,77489.1,77478.09,77482.52,5804
1783673040,2026-07-10T14:14:00,77482.75,77498.23,77482.75,77492.31,11859
1783673100,2026-07-10T14:15:00,77491.64,77493.43,77488.23,77491.72,10581
1783673160,2026-07-10T14:16:00,77492.32,77502.0,77490.66,77498.66,6371
1783673220,2026-07-10T14:17:00,77497.54,77501.31,77493.43,77497.35,15779
1783673280,2026-07-10T14:18:00,77497.58,77499.09,77490.05,77490.05,10998
1783673340,2026-07-10T14:19:00,77489.91,77498.55,77487.34,77498.55,7182
1783673400,2026-07-10T14:20:00,77502.46,77507.52,77496.87,77502.27,20947
1783673460,2026-07-10T14:21:00,77502.23,77533.06,77498.23,77533.06,26342
1783673520,2026-07-10T14:22:00,77533.06,77552.41,77533.06,77548.1,32168
1783673580,2026-07-10T14:23:00,77547.54,77559.82,77547.39,77554.24,15224
1783673640,2026-07-10T14:24:00,77554.58,77557.65,77538.11,77540.05,6068
1783673700,2026-07-10T14:25:00,77539.29,77565.54,77539.29,77558.63,11171
1783673760,2026-07-10T14:26:00,77558.63,77577.91,77558.63,77577.91,15224
1783673820,2026-07-10T14:27:00,77576.58,77594.43,77576.58,77587.16,6893
1783673880,2026-07-10T14:28:00,77586.68,77589.19,77559.4,77570.34,20529
1783673940,2026-07-10T14:29:00,77570.79,77590.07,77570.79,77579.53,7790
1783674000,2026-07-10T14:30:00,77578.79,77596.52,77578.79,77585.95,9051
1783674060,2026-07-10T14:31:00,77585.95,77585.95,77541.47,77549.59,9943
1783674120,2026-07-10T14:32:00,77549.43,77575.28,77542.09,77574.43,24035
1783674180,2026-07-10T14:33:00,77571.86,77597.97,77565.2,77595.43,39114
1783674240,2026-07-10T14:34:00,77593.94,77593.94,77571.2,77571.46,51431
1783674300,2026-07-10T14:35:00,77568.88,77576.22,77563.71,77570.72,22998
1783674360,2026-07-10T14:36:00,77571.24,77578.42,77568.79,77570.25,8245
1783674420,2026-07-10T14:37:00,77570.04,77574.06,77560.92,77572.79,9737
1783674480,2026-07-10T14:38:00,77572.6,77583.4,77569.18,77581.48,18147
1783674540,2026-07-10T14:39:00,77580.86,77592.1,77572.07,77589.33,10919
1783674600,2026-07-10T14:40:00,77591.9,77604.15,77582.76,77600.24,32876
1783674660,2026-07-10T14:41:00,77597.74,77602.62,77593.97,77595.2,13534
1783674720,2026-07-10T14:42:00,77597.62,77601.3,77582.11,77582.11,8574
1783674780,2026-07-10T14:43:00,77582.34,77593.37,77577.7,77581.01,13965
1783674840,2026-07-10T14:44:00,77580.82,77590.88,77575.58,77575.58,17232
1783674900,2026-07-10T14:45:00,77575.58,77584.0,77570.66,77578.59,8612
1783674960,2026-07-10T14:46:00,77578.59,77583.26,77568.62,77582.94,13195
1783675020,2026-07-10T14:47:00,77585.09,77601.33,77585.09,77599.3,8709
1783675080,2026-07-10T14:48:00,77600.21,77640.81,77597.11,77640.81,23136
1783675140,2026-07-10T14:49:00,77639.54,77642.23,77617.81,77620.33,19867
1783675200,2026-07-10T14:50:00,77620.33,77621.83,77594.43,77595.52,8552
1783675260,2026-07-10T14:51:00,77592.9,77596.35,77569.31,77575.18,12148
1783675320,2026-07-10T14:52:00,77574.95,77576.32,77556.42,77567.2,12325
1783675380,2026-07-10T14:53:00,77567.87,77575.0,77560.64,77566.88,9165
1783675440,2026-07-10T14:54:00,77566.88,77575.57,77553.19,77555.6,37940
1783675500,2026-07-10T14:55:00,77555.6,77565.3,77550.0,77563.52,19664
1783675560,2026-07-10T14:56:00,77563.69,77573.1,77558.61,77568.26,10577
1783675620,2026-07-10T14:57:00,77572.39,77581.37,77564.31,77570.12,10666
1783675680,2026-07-10T14:58:00,77570.24,77579.89,77511.03,77517.97,19126
1783675740,2026-07-10T14:59:00,77516.73,77549.06,77510.9,77539.26,14511
1783675800,2026-07-10T15:00:00,77539.92,77602.36,77513.79,77581.72,38719
1783675860,2026-07-10T15:01:00,77578.57,77589.05,77574.7,77578.41,22777
1783675920,2026-07-10T15:02:00,77575.48,77588.09,77569.76,77575.31,21790
1783675980,2026-07-10T15:03:00,77573.56,77579.57,77551.0,77551.15,27047
1783676040,2026-07-10T15:04:00,77553.24,77553.24,77539.84,77541.38,17289
1783676100,2026-07-10T15:05:00,77536.9,77555.21,77535.63,77539.0,14931
1783676160,2026-07-10T15:06:00,77537.89,77541.76,77527.36,77527.52,10513
1783676220,2026-07-10T15:07:00,77528.97,77555.09,77525.33,77552.12,12603
1783676280,2026-07-10T15:08:00,77554.26,77566.13,77545.48,77557.9,10655
1783676340,2026-07-10T15:09:00,77560.47,77587.48,77560.46,77586.48,26583
1783676400,2026-07-10T15:10:00,77586.49,77593.96,77577.12,77593.96,45791
1783676460,2026-07-10T15:11:00,77596.15,77601.0,77587.85,77591.8,28059
1783676520,2026-07-10T15:12:00,77587.72,77589.26,77566.86,77571.12,14392
1783676580,2026-07-10T15:13:00,77571.03,77578.98,77565.09,77573.14,29631
1783676640,2026-07-10T15:14:00,77577.32,77578.69,77564.9,77569.61,26425
1783676700,2026-07-10T15:15:00,77564.57,77571.25,77548.68,77552.95,46068
1783676760,2026-07-10T15:16:00,77551.84,77554.77,77539.71,77546.35,35181
1783676820,2026-07-10T15:17:00,77544.87,77564.08,77542.2,77554.87,29134
1783676880,2026-07-10T15:18:00,77554.65,77561.32,77547.41,77557.5,28516
1783676940,2026-07-10T15:19:00,77557.5,77564.99,77551.19,77560.41,36512
1783677000,2026-07-10T15:20:00,77555.95,77563.36,77553.66,77554.92,22695
1783677060,2026-07-10T15:21:00,77550.24,77568.85,77546.69,77568.85,33794
1783677120,2026-07-10T15:22:00,77568.85,77578.83,77560.96,77578.43,59599
1783677180,2026-07-10T15:23:00,77577.63,77601.67,77573.93,77590.2,66612
1783677240,2026-07-10T15:24:00,77591.73,77593.57,77565.23,77569.4,69019
1783677300,2026-07-10T15:25:00,77571.21,77582.32,77559.68,77577.04,43328
1783677360,2026-07-10T15:26:00,77578.21,77588.9,77564.35,77578.59,43367
1783677420,2026-07-10T15:27:00,77581.32,77614.07,77578.6,77608.37,24753
1783677480,2026-07-10T15:28:00,77608.27,77617.66,77579.63,77596.82,47763
1783677540,2026-07-10T15:29:00,77593.37,77603.05,77567.42,77593.11,27293
1783914300,2026-07-13T09:15:00,76963.35,76981.53,76857.43,76932.97,303376
1783914360,2026-07-13T09:16:00,76939.9,76983.19,76890.8,76966.46,137278
1783914420,2026-07-13T09:17:00,76962.74,76992.76,76926.34,76991.0,139022
1783914480,2026-07-13T09:18:00,76990.14,77002.04,76914.79,76949.54,111545
1783914540,2026-07-13T09:19:00,76941.87,76953.89,76929.08,76945.06,80149
1783914600,2026-07-13T09:20:00,76940.77,76955.36,76913.12,76955.36,137699
1783914660,2026-07-13T09:21:00,76949.55,76973.11,76947.19,76947.19,106453
1783914720,2026-07-13T09:22:00,76946.23,76975.12,76946.23,76961.24,96890
1783914780,2026-07-13T09:23:00,76964.88,76970.35,76932.59,76944.65,85304
1783914840,2026-07-13T09:24:00,76951.56,76955.49,76928.89,76931.73,80066
1783914900,2026-07-13T09:25:00,76931.47,76964.96,76930.34,76953.13,73478
1783914960,2026-07-13T09:26:00,76951.49,76955.23,76931.84,76947.43,76744
1783915020,2026-07-13T09:27:00,76951.45,76966.43,76903.84,76930.84,100551
1783915080,2026-07-13T09:28:00,76931.98,76961.76,76925.65,76944.25,48344
1783915140,2026-07-13T09:29:00,76938.08,76962.2,76929.75,76959.37,54372
1783915200,2026-07-13T09:30:00,76955.85,76958.08,76938.47,76950.5,46819
1783915260,2026-07-13T09:31:00,76950.36,76969.56,76948.83,76951.03,75680
1783915320,2026-07-13T09:32:00,76949.84,76986.28,76949.84,76984.12,39454
1783915380,2026-07-13T09:33:00,76987.26,76992.24,76965.06,76992.24,34676
1783915440,2026-07-13T09:34:00,76988.93,76988.93,76941.11,76972.69,45581
1783915500,2026-07-13T09:35:00,76969.09,76969.09,76946.15,76948.25,161646
1783915560,2026-07-13T09:36:00,76954.87,76996.83,76951.15,76993.86,31010
1783915620,2026-07-13T09:37:00,76999.62,77049.71,76999.62,77046.68,31224
1783915680,2026-07-13T09:38:00,77053.4,77076.85,77040.41,77062.84,42777
1783915740,2026-07-13T09:39:00,77063.52,77096.79,77051.37,77095.4,35646
1783915800,2026-07-13T09:40:00,77094.69,77116.15,77083.99,77099.81,36106
1783915860,2026-07-13T09:41:00,77100.12,77125.08,77092.56,77115.71,25137
1783915920,2026-07-13T09:42:00,77115.35,77136.73,77105.69,77132.95,28140
1783915980,2026-07-13T09:43:00,77135.86,77170.78,77135.86,77145.81,32851
1783916040,2026-07-13T09:44:00,77144.39,77144.92,77118.94,77134.97,50424
1783916100,2026-07-13T09:45:00,77135.33,77145.28,77115.59,77122.62,33396
1783916160,2026-07-13T09:46:00,77122.91,77170.01,77116.85,77170.01,42910
1783916220,2026-07-13T09:47:00,77168.34,77186.39,77162.68,77184.48,38929
1783916280,2026-07-13T09:48:00,77189.33,77207.3,77180.3,77191.45,40522
1783916340,2026-07-13T09:49:00,77187.66,77239.74,77178.35,77238.44,39920
1783916400,2026-07-13T09:50:00,77238.75,77249.03,77211.3,77226.73,28767
1783916460,2026-07-13T09:51:00,77222.72,77222.72,77201.86,77213.28,21006
1783916520,2026-07-13T09:52:00,77218.37,77243.29,77218.37,77242.58,24096
1783916580,2026-07-13T09:53:00,77244.98,77281.62,77244.67,77261.63,19105
1783916640,2026-07-13T09:54:00,77266.5,77288.84,77259.54,77276.87,31442
1783916700,2026-07-13T09:55:00,77279.7,77286.1,77263.67,77269.45,17760
1783916760,2026-07-13T09:56:00,77275.77,77279.38,77265.77,77267.77,14280
1783916820,2026-07-13T09:57:00,77265.84,77274.61,77241.61,77247.27,28566
1783916880,2026-07-13T09:58:00,77250.72,77276.38,77245.34,77275.15,27874
1783916940,2026-07-13T09:59:00,77276.73,77289.79,77271.55,77282.66,18047
1783917000,2026-07-13T10:00:00,77283.26,77294.3,77275.63,77288.79,1517013
1783917060,2026-07-13T10:01:00,77289.84,77301.56,77270.15,77270.15,19762
1783917120,2026-07-13T10:02:00,77269.56,77296.49,77266.72,77292.45,26863
1783917180,2026-07-13T10:03:00,77293.23,77299.82,77240.93,77245.05,15229
1783917240,2026-07-13T10:04:00,77245.03,77261.63,77239.82,77247.06,15863
1783917300,2026-07-13T10:05:00,77247.5,77259.45,77235.43,77249.02,23813
1783917360,2026-07-13T10:06:00,77248.85,77255.76,77235.51,77239.93,47154
1783917420,2026-07-13T10:07:00,77239.96,77243.51,77206.6,77217.5,879883
1783917480,2026-07-13T10:08:00,77217.88,77277.05,77213.34,77273.4,31140
1783917540,2026-07-13T10:09:00,77272.02,77288.14,77251.5,77256.03,29802
1783917600,2026-07-13T10:10:00,77259.59,77275.65,77242.96,77247.01,54889
1783917660,2026-07-13T10:11:00,77246.18,77266.37,77246.01,77261.55,10801
1783917720,2026-07-13T10:12:00,77261.2,77288.02,77257.29,77272.29,17958
1783917780,2026-07-13T10:13:00,77271.07,77271.07,77241.45,77241.45,26620
1783917840,2026-07-13T10:14:00,77244.31,77272.81,77239.57,77272.81,18338
1783917900,2026-07-13T10:15:00,77274.2,77288.82,77258.59,77275.85,17225
1783917960,2026-07-13T10:16:00,77274.84,77274.84,77239.34,77241.42,14019
1783918020,2026-07-13T10:17:00,77248.32,77258.27,77230.73,77246.66,21302
1783918080,2026-07-13T10:18:00,77236.67,77280.37,77234.49,77275.27,13890
1783918140,2026-07-13T10:19:00,77273.17,77275.45,77249.55,77267.17,100817
1783918200,2026-07-13T10:20:00,77271.84,77298.05,77269.3,77274.11,13519
1783918260,2026-07-13T10:21:00,77277.89,77291.48,77275.84,77291.48,16798
1783918320,2026-07-13T10:22:00,77288.86,77313.06,77282.85,77309.24,519619
1783918380,2026-07-13T10:23:00,77311.82,77311.82,77257.0,77281.02,10859
1783918440,2026-07-13T10:24:00,77280.37,77300.63,77275.84,77300.63,23131
1783918500,2026-07-13T10:25:00,77300.24,77317.66,77294.98,77315.75,13626
1783918560,2026-07-13T10:26:00,77314.61,77326.6,77305.88,77319.93,22622
1783918620,2026-07-13T10:27:00,77329.7,77347.5,77312.28,77345.24,36159
1783918680,2026-07-13T10:28:00,77349.89,77387.03,77348.78,77386.69,17545
1783918740,2026-07-13T10:29:00,77386.69,77428.26,77382.29,77404.12,31901
1783918800,2026-07-13T10:30:00,77404.37,77413.3,77364.13,77382.54,20358
1783918860,2026-07-13T10:31:00,77383.13,77384.16,77346.17,77351.15,20667
1783918920,2026-07-13T10:32:00,77354.83,77411.03,77353.9,77409.33,18954
1783918980,2026-07-13T10:33:00,77409.33,77421.02,77402.1,77413.99,45215
1783919040,2026-07-13T10:34:00,77416.03,77420.6,77398.99,77418.68,19263
1783919100,2026-07-13T10:35:00,77417.29,77424.31,77396.38,77399.02,19452
1783919160,2026-07-13T10:36:00,77399.51,77408.93,77384.23,77386.86,26551
1783919220,2026-07-13T10:37:00,77386.86,77397.7,77376.97,77387.13,13799
1783919280,2026-07-13T10:38:00,77386.13,77391.51,77374.32,77377.59,10675
1783919340,2026-07-13T10:39:00,77375.04,77375.04,77338.19,77338.88,32397
1783919400,2026-07-13T10:40:00,77344.53,77374.23,77339.98,77356.39,29141
1783919460,2026-07-13T10:41:00,77357.68,77367.07,77353.6,77358.36,10792
1783919520,2026-07-13T10:42:00,77363.47,77372.12,77349.83,77371.28,33627
1783919580,2026-07-13T10:43:00,77369.55,77396.59,77368.4,77382.62,20330
1783919640,2026-07-13T10:44:00,77382.13,77392.75,77374.74,77374.74,58509
1783919700,2026-07-13T10:45:00,77373.84,77388.85,77368.54,77375.98,37734
1783919760,2026-07-13T10:46:00,77374.88,77394.23,77372.27,77390.97,31512
1783919820,2026-07-13T10:47:00,77389.46,77404.71,77384.31,77396.59,20520
1783919880,2026-07-13T10:48:00,77396.53,77400.71,77379.54,77379.54,39756
1783919940,2026-07-13T10:49:00,77378.39,77397.75,77376.56,77383.11,25591
1783920000,2026-07-13T10:50:00,77379.26,77386.2,77361.11,77368.68,54092
1783920060,2026-07-13T10:51:00,77371.73,77397.04,77371.73,77375.24,80585
1783920120,2026-07-13T10:52:00,77374.82,77384.45,77370.83,77381.84,78931
1783920180,2026-07-13T10:53:00,77385.17,77400.88,77346.63,77352.36,60422
1783920240,2026-07-13T10:54:00,77352.36,77355.45,77328.16,77345.67,19277
1783920300,2026-07-13T10:55:00,77345.16,77352.75,77321.2,77321.2,19734
1783920360,2026-07-13T10:56:00,77318.11,77348.98,77314.78,77343.29,49758
1783920420,2026-07-13T10:57:00,77344.51,77355.09,77335.37,77353.85,13059
1783920480,2026-07-13T10:58:00,77359.29,77381.26,77354.05,77381.26,17610
1783920540,2026-07-13T10:59:00,77378.29,77394.26,77343.63,77363.06,20494
1783920600,2026-07-13T11:00:00,77363.71,77370.15,77314.53,77322.82,34895
1783920660,2026-07-13T11:01:00,77324.1,77346.3,77323.62,77324.96,36005
1783920720,2026-07-13T11:02:00,77327.12,77341.09,77322.31,77338.71,21881
1783920780,2026-07-13T11:03:00,77338.16,77356.92,77338.16,77354.53,15366
1783920840,2026-07-13T11:04:00,77354.26,77391.03,77349.09,77391.03,26589
1783920900,2026-07-13T11:05:00,77391.77,77408.04,77387.35,77398.18,23437
1783920960,2026-07-13T11:06:00,77397.77,77397.77,77358.57,77380.92,18223
1783921020,2026-07-13T11:07:00,77380.22,77407.91,77379.29,77401.33,220335
1783921080,2026-07-13T11:08:00,77401.38,77402.09,77385.92,77386.01,20031
1783921140,2026-07-13T11:09:00,77385.85,77397.61,77384.38,77387.67,37732
1783921200,2026-07-13T11:10:00,77389.92,77407.3,77387.8,77395.77,27817
1783921260,2026-07-13T11:11:00,77398.2,77413.25,77394.57,77413.25,27762
1783921320,2026-07-13T11:12:00,77418.76,77437.89,77416.52,77429.81,28028
1783921380,2026-07-13T11:13:00,77432.03,77437.34,77418.22,77420.42,21470
1783921440,2026-07-13T11:14:00,77420.98,77420.98,77395.52,77402.55,37265
1783921500,2026-07-13T11:15:00,77399.14,77408.31,77386.01,77399.73,23797
1783921560,2026-07-13T11:16:00,77396.81,77403.3,77368.08,77380.21,21530
1783921620,2026-07-13T11:17:00,77380.44,77384.4,77367.29,77379.05,48588
1783921680,2026-07-13T11:18:00,77378.19,77378.19,77351.11,77353.87,33442
1783921740,2026-07-13T11:19:00,77359.48,77363.89,77351.19,77356.88,23155
1783921800,2026-07-13T11:20:00,77357.71,77379.99,77357.71,77379.98,29683
1783921860,2026-07-13T11:21:00,77386.62,77407.31,77386.44,77401.04,18262
1783921920,2026-07-13T11:22:00,77402.37,77424.37,77393.35,77420.8,17566
1783921980,2026-07-13T11:23:00,77419.74,77431.74,77416.76,77419.25,8341
1783922040,2026-07-13T11:24:00,77422.98,77423.29,77386.54,77386.54,34193
1783922100,2026-07-13T11:25:00,77385.5,77394.56,77382.97,77386.04,20249
1783922160,2026-07-13T11:26:00,77382.68,77386.56,77370.44,77381.82,22272
1783922220,2026-07-13T11:27:00,77385.68,77404.09,77383.34,77393.18,18077
1783922280,2026-07-13T11:28:00,77393.68,77393.68,77366.81,77369.91,44102
1783922340,2026-07-13T11:29:00,77369.24,77371.58,77352.83,77352.87,37557
1783922400,2026-07-13T11:30:00,77350.39,77394.41,77350.39,77375.7,15967
1783922460,2026-07-13T11:31:00,77375.7,77391.91,77372.72,77374.69,23603
1783922520,2026-07-13T11:32:00,77374.69,77387.73,77367.82,77385.36,20292
1783922580,2026-07-13T11:33:00,77385.01,77397.43,77384.91,77391.05,20615
1783922640,2026-07-13T11:34:00,77391.55,77403.37,77383.73,77402.56,17713
1783922700,2026-07-13T11:35:00,77402.64,77407.55,77393.07,77407.41,22946
1783922760,2026-07-13T11:36:00,77411.56,77411.56,77386.67,77388.21,16535
1783922820,2026-07-13T11:37:00,77388.21,77398.92,77381.27,77381.27,13153
1783922880,2026-07-13T11:38:00,77382.06,77391.74,77374.74,77377.76,12978
1783922940,2026-07-13T11:39:00,77376.04,77379.29,77357.64,77360.84,214446
1783923000,2026-07-13T11:40:00,77359.3,77366.59,77346.86,77356.92,20494
1783923060,2026-07-13T11:41:00,77356.1,77358.4,77346.03,77348.92,14343
1783923120,2026-07-13T11:42:00,77348.65,77371.75,77346.51,77371.75,15197
1783923180,2026-07-13T11:43:00,77367.5,77377.81,77358.36,77358.36,26701
1783923240,2026-07-13T11:44:00,77354.06,77354.06,77327.67,77335.16,42328
1783923300,2026-07-13T11:45:00,77335.16,77367.92,77335.16,77363.57,23049
1783923360,2026-07-13T11:46:00,77363.17,77384.52,77354.17,77378.24,10404
1783923420,2026-07-13T11:47:00,77380.4,77404.92,77362.12,77403.84,17298
1783923480,2026-07-13T11:48:00,77402.27,77406.01,77383.85,77389.29,15405
1783923540,2026-07-13T11:49:00,77392.33,77392.33,77369.42,77378.45,13336
1783923600,2026-07-13T11:50:00,77378.29,77417.37,77378.29,77412.13,31305
1783923660,2026-07-13T11:51:00,77417.85,77427.49,77417.59,77423.13,42466
1783923720,2026-07-13T11:52:00,77423.24,77424.91,77408.09,77414.3,66988
1783923780,2026-07-13T11:53:00,77413.26,77414.99,77393.66,77400.17,72657
1783923840,2026-07-13T11:54:00,77400.82,77407.61,77385.82,77396.24,39570
1783923900,2026-07-13T11:55:00,77394.54,77394.54,77376.56,77381.26,55134
1783923960,2026-07-13T11:56:00,77386.3,77403.24,77382.22,77392.8,31227
1783924020,2026-07-13T11:57:00,77391.26,77391.29,77345.66,77361.43,55871
1783924080,2026-07-13T11:58:00,77364.14,77371.53,77354.38,77371.53,55956
1783924140,2026-07-13T11:59:00,77372.59,77386.98,77361.77,77375.97,29566
1783924200,2026-07-13T12:00:00,77382.25,77408.23,77376.8,77403.8,28337
1783924260,2026-07-13T12:01:00,77396.73,77418.03,77391.46,77408.03,26394
1783924320,2026-07-13T12:02:00,77407.8,77420.16,77406.04,77410.43,222458
1783924380,2026-07-13T12:03:00,77410.04,77421.9,77410.04,77419.66,24299
1783924440,2026-07-13T12:04:00,77420.14,77431.22,77409.13,77415.94,47196
1783924500,2026-07-13T12:05:00,77415.25,77428.46,77412.98,77423.28,73100
1783924560,2026-07-13T12:06:00,77422.84,77436.74,77417.91,77436.74,23993
1783924620,2026-07-13T12:07:00,77436.74,77444.55,77428.3,77434.26,22239
1783924680,2026-07-13T12:08:00,77441.15,77446.39,77425.76,77439.36,55857
1783924740,2026-07-13T12:09:00,77439.58,77443.35,77424.22,77442.46,20815
1783924800,2026-07-13T12:10:00,77443.99,77445.87,77428.29,77429.47,31951
1783924860,2026-07-13T12:11:00,77433.23,77442.19,77427.63,77434.41,30454
1783924920,2026-07-13T12:12:00,77435.06,77441.47,77429.36,77439.91,18305
1783924980,2026-07-13T12:13:00,77440.08,77525.92,77439.39,77525.92,50043
1783925040,2026-07-13T12:14:00,77527.97,77558.26,77527.97,77541.38,22888
1783925100,2026-07-13T12:15:00,77540.62,77544.99,77505.03,77505.03,29008
1783925160,2026-07-13T12:16:00,77503.28,77511.96,77490.2,77490.2,35352
1783925220,2026-07-13T12:17:00,77489.26,77529.42,77489.19,77527.83,21102
1783925280,2026-07-13T12:18:00,77526.18,77544.65,77526.18,77543.87,16669
1783925340,2026-07-13T12:19:00,77543.87,77589.39,77543.87,77572.17,20755
1783925400,2026-07-13T12:20:00,77570.66,77573.02,77526.18,77533.36,24966
1783925460,2026-07-13T12:21:00,77533.52,77563.66,77530.82,77563.66,36823
1783925520,2026-07-13T12:22:00,77563.91,77570.14,77552.24,77561.14,20818
1783925580,2026-07-13T12:23:00,77562.78,77563.82,77543.55,77543.55,18561
1783925640,2026-07-13T12:24:00,77540.9,77542.22,77520.38,77533.56,19082
1783925700,2026-07-13T12:25:00,77533.58,77533.58,77514.37,77526.49,69593
1783925760,2026-07-13T12:26:00,77525.91,77539.97,77520.07,77530.27,23449
1783925820,2026-07-13T12:27:00,77534.92,77542.24,77529.71,77529.71,47136
1783925880,2026-07-13T12:28:00,77527.35,77533.97,77514.58,77522.17,140060
1783925940,2026-07-13T12:29:00,77522.17,77523.02,77506.31,77518.41,17072
1783926000,2026-07-13T12:30:00,77518.7,77533.98,77507.57,77507.87,20269
1783926060,2026-07-13T12:31:00,77509.01,77518.82,77496.27,77513.47,21874
1783926120,2026-07-13T12:32:00,77515.43,77548.57,77514.01,77548.57,25851
1783926180,2026-07-13T12:33:00,77550.33,77568.13,77543.01,77565.01,17913
1783926240,2026-07-13T12:34:00,77563.73,77601.08,77562.17,77591.54,60889
1783926300,2026-07-13T12:35:00,77590.85,77609.59,77586.3,77609.08,37856
1783926360,2026-07-13T12:36:00,77608.95,77621.55,77601.18,77603.89,33088
1783926420,2026-07-13T12:37:00,77602.33,77604.88,77573.46,77583.03,17935
1783926480,2026-07-13T12:38:00,77582.58,77610.36,77582.07,77609.4,25670
1783926540,2026-07-13T12:39:00,77609.52,77620.48,77602.55,77618.97,16178
1783926600,2026-07-13T12:40:00,77620.81,77637.09,77620.2,77629.97,84724
1783926660,2026-07-13T12:41:00,77629.71,77635.6,77624.01,77631.37,27017
1783926720,2026-07-13T12:42:00,77631.37,77635.88,77625.79,77627.55,15912
1783926780,2026-07-13T12:43:00,77627.73,77636.0,77613.02,77633.64,13585
1783926840,2026-07-13T12:44:00,77633.58,77647.52,77626.68,77641.87,13697
1783926900,2026-07-13T12:45:00,77641.28,77659.99,77640.05,77656.89,15711
1783926960,2026-07-13T12:46:00,77655.77,77657.87,77642.2,77642.41,24044
1783927020,2026-07-13T12:47:00,77642.41,77645.07,77630.42,77638.87,11452
1783927080,2026-07-13T12:48:00,77639.52,77641.27,77625.27,77625.27,15957
1783927140,2026-07-13T12:49:00,77622.55,77657.38,77622.33,77654.96,17051
1783927200,2026-07-13T12:50:00,77656.04,77660.49,77649.85,77650.12,131873
1783927260,2026-07-13T12:51:00,77649.87,77693.16,77642.73,77693.16,35906
1783927320,2026-07-13T12:52:00,77693.0,77789.29,77692.36,77771.48,45035
1783927380,2026-07-13T12:53:00,77772.82,77772.82,77714.54,77727.18,1035505
1783927440,2026-07-13T12:54:00,77727.19,77739.76,77725.28,77729.21,22007
1783927500,2026-07-13T12:55:00,77725.37,77727.25,77692.13,77708.28,21272
1783927560,2026-07-13T12:56:00,77711.61,77712.31,77684.98,77690.29,16668
1783927620,2026-07-13T12:57:00,77693.35,77701.89,77685.91,77694.09,13863
1783927680,2026-07-13T12:58:00,77693.88,77704.32,77675.44,77676.09,20089
1783927740,2026-07-13T12:59:00,77675.96,77685.64,77663.01,77679.26,31288
1783927800,2026-07-13T13:00:00,77679.64,77679.91,77627.35,77627.35,16022
1783927860,2026-07-13T13:01:00,77628.44,77640.7,77628.12,77632.92,14306
1783927920,2026-07-13T13:02:00,77634.56,77655.87,77634.56,77655.49,19530
1783927980,2026-07-13T13:03:00,77658.15,77660.94,77642.58,77642.77,17633
1783928040,2026-07-13T13:04:00,77643.75,77646.98,77622.52,77626.62,23122
1783928100,2026-07-13T13:05:00,77629.97,77640.52,77625.65,77639.95,12749
1783928160,2026-07-13T13:06:00,77639.95,77649.27,77637.05,77645.03,15936
1783928220,2026-07-13T13:07:00,77647.95,77655.26,77642.41,77646.72,8003
1783928280,2026-07-13T13:08:00,77646.02,77655.38,77645.91,77648.6,16317
1783928340,2026-07-13T13:09:00,77646.68,77663.63,77646.68,77661.33,10329
1783928400,2026-07-13T13:10:00,77660.68,77678.1,77651.86,77665.97,18230
1783928460,2026-07-13T13:11:00,77666.51,77679.93,77656.08,77657.46,13967
1783928520,2026-07-13T13:12:00,77658.5,77662.68,77640.07,77645.32,20276
1783928580,2026-07-13T13:13:00,77646.82,77650.45,77637.97,77644.39,47309
1783928640,2026-07-13T13:14:00,77643.47,77659.38,77643.47,77657.72,14357
1783928700,2026-07-13T13:15:00,77656.8,77664.36,77633.55,77639.17,18495
1783928760,2026-07-13T13:16:00,77642.18,77644.81,77625.22,77635.47,24707
1783928820,2026-07-13T13:17:00,77635.57,77639.4,77628.21,77632.87,13145
1783928880,2026-07-13T13:18:00,77635.08,77638.92,77626.32,77630.9,17796
1783928940,2026-07-13T13:19:00,77630.48,77645.87,77627.22,77645.87,40543
1783929000,2026-07-13T13:20:00,77641.54,77641.56,77621.96,77624.35,25035
1783929060,2026-07-13T13:21:00,77624.35,77624.83,77583.41,77588.02,28436
1783929120,2026-07-13T13:22:00,77586.66,77617.85,77586.66,77613.36,23159
1783929180,2026-07-13T13:23:00,77617.65,77617.65,77591.3,77595.92,34502
1783929240,2026-07-13T13:24:00,77600.56,77602.08,77586.85,77595.75,22433
1783929300,2026-07-13T13:25:00,77595.13,77599.68,77585.66,77589.3,26362
1783929360,2026-07-13T13:26:00,77590.58,77594.41,77563.1,77565.2,17368
1783929420,2026-07-13T13:27:00,77563.3,77565.27,77548.72,77548.72,9896
1783929480,2026-07-13T13:28:00,77548.9,77548.9,77505.02,77505.02,27025
1783929540,2026-07-13T13:29:00,77508.28,77508.28,77474.23,77480.81,49731
1783929600,2026-07-13T13:30:00,77480.16,77523.53,77480.16,77523.38,21264
1783929660,2026-07-13T13:31:00,77522.25,77541.35,77516.88,77540.19,30128
1783929720,2026-07-13T13:32:00,77540.28,77565.12,77539.51,77559.65,17690
1783929780,2026-07-13T13:33:00,77558.42,77560.54,77538.75,77541.08,13014
1783929840,2026-07-13T13:34:00,77539.81,77544.82,77534.29,77537.97,16383
1783929900,2026-07-13T13:35:00,77537.87,77580.75,77535.61,77559.57,10845
1783929960,2026-07-13T13:36:00,77559.24,77581.7,77558.39,77572.55,13678
1783930020,2026-07-13T13:37:00,77574.54,77574.54,77543.85,77551.05,13440
1783930080,2026-07-13T13:38:00,77552.64,77575.93,77552.64,77574.16,19573
1783930140,2026-07-13T13:39:00,77571.13,77588.53,77563.91,77587.24,64940
1783930200,2026-07-13T13:40:00,77587.01,77590.22,77581.26,77581.71,42965
1783930260,2026-07-13T13:41:00,77579.62,77592.93,77579.62,77589.55,101450
1783930320,2026-07-13T13:42:00,77590.01,77594.75,77582.54,77588.61,19514
1783930380,2026-07-13T13:43:00,77589.17,77591.65,77558.09,77558.85,10058
1783930440,2026-07-13T13:44:00,77555.39,77559.17,77543.02,77559.12,18838
1783930500,2026-07-13T13:45:00,77560.4,77568.73,77557.06,77567.13,9566
1783930560,2026-07-13T13:46:00,77566.83,77569.65,77561.61,77566.85,7926
1783930620,2026-07-13T13:47:00,77566.94,77573.05,77557.2,77564.5,11707
1783930680,2026-07-13T13:48:00,77562.7,77577.44,77558.07,77572.37,6618
1783930740,2026-07-13T13:49:00,77569.16,77582.64,77569.16,77580.02,8256
1783930800,2026-07-13T13:50:00,77581.73,77581.73,77570.53,77579.21,10626
1783930860,2026-07-13T13:51:00,77576.93,77577.73,77563.3,77566.98,8466
1783930920,2026-07-13T13:52:00,77563.76,77567.06,77547.08,77554.37,11351
1783930980,2026-07-13T13:53:00,77555.98,77559.41,77545.92,77546.9,10696
1783931040,2026-07-13T13:54:00,77547.4,77558.45,77541.07,77553.69,9825
1783931100,2026-07-13T13:55:00,77555.76,77559.06,77544.97,77555.33,18183
1783931160,2026-07-13T13:56:00,77555.66,77558.84,77545.4,77555.68,8626
1783931220,2026-07-13T13:57:00,77556.02,77561.76,77540.45,77561.43,12853
1783931280,2026-07-13T13:58:00,77561.02,77571.49,77559.15,77566.74,12503
1783931340,2026-07-13T13:59:00,77566.74,77578.35,77566.62,77578.35,9719
1783931400,2026-07-13T14:00:00,77575.35,77583.24,77572.33,77574.17,7992
1783931460,2026-07-13T14:01:00,77573.89,77577.12,77551.92,77577.12,8795
1783931520,2026-07-13T14:02:00,77575.58,77599.29,77572.57,77579.65,15912
1783931580,2026-07-13T14:03:00,77580.09,77584.22,77570.13,77577.71,5585
1783931640,2026-07-13T14:04:00,77577.48,77592.98,77565.31,77582.5,9460
1783931700,2026-07-13T14:05:00,77583.31,77609.86,77580.78,77605.14,10418
1783931760,2026-07-13T14:06:00,77605.14,77608.51,77594.95,77605.84,12817
1783931820,2026-07-13T14:07:00,77607.39,77623.95,77603.74,77623.95,29759
1783931880,2026-07-13T14:08:00,77622.57,77623.74,77587.01,77590.18,14290
1783931940,2026-07-13T14:09:00,77588.64,77602.95,77581.49,77589.86,29337
1783932000,2026-07-13T14:10:00,77592.11,77610.01,77586.45,77610.01,20823
1783932060,2026-07-13T14:11:00,77610.31,77620.7,77605.72,77610.89,22741
1783932120,2026-07-13T14:12:00,77610.4,77610.4,77601.07,77606.53,6062
1783932180,2026-07-13T14:13:00,77608.11,77632.44,77603.66,77628.63,16417
1783932240,2026-07-13T14:14:00,77627.89,77642.1,77616.87,77633.99,13673
1783932300,2026-07-13T14:15:00,77633.53,77649.72,77625.34,77645.2,18496
1783932360,2026-07-13T14:16:00,77642.76,77653.46,77634.15,77634.62,13867
1783932420,2026-07-13T14:17:00,77632.9,77632.9,77621.16,77623.97,20510
1783932480,2026-07-13T14:18:00,77624.58,77649.13,77623.84,77639.01,14256
1783932540,2026-07-13T14:19:00,77638.17,77651.88,77635.85,77651.28,9610
1783932600,2026-07-13T14:20:00,77651.28,77671.99,77649.44,77658.95,19782
1783932660,2026-07-13T14:21:00,77653.06,77687.29,77650.03,77684.09,32021
1783932720,2026-07-13T14:22:00,77683.76,77693.86,77680.81,77688.16,22499
1783932780,2026-07-13T14:23:00,77688.88,77689.18,77667.74,77686.63,13602
1783932840,2026-07-13T14:24:00,77688.19,77689.43,77668.94,77675.34,11531
1783932900,2026-07-13T14:25:00,77674.47,77678.16,77662.34,77662.68,9526
1783932960,2026-07-13T14:26:00,77664.45,77678.46,77661.65,77675.29,14824
1783933020,2026-07-13T14:27:00,77675.29,77682.9,77671.46,77680.3,22240
1783933080,2026-07-13T14:28:00,77680.55,77680.55,77654.7,77675.57,15597
1783933140,2026-07-13T14:29:00,77677.0,77677.0,77649.02,77663.74,10750
1783933200,2026-07-13T14:30:00,77661.68,77672.56,77651.42,77651.96,13110
1783933260,2026-07-13T14:31:00,77651.21,77682.33,77651.21,77682.33,22552
1783933320,2026-07-13T14:32:00,77682.54,77683.98,77660.38,77661.15,25218
1783933380,2026-07-13T14:33:00,77661.91,77682.23,77661.91,77672.32,57351
1783933440,2026-07-13T14:34:00,77674.4,77677.3,77656.79,77667.78,22893
1783933500,2026-07-13T14:35:00,77668.18,77680.47,77666.3,77673.18,17441
1783933560,2026-07-13T14:36:00,77673.01,77673.01,77653.97,77660.65,12352
1783933620,2026-07-13T14:37:00,77652.62,77655.32,77620.63,77630.6,25636
1783933680,2026-07-13T14:38:00,77631.98,77654.05,77625.27,77650.1,11462
1783933740,2026-07-13T14:39:00,77650.2,77650.2,77630.09,77630.09,15297
1783933800,2026-07-13T14:40:00,77629.85,77643.01,77629.11,77634.26,14096
1783933860,2026-07-13T14:41:00,77633.75,77653.34,77633.75,77652.7,9117
1783933920,2026-07-13T14:42:00,77656.19,77660.22,77648.81,77649.0,26547
1783933980,2026-07-13T14:43:00,77651.66,77678.46,77646.73,77667.89,23757
1783934040,2026-07-13T14:44:00,77667.94,77667.94,77651.09,77654.23,12104
1783934100,2026-07-13T14:45:00,77654.23,77675.61,77652.1,77666.41,34957
1783934160,2026-07-13T14:46:00,77668.94,77682.68,77661.72,77675.58,13487
1783934220,2026-07-13T14:47:00,77678.71,77695.17,77678.71,77691.34,9081
1783934280,2026-07-13T14:48:00,77689.63,77704.61,77689.63,77700.03,14533
1783934340,2026-07-13T14:49:00,77694.9,77703.12,77683.53,77692.31,8662
1783934400,2026-07-13T14:50:00,77696.81,77712.85,77693.45,77705.69,15872
1783934460,2026-07-13T14:51:00,77705.69,77719.45,77702.63,77707.06,19903
1783934520,2026-07-13T14:52:00,77707.21,77725.21,77702.89,77723.83,12103
1783934580,2026-07-13T14:53:00,77724.43,77741.58,77712.19,77735.06,11939
1783934640,2026-07-13T14:54:00,77735.22,77738.72,77726.47,77738.72,13816
1783934700,2026-07-13T14:55:00,77738.42,77738.42,77686.24,77701.32,17245
1783934760,2026-07-13T14:56:00,77699.99,77719.63,77699.99,77719.06,11211
1783934820,2026-07-13T14:57:00,77721.78,77727.17,77703.27,77727.17,16084
1783934880,2026-07-13T14:58:00,77727.25,77727.25,77682.18,77687.96,26903
1783934940,2026-07-13T14:59:00,77680.93,77687.68,77668.75,77671.87,24531
1783935000,2026-07-13T15:00:00,77660.03,77680.73,77636.37,77640.76,65750
1783935060,2026-07-13T15:01:00,77642.31,77672.68,77639.41,77672.68,43929
1783935120,2026-07-13T15:02:00,77672.07,77685.35,77669.15,77674.17,19755
1783935180,2026-07-13T15:03:00,77673.4,77673.4,77642.88,77652.38,18135
1783935240,2026-07-13T15:04:00,77652.09,77667.42,77632.55,77667.42,40684
1783935300,2026-07-13T15:05:00,77665.39,77670.45,77645.76,77654.12,39277
1783935360,2026-07-13T15:06:00,77653.1,77654.73,77636.69,77637.12,29717
1783935420,2026-07-13T15:07:00,77636.27,77640.04,77624.61,77635.35,31526
1783935480,2026-07-13T15:08:00,77636.68,77636.7,77612.1,77615.35,25700
1783935540,2026-07-13T15:09:00,77614.63,77625.59,77613.9,77619.61,17363
1783935600,2026-07-13T15:10:00,77622.72,77622.72,77607.26,77612.73,26710
1783935660,2026-07-13T15:11:00,77614.27,77615.53,77588.42,77590.55,25995
1783935720,2026-07-13T15:12:00,77596.18,77598.48,77572.67,77573.52,34642
1783935780,2026-07-13T15:13:00,77575.17,77590.39,77571.95,77579.68,108639
1783935840,2026-07-13T15:14:00,77602.68,77602.68,77578.39,77588.71,50087
1783935900,2026-07-13T15:15:00,77585.77,77585.77,77561.2,77566.96,78372
1783935960,2026-07-13T15:16:00,77569.57,77577.58,77547.97,77576.09,40910
1783936020,2026-07-13T15:17:00,77574.63,77582.6,77565.75,77570.24,36189
1783936080,2026-07-13T15:18:00,77571.72,77575.46,77550.7,77556.97,28549
1783936140,2026-07-13T15:19:00,77557.07,77558.03,77539.73,77544.35,34072
1783936200,2026-07-13T15:20:00,77545.48,77553.49,77537.73,77553.49,21654
1783936260,2026-07-13T15:21:00,77552.35,77568.78,77545.03,77567.45,60600
1783936320,2026-07-13T15:22:00,77568.43,77570.22,77556.53,77566.04,823053
1783936380,2026-07-13T15:23:00,77567.37,77572.57,77561.32,77569.97,26076
1783936440,2026-07-13T15:24:00,77570.94,77573.73,77565.77,77573.73,39537
1783936500,2026-07-13T15:25:00,77573.13,77593.53,77568.43,77588.35,86599
1783936560,2026-07-13T15:26:00,77587.47,77588.32,77574.55,77577.98,27658
1783936620,2026-07-13T15:27:00,77576.12,77580.8,77560.45,77561.19,38954
1783936680,2026-07-13T15:28:00,77558.24,77581.46,77551.91,77572.99,81072
1783936740,2026-07-13T15:29:00,77572.62,77594.41,77557.36,77575.54,58039
1784000700,2026-07-14T09:15:00,77272.34,77272.34,77070.72,77102.94,188979
1784000760,2026-07-14T09:16:00,77110.19,77158.2,77063.41,77152.07,122504
1784000820,2026-07-14T09:17:00,77153.32,77239.91,77135.3,77239.91,112950
1784000880,2026-07-14T09:18:00,77240.22,77240.22,77206.96,77214.79,98661
1784000940,2026-07-14T09:19:00,77210.85,77230.15,77192.72,77224.93,119020
1784001000,2026-07-14T09:20:00,77218.26,77264.2,77206.34,77264.2,82238
1784001060,2026-07-14T09:21:00,77262.33,77317.33,77259.23,77274.67,101380
1784001120,2026-07-14T09:22:00,77277.75,77346.05,77265.39,77346.05,56050
1784001180,2026-07-14T09:23:00,77339.23,77351.42,77321.83,77350.93,74221
1784001240,2026-07-14T09:24:00,77351.48,77384.22,77341.73,77365.82,51189
1784001300,2026-07-14T09:25:00,77359.88,77401.16,77353.53,77396.11,65708
1784001360,2026-07-14T09:26:00,77400.62,77402.79,77343.28,77394.07,464120
1784001420,2026-07-14T09:27:00,77386.89,77392.12,77355.64,77388.01,46337
1784001480,2026-07-14T09:28:00,77387.12,77389.93,77365.78,77368.49,55962
1784001540,2026-07-14T09:29:00,77370.84,77384.38,77348.78,77362.01,55653
1784001600,2026-07-14T09:30:00,77359.2,77359.54,77308.57,77319.84,43001
1784001660,2026-07-14T09:31:00,77317.84,77326.89,77276.49,77276.49,46117
1784001720,2026-07-14T09:32:00,77276.9,77336.63,77261.79,77334.99,68884
1784001780,2026-07-14T09:33:00,77337.05,77340.9,77316.53,77318.76,36117
1784001840,2026-07-14T09:34:00,77327.67,77328.49,77297.48,77301.32,30113
1784001900,2026-07-14T09:35:00,77301.82,77301.82,77252.17,77262.5,38620
1784001960,2026-07-14T09:36:00,77260.31,77260.31,77222.9,77224.28,49236
1784002020,2026-07-14T09:37:00,77229.79,77240.23,77209.7,77210.13,36403
1784002080,2026-07-14T09:38:00,77210.81,77228.2,77186.41,77195.88,32542
1784002140,2026-07-14T09:39:00,77194.34,77225.95,77183.3,77225.95,33282
1784002200,2026-07-14T09:40:00,77216.16,77216.16,77151.55,77162.32,34184
1784002260,2026-07-14T09:41:00,77161.74,77164.81,77117.36,77157.01,39472
1784002320,2026-07-14T09:42:00,77158.23,77175.65,77143.61,77154.15,29663
1784002380,2026-07-14T09:43:00,77154.15,77185.56,77139.73,77185.56,23362
1784002440,2026-07-14T09:44:00,77182.97,77221.7,77179.53,77216.27,34064
1784002500,2026-07-14T09:45:00,77215.39,77228.0,77141.57,77141.57,26182
1784002560,2026-07-14T09:46:00,77139.65,77145.93,77128.7,77134.83,27240
1784002620,2026-07-14T09:47:00,77136.95,77154.46,77135.92,77140.15,1291994
1784002680,2026-07-14T09:48:00,77140.46,77148.46,77110.33,77116.77,25410
1784002740,2026-07-14T09:49:00,77117.79,77146.1,77113.97,77146.1,29524
1784002800,2026-07-14T09:50:00,77146.65,77154.07,77130.77,77153.18,38642
1784002860,2026-07-14T09:51:00,77154.47,77162.08,77143.55,77146.97,11767
1784002920,2026-07-14T09:52:00,77146.97,77153.42,77123.17,77145.1,29982
1784002980,2026-07-14T09:53:00,77142.26,77150.69,77124.23,77128.61,16879
1784003040,2026-07-14T09:54:00,77124.18,77134.18,77109.46,77111.06,19501
1784003100,2026-07-14T09:55:00,77112.71,77138.6,77110.24,77127.95,26339
1784003160,2026-07-14T09:56:00,77127.77,77144.98,77125.89,77137.97,25450
1784003220,2026-07-14T09:57:00,77139.24,77143.59,77108.0,77112.04,24838
1784003280,2026-07-14T09:58:00,77111.95,77139.33,77111.95,77139.33,29919
1784003340,2026-07-14T09:59:00,77139.33,77158.97,77129.3,77151.44,20335
1784003400,2026-07-14T10:00:00,77151.5,77155.84,77122.71,77132.31,31758
1784003460,2026-07-14T10:01:00,77142.6,77192.6,77141.25,77184.37,22470
1784003520,2026-07-14T10:02:00,77183.64,77188.3,77156.02,77156.65,20928
1784003580,2026-07-14T10:03:00,77152.57,77185.62,77150.76,77159.47,11103
1784003640,2026-07-14T10:04:00,77158.46,77179.3,77138.51,77175.12,21569
1784003700,2026-07-14T10:05:00,77175.82,77189.73,77175.82,77180.46,18669
1784003760,2026-07-14T10:06:00,77181.8,77190.99,77166.71,77179.2,14966
1784003820,2026-07-14T10:07:00,77177.08,77191.16,77138.26,77145.37,25134
1784003880,2026-07-14T10:08:00,77145.28,77181.51,77145.28,77175.94,20852
1784003940,2026-07-14T10:09:00,77174.0,77201.81,77172.98,77198.28,24503
1784004000,2026-07-14T10:10:00,77199.39,77207.9,77190.88,77195.7,17247
1784004060,2026-07-14T10:11:00,77196.05,77209.37,77187.76,77202.01,26332
1784004120,2026-07-14T10:12:00,77202.82,77202.82,77177.77,77185.73,9383
1784004180,2026-07-14T10:13:00,77185.42,77195.07,77164.31,77164.31,12085
1784004240,2026-07-14T10:14:00,77164.31,77168.57,77149.51,77153.22,1019286
1784004300,2026-07-14T10:15:00,77155.95,77155.95,77122.7,77132.43,18940
1784004360,2026-07-14T10:16:00,77133.54,77155.95,77133.54,77154.2,12023
1784004420,2026-07-14T10:17:00,77150.22,77150.22,77106.58,77106.58,8197
1784004480,2026-07-14T10:18:00,77103.87,77112.08,77060.79,77061.41,21768
1784004540,2026-07-14T10:19:00,77059.62,77059.62,77001.58,77038.97,23013
1784004600,2026-07-14T10:20:00,77040.27,77087.26,77037.28,77087.26,19688
1784004660,2026-07-14T10:21:00,77087.26,77114.71,77087.26,77103.13,21102
1784004720,2026-07-14T10:22:00,77099.4,77099.4,77064.95,77089.42,39335
1784004780,2026-07-14T10:23:00,77088.71,77096.81,77081.03,77091.84,10115
1784004840,2026-07-14T10:24:00,77093.9,77098.54,77080.27,77094.18,18112
1784004900,2026-07-14T10:25:00,77091.38,77102.48,77087.39,77100.3,33828
1784004960,2026-07-14T10:26:00,77094.46,77105.81,77087.85,77097.51,11585
1784005020,2026-07-14T10:27:00,77093.84,77114.26,77083.49,77108.24,45083
1784005080,2026-07-14T10:28:00,77108.65,77132.79,77103.06,77130.98,41858
1784005140,2026-07-14T10:29:00,77127.34,77169.11,77125.46,77156.4,41877
1784005200,2026-07-14T10:30:00,77156.25,77175.66,77156.25,77166.33,42079
1784005260,2026-07-14T10:31:00,77166.46,77196.4,77156.94,77196.4,79046
1784005320,2026-07-14T10:32:00,77199.27,77210.3,77195.98,77208.42,18315
1784005380,2026-07-14T10:33:00,77208.47,77229.98,77204.81,77223.59,36677
1784005440,2026-07-14T10:34:00,77222.03,77226.26,77207.4,77213.41,27652
1784005500,2026-07-14T10:35:00,77214.7,77217.73,77195.33,77206.88,14514
1784005560,2026-07-14T10:36:00,77207.75,77207.97,77167.99,77167.99,27152
1784005620,2026-07-14T10:37:00,77169.19,77182.1,77167.86,77167.86,130339
1784005680,2026-07-14T10:38:00,77166.88,77166.88,77151.5,77159.24,18110
1784005740,2026-07-14T10:39:00,77158.02,77180.01,77156.8,77176.87,15770
1784005800,2026-07-14T10:40:00,77177.56,77185.82,77132.08,77132.81,8276
1784005860,2026-07-14T10:41:00,77130.53,77146.43,77129.55,77141.84,13918
1784005920,2026-07-14T10:42:00,77147.88,77165.26,77146.28,77162.36,23528
1784005980,2026-07-14T10:43:00,77160.95,77180.29,77155.2,77179.83,15241
1784006040,2026-07-14T10:44:00,77177.11,77211.21,77173.3,77208.7,36378
1784006100,2026-07-14T10:45:00,77206.83,77233.31,77203.48,77232.22,26005
1784006160,2026-07-14T10:46:00,77230.23,77233.59,77193.25,77214.7,24166
1784006220,2026-07-14T10:47:00,77219.22,77219.27,77180.18,77181.61,17285
1784006280,2026-07-14T10:48:00,77181.44,77224.71,77181.44,77209.24,20270
1784006340,2026-07-14T10:49:00,77209.4,77258.45,77209.4,77256.41,116361
1784006400,2026-07-14T10:50:00,77256.41,77274.45,77238.88,77239.38,19416
1784006460,2026-07-14T10:51:00,77238.56,77255.31,77229.31,77255.31,13684
1784006520,2026-07-14T10:52:00,77258.89,77269.43,77248.5,77265.76,2038206
1784006580,2026-07-14T10:53:00,77262.63,77263.64,77248.88,77250.58,9306
1784006640,2026-07-14T10:54:00,77247.77,77251.1,77232.24,77237.71,14604
1784006700,2026-07-14T10:55:00,77237.71,77273.19,77236.06,77273.19,11071
1784006760,2026-07-14T10:56:00,77273.0,77294.1,77270.47,77294.1,9480
1784006820,2026-07-14T10:57:00,77295.77,77310.12,77283.72,77283.72,37997
1784006880,2026-07-14T10:58:00,77283.58,77298.75,77266.98,77272.41,16943
1784006940,2026-07-14T10:59:00,77264.11,77294.01,77264.11,77289.16,24324
1784007000,2026-07-14T11:00:00,77290.09,77309.42,77284.04,77294.17,22279
1784007060,2026-07-14T11:01:00,77293.01,77317.4,77289.98,77304.41,13505
1784007120,2026-07-14T11:02:00,77306.06,77313.96,77295.51,77307.6,11376
1784007180,2026-07-14T11:03:00,77309.05,77316.49,77300.06,77305.76,10674
1784007240,2026-07-14T11:04:00,77304.41,77323.29,77288.27,77288.27,25691
1784007300,2026-07-14T11:05:00,77287.07,77314.9,77285.49,77308.6,20188
1784007360,2026-07-14T11:06:00,77308.6,77319.58,77295.42,77301.9,12150
1784007420,2026-07-14T11:07:00,77299.3,77305.09,77284.12,77305.09,12786
1784007480,2026-07-14T11:08:00,77304.22,77307.79,77289.36,77301.12,9729
1784007540,2026-07-14T11:09:00,77301.1,77318.65,77293.88,77318.23,19778
1784007600,2026-07-14T11:10:00,77319.26,77323.88,77301.88,77307.36,42258
1784007660,2026-07-14T11:11:00,77308.54,77324.61,77301.93,77322.96,30603
1784007720,2026-07-14T11:12:00,77324.97,77348.31,77324.97,77340.34,21385
1784007780,2026-07-14T11:13:00,77340.34,77352.32,77333.25,77352.32,14793
1784007840,2026-07-14T11:14:00,77356.64,77365.76,77341.06,77352.45,15456
1784007900,2026-07-14T11:15:00,77347.53,77355.67,77320.46,77320.46,14451
1784007960,2026-07-14T11:16:00,77316.43,77333.11,77315.23,77325.27,32946
1784008020,2026-07-14T11:17:00,77324.16,77327.09,77307.58,77313.58,6908
1784008080,2026-07-14T11:18:00,77313.58,77318.78,77295.25,77318.78,23867
1784008140,2026-07-14T11:19:00,77316.4,77344.16,77316.4,77323.96,50313
1784008200,2026-07-14T11:20:00,77321.4,77328.31,77283.41,77283.41,17438
1784008260,2026-07-14T11:21:00,77284.63,77323.88,77281.24,77311.95,21491
1784008320,2026-07-14T11:22:00,77315.02,77328.57,77309.03,77325.21,10848
1784008380,2026-07-14T11:23:00,77325.45,77335.1,77315.87,77328.8,28846
1784008440,2026-07-14T11:24:00,77329.92,77338.56,77323.79,77335.18,10635
1784008500,2026-07-14T11:25:00,77337.96,77343.71,77324.78,77325.77,16867
1784008560,2026-07-14T11:26:00,77330.35,77330.35,77319.4,77322.24,18344
1784008620,2026-07-14T11:27:00,77323.53,77332.59,77322.03,77322.03,19535
1784008680,2026-07-14T11:28:00,77323.42,77338.04,77323.42,77333.22,224698
1784008740,2026-07-14T11:29:00,77333.13,77355.26,77327.03,77340.57,74103
1784008800,2026-07-14T11:30:00,77338.99,77341.29,77327.47,77330.87,9590
1784008860,2026-07-14T11:31:00,77331.75,77341.15,77325.82,77333.84,11992
1784008920,2026-07-14T11:32:00,77334.38,77341.1,77313.18,77313.88,26769
1784008980,2026-07-14T11:33:00,77314.39,77323.05,77306.55,77322.72,22281
1784009040,2026-07-14T11:34:00,77321.37,77328.81,77300.46,77303.99,21885
1784009100,2026-07-14T11:35:00,77305.14,77317.91,77300.34,77314.35,49936
1784009160,2026-07-14T11:36:00,77311.45,77321.34,77286.64,77286.64,42118
1784009220,2026-07-14T11:37:00,77289.54,77289.94,77267.58,77267.58,100012
1784009280,2026-07-14T11:38:00,77267.07,77278.98,77258.38,77261.03,196322
1784009340,2026-07-14T11:39:00,77260.74,77260.74,77249.29,77259.69,12646
1784009400,2026-07-14T11:40:00,77261.89,77279.29,77260.35,77274.23,21435
1784009460,2026-07-14T11:41:00,77271.93,77273.2,77242.86,77243.56,14956
1784009520,2026-07-14T11:42:00,77248.16,77256.76,77239.19,77239.19,20304
1784009580,2026-07-14T11:43:00,77241.02,77241.02,77212.58,77226.23,35241
1784009640,2026-07-14T11:44:00,77227.4,77240.38,77214.02,77218.62,18120
1784009700,2026-07-14T11:45:00,77218.62,77225.07,77214.66,77218.91,33484
1784009760,2026-07-14T11:46:00,77218.82,77242.64,77218.32,77242.64,11050
1784009820,2026-07-14T11:47:00,77241.6,77250.72,77236.07,77241.85,17596
1784009880,2026-07-14T11:48:00,77245.59,77249.81,77230.88,77248.87,11640
1784009940,2026-07-14T11:49:00,77249.14,77252.43,77234.65,77234.65,7132
1784010000,2026-07-14T11:50:00,77235.05,77266.85,77234.74,77261.91,14288
1784010060,2026-07-14T11:51:00,77262.18,77290.37,77259.48,77286.58,13094
1784010120,2026-07-14T11:52:00,77286.71,77291.87,77274.41,77284.29,17316
1784010180,2026-07-14T11:53:00,77284.4,77284.4,77256.17,77262.0,11671
1784010240,2026-07-14T11:54:00,77258.9,77264.26,77245.58,77246.14,7909
1784010300,2026-07-14T11:55:00,77242.65,77243.21,77222.57,77223.79,26383
1784010360,2026-07-14T11:56:00,77223.48,77233.24,77204.41,77207.41,12942
1784010420,2026-07-14T11:57:00,77207.19,77220.25,77199.9,77212.6,8911
1784010480,2026-07-14T11:58:00,77210.83,77217.64,77205.18,77209.26,14924
1784010540,2026-07-14T11:59:00,77215.78,77238.2,77210.31,77232.98,14581
1784010600,2026-07-14T12:00:00,77233.51,77236.93,77222.58,77236.65,6862
1784010660,2026-07-14T12:01:00,77237.27,77250.3,77237.27,77250.3,18667
1784010720,2026-07-14T12:02:00,77246.91,77261.04,77241.72,77256.87,16627
1784010780,2026-07-14T12:03:00,77256.28,77264.02,77247.23,77247.7,46202
1784010840,2026-07-14T12:04:00,77249.07,77257.45,77237.5,77242.36,21786
1784010900,2026-07-14T12:05:00,77242.62,77243.43,77228.05,77231.13,27275
1784010960,2026-07-14T12:06:00,77233.58,77239.2,77213.77,77222.47,17001
1784011020,2026-07-14T12:07:00,77219.53,77220.89,77188.36,77188.81,56207
1784011080,2026-07-14T12:08:00,77191.23,77197.48,77188.14,77190.19,84834
1784011140,2026-07-14T12:09:00,77190.25,77214.45,77188.61,77209.87,22986
1784011200,2026-07-14T12:10:00,77210.31,77211.3,77197.07,77199.14,18124
1784011260,2026-07-14T12:11:00,77187.86,77206.54,77179.26,77204.17,44296
1784011320,2026-07-14T12:12:00,77205.31,77223.04,77204.44,77220.96,74471
1784011380,2026-07-14T12:13:00,77220.74,77220.74,77193.23,77200.26,7883
1784011440,2026-07-14T12:14:00,77199.43,77213.95,77190.36,77205.79,11909
1784011500,2026-07-14T12:15:00,77203.99,77204.42,77144.05,77144.05,19553
1784011560,2026-07-14T12:16:00,77144.65,77163.24,77142.77,77159.04,17684
1784011620,2026-07-14T12:17:00,77158.45,77166.56,77147.13,77147.18,10905
1784011680,2026-07-14T12:18:00,77148.23,77164.32,77148.23,77163.19,18680
1784011740,2026-07-14T12:19:00,77163.72,77183.67,77160.91,77183.07,47000
1784011800,2026-07-14T12:20:00,77183.92,77186.36,77153.24,77157.37,34930
1784011860,2026-07-14T12:21:00,77156.96,77158.42,77139.53,77148.48,49274
1784011920,2026-07-14T12:22:00,77147.83,77178.02,77147.83,77174.62,12561
1784011980,2026-07-14T12:23:00,77170.8,77177.95,77153.22,77176.98,13284
1784012040,2026-07-14T12:24:00,77171.57,77171.96,77161.43,77169.53,9427
1784012100,2026-07-14T12:25:00,77169.88,77174.18,77157.33,77163.91,10951
1784012160,2026-07-14T12:26:00,77160.47,77168.89,77150.64,77153.99,10882
1784012220,2026-07-14T12:27:00,77153.7,77153.7,77116.03,77120.84,14353
1784012280,2026-07-14T12:28:00,77117.76,77124.45,77106.54,77106.54,9054
1784012340,2026-07-14T12:29:00,77106.84,77113.06,77083.8,77095.19,14496
1784012400,2026-07-14T12:30:00,77095.44,77121.98,77095.44,77111.95,11933
1784012460,2026-07-14T12:31:00,77115.2,77128.57,77106.9,77128.12,10302
1784012520,2026-07-14T12:32:00,77126.51,77130.54,77103.34,77104.65,9798
1784012580,2026-07-14T12:33:00,77112.04,77113.29,77103.89,77103.92,96561
1784012640,2026-07-14T12:34:00,77103.84,77126.93,77103.84,77125.53,10761
1784012700,2026-07-14T12:35:00,77125.23,77139.97,77116.57,77139.23,9257
1784012760,2026-07-14T12:36:00,77139.22,77145.73,77130.55,77130.55,4420
1784012820,2026-07-14T12:37:00,77130.55,77130.55,77105.91,77113.53,15093
1784012880,2026-07-14T12:38:00,77108.73,77123.48,77103.65,77123.48,9463
1784012940,2026-07-14T12:39:00,77123.48,77130.55,77118.46,77121.06,7904
1784013000,2026-07-14T12:40:00,77120.36,77131.65,77107.25,77123.0,8953
1784013060,2026-07-14T12:41:00,77129.62,77139.92,77125.41,77132.63,10053
1784013120,2026-07-14T12:42:00,77132.95,77161.15,77131.22,77142.14,15835
1784013180,2026-07-14T12:43:00,77142.14,77147.73,77125.97,77131.37,10984
1784013240,2026-07-14T12:44:00,77135.22,77141.76,77125.95,77139.18,5244
1784013300,2026-07-14T12:45:00,77139.5,77148.91,77132.71,77143.41,10701
1784013360,2026-07-14T12:46:00,77142.23,77148.21,77136.62,77139.4,7249
1784013420,2026-07-14T12:47:00,77141.27,77152.57,77127.88,77136.22,11625
1784013480,2026-07-14T12:48:00,77141.52,77176.73,77140.82,77171.82,11727
1784013540,2026-07-14T12:49:00,77172.87,77172.87,77153.57,77164.62,7069
1784013600,2026-07-14T12:50:00,77164.22,77178.44,77153.02,77178.44,8500
1784013660,2026-07-14T12:51:00,77178.16,77189.7,77174.73,77176.37,7783
1784013720,2026-07-14T12:52:00,77174.88,77183.14,77167.28,77183.14,61787
1784013780,2026-07-14T12:53:00,77183.14,77188.1,77169.92,77188.1,6286
1784013840,2026-07-14T12:54:00,77187.56,77188.79,77175.51,77184.19,7104
1784013900,2026-07-14T12:55:00,77184.24,77184.31,77170.94,77173.28,7799
1784013960,2026-07-14T12:56:00,77171.08,77215.6,77171.08,77207.84,8759
1784014020,2026-07-14T12:57:00,77207.84,77215.03,77191.68,77191.68,7789
1784014080,2026-07-14T12:58:00,77192.57,77193.12,77182.0,77185.54,6314
1784014140,2026-07-14T12:59:00,77181.33,77194.38,77171.02,77171.02,9517
1784014200,2026-07-14T13:00:00,77170.42,77175.23,77133.52,77133.52,27234
1784014260,2026-07-14T13:01:00,77133.52,77147.27,77125.8,77139.0,15511
1784014320,2026-07-14T13:02:00,77136.69,77156.13,77136.69,77152.44,21370
1784014380,2026-07-14T13:03:00,77148.61,77151.4,77128.64,77146.04,12178
1784014440,2026-07-14T13:04:00,77146.5,77188.82,77137.17,77186.29,12518
1784014500,2026-07-14T13:05:00,77181.04,77183.14,77169.9,77175.42,5557
1784014560,2026-07-14T13:06:00,77173.79,77188.33,77173.79,77188.33,11063
1784014620,2026-07-14T13:07:00,77190.81,77192.17,77168.75,77170.74,9967
1784014680,2026-07-14T13:08:00,77172.91,77189.18,77172.91,77181.88,13487
1784014740,2026-07-14T13:09:00,77181.49,77195.48,77179.48,77189.79,12546
1784014800,2026-07-14T13:10:00,77189.64,77195.0,77180.93,77180.93,9457
1784014860,2026-07-14T13:11:00,77180.25,77195.89,77178.91,77195.66,14305
1784014920,2026-07-14T13:12:00,77195.66,77197.18,77170.94,77173.88,18850
1784014980,2026-07-14T13:13:00,77175.51,77188.89,77174.62,77178.47,6721
1784015040,2026-07-14T13:14:00,77179.86,77179.86,77159.02,77171.26,16741
1784015100,2026-07-14T13:15:00,77172.79,77180.19,77149.58,77153.02,10185
1784015160,2026-07-14T13:16:00,77152.04,77165.9,77149.35,77157.43,8425
1784015220,2026-07-14T13:17:00,77156.37,77169.76,77155.84,77169.76,12857
1784015280,2026-07-14T13:18:00,77172.26,77186.19,77170.72,77175.75,12625
1784015340,2026-07-14T13:19:00,77175.75,77185.39,77163.42,77185.29,9961
1784015400,2026-07-14T13:20:00,77186.34,77212.39,77185.86,77212.29,17919
1784015460,2026-07-14T13:21:00,77214.86,77216.41,77202.87,77211.45,12911
1784015520,2026-07-14T13:22:00,77206.18,77216.83,77204.92,77212.27,11823
1784015580,2026-07-14T13:23:00,77212.27,77212.27,77195.99,77203.03,15033
1784015640,2026-07-14T13:24:00,77203.71,77204.22,77193.03,77193.55,87838
1784015700,2026-07-14T13:25:00,77194.6,77194.6,77169.0,77172.32,21570
1784015760,2026-07-14T13:26:00,77172.32,77177.12,77159.74,77167.76,4543
1784015820,2026-07-14T13:27:00,77166.69,77166.69,77129.63,77136.36,17074
1784015880,2026-07-14T13:28:00,77136.56,77170.13,77136.56,77169.04,8008
1784015940,2026-07-14T13:29:00,77169.04,77200.15,77169.04,77199.92,16868
1784016000,2026-07-14T13:30:00,77195.38,77209.0,77183.81,77183.81,8812
1784016060,2026-07-14T13:31:00,77185.87,77195.59,77176.42,77177.51,8479
1784016120,2026-07-14T13:32:00,77176.58,77176.58,77162.45,77175.67,19561
1784016180,2026-07-14T13:33:00,77176.25,77182.76,77132.64,77134.44,12201
1784016240,2026-07-14T13:34:00,77134.44,77154.72,77129.36,77143.89,10500
1784016300,2026-07-14T13:35:00,77143.89,77146.43,77127.91,77132.74,42789
1784016360,2026-07-14T13:36:00,77136.03,77147.65,77134.51,77138.24,12178
1784016420,2026-07-14T13:37:00,77138.74,77141.98,77118.04,77118.35,18261
1784016480,2026-07-14T13:38:00,77113.58,77113.58,77049.31,77051.36,28080
1784016540,2026-07-14T13:39:00,77051.32,77057.09,77036.46,77052.23,15478
1784016600,2026-07-14T13:40:00,77052.23,77068.48,77046.86,77067.52,10639
1784016660,2026-07-14T13:41:00,77066.42,77082.81,77066.42,77069.97,14462
1784016720,2026-07-14T13:42:00,77069.78,77078.88,77057.42,77070.53,9628
1784016780,2026-07-14T13:43:00,77071.25,77076.44,77034.64,77039.44,15346
1784016840,2026-07-14T13:44:00,77040.47,77071.59,77037.35,77070.32,43855
1784016900,2026-07-14T13:45:00,77070.1,77107.4,77062.34,77101.1,26036
1784016960,2026-07-14T13:46:00,77102.03,77121.13,77095.3,77116.88,25484
1784017020,2026-07-14T13:47:00,77116.07,77128.36,77116.07,77126.1,10959
1784017080,2026-07-14T13:48:00,77123.66,77124.4,77101.23,77106.08,11799
1784017140,2026-07-14T13:49:00,77105.31,77132.01,77103.53,77128.1,11055
1784017200,2026-07-14T13:50:00,77123.88,77127.1,77098.38,77105.7,19702
1784017260,2026-07-14T13:51:00,77107.97,77120.43,77101.13,77107.56,9954
1784017320,2026-07-14T13:52:00,77106.66,77120.03,77094.78,77116.8,53552
1784017380,2026-07-14T13:53:00,77115.95,77121.0,77105.79,77119.79,17084
1784017440,2026-07-14T13:54:00,77120.46,77122.38,77102.41,77104.67,6356
1784017500,2026-07-14T13:55:00,77104.67,77133.81,77104.67,77126.78,12755
1784017560,2026-07-14T13:56:00,77130.49,77136.96,77123.55,77127.0,49040
1784017620,2026-07-14T13:57:00,77122.36,77147.53,77120.58,77142.91,8869
1784017680,2026-07-14T13:58:00,77142.91,77145.3,77122.68,77123.17,166521
1784017740,2026-07-14T13:59:00,77122.76,77126.95,77112.26,77114.87,70946
1784017800,2026-07-14T14:00:00,77115.67,77138.73,77113.03,77133.61,218071
1784017860,2026-07-14T14:01:00,77133.88,77134.02,77121.04,77127.07,12258
1784017920,2026-07-14T14:02:00,77127.07,77128.05,77109.11,77109.65,17743
1784017980,2026-07-14T14:03:00,77108.82,77112.95,77091.54,77092.97,13738
1784018040,2026-07-14T14:04:00,77092.97,77115.45,77091.33,77113.17,8994
1784018100,2026-07-14T14:05:00,77112.77,77119.77,77102.48,77103.72,14784
1784018160,2026-07-14T14:06:00,77103.72,77121.42,77102.82,77115.38,5817
1784018220,2026-07-14T14:07:00,77112.28,77124.34,77108.4,77112.55,10373
1784018280,2026-07-14T14:08:00,77112.55,77125.54,77094.77,77094.77,12354
1784018340,2026-07-14T14:09:00,77095.08,77104.45,77085.16,77089.25,11387
1784018400,2026-07-14T14:10:00,77089.7,77102.77,77081.58,77102.77,17233
1784018460,2026-07-14T14:11:00,77105.25,77134.36,77105.25,77119.8,340488
1784018520,2026-07-14T14:12:00,77119.82,77128.28,77114.09,77127.81,13319
1784018580,2026-07-14T14:13:00,77128.21,77139.5,77122.61,77133.37,14656
1784018640,2026-07-14T14:14:00,77133.37,77134.71,77122.6,77129.93,7764
1784018700,2026-07-14T14:15:00,77129.93,77131.93,77116.14,77128.98,5903
1784018760,2026-07-14T14:16:00,77125.07,77127.12,77102.93,77110.08,12265
1784018820,2026-07-14T14:17:00,77114.35,77114.35,77105.36,77109.9,27197
1784018880,2026-07-14T14:18:00,77108.24,77109.44,77088.51,77094.74,15816
1784018940,2026-07-14T14:19:00,77095.46,77105.82,77091.18,77104.73,19424
1784019000,2026-07-14T14:20:00,77100.02,77113.6,77088.05,77105.47,16261
1784019060,2026-07-14T14:21:00,77105.47,77108.97,77099.48,77107.08,16805
1784019120,2026-07-14T14:22:00,77108.47,77118.62,77101.14,77101.14,32605
1784019180,2026-07-14T14:23:00,77096.63,77096.63,77071.39,77073.61,20534
1784019240,2026-07-14T14:24:00,77078.75,77091.89,77078.3,77091.55,29633
1784019300,2026-07-14T14:25:00,77092.75,77103.95,77088.51,77103.95,30616
1784019360,2026-07-14T14:26:00,77104.57,77105.45,77084.02,77100.04,10074
1784019420,2026-07-14T14:27:00,77100.04,77106.16,77083.83,77083.83,12324
1784019480,2026-07-14T14:28:00,77084.96,77085.03,77071.32,77071.85,40575
1784019540,2026-07-14T14:29:00,77076.38,77088.81,77075.34,77081.83,17470
1784019600,2026-07-14T14:30:00,77082.09,77087.34,77066.44,77072.12,21426
1784019660,2026-07-14T14:31:00,77073.15,77083.32,77064.06,77082.99,29067
1784019720,2026-07-14T14:32:00,77085.46,77087.79,77064.0,77073.12,15221
1784019780,2026-07-14T14:33:00,77073.12,77086.54,77064.16,77073.05,12231
1784019840,2026-07-14T14:34:00,77073.67,77100.87,77067.58,77097.9,15834
1784019900,2026-07-14T14:35:00,77098.98,77129.21,77098.98,77125.8,56951
1784019960,2026-07-14T14:36:00,77125.46,77126.4,77089.49,77089.49,27074
1784020020,2026-07-14T14:37:00,77087.77,77092.85,77076.26,77084.08,12179
1784020080,2026-07-14T14:38:00,77082.2,77093.27,77077.72,77077.8,12418
1784020140,2026-07-14T14:39:00,77079.54,77104.17,77075.51,77100.62,8022
1784020200,2026-07-14T14:40:00,77101.97,77104.96,77083.94,77083.94,8146
1784020260,2026-07-14T14:41:00,77083.94,77104.37,77082.8,77100.4,7330
1784020320,2026-07-14T14:42:00,77100.08,77112.26,77099.05,77099.55,9663
1784020380,2026-07-14T14:43:00,77098.33,77105.18,77082.56,77084.97,12812
1784020440,2026-07-14T14:44:00,77084.09,77089.59,77073.57,77088.87,7601
1784020500,2026-07-14T14:45:00,77087.89,77087.89,77064.15,77074.95,10620
1784020560,2026-07-14T14:46:00,77072.99,77083.06,77060.34,77075.57,18325
1784020620,2026-07-14T14:47:00,77077.14,77081.99,77022.89,77023.85,28576
1784020680,2026-07-14T14:48:00,77021.97,77029.65,77002.51,77025.34,26614
1784020740,2026-07-14T14:49:00,77026.05,77038.4,77009.19,77018.0,11859
1784020800,2026-07-14T14:50:00,77023.0,77031.03,77014.88,77022.81,7865
1784020860,2026-07-14T14:51:00,77022.74,77044.95,77006.73,77032.19,17945
1784020920,2026-07-14T14:52:00,77032.18,77032.18,77007.18,77012.25,15766
1784020980,2026-07-14T14:53:00,77015.73,77017.92,77005.28,77014.63,10492
1784021040,2026-07-14T14:54:00,77013.41,77035.2,77010.19,77024.67,16285
1784021100,2026-07-14T14:55:00,77025.85,77042.94,77001.48,77042.56,24363
1784021160,2026-07-14T14:56:00,77048.48,77088.04,77048.48,77080.62,26679
1784021220,2026-07-14T14:57:00,77079.7,77080.29,77050.2,77071.34,21114
1784021280,2026-07-14T14:58:00,77070.84,77079.89,77063.53,77065.04,14008
1784021340,2026-07-14T14:59:00,77061.05,77061.85,77044.96,77045.98,6487
1784021400,2026-07-14T15:00:00,77043.28,77115.45,77043.28,77111.93,55207
1784021460,2026-07-14T15:01:00,77111.66,77118.63,77069.46,77098.79,20839
1784021520,2026-07-14T15:02:00,77097.58,77114.88,77083.2,77085.6,15437
1784021580,2026-07-14T15:03:00,77084.55,77092.95,77073.24,77089.4,20643
1784021640,2026-07-14T15:04:00,77086.43,77107.62,77086.43,77105.66,15681
1784021700,2026-07-14T15:05:00,77103.15,77109.86,77090.72,77109.86,286927
1784021760,2026-07-14T15:06:00,77106.13,77144.49,77106.13,77114.5,33221
1784021820,2026-07-14T15:07:00,77114.31,77143.03,77105.3,77141.8,34456
1784021880,2026-07-14T15:08:00,77140.79,77141.87,77120.12,77128.71,53189
1784021940,2026-07-14T15:09:00,77127.04,77139.71,77124.02,77128.62,72968
1784022000,2026-07-14T15:10:00,77125.53,77125.62,77107.67,77123.35,31836
1784022060,2026-07-14T15:11:00,77126.01,77150.78,77114.94,77138.03,28624
1784022120,2026-07-14T15:12:00,77137.7,77137.7,77102.96,77104.68,34007
1784022180,2026-07-14T15:13:00,77105.79,77108.18,77072.51,77079.37,32483
1784022240,2026-07-14T15:14:00,77091.65,77091.65,77079.99,77084.36,28871
1784022300,2026-07-14T15:15:00,77081.24,77096.26,77073.52,77090.8,78042
1784022360,2026-07-14T15:16:00,77089.66,77089.66,77053.53,77060.33,52478
1784022420,2026-07-14T15:17:00,77058.19,77102.43,77058.19,77064.48,42193
1784022480,2026-07-14T15:18:00,77061.08,77061.08,77027.29,77031.71,34155
1784022540,2026-07-14T15:19:00,77031.67,77058.4,77027.17,77049.63,67677
1784022600,2026-07-14T15:20:00,77047.11,77059.16,77037.96,77045.42,86743
1784022660,2026-07-14T15:21:00,77053.33,77075.14,77053.33,77068.71,50770
1784022720,2026-07-14T15:22:00,77072.24,77076.46,77049.11,77053.54,32776
1784022780,2026-07-14T15:23:00,77053.54,77070.24,77048.37,77062.26,29244
1784022840,2026-07-14T15:24:00,77054.65,77070.0,77048.49,77069.74,27610
1784022900,2026-07-14T15:25:00,77059.75,77065.27,77033.74,77043.88,32983
1784022960,2026-07-14T15:26:00,77050.51,77059.02,77035.15,77035.73,33269
1784023020,2026-07-14T15:27:00,77042.71,77054.32,77033.41,77045.33,33598
1784023080,2026-07-14T15:28:00,77036.71,77062.85,77032.31,77048.74,42528
1784023140,2026-07-14T15:29:00,77049.75,77055.4,77007.94,77037.99,43649
1784087100,2026-07-15T09:15:00,77192.76,77273.32,77072.53,77211.29,164304
1784087160,2026-07-15T09:16:00,77208.27,77280.75,77208.27,77242.71,110724
1784087220,2026-07-15T09:17:00,77246.86,77365.0,77244.39,77357.91,74502
1784087280,2026-07-15T09:18:00,77360.42,77390.65,77344.98,77359.03,65358
1784087340,2026-07-15T09:19:00,77362.0,77383.91,77359.18,77381.4,64533
1784087400,2026-07-15T09:20:00,77393.74,77442.14,77389.93,77429.67,86640
1784087460,2026-07-15T09:21:00,77430.24,77475.16,77411.47,77456.82,65504
1784087520,2026-07-15T09:22:00,77466.94,77493.45,77463.6,77491.09,62057
1784087580,2026-07-15T09:23:00,77488.49,77521.94,77488.49,77520.29,68549
1784087640,2026-07-15T09:24:00,77523.91,77552.99,77522.86,77549.18,42780
1784087700,2026-07-15T09:25:00,77546.73,77577.6,77541.44,77576.0,58215
1784087760,2026-07-15T09:26:00,77575.81,77613.56,77575.81,77613.41,53802
1784087820,2026-07-15T09:27:00,77608.27,77615.57,77586.47,77610.52,59237
1784087880,2026-07-15T09:28:00,77608.57,77640.69,77581.2,77581.2,80940
1784087940,2026-07-15T09:29:00,77580.27,77584.95,77555.66,77580.16,73187
1784088000,2026-07-15T09:30:00,77575.04,77637.5,77574.02,77633.43,65539
1784088060,2026-07-15T09:31:00,77633.38,77641.86,77608.83,77622.6,67207
1784088120,2026-07-15T09:32:00,77625.57,77625.57,77573.86,77579.38,32208
1784088180,2026-07-15T09:33:00,77581.39,77600.26,77575.33,77590.01,41682
1784088240,2026-07-15T09:34:00,77587.76,77590.51,77556.43,77572.09,38954
1784088300,2026-07-15T09:35:00,77573.09,77605.35,77573.09,77597.56,357189
1784088360,2026-07-15T09:36:00,77595.31,77622.49,77585.56,77622.49,56371
1784088420,2026-07-15T09:37:00,77622.53,77622.53,77585.05,77605.06,48807
1784088480,2026-07-15T09:38:00,77605.63,77606.36,77585.02,77588.84,35437
1784088540,2026-07-15T09:39:00,77580.83,77585.75,77542.1,77548.14,38228
1784088600,2026-07-15T09:40:00,77547.93,77567.65,77533.74,77564.4,165455
1784088660,2026-07-15T09:41:00,77561.46,77563.03,77547.67,77547.67,33144
1784088720,2026-07-15T09:42:00,77548.23,77565.32,77548.23,77559.81,25410
1784088780,2026-07-15T09:43:00,77562.7,77564.48,77545.43,77548.78,29303
1784088840,2026-07-15T09:44:00,77545.58,77550.92,77530.37,77547.87,30247
1784088900,2026-07-15T09:45:00,77547.91,77551.11,77540.2,77545.27,25956
1784088960,2026-07-15T09:46:00,77544.82,77573.06,77543.63,77555.91,63337
1784089020,2026-07-15T09:47:00,77552.62,77574.56,77549.55,77569.84,28757
1784089080,2026-07-15T09:48:00,77569.21,77576.17,77559.24,77564.98,24556
1784089140,2026-07-15T09:49:00,77569.65,77571.13,77551.46,77551.46,22849
1784089200,2026-07-15T09:50:00,77552.37,77566.1,77550.3,77556.58,19064
1784089260,2026-07-15T09:51:00,77553.84,77574.71,77549.37,77574.71,38791
1784089320,2026-07-15T09:52:00,77576.88,77583.56,77547.77,77554.91,23252
1784089380,2026-07-15T09:53:00,77553.67,77557.67,77537.71,77550.65,18479
1784089440,2026-07-15T09:54:00,77551.52,77559.17,77540.98,77555.37,24914
1784089500,2026-07-15T09:55:00,77558.12,77566.28,77549.53,77564.61,21602
1784089560,2026-07-15T09:56:00,77568.16,77575.89,77548.48,77550.52,51249
1784089620,2026-07-15T09:57:00,77552.38,77553.03,77523.18,77531.08,17814
1784089680,2026-07-15T09:58:00,77532.15,77533.67,77519.37,77533.67,15949
1784089740,2026-07-15T09:59:00,77535.83,77537.64,77507.77,77514.7,28799
1784089800,2026-07-15T10:00:00,77512.01,77526.41,77490.29,77490.29,19567
1784089860,2026-07-15T10:01:00,77492.47,77501.56,77485.23,77488.09,21732
1784089920,2026-07-15T10:02:00,77486.53,77510.09,77483.2,77509.2,12610
1784089980,2026-07-15T10:03:00,77509.57,77533.75,77505.87,77529.55,19738
1784090040,2026-07-15T10:04:00,77527.66,77545.75,77521.15,77526.98,18659
1784090100,2026-07-15T10:05:00,77526.42,77539.62,77522.57,77529.27,17529
1784090160,2026-07-15T10:06:00,77533.78,77545.92,77532.43,77543.5,19952
1784090220,2026-07-15T10:07:00,77541.52,77556.8,77536.31,77553.13,17797
1784090280,2026-07-15T10:08:00,77551.54,77576.32,77546.35,77570.18,67767
1784090340,2026-07-15T10:09:00,77569.68,77577.0,77560.9,77564.15,12265
1784090400,2026-07-15T10:10:00,77560.4,77566.94,77551.36,77560.08,10018
1784090460,2026-07-15T10:11:00,77560.08,77560.42,77542.1,77554.43,34243
1784090520,2026-07-15T10:12:00,77555.29,77587.57,77555.29,77586.01,15840
1784090580,2026-07-15T10:13:00,77585.45,77586.06,77565.24,77567.91,11792
1784090640,2026-07-15T10:14:00,77570.69,77592.9,77566.41,77592.57,13489
1784090700,2026-07-15T10:15:00,77591.93,77595.06,77578.02,77585.48,14286
1784090760,2026-07-15T10:16:00,77583.72,77601.59,77572.03,77586.58,31156
1784090820,2026-07-15T10:17:00,77590.27,77630.96,77588.45,77628.54,23142
1784090880,2026-07-15T10:18:00,77628.54,77630.93,77612.95,77621.78,21624
1784090940,2026-07-15T10:19:00,77622.56,77638.52,77619.41,77619.41,16123
1784091000,2026-07-15T10:20:00,77619.13,77619.31,77607.11,77607.23,10133
1784091060,2026-07-15T10:21:00,77607.23,77620.5,77604.72,77604.72,21263
1784091120,2026-07-15T10:22:00,77604.96,77634.07,77601.3,77624.33,24237
1784091180,2026-07-15T10:23:00,77622.95,77637.62,77617.72,77633.57,12924
1784091240,2026-07-15T10:24:00,77631.42,77639.53,77614.14,77618.11,10793
1784091300,2026-07-15T10:25:00,77618.51,77633.38,77605.99,77623.42,19831
1784091360,2026-07-15T10:26:00,77624.13,77631.86,77618.21,77618.21,6541
1784091420,2026-07-15T10:27:00,77618.35,77627.46,77606.87,77609.42,11116
1784091480,2026-07-15T10:28:00,77604.57,77607.98,77592.27,77594.36,13458
1784091540,2026-07-15T10:29:00,77594.71,77600.63,77588.16,77589.56,62185
1784091600,2026-07-15T10:30:00,77590.2,77598.82,77583.36,77588.14,31504
1784091660,2026-07-15T10:31:00,77586.7,77594.53,77573.45,77578.26,33939
1784091720,2026-07-15T10:32:00,77579.61,77587.49,77575.01,77582.62,12788
1784091780,2026-07-15T10:33:00,77582.46,77589.7,77567.72,77575.86,9809
1784091840,2026-07-15T10:34:00,77581.79,77587.38,77574.48,77576.87,21385
1784091900,2026-07-15T10:35:00,77577.93,77582.95,77565.42,77572.14,11234
1784091960,2026-07-15T10:36:00,77569.56,77578.03,77560.83,77563.88,19350
1784092020,2026-07-15T10:37:00,77564.12,77569.76,77550.81,77556.38,9259
1784092080,2026-07-15T10:38:00,77556.25,77561.15,77535.21,77538.0,24522
1784092140,2026-07-15T10:39:00,77541.06,77564.41,77541.06,77562.03,8372
1784092200,2026-07-15T10:40:00,77563.52,77574.05,77554.91,77572.13,15230
1784092260,2026-07-15T10:41:00,77572.13,77586.25,77568.74,77580.43,11025
1784092320,2026-07-15T10:42:00,77580.43,77605.42,77577.85,77602.18,21122
1784092380,2026-07-15T10:43:00,77603.57,77619.21,77600.86,77607.62,17858
1784092440,2026-07-15T10:44:00,77607.03,77617.54,77604.79,77608.51,9058
1784092500,2026-07-15T10:45:00,77609.6,77615.26,77597.57,77603.02,17860
1784092560,2026-07-15T10:46:00,77604.61,77620.14,77593.9,77594.83,8447
1784092620,2026-07-15T10:47:00,77593.71,77603.85,77586.28,77590.05,53207
1784092680,2026-07-15T10:48:00,77591.85,77595.94,77580.14,77580.94,13901
1784092740,2026-07-15T10:49:00,77576.71,77603.98,77576.71,77601.94,23665
1784092800,2026-07-15T10:50:00,77601.85,77606.06,77593.61,77596.54,7847
1784092860,2026-07-15T10:51:00,77597.15,77598.45,77578.9,77579.36,32025
1784092920,2026-07-15T10:52:00,77578.5,77581.52,77566.5,77579.55,41925
1784092980,2026-07-15T10:53:00,77581.47,77609.6,77579.06,77605.54,37574
1784093040,2026-07-15T10:54:00,77608.68,77608.68,77572.56,77573.02,27275
1784093100,2026-07-15T10:55:00,77576.09,77578.95,77555.48,77560.78,12642
1784093160,2026-07-15T10:56:00,77562.15,77583.33,77555.33,77582.01,22607
1784093220,2026-07-15T10:57:00,77577.25,77581.55,77561.62,77561.62,11204
1784093280,2026-07-15T10:58:00,77564.11,77571.27,77554.33,77554.49,12976
1784093340,2026-07-15T10:59:00,77548.95,77557.38,77529.97,77531.14,14075
1784093400,2026-07-15T11:00:00,77530.17,77537.71,77523.46,77535.94,19355
1784093460,2026-07-15T11:01:00,77535.92,77570.29,77535.92,77565.76,16243
1784093520,2026-07-15T11:02:00,77564.68,77565.42,77554.63,77564.6,18328
1784093580,2026-07-15T11:03:00,77562.93,77562.93,77537.2,77541.84,21124
1784093640,2026-07-15T11:04:00,77539.59,77577.08,77531.84,77571.49,10716
1784093700,2026-07-15T11:05:00,77570.12,77575.16,77559.67,77559.67,14530
1784093760,2026-07-15T11:06:00,77556.14,77562.88,77547.65,77547.65,8484
1784093820,2026-07-15T11:07:00,77548.95,77567.32,77548.95,77563.1,10006
1784093880,2026-07-15T11:08:00,77559.05,77578.89,77559.05,77572.43,13249
1784093940,2026-07-15T11:09:00,77571.44,77578.17,77566.4,77573.05,23744
1784094000,2026-07-15T11:10:00,77574.81,77588.35,77574.81,77580.72,8984
1784094060,2026-07-15T11:11:00,77578.49,77585.15,77568.71,77572.74,7614
1784094120,2026-07-15T11:12:00,77572.71,77572.71,77545.06,77545.11,15444
1784094180,2026-07-15T11:13:00,77544.7,77549.75,77519.09,77519.26,14285
1784094240,2026-07-15T11:14:00,77519.18,77523.67,77501.62,77506.09,7764
1784094300,2026-07-15T11:15:00,77504.16,77516.96,77495.77,77515.67,23683
1784094360,2026-07-15T11:16:00,77515.29,77528.34,77514.62,77517.22,8509
1784094420,2026-07-15T11:17:00,77521.24,77546.38,77521.24,77540.14,13217
1784094480,2026-07-15T11:18:00,77539.53,77546.63,77525.31,77546.63,21193
1784094540,2026-07-15T11:19:00,77541.47,77564.08,77541.47,77552.97,17316
1784094600,2026-07-15T11:20:00,77553.88,77555.73,77529.41,77530.21,22589
1784094660,2026-07-15T11:21:00,77528.02,77543.92,77515.42,77541.66,26300
1784094720,2026-07-15T11:22:00,77539.73,77547.81,77510.54,77529.62,12641
1784094780,2026-07-15T11:23:00,77529.34,77530.78,77514.38,77523.8,24358
1784094840,2026-07-15T11:24:00,77523.57,77540.56,77523.57,77540.56,219538
1784094900,2026-07-15T11:25:00,77538.91,77556.08,77535.04,77553.3,42077
1784094960,2026-07-15T11:26:00,77551.67,77565.41,77546.5,77557.99,14591
1784095020,2026-07-15T11:27:00,77557.07,77575.4,77557.07,77563.52,30064
1784095080,2026-07-15T11:28:00,77562.59,77603.75,77559.68,77603.19,18091
1784095140,2026-07-15T11:29:00,77604.25,77616.73,77601.05,77616.68,17319
1784095200,2026-07-15T11:30:00,77617.63,77617.63,77594.1,77599.34,13057
1784095260,2026-07-15T11:31:00,77600.11,77600.13,77587.82,77591.07,65647
1784095320,2026-07-15T11:32:00,77591.93,77623.62,77589.88,77622.74,18226
1784095380,2026-07-15T11:33:00,77621.85,77646.27,77621.85,77633.26,33116
1784095440,2026-07-15T11:34:00,77634.17,77644.71,77630.39,77636.74,13990
1784095500,2026-07-15T11:35:00,77636.13,77639.15,77631.1,77634.82,11313
1784095560,2026-07-15T11:36:00,77635.5,77642.81,77621.39,77621.39,9449
1784095620,2026-07-15T11:37:00,77621.74,77628.65,77613.16,77614.14,6708
1784095680,2026-07-15T11:38:00,77614.18,77619.66,77598.84,77599.12,15363
1784095740,2026-07-15T11:39:00,77601.08,77608.62,77561.72,77562.34,24235
1784095800,2026-07-15T11:40:00,77562.34,77568.77,77526.44,77532.31,27874
1784095860,2026-07-15T11:41:00,77537.24,77571.89,77537.24,77559.03,12481
1784095920,2026-07-15T11:42:00,77559.98,77567.9,77539.03,77539.03,17238
1784095980,2026-07-15T11:43:00,77537.3,77541.85,77518.15,77522.37,13592
1784096040,2026-07-15T11:44:00,77524.79,77524.79,77495.8,77501.79,120402
1784096100,2026-07-15T11:45:00,77499.56,77513.78,77490.77,77513.38,26394
1784096160,2026-07-15T11:46:00,77521.27,77531.75,77510.0,77520.83,17566
1784096220,2026-07-15T11:47:00,77521.09,77526.48,77514.19,77516.36,14287
1784096280,2026-07-15T11:48:00,77516.65,77523.09,77507.74,77512.72,8229
1784096340,2026-07-15T11:49:00,77513.9,77514.59,77492.32,77494.81,8001
1784096400,2026-07-15T11:50:00,77498.63,77510.41,77483.75,77507.19,287525
1784096460,2026-07-15T11:51:00,77509.14,77513.76,77483.26,77487.54,17774
1784096520,2026-07-15T11:52:00,77486.73,77518.89,77475.35,77518.89,17756
1784096580,2026-07-15T11:53:00,77520.14,77530.45,77514.19,77520.18,17788
1784096640,2026-07-15T11:54:00,77520.27,77525.33,77504.66,77513.41,9991
1784096700,2026-07-15T11:55:00,77514.46,77544.46,77513.4,77537.38,14740
1784096760,2026-07-15T11:56:00,77538.75,77552.28,77535.44,77552.01,11056
1784096820,2026-07-15T11:57:00,77549.53,77551.58,77528.77,77530.4,10077
1784096880,2026-07-15T11:58:00,77529.94,77531.53,77516.79,77529.09,10852
1784096940,2026-07-15T11:59:00,77529.09,77542.72,77517.87,77528.53,11101
1784097000,2026-07-15T12:00:00,77523.3,77544.7,77520.62,77544.62,8112
1784097060,2026-07-15T12:01:00,77545.27,77558.05,77539.14,77555.9,17628
1784097120,2026-07-15T12:02:00,77553.57,77555.25,77531.05,77533.52,19214
1784097180,2026-07-15T12:03:00,77534.19,77534.19,77520.73,77526.3,35540
1784097240,2026-07-15T12:04:00,77525.16,77543.29,77517.17,77543.29,15733
1784097300,2026-07-15T12:05:00,77539.51,77551.2,77533.79,77551.2,9729
1784097360,2026-07-15T12:06:00,77549.1,77550.31,77537.95,77550.31,6965
1784097420,2026-07-15T12:07:00,77554.88,77560.22,77548.49,77548.49,6213
1784097480,2026-07-15T12:08:00,77547.75,77559.16,77547.75,77550.05,11941
1784097540,2026-07-15T12:09:00,77552.68,77557.34,77541.47,77545.6,22103
1784097600,2026-07-15T12:10:00,77545.6,77545.6,77514.95,77516.53,13717
1784097660,2026-07-15T12:11:00,77520.38,77533.36,77511.44,77530.94,8979
1784097720,2026-07-15T12:12:00,77530.61,77534.24,77520.78,77527.63,13485
1784097780,2026-07-15T12:13:00,77528.11,77548.67,77524.91,77548.11,24523
1784097840,2026-07-15T12:14:00,77549.22,77571.25,77549.22,77569.87,14838
1784097900,2026-07-15T12:15:00,77568.97,77575.65,77561.8,77565.66,13486
1784097960,2026-07-15T12:16:00,77565.79,77572.23,77555.64,77562.99,15111
1784098020,2026-07-15T12:17:00,77562.75,77567.74,77557.86,77559.21,31067
1784098080,2026-07-15T12:18:00,77559.51,77564.08,77550.19,77555.62,77789
1784098140,2026-07-15T12:19:00,77555.62,77576.68,77555.46,77575.5,22949
1784098200,2026-07-15T12:20:00,77574.17,77576.48,77556.38,77562.53,12978
1784098260,2026-07-15T12:21:00,77562.06,77566.97,77543.46,77550.13,19337
1784098320,2026-07-15T12:22:00,77550.3,77556.6,77540.04,77540.04,8125
1784098380,2026-07-15T12:23:00,77539.78,77544.93,77528.75,77532.08,9327
1784098440,2026-07-15T12:24:00,77533.14,77546.75,77530.35,77541.16,8054
1784098500,2026-07-15T12:25:00,77543.61,77561.79,77538.7,77560.77,25253
1784098560,2026-07-15T12:26:00,77560.66,77564.79,77540.22,77540.33,11576
1784098620,2026-07-15T12:27:00,77537.81,77541.28,77522.8,77530.27,12738
1784098680,2026-07-15T12:28:00,77529.51,77529.51,77503.54,77504.96,12520
1784098740,2026-07-15T12:29:00,77505.64,77506.72,77490.89,77493.18,8970
1784098800,2026-07-15T12:30:00,77488.64,77493.01,77475.37,77491.12,16296
1784098860,2026-07-15T12:31:00,77494.5,77501.9,77489.75,77493.8,45352
1784098920,2026-07-15T12:32:00,77493.8,77499.42,77487.38,77487.38,13152
1784098980,2026-07-15T12:33:00,77488.02,77497.56,77473.62,77473.62,34854
1784099040,2026-07-15T12:34:00,77477.02,77502.13,77473.1,77502.13,29389
1784099100,2026-07-15T12:35:00,77493.81,77495.97,77473.16,77481.98,24268
1784099160,2026-07-15T12:36:00,77481.65,77483.81,77454.5,77457.27,12521
1784099220,2026-07-15T12:37:00,77457.34,77473.49,77454.68,77470.13,12462
1784099280,2026-07-15T12:38:00,77469.35,77482.64,77440.39,77440.39,34709
1784099340,2026-07-15T12:39:00,77440.86,77445.61,77418.24,77423.69,35623
1784099400,2026-07-15T12:40:00,77425.1,77430.36,77415.95,77418.86,35660
1784099460,2026-07-15T12:41:00,77416.55,77421.31,77410.93,77420.89,14476
1784099520,2026-07-15T12:42:00,77423.59,77435.51,77418.38,77427.51,10481
1784099580,2026-07-15T12:43:00,77429.18,77457.97,77422.61,77453.49,12940
1784099640,2026-07-15T12:44:00,77453.71,77467.22,77453.71,77460.36,12110
1784099700,2026-07-15T12:45:00,77458.66,77470.56,77454.89,77455.87,14480
1784099760,2026-07-15T12:46:00,77449.57,77456.33,77443.55,77455.4,10186
1784099820,2026-07-15T12:47:00,77459.37,77459.37,77434.34,77442.08,16245
1784099880,2026-07-15T12:48:00,77441.55,77443.18,77428.86,77437.48,11331
1784099940,2026-07-15T12:49:00,77436.35,77437.53,77420.83,77426.44,10442
1784100000,2026-07-15T12:50:00,77425.85,77430.04,77399.03,77423.5,10808
1784100060,2026-07-15T12:51:00,77423.58,77440.18,77423.58,77429.31,12028
1784100120,2026-07-15T12:52:00,77428.89,77428.89,77410.52,77410.52,23278
1784100180,2026-07-15T12:53:00,77410.56,77422.53,77394.29,77394.29,70646
1784100240,2026-07-15T12:54:00,77393.5,77393.5,77332.49,77333.6,63388
1784100300,2026-07-15T12:55:00,77329.9,77345.91,77271.15,77271.15,27200
1784100360,2026-07-15T12:56:00,77256.53,77256.53,77080.42,77080.42,877508
1784100420,2026-07-15T12:57:00,77069.0,77108.08,76991.16,76997.65,82912
1784100480,2026-07-15T12:58:00,77000.81,77152.34,76982.82,77152.34,40906
1784100540,2026-07-15T12:59:00,77163.86,77172.37,77092.64,77105.3,14329
1784100600,2026-07-15T13:00:00,77105.73,77152.2,77072.28,77152.2,20601
1784100660,2026-07-15T13:01:00,77152.39,77166.28,77116.91,77138.66,18541
1784100720,2026-07-15T13:02:00,77143.09,77185.47,77143.09,77150.73,18926
1784100780,2026-07-15T13:03:00,77152.31,77161.95,77145.42,77157.64,18365
1784100840,2026-07-15T13:04:00,77158.39,77167.04,77147.88,77152.25,12721
1784100900,2026-07-15T13:05:00,77151.95,77171.59,77148.57,77169.39,21507
1784100960,2026-07-15T13:06:00,77168.34,77168.86,77131.48,77140.48,9282
1784101020,2026-07-15T13:07:00,77140.48,77141.8,77117.75,77121.26,17327
1784101080,2026-07-15T13:08:00,77121.47,77121.47,77089.87,77100.79,24579
1784101140,2026-07-15T13:09:00,77102.39,77117.45,77091.24,77091.24,15711
1784101200,2026-07-15T13:10:00,77086.05,77093.28,77076.56,77080.88,10360
1784101260,2026-07-15T13:11:00,77081.51,77099.96,77080.74,77082.76,13755
1784101320,2026-07-15T13:12:00,77089.24,77111.94,77084.78,77084.78,21923
1784101380,2026-07-15T13:13:00,77086.76,77100.46,77077.19,77082.41,19816
1784101440,2026-07-15T13:14:00,77081.47,77095.65,77075.24,77093.91,15596
1784101500,2026-07-15T13:15:00,77097.41,77144.6,77096.88,77143.42,11587
1784101560,2026-07-15T13:16:00,77140.4,77176.09,77136.33,77176.09,16879
1784101620,2026-07-15T13:17:00,77176.88,77176.88,77133.61,77137.96,18152
1784101680,2026-07-15T13:18:00,77137.88,77182.14,77133.81,77182.14,17611
1784101740,2026-07-15T13:19:00,77183.47,77234.49,77183.47,77216.21,20355
1784101800,2026-07-15T13:20:00,77215.7,77220.62,77200.27,77205.37,17024
1784101860,2026-07-15T13:21:00,77202.23,77208.76,77192.78,77198.47,9863
1784101920,2026-07-15T13:22:00,77199.14,77199.14,77169.51,77175.43,5821
1784101980,2026-07-15T13:23:00,77175.43,77187.23,77163.83,77168.11,10561
1784102040,2026-07-15T13:24:00,77170.71,77177.41,77165.25,77177.11,12422
1784102100,2026-07-15T13:25:00,77177.16,77177.43,77161.57,77174.34,15994
1784102160,2026-07-15T13:26:00,77174.34,77176.69,77167.1,77169.35,6862
1784102220,2026-07-15T13:27:00,77169.35,77169.44,77153.21,77154.35,10424
1784102280,2026-07-15T13:28:00,77153.65,77173.65,77149.3,77166.75,13874
1784102340,2026-07-15T13:29:00,77166.75,77175.82,77162.29,77173.46,5000
1784102400,2026-07-15T13:30:00,77173.31,77179.4,77160.1,77163.84,4723
1784102460,2026-07-15T13:31:00,77163.16,77173.64,77162.79,77171.51,6589
1784102520,2026-07-15T13:32:00,77171.27,77175.11,77152.0,77158.05,6744
1784102580,2026-07-15T13:33:00,77158.05,77159.75,77145.83,77158.57,27828
1784102640,2026-07-15T13:34:00,77158.42,77159.18,77129.74,77134.8,9471
1784102700,2026-07-15T13:35:00,77134.84,77145.12,77134.69,77145.12,4840
1784102760,2026-07-15T13:36:00,77144.3,77159.58,77136.24,77157.85,7281
1784102820,2026-07-15T13:37:00,77161.78,77163.37,77143.31,77157.63,10500
1784102880,2026-07-15T13:38:00,77157.63,77163.98,77124.78,77124.78,8595
1784102940,2026-07-15T13:39:00,77124.78,77141.16,77124.78,77137.79,5424
1784103000,2026-07-15T13:40:00,77136.16,77137.83,77122.53,77124.97,7647
1784103060,2026-07-15T13:41:00,77124.97,77133.71,77107.86,77108.21,6925
1784103120,2026-07-15T13:42:00,77110.15,77120.27,77107.5,77120.27,3306
1784103180,2026-07-15T13:43:00,77119.92,77122.99,77095.8,77096.97,9876
1784103240,2026-07-15T13:44:00,77097.99,77119.04,77094.87,77118.52,7056
1784103300,2026-07-15T13:45:00,77118.56,77134.28,77107.15,77127.26,14600
1784103360,2026-07-15T13:46:00,77126.09,77144.62,77126.09,77139.43,16580
1784103420,2026-07-15T13:47:00,77134.81,77141.93,77124.93,77137.04,5939
1784103480,2026-07-15T13:48:00,77137.04,77159.49,77124.5,77124.5,14951
1784103540,2026-07-15T13:49:00,77131.29,77169.96,77127.68,77166.2,33752
1784103600,2026-07-15T13:50:00,77166.2,77168.85,77139.17,77140.46,11234
1784103660,2026-07-15T13:51:00,77140.46,77141.02,77119.84,77124.38,14813
1784103720,2026-07-15T13:52:00,77123.07,77123.07,77103.84,77110.07,8021
1784103780,2026-07-15T13:53:00,77110.08,77110.08,77075.02,77084.34,10892
1784103840,2026-07-15T13:54:00,77083.9,77103.45,77083.11,77103.45,8126
1784103900,2026-07-15T13:55:00,77103.89,77105.18,77089.76,77093.42,14552
1784103960,2026-07-15T13:56:00,77095.5,77123.43,77082.6,77116.79,18578
1784104020,2026-07-15T13:57:00,77116.22,77154.19,77116.06,77152.2,11981
1784104080,2026-07-15T13:58:00,77153.24,77177.68,77142.05,77160.24,33961
1784104140,2026-07-15T13:59:00,77159.69,77214.83,77159.69,77181.48,42799
1784104200,2026-07-15T14:00:00,77181.26,77227.82,77181.17,77212.48,55406
1784104260,2026-07-15T14:01:00,77212.48,77219.05,77175.89,77176.21,16311
1784104320,2026-07-15T14:02:00,77176.8,77185.62,77172.52,77181.77,15913
1784104380,2026-07-15T14:03:00,77180.0,77187.47,77166.13,77184.31,10725
1784104440,2026-07-15T14:04:00,77184.24,77184.24,77174.99,77183.83,12294
1784104500,2026-07-15T14:05:00,77183.12,77193.28,77182.33,77190.4,97658
1784104560,2026-07-15T14:06:00,77189.79,77200.72,77172.31,77196.66,102453
1784104620,2026-07-15T14:07:00,77196.77,77205.19,77185.78,77202.91,6198
1784104680,2026-07-15T14:08:00,77210.85,77249.97,77206.66,77249.97,14011
1784104740,2026-07-15T14:09:00,77251.88,77256.04,77228.45,77233.85,53627
1784104800,2026-07-15T14:10:00,77233.03,77235.43,77207.73,77209.89,21136
1784104860,2026-07-15T14:11:00,77209.68,77228.67,77208.4,77228.67,17930
1784104920,2026-07-15T14:12:00,77230.84,77234.57,77213.21,77214.13,40772
1784104980,2026-07-15T14:13:00,77211.35,77226.29,77209.43,77216.95,20909
1784105040,2026-07-15T14:14:00,77217.14,77231.93,77213.99,77226.77,7934
1784105100,2026-07-15T14:15:00,77227.36,77237.2,77220.88,77237.2,13183
1784105160,2026-07-15T14:16:00,77237.53,77260.0,77231.93,77231.93,21498
1784105220,2026-07-15T14:17:00,77232.32,77234.99,77190.13,77192.45,19851
1784105280,2026-07-15T14:18:00,77191.4,77203.14,77180.48,77203.14,33480
1784105340,2026-07-15T14:19:00,77203.78,77225.38,77199.86,77208.31,120662
1784105400,2026-07-15T14:20:00,77208.5,77231.77,77187.13,77187.13,61236
1784105460,2026-07-15T14:21:00,77175.71,77192.18,77165.42,77188.3,15050
1784105520,2026-07-15T14:22:00,77188.0,77207.85,77186.74,77197.46,9578
1784105580,2026-07-15T14:23:00,77196.23,77200.22,77177.2,77192.81,22952
1784105640,2026-07-15T14:24:00,77192.48,77192.48,77160.75,77173.65,6537
1784105700,2026-07-15T14:25:00,77173.72,77183.72,77153.05,77153.05,11728
1784105760,2026-07-15T14:26:00,77154.09,77180.9,77154.09,77160.92,9182
1784105820,2026-07-15T14:27:00,77161.81,77196.06,77151.73,77189.57,24921
1784105880,2026-07-15T14:28:00,77189.72,77189.72,77173.07,77179.4,8635
1784105940,2026-07-15T14:29:00,77179.47,77199.67,77165.09,77198.06,9106
1784106000,2026-07-15T14:30:00,77198.77,77214.88,77173.39,77173.72,14951
1784106060,2026-07-15T14:31:00,77174.04,77198.26,77165.98,77188.85,17578
1784106120,2026-07-15T14:32:00,77186.95,77191.0,77155.57,77166.94,13157
1784106180,2026-07-15T14:33:00,77160.64,77192.85,77160.15,77181.64,32129
1784106240,2026-07-15T14:34:00,77177.4,77207.86,77169.29,77183.44,14261
1784106300,2026-07-15T14:35:00,77183.48,77221.06,77177.66,77220.9,19190
1784106360,2026-07-15T14:36:00,77220.06,77235.7,77205.87,77207.01,11553
1784106420,2026-07-15T14:37:00,77209.75,77232.52,77192.61,77192.7,36163
1784106480,2026-07-15T14:38:00,77187.49,77236.29,77180.44,77228.58,18410
1784106540,2026-07-15T14:39:00,77228.78,77257.33,77228.78,77257.33,12594
1784106600,2026-07-15T14:40:00,77254.86,77263.21,77230.68,77247.36,13323
1784106660,2026-07-15T14:41:00,77253.23,77253.58,77227.83,77239.41,234714
1784106720,2026-07-15T14:42:00,77243.23,77257.43,77231.31,77253.16,27050
1784106780,2026-07-15T14:43:00,77253.25,77253.25,77238.22,77238.6,81809
1784106840,2026-07-15T14:44:00,77237.12,77260.42,77236.8,77260.42,20717
1784106900,2026-07-15T14:45:00,77257.26,77273.47,77247.03,77247.03,28968
1784106960,2026-07-15T14:46:00,77247.23,77270.26,77241.65,77263.86,17263
1784107020,2026-07-15T14:47:00,77259.66,77263.31,77208.41,77208.41,14174
1784107080,2026-07-15T14:48:00,77209.14,77210.73,77199.25,77200.96,20099
1784107140,2026-07-15T14:49:00,77198.75,77206.81,77178.29,77181.33,27871
1784107200,2026-07-15T14:50:00,77183.44,77215.29,77182.42,77203.84,13133
1784107260,2026-07-15T14:51:00,77202.78,77202.78,77181.65,77182.24,11151
1784107320,2026-07-15T14:52:00,77182.52,77195.26,77178.68,77187.84,16306
1784107380,2026-07-15T14:53:00,77187.52,77197.58,77185.1,77189.17,13809
1784107440,2026-07-15T14:54:00,77189.17,77205.9,77184.45,77200.01,7608
1784107500,2026-07-15T14:55:00,77201.86,77208.34,77188.87,77192.86,7017
1784107560,2026-07-15T14:56:00,77191.96,77229.89,77186.76,77211.55,77144
1784107620,2026-07-15T14:57:00,77206.43,77206.62,77143.68,77169.6,66059
1784107680,2026-07-15T14:58:00,77169.78,77187.79,77166.08,77180.52,16021
1784107740,2026-07-15T14:59:00,77180.48,77181.51,77138.92,77153.98,16169
1784107800,2026-07-15T15:00:00,77156.3,77210.55,77137.93,77154.52,30137
1784107860,2026-07-15T15:01:00,77154.0,77189.01,77148.96,77150.01,15932
1784107920,2026-07-15T15:02:00,77152.96,77155.54,77138.29,77148.97,22514
1784107980,2026-07-15T15:03:00,77153.15,77158.76,77147.71,77153.67,14723
1784108040,2026-07-15T15:04:00,77153.89,77180.54,77153.89,77176.25,17012
1784108100,2026-07-15T15:05:00,77174.16,77193.66,77159.91,77160.31,16345
1784108160,2026-07-15T15:06:00,77158.89,77182.36,77155.05,77174.78,15488
1784108220,2026-07-15T15:07:00,77174.91,77196.69,77170.28,77170.28,47061
1784108280,2026-07-15T15:08:00,77163.06,77187.91,77160.63,77185.1,55257
1784108340,2026-07-15T15:09:00,77177.87,77187.12,77167.28,77168.79,24298
1784108400,2026-07-15T15:10:00,77169.0,77185.53,77169.0,77177.19,23665
1784108460,2026-07-15T15:11:00,77181.79,77204.31,77175.84,77177.92,55468
1784108520,2026-07-15T15:12:00,77179.51,77200.8,77168.38,77168.38,24880
1784108580,2026-07-15T15:13:00,77171.62,77185.05,77147.8,77147.8,52836
1784108640,2026-07-15T15:14:00,77165.9,77194.8,77157.59,77188.32,49528
1784108700,2026-07-15T15:15:00,77187.59,77192.2,77174.8,77174.8,32314
1784108760,2026-07-15T15:16:00,77175.42,77186.72,77170.65,77179.44,53413
1784108820,2026-07-15T15:17:00,77179.13,77185.83,77170.74,77170.98,26242
1784108880,2026-07-15T15:18:00,77171.61,77180.44,77161.01,77176.52,43050
1784108940,2026-07-15T15:19:00,77176.94,77197.09,77176.94,77193.26,60701
1784109000,2026-07-15T15:20:00,77193.26,77211.17,77188.22,77211.17,33281
1784109060,2026-07-15T15:21:00,77210.49,77224.01,77199.08,77203.45,22704
1784109120,2026-07-15T15:22:00,77202.23,77202.99,77178.77,77195.02,26355
1784109180,2026-07-15T15:23:00,77195.97,77210.04,77192.48,77197.3,46577
1784109240,2026-07-15T15:24:00,77199.14,77228.97,77196.01,77222.63,89681
1784109300,2026-07-15T15:25:00,77220.92,77236.1,77216.08,77236.1,39103
1784109360,2026-07-15T15:26:00,77234.41,77238.03,77215.2,77225.56,33550
1784109420,2026-07-15T15:27:00,77226.91,77237.71,77197.88,77214.49,40776
1784109480,2026-07-15T15:28:00,77215.3,77220.53,77185.95,77200.07,38367
1784109540,2026-07-15T15:29:00,77203.15,77219.91,77166.73,77182.05,40210
1784173500,2026-07-16T09:15:00,77388.42,77417.75,77276.52,77317.72,284864
1784173560,2026-07-16T09:16:00,77338.23,77422.37,77338.23,77417.76,185811
1784173620,2026-07-16T09:17:00,77409.77,77465.34,77393.83,77421.34,145147
1784173680,2026-07-16T09:18:00,77419.81,77475.27,77419.73,77459.48,121592
1784173740,2026-07-16T09:19:00,77466.07,77473.78,77436.53,77461.79,69224
1784173800,2026-07-16T09:20:00,77470.43,77514.3,77460.96,77460.96,1095565
1784173860,2026-07-16T09:21:00,77458.24,77458.35,77357.88,77378.54,100753
1784173920,2026-07-16T09:22:00,77373.58,77427.23,77373.58,77427.23,57654
1784173980,2026-07-16T09:23:00,77426.75,77458.66,77414.5,77425.24,48217
1784174040,2026-07-16T09:24:00,77433.26,77435.68,77390.84,77405.21,48093
1784174100,2026-07-16T09:25:00,77403.17,77424.09,77403.17,77409.11,41756
1784174160,2026-07-16T09:26:00,77409.72,77433.96,77399.27,77420.12,192915
1784174220,2026-07-16T09:27:00,77420.19,77423.21,77359.15,77359.15,37575
1784174280,2026-07-16T09:28:00,77356.12,77376.85,77336.21,77346.37,155876
1784174340,2026-07-16T09:29:00,77341.48,77403.27,77338.93,77398.31,51346
1784174400,2026-07-16T09:30:00,77396.24,77446.47,77394.55,77438.45,56454
1784174460,2026-07-16T09:31:00,77436.18,77436.18,77353.32,77378.89,100632
1784174520,2026-07-16T09:32:00,77375.02,77402.42,77369.45,77402.42,30955
1784174580,2026-07-16T09:33:00,77407.11,77414.07,77365.3,77373.08,237544
1784174640,2026-07-16T09:34:00,77372.16,77372.16,77335.05,77335.46,18149
1784174700,2026-07-16T09:35:00,77335.75,77336.99,77319.22,77323.09,25156
1784174760,2026-07-16T09:36:00,77323.96,77326.28,77287.65,77302.79,37801
1784174820,2026-07-16T09:37:00,77307.44,77384.51,77307.44,77355.05,151750
1784174880,2026-07-16T09:38:00,77356.35,77356.5,77288.71,77297.08,3055744
1784174940,2026-07-16T09:39:00,77298.64,77318.65,77298.64,77318.29,37557
1784175000,2026-07-16T09:40:00,77317.64,77333.74,77309.92,77333.74,26575
1784175060,2026-07-16T09:41:00,77333.22,77389.56,77332.92,77373.49,46123
1784175120,2026-07-16T09:42:00,77371.95,77429.03,77363.84,77421.33,28983
1784175180,2026-07-16T09:43:00,77416.85,77416.85,77374.43,77390.35,85715
1784175240,2026-07-16T09:44:00,77388.82,77454.21,77386.4,77454.21,41368
1784175300,2026-07-16T09:45:00,77453.85,77466.18,77436.37,77439.56,59815
1784175360,2026-07-16T09:46:00,77436.29,77436.77,77397.41,77418.21,29254
1784175420,2026-07-16T09:47:00,77419.76,77437.97,77411.0,77411.0,16631
1784175480,2026-07-16T09:48:00,77411.05,77412.44,77384.58,77384.58,19423
1784175540,2026-07-16T09:49:00,77385.88,77393.72,77348.49,77351.88,18780
1784175600,2026-07-16T09:50:00,77350.89,77378.42,77341.74,77372.61,67245
1784175660,2026-07-16T09:51:00,77372.16,77378.72,77348.87,77348.87,29488
1784175720,2026-07-16T09:52:00,77349.7,77355.98,77334.1,77336.46,11954
1784175780,2026-07-16T09:53:00,77337.14,77354.64,77336.98,77352.99,11134
1784175840,2026-07-16T09:54:00,77352.36,77383.73,77338.71,77380.55,23030
1784175900,2026-07-16T09:55:00,77378.62,77422.07,77378.62,77421.89,19658
1784175960,2026-07-16T09:56:00,77420.38,77434.84,77416.98,77434.01,22922
1784176020,2026-07-16T09:57:00,77434.06,77434.31,77408.73,77420.56,32019
1784176080,2026-07-16T09:58:00,77422.21,77431.12,77416.48,77416.49,16520
1784176140,2026-07-16T09:59:00,77415.9,77416.15,77384.93,77385.6,21783
1784176200,2026-07-16T10:00:00,77390.44,77390.44,77353.94,77368.74,21485
1784176260,2026-07-16T10:01:00,77367.84,77406.04,77359.4,77389.47,92811
1784176320,2026-07-16T10:02:00,77389.29,77417.91,77389.29,77414.43,46430
1784176380,2026-07-16T10:03:00,77414.76,77421.02,77394.82,77396.83,15777
1784176440,2026-07-16T10:04:00,77399.36,77411.46,77379.26,77396.76,22324
1784176500,2026-07-16T10:05:00,77396.47,77396.47,77346.22,77348.91,20013
1784176560,2026-07-16T10:06:00,77352.11,77375.04,77339.57,77358.37,21191
1784176620,2026-07-16T10:07:00,77359.6,77382.21,77345.67,77372.19,22567
1784176680,2026-07-16T10:08:00,77372.82,77386.11,77349.26,77363.86,46680
1784176740,2026-07-16T10:09:00,77364.75,77400.18,77364.75,77382.97,31222
1784176800,2026-07-16T10:10:00,77380.08,77386.19,77324.63,77324.77,77852
1784176860,2026-07-16T10:11:00,77324.72,77348.57,77322.23,77329.88,47006
1784176920,2026-07-16T10:12:00,77330.95,77376.74,77327.87,77368.38,42304
1784176980,2026-07-16T10:13:00,77363.28,77389.5,77363.16,77371.22,60499
1784177040,2026-07-16T10:14:00,77371.11,77378.45,77361.6,77363.66,19744
1784177100,2026-07-16T10:15:00,77363.84,77395.52,77349.91,77384.73,32597
1784177160,2026-07-16T10:16:00,77388.44,77412.38,77379.59,77409.49,22086
1784177220,2026-07-16T10:17:00,77408.34,77418.65,77372.44,77372.44,42995
1784177280,2026-07-16T10:18:00,77373.66,77388.26,77354.44,77385.92,33896
1784177340,2026-07-16T10:19:00,77388.58,77413.28,77370.12,77371.29,49431
1784177400,2026-07-16T10:20:00,77367.85,77384.8,77357.1,77365.05,15715
1784177460,2026-07-16T10:21:00,77366.87,77379.9,77343.45,77361.3,16467
1784177520,2026-07-16T10:22:00,77356.33,77390.33,77355.21,77375.27,9626
1784177580,2026-07-16T10:23:00,77374.24,77382.89,77364.15,77370.72,23325
1784177640,2026-07-16T10:24:00,77370.72,77380.23,77360.37,77363.1,19435
1784177700,2026-07-16T10:25:00,77359.95,77372.81,77355.16,77369.88,16836
1784177760,2026-07-16T10:26:00,77371.14,77375.78,77350.33,77352.22,21462
1784177820,2026-07-16T10:27:00,77352.79,77353.75,77312.53,77315.27,19832
1784177880,2026-07-16T10:28:00,77317.57,77341.7,77317.57,77336.56,8080
1784177940,2026-07-16T10:29:00,77338.89,77359.3,77338.1,77342.22,12196
1784178000,2026-07-16T10:30:00,77342.22,77349.16,77325.69,77349.16,18238
1784178060,2026-07-16T10:31:00,77355.1,77380.78,77346.17,77370.62,26469
1784178120,2026-07-16T10:32:00,77370.93,77370.93,77351.35,77352.09,10848
1784178180,2026-07-16T10:33:00,77350.71,77361.02,77326.27,77343.71,13347
1784178240,2026-07-16T10:34:00,77343.71,77349.27,77321.33,77322.19,430108
1784178300,2026-07-16T10:35:00,77321.82,77330.52,77313.77,77324.22,13703
1784178360,2026-07-16T10:36:00,77322.64,77342.52,77317.82,77341.78,9087
1784178420,2026-07-16T10:37:00,77342.37,77350.6,77320.17,77321.33,11822
1784178480,2026-07-16T10:38:00,77325.16,77329.86,77313.16,77325.73,8349
1784178540,2026-07-16T10:39:00,77325.9,77335.87,77314.75,77327.94,366523
1784178600,2026-07-16T10:40:00,77331.15,77340.43,77326.02,77332.8,9918
1784178660,2026-07-16T10:41:00,77336.02,77357.66,77334.1,77357.66,20387
1784178720,2026-07-16T10:42:00,77357.66,77362.36,77350.17,77352.16,8865
1784178780,2026-07-16T10:43:00,77350.77,77357.34,77348.63,77354.03,7877
1784178840,2026-07-16T10:44:00,77354.2,77370.0,77350.98,77367.62,6480
1784178900,2026-07-16T10:45:00,77365.99,77382.61,77365.86,77375.87,21606
1784178960,2026-07-16T10:46:00,77379.06,77399.93,77379.05,77395.4,199451
1784179020,2026-07-16T10:47:00,77394.32,77435.75,77394.32,77430.61,16943
1784179080,2026-07-16T10:48:00,77430.61,77452.47,77429.61,77452.03,15777
1784179140,2026-07-16T10:49:00,77449.01,77449.85,77433.23,77438.63,23641
1784179200,2026-07-16T10:50:00,77438.81,77472.65,77438.81,77468.93,19210
1784179260,2026-07-16T10:51:00,77469.0,77470.59,77452.45,77458.74,16487
1784179320,2026-07-16T10:52:00,77463.2,77470.5,77451.15,77462.03,21620
1784179380,2026-07-16T10:53:00,77464.86,77477.18,77464.86,77468.79,44151
1784179440,2026-07-16T10:54:00,77467.96,77477.0,77463.32,77465.43,164779
1784179500,2026-07-16T10:55:00,77467.74,77497.44,77467.74,77468.19,26392
1784179560,2026-07-16T10:56:00,77470.83,77518.53,77462.7,77516.84,24408
1784179620,2026-07-16T10:57:00,77516.4,77516.4,77496.63,77510.75,18579
1784179680,2026-07-16T10:58:00,77511.99,77511.99,77494.03,77505.3,526035
1784179740,2026-07-16T10:59:00,77505.3,77519.16,77497.54,77518.88,14698
1784179800,2026-07-16T11:00:00,77517.65,77572.41,77517.65,77572.41,36196
1784179860,2026-07-16T11:01:00,77571.92,77579.69,77559.52,77574.92,17617
1784179920,2026-07-16T11:02:00,77575.82,77576.85,77552.25,77559.45,28499
1784179980,2026-07-16T11:03:00,77557.74,77557.74,77541.16,77545.24,23544
1784180040,2026-07-16T11:04:00,77546.12,77554.09,77534.08,77542.49,12263
1784180100,2026-07-16T11:05:00,77542.93,77542.93,77519.27,77519.27,7200
1784180160,2026-07-16T11:06:00,77518.5,77521.81,77498.1,77498.23,9669
1784180220,2026-07-16T11:07:00,77498.19,77518.57,77496.35,77517.51,10181
1784180280,2026-07-16T11:08:00,77518.32,77529.57,77499.84,77499.84,12178
1784180340,2026-07-16T11:09:00,77498.16,77530.51,77477.03,77530.51,26933
1784180400,2026-07-16T11:10:00,77534.19,77541.91,77491.65,77524.49,22464
1784180460,2026-07-16T11:11:00,77524.61,77532.59,77498.11,77499.97,20257
1784180520,2026-07-16T11:12:00,77503.44,77524.29,77494.31,77521.87,18334
1784180580,2026-07-16T11:13:00,77521.72,77524.52,77505.9,77505.9,12660
1784180640,2026-07-16T11:14:00,77505.9,77505.9,77483.13,77486.03,23563
1784180700,2026-07-16T11:15:00,77485.86,77500.42,77483.92,77498.63,46083
1784180760,2026-07-16T11:16:00,77498.98,77511.36,77498.98,77502.9,35548
1784180820,2026-07-16T11:17:00,77502.9,77502.9,77467.85,77468.0,31940
1784180880,2026-07-16T11:18:00,77468.0,77485.8,77465.47,77479.9,9347
1784180940,2026-07-16T11:19:00,77481.64,77483.34,77438.58,77445.79,68060
1784181000,2026-07-16T11:20:00,77448.93,77501.31,77448.93,77497.02,40458
1784181060,2026-07-16T11:21:00,77497.53,77521.41,77494.33,77504.72,32892
1784181120,2026-07-16T11:22:00,77500.06,77515.95,77474.74,77474.74,16271
1784181180,2026-07-16T11:23:00,77472.01,77489.62,77448.15,77452.08,23757
1784181240,2026-07-16T11:24:00,77452.72,77482.0,77448.84,77475.74,13845
1784181300,2026-07-16T11:25:00,77475.04,77476.42,77449.32,77462.7,19991
1784181360,2026-07-16T11:26:00,77464.35,77464.88,77440.17,77454.23,18195
1784181420,2026-07-16T11:27:00,77452.59,77474.26,77452.37,77466.44,9294
1784181480,2026-07-16T11:28:00,77467.21,77470.44,77428.35,77457.9,33816
1784181540,2026-07-16T11:29:00,77455.81,77463.34,77411.82,77443.01,68324
1784181600,2026-07-16T11:30:00,77431.71,77470.64,77430.38,77447.57,104097
1784181660,2026-07-16T11:31:00,77445.2,77456.14,77421.26,77456.14,178666
1784181720,2026-07-16T11:32:00,77458.14,77521.67,77458.02,77497.76,272699
1784181780,2026-07-16T11:33:00,77500.98,77512.51,77449.17,77458.79,78651
1784181840,2026-07-16T11:34:00,77462.17,77481.63,77458.73,77466.05,21532
1784181900,2026-07-16T11:35:00,77464.67,77507.89,77464.67,77500.7,38259
1784181960,2026-07-16T11:36:00,77498.32,77498.32,77463.12,77463.73,20206
1784182020,2026-07-16T11:37:00,77464.66,77476.32,77449.02,77449.02,80877
1784182080,2026-07-16T11:38:00,77447.27,77509.02,77443.17,77504.96,41335
1784182140,2026-07-16T11:39:00,77506.37,77512.61,77497.82,77509.07,22815
1784182200,2026-07-16T11:40:00,77506.7,77533.62,77499.56,77511.33,26720
1784182260,2026-07-16T11:41:00,77511.14,77539.69,77506.17,77530.0,11618
1784182320,2026-07-16T11:42:00,77528.15,77528.37,77467.55,77468.99,171466
1784182380,2026-07-16T11:43:00,77469.2,77485.02,77458.85,77458.85,20249
1784182440,2026-07-16T11:44:00,77449.32,77467.68,77436.93,77458.8,85356
1784182500,2026-07-16T11:45:00,77478.69,77517.09,77453.27,77453.27,207460
1784182560,2026-07-16T11:46:00,77455.99,77471.62,77440.11,77467.66,94609
1784182620,2026-07-16T11:47:00,77468.45,77479.25,77459.04,77473.0,33712
1784182680,2026-07-16T11:48:00,77472.28,77476.3,77455.36,77455.36,66063
1784182740,2026-07-16T11:49:00,77456.87,77471.7,77454.38,77463.77,17199
1784182800,2026-07-16T11:50:00,77463.38,77474.71,77430.77,77452.95,35344
1784182860,2026-07-16T11:51:00,77452.43,77473.87,77430.71,77473.87,29556
1784182920,2026-07-16T11:52:00,77475.65,77477.72,77458.89,77470.04,35439
1784182980,2026-07-16T11:53:00,77470.06,77476.75,77458.35,77464.66,42844
1784183040,2026-07-16T11:54:00,77464.66,77478.57,77450.17,77478.57,1593879
1784183100,2026-07-16T11:55:00,77478.57,77478.57,77455.39,77459.2,21668
1784183160,2026-07-16T11:56:00,77459.12,77468.2,77458.08,77467.08,11950
1784183220,2026-07-16T11:57:00,77470.99,77482.23,77463.98,77480.87,16157
1784183280,2026-07-16T11:58:00,77481.28,77481.28,77464.06,77466.55,24896
1784183340,2026-07-16T11:59:00,77467.15,77484.23,77463.2,77478.88,18815
1784183400,2026-07-16T12:00:00,77474.95,77480.93,77473.16,77476.34,55161
1784183460,2026-07-16T12:01:00,77476.19,77476.19,77448.78,77454.1,21162
1784183520,2026-07-16T12:02:00,77454.1,77458.27,77442.67,77449.02,16047
1784183580,2026-07-16T12:03:00,77449.02,77453.94,77420.79,77423.35,16396
1784183640,2026-07-16T12:04:00,77423.35,77423.35,77397.07,77413.06,25345
1784183700,2026-07-16T12:05:00,77417.29,77447.18,77410.4,77447.18,16132
1784183760,2026-07-16T12:06:00,77447.95,77449.55,77437.76,77438.7,23862
1784183820,2026-07-16T12:07:00,77437.07,77444.98,77405.32,77442.76,131856
1784183880,2026-07-16T12:08:00,77442.1,77456.9,77430.58,77455.12,81486
1784183940,2026-07-16T12:09:00,77461.88,77462.9,77411.15,77429.02,118656
1784184000,2026-07-16T12:10:00,77429.01,77433.8,77416.34,77428.75,39696
1784184060,2026-07-16T12:11:00,77430.23,77444.8,77429.28,77436.04,11341
1784184120,2026-07-16T12:12:00,77431.14,77441.8,77430.69,77433.36,14208
1784184180,2026-07-16T12:13:00,77433.36,77433.36,77415.84,77424.5,12405
1784184240,2026-07-16T12:14:00,77424.77,77424.77,77386.08,77396.52,31032
1784184300,2026-07-16T12:15:00,77397.86,77403.92,77387.66,77395.82,45889
1784184360,2026-07-16T12:16:00,77399.65,77424.54,77394.3,77419.17,175418
1784184420,2026-07-16T12:17:00,77419.36,77440.81,77415.16,77418.64,43114
1784184480,2026-07-16T12:18:00,77423.49,77423.49,77407.13,77415.47,66730
1784184540,2026-07-16T12:19:00,77418.04,77442.63,77410.56,77442.59,304940
1784184600,2026-07-16T12:20:00,77441.38,77441.38,77425.45,77431.4,16655
1784184660,2026-07-16T12:21:00,77431.4,77437.96,77424.02,77432.44,12085
1784184720,2026-07-16T12:22:00,77432.44,77435.42,77409.8,77416.71,24134
1784184780,2026-07-16T12:23:00,77417.55,77424.03,77405.5,77413.74,103263
1784184840,2026-07-16T12:24:00,77417.59,77427.71,77409.39,77427.71,24785
1784184900,2026-07-16T12:25:00,77430.03,77450.02,77424.84,77444.86,44284
1784184960,2026-07-16T12:26:00,77444.08,77474.5,77443.53,77473.81,12423
1784185020,2026-07-16T12:27:00,77474.45,77475.63,77457.46,77462.6,25622
1784185080,2026-07-16T12:28:00,77465.81,77502.75,77465.81,77496.18,42688
1784185140,2026-07-16T12:29:00,77498.78,77512.68,77488.43,77510.16,13966
1784185200,2026-07-16T12:30:00,77510.16,77510.55,77486.84,77491.67,8648
1784185260,2026-07-16T12:31:00,77491.69,77495.3,77485.48,77487.9,5233
1784185320,2026-07-16T12:32:00,77487.9,77487.9,77478.59,77479.6,4971
1784185380,2026-07-16T12:33:00,77478.31,77479.56,77459.68,77460.34,9882
1784185440,2026-07-16T12:34:00,77460.98,77463.99,77455.14,77463.99,20278
1784185500,2026-07-16T12:35:00,77465.02,77471.01,77426.55,77436.29,12412
1784185560,2026-07-16T12:36:00,77434.71,77475.04,77434.71,77445.74,22122
1784185620,2026-07-16T12:37:00,77444.42,77451.31,77432.75,77448.85,19723
1784185680,2026-07-16T12:38:00,77447.45,77449.86,77428.71,77434.16,18237
1784185740,2026-07-16T12:39:00,77432.5,77443.95,77422.44,77441.64,22910
1784185800,2026-07-16T12:40:00,77442.87,77465.88,77441.47,77464.06,31627
1784185860,2026-07-16T12:41:00,77463.79,77464.43,77438.63,77450.44,29176
1784185920,2026-07-16T12:42:00,77448.46,77448.46,77403.26,77415.2,29970
1784185980,2026-07-16T12:43:00,77413.92,77418.97,77398.17,77406.98,19386
1784186040,2026-07-16T12:44:00,77407.86,77408.27,77377.98,77397.07,44981
1784186100,2026-07-16T12:45:00,77397.17,77442.62,77397.17,77432.18,18622
1784186160,2026-07-16T12:46:00,77428.43,77435.67,77419.43,77435.67,35251
1784186220,2026-07-16T12:47:00,77433.8,77433.8,77393.45,77415.49,42067
1784186280,2026-07-16T12:48:00,77414.69,77436.86,77407.83,77434.57,30295
1784186340,2026-07-16T12:49:00,77433.03,77434.69,77422.22,77425.84,20852
1784186400,2026-07-16T12:50:00,77425.1,77435.63,77415.58,77428.58,21495
1784186460,2026-07-16T12:51:00,77427.02,77427.83,77408.29,77415.3,8458
1784186520,2026-07-16T12:52:00,77417.25,77433.98,77403.05,77403.05,12411
1784186580,2026-07-16T12:53:00,77400.59,77400.59,77367.35,77380.69,96891
1784186640,2026-07-16T12:54:00,77378.9,77418.58,77378.9,77412.41,68329
1784186700,2026-07-16T12:55:00,77412.46,77412.46,77391.43,77398.28,13083
1784186760,2026-07-16T12:56:00,77396.04,77396.04,77368.75,77383.47,16379
1784186820,2026-07-16T12:57:00,77387.1,77414.47,77384.68,77396.78,19443
1784186880,2026-07-16T12:58:00,77398.99,77413.97,77395.96,77399.88,10811
1784186940,2026-07-16T12:59:00,77399.5,77404.11,77392.94,77395.59,12422
1784187000,2026-07-16T13:00:00,77395.59,77395.59,77327.19,77330.36,42460
1784187060,2026-07-16T13:01:00,77326.49,77397.28,77326.49,77397.28,25175
1784187120,2026-07-16T13:02:00,77398.43,77400.86,77363.95,77369.09,18976
1784187180,2026-07-16T13:03:00,77373.25,77376.25,77356.42,77363.63,14536
1784187240,2026-07-16T13:04:00,77364.49,77413.48,77364.01,77413.48,18616
1784187300,2026-07-16T13:05:00,77413.38,77414.98,77362.18,77386.71,41481
1784187360,2026-07-16T13:06:00,77391.48,77412.13,77385.72,77397.76,24788
1784187420,2026-07-16T13:07:00,77397.43,77405.84,77364.82,77388.07,14520
1784187480,2026-07-16T13:08:00,77388.27,77401.47,77386.37,77399.48,10356
1784187540,2026-07-16T13:09:00,77397.81,77410.86,77396.97,77401.35,9282
1784187600,2026-07-16T13:10:00,77403.75,77414.27,77374.16,77375.28,23426
1784187660,2026-07-16T13:11:00,77375.88,77380.75,77368.67,77379.94,7131
1784187720,2026-07-16T13:12:00,77379.13,77391.56,77378.78,77390.86,12067
1784187780,2026-07-16T13:13:00,77390.86,77406.47,77387.63,77395.19,16648
1784187840,2026-07-16T13:14:00,77394.55,77405.11,77387.44,77387.44,15794
1784187900,2026-07-16T13:15:00,77382.01,77382.85,77337.51,77349.31,46516
1784187960,2026-07-16T13:16:00,77353.01,77382.63,77346.51,77369.49,45134
1784188020,2026-07-16T13:17:00,77369.49,77375.71,77329.05,77332.01,48936
1784188080,2026-07-16T13:18:00,77328.33,77393.68,77327.39,77384.52,52970
1784188140,2026-07-16T13:19:00,77379.2,77381.34,77369.51,77378.49,12512
1784188200,2026-07-16T13:20:00,77374.86,77383.41,77370.62,77381.59,10141
1784188260,2026-07-16T13:21:00,77381.59,77391.23,77377.62,77391.23,12999
1784188320,2026-07-16T13:22:00,77391.77,77393.57,77365.08,77365.08,19043
1784188380,2026-07-16T13:23:00,77365.08,77365.08,77354.44,77356.49,17561
1784188440,2026-07-16T13:24:00,77356.49,77372.87,77355.8,77371.33,26558
1784188500,2026-07-16T13:25:00,77370.45,77371.17,77345.01,77352.93,15321
1784188560,2026-07-16T13:26:00,77353.94,77353.94,77336.74,77339.25,13758
1784188620,2026-07-16T13:27:00,77339.37,77359.1,77338.03,77355.23,18318
1784188680,2026-07-16T13:28:00,77354.5,77360.35,77330.96,77330.96,20660
1784188740,2026-07-16T13:29:00,77330.37,77354.42,77317.22,77354.08,34465
1784188800,2026-07-16T13:30:00,77350.72,77356.08,77271.66,77293.94,464136
1784188860,2026-07-16T13:31:00,77277.54,77282.22,77249.25,77275.2,70770
1784188920,2026-07-16T13:32:00,77276.85,77294.83,77261.41,77262.96,31216
1784188980,2026-07-16T13:33:00,77264.83,77290.92,77260.28,77290.92,41644
1784189040,2026-07-16T13:34:00,77291.43,77306.99,77279.88,77279.88,20899
1784189100,2026-07-16T13:35:00,77278.31,77285.42,77264.91,77285.08,17987
1784189160,2026-07-16T13:36:00,77285.08,77287.98,77277.71,77280.47,15349
1784189220,2026-07-16T13:37:00,77277.21,77279.99,77225.8,77226.09,11870
1784189280,2026-07-16T13:38:00,77226.5,77230.74,77207.14,77207.14,14505
1784189340,2026-07-16T13:39:00,77207.76,77223.09,77204.97,77210.67,11628
1784189400,2026-07-16T13:40:00,77209.14,77211.73,77183.9,77200.48,29125
1784189460,2026-07-16T13:41:00,77200.88,77200.88,77167.97,77176.92,18471
1784189520,2026-07-16T13:42:00,77176.01,77203.32,77163.44,77165.68,35893
1784189580,2026-07-16T13:43:00,77166.42,77212.02,77165.69,77188.33,28872
1784189640,2026-07-16T13:44:00,77189.71,77192.14,77164.97,77185.97,23462
1784189700,2026-07-16T13:45:00,77178.51,77191.6,77151.31,77185.68,59893
1784189760,2026-07-16T13:46:00,77185.63,77216.22,77183.49,77194.29,73030
1784189820,2026-07-16T13:47:00,77194.29,77197.36,77180.54,77190.25,8035
1784189880,2026-07-16T13:48:00,77188.8,77195.86,77178.43,77189.98,7616
1784189940,2026-07-16T13:49:00,77189.98,77191.1,77175.45,77184.81,19762
1784190000,2026-07-16T13:50:00,77184.81,77208.04,77184.81,77204.07,13396
1784190060,2026-07-16T13:51:00,77204.87,77210.33,77192.1,77210.33,26455
1784190120,2026-07-16T13:52:00,77212.78,77237.51,77212.78,77231.99,16002
1784190180,2026-07-16T13:53:00,77232.63,77250.32,77229.38,77231.01,13961
1784190240,2026-07-16T13:54:00,77231.01,77238.58,77213.89,77214.39,27924
1784190300,2026-07-16T13:55:00,77212.42,77252.19,77211.14,77249.63,119235
1784190360,2026-07-16T13:56:00,77249.94,77310.65,77248.74,77294.69,102242
1784190420,2026-07-16T13:57:00,77286.92,77289.29,77273.59,77276.24,23165
1784190480,2026-07-16T13:58:00,77273.93,77281.87,77265.38,77273.91,13999
1784190540,2026-07-16T13:59:00,77273.61,77302.09,77271.17,77300.4,9010
1784190600,2026-07-16T14:00:00,77300.23,77311.0,77291.76,77310.16,20534
1784190660,2026-07-16T14:01:00,77309.82,77309.82,77275.37,77279.85,10776
1784190720,2026-07-16T14:02:00,77281.26,77304.32,77281.26,77298.32,13679
1784190780,2026-07-16T14:03:00,77298.91,77307.73,77288.3,77299.26,8305
1784190840,2026-07-16T14:04:00,77301.86,77312.56,77261.68,77268.0,13595
1784190900,2026-07-16T14:05:00,77267.59,77297.32,77267.59,77294.93,11676
1784190960,2026-07-16T14:06:00,77293.72,77330.18,77293.72,77317.41,24978
1784191020,2026-07-16T14:07:00,77318.02,77320.45,77282.52,77300.26,28848
1784191080,2026-07-16T14:08:00,77299.92,77303.22,77291.9,77296.6,9011
1784191140,2026-07-16T14:09:00,77295.41,77308.91,77282.82,77302.54,30715
1784191200,2026-07-16T14:10:00,77302.83,77303.05,77245.39,77260.44,35817
1784191260,2026-07-16T14:11:00,77262.57,77284.16,77262.57,77284.16,11199
1784191320,2026-07-16T14:12:00,77287.46,77314.42,77286.1,77296.87,21734
1784191380,2026-07-16T14:13:00,77296.97,77333.51,77290.27,77325.55,11147
1784191440,2026-07-16T14:14:00,77325.94,77326.15,77280.42,77315.81,7109
1784191500,2026-07-16T14:15:00,77316.08,77321.6,77258.71,77279.98,87139
1784191560,2026-07-16T14:16:00,77278.5,77334.33,77276.86,77329.96,15334
1784191620,2026-07-16T14:17:00,77333.59,77360.93,77294.73,77345.48,94686
1784191680,2026-07-16T14:18:00,77343.29,77361.17,77312.89,77346.75,9763
1784191740,2026-07-16T14:19:00,77346.68,77346.68,77308.23,77342.12,14168
1784191800,2026-07-16T14:20:00,77345.09,77351.82,77309.24,77336.98,46698
1784191860,2026-07-16T14:21:00,77335.97,77341.46,77229.7,77229.78,181398
1784191920,2026-07-16T14:22:00,77232.91,77334.65,77226.07,77307.75,602121
1784191980,2026-07-16T14:23:00,77310.25,77337.14,77285.22,77317.12,64068
1784192040,2026-07-16T14:24:00,77315.62,77315.62,77257.17,77297.07,342592
1784192100,2026-07-16T14:25:00,77294.51,77313.64,77285.13,77304.69,24943
1784192160,2026-07-16T14:26:00,77301.17,77305.47,77280.78,77281.76,8131
1784192220,2026-07-16T14:27:00,77281.48,77300.34,77245.29,77245.29,10566
1784192280,2026-07-16T14:28:00,77244.46,77287.82,77242.02,77285.7,7993
1784192340,2026-07-16T14:29:00,77286.85,77296.17,77245.13,77274.46,15358
1784192400,2026-07-16T14:30:00,77276.54,77327.77,77261.41,77327.77,34544
1784192460,2026-07-16T14:31:00,77327.25,77333.38,77278.56,77302.76,24242
1784192520,2026-07-16T14:32:00,77304.15,77337.17,77303.44,77320.66,31802
1784192580,2026-07-16T14:33:00,77321.89,77324.06,77299.95,77300.41,18653
1784192640,2026-07-16T14:34:00,77299.13,77333.14,77296.68,77310.62,10199
1784192700,2026-07-16T14:35:00,77307.36,77328.6,77293.23,77307.75,9737
1784192760,2026-07-16T14:36:00,77305.99,77316.34,77286.44,77290.14,22030
1784192820,2026-07-16T14:37:00,77287.19,77294.03,77247.67,77279.82,132673
1784192880,2026-07-16T14:38:00,77282.39,77287.32,77252.05,77286.11,15449
1784192940,2026-07-16T14:39:00,77287.61,77338.62,77263.58,77338.62,85019
1784193000,2026-07-16T14:40:00,77340.24,77340.24,77285.99,77290.57,45112
1784193060,2026-07-16T14:41:00,77291.18,77293.43,77254.98,77291.23,21973
1784193120,2026-07-16T14:42:00,77321.0,77331.43,77263.54,77331.43,46250
1784193180,2026-07-16T14:43:00,77329.4,77333.54,77300.26,77309.94,25998
1784193240,2026-07-16T14:44:00,77311.11,77343.91,77295.5,77295.5,25674
1784193300,2026-07-16T14:45:00,77295.63,77328.62,77291.24,77325.19,13064
1784193360,2026-07-16T14:46:00,77323.72,77323.72,77297.44,77306.15,8040
1784193420,2026-07-16T14:47:00,77306.55,77334.32,77298.88,77331.15,15929
1784193480,2026-07-16T14:48:00,77327.54,77329.75,77287.15,77289.17,10896
1784193540,2026-07-16T14:49:00,77287.62,77319.07,77278.28,77281.19,15648
1784193600,2026-07-16T14:50:00,77301.47,77320.66,77281.18,77285.71,21211
1784193660,2026-07-16T14:51:00,77285.92,77313.97,77285.92,77299.93,41028
1784193720,2026-07-16T14:52:00,77299.57,77301.65,77287.16,77293.25,7815
1784193780,2026-07-16T14:53:00,77293.06,77297.69,77287.98,77295.87,9283
1784193840,2026-07-16T14:54:00,77296.23,77306.96,77296.11,77300.88,12742
1784193900,2026-07-16T14:55:00,77300.88,77330.33,77296.88,77301.42,36426
1784193960,2026-07-16T14:56:00,77299.24,77351.95,77292.54,77351.5,93860
1784194020,2026-07-16T14:57:00,77336.16,77359.89,77308.59,77308.59,37449
1784194080,2026-07-16T14:58:00,77308.24,77366.83,77308.24,77366.82,24808
1784194140,2026-07-16T14:59:00,77368.84,77389.0,77318.66,77349.09,77403
1784194200,2026-07-16T15:00:00,77353.37,77420.79,77345.75,77351.99,79499
1784194260,2026-07-16T15:01:00,77351.02,77362.7,77298.5,77337.6,86721
1784194320,2026-07-16T15:02:00,77306.4,77331.23,77241.81,77242.01,82440
1784194380,2026-07-16T15:03:00,77240.41,77275.83,77230.36,77233.9,39915
1784194440,2026-07-16T15:04:00,77231.32,77235.63,77179.94,77207.1,43318
1784194500,2026-07-16T15:05:00,77210.59,77235.39,77182.86,77213.56,257271
1784194560,2026-07-16T15:06:00,77214.97,77278.14,77214.97,77217.54,268876
1784194620,2026-07-16T15:07:00,77219.15,77223.65,77181.51,77219.0,125142
1784194680,2026-07-16T15:08:00,77230.9,77259.21,77204.82,77220.56,84856
1784194740,2026-07-16T15:09:00,77224.28,77230.48,77199.51,77219.67,39122
1784194800,2026-07-16T15:10:00,77225.69,77244.59,77193.43,77226.49,52275
1784194860,2026-07-16T15:11:00,77224.02,77240.42,77195.09,77238.31,14000
1784194920,2026-07-16T15:12:00,77240.32,77240.32,77201.71,77208.25,17783
1784194980,2026-07-16T15:13:00,77206.99,77242.6,77204.3,77237.61,16506
1784195040,2026-07-16T15:14:00,77240.06,77240.94,77186.14,77200.51,35239
1784195100,2026-07-16T15:15:00,77200.64,77212.2,77200.04,77207.15,50897
1784195160,2026-07-16T15:16:00,77204.94,77215.63,77178.43,77207.51,33483
1784195220,2026-07-16T15:17:00,77213.42,77213.42,77174.52,77201.17,17617
1784195280,2026-07-16T15:18:00,77202.23,77205.66,77169.56,77201.65,30939
1784195340,2026-07-16T15:19:00,77201.0,77202.44,77168.69,77190.12,33082
1784195400,2026-07-16T15:20:00,77189.17,77193.55,77144.74,77147.31,52279
1784195460,2026-07-16T15:21:00,77146.26,77183.54,77143.34,77183.54,22868
1784195520,2026-07-16T15:22:00,77182.63,77190.78,77151.27,77185.42,97696
1784195580,2026-07-16T15:23:00,77190.87,77190.87,77168.08,77178.78,245457
1784195640,2026-07-16T15:24:00,77177.7,77182.78,77141.49,77157.3,594816
1784195700,2026-07-16T15:25:00,77154.02,77158.81,77086.42,77092.43,814214
1784195760,2026-07-16T15:26:00,77096.27,77176.17,77095.99,77168.81,242570
1784195820,2026-07-16T15:27:00,77174.82,77201.92,77169.26,77196.05,62419
1784195880,2026-07-16T15:28:00,77201.94,77325.74,77173.93,77311.22,412905
1784195940,2026-07-16T15:29:00,77318.67,77318.67,77247.72,77258.32,43684
1784259900,2026-07-17T09:15:00,77370.77,77503.93,77308.0,77494.4,190471
1784259960,2026-07-17T09:16:00,77492.03,77574.78,77492.03,77547.3,141244
1784260020,2026-07-17T09:17:00,77548.84,77596.63,77545.27,77579.33,118865
1784260080,2026-07-17T09:18:00,77580.75,77613.36,77571.57,77609.76,86241
1784260140,2026-07-17T09:19:00,77611.56,77651.56,77610.53,77623.77,84116
1784260200,2026-07-17T09:20:00,77617.8,77646.31,77617.8,77623.16,98286
1784260260,2026-07-17T09:21:00,77626.19,77637.22,77611.87,77632.99,66531
1784260320,2026-07-17T09:22:00,77632.48,77636.95,77604.81,77631.69,69817
1784260380,2026-07-17T09:23:00,77632.41,77638.87,77613.64,77628.86,55735
1784260440,2026-07-17T09:24:00,77632.06,77658.84,77618.44,77658.28,78587
1784260500,2026-07-17T09:25:00,77658.12,77675.97,77652.1,77666.27,51639
1784260560,2026-07-17T09:26:00,77665.2,77679.96,77649.56,77649.56,50544
1784260620,2026-07-17T09:27:00,77653.34,77669.41,77639.5,77660.82,84749
1784260680,2026-07-17T09:28:00,77664.86,77690.23,77652.07,77682.57,46009
1784260740,2026-07-17T09:29:00,77678.09,77698.74,77669.14,77698.74,38404
1784260800,2026-07-17T09:30:00,77705.4,77718.28,77673.89,77673.89,70006
1784260860,2026-07-17T09:31:00,77677.99,77677.99,77647.99,77653.51,53611
1784260920,2026-07-17T09:32:00,77653.76,77678.5,77640.71,77673.79,38102
1784260980,2026-07-17T09:33:00,77673.65,77702.96,77669.77,77687.48,36204
1784261040,2026-07-17T09:34:00,77688.47,77713.19,77678.91,77679.58,31907
1784261100,2026-07-17T09:35:00,77683.19,77699.97,77677.43,77692.45,35695
1784261160,2026-07-17T09:36:00,77694.11,77702.52,77680.83,77698.15,28973
1784261220,2026-07-17T09:37:00,77694.44,77724.63,77692.16,77720.55,90421
1784261280,2026-07-17T09:38:00,77719.72,77753.04,77719.72,77748.95,31202
1784261340,2026-07-17T09:39:00,77750.84,77761.73,77732.27,77733.33,27657
1784261400,2026-07-17T09:40:00,77733.19,77756.07,77723.26,77751.55,33920
1784261460,2026-07-17T09:41:00,77755.64,77760.53,77737.39,77741.03,42842
1784261520,2026-07-17T09:42:00,77740.86,77759.33,77739.81,77754.14,41883
1784261580,2026-07-17T09:43:00,77754.18,77772.63,77750.43,77750.43,54138
1784261640,2026-07-17T09:44:00,77750.48,77774.45,77750.1,77772.62,44742
1784261700,2026-07-17T09:45:00,77770.99,77812.33,77765.0,77780.84,40585
1784261760,2026-07-17T09:46:00,77785.94,77814.81,77781.55,77807.62,43753
1784261820,2026-07-17T09:47:00,77811.11,77828.89,77799.65,77805.13,51572
1784261880,2026-07-17T09:48:00,77801.08,77824.78,77798.54,77813.7,51926
1784261940,2026-07-17T09:49:00,77814.37,77815.24,77792.6,77803.6,38543
1784262000,2026-07-17T09:50:00,77798.02,77821.92,77796.06,77818.73,41122
1784262060,2026-07-17T09:51:00,77816.17,77819.02,77777.09,77777.09,30407
1784262120,2026-07-17T09:52:00,77777.35,77789.9,77772.6,77782.86,28894
1784262180,2026-07-17T09:53:00,77783.4,77796.48,77773.3,77788.55,42195
1784262240,2026-07-17T09:54:00,77792.41,77821.38,77787.74,77813.47,49662
1784262300,2026-07-17T09:55:00,77814.35,77816.17,77784.39,77787.14,59686
1784262360,2026-07-17T09:56:00,77787.48,77790.24,77760.16,77764.99,32609
1784262420,2026-07-17T09:57:00,77763.89,77771.65,77740.31,77744.58,38149
1784262480,2026-07-17T09:58:00,77743.75,77770.53,77742.89,77769.43,48760
1784262540,2026-07-17T09:59:00,77770.25,77783.51,77768.57,77779.1,24077
1784262600,2026-07-17T10:00:00,77779.29,77794.32,77760.03,77765.51,163179
1784262660,2026-07-17T10:01:00,77765.51,77777.18,77744.93,77744.93,35749
1784262720,2026-07-17T10:02:00,77743.67,77758.27,77735.33,77749.47,22914
1784262780,2026-07-17T10:03:00,77739.42,77755.09,77723.9,77726.72,48188
1784262840,2026-07-17T10:04:00,77731.3,77742.75,77719.11,77730.49,22136
1784262900,2026-07-17T10:05:00,77728.44,77754.17,77718.63,77751.62,21927
1784262960,2026-07-17T10:06:00,77751.36,77771.16,77748.41,77766.99,27375
1784263020,2026-07-17T10:07:00,77764.37,77769.64,77756.3,77761.58,24125
1784263080,2026-07-17T10:08:00,77761.58,77769.27,77752.12,77767.83,22307
1784263140,2026-07-17T10:09:00,77765.22,77790.77,77759.36,77788.6,16511
1784263200,2026-07-17T10:10:00,77787.6,77790.77,77773.96,77775.99,28129
1784263260,2026-07-17T10:11:00,77777.87,77793.98,77777.87,77790.43,16748
1784263320,2026-07-17T10:12:00,77788.22,77816.6,77788.22,77816.6,24092
1784263380,2026-07-17T10:13:00,77816.25,77839.88,77815.57,77827.76,20639
1784263440,2026-07-17T10:14:00,77830.6,77834.45,77808.4,77812.21,16842
1784263500,2026-07-17T10:15:00,77815.23,77840.6,77804.44,77839.9,40148
1784263560,2026-07-17T10:16:00,77838.55,77849.22,77831.74,77847.29,30595
1784263620,2026-07-17T10:17:00,77849.36,77868.14,77843.67,77864.22,26096
1784263680,2026-07-17T10:18:00,77864.51,77935.62,77860.47,77935.62,55862
1784263740,2026-07-17T10:19:00,77937.0,77945.37,77921.19,77921.95,18640
1784263800,2026-07-17T10:20:00,77922.54,77933.63,77904.39,77907.12,24547
1784263860,2026-07-17T10:21:00,77905.55,77915.32,77898.28,77905.65,111723
1784263920,2026-07-17T10:22:00,77905.87,77913.83,77897.2,77900.46,15220
1784263980,2026-07-17T10:23:00,77900.87,77902.29,77873.09,77873.09,19581
1784264040,2026-07-17T10:24:00,77873.23,77881.99,77855.02,77871.73,21123
1784264100,2026-07-17T10:25:00,77872.08,77894.76,77861.46,77894.61,15609
1784264160,2026-07-17T10:26:00,77885.78,77906.41,77875.88,77900.87,23153
1784264220,2026-07-17T10:27:00,77896.04,77918.76,77888.43,77912.18,69563
1784264280,2026-07-17T10:28:00,77907.03,77941.75,77907.03,77941.75,297317
1784264340,2026-07-17T10:29:00,77942.94,77954.29,77929.05,77954.29,36437
1784264400,2026-07-17T10:30:00,77954.29,77956.58,77939.15,77945.81,23532
1784264460,2026-07-17T10:31:00,77948.93,77963.3,77947.29,77958.57,22617
1784264520,2026-07-17T10:32:00,77957.74,77989.44,77957.55,77970.24,541406
1784264580,2026-07-17T10:33:00,77967.23,77968.06,77938.65,77949.34,10997
1784264640,2026-07-17T10:34:00,77948.99,77976.72,77948.99,77970.82,24490
1784264700,2026-07-17T10:35:00,77964.49,77973.76,77935.21,77940.01,31308
1784264760,2026-07-17T10:36:00,77941.18,77943.21,77921.74,77929.55,21455
1784264820,2026-07-17T10:37:00,77936.07,77941.98,77919.68,77919.68,26892
1784264880,2026-07-17T10:38:00,77919.68,77919.8,77904.04,77915.28,28358
1784264940,2026-07-17T10:39:00,77914.68,77921.8,77907.98,77914.79,138798
1784265000,2026-07-17T10:40:00,77914.75,77918.07,77906.13,77917.94,16120
1784265060,2026-07-17T10:41:00,77920.3,77927.99,77913.86,77924.7,19361
1784265120,2026-07-17T10:42:00,77924.35,77939.18,77919.27,77933.31,16253
1784265180,2026-07-17T10:43:00,77928.17,77930.95,77878.57,77878.57,17221
1784265240,2026-07-17T10:44:00,77883.42,77893.09,77873.09,77886.93,16263
1784265300,2026-07-17T10:45:00,77888.89,77903.03,77874.88,77886.52,14459
1784265360,2026-07-17T10:46:00,77877.09,77878.92,77867.23,77870.76,7125
1784265420,2026-07-17T10:47:00,77870.71,77889.84,77864.32,77889.84,7959
1784265480,2026-07-17T10:48:00,77889.65,77889.65,77871.1,77882.83,15772
1784265540,2026-07-17T10:49:00,77883.9,77884.36,77863.48,77868.02,12096
1784265600,2026-07-17T10:50:00,77870.29,77880.66,77864.55,77877.25,9516
1784265660,2026-07-17T10:51:00,77881.78,77883.59,77861.63,77868.62,8022
1784265720,2026-07-17T10:52:00,77870.25,77881.28,77862.35,77881.28,9193
1784265780,2026-07-17T10:53:00,77881.28,77898.62,77877.51,77892.55,11633
1784265840,2026-07-17T10:54:00,77889.34,77903.32,77874.73,77886.48,11759
1784265900,2026-07-17T10:55:00,77886.64,77896.5,77880.84,77895.32,206854
1784265960,2026-07-17T10:56:00,77894.96,77917.3,77889.53,77896.81,13165
1784266020,2026-07-17T10:57:00,77898.5,77905.62,77886.52,77899.3,35765
1784266080,2026-07-17T10:58:00,77896.2,77912.58,77895.2,77910.03,9325
1784266140,2026-07-17T10:59:00,77908.71,77909.83,77893.85,77908.79,10036
1784266200,2026-07-17T11:00:00,77908.75,77920.74,77895.25,77915.27,25824
1784266260,2026-07-17T11:01:00,77917.18,77919.92,77905.12,77906.29,41740
1784266320,2026-07-17T11:02:00,77906.29,77907.18,77876.46,77880.46,21638
1784266380,2026-07-17T11:03:00,77882.85,77899.31,77882.85,77887.52,30908
1784266440,2026-07-17T11:04:00,77887.4,77907.99,77874.31,77895.61,10848
1784266500,2026-07-17T11:05:00,77896.15,77922.62,77891.28,77920.13,27698
1784266560,2026-07-17T11:06:00,77915.15,77921.96,77905.62,77918.38,30616
1784266620,2026-07-17T11:07:00,77917.96,77918.58,77882.84,77882.84,13935
1784266680,2026-07-17T11:08:00,77883.5,77884.37,77828.42,77829.56,12745
1784266740,2026-07-17T11:09:00,77832.37,77859.75,77832.21,77852.31,10756
1784266800,2026-07-17T11:10:00,77851.86,77861.62,77842.88,77842.88,17750
1784266860,2026-07-17T11:11:00,77843.18,77863.35,77839.91,77855.38,17840
1784266920,2026-07-17T11:12:00,77855.1,77857.77,77848.2,77857.44,17185
1784266980,2026-07-17T11:13:00,77855.51,77859.42,77846.17,77846.17,25052
1784267040,2026-07-17T11:14:00,77848.0,77849.31,77835.32,77841.32,24038
1784267100,2026-07-17T11:15:00,77841.19,77846.14,77833.95,77839.25,34801
1784267160,2026-07-17T11:16:00,77837.43,77842.56,77821.81,77837.14,27476
1784267220,2026-07-17T11:17:00,77841.56,77852.34,77835.73,77848.87,26458
1784267280,2026-07-17T11:18:00,77847.93,77851.56,77837.25,77843.08,9843
1784267340,2026-07-17T11:19:00,77840.33,77867.28,77840.33,77865.56,617647
1784267400,2026-07-17T11:20:00,77863.89,77875.16,77863.11,77867.14,24759
1784267460,2026-07-17T11:21:00,77862.52,77874.1,77854.71,77866.79,52779
1784267520,2026-07-17T11:22:00,77868.55,77895.4,77868.55,77881.0,25366
1784267580,2026-07-17T11:23:00,77884.39,77888.76,77847.41,77857.99,14006
1784267640,2026-07-17T11:24:00,77859.74,77882.03,77843.52,77877.64,14626
1784267700,2026-07-17T11:25:00,77875.22,77885.71,77857.36,77868.31,16274
1784267760,2026-07-17T11:26:00,77869.6,77869.6,77852.01,77868.85,14541
1784267820,2026-07-17T11:27:00,77871.35,77879.17,77864.71,77867.75,11833
1784267880,2026-07-17T11:28:00,77868.06,77878.52,77861.21,77874.68,7195
1784267940,2026-07-17T11:29:00,77880.18,77896.37,77875.66,77881.18,21778
1784268000,2026-07-17T11:30:00,77882.35,77890.14,77872.86,77872.86,15468
1784268060,2026-07-17T11:31:00,77873.03,77890.86,77869.52,77883.62,19359
1784268120,2026-07-17T11:32:00,77884.51,77887.22,77872.17,77880.83,10742
1784268180,2026-07-17T11:33:00,77883.16,77890.94,77870.33,77890.61,34189
1784268240,2026-07-17T11:34:00,77889.19,77910.9,77883.76,77907.12,22594
1784268300,2026-07-17T11:35:00,77906.85,77923.89,77903.91,77923.63,30933
1784268360,2026-07-17T11:36:00,77923.44,77929.91,77900.67,77908.49,25533
1784268420,2026-07-17T11:37:00,77906.37,77912.76,77887.56,77888.99,12372
1784268480,2026-07-17T11:38:00,77887.82,77896.06,77881.21,77894.12,13391
1784268540,2026-07-17T11:39:00,77896.75,77915.57,77887.77,77915.57,13950
1784268600,2026-07-17T11:40:00,77916.05,77926.22,77911.08,77925.87,17500
1784268660,2026-07-17T11:41:00,77925.52,77938.73,77925.52,77937.12,10786
1784268720,2026-07-17T11:42:00,77935.61,77949.13,77927.68,77942.56,14914
1784268780,2026-07-17T11:43:00,77944.57,77945.0,77935.72,77943.3,9516
1784268840,2026-07-17T11:44:00,77944.93,77961.21,77940.55,77954.0,198763
1784268900,2026-07-17T11:45:00,77954.23,77974.35,77948.29,77973.62,195584
1784268960,2026-07-17T11:46:00,77972.22,77972.62,77947.75,77951.4,17029
1784269020,2026-07-17T11:47:00,77951.88,77958.11,77946.36,77952.12,6744
1784269080,2026-07-17T11:48:00,77952.33,77965.19,77950.21,77956.89,18532
1784269140,2026-07-17T11:49:00,77956.08,77969.12,77952.45,77959.51,16507
1784269200,2026-07-17T11:50:00,77962.86,77970.61,77955.77,77968.41,24977
1784269260,2026-07-17T11:51:00,77963.41,77980.04,77960.58,77966.9,9342
1784269320,2026-07-17T11:52:00,77965.84,77983.46,77965.84,77976.38,10669
1784269380,2026-07-17T11:53:00,77975.39,77996.46,77974.09,77985.91,19426
1784269440,2026-07-17T11:54:00,77985.65,78013.49,77985.65,78005.34,23570
1784269500,2026-07-17T11:55:00,78005.75,78006.7,77990.81,77993.38,10512
1784269560,2026-07-17T11:56:00,77995.3,77996.58,77980.38,77995.78,19542
1784269620,2026-07-17T11:57:00,77995.91,78012.4,77994.68,78003.92,13924
1784269680,2026-07-17T11:58:00,78004.4,78009.84,77982.67,77989.45,7784
1784269740,2026-07-17T11:59:00,77989.66,77992.36,77975.39,77989.6,14043
1784269800,2026-07-17T12:00:00,77989.61,78000.32,77978.28,77980.06,17293
1784269860,2026-07-17T12:01:00,77979.12,77983.57,77957.41,77958.59,11829
1784269920,2026-07-17T12:02:00,77957.19,77972.51,77956.52,77960.8,16433
1784269980,2026-07-17T12:03:00,77962.64,77990.27,77957.28,77984.82,9327
1784270040,2026-07-17T12:04:00,77984.59,78000.55,77982.01,77985.63,17004
1784270100,2026-07-17T12:05:00,77979.96,77988.57,77975.91,77987.39,15699
1784270160,2026-07-17T12:06:00,77988.59,77988.59,77947.5,77962.09,19882
1784270220,2026-07-17T12:07:00,77956.57,77965.33,77942.11,77942.11,20332
1784270280,2026-07-17T12:08:00,77951.69,77961.3,77944.89,77956.72,128808
1784270340,2026-07-17T12:09:00,77957.65,77980.98,77954.69,77980.76,14103
1784270400,2026-07-17T12:10:00,77979.48,77997.75,77972.72,77992.54,16103
1784270460,2026-07-17T12:11:00,77990.34,77992.31,77973.5,77973.5,13766
1784270520,2026-07-17T12:12:00,77975.02,77988.49,77967.26,77987.67,22434
1784270580,2026-07-17T12:13:00,77987.61,77997.62,77975.09,77978.88,16589
1784270640,2026-07-17T12:14:00,77976.2,77993.13,77969.73,77993.13,15742
1784270700,2026-07-17T12:15:00,77993.13,78003.98,77991.83,77998.5,12612
1784270760,2026-07-17T12:16:00,78002.98,78010.24,77979.22,77985.47,11616
1784270820,2026-07-17T12:17:00,77985.47,77989.66,77960.6,77978.02,14685
1784270880,2026-07-17T12:18:00,77980.61,77989.98,77970.68,77983.21,11656
1784270940,2026-07-17T12:19:00,77985.0,77997.2,77982.67,77992.25,12127
1784271000,2026-07-17T12:20:00,77988.09,78019.61,77988.09,78013.67,15561
1784271060,2026-07-17T12:21:00,78013.67,78014.79,77996.13,78005.49,23970
1784271120,2026-07-17T12:22:00,78003.67,78005.24,77966.47,77974.45,10710
1784271180,2026-07-17T12:23:00,77974.53,78007.63,77974.45,78006.26,9398
1784271240,2026-07-17T12:24:00,78005.86,78014.06,77998.7,78006.79,21400
1784271300,2026-07-17T12:25:00,78005.39,78024.73,78005.39,78014.02,13443
1784271360,2026-07-17T12:26:00,78007.8,78018.16,78001.87,78002.96,17989
1784271420,2026-07-17T12:27:00,77999.11,78009.74,77992.47,77998.0,22250
1784271480,2026-07-17T12:28:00,77991.57,78008.38,77991.57,78003.58,49432
1784271540,2026-07-17T12:29:00,78002.27,78005.33,77989.19,77991.59,14731
1784271600,2026-07-17T12:30:00,77991.72,77996.34,77971.73,77980.36,10180
1784271660,2026-07-17T12:31:00,77981.1,78000.79,77977.81,77998.68,322798
1784271720,2026-07-17T12:32:00,77995.22,77999.72,77977.56,77977.56,11693
1784271780,2026-07-17T12:33:00,77980.33,77999.54,77980.33,77993.08,15080
1784271840,2026-07-17T12:34:00,77994.51,78011.41,77994.51,78008.32,12968
1784271900,2026-07-17T12:35:00,78010.44,78015.96,77998.95,77998.95,21659
1784271960,2026-07-17T12:36:00,77999.33,78022.19,77998.24,78004.57,12586
1784272020,2026-07-17T12:37:00,78003.94,78004.47,77991.24,77995.49,8387
1784272080,2026-07-17T12:38:00,77995.28,77995.37,77977.13,77985.76,27859
1784272140,2026-07-17T12:39:00,77987.54,77991.12,77971.51,77981.43,36092
1784272200,2026-07-17T12:40:00,77979.51,77980.21,77955.64,77956.71,30927
1784272260,2026-07-17T12:41:00,77955.79,77961.47,77944.61,77954.91,16379
1784272320,2026-07-17T12:42:00,77954.67,77991.01,77952.76,77985.37,27881
1784272380,2026-07-17T12:43:00,77986.08,77994.53,77972.52,77973.13,227241
1784272440,2026-07-17T12:44:00,77971.76,77987.12,77971.76,77981.05,21729
1784272500,2026-07-17T12:45:00,77984.21,78012.5,77981.83,78005.59,18788
1784272560,2026-07-17T12:46:00,78006.23,78016.75,77999.71,78005.24,24126
1784272620,2026-07-17T12:47:00,78005.59,78016.97,77998.12,78009.88,19413
1784272680,2026-07-17T12:48:00,78008.58,78021.31,78002.65,78018.02,18895
1784272740,2026-07-17T12:49:00,78018.88,78044.6,78015.44,78036.91,37697
1784272800,2026-07-17T12:50:00,78032.42,78032.42,77999.6,78010.65,16656
1784272860,2026-07-17T12:51:00,78001.58,78001.58,77985.87,77994.28,6544
1784272920,2026-07-17T12:52:00,77994.63,77996.55,77980.85,77986.78,216113
1784272980,2026-07-17T12:53:00,77988.03,77988.03,77963.33,77969.45,23701
1784273040,2026-07-17T12:54:00,77969.33,77975.95,77955.27,77966.26,25778
1784273100,2026-07-17T12:55:00,77967.92,77979.27,77961.46,77962.63,14045
1784273160,2026-07-17T12:56:00,77962.27,77973.59,77950.96,77961.13,6965
1784273220,2026-07-17T12:57:00,77963.47,78004.21,77960.37,77992.11,14678
1784273280,2026-07-17T12:58:00,77992.81,78002.54,77987.92,77987.92,18173
1784273340,2026-07-17T12:59:00,77988.44,78008.99,77988.44,78005.21,32782
1784273400,2026-07-17T13:00:00,78004.53,78006.9,77989.98,77990.03,8858
1784273460,2026-07-17T13:01:00,77990.52,78006.57,77988.97,77999.46,6818
1784273520,2026-07-17T13:02:00,77999.87,78004.92,77989.76,77990.2,13805
1784273580,2026-07-17T13:03:00,77991.73,77994.64,77977.93,77990.72,31169
1784273640,2026-07-17T13:04:00,77991.16,78004.61,77989.26,77994.48,23487
1784273700,2026-07-17T13:05:00,77992.79,78001.48,77986.04,77993.52,7993
1784273760,2026-07-17T13:06:00,77992.32,77998.45,77988.45,77996.73,10407
1784273820,2026-07-17T13:07:00,77996.41,78004.22,77977.22,77979.86,11925
1784273880,2026-07-17T13:08:00,77979.86,77990.25,77972.72,77980.64,12211
1784273940,2026-07-17T13:09:00,77982.97,77993.34,77980.24,77985.89,9414
1784274000,2026-07-17T13:10:00,77985.52,77989.04,77976.86,77982.06,5929
1784274060,2026-07-17T13:11:00,77981.93,77998.78,77981.93,77992.73,46176
1784274120,2026-07-17T13:12:00,77990.68,77998.64,77988.11,77989.04,8520
1784274180,2026-07-17T13:13:00,77989.04,77991.28,77982.62,77985.82,10328
1784274240,2026-07-17T13:14:00,77985.34,78002.56,77980.97,78000.5,16550
1784274300,2026-07-17T13:15:00,78000.9,78000.9,77970.98,77976.02,12598
1784274360,2026-07-17T13:16:00,77972.84,77975.22,77961.13,77966.59,4462
1784274420,2026-07-17T13:17:00,77966.59,77982.3,77965.44,77980.67,36989
1784274480,2026-07-17T13:18:00,77980.67,77983.78,77973.66,77979.46,11805
1784274540,2026-07-17T13:19:00,77979.46,77989.15,77971.43,77974.18,14293
1784274600,2026-07-17T13:20:00,77975.72,78001.43,77975.72,77998.67,22013
1784274660,2026-07-17T13:21:00,77985.68,77991.56,77982.89,77983.71,15645
1784274720,2026-07-17T13:22:00,77980.03,77990.31,77975.06,77985.22,13046
1784274780,2026-07-17T13:23:00,77984.45,77987.56,77960.21,77960.21,12055
1784274840,2026-07-17T13:24:00,77960.45,77975.95,77953.56,77956.76,21036
1784274900,2026-07-17T13:25:00,77958.24,77964.33,77940.85,77952.23,17375
1784274960,2026-07-17T13:26:00,77953.26,77972.39,77949.16,77951.96,12350
1784275020,2026-07-17T13:27:00,77949.59,77949.59,77930.58,77937.96,7287
1784275080,2026-07-17T13:28:00,77933.26,77938.55,77921.52,77925.23,40866
1784275140,2026-07-17T13:29:00,77930.11,77963.98,77929.62,77957.83,10967
1784275200,2026-07-17T13:30:00,77959.54,77967.65,77952.58,77957.11,11571
1784275260,2026-07-17T13:31:00,77958.63,77972.73,77955.88,77963.24,11254
1784275320,2026-07-17T13:32:00,77966.8,77966.8,77940.57,77949.67,6065
1784275380,2026-07-17T13:33:00,77950.6,77956.21,77937.24,77937.59,17228
1784275440,2026-07-17T13:34:00,77935.3,77949.64,77935.08,77949.64,18069
1784275500,2026-07-17T13:35:00,77950.77,77961.52,77950.75,77961.52,21458
1784275560,2026-07-17T13:36:00,77962.15,77974.86,77960.74,77960.74,58010
1784275620,2026-07-17T13:37:00,77961.59,77971.58,77945.76,77947.41,18755
1784275680,2026-07-17T13:38:00,77947.09,77955.4,77945.01,77952.4,16769
1784275740,2026-07-17T13:39:00,77954.28,77963.58,77946.74,77957.83,91594
1784275800,2026-07-17T13:40:00,77957.05,77957.63,77934.89,77942.54,62761
1784275860,2026-07-17T13:41:00,77942.28,77943.75,77907.91,77913.39,32901
1784275920,2026-07-17T13:42:00,77913.04,77920.17,77892.77,77892.77,10106
1784275980,2026-07-17T13:43:00,77892.72,77906.87,77878.87,77896.38,15514
1784276040,2026-07-17T13:44:00,77897.02,77911.29,77893.8,77910.91,22122
1784276100,2026-07-17T13:45:00,77912.08,77913.24,77893.28,77913.24,24630
1784276160,2026-07-17T13:46:00,77913.24,77913.24,77881.19,77881.93,20693
1784276220,2026-07-17T13:47:00,77881.93,77881.93,77857.91,77864.71,17233
1784276280,2026-07-17T13:48:00,77860.39,77880.13,77856.03,77880.13,15011
1784276340,2026-07-17T13:49:00,77881.99,77890.9,77867.89,77870.25,21716
1784276400,2026-07-17T13:50:00,77871.13,77876.85,77832.32,77832.32,33574
1784276460,2026-07-17T13:51:00,77834.25,77834.25,77785.68,77785.68,35936
1784276520,2026-07-17T13:52:00,77783.58,77824.86,77783.58,77806.72,17584
1784276580,2026-07-17T13:53:00,77802.94,77834.37,77802.35,77834.22,20678
1784276640,2026-07-17T13:54:00,77834.73,77837.86,77821.19,77837.27,15442
1784276700,2026-07-17T13:55:00,77836.72,77852.38,77827.43,77849.51,14097
1784276760,2026-07-17T13:56:00,77849.15,77859.44,77840.15,77841.98,14277
1784276820,2026-07-17T13:57:00,77845.0,77855.52,77833.36,77840.08,28562
1784276880,2026-07-17T13:58:00,77840.08,77855.12,77836.41,77855.12,12042
1784276940,2026-07-17T13:59:00,77856.52,77890.11,77855.91,77890.11,20853
1784277000,2026-07-17T14:00:00,77887.96,77894.91,77873.22,77894.91,11507
1784277060,2026-07-17T14:01:00,77896.14,77897.64,77878.93,77888.93,13714
1784277120,2026-07-17T14:02:00,77886.99,77894.52,77866.68,77870.82,7486
1784277180,2026-07-17T14:03:00,77871.06,77876.04,77864.06,77869.04,17969
1784277240,2026-07-17T14:04:00,77869.04,77897.51,77869.04,77893.19,8946
1784277300,2026-07-17T14:05:00,77888.95,77923.49,77886.91,77914.18,14288
1784277360,2026-07-17T14:06:00,77913.97,77915.92,77898.66,77903.95,9866
1784277420,2026-07-17T14:07:00,77904.26,77904.26,77889.85,77899.35,11224
1784277480,2026-07-17T14:08:00,77897.98,77912.42,77893.02,77901.97,11171
1784277540,2026-07-17T14:09:00,77901.37,77916.81,77896.16,77913.66,12693
1784277600,2026-07-17T14:10:00,77913.44,77923.19,77910.53,77922.41,10375
1784277660,2026-07-17T14:11:00,77923.28,77949.74,77920.9,77942.14,13822
1784277720,2026-07-17T14:12:00,77942.49,77959.51,77938.8,77959.51,15563
1784277780,2026-07-17T14:13:00,77959.66,77985.67,77959.66,77983.5,22877
1784277840,2026-07-17T14:14:00,77982.1,78010.98,77982.1,78010.98,26987
1784277900,2026-07-17T14:15:00,78010.84,78199.63,78010.84,78199.63,159651
1784277960,2026-07-17T14:16:00,78208.62,78272.18,78180.01,78270.73,83002
1784278020,2026-07-17T14:17:00,78271.52,78282.55,78223.33,78225.82,43439
1784278080,2026-07-17T14:18:00,78228.42,78228.42,78182.22,78182.22,19677
1784278140,2026-07-17T14:19:00,78182.28,78182.28,78111.81,78113.12,20874
1784278200,2026-07-17T14:20:00,78110.55,78136.29,78098.46,78119.18,15698
1784278260,2026-07-17T14:21:00,78120.58,78120.58,78093.48,78109.38,13238
1784278320,2026-07-17T14:22:00,78106.16,78107.69,78080.18,78081.36,15914
1784278380,2026-07-17T14:23:00,78082.98,78082.98,78054.25,78055.39,9736
1784278440,2026-07-17T14:24:00,78050.56,78059.35,78040.25,78055.94,20473
1784278500,2026-07-17T14:25:00,78058.86,78091.62,78050.69,78088.41,37270
1784278560,2026-07-17T14:26:00,78090.38,78117.86,78087.32,78099.89,31387
1784278620,2026-07-17T14:27:00,78100.2,78108.28,78088.81,78098.66,25581
1784278680,2026-07-17T14:28:00,78100.74,78119.25,78100.56,78104.24,26263
1784278740,2026-07-17T14:29:00,78103.99,78103.99,78018.99,78019.13,15346
1784278800,2026-07-17T14:30:00,78016.82,78076.95,78016.82,78076.95,23716
1784278860,2026-07-17T14:31:00,78075.87,78083.1,78064.63,78066.51,10635
1784278920,2026-07-17T14:32:00,78066.51,78073.47,78054.73,78066.78,26448
1784278980,2026-07-17T14:33:00,78066.99,78074.36,78052.24,78058.04,19652
1784279040,2026-07-17T14:34:00,78058.04,78069.79,78050.09,78062.95,13185
1784279100,2026-07-17T14:35:00,78052.79,78066.86,78052.79,78060.29,52578
1784279160,2026-07-17T14:36:00,78061.5,78063.71,78035.59,78043.62,53541
1784279220,2026-07-17T14:37:00,78043.03,78051.78,78032.06,78044.47,10011
1784279280,2026-07-17T14:38:00,78039.27,78054.64,78031.09,78042.66,25182
1784279340,2026-07-17T14:39:00,78041.79,78054.44,78040.75,78045.86,14258
1784279400,2026-07-17T14:40:00,78049.29,78078.52,78047.24,78071.82,24390
1784279460,2026-07-17T14:41:00,78065.86,78091.47,78058.43,78086.07,52456
1784279520,2026-07-17T14:42:00,78086.14,78091.67,78074.72,78085.98,46851
1784279580,2026-07-17T14:43:00,78086.21,78107.48,78085.04,78096.37,79022
1784279640,2026-07-17T14:44:00,78099.02,78115.58,78096.89,78108.81,24532
1784279700,2026-07-17T14:45:00,78114.03,78122.83,78108.61,78116.74,51026
1784279760,2026-07-17T14:46:00,78117.08,78142.3,78111.6,78140.23,85968
1784279820,2026-07-17T14:47:00,78142.6,78142.6,78126.22,78134.84,27159
1784279880,2026-07-17T14:48:00,78134.53,78135.34,78110.99,78114.71,22009
1784279940,2026-07-17T14:49:00,78114.97,78138.4,78114.97,78123.24,24412
1784280000,2026-07-17T14:50:00,78123.81,78130.73,78112.91,78113.25,16035
1784280060,2026-07-17T14:51:00,78122.96,78131.49,78114.32,78116.71,20811
1784280120,2026-07-17T14:52:00,78115.6,78124.96,78106.79,78124.62,32077
1784280180,2026-07-17T14:53:00,78123.51,78127.75,78103.42,78117.32,803243
1784280240,2026-07-17T14:54:00,78121.67,78123.03,78102.34,78114.63,27853
1784280300,2026-07-17T14:55:00,78114.68,78136.64,78114.62,78134.47,20385
1784280360,2026-07-17T14:56:00,78134.65,78150.74,78127.39,78137.14,59504
1784280420,2026-07-17T14:57:00,78139.42,78140.37,78120.04,78122.82,22035
1784280480,2026-07-17T14:58:00,78119.13,78125.92,78094.52,78094.52,16269
1784280540,2026-07-17T14:59:00,78094.6,78104.24,78077.05,78077.9,28729
1784280600,2026-07-17T15:00:00,78082.54,78122.91,78078.23,78122.91,46000
1784280660,2026-07-17T15:01:00,78118.32,78147.44,78118.32,78129.15,33709
1784280720,2026-07-17T15:02:00,78128.74,78131.24,78116.27,78123.87,25878
1784280780,2026-07-17T15:03:00,78129.81,78129.81,78102.56,78104.67,36147
1784280840,2026-07-17T15:04:00,78104.67,78124.27,78092.79,78110.15,47353
1784280900,2026-07-17T15:05:00,78108.8,78142.0,78108.8,78130.7,37132
1784280960,2026-07-17T15:06:00,78132.71,78150.76,78127.35,78146.65,23921
1784281020,2026-07-17T15:07:00,78144.43,78163.48,78135.9,78149.34,22350
1784281080,2026-07-17T15:08:00,78149.16,78160.74,78147.3,78153.58,26033
1784281140,2026-07-17T15:09:00,78156.35,78165.37,78145.98,78160.27,15044
1784281200,2026-07-17T15:10:00,78158.92,78163.64,78149.2,78163.34,53500
1784281260,2026-07-17T15:11:00,78164.01,78164.32,78138.94,78142.76,32534
1784281320,2026-07-17T15:12:00,78143.96,78172.08,78141.5,78164.55,45325
1784281380,2026-07-17T15:13:00,78164.11,78165.46,78151.98,78158.96,45989
1784281440,2026-07-17T15:14:00,78171.04,78171.04,78143.11,78143.11,33517
1784281500,2026-07-17T15:15:00,78140.41,78140.41,78107.47,78124.91,68472
1784281560,2026-07-17T15:16:00,78125.6,78134.52,78109.53,78120.31,46857
1784281620,2026-07-17T15:17:00,78126.26,78138.88,78119.02,78138.88,61142
1784281680,2026-07-17T15:18:00,78137.44,78154.9,78132.95,78136.76,33152
1784281740,2026-07-17T15:19:00,78137.29,78153.68,78134.02,78147.73,77439
1784281800,2026-07-17T15:20:00,78155.07,78167.06,78141.45,78162.07,47150
1784281860,2026-07-17T15:21:00,78167.82,78176.67,78150.22,78171.37,63854
1784281920,2026-07-17T15:22:00,78167.82,78180.57,78159.16,78175.22,40493
1784281980,2026-07-17T15:23:00,78178.42,78188.99,78176.57,78183.78,77946
1784282040,2026-07-17T15:24:00,78184.24,78207.38,78179.88,78194.72,57255
1784282100,2026-07-17T15:25:00,78194.35,78225.19,78187.51,78214.52,35022
1784282160,2026-07-17T15:26:00,78213.34,78216.85,78195.01,78214.75,42365
1784282220,2026-07-17T15:27:00,78215.18,78226.38,78191.5,78211.88,370268
1784282280,2026-07-17T15:28:00,78216.45,78220.82,78194.4,78199.54,30991
1784282340,2026-07-17T15:29:00,78195.53,78263.89,78195.53,78256.34,66629
1784519100,2026-07-20T09:15:00,78151.45,78151.45,77591.93,77835.49,360267
1784519160,2026-07-20T09:16:00,77838.78,77838.78,77605.02,77669.69,220116
1784519220,2026-07-20T09:17:00,77657.18,77720.48,77606.68,77708.81,217731
1784519280,2026-07-20T09:18:00,77715.04,77721.19,77662.4,77686.85,153960
1784519340,2026-07-20T09:19:00,77685.16,77689.58,77639.22,77677.97,122362
1784519400,2026-07-20T09:20:00,77665.04,77667.48,77612.63,77621.79,94819
1784519460,2026-07-20T09:21:00,77620.51,77639.96,77575.9,77582.28,111492
1784519520,2026-07-20T09:22:00,77590.82,77590.82,77542.08,77578.56,263827
1784519580,2026-07-20T09:23:00,77572.94,77598.4,77572.94,77586.52,73576
1784519640,2026-07-20T09:24:00,77582.87,77673.35,77582.87,77667.63,90605
1784519700,2026-07-20T09:25:00,77665.62,77674.63,77603.14,77618.53,93857
1784519760,2026-07-20T09:26:00,77620.02,77652.68,77599.1,77645.35,127934
1784519820,2026-07-20T09:27:00,77635.65,77645.33,77606.62,77631.28,88997
1784519880,2026-07-20T09:28:00,77627.7,77627.7,77555.95,77578.77,133134
1784519940,2026-07-20T09:29:00,77576.55,77600.15,77576.55,77586.95,280700
1784520000,2026-07-20T09:30:00,77596.25,77596.25,77566.63,77580.67,66655
1784520060,2026-07-20T09:31:00,77579.67,77599.14,77542.35,77564.88,46905
1784520120,2026-07-20T09:32:00,77565.04,77570.17,77531.98,77538.49,42767
1784520180,2026-07-20T09:33:00,77536.47,77537.62,77499.65,77520.13,54510
1784520240,2026-07-20T09:34:00,77523.77,77546.69,77513.33,77546.69,64990
1784520300,2026-07-20T09:35:00,77537.84,77558.92,77532.61,77553.38,63444
1784520360,2026-07-20T09:36:00,77556.06,77583.0,77550.1,77582.25,45313
1784520420,2026-07-20T09:37:00,77580.45,77581.0,77546.93,77556.03,55528
1784520480,2026-07-20T09:38:00,77556.21,77556.21,77504.12,77510.57,57648
1784520540,2026-07-20T09:39:00,77512.18,77512.18,77467.64,77473.27,48445
1784520600,2026-07-20T09:40:00,77470.02,77492.44,77461.72,77492.44,67851
1784520660,2026-07-20T09:41:00,77489.64,77498.16,77477.37,77480.32,30903
1784520720,2026-07-20T09:42:00,77475.09,77500.86,77465.25,77492.18,49735
1784520780,2026-07-20T09:43:00,77493.65,77534.94,77493.65,77534.94,32604
1784520840,2026-07-20T09:44:00,77530.78,77531.69,77509.72,77515.22,34021
1784520900,2026-07-20T09:45:00,77515.84,77523.87,77478.4,77488.32,54404
1784520960,2026-07-20T09:46:00,77488.83,77497.63,77471.69,77493.16,45692
1784521020,2026-07-20T09:47:00,77493.04,77493.04,77462.4,77472.11,23291
1784521080,2026-07-20T09:48:00,77473.66,77478.78,77444.79,77457.27,70297
1784521140,2026-07-20T09:49:00,77455.01,77470.57,77454.77,77462.45,52220
1784521200,2026-07-20T09:50:00,77463.56,77520.14,77463.09,77504.14,41677
1784521260,2026-07-20T09:51:00,77505.23,77507.3,77479.88,77485.16,59606
1784521320,2026-07-20T09:52:00,77478.68,77507.6,77472.85,77500.61,39052
1784521380,2026-07-20T09:53:00,77505.08,77530.0,77499.69,77513.14,45565
1784521440,2026-07-20T09:54:00,77512.64,77534.4,77511.71,77531.98,46734
1784521500,2026-07-20T09:55:00,77533.9,77561.46,77526.17,77560.79,30990
1784521560,2026-07-20T09:56:00,77561.38,77583.77,77550.0,77570.31,32974
1784521620,2026-07-20T09:57:00,77571.21,77586.82,77566.05,77581.8,40696
1784521680,2026-07-20T09:58:00,77583.42,77604.17,77572.31,77601.06,46028
1784521740,2026-07-20T09:59:00,77601.63,77603.32,77565.73,77567.77,63487
1784521800,2026-07-20T10:00:00,77574.61,77576.66,77538.69,77555.97,43380
1784521860,2026-07-20T10:01:00,77557.36,77567.46,77545.55,77564.08,26615
1784521920,2026-07-20T10:02:00,77563.33,77592.33,77559.3,77592.33,24993
1784521980,2026-07-20T10:03:00,77592.9,77617.51,77578.31,77608.6,48323
1784522040,2026-07-20T10:04:00,77606.11,77607.45,77570.44,77579.61,65084
1784522100,2026-07-20T10:05:00,77589.7,77608.22,77581.61,77608.22,42272
1784522160,2026-07-20T10:06:00,77602.48,77647.6,77602.48,77620.14,38283
1784522220,2026-07-20T10:07:00,77629.39,77630.59,77594.03,77613.23,43149
1784522280,2026-07-20T10:08:00,77613.28,77622.59,77584.11,77591.3,30882
1784522340,2026-07-20T10:09:00,77591.37,77618.27,77590.23,77604.8,26230
1784522400,2026-07-20T10:10:00,77604.93,77635.23,77601.91,77630.99,30755
1784522460,2026-07-20T10:11:00,77634.43,77655.49,77625.83,77644.69,37963
1784522520,2026-07-20T10:12:00,77652.13,77670.92,77652.13,77666.94,30566
1784522580,2026-07-20T10:13:00,77664.51,77673.67,77632.34,77633.86,98994
1784522640,2026-07-20T10:14:00,77639.0,77642.84,77622.91,77628.76,42952
1784522700,2026-07-20T10:15:00,77629.33,77648.77,77620.84,77648.77,69083
1784522760,2026-07-20T10:16:00,77646.23,77673.53,77643.97,77673.11,40374
1784522820,2026-07-20T10:17:00,77678.9,77701.02,77672.88,77699.01,44185
1784522880,2026-07-20T10:18:00,77701.44,77711.71,77691.85,77704.64,35206
1784522940,2026-07-20T10:19:00,77704.43,77707.5,77688.0,77699.22,20175
1784523000,2026-07-20T10:20:00,77700.44,77700.44,77678.42,77681.09,50514
1784523060,2026-07-20T10:21:00,77679.96,77690.27,77667.64,77687.95,27047
1784523120,2026-07-20T10:22:00,77690.03,77699.67,77650.87,77659.57,53875
1784523180,2026-07-20T10:23:00,77663.39,77666.1,77639.33,77646.54,17905
1784523240,2026-07-20T10:24:00,77644.99,77648.26,77628.03,77645.86,36409
1784523300,2026-07-20T10:25:00,77643.79,77657.32,77637.9,77644.44,29458
1784523360,2026-07-20T10:26:00,77647.6,77681.51,77646.91,77677.68,30070
1784523420,2026-07-20T10:27:00,77680.88,77698.55,77679.3,77689.01,17538
1784523480,2026-07-20T10:28:00,77685.65,77715.35,77685.22,77701.21,38611
1784523540,2026-07-20T10:29:00,77700.33,77712.09,77694.42,77710.18,40704
1784523600,2026-07-20T10:30:00,77713.85,77730.21,77704.24,77728.21,47216
1784523660,2026-07-20T10:31:00,77727.39,77748.47,77718.23,77744.33,54480
1784523720,2026-07-20T10:32:00,77750.2,77750.2,77718.87,77742.06,49504
1784523780,2026-07-20T10:33:00,77740.87,77745.82,77725.18,77733.83,31070
1784523840,2026-07-20T10:34:00,77730.72,77731.01,77710.39,77712.87,73312
1784523900,2026-07-20T10:35:00,77707.45,77709.12,77671.74,77674.34,45777
1784523960,2026-07-20T10:36:00,77668.74,77697.02,77668.74,77687.39,30253
1784524020,2026-07-20T10:37:00,77686.15,77694.36,77666.53,77666.53,26292
1784524080,2026-07-20T10:38:00,77663.01,77683.76,77663.01,77671.57,177223
1784524140,2026-07-20T10:39:00,77676.96,77702.79,77676.94,77700.42,28844
1784524200,2026-07-20T10:40:00,77702.72,77712.96,77679.3,77685.34,58310
1784524260,2026-07-20T10:41:00,77679.45,77684.77,77666.89,77674.46,21993
1784524320,2026-07-20T10:42:00,77674.61,77682.97,77665.05,77671.57,30397
1784524380,2026-07-20T10:43:00,77676.65,77693.92,77665.49,77688.1,35793
1784524440,2026-07-20T10:44:00,77688.1,77702.37,77680.68,77680.68,24782
1784524500,2026-07-20T10:45:00,77680.68,77683.87,77669.9,77683.87,9527
1784524560,2026-07-20T10:46:00,77672.95,77694.52,77672.95,77691.8,17529
1784524620,2026-07-20T10:47:00,77687.06,77701.84,77677.52,77680.99,44316
1784524680,2026-07-20T10:48:00,77680.2,77697.65,77676.83,77691.29,17716
1784524740,2026-07-20T10:49:00,77690.16,77701.82,77681.88,77698.72,21063
1784524800,2026-07-20T10:50:00,77700.97,77710.55,77685.39,77702.13,53449
1784524860,2026-07-20T10:51:00,77706.71,77718.03,77700.17,77703.31,21770
1784524920,2026-07-20T10:52:00,77696.7,77707.91,77691.14,77695.75,30379
1784524980,2026-07-20T10:53:00,77696.56,77696.8,77655.64,77667.93,43937
1784525040,2026-07-20T10:54:00,77670.63,77678.43,77656.16,77673.3,21203
1784525100,2026-07-20T10:55:00,77671.85,77675.31,77655.06,77660.53,28721
1784525160,2026-07-20T10:56:00,77663.16,77689.87,77663.06,77686.8,25327
1784525220,2026-07-20T10:57:00,77685.65,77704.49,77677.7,77691.52,23204
1784525280,2026-07-20T10:58:00,77685.16,77694.87,77673.85,77676.12,79014
1784525340,2026-07-20T10:59:00,77676.12,77702.61,77667.78,77693.52,29180
1784525400,2026-07-20T11:00:00,77693.56,77705.6,77672.69,77683.54,32074
1784525460,2026-07-20T11:01:00,77677.84,77686.84,77671.36,77682.07,46931
1784525520,2026-07-20T11:02:00,77680.33,77680.33,77664.61,77673.14,10004
1784525580,2026-07-20T11:03:00,77669.73,77690.93,77668.46,77679.74,15540
1784525640,2026-07-20T11:04:00,77684.32,77689.99,77663.9,77672.74,45521
1784525700,2026-07-20T11:05:00,77672.95,77678.71,77646.3,77660.26,168017
1784525760,2026-07-20T11:06:00,77660.02,77665.47,77644.4,77662.47,371649
1784525820,2026-07-20T11:07:00,77663.94,77700.62,77663.66,77700.62,22326
1784525880,2026-07-20T11:08:00,77698.46,77712.61,77696.14,77712.61,25761
1784525940,2026-07-20T11:09:00,77712.28,77721.65,77699.78,77709.58,17533
1784526000,2026-07-20T11:10:00,77705.3,77716.74,77678.06,77681.91,21401
1784526060,2026-07-20T11:11:00,77681.91,77681.91,77663.08,77672.29,14959
1784526120,2026-07-20T11:12:00,77671.24,77673.27,77658.41,77670.38,16949
1784526180,2026-07-20T11:13:00,77674.4,77674.4,77654.41,77657.53,252977
1784526240,2026-07-20T11:14:00,77660.26,77672.81,77647.73,77651.42,12559
1784526300,2026-07-20T11:15:00,77653.83,77659.81,77631.72,77636.21,20187
1784526360,2026-07-20T11:16:00,77638.77,77638.9,77614.09,77633.6,13031
1784526420,2026-07-20T11:17:00,77629.09,77652.52,77628.14,77652.52,13546
1784526480,2026-07-20T11:18:00,77654.44,77667.01,77653.82,77655.51,27033
1784526540,2026-07-20T11:19:00,77656.58,77663.19,77652.85,77654.15,20153
1784526600,2026-07-20T11:20:00,77653.78,77678.03,77648.65,77678.03,28257
1784526660,2026-07-20T11:21:00,77678.67,77684.21,77664.45,77679.32,21966
1784526720,2026-07-20T11:22:00,77676.38,77681.18,77656.4,77665.03,11163
1784526780,2026-07-20T11:23:00,77663.55,77664.75,77641.05,77652.3,31313
1784526840,2026-07-20T11:24:00,77648.98,77650.12,77638.64,77642.37,19538
1784526900,2026-07-20T11:25:00,77643.33,77656.03,77641.63,77656.03,7178
1784526960,2026-07-20T11:26:00,77655.84,77668.1,77654.51,77667.28,13877
1784527020,2026-07-20T11:27:00,77670.88,77671.07,77654.02,77663.35,9816
1784527080,2026-07-20T11:28:00,77663.8,77672.7,77651.62,77655.51,14805
1784527140,2026-07-20T11:29:00,77648.03,77648.03,77621.02,77626.23,13777
1784527200,2026-07-20T11:30:00,77627.41,77644.9,77617.63,77617.63,20047
1784527260,2026-07-20T11:31:00,77614.79,77627.73,77602.81,77610.19,13811
1784527320,2026-07-20T11:32:00,77610.48,77633.44,77600.73,77632.4,12032
1784527380,2026-07-20T11:33:00,77633.04,77637.55,77617.53,77634.88,14439
1784527440,2026-07-20T11:34:00,77634.19,77636.34,77615.16,77626.32,12142
1784527500,2026-07-20T11:35:00,77626.84,77628.81,77581.57,77595.2,16283
1784527560,2026-07-20T11:36:00,77595.59,77611.25,77590.86,77604.81,26308
1784527620,2026-07-20T11:37:00,77606.22,77634.49,77601.16,77632.23,8894
1784527680,2026-07-20T11:38:00,77632.51,77648.53,77627.03,77639.56,11239
1784527740,2026-07-20T11:39:00,77637.43,77638.28,77624.47,77628.83,10228
1784527800,2026-07-20T11:40:00,77622.23,77631.37,77609.55,77614.77,178302
1784527860,2026-07-20T11:41:00,77614.41,77628.89,77610.58,77626.45,16660
1784527920,2026-07-20T11:42:00,77626.13,77629.21,77607.54,77617.84,8565
1784527980,2026-07-20T11:43:00,77613.51,77614.79,77597.31,77601.68,9374
1784528040,2026-07-20T11:44:00,77602.08,77603.88,77587.35,77588.95,8423
1784528100,2026-07-20T11:45:00,77588.95,77590.6,77562.7,77562.7,30281
1784528160,2026-07-20T11:46:00,77560.01,77583.61,77560.01,77576.05,23052
1784528220,2026-07-20T11:47:00,77577.33,77589.49,77570.35,77585.54,12636
1784528280,2026-07-20T11:48:00,77580.07,77584.97,77569.52,77578.58,7479
1784528340,2026-07-20T11:49:00,77579.09,77579.93,77566.43,77573.93,14863
1784528400,2026-07-20T11:50:00,77572.18,77577.08,77563.76,77572.12,11768
1784528460,2026-07-20T11:51:00,77568.96,77575.77,77566.22,77566.65,383775
1784528520,2026-07-20T11:52:00,77566.94,77566.94,77542.75,77552.97,10309
1784528580,2026-07-20T11:53:00,77553.63,77574.36,77553.63,77567.83,28283
1784528640,2026-07-20T11:54:00,77567.83,77567.83,77535.82,77541.54,70986
1784528700,2026-07-20T11:55:00,77541.26,77545.17,77530.63,77542.75,17883
1784528760,2026-07-20T11:56:00,77543.05,77559.88,77540.41,77558.59,9455
1784528820,2026-07-20T11:57:00,77560.82,77561.68,77545.77,77549.93,21017
1784528880,2026-07-20T11:58:00,77549.16,77572.66,77546.37,77572.35,17660
1784528940,2026-07-20T11:59:00,77574.62,77585.63,77572.0,77578.96,8124
1784529000,2026-07-20T12:00:00,77578.04,77593.12,77556.91,77564.18,11032
1784529060,2026-07-20T12:01:00,77563.52,77565.06,77555.05,77561.85,14663
1784529120,2026-07-20T12:02:00,77561.85,77561.85,77539.28,77547.2,9819
1784529180,2026-07-20T12:03:00,77543.92,77551.51,77532.69,77532.69,14688
1784529240,2026-07-20T12:04:00,77530.36,77535.92,77522.16,77530.2,12837
1784529300,2026-07-20T12:05:00,77534.45,77552.83,77523.6,77544.55,13021
1784529360,2026-07-20T12:06:00,77544.55,77558.97,77539.05,77554.75,12563
1784529420,2026-07-20T12:07:00,77554.75,77560.22,77546.03,77553.01,19235
1784529480,2026-07-20T12:08:00,77552.44,77555.88,77533.2,77545.69,13316
1784529540,2026-07-20T12:09:00,77546.3,77554.19,77538.02,77540.97,11589
1784529600,2026-07-20T12:10:00,77543.26,77553.08,77536.79,77546.69,40903
1784529660,2026-07-20T12:11:00,77545.5,77578.96,77545.5,77575.32,14235
1784529720,2026-07-20T12:12:00,77574.31,77580.74,77563.97,77571.06,15750
1784529780,2026-07-20T12:13:00,77571.06,77571.06,77561.69,77564.62,12660
1784529840,2026-07-20T12:14:00,77564.62,77564.62,77547.01,77553.3,23008
1784529900,2026-07-20T12:15:00,77553.94,77568.91,77553.47,77563.82,11826
1784529960,2026-07-20T12:16:00,77559.96,77580.25,77558.92,77572.71,11228
1784530020,2026-07-20T12:17:00,77571.92,77588.36,77571.92,77581.14,16850
1784530080,2026-07-20T12:18:00,77581.14,77585.89,77570.08,77574.92,14554
1784530140,2026-07-20T12:19:00,77577.29,77588.35,77573.54,77582.57,12210
1784530200,2026-07-20T12:20:00,77582.45,77589.71,77575.79,77575.79,9626
1784530260,2026-07-20T12:21:00,77574.74,77593.71,77574.74,77591.96,12240
1784530320,2026-07-20T12:22:00,77587.23,77597.74,77581.74,77581.74,20104
1784530380,2026-07-20T12:23:00,77581.74,77585.35,77554.25,77564.17,14120
1784530440,2026-07-20T12:24:00,77563.92,77563.92,77531.82,77537.46,16921
1784530500,2026-07-20T12:25:00,77540.03,77554.13,77540.03,77551.3,6894
1784530560,2026-07-20T12:26:00,77549.87,77557.44,77534.97,77537.09,12892
1784530620,2026-07-20T12:27:00,77538.67,77541.51,77526.69,77528.67,13651
1784530680,2026-07-20T12:28:00,77530.34,77536.06,77515.46,77515.46,18700
1784530740,2026-07-20T12:29:00,77515.55,77515.95,77495.84,77505.31,16479
1784530800,2026-07-20T12:30:00,77513.0,77523.88,77511.96,77518.21,9325
1784530860,2026-07-20T12:31:00,77518.21,77532.79,77515.85,77532.17,8050
1784530920,2026-07-20T12:32:00,77532.17,77535.5,77516.22,77519.11,14064
1784530980,2026-07-20T12:33:00,77522.46,77530.44,77519.34,77528.44,11722
1784531040,2026-07-20T12:34:00,77527.07,77529.47,77501.09,77512.69,24401
1784531100,2026-07-20T12:35:00,77515.09,77524.07,77503.92,77503.92,16410
1784531160,2026-07-20T12:36:00,77503.62,77509.87,77478.19,77480.89,45347
1784531220,2026-07-20T12:37:00,77480.89,77484.25,77469.73,77483.72,13637
1784531280,2026-07-20T12:38:00,77484.58,77488.38,77462.09,77462.85,15949
1784531340,2026-07-20T12:39:00,77463.62,77481.54,77461.82,77473.4,16975
1784531400,2026-07-20T12:40:00,77473.73,77485.47,77472.66,77485.47,10358
1784531460,2026-07-20T12:41:00,77485.47,77489.05,77464.47,77488.46,16828
1784531520,2026-07-20T12:42:00,77488.63,77493.78,77471.82,77471.82,13363
1784531580,2026-07-20T12:43:00,77471.94,77478.69,77453.36,77457.71,8676
1784531640,2026-07-20T12:44:00,77453.14,77463.54,77444.84,77444.84,28555
1784531700,2026-07-20T12:45:00,77442.83,77446.13,77433.11,77438.75,29003
1784531760,2026-07-20T12:46:00,77434.0,77455.43,77431.47,77433.09,18062
1784531820,2026-07-20T12:47:00,77437.75,77437.75,77385.34,77391.12,35440
1784531880,2026-07-20T12:48:00,77390.96,77394.32,77368.29,77389.75,32002
1784531940,2026-07-20T12:49:00,77389.75,77397.0,77379.7,77388.12,20053
1784532000,2026-07-20T12:50:00,77387.52,77419.07,77387.52,77417.3,13917
1784532060,2026-07-20T12:51:00,77413.96,77427.95,77407.99,77416.71,29405
1784532120,2026-07-20T12:52:00,77417.98,77465.52,77405.04,77465.52,35191
1784532180,2026-07-20T12:53:00,77463.59,77466.5,77446.38,77446.98,19165
1784532240,2026-07-20T12:54:00,77446.33,77478.06,77442.49,77478.06,18921
1784532300,2026-07-20T12:55:00,77478.54,77493.16,77474.53,77486.9,18266
1784532360,2026-07-20T12:56:00,77486.75,77494.28,77479.64,77489.15,11479
1784532420,2026-07-20T12:57:00,77489.52,77516.56,77485.93,77514.23,10484
1784532480,2026-07-20T12:58:00,77516.15,77551.14,77516.15,77546.04,28548
1784532540,2026-07-20T12:59:00,77548.04,77556.83,77542.96,77551.7,22622
1784532600,2026-07-20T13:00:00,77548.01,77559.36,77542.27,77549.81,12988
1784532660,2026-07-20T13:01:00,77548.88,77551.22,77526.0,77539.77,13129
1784532720,2026-07-20T13:02:00,77534.06,77539.76,77521.91,77526.4,16271
1784532780,2026-07-20T13:03:00,77528.31,77538.96,77524.91,77538.5,8581
1784532840,2026-07-20T13:04:00,77539.43,77542.83,77530.02,77542.61,11923
1784532900,2026-07-20T13:05:00,77543.18,77546.01,77526.57,77535.4,15185
1784532960,2026-07-20T13:06:00,77535.25,77535.35,77523.99,77528.93,10173
1784533020,2026-07-20T13:07:00,77528.32,77539.6,77524.61,77531.05,9829
1784533080,2026-07-20T13:08:00,77531.05,77535.46,77509.5,77513.59,22463
1784533140,2026-07-20T13:09:00,77514.18,77531.22,77514.18,77530.49,33959
1784533200,2026-07-20T13:10:00,77529.49,77530.98,77517.38,77518.04,7569
1784533260,2026-07-20T13:11:00,77520.89,77539.77,77514.95,77534.73,14217
1784533320,2026-07-20T13:12:00,77532.92,77556.14,77530.69,77548.9,12142
1784533380,2026-07-20T13:13:00,77548.2,77576.87,77542.26,77569.86,16626
1784533440,2026-07-20T13:14:00,77564.08,77651.8,77564.08,77651.8,49052
1784533500,2026-07-20T13:15:00,77657.16,77685.72,77640.27,77645.88,33252
1784533560,2026-07-20T13:16:00,77645.88,77674.87,77640.28,77664.01,13306
1784533620,2026-07-20T13:17:00,77660.12,77667.94,77652.5,77656.37,16275
1784533680,2026-07-20T13:18:00,77657.17,77662.2,77650.7,77662.2,18145
1784533740,2026-07-20T13:19:00,77660.34,77672.54,77657.09,77668.59,197234
1784533800,2026-07-20T13:20:00,77669.68,77677.91,77663.61,77671.29,112796
1784533860,2026-07-20T13:21:00,77670.31,77674.14,77663.55,77672.44,7735
1784533920,2026-07-20T13:22:00,77671.13,77707.22,77669.03,77706.71,15647
1784533980,2026-07-20T13:23:00,77706.65,77720.14,77706.65,77719.7,23528
1784534040,2026-07-20T13:24:00,77719.2,77721.04,77706.25,77717.2,13595
1784534100,2026-07-20T13:25:00,77717.2,77717.2,77688.97,77691.5,18949
1784534160,2026-07-20T13:26:00,77695.8,77709.53,77690.32,77708.01,9330
1784534220,2026-07-20T13:27:00,77707.88,77745.08,77707.68,77742.25,29237
1784534280,2026-07-20T13:28:00,77743.63,77754.41,77738.08,77753.4,21174
1784534340,2026-07-20T13:29:00,77748.58,77752.24,77736.34,77743.57,10316
1784534400,2026-07-20T13:30:00,77745.28,77755.26,77723.6,77723.83,20679
1784534460,2026-07-20T13:31:00,77725.47,77741.25,77721.28,77729.68,21779
1784534520,2026-07-20T13:32:00,77732.47,77736.35,77719.15,77731.22,22639
1784534580,2026-07-20T13:33:00,77724.45,77730.39,77721.26,77724.67,11842
1784534640,2026-07-20T13:34:00,77723.28,77735.63,77717.88,77729.32,15210
1784534700,2026-07-20T13:35:00,77728.92,77749.22,77717.42,77749.22,32422
1784534760,2026-07-20T13:36:00,77746.69,77759.91,77738.83,77745.02,29754
1784534820,2026-07-20T13:37:00,77752.39,77752.39,77726.5,77733.51,13838
1784534880,2026-07-20T13:38:00,77736.75,77736.75,77720.06,77720.7,12170
1784534940,2026-07-20T13:39:00,77726.14,77731.92,77722.97,77722.97,12500
1784535000,2026-07-20T13:40:00,77722.95,77729.04,77716.42,77729.04,14976
1784535060,2026-07-20T13:41:00,77729.57,77730.97,77712.9,77719.24,20907
1784535120,2026-07-20T13:42:00,77719.31,77721.54,77705.75,77707.67,16542
1784535180,2026-07-20T13:43:00,77708.31,77716.31,77703.83,77709.53,9147
1784535240,2026-07-20T13:44:00,77713.22,77713.71,77694.34,77706.01,8323
1784535300,2026-07-20T13:45:00,77705.47,77722.93,77697.39,77717.76,13725
1784535360,2026-07-20T13:46:00,77718.49,77752.1,77709.82,77749.64,11773
1784535420,2026-07-20T13:47:00,77746.66,77778.27,77743.93,77768.95,518288
1784535480,2026-07-20T13:48:00,77772.69,77785.47,77759.34,77761.51,15818
1784535540,2026-07-20T13:49:00,77762.42,77772.03,77756.22,77767.57,25240
1784535600,2026-07-20T13:50:00,77767.42,77773.91,77737.85,77740.23,27442
1784535660,2026-07-20T13:51:00,77742.07,77753.22,77736.43,77743.2,17418
1784535720,2026-07-20T13:52:00,77743.48,77744.29,77718.26,77723.12,16512
1784535780,2026-07-20T13:53:00,77723.48,77723.91,77709.27,77713.63,17232
1784535840,2026-07-20T13:54:00,77717.59,77729.11,77707.61,77726.6,104705
1784535900,2026-07-20T13:55:00,77725.95,77747.91,77725.95,77743.07,177605
1784535960,2026-07-20T13:56:00,77747.58,77759.95,77744.73,77749.37,20491
1784536020,2026-07-20T13:57:00,77751.28,77777.4,77747.41,77773.84,16569
1784536080,2026-07-20T13:58:00,77775.07,77789.06,77771.86,77784.9,9997
1784536140,2026-07-20T13:59:00,77787.47,77792.27,77780.87,77788.86,10467
1784536200,2026-07-20T14:00:00,77787.99,77790.97,77759.27,77769.49,13570
1784536260,2026-07-20T14:01:00,77771.91,77800.11,77769.98,77796.24,48494
1784536320,2026-07-20T14:02:00,77796.24,77797.48,77771.96,77783.26,13945
1784536380,2026-07-20T14:03:00,77783.82,77791.28,77770.39,77789.38,12404
1784536440,2026-07-20T14:04:00,77790.02,77803.1,77790.0,77798.07,17852
1784536500,2026-07-20T14:05:00,77799.48,77805.84,77786.43,77797.89,8459
1784536560,2026-07-20T14:06:00,77797.6,77809.09,77782.51,77803.13,25970
1784536620,2026-07-20T14:07:00,77797.71,77808.09,77795.75,77804.02,11530
1784536680,2026-07-20T14:08:00,77803.62,77816.57,77801.16,77801.16,23509
1784536740,2026-07-20T14:09:00,77805.85,77810.47,77776.44,77776.44,15371
1784536800,2026-07-20T14:10:00,77776.44,77784.77,77772.79,77780.59,16057
1784536860,2026-07-20T14:11:00,77780.59,77797.84,77773.98,77796.66,27110
1784536920,2026-07-20T14:12:00,77795.6,77804.7,77784.08,77797.33,37906
1784536980,2026-07-20T14:13:00,77797.53,77805.67,77779.89,77781.97,24857
1784537040,2026-07-20T14:14:00,77787.34,77787.34,77764.55,77775.62,18565
1784537100,2026-07-20T14:15:00,77771.46,77773.1,77744.16,77748.69,16938
1784537160,2026-07-20T14:16:00,77745.8,77757.79,77741.94,77741.94,14132
1784537220,2026-07-20T14:17:00,77745.45,77747.42,77730.27,77745.75,23264
1784537280,2026-07-20T14:18:00,77745.75,77773.43,77742.28,77767.79,10893
1784537340,2026-07-20T14:19:00,77767.93,77789.35,77765.82,77784.21,49965
1784537400,2026-07-20T14:20:00,77783.62,77784.89,77769.5,77772.42,26551
1784537460,2026-07-20T14:21:00,77772.42,77780.93,77765.85,77769.47,13100
1784537520,2026-07-20T14:22:00,77767.35,77785.7,77767.07,77783.87,14425
1784537580,2026-07-20T14:23:00,77783.17,77788.8,77777.31,77780.6,10894
1784537640,2026-07-20T14:24:00,77783.81,77789.24,77776.35,77780.33,15404
1784537700,2026-07-20T14:25:00,77783.16,77783.16,77763.38,77771.65,19529
1784537760,2026-07-20T14:26:00,77771.11,77783.84,77767.17,77781.57,15055
1784537820,2026-07-20T14:27:00,77778.9,77790.83,77772.78,77782.55,17766
1784537880,2026-07-20T14:28:00,77790.37,77800.31,77770.25,77776.85,9663
1784537940,2026-07-20T14:29:00,77776.12,77783.69,77772.03,77782.2,11069
1784538000,2026-07-20T14:30:00,77781.32,77784.14,77751.16,77751.16,19262
1784538060,2026-07-20T14:31:00,77755.0,77766.72,77744.78,77748.91,21806
1784538120,2026-07-20T14:32:00,77748.9,77755.43,77738.52,77748.4,10722
1784538180,2026-07-20T14:33:00,77748.34,77748.59,77734.26,77748.53,271557
1784538240,2026-07-20T14:34:00,77746.25,77756.01,77743.66,77747.07,16008
1784538300,2026-07-20T14:35:00,77743.74,77747.26,77724.23,77737.79,17389
1784538360,2026-07-20T14:36:00,77733.12,77733.12,77709.85,77713.86,15770
1784538420,2026-07-20T14:37:00,77713.21,77713.67,77683.92,77692.33,19711
1784538480,2026-07-20T14:38:00,77691.18,77696.86,77683.35,77690.96,21541
1784538540,2026-07-20T14:39:00,77689.91,77703.91,77689.91,77702.78,15739
1784538600,2026-07-20T14:40:00,77703.73,77711.47,77686.92,77711.47,22824
1784538660,2026-07-20T14:41:00,77711.78,77736.72,77710.77,77734.26,18605
1784538720,2026-07-20T14:42:00,77735.04,77735.14,77720.99,77724.78,12223
1784538780,2026-07-20T14:43:00,77728.63,77729.35,77704.49,77704.49,27559
1784538840,2026-07-20T14:44:00,77708.99,77724.12,77704.97,77724.12,43611
1784538900,2026-07-20T14:45:00,77721.25,77724.46,77705.96,77712.02,19611
1784538960,2026-07-20T14:46:00,77711.4,77726.7,77707.91,77724.92,12719
1784539020,2026-07-20T14:47:00,77725.71,77733.34,77718.93,77724.14,10040
1784539080,2026-07-20T14:48:00,77723.83,77730.83,77712.0,77719.95,25396
1784539140,2026-07-20T14:49:00,77720.67,77724.6,77716.6,77720.15,22855
1784539200,2026-07-20T14:50:00,77719.84,77730.2,77715.46,77729.23,6171
1784539260,2026-07-20T14:51:00,77728.43,77740.01,77724.19,77739.46,6346
1784539320,2026-07-20T14:52:00,77742.0,77744.86,77732.79,77744.39,29459
1784539380,2026-07-20T14:53:00,77743.1,77755.12,77739.56,77743.37,29492
1784539440,2026-07-20T14:54:00,77742.73,77746.91,77735.03,77737.2,17854
1784539500,2026-07-20T14:55:00,77738.38,77746.63,77727.47,77745.95,63879
1784539560,2026-07-20T14:56:00,77747.35,77748.35,77727.11,77737.11,65577
1784539620,2026-07-20T14:57:00,77736.31,77736.31,77716.56,77716.56,25145
1784539680,2026-07-20T14:58:00,77716.56,77727.88,77696.4,77696.4,41933
1784539740,2026-07-20T14:59:00,77703.62,77708.19,77695.57,77700.64,32360
1784539800,2026-07-20T15:00:00,77698.89,77733.74,77679.53,77699.3,73718
1784539860,2026-07-20T15:01:00,77698.43,77731.24,77695.36,77713.29,23152
1784539920,2026-07-20T15:02:00,77711.69,77728.96,77705.47,77706.38,27941
1784539980,2026-07-20T15:03:00,77704.11,77727.92,77699.84,77708.13,36013
1784540040,2026-07-20T15:04:00,77708.44,77715.01,77694.63,77704.19,39588
1784540100,2026-07-20T15:05:00,77704.79,77704.79,77686.8,77695.01,25980
1784540160,2026-07-20T15:06:00,77694.82,77708.61,77686.13,77702.43,37614
1784540220,2026-07-20T15:07:00,77705.02,77713.39,77692.81,77708.58,22745
1784540280,2026-07-20T15:08:00,77704.56,77712.61,77701.3,77703.96,18052
1784540340,2026-07-20T15:09:00,77703.6,77722.06,77699.86,77703.99,26808
1784540400,2026-07-20T15:10:00,77704.69,77719.54,77700.19,77719.53,39461
1784540460,2026-07-20T15:11:00,77719.17,77733.66,77709.5,77712.84,23150
1784540520,2026-07-20T15:12:00,77712.69,77724.79,77705.26,77715.88,25624
1784540580,2026-07-20T15:13:00,77715.29,77720.74,77706.4,77715.99,38182
1784540640,2026-07-20T15:14:00,77724.6,77724.6,77701.73,77711.44,44745
1784540700,2026-07-20T15:15:00,77710.66,77726.22,77706.27,77726.22,49706
1784540760,2026-07-20T15:16:00,77734.4,77736.47,77706.36,77715.16,84246
1784540820,2026-07-20T15:17:00,77714.31,77726.97,77710.48,77723.31,35955
1784540880,2026-07-20T15:18:00,77726.73,77726.73,77705.17,77705.17,49736
1784540940,2026-07-20T15:19:00,77710.23,77727.38,77697.91,77722.66,553966
1784541000,2026-07-20T15:20:00,77727.69,77730.09,77717.55,77719.83,36865
1784541060,2026-07-20T15:21:00,77723.64,77723.64,77703.65,77717.51,37723
1784541120,2026-07-20T15:22:00,77713.88,77716.28,77703.99,77711.44,33524
1784541180,2026-07-20T15:23:00,77714.01,77731.29,77706.19,77726.03,58177
1784541240,2026-07-20T15:24:00,77728.63,77741.27,77719.88,77739.1,43287
1784541300,2026-07-20T15:25:00,77741.25,77746.93,77732.12,77735.83,24541
1784541360,2026-07-20T15:26:00,77737.19,77739.38,77724.7,77729.29,30841
1784541420,2026-07-20T15:27:00,77728.98,77739.59,77725.21,77736.57,34282
1784541480,2026-07-20T15:28:00,77736.45,77739.14,77706.84,77725.57,42330
1784541540,2026-07-20T15:29:00,77719.66,77736.26,77706.73,77717.31,68570
1784605500,2026-07-21T09:15:00,77649.63,77740.84,77541.68,77689.31,255626
1784605560,2026-07-21T09:16:00,77689.6,77691.95,77636.58,77651.42,151367
1784605620,2026-07-21T09:17:00,77654.69,77693.6,77654.69,77672.71,130426
1784605680,2026-07-21T09:18:00,77671.67,77732.36,77656.54,77732.36,80153
1784605740,2026-07-21T09:19:00,77728.43,77753.18,77719.37,77722.59,81887
1784605800,2026-07-21T09:20:00,77725.82,77726.0,77685.15,77700.6,63742
1784605860,2026-07-21T09:21:00,77703.07,77730.67,77698.45,77723.83,46564
1784605920,2026-07-21T09:22:00,77724.53,77740.69,77699.97,77699.97,100113
1784605980,2026-07-21T09:23:00,77702.02,77719.68,77682.03,77682.03,64716
1784606040,2026-07-21T09:24:00,77683.26,77687.79,77645.61,77671.18,64484
1784606100,2026-07-21T09:25:00,77672.26,77672.26,77636.39,77644.35,49124
1784606160,2026-07-21T09:26:00,77645.59,77708.77,77640.01,77705.45,37619
1784606220,2026-07-21T09:27:00,77702.41,77736.39,77699.48,77715.67,32062
1784606280,2026-07-21T09:28:00,77719.69,77730.42,77702.31,77729.68,30382
1784606340,2026-07-21T09:29:00,77729.62,77732.63,77708.11,77713.76,26547
1784606400,2026-07-21T09:30:00,77712.83,77727.22,77673.19,77677.52,55959
1784606460,2026-07-21T09:31:00,77677.86,77677.86,77651.96,77654.95,36226
1784606520,2026-07-21T09:32:00,77657.79,77664.17,77642.27,77647.68,27141
1784606580,2026-07-21T09:33:00,77647.18,77647.51,77615.3,77619.0,27623
1784606640,2026-07-21T09:34:00,77624.83,77644.12,77618.88,77630.58,31971
1784606700,2026-07-21T09:35:00,77636.46,77636.46,77597.25,77614.02,44738
1784606760,2026-07-21T09:36:00,77615.51,77621.7,77597.02,77621.7,32110
1784606820,2026-07-21T09:37:00,77622.88,77664.95,77622.18,77656.69,37102
1784606880,2026-07-21T09:38:00,77656.5,77661.73,77637.48,77641.33,34647
1784606940,2026-07-21T09:39:00,77641.54,77647.98,77626.1,77626.1,21111
1784607000,2026-07-21T09:40:00,77630.11,77641.67,77619.12,77637.17,37439
1784607060,2026-07-21T09:41:00,77637.29,77651.88,77629.41,77651.36,29293
1784607120,2026-07-21T09:42:00,77652.85,77652.85,77623.45,77641.39,34970
1784607180,2026-07-21T09:43:00,77641.39,77649.06,77622.53,77628.6,31475
1784607240,2026-07-21T09:44:00,77625.37,77658.6,77622.06,77656.89,32134
1784607300,2026-07-21T09:45:00,77657.18,77657.18,77617.17,77626.7,50860
1784607360,2026-07-21T09:46:00,77632.7,77648.76,77617.08,77628.52,32097
1784607420,2026-07-21T09:47:00,77629.8,77646.96,77597.08,77601.07,53186
1784607480,2026-07-21T09:48:00,77603.04,77607.89,77587.09,77592.2,37765
1784607540,2026-07-21T09:49:00,77591.69,77605.08,77587.05,77601.74,17731
1784607600,2026-07-21T09:50:00,77601.74,77624.83,77596.79,77603.04,22918
1784607660,2026-07-21T09:51:00,77623.04,77641.92,77622.77,77627.52,19971
1784607720,2026-07-21T09:52:00,77630.45,77647.44,77615.65,77637.41,20422
1784607780,2026-07-21T09:53:00,77637.73,77663.65,77637.73,77649.04,22123
1784607840,2026-07-21T09:54:00,77647.62,77647.62,77618.61,77631.23,20807
1784607900,2026-07-21T09:55:00,77632.63,77643.37,77619.26,77626.21,16386
1784607960,2026-07-21T09:56:00,77628.51,77637.13,77612.45,77619.51,15220
1784608020,2026-07-21T09:57:00,77623.12,77644.11,77622.44,77641.03,19058
1784608080,2026-07-21T09:58:00,77645.19,77645.83,77612.64,77620.17,14630
1784608140,2026-07-21T09:59:00,77620.88,77636.75,77618.84,77636.54,19837
1784608200,2026-07-21T10:00:00,77634.44,77640.01,77627.83,77634.18,14610
1784608260,2026-07-21T10:01:00,77634.58,77636.69,77609.64,77614.38,12683
1784608320,2026-07-21T10:02:00,77615.0,77615.0,77595.49,77595.49,13083
1784608380,2026-07-21T10:03:00,77595.49,77603.02,77589.62,77600.66,13577
1784608440,2026-07-21T10:04:00,77598.96,77614.09,77593.22,77593.22,15501
1784608500,2026-07-21T10:05:00,77591.21,77607.03,77589.14,77606.86,19199
1784608560,2026-07-21T10:06:00,77607.5,77616.97,77591.3,77615.56,15138
1784608620,2026-07-21T10:07:00,77607.72,77627.57,77607.72,77621.47,15911
1784608680,2026-07-21T10:08:00,77623.18,77629.94,77591.39,77593.18,576649
1784608740,2026-07-21T10:09:00,77597.44,77635.55,77596.08,77621.87,41736
1784608800,2026-07-21T10:10:00,77616.49,77629.88,77607.55,77618.97,47811
1784608860,2026-07-21T10:11:00,77615.75,77621.57,77598.51,77610.75,22393
1784608920,2026-07-21T10:12:00,77612.33,77627.0,77596.57,77621.17,20947
1784608980,2026-07-21T10:13:00,77620.13,77620.13,77588.17,77598.55,20712
1784609040,2026-07-21T10:14:00,77598.97,77598.97,77565.22,77572.21,17273
1784609100,2026-07-21T10:15:00,77571.11,77575.49,77549.14,77563.5,750376
1784609160,2026-07-21T10:16:00,77566.02,77569.85,77558.56,77559.43,11653
1784609220,2026-07-21T10:17:00,77556.76,77558.8,77539.17,77548.79,21156
1784609280,2026-07-21T10:18:00,77549.32,77555.77,77537.96,77553.65,18204
1784609340,2026-07-21T10:19:00,77557.55,77563.67,77542.32,77555.02,16013
1784609400,2026-07-21T10:20:00,77553.72,77562.7,77538.56,77541.07,12621
1784609460,2026-07-21T10:21:00,77541.96,77558.49,77537.84,77547.82,33109
1784609520,2026-07-21T10:22:00,77545.73,77547.4,77509.71,77515.71,24005
1784609580,2026-07-21T10:23:00,77517.41,77519.28,77493.03,77503.75,23742
1784609640,2026-07-21T10:24:00,77502.53,77507.87,77488.19,77497.86,15132
1784609700,2026-07-21T10:25:00,77495.08,77522.62,77494.49,77522.62,50600
1784609760,2026-07-21T10:26:00,77522.67,77522.67,77501.53,77508.5,11905
1784609820,2026-07-21T10:27:00,77505.5,77507.63,77484.32,77498.2,14315
1784609880,2026-07-21T10:28:00,77492.82,77509.56,77491.29,77505.15,17986
1784609940,2026-07-21T10:29:00,77505.15,77539.43,77505.15,77534.27,14171
1784610000,2026-07-21T10:30:00,77528.48,77545.62,77521.9,77545.62,13461
1784610060,2026-07-21T10:31:00,77545.1,77546.06,77519.69,77531.93,14186
1784610120,2026-07-21T10:32:00,77532.96,77540.0,77521.81,77527.38,11921
1784610180,2026-07-21T10:33:00,77523.94,77529.19,77510.84,77513.9,13504
1784610240,2026-07-21T10:34:00,77511.29,77515.59,77498.57,77506.47,14445
1784610300,2026-07-21T10:35:00,77506.51,77521.64,77497.52,77514.08,21503
1784610360,2026-07-21T10:36:00,77514.7,77519.14,77501.71,77504.7,7403
1784610420,2026-07-21T10:37:00,77501.57,77512.46,77499.2,77510.52,14066
1784610480,2026-07-21T10:38:00,77510.61,77516.85,77466.26,77466.26,19339
1784610540,2026-07-21T10:39:00,77464.07,77467.69,77451.81,77457.88,14523
1784610600,2026-07-21T10:40:00,77459.02,77477.82,77456.51,77477.82,22418
1784610660,2026-07-21T10:41:00,77479.03,77490.4,77462.49,77464.77,22395
1784610720,2026-07-21T10:42:00,77466.73,77484.36,77460.06,77481.72,31069
1784610780,2026-07-21T10:43:00,77481.85,77500.84,77480.35,77499.93,16941
1784610840,2026-07-21T10:44:00,77503.69,77508.44,77495.41,77504.46,9831
1784610900,2026-07-21T10:45:00,77502.48,77502.48,77473.86,77474.89,15612
1784610960,2026-07-21T10:46:00,77474.89,77487.78,77474.24,77484.15,8512
1784611020,2026-07-21T10:47:00,77483.71,77485.1,77471.28,77471.85,17658
1784611080,2026-07-21T10:48:00,77472.78,77480.7,77469.49,77477.35,10497
1784611140,2026-07-21T10:49:00,77478.71,77478.71,77455.47,77462.97,14004
1784611200,2026-07-21T10:50:00,77464.09,77466.91,77439.58,77444.2,24727
1784611260,2026-07-21T10:51:00,77440.34,77447.41,77426.08,77430.6,17834
1784611320,2026-07-21T10:52:00,77432.05,77442.91,77413.4,77434.25,24042
1784611380,2026-07-21T10:53:00,77433.48,77444.1,77430.96,77439.37,11098
1784611440,2026-07-21T10:54:00,77435.07,77443.6,77418.62,77436.63,12971
1784611500,2026-07-21T10:55:00,77432.03,77457.95,77429.37,77457.34,16722
1784611560,2026-07-21T10:56:00,77454.92,77493.95,77454.92,77493.55,17079
1784611620,2026-07-21T10:57:00,77489.69,77489.88,77471.89,77485.82,104637
1784611680,2026-07-21T10:58:00,77488.91,77494.26,77482.2,77490.5,18431
1784611740,2026-07-21T10:59:00,77490.65,77492.65,77481.76,77486.51,33481
1784611800,2026-07-21T11:00:00,77486.51,77494.35,77478.43,77484.46,37417
1784611860,2026-07-21T11:01:00,77482.24,77501.76,77479.41,77495.27,15497
1784611920,2026-07-21T11:02:00,77493.35,77503.34,77490.77,77498.57,22541
1784611980,2026-07-21T11:03:00,77497.24,77521.92,77497.24,77519.75,9745
1784612040,2026-07-21T11:04:00,77518.08,77521.16,77488.3,77507.53,22509
1784612100,2026-07-21T11:05:00,77507.13,77531.56,77485.97,77523.23,25457
1784612160,2026-07-21T11:06:00,77521.53,77532.23,77515.3,77531.04,10008
1784612220,2026-07-21T11:07:00,77530.69,77535.69,77522.28,77525.69,13143
1784612280,2026-07-21T11:08:00,77524.45,77527.03,77510.13,77520.8,7447
1784612340,2026-07-21T11:09:00,77516.21,77519.63,77486.57,77486.57,13899
1784612400,2026-07-21T11:10:00,77482.57,77518.94,77480.57,77510.18,9532
1784612460,2026-07-21T11:11:00,77510.56,77523.61,77506.62,77510.64,530020
1784612520,2026-07-21T11:12:00,77512.05,77512.5,77495.68,77501.85,18476
1784612580,2026-07-21T11:13:00,77502.94,77507.38,77494.48,77504.14,20953
1784612640,2026-07-21T11:14:00,77504.78,77507.66,77492.86,77497.44,13470
1784612700,2026-07-21T11:15:00,77499.93,77517.18,77497.71,77510.32,27182
1784612760,2026-07-21T11:16:00,77508.99,77511.71,77489.44,77491.74,8075
1784612820,2026-07-21T11:17:00,77485.35,77492.4,77473.38,77485.25,14413
1784612880,2026-07-21T11:18:00,77489.73,77495.75,77476.57,77488.92,11742
1784612940,2026-07-21T11:19:00,77494.54,77498.65,77483.32,77489.09,25445
1784613000,2026-07-21T11:20:00,77487.49,77500.55,77486.59,77498.18,4352
1784613060,2026-07-21T11:21:00,77494.09,77494.74,77465.87,77468.69,16997
1784613120,2026-07-21T11:22:00,77467.8,77473.57,77449.06,77453.95,61020
1784613180,2026-07-21T11:23:00,77452.39,77463.81,77445.65,77462.58,13626
1784613240,2026-07-21T11:24:00,77464.9,77474.41,77456.55,77461.15,10323
1784613300,2026-07-21T11:25:00,77466.76,77483.32,77465.02,77481.6,16660
1784613360,2026-07-21T11:26:00,77483.36,77486.27,77471.05,77471.31,21163
1784613420,2026-07-21T11:27:00,77469.38,77480.48,77461.21,77461.21,17854
1784613480,2026-07-21T11:28:00,77458.41,77464.77,77451.64,77455.84,7684
1784613540,2026-07-21T11:29:00,77455.84,77462.19,77448.22,77459.41,12054
1784613600,2026-07-21T11:30:00,77456.32,77465.24,77445.99,77464.35,16004
1784613660,2026-07-21T11:31:00,77457.39,77480.82,77457.39,77471.24,12169
1784613720,2026-07-21T11:32:00,77472.5,77489.02,77472.5,77482.68,8529
1784613780,2026-07-21T11:33:00,77479.39,77494.71,77479.19,77492.09,5466
1784613840,2026-07-21T11:34:00,77489.36,77504.21,77488.09,77493.38,180425
1784613900,2026-07-21T11:35:00,77491.71,77502.55,77490.76,77498.88,312261
1784613960,2026-07-21T11:36:00,77501.85,77505.62,77492.18,77496.96,15528
1784614020,2026-07-21T11:37:00,77492.88,77498.82,77449.75,77451.59,29141
1784614080,2026-07-21T11:38:00,77453.89,77459.59,77443.84,77456.07,5685
1784614140,2026-07-21T11:39:00,77455.26,77459.33,77440.15,77449.87,9795
1784614200,2026-07-21T11:40:00,77446.62,77457.69,77415.9,77425.9,13149
1784614260,2026-07-21T11:41:00,77430.4,77444.02,77426.39,77444.02,6274
1784614320,2026-07-21T11:42:00,77444.96,77444.96,77419.29,77430.54,11134
1784614380,2026-07-21T11:43:00,77429.4,77437.52,77418.81,77418.81,5202
1784614440,2026-07-21T11:44:00,77414.33,77423.24,77410.23,77418.91,9068
1784614500,2026-07-21T11:45:00,77418.91,77423.97,77410.06,77410.77,9786
1784614560,2026-07-21T11:46:00,77413.72,77429.16,77409.23,77427.28,7417
1784614620,2026-07-21T11:47:00,77428.51,77447.06,77425.95,77428.39,7324
1784614680,2026-07-21T11:48:00,77428.7,77439.81,77417.54,77417.54,8089
1784614740,2026-07-21T11:49:00,77421.14,77442.74,77421.14,77426.82,5252
1784614800,2026-07-21T11:50:00,77425.77,77449.47,77425.77,77449.47,6341
1784614860,2026-07-21T11:51:00,77445.62,77446.0,77432.05,77434.42,4948
1784614920,2026-07-21T11:52:00,77431.94,77437.52,77424.36,77436.3,14121
1784614980,2026-07-21T11:53:00,77432.45,77436.34,77424.01,77433.81,6133
1784615040,2026-07-21T11:54:00,77428.66,77440.18,77427.15,77434.86,11712
1784615100,2026-07-21T11:55:00,77433.44,77451.14,77433.44,77449.44,11684
1784615160,2026-07-21T11:56:00,77449.79,77454.3,77437.58,77444.1,8036
1784615220,2026-07-21T11:57:00,77447.78,77457.88,77438.7,77455.75,10964
1784615280,2026-07-21T11:58:00,77455.2,77466.37,77452.89,77463.82,9370
1784615340,2026-07-21T11:59:00,77463.44,77466.19,77454.37,77454.37,9187
1784615400,2026-07-21T12:00:00,77454.37,77460.85,77445.17,77455.74,8939
1784615460,2026-07-21T12:01:00,77456.13,77462.14,77450.51,77458.03,12153
1784615520,2026-07-21T12:02:00,77458.03,77469.74,77454.57,77466.07,9671
1784615580,2026-07-21T12:03:00,77466.07,77477.25,77465.39,77466.85,6918
1784615640,2026-07-21T12:04:00,77466.85,77482.28,77463.71,77477.32,38039
1784615700,2026-07-21T12:05:00,77477.06,77491.72,77476.88,77487.59,12390
1784615760,2026-07-21T12:06:00,77486.45,77486.45,77462.24,77479.21,15288
1784615820,2026-07-21T12:07:00,77477.55,77477.55,77458.53,77470.34,8196
1784615880,2026-07-21T12:08:00,77470.34,77479.71,77459.74,77464.04,16242
1784615940,2026-07-21T12:09:00,77462.58,77470.13,77456.51,77463.01,6847
1784616000,2026-07-21T12:10:00,77459.09,77474.8,77456.65,77467.96,8823
1784616060,2026-07-21T12:11:00,77466.46,77476.08,77465.06,77476.08,6997
1784616120,2026-07-21T12:12:00,77473.21,77473.78,77459.48,77465.84,11958
1784616180,2026-07-21T12:13:00,77466.75,77471.53,77453.52,77453.52,11484
1784616240,2026-07-21T12:14:00,77448.78,77456.96,77443.01,77450.14,11209
1784616300,2026-07-21T12:15:00,77453.38,77458.02,77446.29,77451.54,6323
1784616360,2026-07-21T12:16:00,77446.18,77458.51,77443.29,77452.2,22296
1784616420,2026-07-21T12:17:00,77446.48,77450.77,77437.74,77447.08,508419
1784616480,2026-07-21T12:18:00,77441.76,77447.59,77434.6,77441.42,1018861
1784616540,2026-07-21T12:19:00,77441.42,77447.69,77434.94,77439.94,7688
1784616600,2026-07-21T12:20:00,77439.99,77461.98,77435.04,77460.25,24195
1784616660,2026-07-21T12:21:00,77461.85,77477.93,77461.85,77476.13,17284
1784616720,2026-07-21T12:22:00,77470.27,77472.78,77455.72,77472.16,6494
1784616780,2026-07-21T12:23:00,77469.54,77479.92,77461.69,77471.96,7426
1784616840,2026-07-21T12:24:00,77470.12,77475.73,77434.43,77452.09,26102
1784616900,2026-07-21T12:25:00,77452.09,77459.53,77447.33,77455.2,12597
1784616960,2026-07-21T12:26:00,77453.53,77468.33,77449.22,77467.8,3230
1784617020,2026-07-21T12:27:00,77463.4,77469.03,77449.52,77456.19,16084
1784617080,2026-07-21T12:28:00,77457.66,77458.56,77446.05,77449.84,1414174
1784617140,2026-07-21T12:29:00,77450.02,77450.02,77435.76,77438.72,12600
1784617200,2026-07-21T12:30:00,77438.07,77462.6,77429.49,77462.31,6484
1784617260,2026-07-21T12:31:00,77463.39,77463.71,77447.78,77455.09,4834
1784617320,2026-07-21T12:32:00,77449.04,77465.02,77449.04,77461.68,10472
1784617380,2026-07-21T12:33:00,77457.66,77479.84,77456.29,77468.9,19730
1784617440,2026-07-21T12:34:00,77471.94,77489.57,77468.43,77472.16,20531
1784617500,2026-07-21T12:35:00,77474.13,77480.77,77469.87,77470.72,11644
1784617560,2026-07-21T12:36:00,77470.53,77488.27,77469.82,77482.42,10669
1784617620,2026-07-21T12:37:00,77479.7,77497.33,77479.7,77494.46,607650
1784617680,2026-07-21T12:38:00,77494.46,77505.14,77485.46,77497.94,8047
1784617740,2026-07-21T12:39:00,77496.77,77500.6,77466.61,77467.44,117961
1784617800,2026-07-21T12:40:00,77465.31,77469.75,77451.02,77453.31,15145
1784617860,2026-07-21T12:41:00,77453.53,77463.86,77450.37,77463.51,7086
1784617920,2026-07-21T12:42:00,77461.71,77462.29,77434.86,77441.98,43627
1784617980,2026-07-21T12:43:00,77441.98,77448.33,77434.89,77448.11,13189
1784618040,2026-07-21T12:44:00,77448.11,77451.18,77431.47,77444.99,18821
1784618100,2026-07-21T12:45:00,77442.11,77456.42,77442.11,77448.08,298075
1784618160,2026-07-21T12:46:00,77448.08,77452.94,77441.1,77442.96,9664
1784618220,2026-07-21T12:47:00,77440.18,77448.62,77440.12,77442.63,21286
1784618280,2026-07-21T12:48:00,77443.95,77447.15,77438.47,77444.74,12193
1784618340,2026-07-21T12:49:00,77445.87,77446.38,77429.25,77440.98,12326
1784618400,2026-07-21T12:50:00,77440.26,77453.01,77436.65,77442.63,10918
1784618460,2026-07-21T12:51:00,77437.84,77446.57,77426.97,77431.91,15220
1784618520,2026-07-21T12:52:00,77431.5,77431.79,77418.72,77424.45,8772
1784618580,2026-07-21T12:53:00,77421.24,77432.61,77414.78,77422.62,12842
1784618640,2026-07-21T12:54:00,77424.25,77440.27,77422.27,77433.22,14746
1784618700,2026-07-21T12:55:00,77430.57,77449.46,77430.57,77440.77,7210
1784618760,2026-07-21T12:56:00,77440.02,77444.78,77427.75,77429.15,6518
1784618820,2026-07-21T12:57:00,77429.6,77432.21,77421.21,77427.91,4665
1784618880,2026-07-21T12:58:00,77428.48,77433.53,77394.65,77400.38,14866
1784618940,2026-07-21T12:59:00,77402.6,77406.62,77379.42,77387.59,23532
1784619000,2026-07-21T13:00:00,77387.77,77396.17,77363.47,77363.47,18192
1784619060,2026-07-21T13:01:00,77360.54,77367.64,77337.33,77367.64,19811
1784619120,2026-07-21T13:02:00,77368.59,77385.58,77368.29,77369.64,11086
1784619180,2026-07-21T13:03:00,77368.27,77377.65,77350.91,77355.24,7749
1784619240,2026-07-21T13:04:00,77352.47,77366.0,77341.22,77344.32,11010
1784619300,2026-07-21T13:05:00,77346.2,77367.88,77341.72,77367.88,4254
1784619360,2026-07-21T13:06:00,77369.86,77380.45,77363.05,77373.18,14426
1784619420,2026-07-21T13:07:00,77374.98,77377.97,77358.52,77358.52,10235
1784619480,2026-07-21T13:08:00,77358.52,77363.58,77347.55,77356.73,6287
1784619540,2026-07-21T13:09:00,77356.93,77372.31,77351.22,77370.72,10514
1784619600,2026-07-21T13:10:00,77369.98,77388.51,77369.98,77380.52,24542
1784619660,2026-07-21T13:11:00,77377.67,77393.4,77374.83,77382.16,8765
1784619720,2026-07-21T13:12:00,77382.11,77387.05,77363.29,77386.16,7132
1784619780,2026-07-21T13:13:00,77384.32,77384.32,77365.79,77371.89,8254
1784619840,2026-07-21T13:14:00,77371.89,77381.99,77364.2,77364.2,13196
1784619900,2026-07-21T13:15:00,77365.32,77371.25,77354.43,77360.15,6296
1784619960,2026-07-21T13:16:00,77356.56,77367.58,77354.59,77358.87,16085
1784620020,2026-07-21T13:17:00,77357.58,77369.96,77357.26,77366.28,11798
1784620080,2026-07-21T13:18:00,77370.48,77386.1,77369.55,77386.1,18396
1784620140,2026-07-21T13:19:00,77380.31,77386.49,77372.18,77380.55,9311
1784620200,2026-07-21T13:20:00,77380.25,77387.89,77373.56,77385.33,7045
1784620260,2026-07-21T13:21:00,77385.33,77391.02,77377.43,77386.46,62704
1784620320,2026-07-21T13:22:00,77389.18,77400.98,77384.41,77400.98,21118
1784620380,2026-07-21T13:23:00,77405.12,77420.09,77400.76,77419.26,24252
1784620440,2026-07-21T13:24:00,77418.03,77420.08,77407.02,77416.47,21207
1784620500,2026-07-21T13:25:00,77416.59,77430.98,77411.08,77425.16,22924
1784620560,2026-07-21T13:26:00,77425.32,77437.96,77425.0,77435.38,6032
1784620620,2026-07-21T13:27:00,77432.24,77436.71,77415.84,77430.63,123356
1784620680,2026-07-21T13:28:00,77436.69,77443.11,77430.63,77433.69,111635
1784620740,2026-07-21T13:29:00,77434.03,77435.21,77416.74,77431.0,5988
1784620800,2026-07-21T13:30:00,77432.05,77442.57,77424.87,77430.35,11237
1784620860,2026-07-21T13:31:00,77424.86,77442.09,77424.86,77437.73,5098
1784620920,2026-07-21T13:32:00,77437.06,77444.77,77434.75,77442.46,10875
1784620980,2026-07-21T13:33:00,77440.04,77447.24,77436.2,77443.54,36334
1784621040,2026-07-21T13:34:00,77445.7,77454.51,77443.05,77454.51,23774
1784621100,2026-07-21T13:35:00,77453.63,77467.4,77453.02,77459.72,15784
1784621160,2026-07-21T13:36:00,77459.23,77479.34,77459.23,77476.81,18559
1784621220,2026-07-21T13:37:00,77475.59,77488.48,77475.59,77486.05,9053
1784621280,2026-07-21T13:38:00,77486.08,77494.12,77482.05,77491.64,11097
1784621340,2026-07-21T13:39:00,77488.43,77494.63,77485.35,77491.84,11946
1784621400,2026-07-21T13:40:00,77491.56,77497.07,77485.44,77490.33,16846
1784621460,2026-07-21T13:41:00,77491.01,77496.28,77484.2,77488.22,64017
1784621520,2026-07-21T13:42:00,77490.27,77491.12,77465.15,77469.6,66366
1784621580,2026-07-21T13:43:00,77469.6,77470.32,77449.22,77466.35,22234
1784621640,2026-07-21T13:44:00,77466.2,77488.51,77461.52,77486.19,19892
1784621700,2026-07-21T13:45:00,77486.72,77486.72,77472.04,77480.4,12601
1784621760,2026-07-21T13:46:00,77479.43,77485.27,77468.93,77478.69,12179
1784621820,2026-07-21T13:47:00,77474.13,77477.02,77455.7,77465.32,18869
1784621880,2026-07-21T13:48:00,77463.9,77473.61,77459.03,77463.67,15498
1784621940,2026-07-21T13:49:00,77464.47,77469.78,77449.75,77468.7,18459
1784622000,2026-07-21T13:50:00,77469.26,77483.48,77463.21,77465.75,27477
1784622060,2026-07-21T13:51:00,77462.94,77463.56,77441.29,77454.51,23175
1784622120,2026-07-21T13:52:00,77454.51,77460.66,77449.43,77450.3,11630
1784622180,2026-07-21T13:53:00,77455.73,77463.45,77450.18,77458.81,587923
1784622240,2026-07-21T13:54:00,77455.49,77460.81,77449.22,77453.19,9827
1784622300,2026-07-21T13:55:00,77451.48,77451.48,77421.01,77421.04,29172
1784622360,2026-07-21T13:56:00,77417.14,77424.13,77398.33,77400.78,40087
1784622420,2026-07-21T13:57:00,77400.14,77407.0,77391.29,77397.13,11317
1784622480,2026-07-21T13:58:00,77396.2,77411.99,77396.02,77401.47,8131
1784622540,2026-07-21T13:59:00,77401.61,77402.37,77384.9,77390.67,16290
1784622600,2026-07-21T14:00:00,77390.67,77426.47,77388.14,77424.7,10546
1784622660,2026-07-21T14:01:00,77421.7,77440.59,77416.88,77429.74,15053
1784622720,2026-07-21T14:02:00,77430.35,77438.63,77426.49,77434.12,13724
1784622780,2026-07-21T14:03:00,77436.89,77445.94,77434.55,77440.09,7764
1784622840,2026-07-21T14:04:00,77441.82,77441.82,77422.61,77438.08,8954
1784622900,2026-07-21T14:05:00,77438.08,77449.78,77429.75,77449.54,14195
1784622960,2026-07-21T14:06:00,77449.25,77451.04,77438.09,77446.19,12152
1784623020,2026-07-21T14:07:00,77443.7,77446.28,77429.18,77435.28,9385
1784623080,2026-07-21T14:08:00,77438.04,77442.54,77416.0,77416.0,16698
1784623140,2026-07-21T14:09:00,77415.7,77418.42,77391.32,77398.17,26660
1784623200,2026-07-21T14:10:00,77395.89,77401.75,77389.48,77391.72,6726
1784623260,2026-07-21T14:11:00,77391.72,77401.05,77382.76,77382.76,20443
1784623320,2026-07-21T14:12:00,77382.69,77404.91,77382.69,77401.74,13636
1784623380,2026-07-21T14:13:00,77403.37,77405.98,77386.05,77394.15,14882
1784623440,2026-07-21T14:14:00,77393.14,77399.83,77387.52,77396.82,9265
1784623500,2026-07-21T14:15:00,77396.16,77410.24,77394.49,77406.87,21047
1784623560,2026-07-21T14:16:00,77403.58,77413.11,77389.35,77389.35,10392
1784623620,2026-07-21T14:17:00,77389.17,77389.17,77355.44,77376.45,36128
1784623680,2026-07-21T14:18:00,77378.83,77401.05,77368.15,77368.15,33300
1784623740,2026-07-21T14:19:00,77374.58,77441.7,77368.86,77441.7,38899
1784623800,2026-07-21T14:20:00,77439.94,77441.52,77404.42,77418.89,13304
1784623860,2026-07-21T14:21:00,77416.53,77423.93,77405.17,77411.78,12788
1784623920,2026-07-21T14:22:00,77410.96,77427.76,77410.96,77417.84,13439
1784623980,2026-07-21T14:23:00,77417.84,77440.18,77416.2,77436.65,10241
1784624040,2026-07-21T14:24:00,77434.21,77440.72,77423.63,77432.74,12489
1784624100,2026-07-21T14:25:00,77431.61,77436.21,77420.76,77421.18,9286
1784624160,2026-07-21T14:26:00,77418.9,77428.99,77412.46,77415.31,13118
1784624220,2026-07-21T14:27:00,77412.79,77434.98,77411.17,77434.57,7245
1784624280,2026-07-21T14:28:00,77435.83,77443.66,77426.85,77427.84,10976
1784624340,2026-07-21T14:29:00,77424.47,77431.58,77411.7,77422.43,12986
1784624400,2026-07-21T14:30:00,77420.1,77420.65,77384.85,77399.64,20985
1784624460,2026-07-21T14:31:00,77399.54,77422.71,77392.41,77421.7,23563
1784624520,2026-07-21T14:32:00,77423.86,77430.89,77410.37,77424.23,10661
1784624580,2026-07-21T14:33:00,77423.85,77428.9,77403.67,77405.6,71648
1784624640,2026-07-21T14:34:00,77405.43,77411.88,77399.08,77408.39,8187
1784624700,2026-07-21T14:35:00,77405.49,77428.71,77404.59,77422.58,11695
1784624760,2026-07-21T14:36:00,77423.69,77428.22,77366.31,77374.31,16884
1784624820,2026-07-21T14:37:00,77374.65,77392.47,77369.72,77377.27,128171
1784624880,2026-07-21T14:38:00,77375.8,77390.12,77369.97,77380.87,122406
1784624940,2026-07-21T14:39:00,77381.66,77383.63,77366.97,77375.04,99432
1784625000,2026-07-21T14:40:00,77374.12,77386.53,77369.72,77380.56,36707
1784625060,2026-07-21T14:41:00,77378.25,77399.35,77374.65,77399.35,15605
1784625120,2026-07-21T14:42:00,77397.88,77411.22,77396.58,77401.38,16307
1784625180,2026-07-21T14:43:00,77404.31,77414.97,77403.58,77408.11,17169
1784625240,2026-07-21T14:44:00,77407.73,77414.82,77405.68,77413.96,21730
1784625300,2026-07-21T14:45:00,77414.61,77428.04,77411.39,77422.67,141041
1784625360,2026-07-21T14:46:00,77423.26,77428.12,77419.87,77424.53,279463
1784625420,2026-07-21T14:47:00,77422.19,77422.19,77401.03,77401.03,21169
1784625480,2026-07-21T14:48:00,77397.24,77434.5,77396.75,77433.4,22398
1784625540,2026-07-21T14:49:00,77437.06,77455.99,77437.06,77455.7,33941
1784625600,2026-07-21T14:50:00,77463.14,77463.14,77430.6,77432.56,47588
1784625660,2026-07-21T14:51:00,77428.01,77439.77,77421.11,77425.72,33294
1784625720,2026-07-21T14:52:00,77428.47,77428.47,77406.82,77406.82,34225
1784625780,2026-07-21T14:53:00,77402.96,77442.65,77402.96,77442.65,27060
1784625840,2026-07-21T14:54:00,77443.42,77456.57,77442.42,77444.75,27337
1784625900,2026-07-21T14:55:00,77443.51,77447.25,77433.1,77440.25,30580
1784625960,2026-07-21T14:56:00,77444.56,77479.02,77438.47,77478.38,28883
1784626020,2026-07-21T14:57:00,77478.19,77486.26,77458.91,77486.26,26321
1784626080,2026-07-21T14:58:00,77483.36,77489.42,77474.31,77483.6,15535
1784626140,2026-07-21T14:59:00,77483.6,77498.23,77474.35,77474.35,22653
1784626200,2026-07-21T15:00:00,77476.96,77506.29,77465.23,77504.1,27759
1784626260,2026-07-21T15:01:00,77506.3,77508.88,77474.99,77479.77,25954
1784626320,2026-07-21T15:02:00,77481.98,77500.78,77478.7,77499.51,20027
1784626380,2026-07-21T15:03:00,77498.02,77502.87,77483.2,77487.05,18131
1784626440,2026-07-21T15:04:00,77486.98,77486.98,77453.64,77453.64,20818
1784626500,2026-07-21T15:05:00,77457.2,77474.42,77456.16,77469.43,31305
1784626560,2026-07-21T15:06:00,77466.41,77493.26,77466.41,77478.77,20370
1784626620,2026-07-21T15:07:00,77481.27,77481.4,77461.43,77481.4,30166
1784626680,2026-07-21T15:08:00,77476.65,77488.23,77476.18,77476.18,30551
1784626740,2026-07-21T15:09:00,77477.61,77484.02,77462.64,77462.64,22104
1784626800,2026-07-21T15:10:00,77464.04,77473.54,77453.49,77459.46,21003
1784626860,2026-07-21T15:11:00,77454.19,77471.0,77452.15,77468.66,29059
1784626920,2026-07-21T15:12:00,77465.63,77472.86,77457.39,77464.2,49793
1784626980,2026-07-21T15:13:00,77465.2,77473.24,77462.83,77465.02,650279
1784627040,2026-07-21T15:14:00,77469.13,77472.97,77451.89,77466.24,32141
1784627100,2026-07-21T15:15:00,77468.77,77471.39,77454.81,77459.14,50995
1784627160,2026-07-21T15:16:00,77456.23,77477.61,77451.81,77471.81,35885
1784627220,2026-07-21T15:17:00,77470.52,77489.88,77470.08,77481.3,22727
1784627280,2026-07-21T15:18:00,77480.78,77495.42,77477.62,77483.45,25575
1784627340,2026-07-21T15:19:00,77486.51,77487.15,77466.95,77466.95,31507
1784627400,2026-07-21T15:20:00,77468.65,77477.21,77450.82,77473.67,33237
1784627460,2026-07-21T15:21:00,77477.61,77478.87,77456.43,77470.95,124241
1784627520,2026-07-21T15:22:00,77472.37,77482.07,77464.84,77472.93,24574
1784627580,2026-07-21T15:23:00,77477.13,77481.73,77472.11,77478.22,37563
1784627640,2026-07-21T15:24:00,77477.54,77480.8,77457.5,77466.25,43673
1784627700,2026-07-21T15:25:00,77466.34,77466.34,77453.45,77455.11,22057
1784627760,2026-07-21T15:26:00,77451.66,77479.54,77451.66,77469.1,29687
1784627820,2026-07-21T15:27:00,77466.25,77487.13,77447.83,77480.39,37377
1784627880,2026-07-21T15:28:00,77491.53,77491.53,77470.87,77483.94,70847
1784627940,2026-07-21T15:29:00,77483.22,77493.22,77465.42,77471.04,29741
1784691900,2026-07-22T09:15:00,77384.95,77384.95,77100.18,77100.41,169754
1784691960,2026-07-22T09:16:00,77105.73,77166.8,77067.31,77104.41,177039
1784692020,2026-07-22T09:17:00,77116.67,77123.25,77076.03,77092.61,99700
1784692080,2026-07-22T09:18:00,77087.08,77094.39,77057.88,77094.39,71758
1784692140,2026-07-22T09:19:00,77095.21,77144.44,77094.24,77129.71,80478
1784692200,2026-07-22T09:20:00,77126.3,77142.39,77112.43,77142.39,59608
1784692260,2026-07-22T09:21:00,77146.02,77176.04,77097.57,77097.57,68654
1784692320,2026-07-22T09:22:00,77100.1,77100.89,77063.6,77087.45,59962
1784692380,2026-07-22T09:23:00,77095.9,77114.74,77084.11,77084.11,42039
1784692440,2026-07-22T09:24:00,77087.84,77122.09,77087.84,77119.61,31717
1784692500,2026-07-22T09:25:00,77118.03,77120.4,77102.2,77104.36,38405
1784692560,2026-07-22T09:26:00,77098.33,77101.89,77055.79,77062.69,57942
1784692620,2026-07-22T09:27:00,77061.76,77061.76,77015.24,77023.22,59391
1784692680,2026-07-22T09:28:00,77027.51,77040.41,76992.69,76995.77,38822
1784692740,2026-07-22T09:29:00,76998.11,77007.79,76960.68,76979.69,1535453
1784692800,2026-07-22T09:30:00,76974.19,77004.01,76968.83,76983.32,58188
1784692860,2026-07-22T09:31:00,76983.35,76991.26,76930.16,76930.16,47387
1784692920,2026-07-22T09:32:00,76928.2,76932.14,76889.92,76926.23,45146
1784692980,2026-07-22T09:33:00,76921.51,76929.83,76901.68,76917.58,27126
1784693040,2026-07-22T09:34:00,76917.16,76917.16,76888.5,76896.5,32613
1784693100,2026-07-22T09:35:00,76891.04,76892.82,76870.6,76877.68,47560
1784693160,2026-07-22T09:36:00,76880.76,76882.59,76861.55,76871.06,125718
1784693220,2026-07-22T09:37:00,76872.23,76876.71,76863.25,76876.71,20642
1784693280,2026-07-22T09:38:00,76878.72,76914.53,76878.07,76913.14,21133
1784693340,2026-07-22T09:39:00,76910.14,76912.07,76883.4,76895.47,34177
1784693400,2026-07-22T09:40:00,76894.67,76899.48,76881.26,76889.88,32593
1784693460,2026-07-22T09:41:00,76888.15,76904.14,76887.74,76899.04,33974
1784693520,2026-07-22T09:42:00,76897.7,76921.95,76889.86,76910.99,48641
1784693580,2026-07-22T09:43:00,76906.33,76917.18,76899.92,76908.87,42071
1784693640,2026-07-22T09:44:00,76906.84,76921.41,76898.02,76900.08,21498
1784693700,2026-07-22T09:45:00,76900.27,76919.42,76898.3,76910.59,34413
1784693760,2026-07-22T09:46:00,76910.59,76917.43,76884.24,76885.96,33086
1784693820,2026-07-22T09:47:00,76883.63,76887.1,76856.58,76862.22,24399
1784693880,2026-07-22T09:48:00,76858.36,76875.52,76854.65,76868.54,13145
1784693940,2026-07-22T09:49:00,76868.14,76873.64,76854.55,76866.04,19629
1784694000,2026-07-22T09:50:00,76864.7,76885.41,76851.19,76885.41,35998
1784694060,2026-07-22T09:51:00,76886.17,76903.97,76882.77,76888.74,18747
1784694120,2026-07-22T09:52:00,76893.9,76919.37,76874.12,76909.68,40739
1784694180,2026-07-22T09:53:00,76906.13,76909.32,76868.71,76896.07,30939
1784694240,2026-07-22T09:54:00,76907.2,76907.29,76892.36,76897.73,30573
1784694300,2026-07-22T09:55:00,76896.43,76901.4,76881.4,76888.24,16018
1784694360,2026-07-22T09:56:00,76887.61,76887.69,76870.29,76870.29,18121
1784694420,2026-07-22T09:57:00,76869.04,76893.27,76868.25,76890.95,36780
1784694480,2026-07-22T09:58:00,76896.22,76900.89,76890.21,76895.92,21602
1784694540,2026-07-22T09:59:00,76895.14,76905.06,76888.37,76897.47,14970
1784694600,2026-07-22T10:00:00,76894.96,76899.69,76878.83,76887.28,13273
1784694660,2026-07-22T10:01:00,76887.28,76893.54,76879.74,76886.24,20657
1784694720,2026-07-22T10:02:00,76885.48,76917.74,76864.9,76915.45,16409
1784694780,2026-07-22T10:03:00,76914.32,76937.83,76895.73,76915.54,19821
1784694840,2026-07-22T10:04:00,76910.39,76925.58,76909.97,76912.7,17870
1784694900,2026-07-22T10:05:00,76912.51,76926.95,76901.3,76924.64,37491
1784694960,2026-07-22T10:06:00,76925.81,76977.49,76925.81,76973.64,22977
1784695020,2026-07-22T10:07:00,76977.01,76994.77,76966.4,76994.77,23027
1784695080,2026-07-22T10:08:00,76995.29,76998.03,76979.68,76989.97,23402
1784695140,2026-07-22T10:09:00,76988.4,76999.16,76983.42,76996.81,17235
1784695200,2026-07-22T10:10:00,76996.12,76996.12,76973.9,76977.98,10654
1784695260,2026-07-22T10:11:00,76978.59,76981.83,76966.23,76966.42,24774
1784695320,2026-07-22T10:12:00,76966.28,76974.18,76962.19,76970.48,14425
1784695380,2026-07-22T10:13:00,76970.66,76976.29,76961.19,76970.43,5889
1784695440,2026-07-22T10:14:00,76971.33,76977.08,76933.12,76933.6,26248
1784695500,2026-07-22T10:15:00,76932.93,76932.93,76918.63,76926.66,15727
1784695560,2026-07-22T10:16:00,76928.93,76929.54,76894.53,76897.51,25705
1784695620,2026-07-22T10:17:00,76897.82,76905.19,76891.86,76895.35,15271
1784695680,2026-07-22T10:18:00,76895.23,76903.03,76886.29,76901.02,9266
1784695740,2026-07-22T10:19:00,76899.64,76904.12,76884.81,76894.74,42629
1784695800,2026-07-22T10:20:00,76898.54,76901.74,76883.7,76888.8,21967
1784695860,2026-07-22T10:21:00,76886.19,76889.68,76871.73,76872.65,28942
1784695920,2026-07-22T10:22:00,76875.25,76883.3,76861.51,76863.2,11627
1784695980,2026-07-22T10:23:00,76859.64,76864.14,76826.09,76829.46,32127
1784696040,2026-07-22T10:24:00,76829.29,76832.73,76818.08,76819.38,21669
1784696100,2026-07-22T10:25:00,76818.77,76820.07,76785.56,76786.0,20375
1784696160,2026-07-22T10:26:00,76781.98,76781.98,76733.91,76739.24,48683
1784696220,2026-07-22T10:27:00,76735.15,76769.86,76722.21,76765.03,43038
1784696280,2026-07-22T10:28:00,76764.85,76813.83,76764.85,76809.06,13973
1784696340,2026-07-22T10:29:00,76810.48,76836.43,76810.48,76836.43,18533
1784696400,2026-07-22T10:30:00,76833.83,76843.27,76822.53,76835.17,214617
1784696460,2026-07-22T10:31:00,76835.01,76847.24,76829.82,76836.36,10954
1784696520,2026-07-22T10:32:00,76836.9,76838.25,76796.33,76801.91,17671
1784696580,2026-07-22T10:33:00,76800.3,76820.99,76794.47,76816.89,15222
1784696640,2026-07-22T10:34:00,76814.3,76822.84,76806.2,76813.54,14694
1784696700,2026-07-22T10:35:00,76813.25,76814.14,76802.31,76814.14,69042
1784696760,2026-07-22T10:36:00,76811.49,76825.49,76805.92,76809.28,16798
1784696820,2026-07-22T10:37:00,76812.65,76813.74,76799.01,76808.42,8993
1784696880,2026-07-22T10:38:00,76806.95,76807.43,76791.4,76792.49,10064
1784696940,2026-07-22T10:39:00,76791.52,76800.6,76784.86,76791.61,9957
1784697000,2026-07-22T10:40:00,76792.54,76798.27,76783.33,76788.03,13367
1784697060,2026-07-22T10:41:00,76789.99,76797.41,76775.24,76781.35,15623
1784697120,2026-07-22T10:42:00,76781.65,76787.97,76774.97,76780.3,10513
1784697180,2026-07-22T10:43:00,76775.38,76775.38,76766.22,76767.77,11472
1784697240,2026-07-22T10:44:00,76767.8,76770.67,76760.09,76760.52,9845
1784697300,2026-07-22T10:45:00,76757.95,76796.43,76754.57,76796.43,23802
1784697360,2026-07-22T10:46:00,76798.08,76816.84,76791.96,76810.51,14436
1784697420,2026-07-22T10:47:00,76810.25,76821.31,76806.52,76819.57,8733
1784697480,2026-07-22T10:48:00,76819.05,76835.78,76810.98,76829.09,10913
1784697540,2026-07-22T10:49:00,76826.71,76843.98,76825.8,76834.97,20838
1784697600,2026-07-22T10:50:00,76832.9,76832.9,76818.77,76825.59,270563
1784697660,2026-07-22T10:51:00,76826.77,76840.34,76821.27,76834.99,8286
1784697720,2026-07-22T10:52:00,76840.37,76850.27,76835.4,76850.27,11813
1784697780,2026-07-22T10:53:00,76850.87,76858.54,76842.23,76845.9,9139
1784697840,2026-07-22T10:54:00,76844.55,76857.51,76843.3,76850.86,6993
1784697900,2026-07-22T10:55:00,76850.2,76868.41,76846.18,76854.66,11213
1784697960,2026-07-22T10:56:00,76854.1,76877.63,76848.69,76877.63,8782
1784698020,2026-07-22T10:57:00,76878.91,76896.39,76877.9,76892.04,13520
1784698080,2026-07-22T10:58:00,76892.49,76895.65,76871.63,76875.36,113289
1784698140,2026-07-22T10:59:00,76876.36,76888.19,76873.71,76888.04,4664
1784698200,2026-07-22T11:00:00,76888.01,76891.34,76867.73,76870.21,9172
1784698260,2026-07-22T11:01:00,76871.96,76871.96,76853.24,76853.38,11554
1784698320,2026-07-22T11:02:00,76848.57,76853.85,76838.74,76841.36,11798
1784698380,2026-07-22T11:03:00,76841.07,76862.08,76837.79,76856.28,17828
1784698440,2026-07-22T11:04:00,76856.58,76861.49,76844.36,76857.9,10077
1784698500,2026-07-22T11:05:00,76858.38,76862.79,76844.49,76847.01,54431
1784698560,2026-07-22T11:06:00,76844.39,76851.85,76833.74,76833.74,10462
1784698620,2026-07-22T11:07:00,76830.85,76853.72,76830.85,76848.94,10885
1784698680,2026-07-22T11:08:00,76849.99,76864.47,76847.67,76864.47,7638
1784698740,2026-07-22T11:09:00,76863.5,76870.03,76853.05,76866.46,8765
1784698800,2026-07-22T11:10:00,76873.91,76875.32,76858.9,76866.75,13270
1784698860,2026-07-22T11:11:00,76863.81,76863.81,76848.76,76859.52,19753
1784698920,2026-07-22T11:12:00,76861.23,76861.23,76838.68,76840.09,18882
1784698980,2026-07-22T11:13:00,76840.03,76847.29,76830.98,76830.98,4809
1784699040,2026-07-22T11:14:00,76830.08,76838.95,76824.01,76826.5,10065
1784699100,2026-07-22T11:15:00,76827.01,76829.58,76819.97,76829.28,5246
1784699160,2026-07-22T11:16:00,76830.37,76839.28,76827.12,76834.7,8349
1784699220,2026-07-22T11:17:00,76834.82,76864.64,76834.82,76863.67,15069
1784699280,2026-07-22T11:18:00,76860.23,76873.54,76857.66,76862.14,10405
1784699340,2026-07-22T11:19:00,76864.72,76869.39,76857.54,76868.51,9941
1784699400,2026-07-22T11:20:00,76868.23,76874.59,76854.32,76867.46,21382
1784699460,2026-07-22T11:21:00,76870.4,76890.29,76869.48,76887.46,13772
1784699520,2026-07-22T11:22:00,76887.46,76901.1,76884.13,76894.31,7329
1784699580,2026-07-22T11:23:00,76897.52,76909.95,76894.33,76903.55,18117
1784699640,2026-07-22T11:24:00,76903.29,76911.2,76900.37,76907.65,14149
1784699700,2026-07-22T11:25:00,76908.08,76921.17,76907.69,76921.17,13309
1784699760,2026-07-22T11:26:00,76921.39,76921.39,76903.18,76910.96,29897
1784699820,2026-07-22T11:27:00,76910.96,76912.98,76897.62,76906.51,8542
1784699880,2026-07-22T11:28:00,76906.51,76911.74,76897.99,76909.73,8866
1784699940,2026-07-22T11:29:00,76910.33,76918.91,76899.82,76914.64,17096
1784700000,2026-07-22T11:30:00,76921.01,76930.34,76916.64,76921.64,25869
1784700060,2026-07-22T11:31:00,76919.63,76929.77,76917.64,76921.26,10805
1784700120,2026-07-22T11:32:00,76921.26,76925.64,76912.65,76924.02,6249
1784700180,2026-07-22T11:33:00,76921.67,76935.85,76921.67,76932.35,15791
1784700240,2026-07-22T11:34:00,76928.56,76935.94,76926.97,76933.81,18292
1784700300,2026-07-22T11:35:00,76935.35,76941.8,76928.96,76930.39,18281
1784700360,2026-07-22T11:36:00,76930.99,76932.51,76913.92,76925.41,17985
1784700420,2026-07-22T11:37:00,76925.41,76925.41,76905.56,76909.17,72605
1784700480,2026-07-22T11:38:00,76909.89,76912.69,76902.81,76910.46,124719
1784700540,2026-07-22T11:39:00,76908.94,76920.85,76905.77,76919.1,71650
1784700600,2026-07-22T11:40:00,76918.59,76922.66,76912.01,76915.04,7229
1784700660,2026-07-22T11:41:00,76917.54,76919.94,76907.24,76917.42,8152
1784700720,2026-07-22T11:42:00,76917.42,76922.79,76912.65,76921.96,7981
1784700780,2026-07-22T11:43:00,76921.19,76930.41,76917.62,76920.43,18346
1784700840,2026-07-22T11:44:00,76919.09,76926.52,76912.88,76922.8,9348
1784700900,2026-07-22T11:45:00,76923.1,76928.02,76918.7,76923.96,5501
1784700960,2026-07-22T11:46:00,76920.05,76927.64,76916.67,76924.93,5886
1784701020,2026-07-22T11:47:00,76926.07,76927.19,76918.09,76918.87,9052
1784701080,2026-07-22T11:48:00,76920.67,76932.27,76920.67,76925.19,8130
1784701140,2026-07-22T11:49:00,76925.19,76927.01,76902.25,76902.25,5938
1784701200,2026-07-22T11:50:00,76901.65,76915.91,76893.8,76913.5,11014
1784701260,2026-07-22T11:51:00,76913.1,76919.0,76906.3,76916.99,7919
1784701320,2026-07-22T11:52:00,76916.99,76916.99,76900.82,76901.63,119109
1784701380,2026-07-22T11:53:00,76900.53,76910.4,76895.14,76895.14,22681
1784701440,2026-07-22T11:54:00,76894.87,76898.15,76883.19,76883.69,35356
1784701500,2026-07-22T11:55:00,76881.81,76885.46,76866.83,76877.18,8181
1784701560,2026-07-22T11:56:00,76875.56,76884.13,76873.41,76882.04,23908
1784701620,2026-07-22T11:57:00,76881.82,76885.47,76867.09,76871.42,5936
1784701680,2026-07-22T11:58:00,76871.42,76877.7,76865.98,76869.01,17010
1784701740,2026-07-22T11:59:00,76868.13,76870.07,76852.6,76860.25,310292
1784701800,2026-07-22T12:00:00,76859.15,76859.15,76826.82,76826.82,19232
1784701860,2026-07-22T12:01:00,76829.24,76829.24,76807.97,76814.05,24773
1784701920,2026-07-22T12:02:00,76814.7,76814.7,76776.49,76783.15,273534
1784701980,2026-07-22T12:03:00,76785.34,76801.21,76785.34,76796.51,12653
1784702040,2026-07-22T12:04:00,76796.5,76811.44,76794.24,76807.3,7026
1784702100,2026-07-22T12:05:00,76806.08,76814.19,76801.84,76808.55,18850
1784702160,2026-07-22T12:06:00,76808.08,76834.44,76806.55,76832.19,24853
1784702220,2026-07-22T12:07:00,76832.04,76838.47,76825.05,76832.79,22413
1784702280,2026-07-22T12:08:00,76830.13,76830.58,76817.36,76819.81,7738
1784702340,2026-07-22T12:09:00,76819.31,76820.96,76791.36,76791.36,15801
1784702400,2026-07-22T12:10:00,76790.22,76794.03,76782.16,76783.07,9010
1784702460,2026-07-22T12:11:00,76784.41,76806.6,76784.41,76806.16,13597
1784702520,2026-07-22T12:12:00,76799.85,76805.47,76790.13,76790.13,15023
1784702580,2026-07-22T12:13:00,76791.03,76796.18,76777.38,76785.42,6566
1784702640,2026-07-22T12:14:00,76785.42,76790.54,76777.29,76777.47,26491
1784702700,2026-07-22T12:15:00,76776.57,76777.1,76767.07,76772.67,6045
1784702760,2026-07-22T12:16:00,76772.78,76789.2,76772.39,76787.56,5957
1784702820,2026-07-22T12:17:00,76787.56,76789.18,76772.25,76773.66,12707
1784702880,2026-07-22T12:18:00,76773.38,76777.04,76747.51,76753.16,9127
1784702940,2026-07-22T12:19:00,76753.51,76756.51,76721.48,76727.07,11072
1784703000,2026-07-22T12:20:00,76722.1,76722.1,76668.76,76679.46,34081
1784703060,2026-07-22T12:21:00,76684.58,76713.37,76684.58,76710.34,14325
1784703120,2026-07-22T12:22:00,76709.99,76715.17,76697.66,76697.66,14086
1784703180,2026-07-22T12:23:00,76695.93,76729.27,76695.93,76728.97,7869
1784703240,2026-07-22T12:24:00,76728.97,76747.52,76725.24,76743.02,11489
1784703300,2026-07-22T12:25:00,76743.32,76753.21,76742.84,76745.5,13392
1784703360,2026-07-22T12:26:00,76745.5,76754.78,76740.42,76747.3,10888
1784703420,2026-07-22T12:27:00,76747.3,76764.89,76736.98,76743.78,10792
1784703480,2026-07-22T12:28:00,76745.19,76745.19,76715.75,76724.35,9636
1784703540,2026-07-22T12:29:00,76724.49,76727.91,76713.78,76719.66,15978
1784703600,2026-07-22T12:30:00,76717.71,76717.71,76692.56,76706.62,23781
1784703660,2026-07-22T12:31:00,76704.87,76705.3,76684.26,76689.65,108147
1784703720,2026-07-22T12:32:00,76689.65,76693.16,76678.08,76692.51,6385
1784703780,2026-07-22T12:33:00,76689.94,76695.34,76660.47,76671.47,14704
1784703840,2026-07-22T12:34:00,76670.4,76709.74,76670.1,76699.85,18065
1784703900,2026-07-22T12:35:00,76703.06,76704.4,76688.22,76693.88,13799
1784703960,2026-07-22T12:36:00,76693.17,76698.61,76665.24,76666.53,12264
1784704020,2026-07-22T12:37:00,76668.97,76701.37,76667.42,76669.76,16562
1784704080,2026-07-22T12:38:00,76671.3,76700.53,76647.11,76657.62,19569
1784704140,2026-07-22T12:39:00,76676.97,76682.78,76659.76,76666.37,16852
1784704200,2026-07-22T12:40:00,76665.25,76673.5,76641.19,76672.17,6372
1784704260,2026-07-22T12:41:00,76670.65,76677.6,76648.95,76664.66,36600
1784704320,2026-07-22T12:42:00,76664.61,76723.46,76660.55,76718.06,21781
1784704380,2026-07-22T12:43:00,76712.03,76726.75,76686.87,76723.61,11628
1784704440,2026-07-22T12:44:00,76722.91,76725.55,76692.85,76723.12,23798
1784704500,2026-07-22T12:45:00,76724.33,76727.98,76713.84,76721.98,12975
1784704560,2026-07-22T12:46:00,76721.98,76724.16,76709.46,76713.68,11347
1784704620,2026-07-22T12:47:00,76717.88,76720.94,76709.13,76717.12,7965
1784704680,2026-07-22T12:48:00,76735.64,76771.16,76735.64,76769.06,14607
1784704740,2026-07-22T12:49:00,76765.84,76793.49,76765.84,76788.98,6755
1784704800,2026-07-22T12:50:00,76788.09,76800.77,76786.45,76794.75,9752
1784704860,2026-07-22T12:51:00,76790.72,76797.87,76788.26,76797.87,7745
1784704920,2026-07-22T12:52:00,76798.13,76811.35,76794.73,76808.06,9754
1784704980,2026-07-22T12:53:00,76808.23,76821.4,76804.64,76804.64,6088
1784705040,2026-07-22T12:54:00,76807.37,76807.37,76792.65,76794.88,6612
1784705100,2026-07-22T12:55:00,76793.26,76800.07,76791.48,76799.79,5637
1784705160,2026-07-22T12:56:00,76794.94,76806.31,76790.47,76800.5,6705
1784705220,2026-07-22T12:57:00,76795.35,76799.17,76790.64,76798.67,9680
1784705280,2026-07-22T12:58:00,76800.63,76818.12,76799.35,76808.72,13044
1784705340,2026-07-22T12:59:00,76809.04,76809.04,76787.7,76789.17,6454
1784705400,2026-07-22T13:00:00,76784.98,76788.61,76774.14,76774.83,8859
1784705460,2026-07-22T13:01:00,76766.83,76767.19,76745.35,76752.19,13604
1784705520,2026-07-22T13:02:00,76752.19,76761.22,76741.62,76760.16,28405
1784705580,2026-07-22T13:03:00,76760.51,76760.73,76739.08,76742.69,7664
1784705640,2026-07-22T13:04:00,76743.5,76743.5,76719.33,76719.33,12128
1784705700,2026-07-22T13:05:00,76717.84,76728.11,76715.59,76720.21,17581
1784705760,2026-07-22T13:06:00,76720.21,76736.54,76717.35,76735.81,8323
1784705820,2026-07-22T13:07:00,76729.08,76739.14,76725.49,76735.11,12920
1784705880,2026-07-22T13:08:00,76732.64,76751.29,76730.63,76744.72,10787
1784705940,2026-07-22T13:09:00,76744.11,76745.47,76733.33,76733.33,10604
1784706000,2026-07-22T13:10:00,76734.52,76746.43,76730.11,76743.64,11267
1784706060,2026-07-22T13:11:00,76746.66,76764.71,76714.08,76715.02,30765
1784706120,2026-07-22T13:12:00,76713.41,76715.85,76672.48,76694.78,25975
1784706180,2026-07-22T13:13:00,76694.78,76701.61,76673.96,76692.1,11828
1784706240,2026-07-22T13:14:00,76694.05,76698.58,76666.67,76696.18,8488
1784706300,2026-07-22T13:15:00,76696.18,76707.48,76695.73,76704.92,5118
1784706360,2026-07-22T13:16:00,76704.99,76713.21,76700.0,76713.17,11496
1784706420,2026-07-22T13:17:00,76712.48,76723.45,76704.48,76719.39,6226
1784706480,2026-07-22T13:18:00,76719.12,76721.72,76712.54,76721.72,7954
1784706540,2026-07-22T13:19:00,76720.55,76724.32,76711.06,76713.53,13512
1784706600,2026-07-22T13:20:00,76714.45,76723.63,76712.16,76723.63,6232
1784706660,2026-07-22T13:21:00,76720.03,76723.67,76713.78,76717.04,19623
1784706720,2026-07-22T13:22:00,76715.9,76725.93,76691.88,76698.82,31944
1784706780,2026-07-22T13:23:00,76698.48,76712.35,76697.08,76712.13,6191
1784706840,2026-07-22T13:24:00,76712.21,76721.62,76706.68,76706.68,9338
1784706900,2026-07-22T13:25:00,76708.97,76715.14,76692.42,76698.04,11502
1784706960,2026-07-22T13:26:00,76698.04,76702.65,76688.74,76693.77,9111
1784707020,2026-07-22T13:27:00,76693.77,76705.05,76682.76,76705.05,10960
1784707080,2026-07-22T13:28:00,76705.05,76710.01,76694.22,76708.68,6984
1784707140,2026-07-22T13:29:00,76708.4,76722.68,76706.6,76709.78,5333
1784707200,2026-07-22T13:30:00,76713.45,76731.08,76706.98,76728.3,11479
1784707260,2026-07-22T13:31:00,76736.15,76736.15,76714.2,76718.4,14401
1784707320,2026-07-22T13:32:00,76722.13,76741.53,76721.78,76741.0,16614
1784707380,2026-07-22T13:33:00,76742.6,76742.6,76710.1,76723.61,12071
1784707440,2026-07-22T13:34:00,76722.73,76751.03,76722.6,76751.03,16348
1784707500,2026-07-22T13:35:00,76751.03,76795.5,76746.37,76784.82,39707
1784707560,2026-07-22T13:36:00,76792.55,76802.0,76789.0,76790.36,11152
1784707620,2026-07-22T13:37:00,76790.93,76791.63,76777.34,76784.25,7325
1784707680,2026-07-22T13:38:00,76785.66,76785.66,76765.49,76768.88,5624
1784707740,2026-07-22T13:39:00,76768.59,76770.92,76759.56,76766.54,5902
1784707800,2026-07-22T13:40:00,76766.82,76786.41,76763.34,76767.2,35238
1784707860,2026-07-22T13:41:00,76766.53,76770.39,76739.7,76739.7,14370
1784707920,2026-07-22T13:42:00,76742.86,76742.86,76686.6,76709.77,32781
1784707980,2026-07-22T13:43:00,76710.06,76742.42,76696.02,76742.42,19356
1784708040,2026-07-22T13:44:00,76742.42,76752.28,76741.86,76750.99,17876
1784708100,2026-07-22T13:45:00,76749.07,76749.07,76731.5,76738.46,4579
1784708160,2026-07-22T13:46:00,76736.97,76736.97,76717.17,76719.1,8048
1784708220,2026-07-22T13:47:00,76718.79,76721.63,76707.3,76713.21,8556
1784708280,2026-07-22T13:48:00,76713.21,76726.49,76711.42,76718.04,14344
1784708340,2026-07-22T13:49:00,76719.66,76723.16,76695.95,76700.58,21776
1784708400,2026-07-22T13:50:00,76705.53,76706.73,76694.43,76698.19,31498
1784708460,2026-07-22T13:51:00,76697.77,76704.07,76693.2,76697.91,12361
1784708520,2026-07-22T13:52:00,76698.66,76706.33,76695.56,76702.18,18451
1784708580,2026-07-22T13:53:00,76700.78,76711.31,76697.24,76709.52,10937
1784708640,2026-07-22T13:54:00,76708.05,76708.32,76687.34,76692.89,36783
1784708700,2026-07-22T13:55:00,76690.97,76694.79,76683.79,76688.86,8591
1784708760,2026-07-22T13:56:00,76688.68,76703.47,76688.68,76694.16,16702
1784708820,2026-07-22T13:57:00,76697.35,76702.79,76691.48,76695.43,19634
1784708880,2026-07-22T13:58:00,76697.31,76702.06,76687.48,76688.24,76613
1784708940,2026-07-22T13:59:00,76689.16,76700.02,76686.11,76697.48,5778
1784709000,2026-07-22T14:00:00,76693.34,76710.91,76682.12,76700.83,9325
1784709060,2026-07-22T14:01:00,76701.47,76709.99,76691.61,76709.99,4611
1784709120,2026-07-22T14:02:00,76709.54,76714.45,76701.07,76714.45,7401
1784709180,2026-07-22T14:03:00,76710.86,76714.77,76704.93,76708.35,23958
1784709240,2026-07-22T14:04:00,76708.1,76711.39,76690.43,76696.09,19332
1784709300,2026-07-22T14:05:00,76697.71,76705.28,76696.85,76697.76,14169
1784709360,2026-07-22T14:06:00,76697.76,76701.28,76688.89,76688.89,24315
1784709420,2026-07-22T14:07:00,76688.89,76704.42,76687.49,76695.12,8345
1784709480,2026-07-22T14:08:00,76694.86,76704.29,76690.32,76695.49,10791
1784709540,2026-07-22T14:09:00,76695.97,76708.32,76692.57,76696.06,8462
1784709600,2026-07-22T14:10:00,76697.75,76704.98,76693.96,76704.98,14309
1784709660,2026-07-22T14:11:00,76704.98,76709.38,76696.11,76701.83,16639
1784709720,2026-07-22T14:12:00,76700.21,76700.79,76660.41,76675.05,16919
1784709780,2026-07-22T14:13:00,76676.26,76698.47,76674.78,76696.83,9908
1784709840,2026-07-22T14:14:00,76696.47,76703.22,76683.39,76683.99,40645
1784709900,2026-07-22T14:15:00,76683.72,76695.25,76682.83,76691.28,4114
1784709960,2026-07-22T14:16:00,76689.76,76723.65,76689.76,76723.43,11828
1784710020,2026-07-22T14:17:00,76721.05,76739.61,76721.05,76736.04,7877
1784710080,2026-07-22T14:18:00,76736.04,76739.23,76716.74,76719.48,8636
1784710140,2026-07-22T14:19:00,76718.73,76730.73,76711.28,76724.87,16173
1784710200,2026-07-22T14:20:00,76724.77,76734.3,76720.68,76725.8,8357
1784710260,2026-07-22T14:21:00,76725.8,76727.72,76707.29,76709.66,8547
1784710320,2026-07-22T14:22:00,76709.16,76715.25,76701.99,76708.49,13572
1784710380,2026-07-22T14:23:00,76708.51,76708.51,76691.77,76706.35,9461
1784710440,2026-07-22T14:24:00,76706.23,76723.35,76705.04,76712.18,5413
1784710500,2026-07-22T14:25:00,76711.0,76723.51,76704.65,76710.49,10537
1784710560,2026-07-22T14:26:00,76712.12,76712.12,76696.45,76697.06,9513
1784710620,2026-07-22T14:27:00,76697.18,76706.03,76691.65,76702.66,7050
1784710680,2026-07-22T14:28:00,76702.31,76711.67,76693.4,76698.59,7635
1784710740,2026-07-22T14:29:00,76698.45,76699.89,76685.82,76693.05,6880
1784710800,2026-07-22T14:30:00,76693.7,76693.87,76674.05,76679.0,9292
1784710860,2026-07-22T14:31:00,76676.43,76681.43,76669.54,76675.74,7706
1784710920,2026-07-22T14:32:00,76674.71,76688.24,76674.41,76687.73,6556
1784710980,2026-07-22T14:33:00,76686.2,76700.05,76678.05,76700.05,9944
1784711040,2026-07-22T14:34:00,76701.1,76709.88,76694.45,76704.45,6609
1784711100,2026-07-22T14:35:00,76706.87,76731.05,76706.87,76730.43,15000
1784711160,2026-07-22T14:36:00,76729.05,76763.28,76729.05,76750.95,32311
1784711220,2026-07-22T14:37:00,76751.05,76751.05,76742.02,76745.78,22763
1784711280,2026-07-22T14:38:00,76745.48,76749.55,76734.23,76737.94,18977
1784711340,2026-07-22T14:39:00,76738.82,76738.82,76723.28,76727.25,8803
1784711400,2026-07-22T14:40:00,76726.47,76732.12,76718.34,76720.81,12591
1784711460,2026-07-22T14:41:00,76718.49,76721.81,76686.57,76699.97,31230
1784711520,2026-07-22T14:42:00,76703.6,76705.27,76677.78,76697.93,21615
1784711580,2026-07-22T14:43:00,76698.34,76706.5,76691.23,76692.99,24133
1784711640,2026-07-22T14:44:00,76692.32,76696.81,76688.37,76694.34,16128
1784711700,2026-07-22T14:45:00,76689.84,76711.28,76689.84,76707.8,8731
1784711760,2026-07-22T14:46:00,76706.63,76709.0,76698.05,76700.36,16495
1784711820,2026-07-22T14:47:00,76700.36,76714.63,76700.36,76711.62,14407
1784711880,2026-07-22T14:48:00,76705.84,76716.32,76703.77,76703.77,11917
1784711940,2026-07-22T14:49:00,76703.77,76710.03,76701.77,76710.03,12477
1784712000,2026-07-22T14:50:00,76711.06,76723.11,76707.69,76721.84,12305
1784712060,2026-07-22T14:51:00,76720.84,76732.78,76720.84,76729.41,5599
1784712120,2026-07-22T14:52:00,76729.56,76740.15,76729.36,76732.28,7802
1784712180,2026-07-22T14:53:00,76731.67,76750.69,76730.11,76746.75,8899
1784712240,2026-07-22T14:54:00,76746.75,76763.91,76739.39,76750.43,31046
1784712300,2026-07-22T14:55:00,76750.57,76753.4,76696.12,76713.02,31565
1784712360,2026-07-22T14:56:00,76711.67,76723.45,76709.6,76722.73,19190
1784712420,2026-07-22T14:57:00,76721.26,76721.26,76695.5,76702.15,32378
1784712480,2026-07-22T14:58:00,76700.81,76711.49,76686.52,76711.49,14306
1784712540,2026-07-22T14:59:00,76710.92,76718.24,76695.8,76701.33,18159
1784712600,2026-07-22T15:00:00,76698.25,76742.49,76698.25,76725.39,33064
1784712660,2026-07-22T15:01:00,76724.36,76728.54,76710.69,76716.91,42323
1784712720,2026-07-22T15:02:00,76717.76,76733.02,76716.66,76728.42,15526
1784712780,2026-07-22T15:03:00,76728.29,76744.77,76693.01,76698.72,66070
1784712840,2026-07-22T15:04:00,76700.1,76704.53,76675.88,76689.69,429645
1784712900,2026-07-22T15:05:00,76699.97,76770.34,76699.97,76762.41,238756
1784712960,2026-07-22T15:06:00,76763.92,76783.86,76730.48,76740.4,386300
1784713020,2026-07-22T15:07:00,76739.75,76739.75,76716.69,76717.79,137673
1784713080,2026-07-22T15:08:00,76721.96,76775.41,76686.19,76768.65,150281
1784713140,2026-07-22T15:09:00,76768.92,76768.92,76741.55,76759.0,67486
1784713200,2026-07-22T15:10:00,76757.52,76774.54,76744.5,76755.61,73977
1784713260,2026-07-22T15:11:00,76760.04,76778.5,76749.03,76749.03,104568
1784713320,2026-07-22T15:12:00,76747.72,76775.08,76742.15,76774.19,65543
1784713380,2026-07-22T15:13:00,76770.27,76795.41,76770.27,76795.41,77355
1784713440,2026-07-22T15:14:00,76806.05,76846.95,76806.05,76837.34,296048
1784713500,2026-07-22T15:15:00,76840.34,76843.7,76795.63,76817.95,119656
1784713560,2026-07-22T15:16:00,76820.64,76858.79,76820.64,76842.82,115143
1784713620,2026-07-22T15:17:00,76841.15,76845.99,76830.57,76838.54,42758
1784713680,2026-07-22T15:18:00,76832.98,76841.34,76821.91,76834.52,83779
1784713740,2026-07-22T15:19:00,76835.98,76838.07,76806.08,76824.92,106706
1784713800,2026-07-22T15:20:00,76823.78,76840.11,76801.1,76835.37,75751
1784713860,2026-07-22T15:21:00,76827.26,76833.59,76779.73,76791.72,49322
1784713920,2026-07-22T15:22:00,76786.48,76791.21,76745.73,76754.45,108062
1784713980,2026-07-22T15:23:00,76761.27,76771.07,76732.52,76745.86,136609
1784714040,2026-07-22T15:24:00,76735.16,76757.11,76735.16,76755.41,48432
1784714100,2026-07-22T15:25:00,76755.59,76768.49,76731.93,76748.18,49332
1784714160,2026-07-22T15:26:00,76743.67,76751.44,76732.07,76743.14,72182
1784714220,2026-07-22T15:27:00,76744.06,76765.44,76742.76,76743.36,57435
1784714280,2026-07-22T15:28:00,76743.97,76755.99,76729.04,76754.22,69880
1784714340,2026-07-22T15:29:00,76737.4,76768.66,76737.4,76744.86,126875
1784778300,2026-07-23T09:15:00,76515.1,76545.82,76344.67,76404.83,278084
1784778360,2026-07-23T09:16:00,76408.52,76452.0,76384.51,76422.67,165444
1784778420,2026-07-23T09:17:00,76419.69,76419.69,76375.78,76386.2,140202
1784778480,2026-07-23T09:18:00,76383.4,76414.33,76378.92,76408.11,88833
1784778540,2026-07-23T09:19:00,76411.26,76447.52,76407.78,76447.52,87219
1784778600,2026-07-23T09:20:00,76438.51,76543.77,76438.51,76543.77,105490
1784778660,2026-07-23T09:21:00,76549.81,76559.06,76510.8,76544.23,72084
1784778720,2026-07-23T09:22:00,76543.89,76564.88,76533.4,76546.77,82914
1784778780,2026-07-23T09:23:00,76545.08,76561.04,76541.19,76548.03,55420
1784778840,2026-07-23T09:24:00,76542.52,76566.93,76542.52,76560.31,111220
1784778900,2026-07-23T09:25:00,76559.83,76559.83,76501.67,76515.66,45973
1784778960,2026-07-23T09:26:00,76512.76,76530.66,76512.76,76515.8,56165
1784779020,2026-07-23T09:27:00,76510.59,76517.43,76465.61,76496.76,64476
1784779080,2026-07-23T09:28:00,76494.02,76495.12,76450.68,76476.52,64921
1784779140,2026-07-23T09:29:00,76472.16,76481.16,76457.73,76461.99,45991
1784779200,2026-07-23T09:30:00,76465.72,76467.24,76447.6,76453.32,61413
1784779260,2026-07-23T09:31:00,76452.65,76480.83,76422.06,76433.83,62165
1784779320,2026-07-23T09:32:00,76429.37,76436.54,76402.66,76413.01,40717
1784779380,2026-07-23T09:33:00,76416.7,76432.7,76407.62,76426.63,32154
1784779440,2026-07-23T09:34:00,76427.16,76448.28,76426.3,76447.55,43489
1784779500,2026-07-23T09:35:00,76446.0,76449.78,76410.7,76410.7,67137
1784779560,2026-07-23T09:36:00,76409.36,76409.36,76372.97,76389.5,46797
1784779620,2026-07-23T09:37:00,76387.97,76404.2,76378.85,76383.51,62074
1784779680,2026-07-23T09:38:00,76383.66,76408.99,76379.45,76406.47,33201
1784779740,2026-07-23T09:39:00,76408.3,76475.64,76408.3,76475.47,40820
1784779800,2026-07-23T09:40:00,76470.43,76470.43,76429.87,76430.86,22504
1784779860,2026-07-23T09:41:00,76429.53,76453.19,76429.42,76453.11,26346
1784779920,2026-07-23T09:42:00,76463.08,76465.24,76446.51,76452.33,57986
1784779980,2026-07-23T09:43:00,76453.33,76453.94,76433.05,76438.24,20960
1784780040,2026-07-23T09:44:00,76434.92,76464.72,76434.92,76450.67,27375
1784780100,2026-07-23T09:45:00,76445.44,76497.71,76445.44,76488.47,37754
1784780160,2026-07-23T09:46:00,76490.14,76490.14,76438.04,76459.19,22941
1784780220,2026-07-23T09:47:00,76455.32,76463.05,76442.11,76446.02,52166
1784780280,2026-07-23T09:48:00,76442.67,76454.71,76439.08,76448.56,54257
1784780340,2026-07-23T09:49:00,76446.73,76491.7,76446.73,76486.45,33354
1784780400,2026-07-23T09:50:00,76486.07,76498.27,76476.78,76485.56,27911
1784780460,2026-07-23T09:51:00,76480.47,76514.16,76468.98,76514.16,20309
1784780520,2026-07-23T09:52:00,76512.96,76516.63,76495.94,76512.44,17794
1784780580,2026-07-23T09:53:00,76509.6,76523.76,76500.93,76521.2,19901
1784780640,2026-07-23T09:54:00,76520.55,76523.96,76493.22,76502.49,23762
1784780700,2026-07-23T09:55:00,76500.7,76538.12,76497.93,76538.12,26954
1784780760,2026-07-23T09:56:00,76535.99,76548.77,76531.73,76542.38,29519
1784780820,2026-07-23T09:57:00,76543.15,76546.21,76525.29,76528.83,23978
1784780880,2026-07-23T09:58:00,76525.53,76544.79,76525.53,76544.12,38356
1784780940,2026-07-23T09:59:00,76544.24,76566.1,76540.29,76560.45,14652
1784781000,2026-07-23T10:00:00,76558.59,76567.85,76550.87,76558.99,19560
1784781060,2026-07-23T10:01:00,76558.03,76577.5,76553.0,76571.92,33965
1784781120,2026-07-23T10:02:00,76569.92,76594.74,76564.67,76593.69,43418
1784781180,2026-07-23T10:03:00,76595.76,76627.71,76593.73,76596.24,136810
1784781240,2026-07-23T10:04:00,76601.14,76626.8,76585.67,76614.07,63117
1784781300,2026-07-23T10:05:00,76616.08,76628.2,76587.0,76591.28,49916
1784781360,2026-07-23T10:06:00,76592.95,76612.87,76585.85,76612.87,42696
1784781420,2026-07-23T10:07:00,76607.75,76612.55,76563.03,76593.57,56768
1784781480,2026-07-23T10:08:00,76593.93,76614.88,76557.95,76614.88,58430
1784781540,2026-07-23T10:09:00,76615.79,76662.31,76614.7,76625.39,71414
1784781600,2026-07-23T10:10:00,76636.34,76652.22,76594.01,76636.11,52599
1784781660,2026-07-23T10:11:00,76637.2,76637.2,76623.34,76628.84,39621
1784781720,2026-07-23T10:12:00,76629.08,76643.65,76595.98,76611.57,58491
1784781780,2026-07-23T10:13:00,76613.86,76634.37,76607.05,76634.37,59127
1784781840,2026-07-23T10:14:00,76638.51,76638.83,76621.73,76622.08,53288
1784781900,2026-07-23T10:15:00,76620.99,76623.4,76584.24,76623.4,32410
1784781960,2026-07-23T10:16:00,76618.74,76634.56,76588.57,76628.21,42686
1784782020,2026-07-23T10:17:00,76627.54,76664.57,76621.68,76661.93,61970
1784782080,2026-07-23T10:18:00,76659.61,76661.18,76614.11,76646.37,1307894
1784782140,2026-07-23T10:19:00,76645.16,76652.17,76597.82,76600.39,217145
1784782200,2026-07-23T10:20:00,76598.94,76625.94,76588.12,76588.12,34273
1784782260,2026-07-23T10:21:00,76583.29,76622.13,76581.26,76593.86,20003
1784782320,2026-07-23T10:22:00,76601.31,76602.29,76589.56,76596.25,36875
1784782380,2026-07-23T10:23:00,76596.8,76596.8,76562.49,76566.32,25749
1784782440,2026-07-23T10:24:00,76568.92,76616.4,76567.36,76614.64,21517
1784782500,2026-07-23T10:25:00,76615.44,76615.44,76581.21,76606.86,20583
1784782560,2026-07-23T10:26:00,76606.71,76613.17,76597.76,76608.8,22144
1784782620,2026-07-23T10:27:00,76602.46,76660.35,76601.41,76632.24,17971
1784782680,2026-07-23T10:28:00,76635.89,76666.78,76631.14,76661.25,45656
1784782740,2026-07-23T10:29:00,76662.22,76662.22,76644.11,76651.01,44447
1784782800,2026-07-23T10:30:00,76650.68,76659.51,76641.02,76641.02,56915
1784782860,2026-07-23T10:31:00,76639.39,76656.31,76635.24,76642.62,32233
1784782920,2026-07-23T10:32:00,76637.45,76649.89,76636.48,76638.45,32402
1784782980,2026-07-23T10:33:00,76638.14,76638.55,76627.86,76635.86,73857
1784783040,2026-07-23T10:34:00,76633.38,76644.18,76626.61,76639.51,73258
1784783100,2026-07-23T10:35:00,76637.69,76658.51,76637.69,76656.61,35913
1784783160,2026-07-23T10:36:00,76656.5,76670.51,76656.27,76665.54,22473
1784783220,2026-07-23T10:37:00,76665.15,76678.33,76654.74,76669.4,19391
1784783280,2026-07-23T10:38:00,76671.07,76671.07,76656.02,76668.89,27899
1784783340,2026-07-23T10:39:00,76663.34,76680.07,76656.07,76667.79,25905
1784783400,2026-07-23T10:40:00,76667.09,76678.0,76657.21,76672.16,11308
1784783460,2026-07-23T10:41:00,76672.15,76678.14,76665.63,76674.3,21176
1784783520,2026-07-23T10:42:00,76670.69,76674.6,76658.01,76664.63,1542745
1784783580,2026-07-23T10:43:00,76661.2,76675.93,76659.94,76662.49,10969
1784783640,2026-07-23T10:44:00,76662.88,76678.8,76654.84,76654.84,17800
1784783700,2026-07-23T10:45:00,76649.73,76679.29,76638.19,76659.02,24875
1784783760,2026-07-23T10:46:00,76659.09,76692.24,76652.89,76664.92,14688
1784783820,2026-07-23T10:47:00,76664.89,76690.14,76644.7,76681.93,10716
1784783880,2026-07-23T10:48:00,76682.11,76692.45,76646.9,76657.65,14510
1784783940,2026-07-23T10:49:00,76659.64,76701.03,76656.92,76671.64,14577
1784784000,2026-07-23T10:50:00,76668.66,76706.24,76667.31,76702.44,143555
1784784060,2026-07-23T10:51:00,76696.14,76698.92,76663.4,76693.04,19724
1784784120,2026-07-23T10:52:00,76692.6,76701.24,76660.19,76681.37,36168
1784784180,2026-07-23T10:53:00,76683.06,76683.06,76642.04,76669.79,12459
1784784240,2026-07-23T10:54:00,76640.55,76668.31,76634.76,76650.79,20115
1784784300,2026-07-23T10:55:00,76647.38,76658.2,76639.54,76654.95,12662
1784784360,2026-07-23T10:56:00,76652.8,76672.0,76637.96,76672.0,14433
1784784420,2026-07-23T10:57:00,76672.43,76686.48,76652.71,76659.29,31058
1784784480,2026-07-23T10:58:00,76659.88,76683.63,76652.68,76675.87,13674
1784784540,2026-07-23T10:59:00,76676.49,76686.22,76674.19,76680.39,23542
1784784600,2026-07-23T11:00:00,76680.19,76698.54,76676.21,76690.82,10431
1784784660,2026-07-23T11:01:00,76691.44,76703.06,76664.54,76691.69,6302
1784784720,2026-07-23T11:02:00,76690.53,76698.14,76682.79,76689.13,67360
1784784780,2026-07-23T11:03:00,76690.89,76712.02,76679.09,76703.32,29459
1784784840,2026-07-23T11:04:00,76687.82,76720.58,76683.77,76689.44,30733
1784784900,2026-07-23T11:05:00,76689.46,76724.51,76686.79,76700.24,45497
1784784960,2026-07-23T11:06:00,76698.05,76715.68,76673.76,76675.92,24376
1784785020,2026-07-23T11:07:00,76671.85,76702.8,76668.85,76700.79,15952
1784785080,2026-07-23T11:08:00,76702.09,76708.74,76663.17,76674.58,103501
1784785140,2026-07-23T11:09:00,76677.38,76701.77,76677.38,76698.36,9893
1784785200,2026-07-23T11:10:00,76698.76,76726.66,76695.49,76706.6,94464
1784785260,2026-07-23T11:11:00,76704.42,76708.32,76676.89,76679.9,32642
1784785320,2026-07-23T11:12:00,76681.64,76704.99,76659.49,76676.5,17617
1784785380,2026-07-23T11:13:00,76676.39,76709.1,76655.57,76659.46,36996
1784785440,2026-07-23T11:14:00,76662.82,76687.15,76650.9,76678.1,70994
1784785500,2026-07-23T11:15:00,76674.53,76680.77,76640.16,76640.16,16352
1784785560,2026-07-23T11:16:00,76640.02,76669.46,76626.36,76629.93,21986
1784785620,2026-07-23T11:17:00,76629.35,76664.66,76623.98,76641.66,39732
1784785680,2026-07-23T11:18:00,76658.56,76658.56,76615.23,76622.84,15237
1784785740,2026-07-23T11:19:00,76625.56,76650.94,76612.69,76636.76,20010
1784785800,2026-07-23T11:20:00,76638.44,76638.44,76597.83,76610.31,29461
1784785860,2026-07-23T11:21:00,76606.82,76633.8,76601.88,76602.26,65579
1784785920,2026-07-23T11:22:00,76602.71,76625.71,76587.48,76624.32,69792
1784785980,2026-07-23T11:23:00,76627.63,76653.56,76609.79,76626.28,47619
1784786040,2026-07-23T11:24:00,76624.87,76624.87,76586.05,76608.62,106607
1784786100,2026-07-23T11:25:00,76609.64,76611.52,76594.08,76604.88,30539
1784786160,2026-07-23T11:26:00,76602.89,76612.23,76576.65,76593.09,36697
1784786220,2026-07-23T11:27:00,76593.52,76613.54,76578.92,76582.42,70118
1784786280,2026-07-23T11:28:00,76583.63,76606.03,76575.09,76603.05,46434
1784786340,2026-07-23T11:29:00,76602.36,76602.36,76561.78,76561.78,57440
1784786400,2026-07-23T11:30:00,76564.42,76587.8,76554.75,76585.02,87642
1784786460,2026-07-23T11:31:00,76579.09,76604.07,76555.86,76582.24,69095
1784786520,2026-07-23T11:32:00,76579.37,76595.08,76575.56,76577.72,35153
1784786580,2026-07-23T11:33:00,76581.0,76592.42,76578.02,76585.24,37277
1784786640,2026-07-23T11:34:00,76590.46,76609.85,76576.09,76581.07,31976
1784786700,2026-07-23T11:35:00,76590.51,76610.01,76590.51,76607.92,34344
1784786760,2026-07-23T11:36:00,76606.2,76614.7,76592.39,76613.85,158386
1784786820,2026-07-23T11:37:00,76612.63,76615.08,76555.19,76585.51,21687
1784786880,2026-07-23T11:38:00,76586.7,76592.88,76562.95,76585.74,12369
1784786940,2026-07-23T11:39:00,76586.9,76592.35,76580.13,76580.13,10072
1784787000,2026-07-23T11:40:00,76579.21,76586.24,76573.36,76579.92,19000
1784787060,2026-07-23T11:41:00,76578.1,76579.68,76568.3,76571.76,8233
1784787120,2026-07-23T11:42:00,76571.91,76591.56,76571.91,76576.74,19415
1784787180,2026-07-23T11:43:00,76571.18,76597.27,76567.95,76567.95,19502
1784787240,2026-07-23T11:44:00,76566.76,76591.48,76563.79,76586.03,23826
1784787300,2026-07-23T11:45:00,76584.95,76602.78,76569.89,76571.6,12574
1784787360,2026-07-23T11:46:00,76571.77,76597.39,76560.08,76587.37,52162
1784787420,2026-07-23T11:47:00,76589.15,76597.18,76562.91,76566.63,27286
1784787480,2026-07-23T11:48:00,76567.22,76595.99,76567.22,76588.42,18598
1784787540,2026-07-23T11:49:00,76592.61,76598.28,76566.14,76591.97,16100
1784787600,2026-07-23T11:50:00,76586.36,76595.24,76558.05,76564.91,37165
1784787660,2026-07-23T11:51:00,76558.37,76587.02,76549.49,76551.9,19660
1784787720,2026-07-23T11:52:00,76553.79,76569.61,76538.54,76567.29,31148
1784787780,2026-07-23T11:53:00,76567.32,76569.49,76530.46,76549.1,59270
1784787840,2026-07-23T11:54:00,76549.71,76568.55,76542.86,76563.99,50127
1784787900,2026-07-23T11:55:00,76565.14,76584.19,76542.16,76584.19,47313
1784787960,2026-07-23T11:56:00,76584.62,76584.82,76540.03,76542.98,23892
1784788020,2026-07-23T11:57:00,76543.31,76567.34,76535.81,76559.59,20142
1784788080,2026-07-23T11:58:00,76560.45,76596.61,76558.29,76591.82,13487
1784788140,2026-07-23T11:59:00,76592.53,76600.1,76564.1,76594.94,18069
1784788200,2026-07-23T12:00:00,76594.3,76634.42,76591.7,76628.1,16307
1784788260,2026-07-23T12:01:00,76631.54,76636.94,76596.26,76628.67,51826
1784788320,2026-07-23T12:02:00,76627.87,76627.87,76575.08,76592.55,29609
1784788380,2026-07-23T12:03:00,76586.44,76630.29,76586.12,76601.99,26233
1784788440,2026-07-23T12:04:00,76603.56,76616.83,76578.25,76578.25,22823
1784788500,2026-07-23T12:05:00,76580.05,76602.83,76560.61,76567.06,24412
1784788560,2026-07-23T12:06:00,76566.15,76598.75,76564.96,76566.79,16045
1784788620,2026-07-23T12:07:00,76566.46,76611.62,76566.46,76596.65,17417
1784788680,2026-07-23T12:08:00,76597.24,76619.28,76590.55,76619.28,15237
1784788740,2026-07-23T12:09:00,76620.85,76642.62,76596.08,76641.65,11877
1784788800,2026-07-23T12:10:00,76640.02,76649.02,76600.9,76626.55,18494
1784788860,2026-07-23T12:11:00,76623.01,76623.01,76570.3,76597.22,30202
1784788920,2026-07-23T12:12:00,76597.94,76602.67,76557.12,76579.78,45101
1784788980,2026-07-23T12:13:00,76577.73,76590.43,76555.55,76556.59,137865
1784789040,2026-07-23T12:14:00,76555.29,76558.92,76539.5,76549.01,53494
1784789100,2026-07-23T12:15:00,76544.09,76569.6,76539.99,76549.79,218267
1784789160,2026-07-23T12:16:00,76551.2,76584.69,76551.2,76571.72,33725
1784789220,2026-07-23T12:17:00,76568.1,76585.25,76560.58,76585.15,31541
1784789280,2026-07-23T12:18:00,76584.58,76585.94,76554.98,76576.15,13857
1784789340,2026-07-23T12:19:00,76574.38,76584.47,76569.29,76578.98,31074
1784789400,2026-07-23T12:20:00,76578.1,76584.36,76568.54,76569.0,22072
1784789460,2026-07-23T12:21:00,76568.64,76568.64,76541.58,76549.3,37878
1784789520,2026-07-23T12:22:00,76549.54,76561.33,76549.54,76557.14,24535
1784789580,2026-07-23T12:23:00,76557.14,76571.82,76534.09,76554.77,19557
1784789640,2026-07-23T12:24:00,76555.35,76556.23,76520.55,76550.34,24163
1784789700,2026-07-23T12:25:00,76527.74,76552.17,76512.79,76529.93,40530
1784789760,2026-07-23T12:26:00,76535.08,76543.17,76498.43,76527.53,23478
1784789820,2026-07-23T12:27:00,76522.67,76526.08,76499.9,76500.83,72503
1784789880,2026-07-23T12:28:00,76500.55,76521.6,76497.52,76514.03,29002
1784789940,2026-07-23T12:29:00,76514.28,76514.28,76498.72,76498.87,18421
1784790000,2026-07-23T12:30:00,76501.57,76501.69,76458.02,76458.02,36843
1784790060,2026-07-23T12:31:00,76446.0,76446.0,76412.24,76441.3,65597
1784790120,2026-07-23T12:32:00,76439.57,76449.03,76433.13,76444.35,23722
1784790180,2026-07-23T12:33:00,76442.31,76457.73,76438.07,76451.63,302964
1784790240,2026-07-23T12:34:00,76451.69,76458.64,76443.04,76455.15,13080
1784790300,2026-07-23T12:35:00,76454.76,76456.49,76433.79,76433.79,24103
1784790360,2026-07-23T12:36:00,76434.59,76434.59,76408.13,76423.08,38047
1784790420,2026-07-23T12:37:00,76422.12,76436.31,76418.72,76425.25,87538
1784790480,2026-07-23T12:38:00,76426.69,76481.31,76421.88,76460.76,168418
1784790540,2026-07-23T12:39:00,76458.46,76462.52,76386.75,76386.75,147820
1784790600,2026-07-23T12:40:00,76388.96,76408.3,76388.96,76389.97,41315
1784790660,2026-07-23T12:41:00,76387.29,76396.82,76374.62,76386.49,25006
1784790720,2026-07-23T12:42:00,76383.6,76384.17,76349.68,76352.27,21799
1784790780,2026-07-23T12:43:00,76350.13,76350.96,76315.82,76334.82,56351
1784790840,2026-07-23T12:44:00,76331.78,76333.09,76315.98,76322.18,30222
1784790900,2026-07-23T12:45:00,76322.2,76333.62,76307.51,76311.1,30753
1784790960,2026-07-23T12:46:00,76307.77,76316.05,76289.8,76297.37,20230
1784791020,2026-07-23T12:47:00,76302.38,76332.95,76297.4,76315.01,33238
1784791080,2026-07-23T12:48:00,76313.98,76333.58,76310.15,76325.27,24520
1784791140,2026-07-23T12:49:00,76326.64,76343.37,76277.85,76283.84,189879
1784791200,2026-07-23T12:50:00,76296.52,76314.9,76281.88,76286.48,285192
1784791260,2026-07-23T12:51:00,76290.98,76303.75,76270.43,76284.39,40384
1784791320,2026-07-23T12:52:00,76282.32,76293.84,76281.8,76284.04,16951
1784791380,2026-07-23T12:53:00,76282.42,76298.01,76261.07,76272.18,29110
1784791440,2026-07-23T12:54:00,76271.99,76313.97,76271.99,76311.57,10911
1784791500,2026-07-23T12:55:00,76311.52,76332.25,76308.84,76327.71,43594
1784791560,2026-07-23T12:56:00,76322.06,76328.24,76305.43,76305.43,19978
1784791620,2026-07-23T12:57:00,76312.65,76312.65,76279.62,76303.64,35224
1784791680,2026-07-23T12:58:00,76303.98,76309.58,76292.8,76296.33,9372
1784791740,2026-07-23T12:59:00,76298.96,76310.77,76296.94,76301.88,84182
1784791800,2026-07-23T13:00:00,76305.27,76311.96,76290.05,76293.88,31420
1784791860,2026-07-23T13:01:00,76288.95,76289.65,76271.13,76281.98,21924
1784791920,2026-07-23T13:02:00,76281.44,76282.78,76268.54,76272.35,11138
1784791980,2026-07-23T13:03:00,76271.47,76297.24,76271.47,76297.24,20345
1784792040,2026-07-23T13:04:00,76294.19,76299.65,76266.08,76266.08,31339
1784792100,2026-07-23T13:05:00,76269.67,76273.63,76247.69,76251.23,23028
1784792160,2026-07-23T13:06:00,76252.28,76267.5,76246.48,76261.18,12452
1784792220,2026-07-23T13:07:00,76260.1,76263.49,76253.38,76255.41,73469
1784792280,2026-07-23T13:08:00,76257.69,76262.58,76242.26,76242.26,20936
1784792340,2026-07-23T13:09:00,76244.98,76279.33,76241.8,76245.69,94695
1784792400,2026-07-23T13:10:00,76248.85,76252.7,76213.38,76233.43,89781
1784792460,2026-07-23T13:11:00,76235.0,76245.75,76230.22,76244.29,34082
1784792520,2026-07-23T13:12:00,76244.44,76249.09,76231.49,76243.42,19443
1784792580,2026-07-23T13:13:00,76243.42,76243.42,76231.6,76242.02,17988
1784792640,2026-07-23T13:14:00,76244.69,76257.93,76231.26,76239.87,26463
1784792700,2026-07-23T13:15:00,76245.32,76248.38,76234.98,76238.76,23908
1784792760,2026-07-23T13:16:00,76238.61,76241.78,76209.06,76210.74,19628
1784792820,2026-07-23T13:17:00,76210.74,76221.77,76190.27,76221.77,22289
1784792880,2026-07-23T13:18:00,76224.25,76268.27,76219.85,76268.27,19528
1784792940,2026-07-23T13:19:00,76265.75,76270.44,76230.5,76230.5,22698
1784793000,2026-07-23T13:20:00,76229.39,76262.81,76229.05,76257.3,25820
1784793060,2026-07-23T13:21:00,76263.96,76282.87,76249.08,76251.94,20404
1784793120,2026-07-23T13:22:00,76250.38,76282.91,76241.06,76282.91,20703
1784793180,2026-07-23T13:23:00,76282.44,76282.44,76234.04,76237.67,107987
1784793240,2026-07-23T13:24:00,76233.24,76284.09,76220.6,76284.09,188416
1784793300,2026-07-23T13:25:00,76289.47,76316.86,76285.41,76295.94,903619
1784793360,2026-07-23T13:26:00,76297.05,76297.16,76268.62,76270.79,40987
1784793420,2026-07-23T13:27:00,76273.48,76280.16,76265.62,76271.52,49090
1784793480,2026-07-23T13:28:00,76269.03,76273.41,76241.37,76250.37,24431
1784793540,2026-07-23T13:29:00,76251.62,76260.62,76247.45,76258.19,15401
1784793600,2026-07-23T13:30:00,76259.35,76276.05,76228.92,76265.28,33833
1784793660,2026-07-23T13:31:00,76265.12,76268.88,76235.43,76239.87,86937
1784793720,2026-07-23T13:32:00,76243.52,76263.14,76226.33,76258.46,108844
1784793780,2026-07-23T13:33:00,76257.24,76269.08,76228.89,76228.89,55181
1784793840,2026-07-23T13:34:00,76223.76,76243.35,76205.93,76240.68,144213
1784793900,2026-07-23T13:35:00,76239.49,76251.62,76236.7,76249.64,26258
1784793960,2026-07-23T13:36:00,76249.64,76254.39,76224.07,76239.25,21842
1784794020,2026-07-23T13:37:00,76228.04,76277.3,76216.15,76268.13,40471
1784794080,2026-07-23T13:38:00,76271.05,76329.91,76271.05,76327.02,53783
1784794140,2026-07-23T13:39:00,76327.54,76327.54,76300.82,76311.69,23314
1784794200,2026-07-23T13:40:00,76310.42,76343.24,76307.82,76309.02,16577
1784794260,2026-07-23T13:41:00,76308.02,76354.44,76304.11,76335.2,18877
1784794320,2026-07-23T13:42:00,76334.22,76341.63,76279.66,76279.66,35331
1784794380,2026-07-23T13:43:00,76281.4,76303.39,76245.54,76254.33,584001
1784794440,2026-07-23T13:44:00,76247.33,76321.12,76246.0,76308.44,101923
1784794500,2026-07-23T13:45:00,76309.92,76339.28,76306.84,76336.83,52435
1784794560,2026-07-23T13:46:00,76332.43,76349.45,76322.55,76345.35,31681
1784794620,2026-07-23T13:47:00,76344.95,76370.82,76338.25,76369.7,21070
1784794680,2026-07-23T13:48:00,76367.56,76367.56,76334.03,76358.08,23176
1784794740,2026-07-23T13:49:00,76362.55,76362.55,76320.47,76341.57,35341
1784794800,2026-07-23T13:50:00,76341.5,76370.5,76334.99,76342.68,12913
1784794860,2026-07-23T13:51:00,76338.48,76379.11,76338.48,76378.28,21277
1784794920,2026-07-23T13:52:00,76376.57,76376.57,76333.69,76359.96,22793
1784794980,2026-07-23T13:53:00,76358.36,76359.58,76338.48,76338.48,19896
1784795040,2026-07-23T13:54:00,76338.98,76342.84,76324.66,76333.45,16347
1784795100,2026-07-23T13:55:00,76332.59,76340.59,76328.66,76330.51,15856
1784795160,2026-07-23T13:56:00,76330.97,76346.99,76303.61,76344.56,26521
1784795220,2026-07-23T13:57:00,76350.99,76357.81,76323.16,76357.51,29936
1784795280,2026-07-23T13:58:00,76357.72,76361.37,76326.38,76331.25,15498
1784795340,2026-07-23T13:59:00,76332.98,76346.08,76332.41,76339.95,25551
1784795400,2026-07-23T14:00:00,76342.96,76356.34,76325.85,76351.58,21745
1784795460,2026-07-23T14:01:00,76354.14,76365.47,76331.62,76343.2,15541
1784795520,2026-07-23T14:02:00,76341.68,76353.67,76312.57,76327.82,31481
1784795580,2026-07-23T14:03:00,76332.9,76350.23,76316.71,76320.39,17071
1784795640,2026-07-23T14:04:00,76319.77,76365.49,76319.77,76349.39,18207
1784795700,2026-07-23T14:05:00,76349.39,76370.15,76334.26,76335.5,16865
1784795760,2026-07-23T14:06:00,76334.47,76354.48,76324.35,76324.35,12649
1784795820,2026-07-23T14:07:00,76326.93,76349.63,76317.34,76347.38,15771
1784795880,2026-07-23T14:08:00,76351.29,76354.02,76317.41,76353.91,36183
1784795940,2026-07-23T14:09:00,76330.04,76337.71,76293.58,76297.22,36223
1784796000,2026-07-23T14:10:00,76301.88,76328.93,76290.66,76323.57,27744
1784796060,2026-07-23T14:11:00,76321.17,76334.89,76301.44,76316.02,11427
1784796120,2026-07-23T14:12:00,76313.59,76335.4,76311.05,76326.43,9106
1784796180,2026-07-23T14:13:00,76322.09,76328.84,76317.54,76322.58,25341
1784796240,2026-07-23T14:14:00,76322.23,76324.44,76289.09,76291.76,32626
1784796300,2026-07-23T14:15:00,76292.28,76322.96,76278.76,76322.96,26830
1784796360,2026-07-23T14:16:00,76308.67,76344.83,76293.8,76342.69,16105
1784796420,2026-07-23T14:17:00,76341.62,76348.08,76333.94,76337.07,10193
1784796480,2026-07-23T14:18:00,76338.82,76341.48,76328.87,76333.9,11814
1784796540,2026-07-23T14:19:00,76338.53,76341.83,76314.59,76322.92,20252
1784796600,2026-07-23T14:20:00,76323.37,76335.82,76304.33,76319.53,44599
1784796660,2026-07-23T14:21:00,76320.57,76349.32,76317.13,76347.53,14960
1784796720,2026-07-23T14:22:00,76344.34,76362.39,76329.42,76358.43,22168
1784796780,2026-07-23T14:23:00,76360.22,76371.75,76330.66,76343.76,25687
1784796840,2026-07-23T14:24:00,76345.43,76369.62,76331.8,76355.09,16319
1784796900,2026-07-23T14:25:00,76334.49,76361.98,76324.99,76348.38,40637
1784796960,2026-07-23T14:26:00,76348.38,76356.81,76343.92,76346.25,47000
1784797020,2026-07-23T14:27:00,76347.79,76355.02,76338.96,76349.66,16596
1784797080,2026-07-23T14:28:00,76351.76,76351.76,76316.55,76327.78,48424
1784797140,2026-07-23T14:29:00,76330.36,76353.54,76315.97,76335.85,28743
1784797200,2026-07-23T14:30:00,76336.4,76372.85,76292.87,76299.0,132290
1784797260,2026-07-23T14:31:00,76295.84,76329.91,76291.72,76328.8,71914
1784797320,2026-07-23T14:32:00,76328.8,76346.74,76305.73,76346.74,19856
1784797380,2026-07-23T14:33:00,76347.12,76430.66,76308.62,76421.69,29480
1784797440,2026-07-23T14:34:00,76422.82,76424.96,76406.36,76424.96,26310
1784797500,2026-07-23T14:35:00,76421.75,76433.49,76414.99,76424.72,42108
1784797560,2026-07-23T14:36:00,76425.9,76425.9,76397.6,76397.6,41916
1784797620,2026-07-23T14:37:00,76398.3,76400.28,76365.01,76366.85,24901
1784797680,2026-07-23T14:38:00,76367.6,76367.6,76328.24,76328.24,66171
1784797740,2026-07-23T14:39:00,76325.8,76325.8,76311.79,76313.97,44195
1784797800,2026-07-23T14:40:00,76313.68,76313.68,76296.63,76302.52,30848
1784797860,2026-07-23T14:41:00,76308.31,76308.31,76266.15,76266.15,21884
1784797920,2026-07-23T14:42:00,76272.46,76287.5,76248.67,76264.73,55318
1784797980,2026-07-23T14:43:00,76265.09,76272.32,76242.72,76272.18,56466
1784798040,2026-07-23T14:44:00,76269.87,76283.41,76252.24,76272.96,51179
1784798100,2026-07-23T14:45:00,76272.77,76275.66,76234.75,76237.06,18181
1784798160,2026-07-23T14:46:00,76240.33,76264.68,76232.09,76236.92,66093
1784798220,2026-07-23T14:47:00,76237.3,76240.39,76226.82,76230.31,26650
1784798280,2026-07-23T14:48:00,76230.6,76237.03,76197.18,76218.1,72052
1784798340,2026-07-23T14:49:00,76218.44,76224.72,76187.36,76208.81,36759
1784798400,2026-07-23T14:50:00,76211.14,76211.94,76175.64,76179.33,37327
1784798460,2026-07-23T14:51:00,76173.99,76189.38,76152.91,76160.98,102125
1784798520,2026-07-23T14:52:00,76155.13,76204.93,76151.98,76204.93,21018
1784798580,2026-07-23T14:53:00,76200.16,76219.62,76167.16,76217.09,56670
1784798640,2026-07-23T14:54:00,76216.73,76228.11,76167.88,76224.57,124994
1784798700,2026-07-23T14:55:00,76228.84,76246.93,76202.7,76237.35,90783
1784798760,2026-07-23T14:56:00,76235.42,76239.1,76206.74,76209.25,25592
1784798820,2026-07-23T14:57:00,76209.41,76252.24,76206.76,76248.64,22930
1784798880,2026-07-23T14:58:00,76243.6,76266.59,76226.71,76251.75,49522
1784798940,2026-07-23T14:59:00,76248.13,76283.89,76238.54,76259.72,47398
1784799000,2026-07-23T15:00:00,76263.55,76285.92,76239.05,76256.14,63292
1784799060,2026-07-23T15:01:00,76252.68,76307.12,76252.68,76290.19,54604
1784799120,2026-07-23T15:02:00,76289.97,76347.94,76289.97,76346.11,93008
1784799180,2026-07-23T15:03:00,76353.62,76368.97,76292.88,76294.85,168119
1784799240,2026-07-23T15:04:00,76296.86,76311.23,76260.76,76275.82,49712
1784799300,2026-07-23T15:05:00,76283.55,76330.52,76272.26,76322.5,235255
1784799360,2026-07-23T15:06:00,76327.75,76343.57,76305.29,76323.04,24417
1784799420,2026-07-23T15:07:00,76317.34,76358.62,76302.21,76348.17,33046
1784799480,2026-07-23T15:08:00,76343.66,76386.42,76343.66,76371.06,89280
1784799540,2026-07-23T15:09:00,76373.29,76404.52,76353.22,76371.7,31204
1784799600,2026-07-23T15:10:00,76370.84,76377.01,76329.36,76329.36,23366
1784799660,2026-07-23T15:11:00,76335.21,76370.92,76330.39,76346.8,29537
1784799720,2026-07-23T15:12:00,76349.08,76369.17,76331.68,76331.68,32610
1784799780,2026-07-23T15:13:00,76330.24,76367.69,76327.08,76361.29,62586
1784799840,2026-07-23T15:14:00,76364.95,76384.34,76340.51,76354.63,30003
1784799900,2026-07-23T15:15:00,76352.88,76390.99,76350.13,76367.66,75615
1784799960,2026-07-23T15:16:00,76373.0,76374.31,76329.01,76349.09,31460
1784800020,2026-07-23T15:17:00,76349.13,76352.46,76323.19,76333.9,30073
1784800080,2026-07-23T15:18:00,76333.15,76350.81,76319.87,76350.81,31323
1784800140,2026-07-23T15:19:00,76350.64,76369.78,76340.26,76352.4,48910
1784800200,2026-07-23T15:20:00,76352.44,76369.27,76348.62,76360.58,20106
1784800260,2026-07-23T15:21:00,76365.08,76368.16,76339.03,76366.67,39633
1784800320,2026-07-23T15:22:00,76366.74,76369.78,76323.48,76332.79,29846
1784800380,2026-07-23T15:23:00,76338.35,76381.9,76336.06,76379.3,55513
1784800440,2026-07-23T15:24:00,76388.95,76413.38,76387.47,76411.33,252230
1784800500,2026-07-23T15:25:00,76414.62,76424.4,76398.61,76404.83,230227
1784800560,2026-07-23T15:26:00,76410.87,76415.78,76385.76,76409.22,111244
1784800620,2026-07-23T15:27:00,76406.66,76428.71,76394.58,76402.86,162965
1784800680,2026-07-23T15:28:00,76397.79,76402.71,76361.16,76386.38,77016
1784800740,2026-07-23T15:29:00,76389.5,76393.56,76347.12,76377.94,53121
1784864700,2026-07-24T09:15:00,75708.19,75786.41,75613.43,75748.25,286709
1784864760,2026-07-24T09:16:00,75757.06,75845.26,75743.63,75842.33,129632
1784864820,2026-07-24T09:17:00,75855.76,75876.67,75808.19,75872.31,2945395
1784864880,2026-07-24T09:18:00,75870.66,75930.16,75866.91,75926.14,82100
1784864940,2026-07-24T09:19:00,75930.32,75977.32,75924.17,75974.51,90185
1784865000,2026-07-24T09:20:00,75972.85,75995.73,75940.42,75981.78,79833
1784865060,2026-07-24T09:21:00,75980.3,75990.05,75966.77,75972.26,102795
1784865120,2026-07-24T09:22:00,75971.59,75989.34,75959.62,75975.36,74643
1784865180,2026-07-24T09:23:00,75982.08,75984.87,75925.04,75936.25,70974
1784865240,2026-07-24T09:24:00,75931.95,75940.28,75897.27,75897.27,74686
1784865300,2026-07-24T09:25:00,75895.33,75899.55,75832.83,75839.17,67805
1784865360,2026-07-24T09:26:00,75831.18,75847.15,75813.41,75833.42,45968
1784865420,2026-07-24T09:27:00,75826.35,75827.3,75781.05,75787.16,70394
1784865480,2026-07-24T09:28:00,75791.99,75805.92,75777.36,75781.4,38724
1784865540,2026-07-24T09:29:00,75782.57,75809.52,75775.38,75809.52,74950
1784865600,2026-07-24T09:30:00,75809.29,75845.92,75809.29,75835.98,37549
1784865660,2026-07-24T09:31:00,75834.68,75841.09,75801.99,75806.89,36842
1784865720,2026-07-24T09:32:00,75806.14,75811.29,75781.82,75794.61,32135
1784865780,2026-07-24T09:33:00,75793.73,75805.68,75786.66,75802.45,42319
1784865840,2026-07-24T09:34:00,75807.63,75817.66,75745.96,75745.96,40616
1784865900,2026-07-24T09:35:00,75749.81,75770.94,75732.37,75759.64,346941
1784865960,2026-07-24T09:36:00,75756.88,75765.02,75708.8,75708.8,55623
1784866020,2026-07-24T09:37:00,75714.32,75716.07,75689.29,75697.77,33460
1784866080,2026-07-24T09:38:00,75698.77,75715.61,75687.5,75700.47,32798
1784866140,2026-07-24T09:39:00,75698.31,75701.2,75675.67,75681.83,41203
1784866200,2026-07-24T09:40:00,75679.48,75699.28,75678.4,75680.22,31232
1784866260,2026-07-24T09:41:00,75676.18,75697.68,75671.41,75697.68,35190
1784866320,2026-07-24T09:42:00,75697.73,75701.53,75658.03,75658.03,70576
1784866380,2026-07-24T09:43:00,75656.31,75656.31,75624.29,75627.94,59181
1784866440,2026-07-24T09:44:00,75628.74,75649.29,75626.95,75642.14,37925
1784866500,2026-07-24T09:45:00,75641.8,75661.73,75627.07,75661.73,46064
1784866560,2026-07-24T09:46:00,75661.34,75665.06,75637.45,75637.45,24492
1784866620,2026-07-24T09:47:00,75640.12,75643.56,75625.03,75639.82,30360
1784866680,2026-07-24T09:48:00,75635.32,75648.86,75607.05,75607.69,33067
1784866740,2026-07-24T09:49:00,75603.98,75630.12,75601.74,75630.12,19411
1784866800,2026-07-24T09:50:00,75626.57,75626.57,75579.25,75603.01,48937
1784866860,2026-07-24T09:51:00,75601.34,75606.33,75590.52,75596.79,26828
1784866920,2026-07-24T09:52:00,75597.07,75597.36,75569.5,75585.06,34549
1784866980,2026-07-24T09:53:00,75588.35,75642.55,75585.14,75641.67,26605
1784867040,2026-07-24T09:54:00,75641.89,75657.1,75638.85,75648.71,779214
1784867100,2026-07-24T09:55:00,75653.69,75660.76,75636.74,75647.84,43857
1784867160,2026-07-24T09:56:00,75647.14,75655.66,75639.93,75648.49,25994
1784867220,2026-07-24T09:57:00,75646.19,75678.14,75639.24,75677.49,26152
1784867280,2026-07-24T09:58:00,75681.9,75685.82,75648.57,75651.42,27284
1784867340,2026-07-24T09:59:00,75652.62,75666.13,75623.89,75627.24,18702
1784867400,2026-07-24T10:00:00,75623.29,75623.29,75598.61,75613.63,18785
1784867460,2026-07-24T10:01:00,75608.49,75615.55,75598.5,75607.98,12652
1784867520,2026-07-24T10:02:00,75605.31,75608.15,75555.31,75569.58,44827
1784867580,2026-07-24T10:03:00,75568.14,75569.51,75535.39,75544.21,37345
1784867640,2026-07-24T10:04:00,75546.95,75568.17,75546.83,75556.22,23659
1784867700,2026-07-24T10:05:00,75554.74,75560.03,75543.02,75546.71,19330
1784867760,2026-07-24T10:06:00,75546.84,75547.34,75514.38,75516.09,33002
1784867820,2026-07-24T10:07:00,75516.06,75549.95,75513.82,75547.6,233931
1784867880,2026-07-24T10:08:00,75547.4,75565.51,75541.76,75549.68,16363
1784867940,2026-07-24T10:09:00,75550.98,75550.98,75528.41,75538.39,28488
1784868000,2026-07-24T10:10:00,75536.54,75549.48,75520.56,75527.82,29467
1784868060,2026-07-24T10:11:00,75527.73,75530.58,75509.57,75520.35,129622
1784868120,2026-07-24T10:12:00,75516.11,75527.86,75508.4,75520.66,765951
1784868180,2026-07-24T10:13:00,75520.51,75522.27,75502.86,75512.53,49491
1784868240,2026-07-24T10:14:00,75511.31,75514.72,75491.76,75504.42,22168
1784868300,2026-07-24T10:15:00,75500.6,75521.06,75493.45,75517.52,27623
1784868360,2026-07-24T10:16:00,75522.17,75539.95,75506.35,75539.95,45857
1784868420,2026-07-24T10:17:00,75539.74,75547.81,75533.42,75547.81,31272
1784868480,2026-07-24T10:18:00,75546.41,75550.68,75508.29,75508.29,21183
1784868540,2026-07-24T10:19:00,75513.08,75523.28,75488.91,75503.0,43708
1784868600,2026-07-24T10:20:00,75505.09,75511.67,75493.49,75511.47,33108
1784868660,2026-07-24T10:21:00,75510.38,75512.94,75488.0,75492.82,33713
1784868720,2026-07-24T10:22:00,75492.93,75507.29,75478.89,75488.64,53397
1784868780,2026-07-24T10:23:00,75483.63,75497.6,75474.43,75493.44,17720
1784868840,2026-07-24T10:24:00,75494.76,75532.09,75490.84,75524.46,31348
1784868900,2026-07-24T10:25:00,75523.45,75533.44,75515.6,75518.22,30841
1784868960,2026-07-24T10:26:00,75513.13,75521.65,75495.45,75509.84,22869
1784869020,2026-07-24T10:27:00,75511.18,75529.01,75508.97,75526.83,41688
1784869080,2026-07-24T10:28:00,75528.09,75528.09,75512.25,75527.87,14310
1784869140,2026-07-24T10:29:00,75527.66,75538.51,75516.08,75531.06,39390
1784869200,2026-07-24T10:30:00,75533.43,75535.1,75511.35,75516.65,26923
1784869260,2026-07-24T10:31:00,75508.58,75525.95,75501.4,75502.24,22696
1784869320,2026-07-24T10:32:00,75498.97,75506.44,75492.13,75497.18,18857
1784869380,2026-07-24T10:33:00,75497.15,75538.66,75490.8,75526.85,56665
1784869440,2026-07-24T10:34:00,75519.63,75527.01,75502.27,75507.7,15979
1784869500,2026-07-24T10:35:00,75506.72,75518.23,75498.12,75512.76,9491
1784869560,2026-07-24T10:36:00,75515.39,75517.68,75503.31,75516.73,13420
1784869620,2026-07-24T10:37:00,75517.45,75539.34,75514.02,75534.51,22485
1784869680,2026-07-24T10:38:00,75530.23,75544.41,75528.85,75540.41,19607
1784869740,2026-07-24T10:39:00,75546.4,75582.63,75543.4,75578.39,12653
1784869800,2026-07-24T10:40:00,75576.08,75576.08,75558.12,75565.27,12050
1784869860,2026-07-24T10:41:00,75565.28,75572.28,75554.66,75571.37,19879
1784869920,2026-07-24T10:42:00,75573.92,75588.09,75563.77,75582.4,21594
1784869980,2026-07-24T10:43:00,75582.55,75610.92,75582.01,75610.92,22255
1784870040,2026-07-24T10:44:00,75609.43,75612.39,75581.74,75585.81,22237
1784870100,2026-07-24T10:45:00,75588.45,75605.55,75584.84,75597.26,12522
1784870160,2026-07-24T10:46:00,75597.54,75615.26,75593.37,75611.85,13137
1784870220,2026-07-24T10:47:00,75610.38,75625.25,75606.59,75620.63,9429
1784870280,2026-07-24T10:48:00,75619.5,75621.91,75607.28,75612.22,14454
1784870340,2026-07-24T10:49:00,75611.27,75617.55,75601.65,75617.55,13572
1784870400,2026-07-24T10:50:00,75617.6,75628.34,75616.8,75623.54,8545
1784870460,2026-07-24T10:51:00,75620.93,75631.53,75609.49,75611.88,19679
1784870520,2026-07-24T10:52:00,75613.45,75614.63,75594.07,75595.48,24986
1784870580,2026-07-24T10:53:00,75597.36,75600.37,75575.14,75583.17,121256
1784870640,2026-07-24T10:54:00,75587.22,75590.22,75570.73,75572.81,36571
1784870700,2026-07-24T10:55:00,75574.76,75578.37,75556.6,75558.36,66640
1784870760,2026-07-24T10:56:00,75557.94,75563.42,75551.13,75559.59,31430
1784870820,2026-07-24T10:57:00,75561.09,75567.97,75546.21,75552.17,13976
1784870880,2026-07-24T10:58:00,75549.79,75553.16,75539.78,75549.53,23844
1784870940,2026-07-24T10:59:00,75549.81,75554.42,75539.64,75547.51,10946
1784871000,2026-07-24T11:00:00,75552.27,75558.45,75542.16,75548.0,16930
1784871060,2026-07-24T11:01:00,75554.63,75556.15,75540.46,75551.78,63918
1784871120,2026-07-24T11:02:00,75544.9,75562.59,75540.43,75562.59,25674
1784871180,2026-07-24T11:03:00,75559.98,75561.55,75545.43,75550.14,11116
1784871240,2026-07-24T11:04:00,75548.21,75564.5,75540.8,75564.5,22958
1784871300,2026-07-24T11:05:00,75564.5,75581.14,75553.24,75566.73,49128
1784871360,2026-07-24T11:06:00,75568.35,75568.35,75553.7,75556.89,26786
1784871420,2026-07-24T11:07:00,75559.7,75563.47,75542.29,75551.5,95625
1784871480,2026-07-24T11:08:00,75552.16,75552.16,75540.53,75549.7,20428
1784871540,2026-07-24T11:09:00,75549.83,75554.67,75540.56,75554.67,66813
1784871600,2026-07-24T11:10:00,75553.68,75562.88,75546.05,75547.85,522115
1784871660,2026-07-24T11:11:00,75548.39,75557.86,75535.24,75539.94,7636
1784871720,2026-07-24T11:12:00,75540.86,75540.86,75512.42,75531.45,26594
1784871780,2026-07-24T11:13:00,75527.45,75539.58,75524.19,75532.04,12987
1784871840,2026-07-24T11:14:00,75530.53,75539.91,75523.66,75530.67,268752
1784871900,2026-07-24T11:15:00,75529.77,75544.72,75525.85,75543.44,19870
1784871960,2026-07-24T11:16:00,75547.38,75571.96,75542.76,75571.96,20465
1784872020,2026-07-24T11:17:00,75572.62,75589.46,75568.19,75588.93,11421
1784872080,2026-07-24T11:18:00,75590.51,75617.27,75585.88,75609.25,23854
1784872140,2026-07-24T11:19:00,75613.78,75632.37,75607.74,75621.22,23351
1784872200,2026-07-24T11:20:00,75625.85,75672.97,75624.69,75672.1,31945
1784872260,2026-07-24T11:21:00,75671.32,75678.63,75662.43,75667.36,41361
1784872320,2026-07-24T11:22:00,75667.18,75677.56,75658.83,75672.76,14345
1784872380,2026-07-24T11:23:00,75677.13,75702.88,75673.99,75702.88,32006
1784872440,2026-07-24T11:24:00,75702.5,75713.94,75686.93,75690.0,23419
1784872500,2026-07-24T11:25:00,75689.94,75707.22,75686.55,75693.79,43247
1784872560,2026-07-24T11:26:00,75693.98,75694.02,75677.57,75694.02,11963
1784872620,2026-07-24T11:27:00,75695.36,75695.5,75666.68,75671.1,33787
1784872680,2026-07-24T11:28:00,75667.92,75679.64,75664.75,75669.6,60360
1784872740,2026-07-24T11:29:00,75671.69,75672.36,75640.31,75640.31,17995
1784872800,2026-07-24T11:30:00,75643.05,75654.9,75625.75,75625.75,28149
1784872860,2026-07-24T11:31:00,75628.63,75647.29,75626.51,75639.87,18276
1784872920,2026-07-24T11:32:00,75639.1,75641.89,75624.14,75627.82,15407
1784872980,2026-07-24T11:33:00,75623.96,75645.72,75619.72,75642.51,171862
1784873040,2026-07-24T11:34:00,75634.7,75640.89,75624.21,75637.49,11600
1784873100,2026-07-24T11:35:00,75641.77,75652.15,75635.31,75651.57,12744
1784873160,2026-07-24T11:36:00,75653.38,75657.81,75637.97,75646.5,15052
1784873220,2026-07-24T11:37:00,75640.5,75666.74,75629.05,75662.39,35056
1784873280,2026-07-24T11:38:00,75665.09,75665.1,75654.32,75659.41,46343
1784873340,2026-07-24T11:39:00,75659.43,75666.84,75656.48,75660.55,41642
1784873400,2026-07-24T11:40:00,75657.95,75673.67,75657.95,75672.88,36990
1784873460,2026-07-24T11:41:00,75671.98,75683.01,75669.69,75678.78,40520
1784873520,2026-07-24T11:42:00,75682.25,75706.48,75681.62,75705.59,71930
1784873580,2026-07-24T11:43:00,75706.82,75746.01,75699.05,75738.18,30321
1784873640,2026-07-24T11:44:00,75738.18,75746.17,75722.02,75739.81,19844
1784873700,2026-07-24T11:45:00,75739.29,75747.84,75726.91,75746.9,14438
1784873760,2026-07-24T11:46:00,75748.97,75755.01,75744.58,75752.39,31002
1784873820,2026-07-24T11:47:00,75753.45,75773.52,75753.45,75771.5,36634
1784873880,2026-07-24T11:48:00,75770.62,75779.7,75764.17,75772.86,19622
1784873940,2026-07-24T11:49:00,75772.56,75788.06,75772.56,75775.52,17251
1784874000,2026-07-24T11:50:00,75777.56,75809.6,75777.56,75804.03,22938
1784874060,2026-07-24T11:51:00,75801.16,75817.01,75800.07,75802.2,45150
1784874120,2026-07-24T11:52:00,75802.44,75810.19,75794.86,75805.83,12586
1784874180,2026-07-24T11:53:00,75806.11,75827.47,75806.11,75818.16,1428742
1784874240,2026-07-24T11:54:00,75817.36,75826.43,75812.3,75813.49,14027
1784874300,2026-07-24T11:55:00,75813.52,75813.52,75777.44,75792.37,16298
1784874360,2026-07-24T11:56:00,75791.99,75808.85,75784.81,75807.23,26546
1784874420,2026-07-24T11:57:00,75804.79,75809.64,75793.16,75802.28,31580
1784874480,2026-07-24T11:58:00,75802.28,75803.69,75796.64,75801.63,22789
1784874540,2026-07-24T11:59:00,75802.5,75802.5,75775.02,75786.85,28757
1784874600,2026-07-24T12:00:00,75782.72,75783.3,75757.36,75763.67,28087
1784874660,2026-07-24T12:01:00,75765.23,75779.06,75763.77,75773.07,25368
1784874720,2026-07-24T12:02:00,75776.02,75789.02,75775.68,75781.16,7192
1784874780,2026-07-24T12:03:00,75782.69,75799.3,75780.9,75798.26,208805
1784874840,2026-07-24T12:04:00,75799.29,75831.64,75794.13,75831.64,434547
1784874900,2026-07-24T12:05:00,75835.03,75845.42,75825.77,75843.09,54358
1784874960,2026-07-24T12:06:00,75842.95,75846.85,75826.99,75843.35,26392
1784875020,2026-07-24T12:07:00,75843.35,75846.32,75833.74,75837.91,20954
1784875080,2026-07-24T12:08:00,75833.94,75837.7,75824.22,75834.58,65817
1784875140,2026-07-24T12:09:00,75833.28,75849.57,75832.68,75846.29,53076
1784875200,2026-07-24T12:10:00,75847.92,75855.27,75822.4,75824.78,29242
1784875260,2026-07-24T12:11:00,75823.97,75835.54,75817.98,75835.54,56704
1784875320,2026-07-24T12:12:00,75834.59,75837.19,75823.48,75826.59,38784
1784875380,2026-07-24T12:13:00,75828.28,75833.08,75815.09,75819.64,57248
1784875440,2026-07-24T12:14:00,75819.54,75820.37,75800.85,75812.27,17194
1784875500,2026-07-24T12:15:00,75810.95,75823.08,75800.59,75821.43,14903
1784875560,2026-07-24T12:16:00,75824.12,75834.95,75820.25,75826.97,11586
1784875620,2026-07-24T12:17:00,75826.67,75850.33,75819.79,75844.18,27810
1784875680,2026-07-24T12:18:00,75851.12,75863.38,75844.89,75850.42,16377
1784875740,2026-07-24T12:19:00,75850.97,75862.54,75845.6,75853.49,20080
1784875800,2026-07-24T12:20:00,75855.77,75865.68,75845.92,75864.74,106930
1784875860,2026-07-24T12:21:00,75864.49,75872.24,75858.74,75861.72,14734
1784875920,2026-07-24T12:22:00,75859.61,75867.48,75856.89,75865.42,16347
1784875980,2026-07-24T12:23:00,75868.03,75895.36,75868.03,75892.43,40373
1784876040,2026-07-24T12:24:00,75894.59,75923.49,75892.8,75917.5,30376
1784876100,2026-07-24T12:25:00,75924.24,75951.85,75916.91,75951.85,42485
1784876160,2026-07-24T12:26:00,75951.08,75991.44,75947.23,75989.64,85853
1784876220,2026-07-24T12:27:00,75985.18,76005.48,75982.94,75999.61,29635
1784876280,2026-07-24T12:28:00,76001.55,76092.16,76001.26,76092.16,67214
1784876340,2026-07-24T12:29:00,76095.52,76109.75,76078.78,76089.92,73292
1784876400,2026-07-24T12:30:00,76085.53,76099.65,76075.1,76083.65,28879
1784876460,2026-07-24T12:31:00,76081.83,76120.37,76081.83,76114.77,32955
1784876520,2026-07-24T12:32:00,76115.31,76124.38,76106.99,76106.99,20560
1784876580,2026-07-24T12:33:00,76104.42,76110.61,76057.04,76061.68,53275
1784876640,2026-07-24T12:34:00,76061.76,76064.41,76019.79,76027.25,41532
1784876700,2026-07-24T12:35:00,76028.19,76049.38,76025.55,76035.35,39779
1784876760,2026-07-24T12:36:00,76034.88,76052.65,76033.28,76052.51,28353
1784876820,2026-07-24T12:37:00,76052.64,76059.14,76025.12,76032.94,38725
1784876880,2026-07-24T12:38:00,76032.94,76032.94,75998.41,76011.26,45457
1784876940,2026-07-24T12:39:00,76007.59,76038.75,76001.98,76036.14,25905
1784877000,2026-07-24T12:40:00,76034.47,76054.28,76026.31,76050.83,37910
1784877060,2026-07-24T12:41:00,76046.4,76061.54,76045.91,76050.1,38977
1784877120,2026-07-24T12:42:00,76054.57,76069.59,76048.0,76057.87,37886
1784877180,2026-07-24T12:43:00,76057.4,76114.13,76057.4,76109.81,28812
1784877240,2026-07-24T12:44:00,76104.9,76124.93,76103.77,76122.67,15700
1784877300,2026-07-24T12:45:00,76124.21,76131.76,76112.21,76127.36,15392
1784877360,2026-07-24T12:46:00,76127.78,76129.98,76098.82,76104.49,21489
1784877420,2026-07-24T12:47:00,76104.49,76116.1,76096.01,76115.07,204164
1784877480,2026-07-24T12:48:00,76115.12,76142.24,76113.82,76137.34,195310
1784877540,2026-07-24T12:49:00,76135.8,76149.84,76134.95,76134.95,21865
1784877600,2026-07-24T12:50:00,76141.95,76153.02,76134.39,76148.8,27419
1784877660,2026-07-24T12:51:00,76148.88,76156.26,76124.39,76124.93,97648
1784877720,2026-07-24T12:52:00,76123.74,76138.14,76119.38,76121.98,56323
1784877780,2026-07-24T12:53:00,76124.31,76139.25,76120.5,76139.25,31781
1784877840,2026-07-24T12:54:00,76139.86,76141.97,76126.71,76133.41,53349
1784877900,2026-07-24T12:55:00,76133.2,76138.24,76108.72,76138.24,85476
1784877960,2026-07-24T12:56:00,76132.45,76163.83,76132.45,76157.2,26846
1784878020,2026-07-24T12:57:00,76157.31,76159.74,76129.47,76138.02,23426
1784878080,2026-07-24T12:58:00,76134.85,76141.63,76127.69,76138.98,32245
1784878140,2026-07-24T12:59:00,76139.44,76145.62,76129.76,76142.48,23252
1784878200,2026-07-24T13:00:00,76139.47,76145.28,76127.74,76134.16,27448
1784878260,2026-07-24T13:01:00,76132.96,76143.95,76120.24,76120.24,24467
1784878320,2026-07-24T13:02:00,76118.7,76130.52,76109.96,76114.34,17176
1784878380,2026-07-24T13:03:00,76115.07,76115.07,76078.91,76078.91,46283
1784878440,2026-07-24T13:04:00,76080.54,76080.54,76052.33,76063.67,34644
1784878500,2026-07-24T13:05:00,76061.64,76061.64,76038.0,76047.33,14588
1784878560,2026-07-24T13:06:00,76047.6,76050.25,76032.11,76033.67,10982
1784878620,2026-07-24T13:07:00,76033.31,76056.94,76033.22,76056.68,20271
1784878680,2026-07-24T13:08:00,76056.95,76057.26,76038.1,76041.63,18318
1784878740,2026-07-24T13:09:00,76038.76,76042.73,76034.53,76037.43,11995
1784878800,2026-07-24T13:10:00,76040.3,76064.97,76039.21,76064.97,13538
1784878860,2026-07-24T13:11:00,76061.51,76065.06,76045.02,76046.29,7974
1784878920,2026-07-24T13:12:00,76047.33,76059.19,76042.77,76054.57,14887
1784878980,2026-07-24T13:13:00,76052.95,76069.72,76044.92,76066.42,11029
1784879040,2026-07-24T13:14:00,76066.42,76092.73,76066.27,76090.45,8620
1784879100,2026-07-24T13:15:00,76092.09,76108.46,76083.5,76083.5,12102
1784879160,2026-07-24T13:16:00,76087.25,76089.04,76070.7,76085.12,12933
1784879220,2026-07-24T13:17:00,76086.99,76096.69,76082.69,76095.94,14692
1784879280,2026-07-24T13:18:00,76098.4,76103.63,76091.02,76095.19,11647
1784879340,2026-07-24T13:19:00,76100.74,76127.37,76094.08,76121.7,14414
1784879400,2026-07-24T13:20:00,76125.56,76127.73,76112.35,76113.16,13327
1784879460,2026-07-24T13:21:00,76112.59,76114.71,76103.51,76111.65,12570
1784879520,2026-07-24T13:22:00,76112.37,76140.6,76112.37,76123.27,21746
1784879580,2026-07-24T13:23:00,76124.33,76125.62,76106.66,76116.85,22020
1784879640,2026-07-24T13:24:00,76116.36,76139.01,76110.38,76129.61,15855
1784879700,2026-07-24T13:25:00,76120.88,76126.83,76113.32,76118.07,29053
1784879760,2026-07-24T13:26:00,76118.19,76132.59,76116.3,76128.1,12591
1784879820,2026-07-24T13:27:00,76132.08,76155.87,76131.8,76155.87,12100
1784879880,2026-07-24T13:28:00,76144.82,76152.28,76137.49,76137.49,10478
1784879940,2026-07-24T13:29:00,76137.62,76142.1,76123.33,76129.05,18876
1784880000,2026-07-24T13:30:00,76129.05,76129.05,76108.51,76108.51,18440
1784880060,2026-07-24T13:31:00,76107.78,76114.17,76086.14,76089.77,517930
1784880120,2026-07-24T13:32:00,76088.48,76088.94,76061.79,76067.73,53616
1784880180,2026-07-24T13:33:00,76067.54,76067.89,76052.56,76058.44,98573
1784880240,2026-07-24T13:34:00,76054.46,76059.01,76043.63,76045.09,11105
1784880300,2026-07-24T13:35:00,76045.09,76045.09,76011.48,76021.46,18782
1784880360,2026-07-24T13:36:00,76021.52,76030.95,76005.2,76026.3,18227
1784880420,2026-07-24T13:37:00,76026.58,76033.94,76024.68,76027.71,9068
1784880480,2026-07-24T13:38:00,76030.71,76039.45,76025.64,76030.22,14743
1784880540,2026-07-24T13:39:00,76029.24,76046.54,76029.24,76036.39,6325
1784880600,2026-07-24T13:40:00,76036.39,76044.99,76031.67,76033.84,9048
1784880660,2026-07-24T13:41:00,76035.79,76039.11,75981.15,75984.08,37107
1784880720,2026-07-24T13:42:00,75983.98,75983.98,75948.66,75958.11,26564
1784880780,2026-07-24T13:43:00,75955.51,75960.46,75940.18,75956.09,48550
1784880840,2026-07-24T13:44:00,75949.57,75979.93,75949.57,75974.61,14601
1784880900,2026-07-24T13:45:00,75974.61,75982.63,75958.96,75981.04,20485
1784880960,2026-07-24T13:46:00,75981.04,75994.63,75976.68,75988.95,10007
1784881020,2026-07-24T13:47:00,75991.36,76006.31,75989.81,75997.15,29976
1784881080,2026-07-24T13:48:00,75995.37,75995.56,75979.31,75986.85,13882
1784881140,2026-07-24T13:49:00,75989.12,76006.36,75986.69,76004.88,18721
1784881200,2026-07-24T13:50:00,76008.73,76017.33,75999.0,76017.11,19136
1784881260,2026-07-24T13:51:00,76021.25,76022.84,76007.83,76016.84,22590
1784881320,2026-07-24T13:52:00,76015.4,76057.48,76015.4,76050.19,26705
1784881380,2026-07-24T13:53:00,76053.29,76062.39,76047.74,76052.98,13423
1784881440,2026-07-24T13:54:00,76052.69,76064.5,76042.63,76055.35,11529
1784881500,2026-07-24T13:55:00,76056.74,76084.41,76054.95,76084.41,26556
1784881560,2026-07-24T13:56:00,76081.6,76093.09,76070.76,76088.6,46550
1784881620,2026-07-24T13:57:00,76088.03,76099.33,76075.58,76096.03,21337
1784881680,2026-07-24T13:58:00,76096.03,76111.29,76091.55,76109.97,12975
1784881740,2026-07-24T13:59:00,76111.6,76142.94,76110.58,76142.94,70485
1784881800,2026-07-24T14:00:00,76142.52,76155.6,76128.13,76129.68,38947
1784881860,2026-07-24T14:01:00,76130.1,76136.15,76099.38,76119.77,20139
1784881920,2026-07-24T14:02:00,76122.62,76166.98,76119.55,76165.63,41995
1784881980,2026-07-24T14:03:00,76166.92,76190.08,76164.25,76190.08,17486
1784882040,2026-07-24T14:04:00,76190.72,76210.95,76188.96,76196.19,586399
1784882100,2026-07-24T14:05:00,76188.79,76192.51,76163.72,76168.67,15585
1784882160,2026-07-24T14:06:00,76169.83,76181.81,76154.17,76159.61,16072
1784882220,2026-07-24T14:07:00,76161.76,76173.21,76157.21,76167.43,12317
1784882280,2026-07-24T14:08:00,76166.18,76170.07,76146.12,76150.42,11822
1784882340,2026-07-24T14:09:00,76147.15,76158.11,76135.11,76139.87,13622
1784882400,2026-07-24T14:10:00,76138.82,76142.09,76116.64,76140.29,56618
1784882460,2026-07-24T14:11:00,76139.24,76147.45,76122.66,76126.11,8648
1784882520,2026-07-24T14:12:00,76128.46,76138.56,76120.29,76126.3,12472
1784882580,2026-07-24T14:13:00,76125.66,76133.52,76122.39,76131.38,12504
1784882640,2026-07-24T14:14:00,76128.51,76146.57,76128.51,76142.1,13570
1784882700,2026-07-24T14:15:00,76142.1,76150.26,76139.72,76149.31,46305
1784882760,2026-07-24T14:16:00,76150.83,76159.85,76147.17,76155.78,25108
1784882820,2026-07-24T14:17:00,76154.47,76156.75,76140.23,76147.57,6860
1784882880,2026-07-24T14:18:00,76147.33,76148.91,76119.64,76126.75,21316
1784882940,2026-07-24T14:19:00,76125.47,76131.45,76110.81,76117.73,54921
1784883000,2026-07-24T14:20:00,76118.7,76120.17,76091.94,76092.06,11712
1784883060,2026-07-24T14:21:00,76090.97,76100.34,76078.96,76086.5,14827
1784883120,2026-07-24T14:22:00,76086.6,76096.49,76078.98,76079.73,13426
1784883180,2026-07-24T14:23:00,76083.1,76083.99,76064.09,76064.09,42788
1784883240,2026-07-24T14:24:00,76066.37,76084.62,76062.72,76080.03,20931
1784883300,2026-07-24T14:25:00,76075.91,76109.22,76073.89,76106.6,12392
1784883360,2026-07-24T14:26:00,76105.69,76120.45,76093.03,76093.62,7410
1784883420,2026-07-24T14:27:00,76093.22,76093.22,76062.51,76062.54,16551
1784883480,2026-07-24T14:28:00,76062.54,76086.46,76061.74,76075.81,9207
1784883540,2026-07-24T14:29:00,76080.95,76097.5,76075.88,76095.57,21428
1784883600,2026-07-24T14:30:00,76095.57,76098.93,76072.84,76074.43,12647
1784883660,2026-07-24T14:31:00,76072.45,76110.91,76066.26,76109.99,16313
1784883720,2026-07-24T14:32:00,76108.32,76112.9,76094.87,76096.72,26953
1784883780,2026-07-24T14:33:00,76096.07,76100.16,76084.42,76090.51,9882
1784883840,2026-07-24T14:34:00,76091.48,76091.48,76068.19,76071.69,8363
1784883900,2026-07-24T14:35:00,76071.69,76075.16,76042.07,76073.05,27954
1784883960,2026-07-24T14:36:00,76076.42,76079.62,76065.35,76073.57,22526
1784884020,2026-07-24T14:37:00,76075.45,76086.16,76066.91,76086.16,14520
1784884080,2026-07-24T14:38:00,76085.99,76085.99,76071.14,76071.14,12877
1784884140,2026-07-24T14:39:00,76069.95,76090.86,76068.19,76087.4,40749
1784884200,2026-07-24T14:40:00,76080.74,76089.47,76075.67,76085.34,27465
1784884260,2026-07-24T14:41:00,76082.26,76094.61,76080.19,76093.41,13556
1784884320,2026-07-24T14:42:00,76094.33,76098.14,76053.79,76053.79,36026
1784884380,2026-07-24T14:43:00,76049.6,76051.81,76036.49,76050.53,16437
1784884440,2026-07-24T14:44:00,76049.81,76063.89,76048.75,76061.12,30133
1784884500,2026-07-24T14:45:00,76062.39,76068.74,76056.76,76067.95,9541
1784884560,2026-07-24T14:46:00,76065.59,76071.28,76051.28,76061.94,26665
1784884620,2026-07-24T14:47:00,76064.32,76087.67,76062.14,76072.03,27113
1784884680,2026-07-24T14:48:00,76075.65,76076.84,76051.37,76057.05,18875
1784884740,2026-07-24T14:49:00,76058.82,76071.49,76057.12,76069.06,16448
1784884800,2026-07-24T14:50:00,76072.29,76084.71,76068.77,76075.09,9024
1784884860,2026-07-24T14:51:00,76078.49,76080.81,76066.72,76080.81,20565
1784884920,2026-07-24T14:52:00,76082.3,76090.0,76073.65,76082.07,13545
1784884980,2026-07-24T14:53:00,76081.16,76113.43,76073.58,76113.43,57169
1784885040,2026-07-24T14:54:00,76113.43,76127.16,76112.47,76121.17,21260
1784885100,2026-07-24T14:55:00,76119.5,76130.03,76095.42,76100.44,31161
1784885160,2026-07-24T14:56:00,76095.45,76117.75,76090.45,76116.91,30427
1784885220,2026-07-24T14:57:00,76119.53,76119.53,76086.25,76109.12,20569
1784885280,2026-07-24T14:58:00,76108.89,76110.45,76097.83,76102.27,20615
1784885340,2026-07-24T14:59:00,76103.45,76103.45,76075.88,76092.47,24585
1784885400,2026-07-24T15:00:00,76092.71,76098.38,76043.71,76048.23,58824
1784885460,2026-07-24T15:01:00,76037.34,76038.1,76002.32,76002.32,42660
1784885520,2026-07-24T15:02:00,76001.89,76023.32,75991.2,76023.32,22269
1784885580,2026-07-24T15:03:00,76022.33,76026.01,76008.44,76012.71,16260
1784885640,2026-07-24T15:04:00,76012.6,76026.35,76012.6,76020.07,19469
1784885700,2026-07-24T15:05:00,76018.64,76024.04,76008.65,76015.94,13188
1784885760,2026-07-24T15:06:00,76013.73,76040.2,76012.43,76036.89,18164
1784885820,2026-07-24T15:07:00,76036.68,76037.77,76012.88,76016.55,20345
1784885880,2026-07-24T15:08:00,76016.57,76019.35,76002.12,76014.31,217823
1784885940,2026-07-24T15:09:00,76013.78,76031.74,76006.85,76031.38,27604
1784886000,2026-07-24T15:10:00,76025.85,76031.63,76004.96,76013.42,20302
1784886060,2026-07-24T15:11:00,76014.82,76026.57,76010.91,76022.93,23123
1784886120,2026-07-24T15:12:00,76019.0,76033.79,76018.83,76019.62,24488
1784886180,2026-07-24T15:13:00,76020.47,76027.99,76015.61,76024.44,28770
1784886240,2026-07-24T15:14:00,76042.6,76067.75,76028.29,76067.75,32822
1784886300,2026-07-24T15:15:00,76066.11,76123.79,76059.12,76123.79,66697
1784886360,2026-07-24T15:16:00,76123.02,76129.02,76094.05,76100.02,44542
1784886420,2026-07-24T15:17:00,76098.18,76100.71,76079.56,76084.1,34496
1784886480,2026-07-24T15:18:00,76085.92,76088.42,76067.28,76078.57,26151
1784886540,2026-07-24T15:19:00,76074.11,76088.42,76071.73,76075.64,68658
1784886600,2026-07-24T15:20:00,76076.82,76090.72,76074.0,76085.3,42071
1784886660,2026-07-24T15:21:00,76086.05,76097.81,76076.52,76097.81,68850
1784886720,2026-07-24T15:22:00,76100.88,76101.11,76087.75,76088.38,24936
1784886780,2026-07-24T15:23:00,76089.61,76106.84,76080.91,76103.2,67731
1784886840,2026-07-24T15:24:00,76101.28,76105.18,76089.38,76093.55,29147
1784886900,2026-07-24T15:25:00,76098.0,76113.53,76083.36,76089.46,23497
1784886960,2026-07-24T15:26:00,76096.66,76098.45,76081.95,76091.96,51556
1784887020,2026-07-24T15:27:00,76099.52,76116.02,76087.36,76103.47,53639
1784887080,2026-07-24T15:28:00,76100.46,76126.74,76100.46,76117.94,28909
1784887140,2026-07-24T15:29:00,76124.89,76144.07,76116.19,76141.27,48330
1785123900,2026-07-27T09:15:00,76608.98,76696.38,76588.91,76645.93,244030
1785123960,2026-07-27T09:16:00,76631.49,76657.73,76583.21,76618.26,185064
1785124020,2026-07-27T09:17:00,76618.07,76629.03,76584.41,76600.97,104139
1785124080,2026-07-27T09:18:00,76604.95,76604.95,76540.97,76549.41,105974
1785124140,2026-07-27T09:19:00,76547.79,76564.86,76530.24,76555.23,80149
1785124200,2026-07-27T09:20:00,76554.37,76624.54,76554.37,76618.64,61422
1785124260,2026-07-27T09:21:00,76619.77,76650.97,76611.38,76639.98,74544
1785124320,2026-07-27T09:22:00,76634.05,76641.57,76620.51,76629.21,89355
1785124380,2026-07-27T09:23:00,76635.56,76639.12,76610.63,76631.63,84875
1785124440,2026-07-27T09:24:00,76630.91,76642.89,76616.74,76631.57,44028
1785124500,2026-07-27T09:25:00,76633.06,76633.06,76567.63,76571.82,62944
1785124560,2026-07-27T09:26:00,76571.0,76641.31,76571.0,76635.64,39043
1785124620,2026-07-27T09:27:00,76636.33,76638.78,76607.43,76607.5,40834
1785124680,2026-07-27T09:28:00,76608.36,76646.8,76592.24,76639.68,72537
1785124740,2026-07-27T09:29:00,76640.77,76658.17,76637.05,76658.17,73571
1785124800,2026-07-27T09:30:00,76656.63,76686.36,76653.07,76672.64,52737
1785124860,2026-07-27T09:31:00,76672.56,76680.32,76626.69,76626.69,87494
1785124920,2026-07-27T09:32:00,76637.26,76641.09,76620.3,76620.3,48351
1785124980,2026-07-27T09:33:00,76616.51,76641.47,76616.51,76632.28,35700
1785125040,2026-07-27T09:34:00,76631.23,76643.03,76628.22,76640.83,43561
1785125100,2026-07-27T09:35:00,76644.63,76661.69,76637.58,76646.52,58122
1785125160,2026-07-27T09:36:00,76646.01,76668.01,76640.37,76665.48,40459
1785125220,2026-07-27T09:37:00,76664.82,76670.36,76650.18,76666.66,33751
1785125280,2026-07-27T09:38:00,76669.25,76692.79,76662.4,76685.26,30219
1785125340,2026-07-27T09:39:00,76687.87,76690.44,76654.07,76665.79,31236
1785125400,2026-07-27T09:40:00,76669.27,76684.6,76663.19,76668.13,62022
1785125460,2026-07-27T09:41:00,76663.45,76672.0,76655.62,76665.11,29325
1785125520,2026-07-27T09:42:00,76665.43,76681.8,76665.37,76673.44,41479
1785125580,2026-07-27T09:43:00,76673.82,76697.67,76660.44,76696.18,59769
1785125640,2026-07-27T09:44:00,76691.9,76698.07,76676.93,76691.12,60362
1785125700,2026-07-27T09:45:00,76692.4,76701.4,76689.13,76693.25,46854
1785125760,2026-07-27T09:46:00,76694.47,76710.63,76681.1,76686.46,41381
1785125820,2026-07-27T09:47:00,76687.75,76694.86,76671.64,76693.6,35086
1785125880,2026-07-27T09:48:00,76694.71,76705.5,76686.1,76705.5,26975
1785125940,2026-07-27T09:49:00,76704.99,76715.64,76699.8,76699.8,39662
1785126000,2026-07-27T09:50:00,76701.62,76705.34,76681.51,76688.46,52448
1785126060,2026-07-27T09:51:00,76687.26,76690.25,76675.94,76682.93,72519
1785126120,2026-07-27T09:52:00,76684.16,76701.8,76683.39,76696.39,26792
1785126180,2026-07-27T09:53:00,76692.82,76698.56,76661.8,76665.3,73965
1785126240,2026-07-27T09:54:00,76665.12,76667.58,76630.6,76641.36,42237
1785126300,2026-07-27T09:55:00,76642.48,76644.46,76610.17,76610.17,27191
1785126360,2026-07-27T09:56:00,76612.45,76622.12,76601.61,76611.15,37475
1785126420,2026-07-27T09:57:00,76618.16,76618.16,76597.05,76614.59,18168
1785126480,2026-07-27T09:58:00,76617.07,76631.25,76617.07,76624.5,25843
1785126540,2026-07-27T09:59:00,76630.04,76655.11,76627.35,76650.09,25777
1785126600,2026-07-27T10:00:00,76650.09,76655.55,76633.16,76634.85,44474
1785126660,2026-07-27T10:01:00,76630.47,76641.34,76628.71,76636.59,30295
1785126720,2026-07-27T10:02:00,76635.59,76640.3,76614.7,76618.41,32596
1785126780,2026-07-27T10:03:00,76621.57,76627.78,76612.99,76619.07,28442
1785126840,2026-07-27T10:04:00,76618.78,76621.9,76591.35,76597.85,33695
1785126900,2026-07-27T10:05:00,76599.85,76602.48,76589.28,76594.62,31417
1785126960,2026-07-27T10:06:00,76595.68,76610.02,76584.56,76610.02,36635
1785127020,2026-07-27T10:07:00,76610.82,76620.15,76596.78,76608.85,18931
1785127080,2026-07-27T10:08:00,76607.29,76615.07,76582.12,76596.0,24991
1785127140,2026-07-27T10:09:00,76589.56,76589.56,76565.93,76571.4,14199
1785127200,2026-07-27T10:10:00,76570.59,76592.78,76568.36,76590.41,29479
1785127260,2026-07-27T10:11:00,76590.61,76608.83,76584.55,76605.63,58175
1785127320,2026-07-27T10:12:00,76605.63,76621.84,76605.63,76619.08,22941
1785127380,2026-07-27T10:13:00,76615.5,76640.5,76611.71,76640.45,339841
1785127440,2026-07-27T10:14:00,76640.4,76651.18,76636.39,76651.18,24795
1785127500,2026-07-27T10:15:00,76653.04,76661.58,76636.88,76638.56,38972
1785127560,2026-07-27T10:16:00,76638.86,76644.56,76631.6,76631.95,21672
1785127620,2026-07-27T10:17:00,76633.41,76634.56,76621.92,76621.92,40586
1785127680,2026-07-27T10:18:00,76621.39,76624.73,76607.18,76613.41,22185
1785127740,2026-07-27T10:19:00,76614.57,76630.37,76610.96,76617.33,20913
1785127800,2026-07-27T10:20:00,76618.68,76624.44,76600.93,76604.04,42448
1785127860,2026-07-27T10:21:00,76603.98,76604.61,76587.87,76602.77,21796
1785127920,2026-07-27T10:22:00,76602.36,76617.9,76597.48,76610.78,16846
1785127980,2026-07-27T10:23:00,76610.78,76620.81,76603.04,76605.51,16429
1785128040,2026-07-27T10:24:00,76605.62,76606.14,76575.68,76583.06,24609
1785128100,2026-07-27T10:25:00,76579.3,76588.25,76572.3,76574.18,39090
1785128160,2026-07-27T10:26:00,76577.17,76586.61,76570.6,76586.61,40172
1785128220,2026-07-27T10:27:00,76586.61,76595.58,76574.28,76587.49,37405
1785128280,2026-07-27T10:28:00,76587.77,76600.09,76579.01,76581.24,20728
1785128340,2026-07-27T10:29:00,76586.54,76602.89,76586.42,76593.52,13408
1785128400,2026-07-27T10:30:00,76592.53,76604.05,76584.47,76602.2,21702
1785128460,2026-07-27T10:31:00,76606.02,76619.32,76598.68,76598.68,12992
1785128520,2026-07-27T10:32:00,76599.5,76599.5,76566.08,76578.59,20062
1785128580,2026-07-27T10:33:00,76577.19,76578.51,76564.54,76577.39,39301
1785128640,2026-07-27T10:34:00,76577.78,76595.61,76574.65,76591.81,19273
1785128700,2026-07-27T10:35:00,76591.8,76597.94,76565.36,76565.36,9523
1785128760,2026-07-27T10:36:00,76562.35,76569.2,76546.01,76557.7,46692
1785128820,2026-07-27T10:37:00,76558.19,76560.44,76542.21,76543.8,15174
1785128880,2026-07-27T10:38:00,76544.44,76545.21,76521.52,76535.07,15255
1785128940,2026-07-27T10:39:00,76533.08,76535.47,76517.85,76528.22,20366
1785129000,2026-07-27T10:40:00,76527.46,76552.37,76523.88,76551.62,31164
1785129060,2026-07-27T10:41:00,76551.92,76585.39,76550.43,76583.71,11427
1785129120,2026-07-27T10:42:00,76580.82,76586.54,76572.59,76586.54,16404
1785129180,2026-07-27T10:43:00,76586.54,76608.6,76582.11,76603.42,24767
1785129240,2026-07-27T10:44:00,76604.9,76635.45,76599.49,76629.97,46026
1785129300,2026-07-27T10:45:00,76629.63,76631.29,76613.33,76616.35,25504
1785129360,2026-07-27T10:46:00,76617.27,76622.64,76610.99,76613.54,11444
1785129420,2026-07-27T10:47:00,76615.61,76617.72,76605.59,76612.29,13429
1785129480,2026-07-27T10:48:00,76614.49,76616.42,76599.7,76601.86,10424
1785129540,2026-07-27T10:49:00,76605.93,76611.84,76587.97,76597.64,14741
1785129600,2026-07-27T10:50:00,76597.4,76601.01,76581.29,76581.29,13264
1785129660,2026-07-27T10:51:00,76580.45,76588.24,76565.37,76573.83,30433
1785129720,2026-07-27T10:52:00,76573.99,76606.54,76573.99,76605.36,17911
1785129780,2026-07-27T10:53:00,76602.9,76623.68,76595.77,76612.49,17387
1785129840,2026-07-27T10:54:00,76614.2,76618.19,76598.24,76603.12,21833
1785129900,2026-07-27T10:55:00,76603.5,76603.71,76577.41,76583.09,23392
1785129960,2026-07-27T10:56:00,76576.4,76611.39,76576.4,76606.43,16858
1785130020,2026-07-27T10:57:00,76608.85,76630.21,76608.19,76618.13,26772
1785130080,2026-07-27T10:58:00,76616.42,76655.6,76614.47,76646.51,19424
1785130140,2026-07-27T10:59:00,76646.0,76674.31,76646.0,76670.84,30851
1785130200,2026-07-27T11:00:00,76669.86,76677.26,76660.25,76664.26,25598
1785130260,2026-07-27T11:01:00,76661.76,76683.95,76654.15,76680.54,32174
1785130320,2026-07-27T11:02:00,76680.79,76685.16,76657.76,76657.76,10111
1785130380,2026-07-27T11:03:00,76654.16,76672.54,76650.62,76659.56,15463
1785130440,2026-07-27T11:04:00,76658.91,76665.68,76653.57,76660.14,19880
1785130500,2026-07-27T11:05:00,76657.67,76671.11,76649.96,76656.42,36683
1785130560,2026-07-27T11:06:00,76656.87,76661.57,76634.59,76637.41,41423
1785130620,2026-07-27T11:07:00,76636.53,76645.1,76631.92,76640.3,26660
1785130680,2026-07-27T11:08:00,76638.94,76644.6,76626.28,76643.94,39481
1785130740,2026-07-27T11:09:00,76645.0,76670.66,76645.0,76670.66,11441
1785130800,2026-07-27T11:10:00,76671.67,76678.22,76664.26,76664.26,18740
1785130860,2026-07-27T11:11:00,76666.3,76666.3,76631.84,76643.55,9158
1785130920,2026-07-27T11:12:00,76642.1,76651.77,76639.37,76649.92,8265
1785130980,2026-07-27T11:13:00,76651.11,76651.11,76634.39,76649.03,20556
1785131040,2026-07-27T11:14:00,76649.1,76653.11,76633.36,76635.1,17497
1785131100,2026-07-27T11:15:00,76641.15,76653.96,76631.44,76652.59,20975
1785131160,2026-07-27T11:16:00,76652.56,76660.85,76643.07,76660.85,23410
1785131220,2026-07-27T11:17:00,76660.85,76660.85,76638.85,76649.44,12332
1785131280,2026-07-27T11:18:00,76650.63,76668.9,76646.61,76668.9,10693
1785131340,2026-07-27T11:19:00,76668.9,76690.57,76668.9,76688.75,16524
1785131400,2026-07-27T11:20:00,76688.01,76703.01,76683.26,76692.52,20897
1785131460,2026-07-27T11:21:00,76691.3,76697.19,76684.56,76687.67,24304
1785131520,2026-07-27T11:22:00,76688.85,76695.12,76677.1,76678.67,11819
1785131580,2026-07-27T11:23:00,76678.21,76693.87,76678.21,76683.34,19801
1785131640,2026-07-27T11:24:00,76682.54,76709.22,76680.42,76707.23,28515
1785131700,2026-07-27T11:25:00,76703.45,76730.19,76702.67,76730.19,24118
1785131760,2026-07-27T11:26:00,76727.55,76737.88,76717.3,76736.81,21875
1785131820,2026-07-27T11:27:00,76734.98,76746.85,76730.45,76746.55,15144
1785131880,2026-07-27T11:28:00,76747.87,76761.79,76747.87,76758.84,13120
1785131940,2026-07-27T11:29:00,76763.68,76763.99,76746.92,76748.04,51069
1785132000,2026-07-27T11:30:00,76743.57,76765.74,76736.33,76762.11,318260
1785132060,2026-07-27T11:31:00,76761.72,76763.12,76731.91,76741.32,29966
1785132120,2026-07-27T11:32:00,76740.85,76749.99,76739.68,76742.35,27189
1785132180,2026-07-27T11:33:00,76742.9,76743.66,76731.49,76738.13,17874
1785132240,2026-07-27T11:34:00,76738.13,76740.48,76732.29,76738.26,14014
1785132300,2026-07-27T11:35:00,76738.45,76743.86,76723.73,76723.73,13802
1785132360,2026-07-27T11:36:00,76725.07,76733.65,76720.67,76728.38,36337
1785132420,2026-07-27T11:37:00,76728.69,76736.1,76723.3,76728.0,12827
1785132480,2026-07-27T11:38:00,76723.56,76742.99,76718.07,76738.17,18225
1785132540,2026-07-27T11:39:00,76738.17,76738.17,76712.29,76722.19,52324
1785132600,2026-07-27T11:40:00,76722.56,76733.67,76716.2,76716.2,19173
1785132660,2026-07-27T11:41:00,76716.2,76741.78,76716.2,76734.37,45684
1785132720,2026-07-27T11:42:00,76736.34,76751.48,76735.95,76749.74,76070
1785132780,2026-07-27T11:43:00,76748.71,76755.36,76741.36,76741.36,118924
1785132840,2026-07-27T11:44:00,76742.34,76750.11,76728.3,76750.11,21963
1785132900,2026-07-27T11:45:00,76751.02,76751.02,76731.04,76749.95,37150
1785132960,2026-07-27T11:46:00,76750.08,76761.5,76745.79,76756.74,16951
1785133020,2026-07-27T11:47:00,76756.23,76763.08,76752.09,76753.53,17218
1785133080,2026-07-27T11:48:00,76751.42,76755.57,76747.02,76750.78,32424
1785133140,2026-07-27T11:49:00,76750.78,76750.86,76707.56,76719.14,28398
1785133200,2026-07-27T11:50:00,76718.13,76718.56,76703.26,76711.92,659507
1785133260,2026-07-27T11:51:00,76709.44,76714.03,76704.42,76712.38,111360
1785133320,2026-07-27T11:52:00,76715.22,76729.02,76711.44,76715.39,20629
1785133380,2026-07-27T11:53:00,76715.39,76716.58,76701.68,76701.76,29632
1785133440,2026-07-27T11:54:00,76701.76,76727.03,76700.33,76726.57,29324
1785133500,2026-07-27T11:55:00,76727.36,76761.55,76726.6,76753.58,26069
1785133560,2026-07-27T11:56:00,76754.64,76768.13,76752.96,76763.4,12431
1785133620,2026-07-27T11:57:00,76763.17,76766.56,76745.04,76746.03,11405
1785133680,2026-07-27T11:58:00,76746.68,76747.92,76737.08,76739.48,34003
1785133740,2026-07-27T11:59:00,76740.76,76745.01,76737.61,76741.95,68865
1785133800,2026-07-27T12:00:00,76740.87,76745.53,76730.02,76730.42,19196
1785133860,2026-07-27T12:01:00,76730.39,76736.75,76715.24,76723.86,34146
1785133920,2026-07-27T12:02:00,76721.73,76736.65,76721.73,76731.41,21527
1785133980,2026-07-27T12:03:00,76732.3,76736.77,76716.0,76723.25,125499
1785134040,2026-07-27T12:04:00,76724.95,76735.7,76711.35,76714.56,45682
1785134100,2026-07-27T12:05:00,76714.25,76717.12,76695.73,76703.81,28604
1785134160,2026-07-27T12:06:00,76704.32,76717.9,76697.56,76714.07,21323
1785134220,2026-07-27T12:07:00,76717.93,76728.99,76712.52,76719.35,13864
1785134280,2026-07-27T12:08:00,76716.39,76723.61,76712.08,76718.51,24829
1785134340,2026-07-27T12:09:00,76717.9,76724.3,76703.6,76705.06,20937
1785134400,2026-07-27T12:10:00,76705.91,76715.5,76698.98,76701.04,17355
1785134460,2026-07-27T12:11:00,76700.42,76718.13,76692.02,76718.13,1058576
1785134520,2026-07-27T12:12:00,76719.7,76727.14,76713.37,76721.15,71038
1785134580,2026-07-27T12:13:00,76720.13,76736.51,76717.62,76736.51,28792
1785134640,2026-07-27T12:14:00,76737.62,76737.62,76718.15,76727.64,16773
1785134700,2026-07-27T12:15:00,76727.61,76734.16,76716.93,76727.45,10819
1785134760,2026-07-27T12:16:00,76728.33,76741.67,76728.23,76739.39,15217
1785134820,2026-07-27T12:17:00,76739.39,76747.63,76733.93,76736.14,22609
1785134880,2026-07-27T12:18:00,76736.76,76744.75,76728.34,76733.76,11311
1785134940,2026-07-27T12:19:00,76729.21,76735.35,76722.55,76726.32,16335
1785135000,2026-07-27T12:20:00,76727.03,76727.88,76716.54,76722.14,59136
1785135060,2026-07-27T12:21:00,76721.84,76721.84,76708.19,76715.7,16439
1785135120,2026-07-27T12:22:00,76716.94,76737.65,76708.18,76734.8,14715
1785135180,2026-07-27T12:23:00,76735.47,76736.39,76720.38,76726.04,28096
1785135240,2026-07-27T12:24:00,76728.7,76729.52,76711.59,76714.13,8537
1785135300,2026-07-27T12:25:00,76715.97,76724.0,76712.87,76723.75,16475
1785135360,2026-07-27T12:26:00,76725.68,76742.6,76722.33,76737.33,15486
1785135420,2026-07-27T12:27:00,76737.29,76739.57,76719.8,76719.8,13027
1785135480,2026-07-27T12:28:00,76719.52,76733.96,76715.55,76722.96,8658
1785135540,2026-07-27T12:29:00,76723.51,76732.55,76709.2,76715.11,9805
1785135600,2026-07-27T12:30:00,76713.03,76718.08,76697.65,76717.73,13567
1785135660,2026-07-27T12:31:00,76716.4,76745.48,76716.4,76738.58,12078
1785135720,2026-07-27T12:32:00,76744.86,76752.78,76733.82,76743.08,7804
1785135780,2026-07-27T12:33:00,76742.25,76745.55,76727.18,76727.72,445095
1785135840,2026-07-27T12:34:00,76727.59,76736.4,76715.97,76715.97,12778
1785135900,2026-07-27T12:35:00,76719.12,76723.24,76704.94,76712.91,8045
1785135960,2026-07-27T12:36:00,76712.91,76720.13,76707.58,76711.68,17458
1785136020,2026-07-27T12:37:00,76710.77,76710.77,76686.3,76691.43,17841
1785136080,2026-07-27T12:38:00,76691.85,76702.98,76689.56,76701.33,21293
1785136140,2026-07-27T12:39:00,76702.13,76705.29,76690.29,76702.27,20278
1785136200,2026-07-27T12:40:00,76703.87,76703.87,76682.26,76683.43,15282
1785136260,2026-07-27T12:41:00,76683.29,76691.4,76678.06,76683.74,7082
1785136320,2026-07-27T12:42:00,76684.84,76691.53,76676.13,76681.46,85195
1785136380,2026-07-27T12:43:00,76680.9,76688.49,76673.01,76688.49,9346
1785136440,2026-07-27T12:44:00,76688.64,76699.92,76688.64,76696.48,9910
1785136500,2026-07-27T12:45:00,76696.99,76705.91,76690.64,76696.72,21140
1785136560,2026-07-27T12:46:00,76695.66,76707.57,76695.66,76700.36,8662
1785136620,2026-07-27T12:47:00,76700.36,76709.7,76694.43,76707.73,11093
1785136680,2026-07-27T12:48:00,76705.53,76715.54,76696.68,76711.22,14890
1785136740,2026-07-27T12:49:00,76709.97,76719.58,76698.22,76703.35,7297
1785136800,2026-07-27T12:50:00,76704.34,76707.98,76696.18,76700.74,12358
1785136860,2026-07-27T12:51:00,76701.54,76715.47,76697.2,76707.36,8906
1785136920,2026-07-27T12:52:00,76707.96,76722.76,76704.27,76721.35,11850
1785136980,2026-07-27T12:53:00,76720.81,76722.29,76693.37,76693.37,14944
1785137040,2026-07-27T12:54:00,76693.33,76699.46,76683.6,76690.36,16785
1785137100,2026-07-27T12:55:00,76690.51,76697.68,76685.4,76689.82,11175
1785137160,2026-07-27T12:56:00,76689.82,76693.38,76677.81,76690.16,10907
1785137220,2026-07-27T12:57:00,76691.06,76701.52,76691.04,76697.29,17822
1785137280,2026-07-27T12:58:00,76697.6,76719.15,76692.55,76715.93,7842
1785137340,2026-07-27T12:59:00,76716.43,76719.48,76701.23,76708.1,12250
1785137400,2026-07-27T13:00:00,76706.05,76707.75,76688.17,76694.13,21083
1785137460,2026-07-27T13:01:00,76692.83,76726.95,76686.97,76726.95,16125
1785137520,2026-07-27T13:02:00,76726.01,76732.14,76722.33,76728.44,15772
1785137580,2026-07-27T13:03:00,76729.56,76729.56,76714.73,76727.79,70404
1785137640,2026-07-27T13:04:00,76728.95,76747.05,76728.95,76740.67,24583
1785137700,2026-07-27T13:05:00,76744.55,76751.85,76735.21,76746.85,39041
1785137760,2026-07-27T13:06:00,76746.44,76754.72,76743.98,76754.72,17754
1785137820,2026-07-27T13:07:00,76754.71,76762.92,76744.39,76757.03,24135
1785137880,2026-07-27T13:08:00,76754.63,76754.64,76729.07,76729.4,5372
1785137940,2026-07-27T13:09:00,76729.24,76732.92,76721.45,76728.37,7019
1785138000,2026-07-27T13:10:00,76730.08,76735.06,76720.82,76735.06,16040
1785138060,2026-07-27T13:11:00,76733.74,76742.91,76728.96,76735.0,19880
1785138120,2026-07-27T13:12:00,76734.26,76743.63,76729.73,76729.73,16750
1785138180,2026-07-27T13:13:00,76731.5,76741.92,76725.12,76740.99,14484
1785138240,2026-07-27T13:14:00,76741.21,76761.29,76741.21,76759.43,42055
1785138300,2026-07-27T13:15:00,76758.54,76781.97,76748.59,76781.06,27388
1785138360,2026-07-27T13:16:00,76779.7,76785.09,76769.15,76778.94,17236
1785138420,2026-07-27T13:17:00,76774.16,76791.99,76774.1,76790.55,25710
1785138480,2026-07-27T13:18:00,76790.27,76790.27,76773.63,76778.45,15010
1785138540,2026-07-27T13:19:00,76778.98,76786.92,76762.41,76764.29,13436
1785138600,2026-07-27T13:20:00,76771.36,76773.89,76763.56,76769.45,27623
1785138660,2026-07-27T13:21:00,76768.72,76768.72,76758.03,76761.63,9281
1785138720,2026-07-27T13:22:00,76762.22,76765.18,76748.54,76762.42,18644
1785138780,2026-07-27T13:23:00,76759.85,76770.3,76758.73,76767.07,36610
1785138840,2026-07-27T13:24:00,76766.87,76778.57,76765.21,76778.57,29195
1785138900,2026-07-27T13:25:00,76778.48,76779.54,76765.46,76771.03,30732
1785138960,2026-07-27T13:26:00,76770.58,76770.58,76758.88,76761.21,15177
1785139020,2026-07-27T13:27:00,76765.57,76765.57,76731.47,76731.47,23178
1785139080,2026-07-27T13:28:00,76732.62,76733.29,76718.57,76718.57,14573
1785139140,2026-07-27T13:29:00,76718.31,76730.72,76712.56,76712.56,7633
1785139200,2026-07-27T13:30:00,76712.71,76723.82,76704.96,76714.14,11815
1785139260,2026-07-27T13:31:00,76713.36,76726.53,76700.27,76702.22,24043
1785139320,2026-07-27T13:32:00,76702.38,76703.81,76691.96,76692.46,23596
1785139380,2026-07-27T13:33:00,76690.8,76698.32,76683.68,76698.03,264973
1785139440,2026-07-27T13:34:00,76697.85,76702.0,76663.95,76663.95,13362
1785139500,2026-07-27T13:35:00,76663.39,76666.4,76652.01,76656.29,47511
1785139560,2026-07-27T13:36:00,76658.35,76687.4,76654.34,76687.4,47278
1785139620,2026-07-27T13:37:00,76686.31,76721.31,76686.31,76718.46,8855
1785139680,2026-07-27T13:38:00,76717.76,76724.07,76703.58,76719.14,7014
1785139740,2026-07-27T13:39:00,76718.55,76727.2,76710.75,76724.63,12075
1785139800,2026-07-27T13:40:00,76721.06,76731.75,76716.2,76727.31,16928
1785139860,2026-07-27T13:41:00,76724.74,76730.57,76698.71,76702.15,291314
1785139920,2026-07-27T13:42:00,76703.71,76711.29,76684.68,76691.07,26246
1785139980,2026-07-27T13:43:00,76691.46,76700.52,76683.62,76700.52,27452
1785140040,2026-07-27T13:44:00,76700.52,76712.18,76698.06,76712.18,26691
1785140100,2026-07-27T13:45:00,76709.76,76716.45,76705.66,76716.45,16740
1785140160,2026-07-27T13:46:00,76716.94,76716.97,76705.5,76708.13,9160
1785140220,2026-07-27T13:47:00,76713.57,76729.79,76710.49,76728.97,8090
1785140280,2026-07-27T13:48:00,76732.13,76740.14,76725.86,76726.18,20434
1785140340,2026-07-27T13:49:00,76725.04,76727.19,76710.44,76715.61,29116
1785140400,2026-07-27T13:50:00,76716.83,76722.5,76713.74,76718.59,210859
1785140460,2026-07-27T13:51:00,76718.59,76732.81,76714.37,76727.24,15123
1785140520,2026-07-27T13:52:00,76727.09,76737.55,76718.76,76725.59,7092
1785140580,2026-07-27T13:53:00,76721.97,76741.29,76721.97,76738.5,9038
1785140640,2026-07-27T13:54:00,76738.5,76748.21,76734.22,76743.71,9155
1785140700,2026-07-27T13:55:00,76739.79,76761.11,76738.02,76761.11,11018
1785140760,2026-07-27T13:56:00,76761.43,76764.9,76752.6,76752.6,8745
1785140820,2026-07-27T13:57:00,76749.13,76753.92,76741.53,76741.53,3649
1785140880,2026-07-27T13:58:00,76741.49,76759.07,76741.49,76754.22,6068
1785140940,2026-07-27T13:59:00,76755.62,76771.0,76752.57,76768.1,23017
1785141000,2026-07-27T14:00:00,76769.01,76791.99,76768.2,76788.49,12574
1785141060,2026-07-27T14:01:00,76786.94,76800.88,76786.94,76794.28,19035
1785141120,2026-07-27T14:02:00,76793.25,76797.33,76781.68,76796.26,7695
1785141180,2026-07-27T14:03:00,76794.74,76823.89,76793.57,76819.87,19753
1785141240,2026-07-27T14:04:00,76823.35,76828.42,76818.86,76820.1,11571
1785141300,2026-07-27T14:05:00,76821.34,76822.47,76807.3,76818.54,10304
1785141360,2026-07-27T14:06:00,76820.67,76829.16,76814.19,76824.14,5257
1785141420,2026-07-27T14:07:00,76820.33,76826.75,76816.22,76819.82,8280
1785141480,2026-07-27T14:08:00,76820.53,76832.96,76820.53,76825.8,17679
1785141540,2026-07-27T14:09:00,76826.62,76847.36,76824.32,76839.89,15623
1785141600,2026-07-27T14:10:00,76839.89,76850.35,76835.69,76836.47,6952
1785141660,2026-07-27T14:11:00,76834.54,76838.76,76826.09,76834.98,11186
1785141720,2026-07-27T14:12:00,76832.06,76855.17,76832.06,76845.4,19509
1785141780,2026-07-27T14:13:00,76845.15,76862.33,76845.15,76859.91,11897
1785141840,2026-07-27T14:14:00,76858.89,76858.89,76839.67,76850.88,42819
1785141900,2026-07-27T14:15:00,76849.49,76867.89,76845.93,76867.89,25445
1785141960,2026-07-27T14:16:00,76860.93,76864.39,76850.21,76852.48,13443
1785142020,2026-07-27T14:17:00,76850.86,76853.66,76816.62,76816.79,26698
1785142080,2026-07-27T14:18:00,76819.28,76837.4,76816.25,76836.49,10995
1785142140,2026-07-27T14:19:00,76836.49,76845.2,76829.79,76841.57,9611
1785142200,2026-07-27T14:20:00,76841.57,76842.01,76827.05,76842.01,7866
1785142260,2026-07-27T14:21:00,76842.93,76845.09,76838.39,76838.68,216757
1785142320,2026-07-27T14:22:00,76839.99,76845.32,76823.9,76835.81,11629
1785142380,2026-07-27T14:23:00,76838.54,76856.75,76838.54,76844.08,21361
1785142440,2026-07-27T14:24:00,76845.27,76857.63,76841.23,76857.63,9831
1785142500,2026-07-27T14:25:00,76857.63,76885.83,76854.78,76885.47,22662
1785142560,2026-07-27T14:26:00,76885.91,76892.45,76871.89,76873.36,15406
1785142620,2026-07-27T14:27:00,76873.95,76875.05,76853.87,76865.33,14253
1785142680,2026-07-27T14:28:00,76866.44,76888.18,76865.36,76887.57,11129
1785142740,2026-07-27T14:29:00,76888.29,76898.57,76881.68,76887.36,20641
1785142800,2026-07-27T14:30:00,76886.16,76889.13,76878.96,76883.48,59092
1785142860,2026-07-27T14:31:00,76883.35,76901.51,76880.45,76891.94,20743
1785142920,2026-07-27T14:32:00,76891.94,76894.3,76875.67,76875.67,12783
1785142980,2026-07-27T14:33:00,76873.42,76876.53,76861.19,76864.52,17648
1785143040,2026-07-27T14:34:00,76866.33,76871.6,76856.4,76867.73,13715
1785143100,2026-07-27T14:35:00,76868.45,76877.65,76863.27,76863.7,16810
1785143160,2026-07-27T14:36:00,76863.7,76871.28,76837.32,76837.32,50187
1785143220,2026-07-27T14:37:00,76837.67,76848.71,76831.18,76844.74,12951
1785143280,2026-07-27T14:38:00,76844.11,76850.47,76838.07,76845.48,19872
1785143340,2026-07-27T14:39:00,76841.88,76859.71,76838.26,76856.1,20084
1785143400,2026-07-27T14:40:00,76857.68,76867.23,76855.55,76861.13,31619
1785143460,2026-07-27T14:41:00,76861.13,76867.5,76855.48,76863.73,9608
1785143520,2026-07-27T14:42:00,76867.25,76867.43,76855.47,76855.47,5518
1785143580,2026-07-27T14:43:00,76855.32,76861.36,76841.24,76845.1,24297
1785143640,2026-07-27T14:44:00,76841.49,76847.02,76836.21,76843.26,7249
1785143700,2026-07-27T14:45:00,76842.99,76860.27,76837.23,76860.27,31250
1785143760,2026-07-27T14:46:00,76860.71,76870.18,76855.66,76860.93,10187
1785143820,2026-07-27T14:47:00,76861.8,76861.8,76824.11,76824.11,26379
1785143880,2026-07-27T14:48:00,76822.42,76849.69,76822.42,76846.38,24256
1785143940,2026-07-27T14:49:00,76847.91,76854.35,76837.34,76847.18,29388
1785144000,2026-07-27T14:50:00,76843.81,76852.76,76836.58,76840.15,19760
1785144060,2026-07-27T14:51:00,76840.15,76856.29,76838.91,76855.12,13523
1785144120,2026-07-27T14:52:00,76853.98,76864.76,76852.13,76860.05,189652
1785144180,2026-07-27T14:53:00,76861.11,76863.26,76848.21,76850.09,8108
1785144240,2026-07-27T14:54:00,76849.83,76853.37,76815.65,76825.7,10752
1785144300,2026-07-27T14:55:00,76825.13,76833.78,76810.35,76833.78,12033
1785144360,2026-07-27T14:56:00,76835.77,76849.92,76831.13,76849.92,19433
1785144420,2026-07-27T14:57:00,76849.21,76852.19,76812.64,76821.58,9172
1785144480,2026-07-27T14:58:00,76823.09,76847.33,76822.35,76826.91,10646
1785144540,2026-07-27T14:59:00,76828.0,76837.7,76819.05,76823.86,17650
1785144600,2026-07-27T15:00:00,76823.86,76850.27,76822.04,76830.69,32654
1785144660,2026-07-27T15:01:00,76831.56,76857.77,76827.62,76856.83,34492
1785144720,2026-07-27T15:02:00,76857.49,76858.75,76837.2,76839.89,35802
1785144780,2026-07-27T15:03:00,76837.62,76850.88,76827.19,76827.79,65249
1785144840,2026-07-27T15:04:00,76828.8,76834.29,76809.09,76809.09,33520
1785144900,2026-07-27T15:05:00,76808.59,76832.69,76808.48,76826.05,22368
1785144960,2026-07-27T15:06:00,76828.24,76842.02,76821.21,76822.86,23940
1785145020,2026-07-27T15:07:00,76827.81,76837.32,76823.42,76834.14,23633
1785145080,2026-07-27T15:08:00,76833.48,76841.95,76826.31,76830.89,113361
1785145140,2026-07-27T15:09:00,76835.82,76840.66,76830.53,76838.35,21918
1785145200,2026-07-27T15:10:00,76836.67,76844.61,76828.11,76843.29,31686
1785145260,2026-07-27T15:11:00,76842.2,76860.08,76841.87,76848.5,26090
1785145320,2026-07-27T15:12:00,76851.35,76851.35,76831.26,76838.33,21515
1785145380,2026-07-27T15:13:00,76841.56,76842.93,76805.89,76818.54,30685
1785145440,2026-07-27T15:14:00,76829.45,76829.56,76811.83,76822.38,37829
1785145500,2026-07-27T15:15:00,76817.19,76822.73,76805.85,76815.98,44102
1785145560,2026-07-27T15:16:00,76816.4,76826.38,76809.14,76820.02,36048
1785145620,2026-07-27T15:17:00,76818.56,76829.16,76815.06,76823.15,60032
1785145680,2026-07-27T15:18:00,76823.11,76828.48,76812.21,76827.06,41689
1785145740,2026-07-27T15:19:00,76826.65,76840.43,76823.2,76834.78,46730
1785145800,2026-07-27T15:20:00,76831.9,76841.22,76825.49,76838.33,70464
1785145860,2026-07-27T15:21:00,76837.67,76851.12,76836.18,76843.19,34594
1785145920,2026-07-27T15:22:00,76844.33,76862.52,76840.81,76853.35,19541
1785145980,2026-07-27T15:23:00,76853.63,76868.31,76851.6,76868.31,92274
1785146040,2026-07-27T15:24:00,76868.15,76869.87,76846.64,76848.75,39548
1785146100,2026-07-27T15:25:00,76851.71,76862.8,76840.5,76846.2,31197
1785146160,2026-07-27T15:26:00,76850.86,76859.39,76843.08,76844.19,33557
1785146220,2026-07-27T15:27:00,76844.1,76868.32,76844.1,76865.4,34976
1785146280,2026-07-27T15:28:00,76873.77,76880.25,76849.88,76853.58,49974
1785146340,2026-07-27T15:29:00,76861.09,76884.17,76838.94,76847.79,41348
1785210300,2026-07-28T09:15:00,76831.75,76884.07,76738.49,76871.2,299740
1785210360,2026-07-28T09:16:00,76862.25,76888.96,76841.03,76863.47,161340
1785210420,2026-07-28T09:17:00,76858.48,76927.57,76851.56,76924.42,155809
1785210480,2026-07-28T09:18:00,76932.73,76976.58,76921.86,76965.0,166309
1785210540,2026-07-28T09:19:00,76965.05,76965.05,76931.38,76941.87,176723
1785210600,2026-07-28T09:20:00,76946.63,76980.5,76946.63,76972.14,89531
1785210660,2026-07-28T09:21:00,76974.88,76988.48,76966.69,76966.69,89205
1785210720,2026-07-28T09:22:00,76967.48,76970.84,76936.1,76936.1,70151
1785210780,2026-07-28T09:23:00,76928.65,76933.51,76900.6,76908.2,52813
1785210840,2026-07-28T09:24:00,76907.43,76917.49,76898.07,76913.44,112768
1785210900,2026-07-28T09:25:00,76915.06,76915.06,76855.66,76872.52,111448
1785210960,2026-07-28T09:26:00,76874.82,76875.06,76850.44,76864.03,68693
1785211020,2026-07-28T09:27:00,76866.22,76868.51,76854.3,76868.35,57934
1785211080,2026-07-28T09:28:00,76870.11,76885.88,76857.04,76885.88,61462
1785211140,2026-07-28T09:29:00,76879.61,76892.13,76879.61,76888.0,46920
1785211200,2026-07-28T09:30:00,76882.93,76908.39,76872.99,76892.97,60826
1785211260,2026-07-28T09:31:00,76897.46,76901.22,76863.34,76863.48,45616
1785211320,2026-07-28T09:32:00,76855.94,76869.0,76842.99,76843.84,40678
1785211380,2026-07-28T09:33:00,76839.06,76852.65,76809.11,76811.77,68870
1785211440,2026-07-28T09:34:00,76816.18,76839.17,76811.35,76839.17,68242
1785211500,2026-07-28T09:35:00,76838.68,76876.18,76836.57,76870.33,56113
1785211560,2026-07-28T09:36:00,76867.65,76900.33,76866.43,76900.04,67719
1785211620,2026-07-28T09:37:00,76901.7,76905.94,76891.27,76893.57,45068
1785211680,2026-07-28T09:38:00,76890.65,76915.72,76888.67,76914.29,33398
1785211740,2026-07-28T09:39:00,76912.65,76921.52,76911.88,76920.09,42518
1785211800,2026-07-28T09:40:00,76921.05,76929.58,76914.44,76929.52,43406
1785211860,2026-07-28T09:41:00,76925.19,76927.4,76908.74,76916.06,35984
1785211920,2026-07-28T09:42:00,76915.92,76925.31,76910.38,76915.29,35134
1785211980,2026-07-28T09:43:00,76919.22,76936.5,76919.22,76928.76,75166
1785212040,2026-07-28T09:44:00,76931.72,76936.09,76906.57,76910.64,88785
1785212100,2026-07-28T09:45:00,76911.94,76912.82,76889.04,76899.39,46872
1785212160,2026-07-28T09:46:00,76901.17,76901.35,76880.2,76881.65,63484
1785212220,2026-07-28T09:47:00,76880.54,76880.54,76856.84,76873.62,103574
1785212280,2026-07-28T09:48:00,76867.34,76881.52,76864.34,76880.02,38748
1785212340,2026-07-28T09:49:00,76880.79,76890.79,76865.09,76880.0,69834
1785212400,2026-07-28T09:50:00,76882.05,76890.58,76872.08,76874.24,28375
1785212460,2026-07-28T09:51:00,76875.95,76875.95,76849.71,76859.12,106826
1785212520,2026-07-28T09:52:00,76857.11,76859.21,76842.91,76842.91,42796
1785212580,2026-07-28T09:53:00,76845.5,76849.48,76826.21,76844.64,31750
1785212640,2026-07-28T09:54:00,76843.99,76894.79,76843.99,76891.88,39889
1785212700,2026-07-28T09:55:00,76892.74,76898.65,76883.04,76891.54,49404
1785212760,2026-07-28T09:56:00,76894.73,76895.79,76883.39,76889.12,84383
1785212820,2026-07-28T09:57:00,76888.21,76895.5,76879.02,76882.14,33023
1785212880,2026-07-28T09:58:00,76879.5,76893.69,76878.08,76884.82,48445
1785212940,2026-07-28T09:59:00,76885.29,76893.9,76875.07,76891.54,36999
1785213000,2026-07-28T10:00:00,76892.5,76895.14,76864.7,76877.52,28882
1785213060,2026-07-28T10:01:00,76881.06,76893.36,76847.16,76847.16,91007
1785213120,2026-07-28T10:02:00,76849.62,76849.62,76789.77,76809.12,47787
1785213180,2026-07-28T10:03:00,76804.07,76804.07,76737.33,76756.85,41069
1785213240,2026-07-28T10:04:00,76754.57,76771.89,76752.61,76759.97,40983
1785213300,2026-07-28T10:05:00,76761.49,76766.22,76731.87,76733.84,61510
1785213360,2026-07-28T10:06:00,76734.65,76760.45,76731.84,76754.36,120474
1785213420,2026-07-28T10:07:00,76749.82,76758.03,76714.47,76726.3,67821
1785213480,2026-07-28T10:08:00,76726.46,76734.44,76705.22,76730.46,63028
1785213540,2026-07-28T10:09:00,76738.45,76746.13,76729.17,76741.38,39543
1785213600,2026-07-28T10:10:00,76737.86,76741.47,76713.73,76722.33,34847
1785213660,2026-07-28T10:11:00,76721.78,76735.93,76719.81,76727.49,37176
1785213720,2026-07-28T10:12:00,76727.08,76754.58,76726.71,76747.86,29689
1785213780,2026-07-28T10:13:00,76749.33,76791.32,76749.33,76790.22,33448
1785213840,2026-07-28T10:14:00,76794.61,76802.55,76789.69,76797.44,53238
1785213900,2026-07-28T10:15:00,76798.74,76823.73,76797.77,76823.03,54733
1785213960,2026-07-28T10:16:00,76818.56,76838.48,76811.23,76830.44,56517
1785214020,2026-07-28T10:17:00,76824.4,76855.39,76822.02,76847.87,53370
1785214080,2026-07-28T10:18:00,76848.61,76856.65,76834.27,76836.96,36374
1785214140,2026-07-28T10:19:00,76838.13,76849.35,76835.82,76840.76,23494
1785214200,2026-07-28T10:20:00,76843.04,76843.24,76827.19,76833.4,47350
1785214260,2026-07-28T10:21:00,76833.0,76835.16,76804.79,76805.46,29017
1785214320,2026-07-28T10:22:00,76804.74,76811.03,76794.21,76799.5,32015
1785214380,2026-07-28T10:23:00,76799.77,76818.05,76798.09,76807.56,79154
1785214440,2026-07-28T10:24:00,76801.68,76822.9,76801.68,76819.95,26711
1785214500,2026-07-28T10:25:00,76820.55,76836.98,76808.98,76833.01,36274
1785214560,2026-07-28T10:26:00,76834.84,76835.47,76817.02,76829.04,26839
1785214620,2026-07-28T10:27:00,76828.83,76828.83,76807.02,76823.89,28577
1785214680,2026-07-28T10:28:00,76823.07,76826.18,76807.43,76810.01,43019
1785214740,2026-07-28T10:29:00,76810.0,76810.05,76777.28,76782.45,19602
1785214800,2026-07-28T10:30:00,76782.98,76807.07,76779.51,76804.78,37048
1785214860,2026-07-28T10:31:00,76806.9,76830.5,76806.75,76830.5,48408
1785214920,2026-07-28T10:32:00,76832.72,76834.76,76821.56,76826.78,31780
1785214980,2026-07-28T10:33:00,76826.78,76832.79,76819.13,76832.72,38342
1785215040,2026-07-28T10:34:00,76834.67,76844.93,76821.0,76822.75,69390
1785215100,2026-07-28T10:35:00,76821.76,76825.8,76808.56,76809.57,26273
1785215160,2026-07-28T10:36:00,76809.65,76821.91,76805.58,76821.91,32387
1785215220,2026-07-28T10:37:00,76820.08,76834.08,76815.97,76834.08,104008
1785215280,2026-07-28T10:38:00,76833.79,76866.15,76833.79,76866.15,43864
1785215340,2026-07-28T10:39:00,76862.86,76866.65,76838.77,76845.7,25859
1785215400,2026-07-28T10:40:00,76848.27,76855.45,76836.92,76847.52,38866
1785215460,2026-07-28T10:41:00,76849.03,76859.0,76843.86,76857.52,29291
1785215520,2026-07-28T10:42:00,76858.09,76872.62,76842.48,76872.62,35205
1785215580,2026-07-28T10:43:00,76866.61,76896.77,76866.61,76896.77,36891
1785215640,2026-07-28T10:44:00,76895.42,76899.33,76872.03,76886.64,27857
1785215700,2026-07-28T10:45:00,76891.97,76912.67,76886.21,76909.99,39868
1785215760,2026-07-28T10:46:00,76910.85,76924.12,76895.1,76899.26,35451
1785215820,2026-07-28T10:47:00,76897.47,76910.3,76893.97,76901.19,55656
1785215880,2026-07-28T10:48:00,76898.76,76920.96,76892.91,76920.96,29072
1785215940,2026-07-28T10:49:00,76921.48,76930.11,76917.91,76930.11,46856
1785216000,2026-07-28T10:50:00,76930.05,76930.16,76912.39,76922.64,33579
1785216060,2026-07-28T10:51:00,76923.52,76939.75,76921.62,76930.93,36750
1785216120,2026-07-28T10:52:00,76928.45,76931.57,76913.09,76922.82,47775
1785216180,2026-07-28T10:53:00,76923.95,76931.47,76904.58,76923.77,101031
1785216240,2026-07-28T10:54:00,76923.96,76943.97,76923.96,76941.61,64122
1785216300,2026-07-28T10:55:00,76944.82,76960.45,76941.76,76959.32,29725
1785216360,2026-07-28T10:56:00,76955.82,76962.35,76935.68,76940.42,23436
1785216420,2026-07-28T10:57:00,76941.61,76948.2,76934.91,76943.71,22823
1785216480,2026-07-28T10:58:00,76943.3,76963.52,76938.12,76963.21,29123
1785216540,2026-07-28T10:59:00,76961.36,76961.86,76950.14,76957.91,33546
1785216600,2026-07-28T11:00:00,76959.88,76964.6,76931.42,76934.54,34082
1785216660,2026-07-28T11:01:00,76932.72,76936.67,76899.08,76905.3,36738
1785216720,2026-07-28T11:02:00,76905.29,76915.63,76896.95,76910.48,16727
1785216780,2026-07-28T11:03:00,76909.92,76918.65,76902.72,76903.55,19787
1785216840,2026-07-28T11:04:00,76907.21,76918.66,76894.63,76912.74,39627
1785216900,2026-07-28T11:05:00,76912.57,76922.08,76905.49,76920.22,28673
1785216960,2026-07-28T11:06:00,76920.59,76924.49,76895.49,76896.37,12836
1785217020,2026-07-28T11:07:00,76895.33,76909.25,76895.33,76903.79,21105
1785217080,2026-07-28T11:08:00,76904.27,76912.67,76897.99,76904.0,98590
1785217140,2026-07-28T11:09:00,76904.09,76916.51,76897.89,76912.54,11150
1785217200,2026-07-28T11:10:00,76911.82,76914.01,76893.69,76900.05,19654
1785217260,2026-07-28T11:11:00,76900.43,76902.41,76882.38,76890.34,35495
1785217320,2026-07-28T11:12:00,76890.34,76890.49,76872.19,76874.19,107238
1785217380,2026-07-28T11:13:00,76872.64,76886.63,76872.64,76874.5,22906
1785217440,2026-07-28T11:14:00,76873.58,76883.66,76871.27,76883.66,44387
1785217500,2026-07-28T11:15:00,76884.55,76905.6,76884.55,76905.6,70218
1785217560,2026-07-28T11:16:00,76906.27,76916.4,76899.63,76902.71,67658
1785217620,2026-07-28T11:17:00,76901.76,76929.1,76901.76,76929.1,56931
1785217680,2026-07-28T11:18:00,76929.11,76934.59,76919.7,76929.31,15106
1785217740,2026-07-28T11:19:00,76931.2,76936.76,76925.06,76928.28,74928
1785217800,2026-07-28T11:20:00,76930.94,76930.94,76892.63,76892.63,30586
1785217860,2026-07-28T11:21:00,76900.11,76909.41,76895.59,76908.46,14687
1785217920,2026-07-28T11:22:00,76910.65,76913.47,76897.39,76898.5,29663
1785217980,2026-07-28T11:23:00,76901.41,76909.09,76895.65,76907.37,472381
1785218040,2026-07-28T11:24:00,76904.88,76904.88,76884.94,76894.71,17515
1785218100,2026-07-28T11:25:00,76890.25,76896.59,76876.84,76876.84,30898
1785218160,2026-07-28T11:26:00,76879.54,76884.62,76866.63,76883.23,17325
1785218220,2026-07-28T11:27:00,76883.66,76907.52,76880.48,76902.54,26296
1785218280,2026-07-28T11:28:00,76901.5,76903.86,76892.33,76895.14,13998
1785218340,2026-07-28T11:29:00,76895.38,76898.88,76884.59,76891.81,18491
1785218400,2026-07-28T11:30:00,76893.44,76893.44,76875.87,76882.43,15188
1785218460,2026-07-28T11:31:00,76881.12,76889.81,76876.02,76881.39,17868
1785218520,2026-07-28T11:32:00,76881.8,76881.83,76869.72,76873.12,47741
1785218580,2026-07-28T11:33:00,76875.19,76875.19,76851.46,76855.53,43829
1785218640,2026-07-28T11:34:00,76854.47,76866.86,76841.53,76842.69,36862
1785218700,2026-07-28T11:35:00,76842.4,76859.64,76838.5,76844.42,33512
1785218760,2026-07-28T11:36:00,76845.67,76852.74,76836.53,76836.96,44564
1785218820,2026-07-28T11:37:00,76836.98,76849.35,76836.15,76842.02,21051
1785218880,2026-07-28T11:38:00,76842.44,76866.87,76842.44,76860.08,31077
1785218940,2026-07-28T11:39:00,76855.85,76875.91,76850.16,76872.17,20440
1785219000,2026-07-28T11:40:00,76876.52,76881.28,76866.62,76881.28,20480
1785219060,2026-07-28T11:41:00,76880.15,76890.54,76874.11,76885.73,13880
1785219120,2026-07-28T11:42:00,76886.98,76900.81,76884.25,76893.36,30662
1785219180,2026-07-28T11:43:00,76894.49,76914.28,76892.52,76906.8,25110
1785219240,2026-07-28T11:44:00,76904.58,76919.86,76904.58,76909.81,21562
1785219300,2026-07-28T11:45:00,76909.3,76917.56,76903.96,76912.38,17133
1785219360,2026-07-28T11:46:00,76913.03,76921.35,76898.92,76915.79,28296
1785219420,2026-07-28T11:47:00,76916.84,76932.32,76913.98,76931.13,15999
1785219480,2026-07-28T11:48:00,76938.52,76961.68,76936.43,76950.43,20614
1785219540,2026-07-28T11:49:00,76948.56,76965.62,76945.1,76956.37,43708
1785219600,2026-07-28T11:50:00,76951.87,76954.61,76925.8,76929.27,23243
1785219660,2026-07-28T11:51:00,76928.33,76936.51,76920.22,76927.58,33409
1785219720,2026-07-28T11:52:00,76927.58,76932.09,76902.93,76907.73,30608
1785219780,2026-07-28T11:53:00,76908.58,76912.26,76893.28,76900.86,54418
1785219840,2026-07-28T11:54:00,76901.16,76912.54,76894.66,76901.85,30541
1785219900,2026-07-28T11:55:00,76901.85,76909.12,76897.92,76902.12,35020
1785219960,2026-07-28T11:56:00,76900.94,76903.32,76876.38,76886.0,19619
1785220020,2026-07-28T11:57:00,76886.99,76894.46,76877.7,76880.25,101526
1785220080,2026-07-28T11:58:00,76881.48,76905.35,76878.25,76903.81,42911
1785220140,2026-07-28T11:59:00,76904.09,76912.35,76898.53,76907.32,39193
1785220200,2026-07-28T12:00:00,76908.2,76913.1,76898.23,76904.05,54927
1785220260,2026-07-28T12:01:00,76900.99,76901.78,76878.43,76884.99,916291
1785220320,2026-07-28T12:02:00,76884.69,76889.39,76879.2,76883.86,39807
1785220380,2026-07-28T12:03:00,76883.52,76894.42,76883.52,76889.75,14779
1785220440,2026-07-28T12:04:00,76892.29,76897.82,76886.53,76889.71,12548
1785220500,2026-07-28T12:05:00,76891.55,76908.6,76889.18,76908.6,14137
1785220560,2026-07-28T12:06:00,76908.58,76928.44,76904.79,76923.21,28259
1785220620,2026-07-28T12:07:00,76925.25,76926.8,76912.31,76925.06,16534
1785220680,2026-07-28T12:08:00,76925.06,76932.07,76919.6,76931.32,19657
1785220740,2026-07-28T12:09:00,76936.36,76941.75,76927.05,76932.31,19746
1785220800,2026-07-28T12:10:00,76934.59,76943.6,76926.02,76932.54,21502
1785220860,2026-07-28T12:11:00,76936.83,76946.17,76930.5,76938.61,34227
1785220920,2026-07-28T12:12:00,76938.18,76954.57,76937.37,76944.93,80335
1785220980,2026-07-28T12:13:00,76946.91,76958.5,76942.15,76958.5,43614
1785221040,2026-07-28T12:14:00,76961.17,76966.35,76957.38,76965.23,36293
1785221100,2026-07-28T12:15:00,76966.73,76971.8,76958.88,76962.64,23030
1785221160,2026-07-28T12:16:00,76961.76,76965.3,76952.84,76952.84,28791
1785221220,2026-07-28T12:17:00,76953.99,76955.29,76936.86,76940.49,12812
1785221280,2026-07-28T12:18:00,76941.56,76941.95,76925.18,76933.12,34479
1785221340,2026-07-28T12:19:00,76933.26,76938.83,76928.67,76936.05,13196
1785221400,2026-07-28T12:20:00,76935.92,76936.41,76916.7,76916.9,11936
1785221460,2026-07-28T12:21:00,76913.08,76923.74,76910.22,76913.13,22969
1785221520,2026-07-28T12:22:00,76911.66,76923.6,76901.93,76923.6,11348
1785221580,2026-07-28T12:23:00,76920.08,76927.14,76910.95,76918.38,23554
1785221640,2026-07-28T12:24:00,76916.65,76928.86,76912.49,76928.86,19256
1785221700,2026-07-28T12:25:00,76931.25,76932.21,76918.54,76927.6,19922
1785221760,2026-07-28T12:26:00,76927.6,76930.26,76917.86,76926.26,19671
1785221820,2026-07-28T12:27:00,76927.34,76935.19,76915.88,76929.86,12119
1785221880,2026-07-28T12:28:00,76929.96,76961.96,76926.29,76958.3,18243
1785221940,2026-07-28T12:29:00,76958.97,76966.93,76952.25,76955.2,23955
1785222000,2026-07-28T12:30:00,76954.34,76958.0,76945.76,76955.57,14597
1785222060,2026-07-28T12:31:00,76955.71,76959.47,76937.38,76959.47,19376
1785222120,2026-07-28T12:32:00,76959.47,76959.47,76945.16,76951.99,21847
1785222180,2026-07-28T12:33:00,76952.97,76955.21,76934.18,76934.34,18594
1785222240,2026-07-28T12:34:00,76934.14,76937.32,76928.29,76929.18,9777
1785222300,2026-07-28T12:35:00,76929.43,76929.43,76906.84,76913.64,20928
1785222360,2026-07-28T12:36:00,76914.71,76919.89,76899.54,76899.6,10374
1785222420,2026-07-28T12:37:00,76900.32,76913.91,76894.7,76907.72,13903
1785222480,2026-07-28T12:38:00,76908.77,76928.73,76906.44,76927.89,10549
1785222540,2026-07-28T12:39:00,76928.45,76931.75,76919.54,76923.21,7891
1785222600,2026-07-28T12:40:00,76924.28,76931.37,76917.57,76921.91,11139
1785222660,2026-07-28T12:41:00,76921.31,76934.45,76915.09,76931.49,19913
1785222720,2026-07-28T12:42:00,76928.71,76942.09,76921.98,76926.64,11257
1785222780,2026-07-28T12:43:00,76927.95,76931.09,76909.89,76912.92,23468
1785222840,2026-07-28T12:44:00,76912.92,76917.51,76904.91,76906.47,15853
1785222900,2026-07-28T12:45:00,76906.01,76922.66,76906.01,76912.46,13737
1785222960,2026-07-28T12:46:00,76915.17,76923.3,76912.59,76920.6,11600
1785223020,2026-07-28T12:47:00,76920.6,76930.12,76914.02,76923.03,10317
1785223080,2026-07-28T12:48:00,76923.3,76926.08,76898.86,76902.4,8265
1785223140,2026-07-28T12:49:00,76900.02,76917.94,76900.02,76912.14,24969
1785223200,2026-07-28T12:50:00,76912.35,76915.31,76883.79,76885.77,53830
1785223260,2026-07-28T12:51:00,76885.85,76910.11,76885.85,76909.5,15847
1785223320,2026-07-28T12:52:00,76910.36,76910.79,76897.13,76901.2,8217
1785223380,2026-07-28T12:53:00,76900.74,76905.56,76894.82,76901.65,5612
1785223440,2026-07-28T12:54:00,76900.13,76909.25,76891.73,76905.26,502012
1785223500,2026-07-28T12:55:00,76901.95,76907.19,76890.81,76899.56,22906
1785223560,2026-07-28T12:56:00,76898.61,76911.28,76896.5,76904.68,350218
1785223620,2026-07-28T12:57:00,76907.46,76920.59,76900.54,76903.62,8588
1785223680,2026-07-28T12:58:00,76903.62,76904.13,76872.62,76875.94,18521
1785223740,2026-07-28T12:59:00,76875.94,76882.16,76867.77,76873.04,16134
1785223800,2026-07-28T13:00:00,76873.42,76873.42,76855.23,76866.41,9030
1785223860,2026-07-28T13:01:00,76868.6,76879.79,76865.07,76865.07,75153
1785223920,2026-07-28T13:02:00,76866.87,76872.08,76851.86,76871.42,1009824
1785223980,2026-07-28T13:03:00,76873.41,76876.04,76863.58,76867.52,32056
1785224040,2026-07-28T13:04:00,76867.52,76872.63,76860.69,76861.21,31655
1785224100,2026-07-28T13:05:00,76865.67,76876.19,76863.28,76870.65,17702
1785224160,2026-07-28T13:06:00,76870.06,76872.45,76858.69,76861.6,16220
1785224220,2026-07-28T13:07:00,76861.76,76867.91,76852.72,76867.91,9604
1785224280,2026-07-28T13:08:00,76867.91,76877.46,76866.94,76869.89,8601
1785224340,2026-07-28T13:09:00,76868.96,76876.46,76862.52,76867.95,8289
1785224400,2026-07-28T13:10:00,76866.94,76874.05,76831.16,76837.67,37631
1785224460,2026-07-28T13:11:00,76838.61,76844.91,76826.8,76828.57,16193
1785224520,2026-07-28T13:12:00,76828.5,76833.14,76812.28,76833.14,66669
1785224580,2026-07-28T13:13:00,76831.92,76833.22,76814.11,76820.34,29759
1785224640,2026-07-28T13:14:00,76818.67,76826.36,76800.74,76801.7,186334
1785224700,2026-07-28T13:15:00,76801.51,76803.86,76761.66,76765.68,26872
1785224760,2026-07-28T13:16:00,76765.8,76773.05,76748.93,76765.1,15914
1785224820,2026-07-28T13:17:00,76764.91,76782.84,76763.7,76778.68,10240
1785224880,2026-07-28T13:18:00,76779.66,76784.44,76774.67,76782.94,19298
1785224940,2026-07-28T13:19:00,76785.89,76786.98,76767.62,76767.62,45446
1785225000,2026-07-28T13:20:00,76769.13,76775.74,76762.83,76773.66,9487
1785225060,2026-07-28T13:21:00,76773.81,76785.57,76770.68,76785.26,8603
1785225120,2026-07-28T13:22:00,76785.53,76800.2,76782.35,76799.19,44550
1785225180,2026-07-28T13:23:00,76800.01,76813.02,76796.49,76810.26,15118
1785225240,2026-07-28T13:24:00,76811.39,76817.35,76805.39,76807.97,11455
1785225300,2026-07-28T13:25:00,76804.53,76808.89,76797.33,76804.71,12244
1785225360,2026-07-28T13:26:00,76798.97,76805.25,76788.37,76790.21,53538
1785225420,2026-07-28T13:27:00,76791.12,76793.47,76784.24,76786.09,86954
1785225480,2026-07-28T13:28:00,76786.14,76800.26,76786.14,76799.24,80466
1785225540,2026-07-28T13:29:00,76795.68,76805.52,76793.76,76801.06,60277
1785225600,2026-07-28T13:30:00,76802.8,76802.8,76784.12,76787.02,15097
1785225660,2026-07-28T13:31:00,76782.08,76800.89,76782.08,76792.61,52414
1785225720,2026-07-28T13:32:00,76791.96,76795.03,76779.99,76791.92,8685
1785225780,2026-07-28T13:33:00,76791.92,76802.67,76791.92,76801.56,236126
1785225840,2026-07-28T13:34:00,76799.6,76806.47,76795.91,76801.44,37540
1785225900,2026-07-28T13:35:00,76801.91,76808.92,76788.42,76803.24,24331
1785225960,2026-07-28T13:36:00,76803.93,76806.97,76794.37,76798.97,9412
1785226020,2026-07-28T13:37:00,76797.5,76797.5,76782.03,76792.37,25235
1785226080,2026-07-28T13:38:00,76794.43,76802.49,76790.1,76796.15,45564
1785226140,2026-07-28T13:39:00,76795.51,76799.59,76781.66,76789.69,54151
1785226200,2026-07-28T13:40:00,76791.18,76795.42,76780.05,76785.7,11518
1785226260,2026-07-28T13:41:00,76786.63,76786.63,76775.52,76775.52,17422
1785226320,2026-07-28T13:42:00,76775.65,76782.76,76767.41,76772.77,22149
1785226380,2026-07-28T13:43:00,76771.18,76794.15,76767.41,76784.12,35153
1785226440,2026-07-28T13:44:00,76783.61,76786.21,76773.91,76784.26,26753
1785226500,2026-07-28T13:45:00,76779.55,76783.89,76770.59,76776.24,8248
1785226560,2026-07-28T13:46:00,76776.24,76788.85,76772.92,76787.84,8778
1785226620,2026-07-28T13:47:00,76787.54,76788.73,76777.69,76783.67,15898
1785226680,2026-07-28T13:48:00,76783.67,76786.29,76751.11,76751.53,15877
1785226740,2026-07-28T13:49:00,76750.81,76768.13,76749.1,76768.13,17737
1785226800,2026-07-28T13:50:00,76768.58,76788.43,76765.76,76784.67,21653
1785226860,2026-07-28T13:51:00,76786.04,76845.74,76785.82,76845.17,28062
1785226920,2026-07-28T13:52:00,76847.27,76848.43,76833.4,76837.67,19558
1785226980,2026-07-28T13:53:00,76836.9,76840.04,76824.58,76828.31,12885
1785227040,2026-07-28T13:54:00,76831.08,76841.59,76826.2,76838.09,21000
1785227100,2026-07-28T13:55:00,76839.04,76850.59,76833.78,76833.78,10627
1785227160,2026-07-28T13:56:00,76836.92,76841.22,76827.99,76831.42,8540
1785227220,2026-07-28T13:57:00,76828.66,76834.88,76821.21,76821.21,19241
1785227280,2026-07-28T13:58:00,76820.68,76826.38,76814.34,76819.9,18057
1785227340,2026-07-28T13:59:00,76817.06,76825.95,76808.58,76825.0,15397
1785227400,2026-07-28T14:00:00,76825.49,76834.35,76822.66,76825.85,7212
1785227460,2026-07-28T14:01:00,76826.49,76833.06,76814.64,76821.9,5599
1785227520,2026-07-28T14:02:00,76821.9,76831.91,76820.93,76828.26,15731
1785227580,2026-07-28T14:03:00,76828.26,76828.5,76816.31,76819.5,15831
1785227640,2026-07-28T14:04:00,76820.51,76830.77,76812.28,76830.77,13069
1785227700,2026-07-28T14:05:00,76831.66,76834.29,76820.43,76831.11,10575
1785227760,2026-07-28T14:06:00,76832.94,76836.52,76809.25,76823.43,16899
1785227820,2026-07-28T14:07:00,76821.84,76839.1,76816.09,76819.06,31910
1785227880,2026-07-28T14:08:00,76817.58,76836.53,76817.58,76825.94,21039
1785227940,2026-07-28T14:09:00,76825.9,76834.83,76819.34,76822.82,15519
1785228000,2026-07-28T14:10:00,76820.7,76830.58,76814.55,76818.96,12673
1785228060,2026-07-28T14:11:00,76820.18,76820.79,76804.16,76818.45,10672
1785228120,2026-07-28T14:12:00,76818.26,76822.48,76801.49,76808.76,9253
1785228180,2026-07-28T14:13:00,76814.22,76814.22,76795.47,76798.5,8083
1785228240,2026-07-28T14:14:00,76799.26,76800.82,76777.11,76800.74,12793
1785228300,2026-07-28T14:15:00,76800.74,76822.9,76799.74,76819.21,8690
1785228360,2026-07-28T14:16:00,76819.33,76819.33,76803.23,76803.53,12732
1785228420,2026-07-28T14:17:00,76803.23,76812.56,76793.02,76793.73,14037
1785228480,2026-07-28T14:18:00,76794.4,76807.7,76791.8,76796.06,11673
1785228540,2026-07-28T14:19:00,76794.53,76796.11,76781.22,76790.55,26279
1785228600,2026-07-28T14:20:00,76791.14,76810.78,76791.14,76806.1,24184
1785228660,2026-07-28T14:21:00,76805.92,76809.63,76793.88,76800.22,28445
1785228720,2026-07-28T14:22:00,76803.62,76804.44,76790.44,76799.41,9635
1785228780,2026-07-28T14:23:00,76798.17,76798.17,76784.6,76791.57,367014
1785228840,2026-07-28T14:24:00,76789.53,76795.03,76776.55,76777.67,18470
1785228900,2026-07-28T14:25:00,76779.61,76810.71,76779.26,76805.63,25315
1785228960,2026-07-28T14:26:00,76803.16,76807.37,76795.19,76800.96,11346
1785229020,2026-07-28T14:27:00,76800.96,76805.64,76789.8,76800.89,28354
1785229080,2026-07-28T14:28:00,76799.85,76803.18,76784.9,76789.39,9966
1785229140,2026-07-28T14:29:00,76789.61,76795.18,76781.27,76781.27,6614
1785229200,2026-07-28T14:30:00,76779.6,76780.54,76771.65,76772.76,23080
1785229260,2026-07-28T14:31:00,76772.32,76773.6,76750.9,76752.53,11073
1785229320,2026-07-28T14:32:00,76747.73,76747.75,76721.17,76742.35,42211
1785229380,2026-07-28T14:33:00,76743.52,76751.36,76730.63,76736.24,7947
1785229440,2026-07-28T14:34:00,76736.45,76738.57,76722.72,76725.72,14735
1785229500,2026-07-28T14:35:00,76726.05,76744.18,76725.05,76744.18,27717
1785229560,2026-07-28T14:36:00,76748.29,76764.6,76745.78,76762.96,50594
1785229620,2026-07-28T14:37:00,76763.28,76777.24,76763.28,76767.02,20475
1785229680,2026-07-28T14:38:00,76768.38,76786.93,76767.65,76784.33,19614
1785229740,2026-07-28T14:39:00,76784.6,76797.76,76781.97,76797.76,19908
1785229800,2026-07-28T14:40:00,76797.7,76810.92,76787.37,76804.34,16092
1785229860,2026-07-28T14:41:00,76804.27,76806.4,76790.0,76802.27,10346
1785229920,2026-07-28T14:42:00,76804.81,76806.56,76796.91,76802.88,16826
1785229980,2026-07-28T14:43:00,76799.55,76799.55,76775.8,76775.8,30351
1785230040,2026-07-28T14:44:00,76775.34,76795.51,76763.39,76794.97,25102
1785230100,2026-07-28T14:45:00,76794.88,76801.95,76762.99,76762.99,35711
1785230160,2026-07-28T14:46:00,76765.53,76767.58,76756.04,76763.69,20997
1785230220,2026-07-28T14:47:00,76760.06,76763.88,76744.09,76744.09,18828
1785230280,2026-07-28T14:48:00,76746.58,76757.75,76739.16,76755.57,20259
1785230340,2026-07-28T14:49:00,76755.83,76764.65,76750.08,76750.08,34369
1785230400,2026-07-28T14:50:00,76750.32,76757.22,76733.78,76733.78,29888
1785230460,2026-07-28T14:51:00,76731.07,76747.2,76729.68,76744.35,13497
1785230520,2026-07-28T14:52:00,76743.62,76765.57,76743.62,76764.4,16908
1785230580,2026-07-28T14:53:00,76766.4,76768.22,76756.12,76759.36,15424
1785230640,2026-07-28T14:54:00,76760.21,76780.2,76750.96,76776.82,25678
1785230700,2026-07-28T14:55:00,76772.21,76779.91,76764.34,76770.35,13937
1785230760,2026-07-28T14:56:00,76769.7,76774.11,76759.37,76760.35,12125
1785230820,2026-07-28T14:57:00,76761.37,76764.96,76752.27,76754.64,10936
1785230880,2026-07-28T14:58:00,76755.04,76761.44,76750.52,76750.52,31882
1785230940,2026-07-28T14:59:00,76749.94,76760.24,76745.88,76755.41,34266
1785231000,2026-07-28T15:00:00,76756.09,76760.7,76694.32,76694.32,90998
1785231060,2026-07-28T15:01:00,76700.09,76700.45,76672.77,76692.0,43949
1785231120,2026-07-28T15:02:00,76692.0,76719.94,76690.11,76691.26,32229
1785231180,2026-07-28T15:03:00,76694.02,76703.55,76689.8,76703.14,26265
1785231240,2026-07-28T15:04:00,76700.22,76709.8,76687.33,76691.93,49982
1785231300,2026-07-28T15:05:00,76693.22,76719.84,76691.49,76714.61,740264
1785231360,2026-07-28T15:06:00,76716.03,76728.58,76711.92,76723.44,59444
1785231420,2026-07-28T15:07:00,76722.85,76726.75,76704.4,76704.68,33280
1785231480,2026-07-28T15:08:00,76703.56,76720.93,76701.08,76713.48,32850
1785231540,2026-07-28T15:09:00,76714.7,76721.71,76703.43,76707.83,58166
1785231600,2026-07-28T15:10:00,76708.28,76717.45,76705.75,76713.44,36357
1785231660,2026-07-28T15:11:00,76706.77,76719.22,76705.08,76707.01,31821
1785231720,2026-07-28T15:12:00,76706.98,76711.57,76692.87,76704.88,37024
1785231780,2026-07-28T15:13:00,76697.23,76730.41,76697.23,76719.3,31561
1785231840,2026-07-28T15:14:00,76730.58,76733.95,76721.35,76727.57,53011
1785231900,2026-07-28T15:15:00,76728.01,76759.62,76726.77,76759.33,58944
1785231960,2026-07-28T15:16:00,76757.3,76764.29,76742.49,76762.22,90973
1785232020,2026-07-28T15:17:00,76763.53,76763.83,76737.69,76739.5,36439
1785232080,2026-07-28T15:18:00,76738.93,76810.23,76737.23,76810.23,38647
1785232140,2026-07-28T15:19:00,76810.19,76857.88,76810.19,76857.88,60575
1785232200,2026-07-28T15:20:00,76864.92,76882.12,76846.53,76849.07,32576
1785232260,2026-07-28T15:21:00,76850.06,76887.03,76838.29,76884.93,59238
1785232320,2026-07-28T15:22:00,76879.6,76879.6,76848.77,76870.74,38250
1785232380,2026-07-28T15:23:00,76870.04,76874.81,76857.2,76862.63,44088
1785232440,2026-07-28T15:24:00,76857.95,76860.62,76779.82,76787.61,51384
1785232500,2026-07-28T15:25:00,76796.2,76807.9,76777.52,76782.42,40208
1785232560,2026-07-28T15:26:00,76780.3,76798.59,76774.01,76791.28,35308
1785232620,2026-07-28T15:27:00,76788.43,76799.55,76777.69,76785.11,106972
1785232680,2026-07-28T15:28:00,76789.46,76789.46,76759.13,76770.59,78171
1785232740,2026-07-28T15:29:00,76765.04,76797.78,76737.4,76737.4,54065
1785296700,2026-07-29T09:15:00,77423.77,77559.48,77333.24,77436.3,433428
1785296760,2026-07-29T09:16:00,77429.93,77473.14,77425.35,77466.7,211701
1785296820,2026-07-29T09:17:00,77471.82,77487.14,77447.3,77485.27,187379
1785296880,2026-07-29T09:18:00,77496.94,77509.34,77466.54,77466.54,197636
1785296940,2026-07-29T09:19:00,77467.33,77500.64,77467.33,77476.69,178979
1785297000,2026-07-29T09:20:00,77476.51,77491.29,77436.44,77442.67,169176
1785297060,2026-07-29T09:21:00,77425.74,77453.08,77411.58,77411.58,188802
1785297120,2026-07-29T09:22:00,77415.0,77424.36,77388.15,77388.15,150383
1785297180,2026-07-29T09:23:00,77393.0,77413.87,77376.78,77407.63,109106
1785297240,2026-07-29T09:24:00,77408.27,77433.97,77405.63,77433.97,93718
1785297300,2026-07-29T09:25:00,77431.52,77462.0,77420.8,77420.8,94741
1785297360,2026-07-29T09:26:00,77426.88,77445.08,77415.56,77445.08,99932
1785297420,2026-07-29T09:27:00,77451.13,77506.31,77449.18,77484.43,96056
1785297480,2026-07-29T09:28:00,77487.31,77487.31,77462.26,77481.33,97558
1785297540,2026-07-29T09:29:00,77476.73,77476.73,77421.26,77423.71,119178
1785297600,2026-07-29T09:30:00,77425.81,77472.55,77425.81,77445.53,271986
1785297660,2026-07-29T09:31:00,77453.37,77472.07,77440.78,77455.92,105071
1785297720,2026-07-29T09:32:00,77451.77,77481.8,77442.09,77481.8,83254
1785297780,2026-07-29T09:33:00,77483.39,77505.59,77461.02,77493.83,124362
1785297840,2026-07-29T09:34:00,77495.27,77505.21,77468.97,77469.7,99028
1785297900,2026-07-29T09:35:00,77476.16,77512.77,77473.9,77508.05,63435
1785297960,2026-07-29T09:36:00,77501.98,77515.47,77479.95,77480.86,51232
1785298020,2026-07-29T09:37:00,77479.41,77515.57,77475.18,77511.97,58167
1785298080,2026-07-29T09:38:00,77508.7,77532.53,77499.59,77524.79,68975
1785298140,2026-07-29T09:39:00,77523.97,77564.8,77513.34,77562.31,87539
1785298200,2026-07-29T09:40:00,77559.87,77593.59,77557.65,77580.22,79482
1785298260,2026-07-29T09:41:00,77576.77,77585.54,77542.62,77549.78,60278
1785298320,2026-07-29T09:42:00,77547.02,77550.21,77521.88,77538.76,82825
1785298380,2026-07-29T09:43:00,77540.91,77547.62,77532.64,77541.07,85720
1785298440,2026-07-29T09:44:00,77541.81,77572.08,77536.72,77567.77,121044
1785298500,2026-07-29T09:45:00,77564.88,77564.88,77536.81,77538.05,61007
1785298560,2026-07-29T09:46:00,77537.64,77547.57,77527.83,77540.27,189334
1785298620,2026-07-29T09:47:00,77537.97,77562.04,77536.82,77557.36,71126
1785298680,2026-07-29T09:48:00,77556.12,77563.29,77542.17,77544.27,49230
1785298740,2026-07-29T09:49:00,77543.03,77576.98,77543.03,77567.23,42515
1785298800,2026-07-29T09:50:00,77574.7,77589.64,77537.24,77545.51,66309
1785298860,2026-07-29T09:51:00,77540.76,77546.51,77528.07,77536.4,48973
1785298920,2026-07-29T09:52:00,77533.26,77533.26,77510.88,77515.73,52230
1785298980,2026-07-29T09:53:00,77509.86,77524.06,77504.47,77519.38,93108
1785299040,2026-07-29T09:54:00,77520.54,77535.09,77512.77,77526.07,94972
1785299100,2026-07-29T09:55:00,77521.64,77533.48,77500.75,77504.34,42648
1785299160,2026-07-29T09:56:00,77506.05,77514.28,77492.01,77514.28,74547
1785299220,2026-07-29T09:57:00,77515.49,77516.74,77491.74,77492.19,77399
1785299280,2026-07-29T09:58:00,77493.92,77496.99,77482.18,77482.18,49065
1785299340,2026-07-29T09:59:00,77482.62,77489.91,77462.09,77465.43,47520
1785299400,2026-07-29T10:00:00,77462.47,77503.83,77462.47,77498.34,60994
1785299460,2026-07-29T10:01:00,77493.26,77524.42,77493.26,77524.42,35275
1785299520,2026-07-29T10:02:00,77523.93,77531.74,77511.88,77525.08,33239
1785299580,2026-07-29T10:03:00,77523.0,77533.18,77509.41,77529.67,49778
1785299640,2026-07-29T10:04:00,77528.89,77536.75,77517.01,77524.42,1217941
1785299700,2026-07-29T10:05:00,77523.26,77555.7,77516.96,77535.42,55888
1785299760,2026-07-29T10:06:00,77534.55,77555.65,77532.64,77544.61,76818
1785299820,2026-07-29T10:07:00,77549.16,77574.85,77543.9,77570.41,32140
1785299880,2026-07-29T10:08:00,77574.03,77589.84,77563.37,77586.06,40362
1785299940,2026-07-29T10:09:00,77590.67,77591.41,77576.47,77588.78,32079
1785300000,2026-07-29T10:10:00,77587.79,77598.97,77581.46,77583.04,72156
1785300060,2026-07-29T10:11:00,77584.72,77589.63,77570.5,77581.17,49118
1785300120,2026-07-29T10:12:00,77584.03,77600.82,77581.97,77596.84,52551
1785300180,2026-07-29T10:13:00,77595.04,77600.26,77576.09,77591.57,32560
1785300240,2026-07-29T10:14:00,77592.39,77597.08,77581.4,77596.62,48179
1785300300,2026-07-29T10:15:00,77593.15,77603.32,77567.22,77580.22,41577
1785300360,2026-07-29T10:16:00,77584.57,77615.69,77583.96,77609.55,51862
1785300420,2026-07-29T10:17:00,77610.75,77617.05,77600.9,77603.27,22533
1785300480,2026-07-29T10:18:00,77602.73,77615.28,77594.06,77609.74,29915
1785300540,2026-07-29T10:19:00,77609.96,77616.45,77585.96,77590.01,62304
1785300600,2026-07-29T10:20:00,77588.59,77606.03,77588.59,77600.87,126640
1785300660,2026-07-29T10:21:00,77603.26,77622.07,77592.61,77609.66,44831
1785300720,2026-07-29T10:22:00,77608.0,77629.09,77608.0,77625.29,118493
1785300780,2026-07-29T10:23:00,77622.0,77626.61,77607.41,77612.41,113596
1785300840,2026-07-29T10:24:00,77610.44,77629.21,77592.66,77626.27,46434
1785300900,2026-07-29T10:25:00,77624.17,77629.24,77613.58,77624.99,34740
1785300960,2026-07-29T10:26:00,77624.62,77639.15,77624.03,77632.66,65073
1785301020,2026-07-29T10:27:00,77632.33,77641.66,77621.8,77624.06,55967
1785301080,2026-07-29T10:28:00,77625.7,77640.31,77623.68,77628.53,40348
1785301140,2026-07-29T10:29:00,77629.31,77633.77,77604.02,77606.85,26818
1785301200,2026-07-29T10:30:00,77606.57,77629.54,77602.27,77602.27,88351
1785301260,2026-07-29T10:31:00,77601.38,77613.07,77598.33,77607.45,34606
1785301320,2026-07-29T10:32:00,77604.11,77614.44,77595.82,77605.01,41575
1785301380,2026-07-29T10:33:00,77602.11,77630.9,77601.54,77627.97,1164571
1785301440,2026-07-29T10:34:00,77626.8,77635.03,77621.07,77630.99,25342
1785301500,2026-07-29T10:35:00,77628.93,77632.66,77606.69,77620.45,29647
1785301560,2026-07-29T10:36:00,77622.08,77638.91,77618.53,77638.91,31741
1785301620,2026-07-29T10:37:00,77638.88,77641.27,77613.51,77613.51,275521
1785301680,2026-07-29T10:38:00,77610.13,77624.79,77609.26,77609.77,48397
1785301740,2026-07-29T10:39:00,77608.04,77618.36,77607.21,77613.63,21309
1785301800,2026-07-29T10:40:00,77610.46,77628.59,77607.94,77623.13,31993
1785301860,2026-07-29T10:41:00,77621.56,77631.75,77613.29,77619.02,294886
1785301920,2026-07-29T10:42:00,77618.04,77630.89,77606.25,77622.83,66370
1785301980,2026-07-29T10:43:00,77625.72,77625.88,77595.45,77610.26,614951
1785302040,2026-07-29T10:44:00,77607.22,77616.76,77598.14,77612.29,50882
1785302100,2026-07-29T10:45:00,77611.64,77614.28,77578.84,77589.29,63805
1785302160,2026-07-29T10:46:00,77584.73,77599.46,77580.0,77591.46,128931
1785302220,2026-07-29T10:47:00,77592.83,77596.72,77561.35,77565.92,100135
1785302280,2026-07-29T10:48:00,77567.63,77573.46,77546.14,77550.63,21024
1785302340,2026-07-29T10:49:00,77554.2,77569.25,77548.34,77567.4,22663
1785302400,2026-07-29T10:50:00,77567.77,77573.35,77557.22,77563.43,26568
1785302460,2026-07-29T10:51:00,77565.06,77575.2,77560.84,77573.89,39830
1785302520,2026-07-29T10:52:00,77577.1,77579.33,77551.35,77558.37,16822
1785302580,2026-07-29T10:53:00,77556.52,77561.86,77540.91,77549.66,28070
1785302640,2026-07-29T10:54:00,77546.54,77561.75,77542.72,77558.29,27396
1785302700,2026-07-29T10:55:00,77557.43,77579.55,77548.66,77573.56,76433
1785302760,2026-07-29T10:56:00,77573.73,77581.13,77562.3,77576.47,20866
1785302820,2026-07-29T10:57:00,77578.39,77579.16,77559.35,77560.01,39034
1785302880,2026-07-29T10:58:00,77558.48,77576.95,77558.48,77576.95,33345
1785302940,2026-07-29T10:59:00,77576.8,77580.62,77564.06,77573.79,27297
1785303000,2026-07-29T11:00:00,77572.9,77579.51,77555.91,77561.06,55668
1785303060,2026-07-29T11:01:00,77562.4,77589.07,77562.4,77589.07,34656
1785303120,2026-07-29T11:02:00,77590.1,77605.14,77582.17,77593.23,32251
1785303180,2026-07-29T11:03:00,77593.23,77598.7,77584.39,77598.7,50288
1785303240,2026-07-29T11:04:00,77599.15,77616.76,77599.15,77615.96,28094
1785303300,2026-07-29T11:05:00,77616.59,77625.94,77606.1,77618.16,20645
1785303360,2026-07-29T11:06:00,77612.51,77631.3,77606.99,77624.89,46042
1785303420,2026-07-29T11:07:00,77621.64,77642.89,77619.21,77633.48,29483
1785303480,2026-07-29T11:08:00,77633.55,77643.02,77625.63,77638.13,27732
1785303540,2026-07-29T11:09:00,77639.26,77645.69,77633.74,77636.91,19529
1785303600,2026-07-29T11:10:00,77637.15,77639.38,77612.39,77612.93,26627
1785303660,2026-07-29T11:11:00,77612.99,77619.43,77594.82,77616.55,23586
1785303720,2026-07-29T11:12:00,77618.29,77625.68,77612.94,77619.37,41863
1785303780,2026-07-29T11:13:00,77618.31,77633.57,77615.73,77617.56,23916
1785303840,2026-07-29T11:14:00,77612.94,77628.33,77611.24,77613.23,32345
1785303900,2026-07-29T11:15:00,77614.28,77617.62,77598.51,77604.37,39871
1785303960,2026-07-29T11:16:00,77602.76,77607.34,77597.92,77600.05,20783
1785304020,2026-07-29T11:17:00,77602.52,77603.75,77585.72,77587.87,15706
1785304080,2026-07-29T11:18:00,77587.87,77611.98,77587.33,77604.64,39161
1785304140,2026-07-29T11:19:00,77605.79,77621.01,77605.79,77616.39,1033601
1785304200,2026-07-29T11:20:00,77618.71,77619.11,77604.69,77610.94,28202
1785304260,2026-07-29T11:21:00,77608.0,77618.06,77603.68,77614.84,28153
1785304320,2026-07-29T11:22:00,77615.86,77622.58,77608.58,77611.79,46277
1785304380,2026-07-29T11:23:00,77611.45,77635.06,77611.45,77632.31,54344
1785304440,2026-07-29T11:24:00,77634.99,77646.09,77628.99,77628.99,87817
1785304500,2026-07-29T11:25:00,77628.51,77628.51,77608.93,77615.17,52805
1785304560,2026-07-29T11:26:00,77615.43,77636.27,77615.43,77629.76,48379
1785304620,2026-07-29T11:27:00,77630.73,77639.09,77627.37,77628.01,15748
1785304680,2026-07-29T11:28:00,77625.92,77636.58,77615.83,77634.81,52056
1785304740,2026-07-29T11:29:00,77627.41,77635.83,77616.43,77616.43,29131
1785304800,2026-07-29T11:30:00,77616.0,77628.29,77612.76,77618.2,37992
1785304860,2026-07-29T11:31:00,77620.66,77631.4,77610.29,77616.68,94616
1785304920,2026-07-29T11:32:00,77613.14,77626.46,77609.02,77623.23,34124
1785304980,2026-07-29T11:33:00,77624.52,77631.4,77603.04,77606.19,33927
1785305040,2026-07-29T11:34:00,77606.92,77615.75,77604.97,77607.13,35117
1785305100,2026-07-29T11:35:00,77607.9,77610.94,77592.24,77592.24,120280
1785305160,2026-07-29T11:36:00,77592.14,77595.97,77579.02,77588.9,25123
1785305220,2026-07-29T11:37:00,77588.26,77597.5,77582.18,77588.32,25574
1785305280,2026-07-29T11:38:00,77588.92,77591.98,77579.87,77587.53,22998
1785305340,2026-07-29T11:39:00,77589.0,77593.53,77580.87,77582.77,57388
1785305400,2026-07-29T11:40:00,77580.84,77593.88,77574.07,77591.09,47352
1785305460,2026-07-29T11:41:00,77587.81,77589.67,77571.87,77579.94,27559
1785305520,2026-07-29T11:42:00,77579.48,77590.43,77577.49,77586.76,526146
1785305580,2026-07-29T11:43:00,77587.14,77612.88,77584.04,77612.73,88582
1785305640,2026-07-29T11:44:00,77611.94,77619.74,77602.81,77611.92,254462
1785305700,2026-07-29T11:45:00,77613.69,77615.15,77598.43,77601.48,87964
1785305760,2026-07-29T11:46:00,77604.35,77612.79,77592.04,77598.24,32108
1785305820,2026-07-29T11:47:00,77594.7,77612.03,77589.36,77612.03,95629
1785305880,2026-07-29T11:48:00,77607.88,77621.87,77600.17,77602.08,15122
1785305940,2026-07-29T11:49:00,77603.97,77624.76,77603.69,77610.31,21937
1785306000,2026-07-29T11:50:00,77609.37,77609.37,77594.95,77599.58,76032
1785306060,2026-07-29T11:51:00,77597.8,77602.26,77582.0,77589.3,43895
1785306120,2026-07-29T11:52:00,77589.96,77602.33,77582.77,77587.47,16722
1785306180,2026-07-29T11:53:00,77588.3,77590.75,77573.01,77581.77,24276
1785306240,2026-07-29T11:54:00,77583.92,77598.91,77574.36,77595.48,19605
1785306300,2026-07-29T11:55:00,77595.12,77595.12,77563.92,77567.71,46665
1785306360,2026-07-29T11:56:00,77565.05,77576.9,77561.21,77568.07,59994
1785306420,2026-07-29T11:57:00,77568.11,77578.27,77562.7,77565.31,14933
1785306480,2026-07-29T11:58:00,77569.9,77575.83,77559.31,77570.1,15236
1785306540,2026-07-29T11:59:00,77569.08,77596.24,77563.54,77580.24,59921
1785306600,2026-07-29T12:00:00,77579.66,77590.47,77577.0,77580.55,15845
1785306660,2026-07-29T12:01:00,77583.69,77590.55,77577.58,77582.93,17359
1785306720,2026-07-29T12:02:00,77583.88,77600.85,77577.33,77597.48,16198
1785306780,2026-07-29T12:03:00,77605.33,77609.9,77595.22,77604.6,13782
1785306840,2026-07-29T12:04:00,77607.19,77607.62,77589.62,77589.62,13206
1785306900,2026-07-29T12:05:00,77594.92,77613.85,77594.92,77602.05,29259
1785306960,2026-07-29T12:06:00,77601.44,77609.35,77599.76,77602.95,13518
1785307020,2026-07-29T12:07:00,77603.12,77612.34,77595.01,77604.96,14916
1785307080,2026-07-29T12:08:00,77606.67,77622.22,77597.76,77619.42,54978
1785307140,2026-07-29T12:09:00,77621.62,77653.01,77620.4,77648.36,44298
1785307200,2026-07-29T12:10:00,77646.29,77653.67,77626.08,77631.99,30643
1785307260,2026-07-29T12:11:00,77638.61,77642.32,77628.08,77636.74,42731
1785307320,2026-07-29T12:12:00,77636.02,77636.97,77621.01,77623.32,29367
1785307380,2026-07-29T12:13:00,77627.18,77635.64,77621.95,77626.27,16822
1785307440,2026-07-29T12:14:00,77627.87,77643.97,77623.14,77639.92,44658
1785307500,2026-07-29T12:15:00,77637.96,77640.28,77609.47,77615.47,89674
1785307560,2026-07-29T12:16:00,77617.69,77623.72,77607.88,77608.77,17450
1785307620,2026-07-29T12:17:00,77610.22,77613.34,77598.67,77602.57,34283
1785307680,2026-07-29T12:18:00,77602.99,77607.31,77592.1,77606.28,30809
1785307740,2026-07-29T12:19:00,77612.57,77612.57,77586.68,77594.15,19588
1785307800,2026-07-29T12:20:00,77599.64,77614.6,77591.76,77612.98,14233
1785307860,2026-07-29T12:21:00,77612.1,77614.66,77598.6,77613.15,24333
1785307920,2026-07-29T12:22:00,77611.15,77611.15,77589.96,77596.81,323572
1785307980,2026-07-29T12:23:00,77595.18,77605.94,77592.7,77600.91,12564
1785308040,2026-07-29T12:24:00,77600.58,77605.89,77591.11,77600.49,11412
1785308100,2026-07-29T12:25:00,77601.62,77602.92,77590.61,77596.85,16562
1785308160,2026-07-29T12:26:00,77597.25,77602.93,77591.38,77598.52,12023
1785308220,2026-07-29T12:27:00,77596.01,77596.08,77569.26,77584.95,22079
1785308280,2026-07-29T12:28:00,77580.29,77586.7,77574.48,77580.39,22748
1785308340,2026-07-29T12:29:00,77578.76,77583.41,77571.68,77580.44,20368
1785308400,2026-07-29T12:30:00,77582.55,77588.32,77574.41,77587.27,52529
1785308460,2026-07-29T12:31:00,77590.29,77590.29,77577.25,77583.05,19312
1785308520,2026-07-29T12:32:00,77583.08,77585.88,77573.12,77583.83,19033
1785308580,2026-07-29T12:33:00,77583.72,77593.41,77574.32,77584.43,41440
1785308640,2026-07-29T12:34:00,77583.16,77614.14,77579.2,77604.11,25223
1785308700,2026-07-29T12:35:00,77604.02,77613.38,77596.95,77597.6,31885
1785308760,2026-07-29T12:36:00,77597.6,77599.66,77587.6,77596.76,16272
1785308820,2026-07-29T12:37:00,77597.26,77597.76,77585.49,77594.99,32151
1785308880,2026-07-29T12:38:00,77590.3,77595.01,77582.78,77590.98,27811
1785308940,2026-07-29T12:39:00,77590.63,77598.5,77583.38,77591.51,25142
1785309000,2026-07-29T12:40:00,77590.72,77593.08,77579.57,77579.57,16237
1785309060,2026-07-29T12:41:00,77579.57,77598.52,77579.37,77592.53,18544
1785309120,2026-07-29T12:42:00,77595.24,77595.24,77582.4,77586.12,31708
1785309180,2026-07-29T12:43:00,77586.29,77586.29,77559.59,77565.39,17602
1785309240,2026-07-29T12:44:00,77565.4,77577.15,77552.5,77561.88,29046
1785309300,2026-07-29T12:45:00,77561.59,77570.1,77553.05,77568.99,20112
1785309360,2026-07-29T12:46:00,77568.81,77568.81,77556.03,77561.47,16526
1785309420,2026-07-29T12:47:00,77560.26,77571.75,77554.42,77570.63,22922
1785309480,2026-07-29T12:48:00,77571.21,77575.27,77548.06,77554.83,32329
1785309540,2026-07-29T12:49:00,77554.62,77557.99,77530.66,77531.63,23038
1785309600,2026-07-29T12:50:00,77527.41,77552.73,77520.02,77552.73,13435
1785309660,2026-07-29T12:51:00,77553.36,77553.36,77526.89,77537.0,15952
1785309720,2026-07-29T12:52:00,77543.06,77557.62,77541.71,77555.47,33145
1785309780,2026-07-29T12:53:00,77554.4,77571.55,77552.86,77571.55,16847
1785309840,2026-07-29T12:54:00,77572.85,77576.74,77560.84,77569.81,36928
1785309900,2026-07-29T12:55:00,77568.54,77579.31,77567.62,77576.53,19431
1785309960,2026-07-29T12:56:00,77573.03,77584.05,77556.94,77568.53,15848
1785310020,2026-07-29T12:57:00,77577.53,77590.05,77575.17,77590.05,12965
1785310080,2026-07-29T12:58:00,77589.77,77591.82,77569.06,77585.02,15113
1785310140,2026-07-29T12:59:00,77585.02,77592.63,77578.16,77592.63,12865
1785310200,2026-07-29T13:00:00,77592.77,77599.39,77587.54,77592.48,23370
1785310260,2026-07-29T13:01:00,77591.17,77610.97,77587.92,77608.04,17795
1785310320,2026-07-29T13:02:00,77605.09,77611.49,77600.58,77606.02,21088
1785310380,2026-07-29T13:03:00,77606.05,77619.01,77601.8,77618.78,14267
1785310440,2026-07-29T13:04:00,77620.62,77620.62,77602.08,77616.48,12773
1785310500,2026-07-29T13:05:00,77616.48,77627.95,77609.47,77614.65,19024
1785310560,2026-07-29T13:06:00,77614.65,77635.34,77613.99,77631.2,24155
1785310620,2026-07-29T13:07:00,77631.69,77649.32,77623.57,77637.78,36709
1785310680,2026-07-29T13:08:00,77637.49,77654.81,77626.51,77653.41,16168
1785310740,2026-07-29T13:09:00,77656.6,77667.25,77642.48,77659.39,20535
1785310800,2026-07-29T13:10:00,77659.39,77672.0,77658.43,77663.24,21415
1785310860,2026-07-29T13:11:00,77663.39,77675.71,77662.36,77670.49,23024
1785310920,2026-07-29T13:12:00,77669.47,77669.81,77653.49,77665.1,20076
1785310980,2026-07-29T13:13:00,77661.15,77666.05,77650.66,77660.96,24969
1785311040,2026-07-29T13:14:00,77660.92,77669.12,77650.89,77664.44,21852
1785311100,2026-07-29T13:15:00,77659.26,77665.65,77649.69,77663.34,19079
1785311160,2026-07-29T13:16:00,77657.87,77665.46,77635.2,77643.48,26871
1785311220,2026-07-29T13:17:00,77643.48,77659.14,77643.48,77648.69,10165
1785311280,2026-07-29T13:18:00,77649.57,77653.84,77640.08,77653.84,9001
1785311340,2026-07-29T13:19:00,77654.37,77662.11,77647.61,77659.28,20194
1785311400,2026-07-29T13:20:00,77660.56,77666.4,77652.01,77661.07,13736
1785311460,2026-07-29T13:21:00,77661.97,77665.97,77649.36,77652.39,10627
1785311520,2026-07-29T13:22:00,77652.24,77658.01,77644.51,77653.09,11985
1785311580,2026-07-29T13:23:00,77647.95,77658.46,77642.48,77642.48,27421
1785311640,2026-07-29T13:24:00,77640.78,77648.59,77627.51,77638.69,24175
1785311700,2026-07-29T13:25:00,77637.74,77647.96,77628.89,77645.26,22648
1785311760,2026-07-29T13:26:00,77646.78,77654.69,77640.4,77650.47,8891
1785311820,2026-07-29T13:27:00,77656.59,77658.25,77635.61,77636.67,32752
1785311880,2026-07-29T13:28:00,77640.97,77653.83,77636.16,77642.25,212491
1785311940,2026-07-29T13:29:00,77642.42,77648.76,77625.05,77628.6,9093
1785312000,2026-07-29T13:30:00,77624.66,77641.55,77624.66,77634.5,11652
1785312060,2026-07-29T13:31:00,77634.5,77659.55,77629.1,77659.55,65240
1785312120,2026-07-29T13:32:00,77660.02,77664.76,77647.19,77648.46,17032
1785312180,2026-07-29T13:33:00,77653.66,77659.27,77645.32,77653.75,16387
1785312240,2026-07-29T13:34:00,77656.91,77674.32,77648.5,77666.66,58404
1785312300,2026-07-29T13:35:00,77666.51,77667.68,77639.83,77645.64,12179
1785312360,2026-07-29T13:36:00,77645.64,77650.84,77641.35,77645.17,13094
1785312420,2026-07-29T13:37:00,77645.17,77652.1,77638.09,77644.69,19269
1785312480,2026-07-29T13:38:00,77644.77,77656.18,77643.91,77652.19,14500
1785312540,2026-07-29T13:39:00,77648.54,77650.41,77626.28,77637.55,49246
1785312600,2026-07-29T13:40:00,77634.63,77639.97,77626.52,77636.52,23288
1785312660,2026-07-29T13:41:00,77635.99,77659.32,77632.64,77651.36,10529
1785312720,2026-07-29T13:42:00,77651.36,77661.99,77609.53,77609.53,55466
1785312780,2026-07-29T13:43:00,77617.21,77629.04,77608.79,77620.57,36005
1785312840,2026-07-29T13:44:00,77623.27,77655.12,77616.77,77616.94,46313
1785312900,2026-07-29T13:45:00,77613.74,77649.08,77605.52,77647.97,60047
1785312960,2026-07-29T13:46:00,77649.57,77657.36,77637.14,77657.07,27273
1785313020,2026-07-29T13:47:00,77658.55,77666.73,77640.92,77654.55,46299
1785313080,2026-07-29T13:48:00,77655.67,77676.65,77654.54,77667.81,18130
1785313140,2026-07-29T13:49:00,77665.71,77667.04,77644.6,77646.44,25973
1785313200,2026-07-29T13:50:00,77646.44,77650.19,77634.97,77650.19,29239
1785313260,2026-07-29T13:51:00,77647.28,77648.71,77634.49,77634.49,21017
1785313320,2026-07-29T13:52:00,77634.95,77654.78,77628.32,77653.53,21175
1785313380,2026-07-29T13:53:00,77653.34,77676.29,77646.93,77675.28,21349
1785313440,2026-07-29T13:54:00,77674.31,77678.82,77670.39,77674.59,14454
1785313500,2026-07-29T13:55:00,77679.33,77684.66,77668.41,77671.06,16107
1785313560,2026-07-29T13:56:00,77672.66,77680.97,77669.0,77674.09,31996
1785313620,2026-07-29T13:57:00,77674.09,77680.64,77668.83,77671.08,15212
1785313680,2026-07-29T13:58:00,77673.52,77676.78,77663.92,77675.67,12272
1785313740,2026-07-29T13:59:00,77677.54,77678.0,77660.71,77660.71,24822
1785313800,2026-07-29T14:00:00,77660.72,77685.84,77660.72,77682.13,21448
1785313860,2026-07-29T14:01:00,77677.66,77709.48,77677.66,77707.15,30199
1785313920,2026-07-29T14:02:00,77705.66,77718.72,77696.41,77710.63,28374
1785313980,2026-07-29T14:03:00,77710.73,77727.97,77704.14,77724.63,21978
1785314040,2026-07-29T14:04:00,77729.32,77742.28,77724.42,77728.4,46796
1785314100,2026-07-29T14:05:00,77727.71,77735.55,77722.83,77729.77,24581
1785314160,2026-07-29T14:06:00,77731.21,77740.23,77721.51,77727.55,38053
1785314220,2026-07-29T14:07:00,77729.42,77733.9,77695.41,77704.23,20083
1785314280,2026-07-29T14:08:00,77706.99,77711.87,77700.34,77708.95,13242
1785314340,2026-07-29T14:09:00,77710.43,77715.65,77696.64,77715.65,15123
1785314400,2026-07-29T14:10:00,77716.51,77724.12,77715.29,77719.77,27338
1785314460,2026-07-29T14:11:00,77719.79,77733.68,77715.41,77723.54,29771
1785314520,2026-07-29T14:12:00,77723.54,77729.55,77714.96,77723.3,19275
1785314580,2026-07-29T14:13:00,77727.42,77727.42,77709.14,77713.95,12088
1785314640,2026-07-29T14:14:00,77714.72,77724.62,77711.16,77719.31,17159
1785314700,2026-07-29T14:15:00,77719.93,77734.6,77712.05,77734.6,19610
1785314760,2026-07-29T14:16:00,77734.41,77745.4,77718.57,77734.01,28038
1785314820,2026-07-29T14:17:00,77733.57,77746.19,77724.1,77740.92,21760
1785314880,2026-07-29T14:18:00,77741.19,77753.71,77730.28,77751.48,20202
1785314940,2026-07-29T14:19:00,77749.17,77751.77,77737.88,77744.94,18693
1785315000,2026-07-29T14:20:00,77745.5,77749.21,77731.25,77739.8,18083
1785315060,2026-07-29T14:21:00,77743.99,77752.19,77737.67,77737.67,15308
1785315120,2026-07-29T14:22:00,77739.59,77754.04,77739.59,77749.23,28711
1785315180,2026-07-29T14:23:00,77743.36,77755.64,77732.63,77733.03,33369
1785315240,2026-07-29T14:24:00,77732.76,77739.3,77723.99,77727.51,49265
1785315300,2026-07-29T14:25:00,77728.51,77742.59,77727.41,77736.76,20648
1785315360,2026-07-29T14:26:00,77734.94,77743.91,77726.61,77737.37,23344
1785315420,2026-07-29T14:27:00,77736.97,77739.69,77706.22,77715.69,63907
1785315480,2026-07-29T14:28:00,77720.09,77759.01,77720.09,77749.27,55987
1785315540,2026-07-29T14:29:00,77752.41,77752.41,77739.12,77751.67,23708
1785315600,2026-07-29T14:30:00,77746.52,77761.34,77739.54,77739.54,50433
1785315660,2026-07-29T14:31:00,77739.03,77756.36,77739.03,77748.78,34818
1785315720,2026-07-29T14:32:00,77749.57,77750.68,77729.27,77730.87,26765
1785315780,2026-07-29T14:33:00,77730.75,77765.32,77719.71,77756.67,96759
1785315840,2026-07-29T14:34:00,77756.52,77756.52,77710.13,77720.48,52068
1785315900,2026-07-29T14:35:00,77714.88,77733.67,77708.77,77717.68,45073
1785315960,2026-07-29T14:36:00,77717.57,77726.08,77710.08,77718.11,22866
1785316020,2026-07-29T14:37:00,77719.16,77719.16,77699.26,77711.63,22753
1785316080,2026-07-29T14:38:00,77714.78,77718.88,77702.15,77707.99,26475
1785316140,2026-07-29T14:39:00,77707.53,77716.5,77700.9,77716.5,42538
1785316200,2026-07-29T14:40:00,77715.0,77731.18,77704.98,77715.66,26661
1785316260,2026-07-29T14:41:00,77714.52,77717.42,77696.59,77698.18,19074
1785316320,2026-07-29T14:42:00,77701.9,77717.52,77699.11,77709.85,66566
1785316380,2026-07-29T14:43:00,77705.58,77705.58,77673.93,77683.24,38781
1785316440,2026-07-29T14:44:00,77683.46,77700.62,77667.6,77700.62,19856
1785316500,2026-07-29T14:45:00,77705.06,77719.85,77702.74,77718.12,16980
1785316560,2026-07-29T14:46:00,77718.36,77724.48,77694.38,77724.48,50540
1785316620,2026-07-29T14:47:00,77724.01,77757.08,77718.56,77744.81,41208
1785316680,2026-07-29T14:48:00,77748.37,77757.78,77743.99,77750.31,24130
1785316740,2026-07-29T14:49:00,77750.55,77750.55,77717.81,77717.81,17307
1785316800,2026-07-29T14:50:00,77721.6,77724.66,77713.64,77716.16,9754
1785316860,2026-07-29T14:51:00,77713.29,77740.08,77713.29,77730.35,31105
1785316920,2026-07-29T14:52:00,77735.18,77740.49,77729.91,77735.17,47357
1785316980,2026-07-29T14:53:00,77735.32,77743.74,77727.92,77737.42,10041
1785317040,2026-07-29T14:54:00,77738.43,77743.26,77730.64,77737.86,24178
1785317100,2026-07-29T14:55:00,77736.72,77756.73,77734.29,77756.73,28616
1785317160,2026-07-29T14:56:00,77752.93,77761.36,77741.03,77756.63,27377
1785317220,2026-07-29T14:57:00,77757.4,77765.49,77751.79,77757.34,23687
1785317280,2026-07-29T14:58:00,77756.67,77757.43,77741.43,77744.77,24120
1785317340,2026-07-29T14:59:00,77738.65,77745.54,77729.46,77736.15,17475
1785317400,2026-07-29T15:00:00,77733.64,77743.93,77718.34,77721.54,41829
1785317460,2026-07-29T15:01:00,77722.57,77731.67,77711.34,77720.1,57806
1785317520,2026-07-29T15:02:00,77717.84,77727.47,77710.25,77722.36,78532
1785317580,2026-07-29T15:03:00,77723.89,77727.79,77700.58,77700.58,43372
1785317640,2026-07-29T15:04:00,77708.73,77712.93,77689.81,77691.18,36981
1785317700,2026-07-29T15:05:00,77691.67,77699.44,77674.66,77674.66,27106
1785317760,2026-07-29T15:06:00,77674.26,77683.1,77664.24,77665.25,55391
1785317820,2026-07-29T15:07:00,77661.78,77670.07,77654.8,77665.84,33987
1785317880,2026-07-29T15:08:00,77664.96,77682.07,77659.01,77682.07,34082
1785317940,2026-07-29T15:09:00,77682.2,77690.95,77676.35,77679.5,58472
1785318000,2026-07-29T15:10:00,77679.45,77690.71,77672.85,77690.63,23448
1785318060,2026-07-29T15:11:00,77687.49,77698.24,77675.31,77690.74,43775
1785318120,2026-07-29T15:12:00,77688.26,77697.21,77677.17,77677.17,28733
1785318180,2026-07-29T15:13:00,77684.05,77693.01,77668.11,77676.24,26710
1785318240,2026-07-29T15:14:00,77676.6,77685.74,77649.78,77664.11,24081
1785318300,2026-07-29T15:15:00,77668.71,77668.71,77647.48,77652.8,58530
1785318360,2026-07-29T15:16:00,77658.83,77663.83,77646.07,77653.62,66478
1785318420,2026-07-29T15:17:00,77653.32,77659.04,77635.97,77644.6,46675
1785318480,2026-07-29T15:18:00,77643.36,77644.3,77623.29,77623.29,44883
1785318540,2026-07-29T15:19:00,77625.48,77636.77,77617.05,77631.46,31836
1785318600,2026-07-29T15:20:00,77632.4,77644.73,77622.85,77632.46,37249
1785318660,2026-07-29T15:21:00,77640.02,77643.93,77629.69,77641.22,28979
1785318720,2026-07-29T15:22:00,77649.29,77654.45,77629.18,77633.46,24793
1785318780,2026-07-29T15:23:00,77633.24,77642.93,77619.6,77628.44,52066
1785318840,2026-07-29T15:24:00,77625.63,77630.76,77605.55,77608.38,46771
1785318900,2026-07-29T15:25:00,77609.15,77626.37,77604.95,77616.58,94931
1785318960,2026-07-29T15:26:00,77613.81,77635.19,77611.15,77626.16,47061
1785319020,2026-07-29T15:27:00,77622.35,77626.03,77605.06,77624.44,35386
1785319080,2026-07-29T15:28:00,77626.69,77642.99,77605.05,77635.54,61743
1785319140,2026-07-29T15:29:00,77640.14,77652.66,77606.51,77632.89,77976
1785383100,2026-07-30T09:15:00,77638.86,77702.21,77440.91,77590.41,379262
1785383160,2026-07-30T09:16:00,77589.93,77598.09,77495.76,77519.5,160179
1785383220,2026-07-30T09:17:00,77521.0,77623.3,77501.01,77614.05,162397
1785383280,2026-07-30T09:18:00,77613.96,77658.13,77611.1,77656.07,120098
1785383340,2026-07-30T09:19:00,77653.34,77691.71,77639.93,77668.46,76105
1785383400,2026-07-30T09:20:00,77665.2,77688.3,77639.79,77685.67,81504
1785383460,2026-07-30T09:21:00,77685.83,77689.13,77663.03,77677.37,50466
1785383520,2026-07-30T09:22:00,77679.76,77691.45,77660.92,77691.45,92032
1785383580,2026-07-30T09:23:00,77694.46,77715.43,77689.79,77709.71,72878
1785383640,2026-07-30T09:24:00,77709.82,77717.9,77690.47,77703.93,85566
1785383700,2026-07-30T09:25:00,77706.08,77717.94,77686.56,77712.25,64623
1785383760,2026-07-30T09:26:00,77714.28,77735.72,77690.98,77726.62,44854
1785383820,2026-07-30T09:27:00,77725.99,77729.32,77693.82,77694.45,51161
1785383880,2026-07-30T09:28:00,77700.09,77716.08,77691.23,77691.23,31584
1785383940,2026-07-30T09:29:00,77691.85,77720.96,77684.61,77713.3,38822
1785384000,2026-07-30T09:30:00,77694.63,77710.94,77690.39,77694.8,43137
1785384060,2026-07-30T09:31:00,77687.27,77716.99,77687.27,77712.72,582825
1785384120,2026-07-30T09:32:00,77710.86,77737.22,77710.86,77722.86,36384
1785384180,2026-07-30T09:33:00,77724.55,77727.55,77681.31,77685.38,97439
1785384240,2026-07-30T09:34:00,77686.17,77702.2,77675.8,77690.54,33491
1785384300,2026-07-30T09:35:00,77687.28,77712.39,77685.67,77686.09,51355
1785384360,2026-07-30T09:36:00,77689.47,77689.89,77663.4,77663.4,88085
1785384420,2026-07-30T09:37:00,77663.97,77664.89,77630.37,77630.37,30225
1785384480,2026-07-30T09:38:00,77628.78,77652.66,77622.5,77628.76,31368
1785384540,2026-07-30T09:39:00,77636.38,77661.12,77633.91,77641.74,33935
1785384600,2026-07-30T09:40:00,77639.71,77639.71,77609.49,77614.95,30966
1785384660,2026-07-30T09:41:00,77614.94,77619.81,77597.95,77612.36,32284
1785384720,2026-07-30T09:42:00,77611.09,77643.05,77611.09,77623.17,23547
1785384780,2026-07-30T09:43:00,77622.22,77638.39,77613.87,77621.51,31174
1785384840,2026-07-30T09:44:00,77615.45,77656.72,77615.45,77639.41,43341
1785384900,2026-07-30T09:45:00,77636.38,77642.06,77602.77,77630.61,36314
1785384960,2026-07-30T09:46:00,77634.34,77719.26,77634.34,77719.26,61576
1785385020,2026-07-30T09:47:00,77717.95,77719.54,77664.05,77680.19,29145
1785385080,2026-07-30T09:48:00,77680.19,77719.56,77677.42,77677.58,28696
1785385140,2026-07-30T09:49:00,77665.36,77701.86,77658.98,77672.03,43163
1785385200,2026-07-30T09:50:00,77674.73,77708.58,77674.73,77689.51,187421
1785385260,2026-07-30T09:51:00,77689.14,77721.67,77687.45,77687.61,29817
1785385320,2026-07-30T09:52:00,77682.52,77695.13,77663.18,77675.84,37741
1785385380,2026-07-30T09:53:00,77678.0,77679.35,77629.73,77665.78,33351
1785385440,2026-07-30T09:54:00,77664.23,77664.36,77634.08,77647.86,24292
1785385500,2026-07-30T09:55:00,77647.7,77659.06,77626.09,77629.72,38752
1785385560,2026-07-30T09:56:00,77629.78,77672.52,77629.78,77663.69,84232
1785385620,2026-07-30T09:57:00,77676.03,77715.1,77674.41,77681.02,37739
1785385680,2026-07-30T09:58:00,77680.36,77698.17,77674.59,77690.17,15906
1785385740,2026-07-30T09:59:00,77690.67,77695.74,77683.02,77683.47,20467
1785385800,2026-07-30T10:00:00,77682.96,77694.9,77679.74,77681.02,19632
1785385860,2026-07-30T10:01:00,77684.94,77697.69,77684.94,77689.99,20981
1785385920,2026-07-30T10:02:00,77688.15,77708.58,77686.64,77694.65,25217
1785385980,2026-07-30T10:03:00,77695.68,77713.61,77692.93,77707.6,38703
1785386040,2026-07-30T10:04:00,77706.68,77735.37,77692.07,77721.71,38326
1785386100,2026-07-30T10:05:00,77727.53,77731.96,77691.92,77701.4,32675
1785386160,2026-07-30T10:06:00,77703.02,77711.9,77691.66,77691.66,44210
1785386220,2026-07-30T10:07:00,77692.14,77716.29,77673.88,77712.55,33612
1785386280,2026-07-30T10:08:00,77713.81,77717.86,77671.31,77680.99,23308
1785386340,2026-07-30T10:09:00,77673.06,77675.56,77645.24,77645.24,29039
1785386400,2026-07-30T10:10:00,77647.3,77670.88,77640.47,77666.33,63197
1785386460,2026-07-30T10:11:00,77661.44,77676.97,77639.48,77674.62,43820
1785386520,2026-07-30T10:12:00,77675.03,77678.86,77617.61,77641.04,33032
1785386580,2026-07-30T10:13:00,77638.07,77638.07,77592.26,77631.8,28716
1785386640,2026-07-30T10:14:00,77631.77,77635.71,77601.79,77611.44,46008
1785386700,2026-07-30T10:15:00,77613.18,77623.93,77608.2,77619.1,20630
1785386760,2026-07-30T10:16:00,77621.54,77629.24,77602.6,77626.89,30161
1785386820,2026-07-30T10:17:00,77626.73,77667.04,77622.22,77650.75,34315
1785386880,2026-07-30T10:18:00,77643.65,77648.85,77622.43,77623.27,42338
1785386940,2026-07-30T10:19:00,77622.93,77630.84,77596.78,77616.5,40398
1785387000,2026-07-30T10:20:00,77615.74,77618.85,77590.9,77607.22,31410
1785387060,2026-07-30T10:21:00,77607.77,77611.89,77573.24,77574.67,60397
1785387120,2026-07-30T10:22:00,77577.41,77604.8,77568.31,77584.79,30910
1785387180,2026-07-30T10:23:00,77584.69,77619.84,77583.97,77619.84,16102
1785387240,2026-07-30T10:24:00,77619.0,77627.99,77614.35,77618.62,32585
1785387300,2026-07-30T10:25:00,77618.61,77633.48,77581.92,77583.18,36121
1785387360,2026-07-30T10:26:00,77583.18,77590.98,77557.15,77586.47,19801
1785387420,2026-07-30T10:27:00,77589.75,77592.21,77563.05,77583.19,22677
1785387480,2026-07-30T10:28:00,77582.12,77586.99,77555.2,77559.38,18640
1785387540,2026-07-30T10:29:00,77564.06,77568.65,77555.36,77556.79,14754
1785387600,2026-07-30T10:30:00,77559.12,77559.12,77529.98,77537.96,136197
1785387660,2026-07-30T10:31:00,77541.62,77562.23,77538.97,77552.13,16585
1785387720,2026-07-30T10:32:00,77554.99,77555.04,77533.16,77539.71,40133
1785387780,2026-07-30T10:33:00,77540.81,77549.43,77527.64,77545.11,18447
1785387840,2026-07-30T10:34:00,77545.28,77570.02,77540.65,77570.02,22358
1785387900,2026-07-30T10:35:00,77569.43,77598.42,77563.07,77592.22,19500
1785387960,2026-07-30T10:36:00,77592.89,77618.62,77589.05,77610.24,34648
1785388020,2026-07-30T10:37:00,77610.79,77610.79,77570.67,77577.41,10190
1785388080,2026-07-30T10:38:00,77571.39,77585.48,77555.48,77581.33,15316
1785388140,2026-07-30T10:39:00,77585.89,77608.99,77585.2,77602.79,18872
1785388200,2026-07-30T10:40:00,77597.41,77617.65,77584.08,77590.11,42128
1785388260,2026-07-30T10:41:00,77592.93,77597.01,77585.18,77591.74,15575
1785388320,2026-07-30T10:42:00,77591.59,77604.19,77585.4,77598.01,42984
1785388380,2026-07-30T10:43:00,77598.01,77623.45,77592.46,77615.79,28520
1785388440,2026-07-30T10:44:00,77619.95,77659.45,77615.39,77654.04,16969
1785388500,2026-07-30T10:45:00,77654.22,77663.59,77635.6,77645.49,20927
1785388560,2026-07-30T10:46:00,77639.07,77655.06,77619.69,77655.06,11597
1785388620,2026-07-30T10:47:00,77655.58,77664.78,77633.17,77659.96,9679
1785388680,2026-07-30T10:48:00,77661.88,77665.55,77633.4,77662.71,16716
1785388740,2026-07-30T10:49:00,77656.96,77669.3,77636.82,77645.67,12046
1785388800,2026-07-30T10:50:00,77644.04,77689.13,77642.52,77685.66,10110
1785388860,2026-07-30T10:51:00,77684.42,77694.92,77680.98,77693.06,17746
1785388920,2026-07-30T10:52:00,77692.71,77697.33,77654.24,77670.15,121825
1785388980,2026-07-30T10:53:00,77667.86,77679.57,77641.73,77644.47,11862
1785389040,2026-07-30T10:54:00,77646.35,77677.58,77639.51,77641.25,18170
1785389100,2026-07-30T10:55:00,77640.61,77675.31,77637.84,77661.27,21908
1785389160,2026-07-30T10:56:00,77659.53,77660.14,77626.37,77652.84,26307
1785389220,2026-07-30T10:57:00,77652.35,77660.96,77636.89,77643.45,27202
1785389280,2026-07-30T10:58:00,77644.03,77660.53,77623.23,77653.02,41467
1785389340,2026-07-30T10:59:00,77650.84,77656.52,77623.93,77646.1,27395
1785389400,2026-07-30T11:00:00,77641.63,77644.81,77611.27,77634.81,32220
1785389460,2026-07-30T11:01:00,77638.65,77640.25,77618.48,77633.29,21449
1785389520,2026-07-30T11:02:00,77634.51,77654.46,77620.12,77651.34,17595
1785389580,2026-07-30T11:03:00,77650.63,77653.89,77639.88,77653.66,24168
1785389640,2026-07-30T11:04:00,77656.52,77672.61,77631.22,77672.61,13105
1785389700,2026-07-30T11:05:00,77669.6,77676.5,77639.31,77639.31,13946
1785389760,2026-07-30T11:06:00,77639.49,77672.52,77623.21,77663.65,10097
1785389820,2026-07-30T11:07:00,77661.05,77662.12,77646.38,77656.63,15204
1785389880,2026-07-30T11:08:00,77657.14,77657.51,77620.52,77650.91,14783
1785389940,2026-07-30T11:09:00,77651.24,77654.31,77615.81,77643.39,17457
1785390000,2026-07-30T11:10:00,77645.53,77674.54,77644.08,77648.73,12460
1785390060,2026-07-30T11:11:00,77648.35,77695.56,77645.85,77695.56,35468
1785390120,2026-07-30T11:12:00,77698.93,77702.27,77669.87,77699.06,142999
1785390180,2026-07-30T11:13:00,77699.72,77702.91,77661.99,77661.99,68489
1785390240,2026-07-30T11:14:00,77661.79,77696.03,77658.69,77690.04,19718
1785390300,2026-07-30T11:15:00,77689.81,77700.73,77675.21,77679.26,42244
1785390360,2026-07-30T11:16:00,77680.29,77721.74,77670.22,77712.96,18331
1785390420,2026-07-30T11:17:00,77719.22,77729.07,77670.11,77726.95,89178
1785390480,2026-07-30T11:18:00,77693.34,77750.14,77692.88,77733.29,90591
1785390540,2026-07-30T11:19:00,77728.8,77734.39,77694.35,77696.51,13970
1785390600,2026-07-30T11:20:00,77694.61,77724.25,77694.23,77715.63,9868
1785390660,2026-07-30T11:21:00,77715.28,77721.43,77679.3,77694.15,47549
1785390720,2026-07-30T11:22:00,77690.6,77714.4,77687.8,77696.59,17109
1785390780,2026-07-30T11:23:00,77691.85,77695.29,77657.62,77685.37,16423
1785390840,2026-07-30T11:24:00,77685.2,77696.25,77655.62,77669.29,415365
1785390900,2026-07-30T11:25:00,77669.11,77695.24,77665.33,77691.8,15155
1785390960,2026-07-30T11:26:00,77694.63,77711.8,77681.37,77710.45,41394
1785391020,2026-07-30T11:27:00,77709.38,77732.44,77702.61,77724.13,12893
1785391080,2026-07-30T11:28:00,77725.52,77725.52,77690.93,77711.81,29752
1785391140,2026-07-30T11:29:00,77711.92,77713.7,77685.53,77708.33,16407
1785391200,2026-07-30T11:30:00,77709.56,77715.79,77677.29,77682.68,25521
1785391260,2026-07-30T11:31:00,77688.32,77703.82,77674.45,77689.49,26967
1785391320,2026-07-30T11:32:00,77689.98,77727.21,77689.98,77700.56,26782
1785391380,2026-07-30T11:33:00,77699.59,77736.59,77699.59,77720.74,26981
1785391440,2026-07-30T11:34:00,77719.57,77726.3,77709.75,77718.78,11873
1785391500,2026-07-30T11:35:00,77722.98,77728.11,77719.49,77725.23,14127
1785391560,2026-07-30T11:36:00,77724.0,77724.21,77710.27,77717.63,57623
1785391620,2026-07-30T11:37:00,77717.32,77730.52,77706.14,77706.14,20133
1785391680,2026-07-30T11:38:00,77706.03,77731.52,77696.87,77696.87,16337
1785391740,2026-07-30T11:39:00,77703.9,77726.37,77692.1,77711.59,41001
1785391800,2026-07-30T11:40:00,77695.09,77720.55,77681.0,77684.34,21643
1785391860,2026-07-30T11:41:00,77680.92,77714.66,77680.92,77694.49,26476
1785391920,2026-07-30T11:42:00,77700.32,77711.83,77687.22,77711.8,23101
1785391980,2026-07-30T11:43:00,77712.37,77719.03,77699.28,77706.5,24844
1785392040,2026-07-30T11:44:00,77702.54,77703.25,77691.5,77695.93,20590
1785392100,2026-07-30T11:45:00,77695.93,77695.93,77644.27,77644.27,50684
1785392160,2026-07-30T11:46:00,77642.06,77664.05,77634.81,77647.46,92128
1785392220,2026-07-30T11:47:00,77652.24,77676.52,77647.11,77674.19,17876
1785392280,2026-07-30T11:48:00,77675.68,77678.72,77650.48,77652.81,22094
1785392340,2026-07-30T11:49:00,77653.72,77663.99,77652.51,77657.42,13613
1785392400,2026-07-30T11:50:00,77657.48,77671.38,77643.16,77648.67,41528
1785392460,2026-07-30T11:51:00,77649.83,77679.63,77643.61,77679.63,18533
1785392520,2026-07-30T11:52:00,77679.72,77679.72,77656.07,77670.16,33064
1785392580,2026-07-30T11:53:00,77670.15,77670.15,77632.12,77640.85,36445
1785392640,2026-07-30T11:54:00,77639.95,77672.55,77637.01,77656.71,24004
1785392700,2026-07-30T11:55:00,77656.71,77686.96,77651.65,77680.12,24365
1785392760,2026-07-30T11:56:00,77679.28,77689.56,77669.02,77689.56,14996
1785392820,2026-07-30T11:57:00,77690.1,77695.06,77652.44,77671.98,17271
1785392880,2026-07-30T11:58:00,77671.98,77676.03,77667.43,77669.7,15328
1785392940,2026-07-30T11:59:00,77667.33,77685.87,77664.14,77682.39,17794
1785393000,2026-07-30T12:00:00,77682.32,77682.36,77670.5,77677.0,19804
1785393060,2026-07-30T12:01:00,77671.73,77679.2,77667.98,77677.74,19821
1785393120,2026-07-30T12:02:00,77678.59,77679.21,77644.5,77673.0,125548
1785393180,2026-07-30T12:03:00,77673.21,77677.61,77650.51,77671.1,37835
1785393240,2026-07-30T12:04:00,77671.31,77676.0,77666.48,77674.09,9575
1785393300,2026-07-30T12:05:00,77673.75,77686.02,77669.23,77672.65,37427
1785393360,2026-07-30T12:06:00,77674.7,77682.78,77654.91,77660.11,50626
1785393420,2026-07-30T12:07:00,77662.71,77684.39,77651.78,77654.71,20965
1785393480,2026-07-30T12:08:00,77650.06,77698.16,77650.01,77662.81,28962
1785393540,2026-07-30T12:09:00,77681.95,77683.76,77654.42,77659.53,17585
1785393600,2026-07-30T12:10:00,77657.62,77662.4,77637.66,77639.26,20614
1785393660,2026-07-30T12:11:00,77639.53,77665.44,77638.09,77665.44,19548
1785393720,2026-07-30T12:12:00,77665.44,77675.32,77662.78,77673.06,10089
1785393780,2026-07-30T12:13:00,77673.06,77674.11,77660.51,77668.06,51181
1785393840,2026-07-30T12:14:00,77665.56,77668.88,77643.43,77663.14,18678
1785393900,2026-07-30T12:15:00,77664.0,77664.0,77627.0,77659.9,20370
1785393960,2026-07-30T12:16:00,77664.02,77689.34,77647.81,77689.34,27610
1785394020,2026-07-30T12:17:00,77689.37,77698.37,77663.48,77670.68,35709
1785394080,2026-07-30T12:18:00,77670.84,77674.67,77629.01,77650.77,89439
1785394140,2026-07-30T12:19:00,77650.98,77682.73,77650.98,77679.03,11425
1785394200,2026-07-30T12:20:00,77679.03,77700.88,77668.56,77676.49,48691
1785394260,2026-07-30T12:21:00,77677.65,77701.2,77662.61,77690.14,46420
1785394320,2026-07-30T12:22:00,77689.54,77705.96,77675.83,77693.99,20634
1785394380,2026-07-30T12:23:00,77693.59,77693.59,77677.13,77677.77,19327
1785394440,2026-07-30T12:24:00,77681.21,77685.54,77659.86,77663.88,23996
1785394500,2026-07-30T12:25:00,77663.88,77690.47,77659.39,77687.69,23744
1785394560,2026-07-30T12:26:00,77690.59,77704.2,77680.37,77702.45,82139
1785394620,2026-07-30T12:27:00,77697.49,77697.49,77652.36,77679.47,17770
1785394680,2026-07-30T12:28:00,77681.34,77682.31,77670.95,77678.87,26464
1785394740,2026-07-30T12:29:00,77675.13,77702.32,77675.13,77699.64,171417
1785394800,2026-07-30T12:30:00,77698.47,77706.77,77686.09,77706.77,20537
1785394860,2026-07-30T12:31:00,77706.56,77727.86,77704.99,77727.0,27305
1785394920,2026-07-30T12:32:00,77733.49,77804.13,77731.77,77798.79,73256
1785394980,2026-07-30T12:33:00,77804.48,77892.48,77804.48,77889.13,120991
1785395040,2026-07-30T12:34:00,77898.59,77900.73,77841.22,77847.69,91372
1785395100,2026-07-30T12:35:00,77846.44,77865.34,77839.1,77861.69,41381
1785395160,2026-07-30T12:36:00,77863.98,77882.45,77862.9,77867.5,28947
1785395220,2026-07-30T12:37:00,77869.3,77882.65,77826.25,77834.85,38210
1785395280,2026-07-30T12:38:00,77834.18,77837.59,77784.34,77792.01,79760
1785395340,2026-07-30T12:39:00,77795.05,77815.11,77786.3,77815.11,11569
1785395400,2026-07-30T12:40:00,77815.46,77820.98,77806.61,77810.49,17995
1785395460,2026-07-30T12:41:00,77801.03,77835.41,77795.63,77826.28,23058
1785395520,2026-07-30T12:42:00,77826.85,77872.13,77822.73,77852.5,57309
1785395580,2026-07-30T12:43:00,77853.68,77864.93,77844.41,77859.14,58170
1785395640,2026-07-30T12:44:00,77858.26,77868.8,77821.51,77865.82,65653
1785395700,2026-07-30T12:45:00,77865.82,77865.82,77834.5,77840.54,25371
1785395760,2026-07-30T12:46:00,77840.69,77847.86,77815.87,77816.27,8628
1785395820,2026-07-30T12:47:00,77836.09,77839.56,77790.07,77816.47,38749
1785395880,2026-07-30T12:48:00,77801.19,77829.79,77790.47,77816.2,87932
1785395940,2026-07-30T12:49:00,77818.84,77842.18,77809.44,77811.11,45505
1785396000,2026-07-30T12:50:00,77838.05,77838.9,77814.67,77822.94,66338
1785396060,2026-07-30T12:51:00,77796.44,77829.08,77783.75,77813.16,22833
1785396120,2026-07-30T12:52:00,77813.19,77813.19,77780.4,77802.79,33717
1785396180,2026-07-30T12:53:00,77802.53,77815.18,77795.84,77797.19,12029
1785396240,2026-07-30T12:54:00,77797.19,77818.18,77794.83,77812.08,1923700
1785396300,2026-07-30T12:55:00,77814.38,77830.88,77797.73,77804.09,25617
1785396360,2026-07-30T12:56:00,77804.37,77808.05,77790.22,77792.77,61422
1785396420,2026-07-30T12:57:00,77794.0,77810.15,77794.0,77810.06,47080
1785396480,2026-07-30T12:58:00,77810.11,77810.36,77791.72,77798.19,120168
1785396540,2026-07-30T12:59:00,77798.46,77810.17,77797.19,77800.64,121365
1785396600,2026-07-30T13:00:00,77795.84,77801.32,77754.34,77761.23,117494
1785396660,2026-07-30T13:01:00,77759.45,77783.95,77752.06,77776.42,98589
1785396720,2026-07-30T13:02:00,77776.42,77777.78,77749.64,77766.64,57283
1785396780,2026-07-30T13:03:00,77767.09,77787.14,77766.15,77783.63,46144
1785396840,2026-07-30T13:04:00,77785.53,77791.0,77753.06,77764.57,95332
1785396900,2026-07-30T13:05:00,77765.29,77770.82,77746.65,77770.82,33079
1785396960,2026-07-30T13:06:00,77771.95,77786.34,77770.63,77786.34,32846
1785397020,2026-07-30T13:07:00,77783.17,77809.14,77774.71,77809.14,41456
1785397080,2026-07-30T13:08:00,77799.9,77800.06,77763.67,77770.35,21203
1785397140,2026-07-30T13:09:00,77770.85,77784.85,77756.64,77766.94,32546
1785397200,2026-07-30T13:10:00,77766.02,77768.15,77732.0,77741.7,74985
1785397260,2026-07-30T13:11:00,77741.7,77748.52,77709.76,77709.76,30512
1785397320,2026-07-30T13:12:00,77707.83,77710.6,77664.68,77670.95,68712
1785397380,2026-07-30T13:13:00,77670.27,77696.72,77656.27,77689.88,239013
1785397440,2026-07-30T13:14:00,77689.31,77715.89,77689.31,77702.84,156538
1785397500,2026-07-30T13:15:00,77701.62,77712.1,77689.87,77696.02,21033
1785397560,2026-07-30T13:16:00,77693.84,77701.96,77688.36,77693.8,17916
1785397620,2026-07-30T13:17:00,77689.96,77697.96,77686.99,77691.87,11692
1785397680,2026-07-30T13:18:00,77692.77,77700.01,77688.05,77691.63,12973
1785397740,2026-07-30T13:19:00,77691.35,77703.97,77687.22,77700.56,10527
1785397800,2026-07-30T13:20:00,77700.56,77707.38,77694.6,77698.69,10454
1785397860,2026-07-30T13:21:00,77699.3,77726.66,77693.53,77726.66,39332
1785397920,2026-07-30T13:22:00,77727.75,77733.38,77723.43,77727.01,20359
1785397980,2026-07-30T13:23:00,77725.16,77747.7,77725.16,77747.7,20471
1785398040,2026-07-30T13:24:00,77751.0,77757.86,77743.83,77753.38,17432
1785398100,2026-07-30T13:25:00,77753.38,77761.06,77734.01,77757.36,66313
1785398160,2026-07-30T13:26:00,77757.89,77759.0,77744.47,77744.47,6915
1785398220,2026-07-30T13:27:00,77746.97,77751.17,77740.79,77751.17,27923
1785398280,2026-07-30T13:28:00,77750.49,77754.21,77713.35,77740.76,39654
1785398340,2026-07-30T13:29:00,77736.05,77740.85,77725.18,77727.95,46431
1785398400,2026-07-30T13:30:00,77723.92,77741.56,77702.17,77725.9,25907
1785398460,2026-07-30T13:31:00,77729.18,77734.78,77696.83,77696.83,15526
1785398520,2026-07-30T13:32:00,77695.95,77723.01,77690.9,77715.7,17833
1785398580,2026-07-30T13:33:00,77715.7,77747.73,77713.1,77747.73,39965
1785398640,2026-07-30T13:34:00,77748.36,77748.36,77715.02,77724.26,42804
1785398700,2026-07-30T13:35:00,77724.66,77761.73,77722.16,77761.73,16389
1785398760,2026-07-30T13:36:00,77757.19,77775.79,77717.6,77772.42,27003
1785398820,2026-07-30T13:37:00,77773.95,77781.68,77746.53,77778.75,32089
1785398880,2026-07-30T13:38:00,77778.75,77804.3,77770.42,77795.25,61940
1785398940,2026-07-30T13:39:00,77798.31,77798.36,77766.69,77778.38,96100
1785399000,2026-07-30T13:40:00,77776.89,77799.32,77774.91,77797.63,14340
1785399060,2026-07-30T13:41:00,77798.35,77802.97,77791.72,77802.73,16370
1785399120,2026-07-30T13:42:00,77799.35,77816.51,77787.73,77787.82,23556
1785399180,2026-07-30T13:43:00,77789.26,77816.32,77781.05,77793.48,16651
1785399240,2026-07-30T13:44:00,77791.17,77797.2,77786.03,77791.01,14294
1785399300,2026-07-30T13:45:00,77790.5,77790.5,77751.12,77771.04,33570
1785399360,2026-07-30T13:46:00,77766.22,77766.22,77749.56,77764.26,15274
1785399420,2026-07-30T13:47:00,77764.26,77781.03,77756.96,77770.6,17578
1785399480,2026-07-30T13:48:00,77770.66,77785.9,77752.94,77757.09,38548
1785399540,2026-07-30T13:49:00,77757.09,77774.74,77738.44,77752.2,2196412
1785399600,2026-07-30T13:50:00,77752.2,77752.47,77708.57,77726.81,23185
1785399660,2026-07-30T13:51:00,77726.81,77740.21,77723.26,77740.21,25443
1785399720,2026-07-30T13:52:00,77741.38,77773.96,77741.38,77748.45,17253
1785399780,2026-07-30T13:53:00,77746.66,77783.66,77745.37,77782.23,14404
1785399840,2026-07-30T13:54:00,77781.99,77793.14,77776.31,77793.14,11450
1785399900,2026-07-30T13:55:00,77794.85,77794.85,77756.71,77766.38,10916
1785399960,2026-07-30T13:56:00,77767.87,77788.6,77765.28,77765.28,11307
1785400020,2026-07-30T13:57:00,77765.28,77776.11,77737.58,77765.71,18266
1785400080,2026-07-30T13:58:00,77764.83,77764.83,77711.52,77715.15,61954
1785400140,2026-07-30T13:59:00,77713.64,77757.91,77713.64,77757.31,17345
1785400200,2026-07-30T14:00:00,77755.98,77761.78,77728.13,77761.78,26624
1785400260,2026-07-30T14:01:00,77761.71,77761.93,77714.59,77723.51,22335
1785400320,2026-07-30T14:02:00,77727.49,77730.2,77711.62,77719.24,109977
1785400380,2026-07-30T14:03:00,77741.74,77753.63,77718.1,77753.63,16680
1785400440,2026-07-30T14:04:00,77754.2,77756.61,77723.9,77742.78,17126
1785400500,2026-07-30T14:05:00,77743.64,77745.07,77724.31,77731.44,11120
1785400560,2026-07-30T14:06:00,77733.59,77733.59,77712.12,77713.15,17228
1785400620,2026-07-30T14:07:00,77714.31,77735.97,77700.38,77720.83,6465
1785400680,2026-07-30T14:08:00,77722.95,77739.71,77717.82,77723.88,53831
1785400740,2026-07-30T14:09:00,77723.17,77723.27,77661.9,77669.86,58405
1785400800,2026-07-30T14:10:00,77672.72,77697.31,77672.72,77692.89,8813
1785400860,2026-07-30T14:11:00,77690.41,77690.41,77674.02,77674.02,15047
1785400920,2026-07-30T14:12:00,77676.0,77685.26,77656.89,77685.26,23814
1785400980,2026-07-30T14:13:00,77685.61,77687.26,77655.87,77680.57,36163
1785401040,2026-07-30T14:14:00,77680.14,77680.48,77649.61,77649.61,16820
1785401100,2026-07-30T14:15:00,77652.27,77670.55,77633.13,77636.38,20802
1785401160,2026-07-30T14:16:00,77635.02,77655.08,77610.23,77630.37,41144
1785401220,2026-07-30T14:17:00,77625.53,77655.52,77624.64,77643.76,19321
1785401280,2026-07-30T14:18:00,77644.92,77663.85,77635.29,77646.2,32109
1785401340,2026-07-30T14:19:00,77646.38,77675.55,77643.59,77647.6,19610
1785401400,2026-07-30T14:20:00,77651.46,77652.58,77617.99,77617.99,33724
1785401460,2026-07-30T14:21:00,77618.18,77635.69,77592.94,77592.94,31948
1785401520,2026-07-30T14:22:00,77590.77,77617.87,77586.45,77611.37,32153
1785401580,2026-07-30T14:23:00,77615.86,77629.76,77583.56,77618.53,17075
1785401640,2026-07-30T14:24:00,77617.98,77633.96,77598.94,77631.88,11033
1785401700,2026-07-30T14:25:00,77629.91,77629.91,77579.4,77590.55,12453
1785401760,2026-07-30T14:26:00,77590.85,77604.55,77578.51,77596.36,49111
1785401820,2026-07-30T14:27:00,77599.41,77634.21,77587.29,77614.42,46519
1785401880,2026-07-30T14:28:00,77618.95,77622.38,77586.12,77597.61,21134
1785401940,2026-07-30T14:29:00,77598.23,77616.47,77561.62,77603.54,36707
1785402000,2026-07-30T14:30:00,77571.62,77601.82,77554.53,77584.34,19997
1785402060,2026-07-30T14:31:00,77587.59,77611.8,77581.97,77594.37,28950
1785402120,2026-07-30T14:32:00,77598.36,77624.56,77595.58,77624.56,18655
1785402180,2026-07-30T14:33:00,77625.72,77673.43,77625.72,77660.15,32263
1785402240,2026-07-30T14:34:00,77658.29,77658.31,77608.76,77610.21,19854
1785402300,2026-07-30T14:35:00,77608.92,77631.92,77588.2,77622.48,42866
1785402360,2026-07-30T14:36:00,77624.28,77664.55,77623.64,77643.62,22517
1785402420,2026-07-30T14:37:00,77643.48,77685.37,77643.48,77659.82,18815
1785402480,2026-07-30T14:38:00,77685.01,77691.58,77661.57,77670.64,19952
1785402540,2026-07-30T14:39:00,77671.43,77704.99,77671.28,77701.55,20538
1785402600,2026-07-30T14:40:00,77704.96,77709.51,77690.44,77691.0,28602
1785402660,2026-07-30T14:41:00,77688.67,77697.11,77650.36,77669.27,16903
1785402720,2026-07-30T14:42:00,77651.79,77664.47,77636.67,77664.47,23739
1785402780,2026-07-30T14:43:00,77638.14,77675.0,77635.6,77635.6,19868
1785402840,2026-07-30T14:44:00,77635.34,77687.78,77635.34,77679.47,56693
1785402900,2026-07-30T14:45:00,77684.78,77684.78,77633.43,77649.51,85743
1785402960,2026-07-30T14:46:00,77650.94,77696.13,77644.85,77696.13,42158
1785403020,2026-07-30T14:47:00,77699.16,77711.58,77675.95,77697.85,40567
1785403080,2026-07-30T14:48:00,77694.25,77723.99,77692.73,77723.99,34672
1785403140,2026-07-30T14:49:00,77727.62,77757.68,77721.79,77724.06,21860
1785403200,2026-07-30T14:50:00,77724.31,77739.18,77704.2,77739.18,27483
1785403260,2026-07-30T14:51:00,77735.44,77738.41,77703.7,77729.38,36038
1785403320,2026-07-30T14:52:00,77728.96,77737.46,77718.81,77736.55,20590
1785403380,2026-07-30T14:53:00,77736.6,77736.6,77687.72,77689.41,19173
1785403440,2026-07-30T14:54:00,77688.29,77718.36,77685.21,77691.48,23417
1785403500,2026-07-30T14:55:00,77690.65,77702.18,77670.17,77681.41,12723
1785403560,2026-07-30T14:56:00,77676.44,77707.92,77673.62,77698.16,14948
1785403620,2026-07-30T14:57:00,77698.19,77736.18,77697.13,77725.74,21630
1785403680,2026-07-30T14:58:00,77722.18,77725.08,77708.68,77713.16,18016
1785403740,2026-07-30T14:59:00,77712.64,77733.91,77694.87,77724.86,16575
1785403800,2026-07-30T15:00:00,77718.22,77745.17,77691.06,77691.33,80418
1785403860,2026-07-30T15:01:00,77696.75,77781.29,77696.75,77763.46,59120
1785403920,2026-07-30T15:02:00,77764.52,77798.17,77760.06,77792.28,54002
1785403980,2026-07-30T15:03:00,77797.96,77807.39,77776.41,77803.2,33838
1785404040,2026-07-30T15:04:00,77804.19,77813.2,77792.62,77793.51,28156
1785404100,2026-07-30T15:05:00,77794.62,77866.6,77794.62,77855.45,140372
1785404160,2026-07-30T15:06:00,77853.82,77853.82,77792.17,77826.92,58693
1785404220,2026-07-30T15:07:00,77826.95,77888.88,77807.32,77871.83,32587
1785404280,2026-07-30T15:08:00,77864.79,77907.35,77855.07,77866.42,71253
1785404340,2026-07-30T15:09:00,77858.3,77867.69,77835.36,77860.4,43906
1785404400,2026-07-30T15:10:00,77861.07,77912.31,77857.14,77869.07,29477
1785404460,2026-07-30T15:11:00,77866.62,77902.1,77866.62,77885.0,55073
1785404520,2026-07-30T15:12:00,77882.89,77908.08,77876.27,77878.48,55112
1785404580,2026-07-30T15:13:00,77885.0,77897.41,77864.54,77895.23,51382
1785404640,2026-07-30T15:14:00,77872.74,77895.62,77857.52,77884.38,32768
1785404700,2026-07-30T15:15:00,77877.78,77882.73,77829.01,77829.01,58023
1785404760,2026-07-30T15:16:00,77827.82,77865.05,77827.82,77854.31,39940
1785404820,2026-07-30T15:17:00,77848.11,77869.29,77844.2,77847.91,37997
1785404880,2026-07-30T15:18:00,77847.48,77870.78,77828.6,77838.3,86610
1785404940,2026-07-30T15:19:00,77838.0,77867.46,77831.12,77848.9,45689
1785405000,2026-07-30T15:20:00,77853.77,77897.97,77849.81,77863.36,59721
1785405060,2026-07-30T15:21:00,77864.43,77902.69,77846.78,77877.13,91635
1785405120,2026-07-30T15:22:00,77881.33,77973.52,77830.96,77923.31,480319
1785405180,2026-07-30T15:23:00,77918.16,78007.09,77901.99,77984.67,1128078
1785405240,2026-07-30T15:24:00,77984.6,77984.6,77919.02,77929.52,367210
1785405300,2026-07-30T15:25:00,77929.27,77968.48,77924.69,77932.45,1079933
1785405360,2026-07-30T15:26:00,77927.35,77979.38,77927.35,77931.56,346435
1785405420,2026-07-30T15:27:00,77934.14,77972.26,77896.56,77931.22,252356
1785405480,2026-07-30T15:28:00,77933.44,77933.44,77793.24,77821.16,682482
1785405540,2026-07-30T15:29:00,77825.52,77861.94,77785.14,77835.43,273324
1785469500,2026-07-31T09:15:00,77998.66,78069.91,77897.08,78001.97,412631
1785469560,2026-07-31T09:16:00,78006.61,78021.22,77953.28,77995.36,322831
1785469620,2026-07-31T09:17:00,78000.41,78003.24,77960.89,78002.71,180629
1785469680,2026-07-31T09:18:00,77997.53,78009.27,77951.81,77963.37,113806
1785469740,2026-07-31T09:19:00,77962.49,77989.35,77953.41,77965.53,108013
1785469800,2026-07-31T09:20:00,77962.71,77984.21,77944.3,77946.32,112485
1785469860,2026-07-31T09:21:00,77951.28,77963.06,77935.77,77957.35,130833
1785469920,2026-07-31T09:22:00,77957.9,78009.11,77952.71,78008.31,93885
1785469980,2026-07-31T09:23:00,78015.12,78018.21,77988.7,77988.7,76830
1785470040,2026-07-31T09:24:00,77990.99,78000.19,77970.22,77981.51,75754
1785470100,2026-07-31T09:25:00,77979.58,77997.64,77970.21,77979.87,133022
1785470160,2026-07-31T09:26:00,77971.8,77983.05,77962.66,77978.47,85781
1785470220,2026-07-31T09:27:00,77981.1,77982.14,77968.73,77972.24,87749
1785470280,2026-07-31T09:28:00,77970.35,77981.82,77948.83,77948.83,71232
1785470340,2026-07-31T09:29:00,77948.14,77968.21,77945.22,77966.37,119188
1785470400,2026-07-31T09:30:00,77966.55,77966.69,77908.76,77908.76,68926
1785470460,2026-07-31T09:31:00,77910.78,77936.21,77892.63,77895.85,74128
1785470520,2026-07-31T09:32:00,77893.83,77893.83,77866.04,77883.93,57851
1785470580,2026-07-31T09:33:00,77879.12,77879.35,77855.31,77863.75,46749
1785470640,2026-07-31T09:34:00,77868.98,77875.57,77837.96,77840.54,48707
1785470700,2026-07-31T09:35:00,77844.84,77858.22,77828.84,77836.34,116014
1785470760,2026-07-31T09:36:00,77839.84,77855.31,77823.5,77844.94,86819
1785470820,2026-07-31T09:37:00,77842.5,77842.5,77813.55,77828.01,68550
1785470880,2026-07-31T09:38:00,77829.76,77834.24,77809.93,77824.65,56671
1785470940,2026-07-31T09:39:00,77824.5,77845.03,77821.18,77843.58,47157
1785471000,2026-07-31T09:40:00,77842.01,77856.33,77834.69,77852.59,46153
1785471060,2026-07-31T09:41:00,77852.04,77902.48,77852.04,77895.34,55717
1785471120,2026-07-31T09:42:00,77894.61,77911.87,77888.44,77905.9,60524
1785471180,2026-07-31T09:43:00,77907.42,77972.11,77907.42,77965.08,81733
1785471240,2026-07-31T09:44:00,77963.52,77987.07,77953.98,77980.81,56954
1785471300,2026-07-31T09:45:00,77981.7,77985.19,77953.92,77958.66,80925
1785471360,2026-07-31T09:46:00,77959.18,77977.07,77939.13,77977.07,52434
1785471420,2026-07-31T09:47:00,77976.75,77998.89,77969.19,77995.32,41093
1785471480,2026-07-31T09:48:00,77995.05,78009.05,77989.75,77990.83,42866
1785471540,2026-07-31T09:49:00,77990.15,78013.67,77975.44,78011.73,46009
1785471600,2026-07-31T09:50:00,78006.57,78006.57,77975.23,77987.83,36225
1785471660,2026-07-31T09:51:00,77980.34,77981.02,77947.96,77956.2,74904
1785471720,2026-07-31T09:52:00,77952.71,77968.98,77935.49,77966.06,48717
1785471780,2026-07-31T09:53:00,77964.62,77976.63,77956.77,77971.93,28374
1785471840,2026-07-31T09:54:00,77971.63,77999.3,77961.72,77988.26,35723
1785471900,2026-07-31T09:55:00,77993.76,77995.7,77976.8,77990.81,569337
1785471960,2026-07-31T09:56:00,77989.93,78002.02,77982.41,77994.71,36285
1785472020,2026-07-31T09:57:00,77993.13,78015.32,77993.13,78009.67,40789
1785472080,2026-07-31T09:58:00,78012.92,78018.13,77993.35,77999.23,34521
1785472140,2026-07-31T09:59:00,77997.91,78003.68,77982.56,77994.4,35558
1785472200,2026-07-31T10:00:00,77995.97,78001.47,77978.71,77983.3,27077
1785472260,2026-07-31T10:01:00,77986.17,78001.28,77975.53,78001.28,37923
1785472320,2026-07-31T10:02:00,78004.36,78005.65,77986.37,77986.37,30601
1785472380,2026-07-31T10:03:00,77991.18,77998.97,77976.43,77980.38,43437
1785472440,2026-07-31T10:04:00,77981.35,77981.35,77958.9,77969.39,27060
1785472500,2026-07-31T10:05:00,77970.05,77975.6,77949.01,77953.46,19178
1785472560,2026-07-31T10:06:00,77953.04,77964.35,77946.37,77954.49,23845
1785472620,2026-07-31T10:07:00,77954.65,77963.59,77928.39,77931.98,28804
1785472680,2026-07-31T10:08:00,77933.96,77935.63,77917.42,77935.63,36894
1785472740,2026-07-31T10:09:00,77935.49,77946.11,77930.45,77940.86,19838
1785472800,2026-07-31T10:10:00,77939.84,77944.62,77928.75,77944.62,25010
1785472860,2026-07-31T10:11:00,77943.4,77959.97,77942.67,77955.06,26742
1785472920,2026-07-31T10:12:00,77956.27,77975.84,77955.28,77974.91,27105
1785472980,2026-07-31T10:13:00,77973.02,77975.36,77954.1,77966.05,52200
1785473040,2026-07-31T10:14:00,77961.66,77968.12,77953.87,77954.84,26676
1785473100,2026-07-31T10:15:00,77953.77,77958.19,77925.62,77940.86,30318
1785473160,2026-07-31T10:16:00,77938.94,77938.94,77922.39,77933.62,24757
1785473220,2026-07-31T10:17:00,77932.68,77944.56,77931.36,77944.4,16105
1785473280,2026-07-31T10:18:00,77941.21,77950.67,77935.82,77938.77,36625
1785473340,2026-07-31T10:19:00,77942.48,77967.05,77933.15,77958.12,22946
1785473400,2026-07-31T10:20:00,77957.97,77974.12,77954.71,77973.06,20707
1785473460,2026-07-31T10:21:00,77971.19,77984.36,77966.36,77977.33,16049
1785473520,2026-07-31T10:22:00,77975.28,77975.28,77959.24,77966.41,31974
1785473580,2026-07-31T10:23:00,77959.06,77982.33,77957.19,77982.3,16479
1785473640,2026-07-31T10:24:00,77980.88,77985.76,77973.62,77982.22,17825
1785473700,2026-07-31T10:25:00,77979.71,77980.56,77971.0,77975.01,19889
1785473760,2026-07-31T10:26:00,77975.3,77980.96,77953.78,77962.39,63836
1785473820,2026-07-31T10:27:00,77962.76,77974.24,77959.21,77974.24,18100
1785473880,2026-07-31T10:28:00,77974.76,77982.55,77961.33,77978.62,19201
1785473940,2026-07-31T10:29:00,77978.62,77985.99,77973.22,77978.94,13834
1785474000,2026-07-31T10:30:00,77976.58,77977.92,77961.41,77973.77,25265
1785474060,2026-07-31T10:31:00,77975.5,77978.22,77958.44,77958.7,17288
1785474120,2026-07-31T10:32:00,77962.76,77966.06,77939.75,77949.47,23430
1785474180,2026-07-31T10:33:00,77941.26,77950.96,77927.84,77939.17,18583
1785474240,2026-07-31T10:34:00,77938.27,77946.83,77933.17,77936.82,30934
1785474300,2026-07-31T10:35:00,77937.85,77944.33,77920.0,77944.33,24797
1785474360,2026-07-31T10:36:00,77942.82,77960.08,77935.3,77958.51,24866
1785474420,2026-07-31T10:37:00,77957.62,77973.76,77957.62,77969.14,10639
1785474480,2026-07-31T10:38:00,77969.1,77998.58,77965.66,77983.23,42357
1785474540,2026-07-31T10:39:00,77981.72,78002.61,77981.36,77991.85,9339
1785474600,2026-07-31T10:40:00,77992.27,78002.2,77984.38,77986.8,28307
1785474660,2026-07-31T10:41:00,77988.87,78002.63,77976.82,77989.26,25555
1785474720,2026-07-31T10:42:00,77988.13,77995.07,77977.49,77989.23,44370
1785474780,2026-07-31T10:43:00,77989.22,77996.01,77980.24,77984.44,15852
1785474840,2026-07-31T10:44:00,77984.42,77994.88,77979.6,77992.45,20213
1785474900,2026-07-31T10:45:00,77989.92,77999.97,77983.86,77999.14,11901
1785474960,2026-07-31T10:46:00,78002.54,78008.1,77994.76,78000.86,31736
1785475020,2026-07-31T10:47:00,78000.55,78011.04,77997.69,78005.62,19357
1785475080,2026-07-31T10:48:00,78004.75,78022.47,78004.75,78012.64,61515
1785475140,2026-07-31T10:49:00,78011.66,78015.48,77995.0,77995.5,18659
1785475200,2026-07-31T10:50:00,77993.87,77998.91,77973.18,77977.98,42114
1785475260,2026-07-31T10:51:00,77978.39,77980.47,77967.29,77974.29,15606
1785475320,2026-07-31T10:52:00,77976.32,77976.5,77952.64,77957.45,11675
1785475380,2026-07-31T10:53:00,77956.64,77968.95,77955.59,77964.54,11320
1785475440,2026-07-31T10:54:00,77962.4,77978.13,77960.16,77978.13,13663
1785475500,2026-07-31T10:55:00,77976.47,77987.68,77968.23,77973.59,14948
1785475560,2026-07-31T10:56:00,77971.55,77979.09,77964.19,77972.32,59974
1785475620,2026-07-31T10:57:00,77973.17,77981.4,77965.32,77973.22,8454
1785475680,2026-07-31T10:58:00,77972.51,77995.54,77971.78,77993.41,36833
1785475740,2026-07-31T10:59:00,77990.92,78000.57,77987.26,77993.25,23312
1785475800,2026-07-31T11:00:00,77994.52,78000.78,77982.64,77984.19,19329
1785475860,2026-07-31T11:01:00,77984.7,77985.04,77964.53,77972.2,11221
1785475920,2026-07-31T11:02:00,77972.53,77978.68,77968.87,77975.47,13713
1785475980,2026-07-31T11:03:00,77975.74,77986.6,77973.63,77979.15,12466
1785476040,2026-07-31T11:04:00,77978.19,78003.15,77970.56,77996.25,21626
1785476100,2026-07-31T11:05:00,77996.26,77998.83,77983.55,77989.91,14160
1785476160,2026-07-31T11:06:00,77991.6,77991.6,77969.54,77976.08,14672
1785476220,2026-07-31T11:07:00,77976.81,77976.81,77963.13,77967.51,16390
1785476280,2026-07-31T11:08:00,77967.98,77972.17,77952.66,77960.27,20333
1785476340,2026-07-31T11:09:00,77960.67,77963.06,77936.59,77938.68,19701
1785476400,2026-07-31T11:10:00,77939.12,77956.43,77927.92,77956.43,12462
1785476460,2026-07-31T11:11:00,77956.48,77964.78,77949.68,77958.3,13632
1785476520,2026-07-31T11:12:00,77959.7,77973.52,77951.94,77973.52,24862
1785476580,2026-07-31T11:13:00,77974.69,77986.71,77969.11,77982.23,12079
1785476640,2026-07-31T11:14:00,77978.85,78003.64,77978.74,78002.46,13156
1785476700,2026-07-31T11:15:00,78007.7,78026.25,78002.3,78011.77,49725
1785476760,2026-07-31T11:16:00,78016.45,78027.26,78011.43,78021.64,17955
1785476820,2026-07-31T11:17:00,78021.31,78022.25,78001.98,78004.37,13359
1785476880,2026-07-31T11:18:00,78006.13,78026.11,78006.13,78012.53,18619
1785476940,2026-07-31T11:19:00,78012.82,78029.36,78012.4,78026.56,14449
1785477000,2026-07-31T11:20:00,78025.65,78039.93,78020.71,78037.49,22116
1785477060,2026-07-31T11:21:00,78036.96,78045.94,78034.54,78044.9,19689
1785477120,2026-07-31T11:22:00,78041.29,78042.77,78031.77,78036.66,9471
1785477180,2026-07-31T11:23:00,78039.7,78049.12,78035.27,78036.56,16472
1785477240,2026-07-31T11:24:00,78039.35,78045.03,78029.63,78042.68,12946
1785477300,2026-07-31T11:25:00,78042.99,78055.39,78035.08,78053.36,9655
1785477360,2026-07-31T11:26:00,78053.59,78073.1,78049.7,78053.87,52189
1785477420,2026-07-31T11:27:00,78052.24,78059.84,78033.76,78037.61,32187
1785477480,2026-07-31T11:28:00,78042.18,78046.84,78032.47,78043.63,36209
1785477540,2026-07-31T11:29:00,78037.88,78052.85,78035.63,78041.43,23004
1785477600,2026-07-31T11:30:00,78041.07,78053.67,78041.07,78050.84,19374
1785477660,2026-07-31T11:31:00,78049.72,78050.98,78033.36,78034.85,15857
1785477720,2026-07-31T11:32:00,78033.79,78036.51,78022.16,78025.93,12657
1785477780,2026-07-31T11:33:00,78022.53,78035.53,78015.11,78028.14,10443
1785477840,2026-07-31T11:34:00,78028.44,78034.08,78020.95,78023.09,15575
1785477900,2026-07-31T11:35:00,78026.73,78041.62,78023.28,78041.62,16562
1785477960,2026-07-31T11:36:00,78040.22,78045.67,78033.22,78044.7,10752
1785478020,2026-07-31T11:37:00,78044.05,78044.05,78026.18,78032.56,9309
1785478080,2026-07-31T11:38:00,78030.54,78033.91,78017.18,78025.58,19860
1785478140,2026-07-31T11:39:00,78028.38,78031.95,78017.51,78026.25,22235
1785478200,2026-07-31T11:40:00,78026.25,78030.74,78019.06,78025.77,32921
1785478260,2026-07-31T11:41:00,78024.2,78030.96,78016.29,78019.33,382115
1785478320,2026-07-31T11:42:00,78021.26,78028.41,78012.15,78013.06,26743
1785478380,2026-07-31T11:43:00,78013.06,78020.71,78012.24,78018.77,23520
1785478440,2026-07-31T11:44:00,78021.76,78036.82,78021.76,78034.85,16746
1785478500,2026-07-31T11:45:00,78035.3,78042.54,78029.94,78030.62,11846
1785478560,2026-07-31T11:46:00,78030.62,78036.24,78027.3,78027.3,12946
1785478620,2026-07-31T11:47:00,78024.49,78027.59,78016.23,78020.46,14500
1785478680,2026-07-31T11:48:00,78020.68,78031.96,78018.0,78020.42,13367
1785478740,2026-07-31T11:49:00,78019.4,78033.67,78018.51,78024.17,15342
1785478800,2026-07-31T11:50:00,78026.34,78043.85,78025.36,78043.55,9819
1785478860,2026-07-31T11:51:00,78042.79,78044.91,78029.52,78029.61,12864
1785478920,2026-07-31T11:52:00,78032.67,78035.15,78023.2,78035.15,7679
1785478980,2026-07-31T11:53:00,78035.06,78040.81,78018.07,78020.36,14198
1785479040,2026-07-31T11:54:00,78015.86,78035.15,78015.86,78027.2,14493
1785479100,2026-07-31T11:55:00,78031.45,78040.37,78029.65,78038.87,19279
1785479160,2026-07-31T11:56:00,78038.15,78039.26,78031.59,78039.26,12769
1785479220,2026-07-31T11:57:00,78042.11,78047.6,78034.28,78042.92,10357
1785479280,2026-07-31T11:58:00,78042.48,78049.06,78040.42,78041.21,22854
1785479340,2026-07-31T11:59:00,78043.64,78051.97,78035.37,78036.98,21235
1785479400,2026-07-31T12:00:00,78036.23,78047.15,78034.0,78041.0,10370
1785479460,2026-07-31T12:01:00,78041.91,78045.48,78031.77,78036.31,9485
1785479520,2026-07-31T12:02:00,78037.94,78048.8,78033.6,78045.06,12901
1785479580,2026-07-31T12:03:00,78043.71,78052.85,78040.02,78050.09,15070
1785479640,2026-07-31T12:04:00,78048.74,78054.74,78027.66,78030.6,42548
1785479700,2026-07-31T12:05:00,78028.68,78040.1,78027.7,78038.49,48186
1785479760,2026-07-31T12:06:00,78039.61,78060.81,78039.13,78058.27,13345
1785479820,2026-07-31T12:07:00,78058.81,78070.9,78053.34,78064.25,17967
1785479880,2026-07-31T12:08:00,78066.39,78070.04,78058.22,78061.57,31527
1785479940,2026-07-31T12:09:00,78061.27,78063.94,78049.19,78055.93,12918
1785480000,2026-07-31T12:10:00,78054.8,78068.38,78053.08,78058.5,21900
1785480060,2026-07-31T12:11:00,78057.81,78058.5,78046.43,78052.81,9509
1785480120,2026-07-31T12:12:00,78051.76,78065.04,78048.78,78057.23,28436
1785480180,2026-07-31T12:13:00,78059.51,78074.25,78053.59,78066.1,23750
1785480240,2026-07-31T12:14:00,78068.66,78089.37,78067.81,78083.34,14817
1785480300,2026-07-31T12:15:00,78084.42,78106.95,78083.23,78092.41,27031
1785480360,2026-07-31T12:16:00,78094.63,78099.8,78085.25,78091.94,17694
1785480420,2026-07-31T12:17:00,78093.51,78101.78,78088.5,78092.89,15064
1785480480,2026-07-31T12:18:00,78095.42,78095.42,78079.88,78083.42,12824
1785480540,2026-07-31T12:19:00,78083.96,78085.9,78076.33,78077.14,16300
1785480600,2026-07-31T12:20:00,78078.93,78086.13,78075.68,78084.13,14156
1785480660,2026-07-31T12:21:00,78081.7,78095.27,78077.63,78082.36,18645
1785480720,2026-07-31T12:22:00,78082.36,78100.83,78082.36,78094.17,9722
1785480780,2026-07-31T12:23:00,78094.72,78094.72,78084.32,78089.86,20440
1785480840,2026-07-31T12:24:00,78089.45,78096.2,78085.26,78096.2,52637
1785480900,2026-07-31T12:25:00,78095.55,78104.24,78091.98,78104.14,20218
1785480960,2026-07-31T12:26:00,78105.2,78112.88,78100.94,78112.53,11643
1785481020,2026-07-31T12:27:00,78113.22,78121.17,78105.98,78119.34,14259
1785481080,2026-07-31T12:28:00,78118.54,78136.38,78118.54,78133.74,15821
1785481140,2026-07-31T12:29:00,78133.62,78139.85,78124.04,78129.3,8973
1785481200,2026-07-31T12:30:00,78125.8,78129.04,78106.54,78106.54,12944
1785481260,2026-07-31T12:31:00,78106.54,78109.5,78093.46,78103.74,11355
1785481320,2026-07-31T12:32:00,78105.27,78116.54,78098.85,78108.14,105130
1785481380,2026-07-31T12:33:00,78106.74,78125.21,78103.68,78118.81,16691
1785481440,2026-07-31T12:34:00,78122.5,78143.6,78113.94,78142.27,70628
1785481500,2026-07-31T12:35:00,78142.57,78153.31,78132.96,78146.05,27029
1785481560,2026-07-31T12:36:00,78147.62,78147.95,78137.0,78142.83,16120
1785481620,2026-07-31T12:37:00,78142.71,78147.01,78135.7,78142.81,20460
1785481680,2026-07-31T12:38:00,78142.6,78148.01,78132.27,78141.58,21199
1785481740,2026-07-31T12:39:00,78141.02,78159.19,78139.25,78150.91,119291
1785481800,2026-07-31T12:40:00,78151.54,78167.36,78151.54,78161.58,35610
1785481860,2026-07-31T12:41:00,78161.28,78174.33,78160.47,78167.28,19479
1785481920,2026-07-31T12:42:00,78165.47,78169.44,78153.9,78161.31,17792
1785481980,2026-07-31T12:43:00,78159.69,78168.03,78155.97,78168.03,31048
1785482040,2026-07-31T12:44:00,78164.27,78179.79,78161.93,78175.32,45802
1785482100,2026-07-31T12:45:00,78178.31,78205.84,78169.77,78196.4,202100
1785482160,2026-07-31T12:46:00,78194.35,78202.66,78193.22,78202.2,143808
1785482220,2026-07-31T12:47:00,78200.24,78207.53,78194.52,78201.68,53279
1785482280,2026-07-31T12:48:00,78201.25,78216.65,78187.97,78214.53,54023
1785482340,2026-07-31T12:49:00,78214.23,78217.0,78200.32,78209.56,67743
1785482400,2026-07-31T12:50:00,78211.64,78212.97,78195.9,78197.39,38035
1785482460,2026-07-31T12:51:00,78194.53,78198.24,78183.92,78193.78,20459
1785482520,2026-07-31T12:52:00,78193.5,78195.71,78184.68,78184.68,17081
1785482580,2026-07-31T12:53:00,78188.83,78195.1,78179.36,78190.02,30556
1785482640,2026-07-31T12:54:00,78194.26,78208.03,78187.91,78206.09,80904
1785482700,2026-07-31T12:55:00,78206.65,78225.72,78198.72,78217.99,49961
1785482760,2026-07-31T12:56:00,78216.25,78231.99,78212.23,78224.68,22311
1785482820,2026-07-31T12:57:00,78229.16,78253.27,78226.46,78241.43,67152
1785482880,2026-07-31T12:58:00,78239.08,78246.55,78235.1,78235.91,26509
1785482940,2026-07-31T12:59:00,78235.48,78235.94,78220.71,78224.35,17685
1785483000,2026-07-31T13:00:00,78219.02,78233.21,78218.68,78228.53,18531
1785483060,2026-07-31T13:01:00,78226.14,78229.56,78212.77,78212.77,15489
1785483120,2026-07-31T13:02:00,78213.21,78215.82,78204.79,78214.51,17439
1785483180,2026-07-31T13:03:00,78213.29,78229.38,78206.44,78228.63,35675
1785483240,2026-07-31T13:04:00,78230.09,78231.76,78218.85,78229.69,36022
1785483300,2026-07-31T13:05:00,78230.51,78241.09,78226.77,78235.89,19614
1785483360,2026-07-31T13:06:00,78235.72,78244.7,78234.23,78237.84,18491
1785483420,2026-07-31T13:07:00,78235.11,78245.01,78232.68,78245.01,39101
1785483480,2026-07-31T13:08:00,78244.11,78272.25,78240.47,78259.21,31023
1785483540,2026-07-31T13:09:00,78259.65,78263.9,78247.18,78251.89,16977
1785483600,2026-07-31T13:10:00,78253.11,78253.91,78235.54,78235.54,13609
1785483660,2026-07-31T13:11:00,78235.67,78239.96,78224.85,78232.71,61017
1785483720,2026-07-31T13:12:00,78232.09,78241.4,78226.04,78232.67,90479
1785483780,2026-07-31T13:13:00,78233.63,78237.54,78226.72,78231.3,25015
1785483840,2026-07-31T13:14:00,78231.49,78239.05,78219.06,78224.6,19768
1785483900,2026-07-31T13:15:00,78224.12,78230.78,78217.63,78221.86,90839
1785483960,2026-07-31T13:16:00,78221.99,78230.89,78221.99,78226.29,39174
1785484020,2026-07-31T13:17:00,78223.24,78232.12,78221.59,78225.04,51741
1785484080,2026-07-31T13:18:00,78226.26,78235.89,78222.57,78231.72,88805
1785484140,2026-07-31T13:19:00,78232.93,78245.53,78232.28,78243.01,50917
1785484200,2026-07-31T13:20:00,78244.33,78253.21,78238.71,78239.38,107506
1785484260,2026-07-31T13:21:00,78239.35,78244.92,78226.51,78227.35,44670
1785484320,2026-07-31T13:22:00,78227.87,78241.51,78226.39,78235.92,307218
1785484380,2026-07-31T13:23:00,78241.16,78248.05,78234.83,78248.05,38297
1785484440,2026-07-31T13:24:00,78244.73,78252.72,78238.53,78252.72,22991
1785484500,2026-07-31T13:25:00,78255.13,78266.09,78251.16,78261.13,48346
1785484560,2026-07-31T13:26:00,78259.61,78267.04,78251.48,78253.76,21324
1785484620,2026-07-31T13:27:00,78254.0,78263.66,78243.75,78246.29,12597
1785484680,2026-07-31T13:28:00,78245.05,78247.62,78224.68,78236.08,48969
1785484740,2026-07-31T13:29:00,78236.36,78246.15,78230.32,78242.27,27382
1785484800,2026-07-31T13:30:00,78244.29,78244.29,78226.44,78232.47,24541
1785484860,2026-07-31T13:31:00,78229.62,78232.42,78218.29,78220.57,10182
1785484920,2026-07-31T13:32:00,78221.39,78221.9,78198.68,78203.23,97923
1785484980,2026-07-31T13:33:00,78203.8,78208.46,78190.85,78197.62,44179
1785485040,2026-07-31T13:34:00,78196.49,78198.22,78172.36,78176.53,42211
1785485100,2026-07-31T13:35:00,78182.95,78184.86,78171.1,78172.51,90569
1785485160,2026-07-31T13:36:00,78172.61,78201.9,78168.72,78195.15,52969
1785485220,2026-07-31T13:37:00,78198.08,78204.14,78186.87,78204.14,37405
1785485280,2026-07-31T13:38:00,78203.98,78210.64,78191.4,78191.4,46229
1785485340,2026-07-31T13:39:00,78193.07,78193.81,78171.11,78176.23,19844
1785485400,2026-07-31T13:40:00,78180.56,78181.43,78166.84,78166.84,36131
1785485460,2026-07-31T13:41:00,78169.58,78169.58,78148.8,78168.95,32638
1785485520,2026-07-31T13:42:00,78167.87,78170.75,78155.48,78159.26,53647
1785485580,2026-07-31T13:43:00,78158.62,78173.77,78158.62,78173.07,34154
1785485640,2026-07-31T13:44:00,78172.91,78172.91,78157.8,78167.56,23539
1785485700,2026-07-31T13:45:00,78167.25,78168.16,78151.34,78151.34,35703
1785485760,2026-07-31T13:46:00,78151.45,78162.12,78142.94,78158.78,24282
1785485820,2026-07-31T13:47:00,78156.34,78169.23,78153.04,78166.92,27662
1785485880,2026-07-31T13:48:00,78161.78,78175.85,78160.32,78175.68,13287
1785485940,2026-07-31T13:49:00,78175.23,78181.61,78170.32,78181.61,16455
1785486000,2026-07-31T13:50:00,78180.49,78180.49,78156.05,78170.97,72017
1785486060,2026-07-31T13:51:00,78172.01,78178.45,78164.15,78173.26,119812
1785486120,2026-07-31T13:52:00,78174.57,78182.92,78167.85,78182.1,17847
1785486180,2026-07-31T13:53:00,78182.06,78187.2,78177.56,78182.44,18322
1785486240,2026-07-31T13:54:00,78182.44,78186.58,78173.63,78184.49,16122
1785486300,2026-07-31T13:55:00,78185.35,78191.94,78177.95,78191.94,17909
1785486360,2026-07-31T13:56:00,78192.14,78196.51,78183.98,78189.02,11919
1785486420,2026-07-31T13:57:00,78188.75,78193.7,78185.28,78192.48,14205
1785486480,2026-07-31T13:58:00,78193.09,78197.82,78186.19,78188.98,17970
1785486540,2026-07-31T13:59:00,78190.77,78212.22,78190.77,78205.25,26053
1785486600,2026-07-31T14:00:00,78205.1,78215.16,78197.73,78215.16,47382
1785486660,2026-07-31T14:01:00,78215.35,78215.35,78184.5,78184.5,24351
1785486720,2026-07-31T14:02:00,78181.42,78191.28,78175.78,78175.78,18289
1785486780,2026-07-31T14:03:00,78174.94,78184.36,78171.56,78175.17,26325
1785486840,2026-07-31T14:04:00,78171.97,78174.09,78157.42,78157.42,22866
1785486900,2026-07-31T14:05:00,78157.42,78160.1,78134.85,78137.64,28832
1785486960,2026-07-31T14:06:00,78133.31,78138.66,78123.82,78138.66,45440
1785487020,2026-07-31T14:07:00,78137.31,78149.4,78134.28,78144.36,15547
1785487080,2026-07-31T14:08:00,78141.88,78154.95,78139.8,78146.85,20706
1785487140,2026-07-31T14:09:00,78149.09,78149.57,78132.06,78138.06,55261
1785487200,2026-07-31T14:10:00,78135.09,78151.29,78132.34,78138.8,14608
1785487260,2026-07-31T14:11:00,78138.93,78153.04,78136.47,78153.04,26717
1785487320,2026-07-31T14:12:00,78151.55,78181.72,78151.55,78181.72,25644
1785487380,2026-07-31T14:13:00,78182.15,78186.94,78177.63,78184.92,17551
1785487440,2026-07-31T14:14:00,78185.41,78188.03,78171.45,78174.96,30631
1785487500,2026-07-31T14:15:00,78176.62,78182.05,78162.99,78172.87,25731
1785487560,2026-07-31T14:16:00,78172.6,78178.48,78164.1,78178.48,26582
1785487620,2026-07-31T14:17:00,78175.69,78177.6,78147.61,78158.75,18815
1785487680,2026-07-31T14:18:00,78158.75,78162.27,78147.0,78151.45,22975
1785487740,2026-07-31T14:19:00,78152.89,78152.89,78135.21,78137.71,41900
1785487800,2026-07-31T14:20:00,78140.02,78155.89,78138.02,78155.89,10293
1785487860,2026-07-31T14:21:00,78153.3,78153.3,78139.24,78143.8,14520
1785487920,2026-07-31T14:22:00,78144.2,78147.14,78134.12,78141.15,8333
1785487980,2026-07-31T14:23:00,78141.91,78155.43,78137.55,78154.97,19737
1785488040,2026-07-31T14:24:00,78156.49,78162.45,78149.0,78161.57,17392
1785488100,2026-07-31T14:25:00,78162.18,78173.29,78156.7,78169.17,22625
1785488160,2026-07-31T14:26:00,78169.82,78185.5,78168.49,78183.36,12271
1785488220,2026-07-31T14:27:00,78184.63,78193.2,78167.73,78176.91,38998
1785488280,2026-07-31T14:28:00,78175.9,78189.02,78174.38,78174.38,35437
1785488340,2026-07-31T14:29:00,78171.93,78179.01,78140.7,78153.15,38403
1785488400,2026-07-31T14:30:00,78154.0,78172.63,78147.48,78162.86,20973
1785488460,2026-07-31T14:31:00,78160.19,78168.12,78147.59,78152.06,18475
1785488520,2026-07-31T14:32:00,78150.89,78150.89,78101.38,78102.94,85659
1785488580,2026-07-31T14:33:00,78103.16,78109.78,78086.47,78089.17,30507
1785488640,2026-07-31T14:34:00,78082.16,78102.51,78076.18,78083.2,25988
1785488700,2026-07-31T14:35:00,78085.09,78086.52,78064.46,78069.97,27341
1785488760,2026-07-31T14:36:00,78063.31,78080.1,78059.28,78077.49,27262
1785488820,2026-07-31T14:37:00,78077.2,78084.46,78063.21,78080.41,20173
1785488880,2026-07-31T14:38:00,78082.23,78096.95,78079.18,78094.97,29338
1785488940,2026-07-31T14:39:00,78095.51,78096.48,78072.48,78078.52,18806
1785489000,2026-07-31T14:40:00,78077.91,78077.91,78052.93,78053.43,29240
1785489060,2026-07-31T14:41:00,78053.92,78061.15,78048.84,78056.5,25030
1785489120,2026-07-31T14:42:00,78057.59,78062.85,78044.52,78049.89,17059
1785489180,2026-07-31T14:43:00,78049.89,78049.89,78024.79,78025.3,41621
1785489240,2026-07-31T14:44:00,78026.54,78041.97,78018.75,78039.44,31033
1785489300,2026-07-31T14:45:00,78038.6,78054.15,78035.74,78045.75,26891
1785489360,2026-07-31T14:46:00,78046.37,78056.88,78043.94,78043.94,37805
1785489420,2026-07-31T14:47:00,78043.91,78050.01,78031.34,78032.0,26288
1785489480,2026-07-31T14:48:00,78029.12,78069.28,78029.12,78069.28,33553
1785489540,2026-07-31T14:49:00,78067.51,78068.51,78053.3,78062.62,54314
1785489600,2026-07-31T14:50:00,78064.01,78072.33,78054.65,78072.07,11579
1785489660,2026-07-31T14:51:00,78067.54,78076.33,78055.37,78055.37,20513
1785489720,2026-07-31T14:52:00,78053.66,78060.53,78050.15,78051.22,24249
1785489780,2026-07-31T14:53:00,78051.75,78058.12,78039.56,78049.12,52354
1785489840,2026-07-31T14:54:00,78048.6,78058.01,78046.85,78054.38,17565
1785489900,2026-07-31T14:55:00,78053.5,78058.78,78041.56,78053.46,22814
1785489960,2026-07-31T14:56:00,78051.48,78055.46,78043.35,78048.01,41825
1785490020,2026-07-31T14:57:00,78046.16,78052.52,78031.16,78034.46,22784
1785490080,2026-07-31T14:58:00,78035.19,78037.87,78019.9,78023.11,29521
1785490140,2026-07-31T14:59:00,78023.85,78030.32,78013.15,78021.11,27274
1785490200,2026-07-31T15:00:00,78028.7,78062.53,78028.21,78062.53,172221
1785490260,2026-07-31T15:01:00,78064.9,78086.87,78064.9,78084.82,40188
1785490320,2026-07-31T15:02:00,78084.96,78086.86,78072.66,78083.42,55984
1785490380,2026-07-31T15:03:00,78084.54,78102.91,78080.72,78099.21,42324
1785490440,2026-07-31T15:04:00,78102.75,78113.11,78092.98,78112.89,78916
1785490500,2026-07-31T15:05:00,78113.3,78118.66,78101.82,78113.56,78955
1785490560,2026-07-31T15:06:00,78113.19,78115.39,78100.42,78106.08,51323
1785490620,2026-07-31T15:07:00,78106.06,78139.98,78104.14,78138.67,39416
1785490680,2026-07-31T15:08:00,78137.36,78150.84,78134.44,78145.44,38644
1785490740,2026-07-31T15:09:00,78141.32,78154.4,78137.78,78148.66,180418
1785490800,2026-07-31T15:10:00,78152.55,78157.71,78136.2,78150.43,45959
1785490860,2026-07-31T15:11:00,78150.43,78160.93,78146.29,78155.21,55627
1785490920,2026-07-31T15:12:00,78154.77,78157.48,78130.85,78142.49,77523
1785490980,2026-07-31T15:13:00,78138.73,78148.56,78126.26,78142.56,77362
1785491040,2026-07-31T15:14:00,78150.91,78151.73,78133.43,78134.25,55950
1785491100,2026-07-31T15:15:00,78137.65,78139.78,78120.33,78123.43,66047
1785491160,2026-07-31T15:16:00,78123.22,78123.9,78109.48,78112.45,67617
1785491220,2026-07-31T15:17:00,78111.29,78115.06,78099.59,78103.46,53283
1785491280,2026-07-31T15:18:00,78104.19,78117.04,78104.19,78109.59,66373
1785491340,2026-07-31T15:19:00,78103.71,78114.49,78085.68,78092.43,61975
1785491400,2026-07-31T15:20:00,78091.73,78092.84,78081.91,78089.91,74603
1785491460,2026-07-31T15:21:00,78089.49,78094.31,78078.01,78091.99,53420
1785491520,2026-07-31T15:22:00,78091.48,78094.52,78070.91,78070.91,65339
1785491580,2026-07-31T15:23:00,78074.67,78078.95,78059.43,78072.2,68111
1785491640,2026-07-31T15:24:00,78074.41,78094.52,78069.67,78094.52,53856
1785491700,2026-07-31T15:25:00,78087.97,78097.6,78075.38,78082.31,115440
1785491760,2026-07-31T15:26:00,78081.45,78081.45,78057.95,78064.23,55359
1785491820,2026-07-31T15:27:00,78057.67,78077.51,78055.15,78064.78,73476
1785491880,2026-07-31T15:28:00,78062.92,78071.45,78023.18,78026.34,123236
1785491940,2026-07-31T15:29:00,78022.58,78049.61,78008.58,78034.57,47497
