Epoch,Timestamp,Open,High,Low,Close,Volume
1785728700,2026-08-03T09:15:00,78883.34,78895.1,78497.34,78638.61,242669
1785728760,2026-08-03T09:16:00,78656.54,78694.69,78633.38,78694.69,224421
1785728820,2026-08-03T09:17:00,78699.1,78708.83,78621.76,78622.45,171208
1785728880,2026-08-03T09:18:00,78625.28,78636.43,78605.99,78611.55,109449
1785728940,2026-08-03T09:19:00,78611.35,78617.03,78573.47,78573.47,129693
1785729000,2026-08-03T09:20:00,78579.62,78609.13,78567.2,78568.87,117915
1785729060,2026-08-03T09:21:00,78567.85,78574.02,78548.6,78571.6,75333
1785729120,2026-08-03T09:22:00,78572.1,78572.1,78535.61,78536.25,74569
1785729180,2026-08-03T09:23:00,78535.63,78551.42,78518.84,78541.77,65262
1785729240,2026-08-03T09:24:00,78542.73,78556.77,78531.08,78554.46,99908
1785729300,2026-08-03T09:25:00,78556.68,78572.69,78541.84,78559.31,61121
1785729360,2026-08-03T09:26:00,78558.14,78588.01,78558.14,78578.81,70125
1785729420,2026-08-03T09:27:00,78582.25,78606.82,78581.45,78589.62,65304
1785729480,2026-08-03T09:28:00,78594.03,78606.72,78591.44,78596.11,92743
1785729540,2026-08-03T09:29:00,78597.2,78638.61,78596.03,78638.29,141975
1785729600,2026-08-03T09:30:00,78638.48,78652.78,78630.61,78637.97,116600
1785729660,2026-08-03T09:31:00,78639.57,78644.2,78603.24,78606.93,73843
1785729720,2026-08-03T09:32:00,78605.89,78621.5,78601.46,78613.37,66050
1785729780,2026-08-03T09:33:00,78617.81,78626.2,78594.3,78595.87,81895
1785729840,2026-08-03T09:34:00,78599.06,78628.97,78590.61,78626.3,77019
1785729900,2026-08-03T09:35:00,78626.55,78640.44,78616.12,78624.81,96610
1785729960,2026-08-03T09:36:00,78627.55,78632.4,78612.66,78625.7,183311
1785730020,2026-08-03T09:37:00,78625.67,78631.52,78598.2,78599.94,57670
1785730080,2026-08-03T09:38:00,78599.95,78628.48,78599.95,78620.79,74844
1785730140,2026-08-03T09:39:00,78621.36,78646.11,78605.53,78632.75,71828
1785730200,2026-08-03T09:40:00,78630.36,78642.58,78621.05,78639.53,51710
1785730260,2026-08-03T09:41:00,78637.36,78642.82,78624.2,78642.67,71617
1785730320,2026-08-03T09:42:00,78645.02,78653.93,78635.52,78643.53,49723
1785730380,2026-08-03T09:43:00,78640.43,78647.74,78619.76,78630.22,43624
1785730440,2026-08-03T09:44:00,78623.23,78647.93,78623.23,78641.82,54985
1785730500,2026-08-03T09:45:00,78640.69,78643.58,78621.37,78625.12,49168
1785730560,2026-08-03T09:46:00,78631.89,78646.66,78623.26,78631.35,83682
1785730620,2026-08-03T09:47:00,78631.11,78644.44,78616.13,78618.3,66733
1785730680,2026-08-03T09:48:00,78618.88,78625.87,78610.41,78624.92,273225
1785730740,2026-08-03T09:49:00,78625.16,78633.71,78618.97,78622.03,40718
1785730800,2026-08-03T09:50:00,78624.51,78624.51,78613.76,78620.31,73401
1785730860,2026-08-03T09:51:00,78620.23,78637.83,78620.0,78632.95,37281
1785730920,2026-08-03T09:52:00,78636.2,78638.03,78622.73,78631.24,53307
1785730980,2026-08-03T09:53:00,78636.43,78650.28,78633.46,78636.96,53616
1785731040,2026-08-03T09:54:00,78639.41,78662.83,78633.37,78659.7,28245
1785731100,2026-08-03T09:55:00,78657.77,78668.45,78650.42,78664.48,38264
1785731160,2026-08-03T09:56:00,78667.4,78679.67,78654.89,78669.02,27305
1785731220,2026-08-03T09:57:00,78672.52,78681.91,78667.9,78673.66,50201
1785731280,2026-08-03T09:58:00,78674.53,78688.53,78669.92,78680.8,22659
1785731340,2026-08-03T09:59:00,78680.09,78689.29,78661.24,78661.24,24195
1785731400,2026-08-03T10:00:00,78660.75,78689.25,78660.75,78685.2,31202
1785731460,2026-08-03T10:01:00,78685.51,78698.58,78671.28,78688.65,85012
1785731520,2026-08-03T10:02:00,78688.12,78691.89,78660.06,78665.56,52747
1785731580,2026-08-03T10:03:00,78660.33,78662.83,78646.32,78660.27,32766
1785731640,2026-08-03T10:04:00,78662.79,78683.76,78650.16,78678.55,43607
1785731700,2026-08-03T10:05:00,78679.03,78688.89,78671.84,78684.98,66310
1785731760,2026-08-03T10:06:00,78685.33,78699.11,78661.93,78667.69,45369
1785731820,2026-08-03T10:07:00,78664.26,78668.14,78653.87,78660.45,26874
1785731880,2026-08-03T10:08:00,78662.45,78667.06,78653.46,78654.6,58711
1785731940,2026-08-03T10:09:00,78654.05,78676.62,78650.56,78676.62,166608
1785732000,2026-08-03T10:10:00,78678.82,78678.88,78663.55,78669.11,34944
1785732060,2026-08-03T10:11:00,78668.75,78674.91,78662.22,78674.02,25022
1785732120,2026-08-03T10:12:00,78672.84,78691.87,78672.32,78684.92,1063227
1785732180,2026-08-03T10:13:00,78686.14,78713.54,78681.62,78696.67,51011
1785732240,2026-08-03T10:14:00,78701.7,78718.22,78698.09,78711.28,33002
1785732300,2026-08-03T10:15:00,78711.72,78723.87,78709.28,78722.95,33389
1785732360,2026-08-03T10:16:00,78722.74,78726.13,78711.49,78713.23,31762
1785732420,2026-08-03T10:17:00,78722.87,78751.21,78718.93,78749.6,30446
1785732480,2026-08-03T10:18:00,78747.19,78758.2,78738.72,78758.2,35976
1785732540,2026-08-03T10:19:00,78757.36,78762.13,78747.72,78756.62,22314
1785732600,2026-08-03T10:20:00,78755.24,78755.24,78727.68,78731.73,24160
1785732660,2026-08-03T10:21:00,78732.42,78735.5,78710.34,78710.34,241568
1785732720,2026-08-03T10:22:00,78710.76,78714.37,78695.94,78708.27,22600
1785732780,2026-08-03T10:23:00,78710.36,78710.73,78687.01,78689.74,488282
1785732840,2026-08-03T10:24:00,78692.69,78712.64,78690.61,78712.36,25342
1785732900,2026-08-03T10:25:00,78711.85,78719.01,78702.16,78712.21,16036
1785732960,2026-08-03T10:26:00,78713.88,78723.17,78705.46,78713.64,21952
1785733020,2026-08-03T10:27:00,78713.58,78732.3,78713.58,78722.94,27361
1785733080,2026-08-03T10:28:00,78724.32,78731.81,78713.42,78724.8,21400
1785733140,2026-08-03T10:29:00,78724.46,78733.67,78712.55,78714.74,33330
1785733200,2026-08-03T10:30:00,78707.81,78728.3,78707.81,78722.4,21857
1785733260,2026-08-03T10:31:00,78724.13,78729.78,78709.87,78713.57,26114
1785733320,2026-08-03T10:32:00,78712.37,78712.37,78686.09,78691.94,23521
1785733380,2026-08-03T10:33:00,78692.84,78697.62,78685.1,78693.4,28736
1785733440,2026-08-03T10:34:00,78693.56,78693.58,78664.83,78678.42,821610
1785733500,2026-08-03T10:35:00,78679.33,78681.35,78644.98,78651.6,28363
1785733560,2026-08-03T10:36:00,78652.19,78662.8,78649.99,78657.89,24892
1785733620,2026-08-03T10:37:00,78661.35,78687.06,78660.96,78687.06,22348
1785733680,2026-08-03T10:38:00,78689.43,78705.71,78677.63,78703.32,12675
1785733740,2026-08-03T10:39:00,78704.43,78719.81,78698.09,78718.92,24250
1785733800,2026-08-03T10:40:00,78722.53,78727.6,78695.26,78695.26,32514
1785733860,2026-08-03T10:41:00,78699.47,78709.46,78694.32,78701.74,16086
1785733920,2026-08-03T10:42:00,78703.83,78716.87,78702.36,78711.24,22883
1785733980,2026-08-03T10:43:00,78711.51,78712.86,78700.2,78707.03,37218
1785734040,2026-08-03T10:44:00,78709.7,78717.32,78700.5,78705.35,20714
1785734100,2026-08-03T10:45:00,78701.96,78717.99,78701.96,78717.99,62584
1785734160,2026-08-03T10:46:00,78711.82,78715.66,78701.73,78708.65,22224
1785734220,2026-08-03T10:47:00,78706.44,78708.88,78688.69,78697.16,34219
1785734280,2026-08-03T10:48:00,78696.14,78712.47,78691.6,78711.35,14028
1785734340,2026-08-03T10:49:00,78709.9,78720.32,78707.18,78720.32,19895
1785734400,2026-08-03T10:50:00,78713.02,78728.98,78712.83,78728.98,29008
1785734460,2026-08-03T10:51:00,78729.41,78733.83,78721.37,78728.41,32487
1785734520,2026-08-03T10:52:00,78724.67,78734.43,78720.04,78730.51,14219
1785734580,2026-08-03T10:53:00,78730.89,78740.96,78723.16,78724.8,23405
1785734640,2026-08-03T10:54:00,78724.21,78734.2,78722.18,78725.51,14421
1785734700,2026-08-03T10:55:00,78726.86,78747.77,78725.97,78736.17,50089
1785734760,2026-08-03T10:56:00,78735.94,78745.66,78724.01,78734.95,18786
1785734820,2026-08-03T10:57:00,78734.4,78734.4,78712.37,78712.37,16840
1785734880,2026-08-03T10:58:00,78713.2,78716.28,78701.92,78716.03,18525
1785734940,2026-08-03T10:59:00,78720.69,78724.62,78708.67,78710.82,12822
1785735000,2026-08-03T11:00:00,78712.01,78746.5,78706.45,78746.5,19588
1785735060,2026-08-03T11:01:00,78748.92,78768.48,78748.92,78754.6,25112
1785735120,2026-08-03T11:02:00,78749.02,78760.5,78741.09,78749.49,96122
1785735180,2026-08-03T11:03:00,78747.54,78767.23,78747.54,78759.53,35680
1785735240,2026-08-03T11:04:00,78761.9,78761.9,78746.39,78758.04,37082
1785735300,2026-08-03T11:05:00,78758.04,78760.03,78748.48,78754.38,24621
1785735360,2026-08-03T11:06:00,78755.78,78767.68,78753.9,78756.02,18321
1785735420,2026-08-03T11:07:00,78754.75,78774.38,78754.75,78761.63,26695
1785735480,2026-08-03T11:08:00,78767.34,78772.95,78760.0,78764.64,10458
1785735540,2026-08-03T11:09:00,78763.68,78763.68,78744.68,78744.68,22544
1785735600,2026-08-03T11:10:00,78744.59,78754.72,78735.03,78752.38,15920
1785735660,2026-08-03T11:11:00,78748.9,78758.72,78743.86,78753.33,10521
1785735720,2026-08-03T11:12:00,78747.73,78747.73,78729.91,78732.73,24155
1785735780,2026-08-03T11:13:00,78734.09,78734.09,78716.32,78728.3,23979
1785735840,2026-08-03T11:14:00,78735.45,78739.79,78729.32,78737.35,19223
1785735900,2026-08-03T11:15:00,78737.35,78749.91,78735.65,78739.93,18338
1785735960,2026-08-03T11:16:00,78738.91,78743.37,78731.28,78741.47,1708025
1785736020,2026-08-03T11:17:00,78741.47,78758.84,78735.8,78756.91,13309
1785736080,2026-08-03T11:18:00,78756.71,78763.5,78750.64,78755.67,356503
1785736140,2026-08-03T11:19:00,78755.67,78757.65,78747.88,78747.88,18677
1785736200,2026-08-03T11:20:00,78745.14,78746.18,78732.35,78739.23,14391
1785736260,2026-08-03T11:21:00,78739.68,78748.38,78735.83,78738.6,38348
1785736320,2026-08-03T11:22:00,78743.38,78749.45,78736.57,78748.13,29275
1785736380,2026-08-03T11:23:00,78747.05,78759.98,78746.59,78759.98,14730
1785736440,2026-08-03T11:24:00,78759.53,78763.03,78746.69,78754.36,30678
1785736500,2026-08-03T11:25:00,78754.58,78760.6,78746.24,78751.19,1445397
1785736560,2026-08-03T11:26:00,78750.86,78753.76,78737.92,78742.46,336714
1785736620,2026-08-03T11:27:00,78742.46,78749.2,78734.21,78734.21,22369
1785736680,2026-08-03T11:28:00,78732.08,78743.19,78731.95,78739.1,10875
1785736740,2026-08-03T11:29:00,78741.74,78746.34,78737.7,78738.95,25129
1785736800,2026-08-03T11:30:00,78740.99,78745.05,78727.59,78728.72,30176
1785736860,2026-08-03T11:31:00,78727.9,78728.48,78703.92,78705.28,25248
1785736920,2026-08-03T11:32:00,78706.45,78722.07,78703.98,78714.12,269330
1785736980,2026-08-03T11:33:00,78714.21,78714.21,78704.17,78706.42,14226
1785737040,2026-08-03T11:34:00,78707.57,78723.46,78707.57,78711.98,20916
1785737100,2026-08-03T11:35:00,78712.77,78726.77,78708.27,78718.69,14165
1785737160,2026-08-03T11:36:00,78718.51,78729.74,78709.26,78713.34,13946
1785737220,2026-08-03T11:37:00,78713.58,78724.78,78711.35,78714.08,14131
1785737280,2026-08-03T11:38:00,78714.08,78739.9,78714.08,78736.28,44554
1785737340,2026-08-03T11:39:00,78734.74,78749.82,78734.41,78743.51,44161
1785737400,2026-08-03T11:40:00,78743.16,78748.26,78736.37,78743.65,20831
1785737460,2026-08-03T11:41:00,78744.4,78758.53,78738.82,78753.61,81612
1785737520,2026-08-03T11:42:00,78753.18,78753.64,78736.1,78750.7,196485
1785737580,2026-08-03T11:43:00,78751.71,78761.68,78740.65,78742.42,10665
1785737640,2026-08-03T11:44:00,78742.27,78750.78,78729.18,78732.48,15595
1785737700,2026-08-03T11:45:00,78740.78,78740.78,78718.7,78718.7,17620
1785737760,2026-08-03T11:46:00,78722.61,78726.6,78707.95,78716.08,23412
1785737820,2026-08-03T11:47:00,78714.83,78727.18,78713.72,78713.72,16259
1785737880,2026-08-03T11:48:00,78713.29,78719.39,78705.98,78718.61,14571
1785737940,2026-08-03T11:49:00,78720.42,78753.1,78715.45,78748.38,14908
1785738000,2026-08-03T11:50:00,78750.07,78774.6,78750.07,78766.55,23274
1785738060,2026-08-03T11:51:00,78766.93,78769.77,78748.61,78760.09,15499
1785738120,2026-08-03T11:52:00,78762.35,78762.35,78745.25,78750.81,10756
1785738180,2026-08-03T11:53:00,78752.46,78756.76,78743.36,78745.29,115214
1785738240,2026-08-03T11:54:00,78745.29,78758.17,78743.49,78753.86,17437
1785738300,2026-08-03T11:55:00,78754.63,78756.09,78731.21,78734.84,21368
1785738360,2026-08-03T11:56:00,78733.69,78740.68,78725.72,78727.76,14054
1785738420,2026-08-03T11:57:00,78725.24,78730.47,78709.27,78719.05,38978
1785738480,2026-08-03T11:58:00,78719.05,78739.07,78713.38,78713.38,15003
1785738540,2026-08-03T11:59:00,78712.49,78729.92,78712.49,78729.92,23517
1785738600,2026-08-03T12:00:00,78730.53,78738.98,78718.83,78723.45,10220
1785738660,2026-08-03T12:01:00,78723.07,78732.44,78717.42,78730.65,27983
1785738720,2026-08-03T12:02:00,78729.18,78729.91,78710.51,78712.54,6526
1785738780,2026-08-03T12:03:00,78711.87,78723.41,78708.38,78720.53,27020
1785738840,2026-08-03T12:04:00,78720.99,78726.75,78715.64,78719.94,9305
1785738900,2026-08-03T12:05:00,78719.94,78730.43,78718.24,78725.02,11460
1785738960,2026-08-03T12:06:00,78722.19,78738.2,78719.63,78729.83,16153
1785739020,2026-08-03T12:07:00,78730.88,78734.77,78719.5,78734.71,16352
1785739080,2026-08-03T12:08:00,78735.78,78741.66,78730.07,78737.65,20445
1785739140,2026-08-03T12:09:00,78736.92,78755.32,78735.73,78754.36,110168
1785739200,2026-08-03T12:10:00,78755.09,78760.18,78743.7,78755.45,12895
1785739260,2026-08-03T12:11:00,78757.03,78762.9,78740.47,78744.37,23801
1785739320,2026-08-03T12:12:00,78743.87,78754.59,78740.44,78746.63,9271
1785739380,2026-08-03T12:13:00,78744.76,78764.66,78742.3,78763.63,15771
1785739440,2026-08-03T12:14:00,78763.63,78770.88,78753.05,78770.83,22274
1785739500,2026-08-03T12:15:00,78770.84,78771.92,78758.51,78768.68,17827
1785739560,2026-08-03T12:16:00,78767.96,78788.52,78767.75,78785.8,14911
1785739620,2026-08-03T12:17:00,78785.49,78788.28,78773.05,78773.05,14745
1785739680,2026-08-03T12:18:00,78776.12,78791.63,78773.51,78779.14,11085
1785739740,2026-08-03T12:19:00,78782.3,78789.6,78772.76,78781.41,17670
1785739800,2026-08-03T12:20:00,78779.94,78785.23,78766.32,78771.12,9751
1785739860,2026-08-03T12:21:00,78770.31,78771.72,78749.19,78758.99,29416
1785739920,2026-08-03T12:22:00,78758.87,78775.22,78756.43,78775.12,14341
1785739980,2026-08-03T12:23:00,78776.14,78780.69,78768.72,78776.91,17010
1785740040,2026-08-03T12:24:00,78776.2,78777.76,78767.44,78774.7,10129
1785740100,2026-08-03T12:25:00,78776.09,78786.65,78769.13,78782.35,8570
1785740160,2026-08-03T12:26:00,78782.35,78783.43,78770.52,78773.34,143866
1785740220,2026-08-03T12:27:00,78775.29,78780.96,78767.27,78771.64,12416
1785740280,2026-08-03T12:28:00,78770.49,78776.81,78767.0,78773.23,6290
1785740340,2026-08-03T12:29:00,78774.02,78777.0,78767.07,78767.07,22333
1785740400,2026-08-03T12:30:00,78770.12,78773.15,78756.66,78771.26,173617
1785740460,2026-08-03T12:31:00,78771.49,78776.18,78768.09,78776.18,5233
1785740520,2026-08-03T12:32:00,78775.04,78777.24,78754.74,78755.35,12782
1785740580,2026-08-03T12:33:00,78755.0,78760.04,78736.26,78736.26,13218
1785740640,2026-08-03T12:34:00,78736.26,78745.22,78734.02,78739.22,15363
1785740700,2026-08-03T12:35:00,78740.26,78744.24,78732.01,78734.48,16346
1785740760,2026-08-03T12:36:00,78733.88,78734.25,78719.8,78725.88,16598
1785740820,2026-08-03T12:37:00,78726.12,78733.64,78718.37,78728.42,31057
1785740880,2026-08-03T12:38:00,78730.38,78737.34,78705.45,78709.97,28182
1785740940,2026-08-03T12:39:00,78710.78,78721.15,78707.75,78707.75,20859
1785741000,2026-08-03T12:40:00,78707.48,78735.65,78700.74,78733.12,36917
1785741060,2026-08-03T12:41:00,78733.82,78741.96,78729.22,78741.59,15222
1785741120,2026-08-03T12:42:00,78741.8,78742.75,78728.13,78731.28,22049
1785741180,2026-08-03T12:43:00,78731.28,78736.5,78723.38,78728.76,33785
1785741240,2026-08-03T12:44:00,78728.89,78740.59,78725.93,78736.24,10219
1785741300,2026-08-03T12:45:00,78735.33,78753.64,78731.74,78753.64,13641
1785741360,2026-08-03T12:46:00,78755.45,78757.31,78743.35,78751.41,18588
1785741420,2026-08-03T12:47:00,78752.94,78760.25,78686.86,78687.8,157717
1785741480,2026-08-03T12:48:00,78687.8,78691.03,78675.2,78681.63,19699
1785741540,2026-08-03T12:49:00,78682.34,78686.15,78668.13,78685.41,11325
1785741600,2026-08-03T12:50:00,78683.43,78702.39,78682.31,78695.63,20276
1785741660,2026-08-03T12:51:00,78695.63,78716.91,78695.03,78714.16,15412
1785741720,2026-08-03T12:52:00,78712.31,78715.0,78700.75,78705.42,9478
1785741780,2026-08-03T12:53:00,78706.28,78723.06,78705.54,78710.24,14275
1785741840,2026-08-03T12:54:00,78713.43,78723.87,78711.02,78720.98,10256
1785741900,2026-08-03T12:55:00,78719.89,78722.57,78709.96,78715.75,8403
1785741960,2026-08-03T12:56:00,78714.43,78714.43,78698.12,78712.2,13444
1785742020,2026-08-03T12:57:00,78710.17,78718.28,78703.69,78713.37,15476
1785742080,2026-08-03T12:58:00,78711.87,78712.52,78702.38,78704.1,13451
1785742140,2026-08-03T12:59:00,78705.29,78709.4,78695.31,78701.37,17609
1785742200,2026-08-03T13:00:00,78702.69,78710.29,78686.66,78692.12,11122
1785742260,2026-08-03T13:01:00,78694.33,78695.4,78684.22,78686.12,9014
1785742320,2026-08-03T13:02:00,78684.63,78690.0,78679.84,78685.98,14982
1785742380,2026-08-03T13:03:00,78687.62,78694.58,78679.7,78687.05,12909
1785742440,2026-08-03T13:04:00,78691.18,78692.96,78678.59,78684.7,8790
1785742500,2026-08-03T13:05:00,78685.99,78690.86,78681.66,78687.43,10555
1785742560,2026-08-03T13:06:00,78689.29,78690.47,78680.51,78684.16,8969
1785742620,2026-08-03T13:07:00,78683.85,78685.47,78672.72,78682.79,1267939
1785742680,2026-08-03T13:08:00,78683.38,78697.28,78681.85,78692.61,33157
1785742740,2026-08-03T13:09:00,78692.07,78702.36,78689.66,78696.44,34945
1785742800,2026-08-03T13:10:00,78694.29,78699.76,78688.94,78699.76,15547
1785742860,2026-08-03T13:11:00,78699.02,78704.08,78693.81,78693.81,12031
1785742920,2026-08-03T13:12:00,78693.16,78693.16,78681.65,78681.65,11783
1785742980,2026-08-03T13:13:00,78681.54,78690.52,78678.29,78678.29,13387
1785743040,2026-08-03T13:14:00,78678.97,78685.53,78676.67,78680.96,9331
1785743100,2026-08-03T13:15:00,78682.89,78687.08,78674.05,78680.01,5018
1785743160,2026-08-03T13:16:00,78679.57,78699.4,78679.57,78698.26,9455
1785743220,2026-08-03T13:17:00,78699.34,78705.43,78693.24,78695.07,33398
1785743280,2026-08-03T13:18:00,78695.42,78701.31,78693.21,78701.05,9946
1785743340,2026-08-03T13:19:00,78700.75,78710.63,78695.96,78710.02,10230
1785743400,2026-08-03T13:20:00,78709.32,78719.07,78701.11,78701.91,15087
1785743460,2026-08-03T13:21:00,78702.85,78709.52,78699.44,78703.21,16276
1785743520,2026-08-03T13:22:00,78702.51,78706.32,78695.3,78701.98,96718
1785743580,2026-08-03T13:23:00,78699.87,78707.83,78698.54,78699.76,17982
1785743640,2026-08-03T13:24:00,78698.52,78711.57,78695.2,78703.23,6976
1785743700,2026-08-03T13:25:00,78703.23,78712.92,78701.2,78705.28,14741
1785743760,2026-08-03T13:26:00,78708.88,78721.51,78708.88,78715.88,38232
1785743820,2026-08-03T13:27:00,78715.88,78725.67,78714.55,78715.72,15959
1785743880,2026-08-03T13:28:00,78715.72,78725.41,78710.14,78724.19,6583
1785743940,2026-08-03T13:29:00,78724.22,78731.57,78717.16,78717.16,9933
1785744000,2026-08-03T13:30:00,78717.16,78727.6,78715.18,78716.36,4024
1785744060,2026-08-03T13:31:00,78715.89,78718.94,78707.7,78709.43,11776
1785744120,2026-08-03T13:32:00,78711.14,78729.07,78709.46,78727.18,643162
1785744180,2026-08-03T13:33:00,78715.34,78725.45,78707.93,78725.45,25551
1785744240,2026-08-03T13:34:00,78724.66,78754.08,78718.85,78744.78,27580
1785744300,2026-08-03T13:35:00,78748.62,78763.86,78742.93,78762.22,14208
1785744360,2026-08-03T13:36:00,78762.63,78781.26,78758.77,78774.01,49944
1785744420,2026-08-03T13:37:00,78769.78,78769.92,78753.28,78758.42,9072
1785744480,2026-08-03T13:38:00,78753.63,78753.63,78738.09,78742.08,7540
1785744540,2026-08-03T13:39:00,78741.65,78754.85,78740.59,78747.38,10696
1785744600,2026-08-03T13:40:00,78744.91,78747.1,78716.79,78719.3,19487
1785744660,2026-08-03T13:41:00,78713.35,78739.69,78707.35,78737.33,9818
1785744720,2026-08-03T13:42:00,78738.02,78748.88,78736.97,78747.87,19192
1785744780,2026-08-03T13:43:00,78751.43,78755.23,78740.25,78755.23,16176
1785744840,2026-08-03T13:44:00,78755.23,78768.24,78746.6,78764.99,15820
1785744900,2026-08-03T13:45:00,78758.67,78764.38,78745.9,78760.55,13023
1785744960,2026-08-03T13:46:00,78761.33,78762.85,78742.24,78743.61,9806
1785745020,2026-08-03T13:47:00,78743.51,78750.57,78736.75,78743.71,9970
1785745080,2026-08-03T13:48:00,78743.4,78749.61,78736.77,78741.5,8847
1785745140,2026-08-03T13:49:00,78742.09,78749.68,78737.16,78746.88,11924
1785745200,2026-08-03T13:50:00,78745.98,78749.36,78735.3,78735.42,21920
1785745260,2026-08-03T13:51:00,78734.07,78745.44,78733.66,78741.03,12351
1785745320,2026-08-03T13:52:00,78740.6,78741.86,78718.56,78729.78,16395
1785745380,2026-08-03T13:53:00,78724.71,78729.54,78713.73,78725.8,15362
1785745440,2026-08-03T13:54:00,78725.32,78725.32,78713.42,78721.63,7506
1785745500,2026-08-03T13:55:00,78720.27,78721.74,78704.26,78709.25,10497
1785745560,2026-08-03T13:56:00,78709.24,78725.16,78706.25,78723.26,14224
1785745620,2026-08-03T13:57:00,78725.25,78732.59,78718.36,78730.29,12475
1785745680,2026-08-03T13:58:00,78731.24,78732.98,78719.7,78723.62,15514
1785745740,2026-08-03T13:59:00,78722.19,78732.07,78720.99,78722.48,6384
1785745800,2026-08-03T14:00:00,78722.98,78733.31,78719.03,78730.72,24987
1785745860,2026-08-03T14:01:00,78733.33,78733.33,78722.9,78727.34,10686
1785745920,2026-08-03T14:02:00,78727.88,78737.12,78727.07,78730.77,5540
1785745980,2026-08-03T14:03:00,78730.35,78731.18,78719.24,78723.69,8775
1785746040,2026-08-03T14:04:00,78723.69,78726.17,78715.58,78725.36,12860
1785746100,2026-08-03T14:05:00,78726.13,78738.95,78724.52,78734.9,11719
1785746160,2026-08-03T14:06:00,78733.16,78739.98,78729.67,78731.27,6348
1785746220,2026-08-03T14:07:00,78731.67,78743.5,78730.19,78731.43,14474
1785746280,2026-08-03T14:08:00,78729.75,78740.9,78729.75,78735.35,12553
1785746340,2026-08-03T14:09:00,78735.0,78737.67,78728.61,78733.35,7845
1785746400,2026-08-03T14:10:00,78733.12,78738.89,78717.66,78725.03,16544
1785746460,2026-08-03T14:11:00,78723.87,78736.57,78722.51,78736.57,13557
1785746520,2026-08-03T14:12:00,78735.28,78744.54,78734.74,78743.98,14184
1785746580,2026-08-03T14:13:00,78743.98,78746.61,78734.56,78744.98,10070
1785746640,2026-08-03T14:14:00,78744.98,78751.32,78742.62,78746.09,12462
1785746700,2026-08-03T14:15:00,78749.78,78753.19,78737.23,78743.84,16010
1785746760,2026-08-03T14:16:00,78743.72,78744.51,78726.36,78728.1,15665
1785746820,2026-08-03T14:17:00,78728.37,78742.07,78727.82,78730.84,13306
1785746880,2026-08-03T14:18:00,78729.24,78729.58,78706.02,78706.71,14839
1785746940,2026-08-03T14:19:00,78704.74,78716.57,78703.42,78707.71,16056
1785747000,2026-08-03T14:20:00,78710.47,78733.34,78710.47,78730.44,29971
1785747060,2026-08-03T14:21:00,78728.44,78736.99,78721.35,78723.3,24485
1785747120,2026-08-03T14:22:00,78721.45,78732.82,78712.78,78722.0,23567
1785747180,2026-08-03T14:23:00,78725.22,78730.77,78707.08,78717.06,24841
1785747240,2026-08-03T14:24:00,78719.54,78719.54,78702.62,78707.06,417072
1785747300,2026-08-03T14:25:00,78708.89,78734.46,78708.89,78729.45,21531
1785747360,2026-08-03T14:26:00,78728.99,78736.35,78720.43,78732.48,14957
1785747420,2026-08-03T14:27:00,78732.48,78740.25,78726.92,78729.19,8071
1785747480,2026-08-03T14:28:00,78727.81,78735.16,78725.5,78729.66,10100
1785747540,2026-08-03T14:29:00,78729.17,78743.21,78729.17,78739.98,13214
1785747600,2026-08-03T14:30:00,78739.57,78742.85,78734.05,78734.24,23005
1785747660,2026-08-03T14:31:00,78734.55,78744.52,78732.38,78733.84,12900
1785747720,2026-08-03T14:32:00,78732.11,78740.23,78722.48,78732.62,14882
1785747780,2026-08-03T14:33:00,78736.86,78738.52,78724.52,78731.82,22708
1785747840,2026-08-03T14:34:00,78729.59,78742.41,78727.66,78742.22,13109
1785747900,2026-08-03T14:35:00,78742.59,78743.82,78733.53,78743.82,14133
1785747960,2026-08-03T14:36:00,78742.03,78745.75,78734.97,78738.85,15731
1785748020,2026-08-03T14:37:00,78739.53,78770.31,78734.72,78767.42,21373
1785748080,2026-08-03T14:38:00,78762.3,78763.76,78751.54,78755.35,17432
1785748140,2026-08-03T14:39:00,78759.61,78765.26,78754.25,78764.5,9518
1785748200,2026-08-03T14:40:00,78764.46,78772.13,78759.42,78772.13,11923
1785748260,2026-08-03T14:41:00,78770.62,78775.73,78759.52,78759.52,14444
1785748320,2026-08-03T14:42:00,78756.41,78766.19,78755.68,78764.96,10405
1785748380,2026-08-03T14:43:00,78765.31,78771.31,78758.25,78758.95,15788
1785748440,2026-08-03T14:44:00,78757.99,78764.93,78753.38,78762.93,17232
1785748500,2026-08-03T14:45:00,78764.42,78768.28,78759.38,78763.77,37281
1785748560,2026-08-03T14:46:00,78764.01,78774.24,78763.83,78772.96,42319
1785748620,2026-08-03T14:47:00,78773.65,78773.72,78763.25,78766.75,17503
1785748680,2026-08-03T14:48:00,78765.26,78767.85,78761.06,78761.95,16196
1785748740,2026-08-03T14:49:00,78764.25,78774.5,78757.38,78766.08,18526
1785748800,2026-08-03T14:50:00,78766.78,78773.76,78760.24,78766.97,25876
1785748860,2026-08-03T14:51:00,78766.32,78771.89,78761.69,78764.29,24220
1785748920,2026-08-03T14:52:00,78765.89,78766.78,78739.97,78745.6,40957
1785748980,2026-08-03T14:53:00,78745.54,78756.46,78741.56,78750.64,21126
1785749040,2026-08-03T14:54:00,78748.97,78754.92,78740.46,78748.49,37656
1785749100,2026-08-03T14:55:00,78748.33,78771.25,78746.51,78767.63,15417
1785749160,2026-08-03T14:56:00,78760.19,78769.05,78752.98,78755.37,13604
1785749220,2026-08-03T14:57:00,78755.22,78765.99,78753.23,78761.21,22478
1785749280,2026-08-03T14:58:00,78764.47,78767.48,78751.58,78758.83,12364
1785749340,2026-08-03T14:59:00,78758.22,78762.4,78745.78,78748.35,17890
1785749400,2026-08-03T15:00:00,78743.89,78760.79,78739.77,78739.77,60936
1785749460,2026-08-03T15:01:00,78742.5,78750.04,78736.9,78742.32,47311
1785749520,2026-08-03T15:02:00,78742.96,78752.5,78734.13,78748.88,63366
1785749580,2026-08-03T15:03:00,78745.26,78752.38,78727.03,78738.84,34698
1785749640,2026-08-03T15:04:00,78728.66,78739.93,78713.75,78725.89,33578
1785749700,2026-08-03T15:05:00,78723.38,78723.38,78674.84,78678.69,64641
1785749760,2026-08-03T15:06:00,78680.75,78691.94,78668.07,78684.03,249875
1785749820,2026-08-03T15:07:00,78684.74,78694.07,78664.0,78668.52,29446
1785749880,2026-08-03T15:08:00,78665.04,78676.89,78646.76,78651.22,46894
1785749940,2026-08-03T15:09:00,78650.73,78675.21,78630.06,78675.21,104619
1785750000,2026-08-03T15:10:00,78674.42,78688.08,78652.4,78652.4,49869
1785750060,2026-08-03T15:11:00,78642.96,78693.53,78623.01,78678.92,78115
1785750120,2026-08-03T15:12:00,78676.92,78708.2,78670.59,78698.07,22675
1785750180,2026-08-03T15:13:00,78696.19,78712.0,78685.86,78702.86,23285
1785750240,2026-08-03T15:14:00,78693.83,78700.04,78669.74,78676.1,12710
1785750300,2026-08-03T15:15:00,78677.13,78677.13,78677.13,78677.13,12710
1785750360,2026-08-03T15:16:00,78677.13,78677.13,78677.13,78677.13,12710
1785750420,2026-08-03T15:17:00,78677.13,78677.13,78677.13,78677.13,12710
1785750480,2026-08-03T15:18:00,78677.13,78677.13,78677.13,78677.13,12710
1785750540,2026-08-03T15:19:00,78677.13,78677.13,78677.13,78677.13,12710
1785750600,2026-08-03T15:20:00,78677.13,78677.13,78677.13,78677.13,12710
1785750660,2026-08-03T15:21:00,78677.13,78677.13,78677.13,78677.13,12710
1785750720,2026-08-03T15:22:00,78677.13,78677.13,78677.13,78677.13,12710
1785750780,2026-08-03T15:23:00,78677.13,78677.13,78677.13,78677.13,12710
1785750840,2026-08-03T15:24:00,78677.13,78677.13,78677.13,78677.13,12710
1785750900,2026-08-03T15:25:00,78677.13,78677.13,78677.13,78677.13,12710
1785750960,2026-08-03T15:26:00,78677.13,78677.13,78677.13,78677.13,12710
1785751020,2026-08-03T15:27:00,78677.13,78677.13,78677.13,78677.13,12710
1785751080,2026-08-03T15:28:00,78677.13,78677.13,78639.03,78639.03,12710
1785751140,2026-08-03T15:29:00,78639.03,78639.03,78639.03,78639.03,12710
1785815100,2026-08-04T09:15:00,79132.97,79143.15,78775.25,78785.31,200104
1785815160,2026-08-04T09:16:00,78772.31,78781.57,78744.34,78776.35,119830
1785815220,2026-08-04T09:17:00,78783.42,78786.91,78740.57,78741.42,83881
1785815280,2026-08-04T09:18:00,78743.43,78791.0,78733.11,78764.63,102897
1785815340,2026-08-04T09:19:00,78757.57,78768.43,78742.64,78750.21,55710
1785815400,2026-08-04T09:20:00,78752.21,78791.41,78747.42,78788.15,48211
1785815460,2026-08-04T09:21:00,78794.43,78807.43,78784.22,78785.62,72710
1785815520,2026-08-04T09:22:00,78792.19,78824.62,78780.04,78821.81,70911
1785815580,2026-08-04T09:23:00,78822.9,78837.61,78814.69,78828.57,33802
1785815640,2026-08-04T09:24:00,78827.47,78834.66,78808.11,78814.35,37340
1785815700,2026-08-04T09:25:00,78813.51,78816.06,78783.37,78787.31,48264
1785815760,2026-08-04T09:26:00,78786.38,78786.38,78757.32,78761.92,33195
1785815820,2026-08-04T09:27:00,78767.19,78769.51,78748.92,78748.92,49925
1785815880,2026-08-04T09:28:00,78753.72,78754.2,78735.99,78743.44,32962
1785815940,2026-08-04T09:29:00,78743.44,78745.35,78729.79,78737.92,65539
1785816000,2026-08-04T09:30:00,78739.16,78746.54,78720.98,78728.54,46847
1785816060,2026-08-04T09:31:00,78730.13,78744.29,78724.04,78737.6,26197
1785816120,2026-08-04T09:32:00,78739.24,78745.51,78711.54,78715.06,42776
1785816180,2026-08-04T09:33:00,78715.2,78718.0,78704.83,78717.75,22030
1785816240,2026-08-04T09:34:00,78719.61,78731.08,78698.37,78699.02,31985
1785816300,2026-08-04T09:35:00,78698.93,78719.97,78698.11,78715.74,21171
1785816360,2026-08-04T09:36:00,78715.89,78733.13,78703.85,78733.13,19148
1785816420,2026-08-04T09:37:00,78733.43,78739.38,78729.75,78733.93,44363
1785816480,2026-08-04T09:38:00,78735.18,78750.99,78732.77,78750.61,171667
1785816540,2026-08-04T09:39:00,78748.96,78761.77,78747.68,78753.23,17634
1785816600,2026-08-04T09:40:00,78752.42,78791.98,78750.3,78786.59,24004
1785816660,2026-08-04T09:41:00,78790.06,78790.86,78770.9,78787.19,22657
1785816720,2026-08-04T09:42:00,78788.17,78803.4,78788.17,78797.8,32295
1785816780,2026-08-04T09:43:00,78802.29,78827.07,78796.65,78827.07,38084
1785816840,2026-08-04T09:44:00,78830.88,78847.0,78828.33,78838.51,32510
1785816900,2026-08-04T09:45:00,78841.08,78841.08,78824.47,78833.8,39135
1785816960,2026-08-04T09:46:00,78830.65,78841.55,78824.87,78840.1,14704
1785817020,2026-08-04T09:47:00,78839.84,78854.85,78833.61,78845.37,23233
1785817080,2026-08-04T09:48:00,78845.37,78864.52,78845.37,78864.21,35201
1785817140,2026-08-04T09:49:00,78863.29,78864.41,78849.41,78860.48,18836
1785817200,2026-08-04T09:50:00,78859.24,78861.71,78851.2,78858.8,13902
1785817260,2026-08-04T09:51:00,78857.56,78899.12,78852.77,78895.92,51835
1785817320,2026-08-04T09:52:00,78894.22,78901.88,78873.99,78873.99,42791
1785817380,2026-08-04T09:53:00,78873.84,78873.84,78852.75,78865.44,15424
1785817440,2026-08-04T09:54:00,78865.03,78865.03,78845.55,78849.34,24484
1785817500,2026-08-04T09:55:00,78850.31,78865.59,78845.26,78863.93,18675
1785817560,2026-08-04T09:56:00,78861.71,78871.94,78856.32,78864.24,28134
1785817620,2026-08-04T09:57:00,78862.58,78868.4,78845.67,78845.67,11738
1785817680,2026-08-04T09:58:00,78846.22,78847.01,78833.58,78844.16,13891
1785817740,2026-08-04T09:59:00,78845.13,78852.94,78838.86,78842.46,21922
1785817800,2026-08-04T10:00:00,78842.75,78855.26,78832.97,78838.87,9077
1785817860,2026-08-04T10:01:00,78839.96,78849.54,78830.41,78835.6,20293
1785817920,2026-08-04T10:02:00,78839.68,78846.83,78834.49,78837.34,10890
1785817980,2026-08-04T10:03:00,78836.83,78839.98,78831.63,78831.95,20020
1785818040,2026-08-04T10:04:00,78831.95,78833.63,78817.68,78828.53,21457
1785818100,2026-08-04T10:05:00,78827.84,78836.63,78820.22,78832.97,22536
1785818160,2026-08-04T10:06:00,78831.98,78841.05,78821.53,78838.15,25402
1785818220,2026-08-04T10:07:00,78837.81,78837.81,78807.97,78817.34,12620
1785818280,2026-08-04T10:08:00,78809.31,78818.16,78796.87,78802.41,26603
1785818340,2026-08-04T10:09:00,78802.14,78802.33,78773.54,78774.58,25715
1785818400,2026-08-04T10:10:00,78775.3,78787.44,78773.93,78784.4,17452
1785818460,2026-08-04T10:11:00,78782.07,78784.51,78764.86,78769.49,10714
1785818520,2026-08-04T10:12:00,78770.85,78782.07,78760.48,78774.0,4315
1785818580,2026-08-04T10:13:00,78772.68,78785.26,78770.43,78783.2,20461
1785818640,2026-08-04T10:14:00,78785.13,78794.6,78780.41,78780.77,9670
1785818700,2026-08-04T10:15:00,78773.31,78778.83,78761.84,78770.5,9615
1785818760,2026-08-04T10:16:00,78768.78,78774.96,78764.77,78772.58,17247
1785818820,2026-08-04T10:17:00,78772.76,78794.74,78771.78,78790.77,10637
1785818880,2026-08-04T10:18:00,78790.86,78797.99,78785.38,78787.87,15651
1785818940,2026-08-04T10:19:00,78787.68,78794.35,78783.57,78785.23,24777
1785819000,2026-08-04T10:20:00,78787.17,78787.17,78768.66,78771.56,12422
1785819060,2026-08-04T10:21:00,78772.01,78775.61,78737.15,78744.31,29732
1785819120,2026-08-04T10:22:00,78743.8,78748.88,78728.71,78730.98,17228
1785819180,2026-08-04T10:23:00,78731.8,78735.25,78713.05,78716.82,34415
1785819240,2026-08-04T10:24:00,78715.94,78736.23,78711.64,78719.14,124063
1785819300,2026-08-04T10:25:00,78716.28,78716.61,78701.51,78712.5,15066
1785819360,2026-08-04T10:26:00,78708.54,78716.68,78700.25,78703.99,22622
1785819420,2026-08-04T10:27:00,78704.62,78716.92,78703.09,78710.76,20385
1785819480,2026-08-04T10:28:00,78712.3,78718.04,78706.65,78712.65,10224
1785819540,2026-08-04T10:29:00,78713.36,78714.61,78699.27,78704.88,16856
1785819600,2026-08-04T10:30:00,78706.04,78712.49,78692.23,78692.23,6011
1785819660,2026-08-04T10:31:00,78692.8,78700.09,78668.99,78687.47,23775
1785819720,2026-08-04T10:32:00,78686.38,78686.38,78671.89,78675.22,11112
1785819780,2026-08-04T10:33:00,78671.43,78676.88,78663.78,78671.61,18911
1785819840,2026-08-04T10:34:00,78669.06,78679.26,78667.39,78678.41,6398
1785819900,2026-08-04T10:35:00,78677.72,78677.77,78666.82,78670.98,6191
1785819960,2026-08-04T10:36:00,78675.48,78675.48,78662.33,78670.34,6870
1785820020,2026-08-04T10:37:00,78673.96,78675.08,78664.94,78666.32,29340
1785820080,2026-08-04T10:38:00,78668.36,78675.15,78663.89,78670.26,10732
1785820140,2026-08-04T10:39:00,78669.91,78679.42,78666.4,78670.26,8055
1785820200,2026-08-04T10:40:00,78671.44,78677.8,78661.96,78677.8,7481
1785820260,2026-08-04T10:41:00,78679.22,78683.63,78672.3,78683.63,8505
1785820320,2026-08-04T10:42:00,78683.43,78685.31,78673.35,78681.79,10352
1785820380,2026-08-04T10:43:00,78683.88,78683.88,78669.49,78669.65,14963
1785820440,2026-08-04T10:44:00,78669.65,78679.5,78664.78,78669.55,8138
1785820500,2026-08-04T10:45:00,78669.27,78670.52,78665.4,78667.64,5846
1785820560,2026-08-04T10:46:00,78666.6,78672.47,78661.52,78663.54,7121
1785820620,2026-08-04T10:47:00,78662.44,78667.54,78653.13,78660.76,7045
1785820680,2026-08-04T10:48:00,78661.54,78670.22,78654.03,78659.77,8681
1785820740,2026-08-04T10:49:00,78659.38,78675.49,78658.96,78675.11,10342
1785820800,2026-08-04T10:50:00,78673.6,78681.9,78668.64,78679.96,5662
1785820860,2026-08-04T10:51:00,78679.84,78681.11,78665.64,78676.34,13288
1785820920,2026-08-04T10:52:00,78678.26,78689.93,78673.12,78682.09,9819
1785820980,2026-08-04T10:53:00,78682.09,78682.95,78670.86,78682.15,7150
1785821040,2026-08-04T10:54:00,78682.02,78685.11,78665.6,78668.36,16509
1785821100,2026-08-04T10:55:00,78670.06,78671.91,78663.16,78666.64,10024
1785821160,2026-08-04T10:56:00,78666.18,78673.6,78639.8,78639.8,12453
1785821220,2026-08-04T10:57:00,78640.44,78642.48,78632.89,78636.26,16686
1785821280,2026-08-04T10:58:00,78637.16,78639.42,78627.76,78638.09,25106
1785821340,2026-08-04T10:59:00,78636.51,78647.66,78631.53,78647.6,18896
1785821400,2026-08-04T11:00:00,78648.3,78672.66,78645.22,78667.68,24391
1785821460,2026-08-04T11:01:00,78669.01,78692.7,78669.01,78689.36,16674
1785821520,2026-08-04T11:02:00,78689.99,78692.83,78681.03,78689.45,7947
1785821580,2026-08-04T11:03:00,78690.14,78695.21,78680.01,78681.29,7154
1785821640,2026-08-04T11:04:00,78680.06,78688.19,78676.85,78683.87,12085
1785821700,2026-08-04T11:05:00,78683.87,78694.39,78683.45,78688.17,15230
1785821760,2026-08-04T11:06:00,78687.5,78687.97,78676.49,78686.28,30998
1785821820,2026-08-04T11:07:00,78687.25,78703.24,78681.21,78699.41,32418
1785821880,2026-08-04T11:08:00,78697.35,78701.87,78691.76,78693.44,15034
1785821940,2026-08-04T11:09:00,78696.11,78696.92,78684.28,78690.33,17978
1785822000,2026-08-04T11:10:00,78688.96,78689.54,78681.61,78687.34,16290
1785822060,2026-08-04T11:11:00,78687.54,78688.94,78680.71,78684.58,15096
1785822120,2026-08-04T11:12:00,78684.21,78685.85,78673.82,78679.37,10951
1785822180,2026-08-04T11:13:00,78678.29,78698.42,78678.29,78694.05,27915
1785822240,2026-08-04T11:14:00,78692.05,78697.39,78685.72,78689.24,16631
1785822300,2026-08-04T11:15:00,78688.71,78697.28,78687.96,78695.11,12845
1785822360,2026-08-04T11:16:00,78695.11,78702.51,78686.25,78702.41,26950
1785822420,2026-08-04T11:17:00,78704.08,78716.27,78704.08,78711.42,14516
1785822480,2026-08-04T11:18:00,78710.5,78719.89,78710.5,78715.58,26327
1785822540,2026-08-04T11:19:00,78714.0,78714.18,78706.75,78708.97,16695
1785822600,2026-08-04T11:20:00,78707.34,78707.54,78690.79,78702.96,22041
1785822660,2026-08-04T11:21:00,78700.43,78705.45,78698.39,78701.94,13509
1785822720,2026-08-04T11:22:00,78701.94,78707.01,78698.1,78704.35,8965
1785822780,2026-08-04T11:23:00,78708.01,78708.09,78696.32,78697.31,17757
1785822840,2026-08-04T11:24:00,78697.61,78697.61,78676.77,78678.67,6613
1785822900,2026-08-04T11:25:00,78682.02,78687.75,78679.96,78687.11,7003
1785822960,2026-08-04T11:26:00,78688.3,78694.36,78683.61,78690.56,10713
1785823020,2026-08-04T11:27:00,78691.04,78696.23,78679.71,78681.14,20134
1785823080,2026-08-04T11:28:00,78681.14,78683.96,78656.43,78658.43,29360
1785823140,2026-08-04T11:29:00,78657.26,78665.73,78651.9,78653.52,9592
1785823200,2026-08-04T11:30:00,78649.02,78668.86,78649.02,78659.73,10146
1785823260,2026-08-04T11:31:00,78655.87,78657.58,78641.35,78644.36,14504
1785823320,2026-08-04T11:32:00,78644.36,78648.82,78641.07,78648.82,8337
1785823380,2026-08-04T11:33:00,78648.82,78648.82,78635.86,78639.9,23824
1785823440,2026-08-04T11:34:00,78640.12,78640.12,78622.55,78629.49,8052
1785823500,2026-08-04T11:35:00,78628.77,78633.37,78618.13,78627.38,509339
1785823560,2026-08-04T11:36:00,78627.38,78630.43,78604.83,78604.83,27477
1785823620,2026-08-04T11:37:00,78607.35,78611.38,78600.68,78604.05,4263
1785823680,2026-08-04T11:38:00,78603.71,78608.25,78593.4,78595.56,10359
1785823740,2026-08-04T11:39:00,78595.93,78620.48,78595.93,78620.13,16868
1785823800,2026-08-04T11:40:00,78621.14,78621.37,78575.12,78575.12,19117
1785823860,2026-08-04T11:41:00,78581.35,78603.05,78578.52,78597.55,7241
1785823920,2026-08-04T11:42:00,78596.52,78596.52,78585.73,78589.71,8122
1785823980,2026-08-04T11:43:00,78589.25,78598.65,78587.32,78595.93,8785
1785824040,2026-08-04T11:44:00,78595.71,78597.51,78582.27,78582.84,10515
1785824100,2026-08-04T11:45:00,78584.14,78586.88,78573.99,78582.82,9176
1785824160,2026-08-04T11:46:00,78579.76,78581.0,78567.59,78568.34,25733
1785824220,2026-08-04T11:47:00,78568.84,78569.69,78557.86,78566.32,22816
1785824280,2026-08-04T11:48:00,78566.57,78575.64,78532.31,78534.74,18499
1785824340,2026-08-04T11:49:00,78530.88,78537.2,78510.19,78519.82,17741
1785824400,2026-08-04T11:50:00,78519.82,78526.85,78507.86,78518.5,9134
1785824460,2026-08-04T11:51:00,78518.79,78524.39,78515.67,78521.47,19592
1785824520,2026-08-04T11:52:00,78522.01,78527.39,78503.1,78510.64,12148
1785824580,2026-08-04T11:53:00,78510.64,78523.0,78503.76,78514.43,9439
1785824640,2026-08-04T11:54:00,78516.05,78522.48,78505.79,78508.0,11008
1785824700,2026-08-04T11:55:00,78511.48,78517.51,78506.3,78517.51,8678
1785824760,2026-08-04T11:56:00,78518.53,78522.94,78515.23,78516.26,4093
1785824820,2026-08-04T11:57:00,78517.81,78518.32,78495.97,78501.3,44070
1785824880,2026-08-04T11:58:00,78501.89,78508.28,78493.95,78493.95,8715
1785824940,2026-08-04T11:59:00,78493.38,78502.59,78480.18,78486.81,9208
1785825000,2026-08-04T12:00:00,78490.33,78490.33,78429.12,78434.14,21692
1785825060,2026-08-04T12:01:00,78435.21,78460.21,78431.56,78460.21,25777
1785825120,2026-08-04T12:02:00,78459.57,78481.76,78459.32,78474.94,7926
1785825180,2026-08-04T12:03:00,78477.39,78498.43,78476.74,78498.43,9890
1785825240,2026-08-04T12:04:00,78498.43,78503.22,78484.15,78484.59,11320
1785825300,2026-08-04T12:05:00,78484.61,78491.41,78477.88,78489.78,26792
1785825360,2026-08-04T12:06:00,78489.35,78493.8,78480.21,78484.12,6937
1785825420,2026-08-04T12:07:00,78484.12,78484.64,78458.03,78458.03,13752
1785825480,2026-08-04T12:08:00,78460.89,78462.53,78425.83,78433.81,19242
1785825540,2026-08-04T12:09:00,78434.83,78447.12,78434.83,78437.2,20780
1785825600,2026-08-04T12:10:00,78436.16,78442.49,78416.21,78426.25,10779
1785825660,2026-08-04T12:11:00,78427.29,78427.29,78401.09,78409.58,17687
1785825720,2026-08-04T12:12:00,78410.65,78428.93,78410.65,78428.93,13625
1785825780,2026-08-04T12:13:00,78428.93,78439.75,78428.93,78438.73,14671
1785825840,2026-08-04T12:14:00,78438.73,78450.71,78434.01,78448.14,27302
1785825900,2026-08-04T12:15:00,78448.12,78451.79,78433.48,78442.51,20006
1785825960,2026-08-04T12:16:00,78444.05,78461.0,78439.97,78460.21,21403
1785826020,2026-08-04T12:17:00,78458.37,78466.0,78453.81,78460.3,9276
1785826080,2026-08-04T12:18:00,78462.88,78469.46,78460.26,78462.86,8411
1785826140,2026-08-04T12:19:00,78462.95,78486.87,78459.9,78486.87,1301635
1785826200,2026-08-04T12:20:00,78484.65,78492.2,78478.38,78483.24,39942
1785826260,2026-08-04T12:21:00,78484.99,78484.99,78472.4,78477.13,15341
1785826320,2026-08-04T12:22:00,78474.56,78477.14,78459.73,78466.4,17142
1785826380,2026-08-04T12:23:00,78467.01,78487.19,78466.97,78483.54,13145
1785826440,2026-08-04T12:24:00,78487.4,78487.4,78474.96,78483.06,9704
1785826500,2026-08-04T12:25:00,78483.06,78488.83,78473.44,78473.44,7308
1785826560,2026-08-04T12:26:00,78478.46,78479.81,78468.28,78470.21,9612
1785826620,2026-08-04T12:27:00,78470.57,78471.52,78450.87,78456.8,10399
1785826680,2026-08-04T12:28:00,78454.98,78470.27,78454.98,78464.95,17059
1785826740,2026-08-04T12:29:00,78465.15,78472.73,78458.79,78470.16,10214
1785826800,2026-08-04T12:30:00,78467.39,78470.21,78461.53,78464.62,6573
1785826860,2026-08-04T12:31:00,78464.79,78467.07,78458.74,78464.95,13624
1785826920,2026-08-04T12:32:00,78464.13,78469.56,78455.33,78463.5,16711
1785826980,2026-08-04T12:33:00,78463.2,78468.26,78445.28,78449.06,7760
1785827040,2026-08-04T12:34:00,78449.11,78451.71,78441.09,78442.21,10123
1785827100,2026-08-04T12:35:00,78443.34,78446.25,78427.17,78429.64,8914
1785827160,2026-08-04T12:36:00,78428.06,78428.25,78406.45,78407.32,5094
1785827220,2026-08-04T12:37:00,78408.88,78412.07,78395.33,78395.33,49541
1785827280,2026-08-04T12:38:00,78395.33,78407.5,78392.58,78406.18,4690
1785827340,2026-08-04T12:39:00,78406.18,78425.41,78402.07,78423.93,504825
1785827400,2026-08-04T12:40:00,78423.93,78428.51,78422.19,78425.71,9440
1785827460,2026-08-04T12:41:00,78425.55,78425.55,78398.08,78401.41,7617
1785827520,2026-08-04T12:42:00,78399.67,78399.95,78380.07,78390.48,14375
1785827580,2026-08-04T12:43:00,78385.63,78393.57,78371.75,78378.85,16391
1785827640,2026-08-04T12:44:00,78378.85,78394.14,78378.3,78394.14,10755
1785827700,2026-08-04T12:45:00,78390.92,78417.83,78390.92,78415.3,17231
1785827760,2026-08-04T12:46:00,78419.48,78419.48,78411.45,78419.2,11737
1785827820,2026-08-04T12:47:00,78419.2,78423.28,78415.91,78419.53,11757
1785827880,2026-08-04T12:48:00,78419.22,78424.59,78403.04,78403.04,8379
1785827940,2026-08-04T12:49:00,78404.3,78418.33,78399.48,78411.45,9611
1785828000,2026-08-04T12:50:00,78411.45,78423.2,78410.27,78417.09,18221
1785828060,2026-08-04T12:51:00,78417.24,78429.14,78415.31,78421.82,12335
1785828120,2026-08-04T12:52:00,78422.73,78435.46,78413.64,78417.84,14310
1785828180,2026-08-04T12:53:00,78418.48,78424.94,78412.73,78415.09,19117
1785828240,2026-08-04T12:54:00,78414.42,78417.98,78405.58,78410.5,5831
1785828300,2026-08-04T12:55:00,78410.48,78414.29,78385.79,78390.81,12885
1785828360,2026-08-04T12:56:00,78390.81,78393.55,78372.82,78381.85,5203
1785828420,2026-08-04T12:57:00,78381.67,78393.87,78381.67,78389.81,4628
1785828480,2026-08-04T12:58:00,78389.81,78391.22,78378.04,78378.04,5243
1785828540,2026-08-04T12:59:00,78377.69,78388.96,78370.19,78370.19,11172
1785828600,2026-08-04T13:00:00,78370.76,78382.56,78362.84,78382.5,6687
1785828660,2026-08-04T13:01:00,78382.5,78403.9,78382.5,78401.07,14293
1785828720,2026-08-04T13:02:00,78398.38,78403.62,78387.61,78390.74,19896
1785828780,2026-08-04T13:03:00,78390.77,78394.91,78381.98,78394.91,8018
1785828840,2026-08-04T13:04:00,78394.68,78397.32,78382.49,78395.07,12445
1785828900,2026-08-04T13:05:00,78395.33,78398.1,78389.07,78396.51,8317
1785828960,2026-08-04T13:06:00,78396.71,78396.71,78379.04,78386.42,14646
1785829020,2026-08-04T13:07:00,78392.5,78397.64,78387.49,78390.07,4205
1785829080,2026-08-04T13:08:00,78390.98,78392.46,78383.7,78386.03,1229265
1785829140,2026-08-04T13:09:00,78382.89,78383.07,78361.79,78367.67,19116
1785829200,2026-08-04T13:10:00,78368.66,78373.49,78359.36,78364.72,249499
1785829260,2026-08-04T13:11:00,78364.72,78378.08,78364.72,78367.92,20674
1785829320,2026-08-04T13:12:00,78370.37,78373.68,78363.54,78365.48,3659
1785829380,2026-08-04T13:13:00,78363.74,78368.89,78356.98,78366.99,5287
1785829440,2026-08-04T13:14:00,78366.47,78370.92,78348.36,78356.82,17169
1785829500,2026-08-04T13:15:00,78355.46,78363.11,78339.47,78340.65,7968
1785829560,2026-08-04T13:16:00,78343.23,78347.22,78337.33,78340.97,8736
1785829620,2026-08-04T13:17:00,78345.2,78357.81,78345.2,78353.34,4622
1785829680,2026-08-04T13:18:00,78351.21,78359.59,78345.23,78358.41,10116
1785829740,2026-08-04T13:19:00,78353.63,78355.9,78335.84,78350.14,4007
1785829800,2026-08-04T13:20:00,78350.14,78350.14,78329.83,78334.08,7634
1785829860,2026-08-04T13:21:00,78334.08,78335.23,78319.47,78328.85,5242
1785829920,2026-08-04T13:22:00,78328.85,78339.66,78319.61,78337.68,12545
1785829980,2026-08-04T13:23:00,78337.68,78369.47,78334.58,78364.79,30631
1785830040,2026-08-04T13:24:00,78369.74,78376.67,78368.28,78368.61,7622
1785830100,2026-08-04T13:25:00,78369.21,78378.98,78368.24,78374.32,5247
1785830160,2026-08-04T13:26:00,78374.96,78375.4,78361.39,78368.67,7934
1785830220,2026-08-04T13:27:00,78368.67,78373.35,78363.74,78373.35,10747
1785830280,2026-08-04T13:28:00,78371.48,78371.48,78343.73,78343.73,16271
1785830340,2026-08-04T13:29:00,78343.13,78343.13,78314.68,78323.83,7333
1785830400,2026-08-04T13:30:00,78323.74,78328.35,78310.81,78317.52,5680
1785830460,2026-08-04T13:31:00,78317.52,78317.87,78305.33,78310.07,36504
1785830520,2026-08-04T13:32:00,78310.6,78317.09,78294.7,78296.53,11152
1785830580,2026-08-04T13:33:00,78297.84,78303.41,78290.28,78292.96,6421
1785830640,2026-08-04T13:34:00,78294.24,78314.08,78294.24,78305.86,9912
1785830700,2026-08-04T13:35:00,78305.86,78312.86,78297.8,78301.36,9506
1785830760,2026-08-04T13:36:00,78301.37,78307.29,78296.85,78306.88,7905
1785830820,2026-08-04T13:37:00,78306.88,78315.85,78302.66,78315.0,6299
1785830880,2026-08-04T13:38:00,78319.43,78320.77,78314.22,78320.0,3918
1785830940,2026-08-04T13:39:00,78319.84,78336.22,78319.84,78332.42,32732
1785831000,2026-08-04T13:40:00,78330.84,78333.15,78320.18,78330.7,3395
1785831060,2026-08-04T13:41:00,78330.7,78334.68,78328.25,78331.19,8152
1785831120,2026-08-04T13:42:00,78331.97,78333.48,78317.49,78328.54,12047
1785831180,2026-08-04T13:43:00,78328.54,78331.39,78317.84,78322.05,4728
1785831240,2026-08-04T13:44:00,78319.48,78322.92,78295.59,78295.59,11130
1785831300,2026-08-04T13:45:00,78293.31,78299.27,78289.6,78293.12,6243
1785831360,2026-08-04T13:46:00,78293.7,78294.98,78281.52,78284.31,19582
1785831420,2026-08-04T13:47:00,78283.87,78296.39,78280.88,78289.34,38658
1785831480,2026-08-04T13:48:00,78288.06,78316.29,78287.93,78316.29,8451
1785831540,2026-08-04T13:49:00,78315.45,78318.64,78310.06,78312.78,7394
1785831600,2026-08-04T13:50:00,78316.97,78324.46,78316.97,78318.2,5477
1785831660,2026-08-04T13:51:00,78319.06,78330.61,78318.34,78321.32,17785
1785831720,2026-08-04T13:52:00,78321.08,78326.85,78317.15,78317.15,4119
1785831780,2026-08-04T13:53:00,78317.15,78324.84,78291.7,78292.71,12573
1785831840,2026-08-04T13:54:00,78292.86,78293.54,78253.39,78266.55,17605
1785831900,2026-08-04T13:55:00,78265.03,78276.1,78264.96,78270.55,12906
1785831960,2026-08-04T13:56:00,78271.39,78273.76,78249.96,78249.96,9293
1785832020,2026-08-04T13:57:00,78251.77,78255.84,78213.89,78219.06,20236
1785832080,2026-08-04T13:58:00,78220.59,78242.07,78211.87,78242.07,15135
1785832140,2026-08-04T13:59:00,78242.02,78271.08,78241.0,78271.08,2891
1785832200,2026-08-04T14:00:00,78271.08,78272.03,78241.71,78252.69,20164
1785832260,2026-08-04T14:01:00,78252.69,78261.08,78248.14,78257.61,39357
1785832320,2026-08-04T14:02:00,78257.53,78257.53,78246.06,78251.34,4650
1785832380,2026-08-04T14:03:00,78250.82,78255.78,78247.4,78252.89,4297
1785832440,2026-08-04T14:04:00,78251.37,78258.35,78245.33,78258.35,7256
1785832500,2026-08-04T14:05:00,78259.21,78263.94,78254.65,78262.79,13649
1785832560,2026-08-04T14:06:00,78262.79,78284.1,78261.0,78278.56,404419
1785832620,2026-08-04T14:07:00,78278.56,78293.75,78274.73,78293.12,11005
1785832680,2026-08-04T14:08:00,78293.58,78295.43,78282.12,78288.02,4326
1785832740,2026-08-04T14:09:00,78286.96,78289.89,78274.17,78274.17,7411
1785832800,2026-08-04T14:10:00,78277.39,78288.64,78277.18,78288.64,4295
1785832860,2026-08-04T14:11:00,78287.35,78301.72,78279.67,78296.44,54235
1785832920,2026-08-04T14:12:00,78296.44,78310.56,78294.07,78305.59,5865
1785832980,2026-08-04T14:13:00,78305.78,78309.0,78293.38,78300.53,8555
1785833040,2026-08-04T14:14:00,78300.85,78318.35,78296.45,78317.45,22648
1785833100,2026-08-04T14:15:00,78317.14,78319.49,78304.54,78306.39,10406
1785833160,2026-08-04T14:16:00,78307.28,78320.6,78302.75,78319.45,14011
1785833220,2026-08-04T14:17:00,78319.74,78333.8,78319.68,78331.26,12101
1785833280,2026-08-04T14:18:00,78332.41,78338.78,78312.6,78338.78,13414
1785833340,2026-08-04T14:19:00,78338.78,78376.96,78338.75,78376.96,13674
1785833400,2026-08-04T14:20:00,78375.97,78390.48,78372.45,78390.48,63702
1785833460,2026-08-04T14:21:00,78389.57,78398.11,78349.36,78354.23,23415
1785833520,2026-08-04T14:22:00,78354.93,78364.57,78351.05,78360.74,9750
1785833580,2026-08-04T14:23:00,78361.89,78371.11,78334.98,78343.65,11916
1785833640,2026-08-04T14:24:00,78345.2,78348.66,78334.96,78348.66,6414
1785833700,2026-08-04T14:25:00,78348.66,78370.14,78345.55,78367.38,10917
1785833760,2026-08-04T14:26:00,78369.01,78376.05,78363.88,78367.18,12520
1785833820,2026-08-04T14:27:00,78364.48,78370.12,78355.17,78369.19,7103
1785833880,2026-08-04T14:28:00,78368.36,78368.55,78347.17,78348.37,5025
1785833940,2026-08-04T14:29:00,78347.89,78347.89,78315.98,78338.02,14376
1785834000,2026-08-04T14:30:00,78338.02,78366.31,78338.02,78364.31,15641
1785834060,2026-08-04T14:31:00,78365.79,78404.98,78359.72,78389.11,21120
1785834120,2026-08-04T14:32:00,78389.11,78389.11,78358.38,78358.38,15655
1785834180,2026-08-04T14:33:00,78357.51,78357.51,78317.98,78324.9,23619
1785834240,2026-08-04T14:34:00,78326.54,78326.54,78291.88,78300.17,31983
1785834300,2026-08-04T14:35:00,78308.98,78337.1,78308.98,78335.12,6549
1785834360,2026-08-04T14:36:00,78333.88,78333.88,78303.04,78310.73,7360
1785834420,2026-08-04T14:37:00,78310.73,78327.52,78302.27,78324.96,5954
1785834480,2026-08-04T14:38:00,78324.91,78340.68,78324.61,78339.08,10431
1785834540,2026-08-04T14:39:00,78340.73,78342.89,78327.71,78327.71,7440
1785834600,2026-08-04T14:40:00,78327.62,78331.35,78323.79,78326.84,7406
1785834660,2026-08-04T14:41:00,78329.76,78334.27,78314.48,78326.59,7743
1785834720,2026-08-04T14:42:00,78322.27,78329.97,78316.38,78319.57,7268
1785834780,2026-08-04T14:43:00,78319.29,78320.91,78307.36,78311.72,17753
1785834840,2026-08-04T14:44:00,78311.97,78318.63,78298.59,78301.97,9419
1785834900,2026-08-04T14:45:00,78301.97,78336.79,78295.28,78335.28,32719
1785834960,2026-08-04T14:46:00,78338.12,78340.24,78326.79,78340.24,10182
1785835020,2026-08-04T14:47:00,78340.65,78341.74,78327.67,78332.05,5862
1785835080,2026-08-04T14:48:00,78332.05,78332.23,78325.29,78331.34,8147
1785835140,2026-08-04T14:49:00,78329.23,78331.92,78321.47,78328.99,14562
1785835200,2026-08-04T14:50:00,78330.0,78337.89,78318.99,78318.99,26584
1785835260,2026-08-04T14:51:00,78314.9,78335.23,78314.9,78330.74,14904
1785835320,2026-08-04T14:52:00,78328.99,78337.54,78327.81,78330.52,20641
1785835380,2026-08-04T14:53:00,78329.75,78343.08,78328.72,78342.94,20050
1785835440,2026-08-04T14:54:00,78343.12,78346.62,78336.43,78345.4,16932
1785835500,2026-08-04T14:55:00,78344.97,78357.23,78337.86,78356.08,15740
1785835560,2026-08-04T14:56:00,78353.08,78354.07,78340.56,78345.64,17198
1785835620,2026-08-04T14:57:00,78345.85,78354.03,78323.29,78323.29,23257
1785835680,2026-08-04T14:58:00,78320.89,78329.61,78313.03,78323.83,15040
1785835740,2026-08-04T14:59:00,78328.29,78333.47,78312.63,78316.62,22353
1785835800,2026-08-04T15:00:00,78314.12,78332.62,78309.89,78311.77,42397
1785835860,2026-08-04T15:01:00,78310.77,78310.77,78270.75,78270.75,68920
1785835920,2026-08-04T15:02:00,78270.49,78276.38,78262.81,78273.34,20901
1785835980,2026-08-04T15:03:00,78272.81,78274.84,78258.0,78263.57,20751
1785836040,2026-08-04T15:04:00,78263.65,78271.67,78246.15,78246.15,31579
1785836100,2026-08-04T15:05:00,78245.06,78253.48,78237.39,78240.88,44828
1785836160,2026-08-04T15:06:00,78240.53,78262.35,78237.42,78251.25,21293
1785836220,2026-08-04T15:07:00,78251.91,78283.87,78251.02,78270.95,27413
1785836280,2026-08-04T15:08:00,78275.81,78280.82,78263.39,78274.6,16381
1785836340,2026-08-04T15:09:00,78275.13,78277.25,78261.11,78272.67,27093
1785836400,2026-08-04T15:10:00,78273.4,78279.19,78251.74,78253.73,26869
1785836460,2026-08-04T15:11:00,78255.18,78280.97,78245.19,78259.94,13796
1785836520,2026-08-04T15:12:00,78258.11,78272.01,78245.86,78262.7,16434
1785836580,2026-08-04T15:13:00,78251.63,78274.04,78240.82,78266.0,26897
1785836640,2026-08-04T15:14:00,78266.38,78324.74,78254.72,78324.56,34952
1785836700,2026-08-04T15:15:00,78324.56,78324.56,78324.56,78324.56,34952
1785836760,2026-08-04T15:16:00,78324.56,78324.56,78324.56,78324.56,34952
1785836820,2026-08-04T15:17:00,78324.56,78324.56,78324.56,78324.56,34952
1785836880,2026-08-04T15:18:00,78324.56,78324.56,78324.56,78324.56,34952
1785836940,2026-08-04T15:19:00,78324.56,78324.56,78324.56,78324.56,34952
1785837000,2026-08-04T15:20:00,78324.56,78324.56,78324.56,78324.56,34952
1785837060,2026-08-04T15:21:00,78324.56,78324.56,78324.56,78324.56,34952
1785837120,2026-08-04T15:22:00,78324.56,78324.56,78324.56,78324.56,34952
1785837180,2026-08-04T15:23:00,78324.56,78324.56,78324.56,78324.56,34952
1785837240,2026-08-04T15:24:00,78324.56,78324.56,78324.56,78324.56,34952
1785837300,2026-08-04T15:25:00,78324.56,78324.56,78324.56,78324.56,34952
1785837360,2026-08-04T15:26:00,78324.56,78324.56,78324.56,78324.56,34952
1785837420,2026-08-04T15:27:00,78324.56,78324.56,78324.56,78324.56,34952
1785837480,2026-08-04T15:28:00,78324.56,78324.56,78324.56,78324.56,34952
1785837540,2026-08-04T15:29:00,78324.56,78428.95,78324.56,78428.95,34952
1785901500,2026-08-05T09:15:00,79055.38,79055.38,78790.89,78882.55,253728
1785901560,2026-08-05T09:16:00,78892.2,78931.68,78865.66,78919.51,116474
1785901620,2026-08-05T09:17:00,78926.5,78930.48,78899.09,78899.09,91409
1785901680,2026-08-05T09:18:00,78902.61,78931.31,78884.77,78914.26,86899
1785901740,2026-08-05T09:19:00,78918.52,78918.52,78874.01,78875.69,67425
1785901800,2026-08-05T09:20:00,78878.4,78900.98,78874.62,78884.01,58136
1785901860,2026-08-05T09:21:00,78882.84,78896.84,78872.88,78884.64,33844
1785901920,2026-08-05T09:22:00,78883.13,78895.97,78846.02,78849.48,75094
1785901980,2026-08-05T09:23:00,78852.31,78862.48,78827.49,78828.8,65200
1785902040,2026-08-05T09:24:00,78829.16,78843.59,78821.63,78835.07,50208
1785902100,2026-08-05T09:25:00,78834.44,78842.6,78813.74,78818.46,45920
1785902160,2026-08-05T09:26:00,78816.89,78822.92,78795.42,78795.59,32556
1785902220,2026-08-05T09:27:00,78795.29,78817.04,78793.09,78799.59,32118
1785902280,2026-08-05T09:28:00,78801.5,78814.89,78791.71,78814.89,26875
1785902340,2026-08-05T09:29:00,78811.69,78829.72,78809.48,78817.74,27292
1785902400,2026-08-05T09:30:00,78816.92,78816.92,78764.99,78766.24,291365
1785902460,2026-08-05T09:31:00,78769.09,78792.75,78762.56,78792.1,22562
1785902520,2026-08-05T09:32:00,78795.58,78807.46,78789.92,78803.97,53766
1785902580,2026-08-05T09:33:00,78803.19,78810.0,78795.56,78797.96,32692
1785902640,2026-08-05T09:34:00,78795.83,78806.95,78779.34,78779.34,29272
1785902700,2026-08-05T09:35:00,78781.53,78787.2,78762.61,78769.9,27578
1785902760,2026-08-05T09:36:00,78771.99,78778.91,78758.57,78760.76,27929
1785902820,2026-08-05T09:37:00,78761.9,78763.99,78745.93,78749.1,19645
1785902880,2026-08-05T09:38:00,78749.06,78775.92,78745.61,78775.92,31574
1785902940,2026-08-05T09:39:00,78777.79,78799.43,78773.13,78798.12,22893
1785903000,2026-08-05T09:40:00,78800.19,78822.32,78796.57,78822.32,32915
1785903060,2026-08-05T09:41:00,78822.79,78844.16,78819.44,78838.5,18632
1785903120,2026-08-05T09:42:00,78838.76,78851.27,78816.04,78817.59,31455
1785903180,2026-08-05T09:43:00,78817.85,78831.28,78815.25,78827.6,22149
1785903240,2026-08-05T09:44:00,78827.6,78827.6,78809.42,78811.64,32260
1785903300,2026-08-05T09:45:00,78814.15,78817.64,78804.89,78807.58,32373
1785903360,2026-08-05T09:46:00,78807.43,78808.14,78789.21,78808.14,15740
1785903420,2026-08-05T09:47:00,78805.59,78811.77,78795.79,78806.98,17148
1785903480,2026-08-05T09:48:00,78805.93,78811.07,78793.18,78806.48,26618
1785903540,2026-08-05T09:49:00,78808.15,78828.69,78808.15,78818.49,68159
1785903600,2026-08-05T09:50:00,78814.19,78820.0,78800.33,78801.05,48302
1785903660,2026-08-05T09:51:00,78800.9,78804.34,78758.99,78758.99,43893
1785903720,2026-08-05T09:52:00,78758.41,78760.42,78737.68,78747.6,44846
1785903780,2026-08-05T09:53:00,78743.32,78749.05,78721.32,78731.24,23613
1785903840,2026-08-05T09:54:00,78725.7,78731.22,78698.64,78701.34,26535
1785903900,2026-08-05T09:55:00,78698.9,78699.93,78668.0,78671.76,42183
1785903960,2026-08-05T09:56:00,78671.99,78689.33,78670.42,78679.99,24728
1785904020,2026-08-05T09:57:00,78679.2,78679.2,78664.66,78673.3,13989
1785904080,2026-08-05T09:58:00,78672.73,78694.82,78672.73,78690.61,19358
1785904140,2026-08-05T09:59:00,78692.95,78708.36,78687.16,78705.21,30723
1785904200,2026-08-05T10:00:00,78707.76,78729.67,78707.76,78729.67,16484
1785904260,2026-08-05T10:01:00,78730.21,78740.19,78725.61,78731.71,15701
1785904320,2026-08-05T10:02:00,78733.14,78757.43,78721.54,78756.03,20762
1785904380,2026-08-05T10:03:00,78757.54,78790.11,78757.54,78790.11,60646
1785904440,2026-08-05T10:04:00,78788.36,78788.36,78762.53,78762.53,21300
1785904500,2026-08-05T10:05:00,78765.78,78774.71,78736.3,78739.27,18784
1785904560,2026-08-05T10:06:00,78739.27,78740.06,78690.79,78696.59,19178
1785904620,2026-08-05T10:07:00,78696.59,78697.12,78679.31,78682.16,13284
1785904680,2026-08-05T10:08:00,78684.73,78742.04,78684.12,78736.92,20920
1785904740,2026-08-05T10:09:00,78737.73,78753.8,78736.15,78747.88,18229
1785904800,2026-08-05T10:10:00,78746.09,78761.9,78735.49,78739.86,69993
1785904860,2026-08-05T10:11:00,78743.05,78769.56,78743.05,78760.97,26429
1785904920,2026-08-05T10:12:00,78754.77,78772.41,78754.77,78766.86,19518
1785904980,2026-08-05T10:13:00,78771.28,78788.39,78768.83,78788.16,13072
1785905040,2026-08-05T10:14:00,78788.77,78795.19,78785.71,78788.04,20168
1785905100,2026-08-05T10:15:00,78787.29,78787.29,78740.78,78740.78,23486
1785905160,2026-08-05T10:16:00,78747.54,78750.13,78735.3,78739.59,14822
1785905220,2026-08-05T10:17:00,78734.3,78734.3,78715.65,78733.77,12841
1785905280,2026-08-05T10:18:00,78732.75,78743.42,78727.68,78740.52,10709
1785905340,2026-08-05T10:19:00,78740.57,78756.17,78738.44,78752.94,23863
1785905400,2026-08-05T10:20:00,78754.62,78766.57,78748.83,78766.57,27961
1785905460,2026-08-05T10:21:00,78766.51,78772.61,78745.74,78746.89,22356
1785905520,2026-08-05T10:22:00,78747.29,78772.54,78737.59,78767.73,20200
1785905580,2026-08-05T10:23:00,78766.43,78780.67,78752.68,78780.67,20014
1785905640,2026-08-05T10:24:00,78780.75,78792.79,78762.96,78786.85,20076
1785905700,2026-08-05T10:25:00,78786.16,78791.18,78748.25,78780.53,13769
1785905760,2026-08-05T10:26:00,78778.0,78778.0,78721.64,78721.64,15852
1785905820,2026-08-05T10:27:00,78717.42,78721.02,78689.55,78689.55,44034
1785905880,2026-08-05T10:28:00,78688.85,78692.15,78647.25,78648.77,16147
1785905940,2026-08-05T10:29:00,78651.73,78679.93,78646.5,78674.09,9972
1785906000,2026-08-05T10:30:00,78673.88,78673.88,78620.69,78648.09,13625
1785906060,2026-08-05T10:31:00,78648.86,78649.51,78609.84,78617.25,37744
1785906120,2026-08-05T10:32:00,78619.53,78653.29,78613.46,78653.29,22678
1785906180,2026-08-05T10:33:00,78653.9,78661.26,78645.66,78645.66,11819
1785906240,2026-08-05T10:34:00,78647.76,78669.81,78639.33,78639.33,8071
1785906300,2026-08-05T10:35:00,78640.76,78663.51,78634.97,78636.97,13065
1785906360,2026-08-05T10:36:00,78637.15,78681.34,78636.98,78681.34,19697
1785906420,2026-08-05T10:37:00,78683.68,78684.29,78633.6,78656.62,214452
1785906480,2026-08-05T10:38:00,78654.99,78654.99,78635.3,78650.91,10413
1785906540,2026-08-05T10:39:00,78647.35,78658.61,78627.86,78654.94,10094
1785906600,2026-08-05T10:40:00,78653.65,78672.64,78638.33,78667.46,9557
1785906660,2026-08-05T10:41:00,78668.22,78705.35,78660.1,78687.52,10233
1785906720,2026-08-05T10:42:00,78689.15,78722.27,78688.51,78704.71,14661
1785906780,2026-08-05T10:43:00,78703.06,78732.7,78697.06,78727.83,21106
1785906840,2026-08-05T10:44:00,78725.77,78727.06,78696.64,78696.64,12483
1785906900,2026-08-05T10:45:00,78696.64,78717.81,78695.67,78695.67,9524
1785906960,2026-08-05T10:46:00,78699.96,78714.49,78696.79,78709.39,12381
1785907020,2026-08-05T10:47:00,78708.19,78714.16,78704.73,78714.16,6817
1785907080,2026-08-05T10:48:00,78714.23,78746.77,78714.23,78736.37,24125
1785907140,2026-08-05T10:49:00,78735.93,78749.29,78703.39,78744.8,25911
1785907200,2026-08-05T10:50:00,78745.21,78771.61,78738.2,78739.74,15363
1785907260,2026-08-05T10:51:00,78742.24,78763.32,78724.37,78744.65,11746
1785907320,2026-08-05T10:52:00,78717.58,78753.33,78711.4,78735.71,10586
1785907380,2026-08-05T10:53:00,78736.99,78747.67,78736.08,78741.95,28358
1785907440,2026-08-05T10:54:00,78746.43,78765.19,78745.52,78759.96,17360
1785907500,2026-08-05T10:55:00,78763.43,78809.3,78762.38,78807.2,65812
1785907560,2026-08-05T10:56:00,78809.48,78831.08,78793.57,78793.57,28274
1785907620,2026-08-05T10:57:00,78792.77,78834.84,78790.55,78827.95,25847
1785907680,2026-08-05T10:58:00,78830.35,78847.21,78828.77,78847.15,83668
1785907740,2026-08-05T10:59:00,78846.64,78853.63,78839.44,78853.63,10192
1785907800,2026-08-05T11:00:00,78854.53,78895.93,78854.53,78892.26,208641
1785907860,2026-08-05T11:01:00,78893.73,78895.92,78879.13,78879.81,62569
1785907920,2026-08-05T11:02:00,78873.34,78883.05,78860.75,78870.08,23500
1785907980,2026-08-05T11:03:00,78869.72,78885.56,78868.47,78885.04,31238
1785908040,2026-08-05T11:04:00,78882.5,78886.53,78872.59,78873.39,12335
1785908100,2026-08-05T11:05:00,78873.99,78897.2,78869.0,78894.57,2254156
1785908160,2026-08-05T11:06:00,78897.51,78921.78,78887.92,78887.92,31555
1785908220,2026-08-05T11:07:00,78891.77,78917.77,78860.8,78865.83,50450
1785908280,2026-08-05T11:08:00,78865.98,78866.32,78800.57,78804.33,18998
1785908340,2026-08-05T11:09:00,78805.63,78838.42,78800.59,78806.58,60930
1785908400,2026-08-05T11:10:00,78807.79,78807.79,78754.99,78762.07,70877
1785908460,2026-08-05T11:11:00,78761.71,78772.47,78757.4,78761.04,25402
1785908520,2026-08-05T11:12:00,78759.57,78808.07,78759.57,78792.04,62772
1785908580,2026-08-05T11:13:00,78789.1,78839.42,78786.82,78814.27,12336
1785908640,2026-08-05T11:14:00,78815.39,78838.9,78793.25,78793.25,14174
1785908700,2026-08-05T11:15:00,78795.01,78831.83,78795.01,78801.2,63169
1785908760,2026-08-05T11:16:00,78801.82,78834.35,78797.85,78826.28,216508
1785908820,2026-08-05T11:17:00,78826.28,78828.98,78795.6,78820.95,21317
1785908880,2026-08-05T11:18:00,78822.67,78823.45,78781.04,78796.11,7079
1785908940,2026-08-05T11:19:00,78795.94,78802.56,78782.91,78782.91,39060
1785909000,2026-08-05T11:20:00,78783.22,78786.93,78771.24,78778.4,11643
1785909060,2026-08-05T11:21:00,78783.35,78783.35,78757.13,78766.75,35972
1785909120,2026-08-05T11:22:00,78768.25,78792.36,78768.25,78780.26,10773
1785909180,2026-08-05T11:23:00,78781.83,78783.41,78770.72,78771.1,15614
1785909240,2026-08-05T11:24:00,78771.1,78771.1,78752.39,78764.69,12443
1785909300,2026-08-05T11:25:00,78766.09,78767.52,78736.98,78766.06,26516
1785909360,2026-08-05T11:26:00,78763.63,78763.63,78745.74,78746.41,47136
1785909420,2026-08-05T11:27:00,78746.41,78747.11,78739.02,78744.59,7953
1785909480,2026-08-05T11:28:00,78746.71,78749.19,78734.99,78737.15,6946
1785909540,2026-08-05T11:29:00,78737.19,78748.27,78713.87,78740.67,12408
1785909600,2026-08-05T11:30:00,78718.28,78726.01,78711.42,78720.77,13744
1785909660,2026-08-05T11:31:00,78720.32,78730.79,78695.26,78730.51,13145
1785909720,2026-08-05T11:32:00,78731.43,78732.96,78691.45,78691.45,11113
1785909780,2026-08-05T11:33:00,78720.83,78722.99,78693.71,78699.21,49454
1785909840,2026-08-05T11:34:00,78696.39,78699.03,78663.01,78664.86,12833
1785909900,2026-08-05T11:35:00,78667.38,78677.57,78648.03,78648.12,15193
1785909960,2026-08-05T11:36:00,78647.61,78692.73,78646.67,78681.45,8331
1785910020,2026-08-05T11:37:00,78680.08,78684.54,78650.91,78684.54,11190
1785910080,2026-08-05T11:38:00,78685.42,78698.31,78660.75,78694.54,16738
1785910140,2026-08-05T11:39:00,78698.19,78706.27,78669.53,78704.36,14997
1785910200,2026-08-05T11:40:00,78707.74,78710.66,78678.2,78705.01,9338
1785910260,2026-08-05T11:41:00,78681.49,78688.79,78665.35,78685.87,10734
1785910320,2026-08-05T11:42:00,78685.18,78691.22,78662.41,78677.35,12195
1785910380,2026-08-05T11:43:00,78676.17,78693.67,78664.9,78683.27,26856
1785910440,2026-08-05T11:44:00,78683.08,78697.38,78671.8,78676.26,23132
1785910500,2026-08-05T11:45:00,78676.44,78676.44,78650.36,78668.44,10444
1785910560,2026-08-05T11:46:00,78673.64,78673.94,78641.61,78669.85,5503
1785910620,2026-08-05T11:47:00,78669.85,78673.71,78644.06,78655.11,18954
1785910680,2026-08-05T11:48:00,78655.09,78662.9,78642.23,78646.23,8781
1785910740,2026-08-05T11:49:00,78647.04,78647.07,78630.16,78631.65,4759
1785910800,2026-08-05T11:50:00,78635.46,78639.01,78600.8,78627.26,14366
1785910860,2026-08-05T11:51:00,78627.18,78627.81,78588.06,78592.97,21414
1785910920,2026-08-05T11:52:00,78592.97,78621.55,78589.43,78615.02,9693
1785910980,2026-08-05T11:53:00,78618.83,78629.91,78595.98,78616.27,11876
1785911040,2026-08-05T11:54:00,78616.27,78616.58,78606.15,78609.67,10220
1785911100,2026-08-05T11:55:00,78610.14,78610.14,78572.37,78581.3,17085
1785911160,2026-08-05T11:56:00,78581.3,78610.25,78571.81,78598.87,48977
1785911220,2026-08-05T11:57:00,78597.92,78597.92,78556.21,78556.51,9681
1785911280,2026-08-05T11:58:00,78555.73,78574.68,78551.85,78565.37,14163
1785911340,2026-08-05T11:59:00,78565.61,78597.88,78565.61,78593.82,10285
1785911400,2026-08-05T12:00:00,78599.29,78603.59,78573.64,78589.49,10309
1785911460,2026-08-05T12:01:00,78586.62,78607.83,78580.08,78607.83,14401
1785911520,2026-08-05T12:02:00,78608.03,78608.03,78584.12,78605.66,31152
1785911580,2026-08-05T12:03:00,78595.17,78624.4,78591.8,78606.33,8419
1785911640,2026-08-05T12:04:00,78607.34,78610.4,78596.17,78598.74,6848
1785911700,2026-08-05T12:05:00,78598.74,78606.79,78585.32,78585.32,9861
1785911760,2026-08-05T12:06:00,78582.95,78610.13,78579.61,78586.65,7831
1785911820,2026-08-05T12:07:00,78585.25,78617.36,78582.29,78611.76,12416
1785911880,2026-08-05T12:08:00,78611.16,78611.55,78583.18,78584.6,8103
1785911940,2026-08-05T12:09:00,78584.13,78616.51,78582.21,78613.57,11670
1785912000,2026-08-05T12:10:00,78614.56,78615.17,78576.88,78602.35,15139
1785912060,2026-08-05T12:11:00,78601.64,78601.64,78563.48,78568.14,21816
1785912120,2026-08-05T12:12:00,78568.86,78601.38,78547.83,78601.38,6829
1785912180,2026-08-05T12:13:00,78604.04,78607.57,78572.49,78599.88,6250
1785912240,2026-08-05T12:14:00,78598.57,78604.09,78569.93,78596.61,9505
1785912300,2026-08-05T12:15:00,78596.66,78608.04,78577.74,78604.96,12233
1785912360,2026-08-05T12:16:00,78609.26,78610.16,78572.04,78602.83,13707
1785912420,2026-08-05T12:17:00,78602.96,78615.65,78573.3,78613.58,13574
1785912480,2026-08-05T12:18:00,78613.12,78613.12,78597.92,78603.23,11992
1785912540,2026-08-05T12:19:00,78602.25,78602.25,78564.45,78564.45,15256
1785912600,2026-08-05T12:20:00,78565.18,78579.42,78563.0,78570.97,17205
1785912660,2026-08-05T12:21:00,78572.1,78583.3,78566.17,78578.26,6701
1785912720,2026-08-05T12:22:00,78579.8,78595.63,78543.75,78548.54,77619
1785912780,2026-08-05T12:23:00,78553.37,78557.1,78540.74,78552.84,62269
1785912840,2026-08-05T12:24:00,78553.05,78613.59,78553.05,78598.83,179484
1785912900,2026-08-05T12:25:00,78591.62,78608.11,78579.97,78589.41,255390
1785912960,2026-08-05T12:26:00,78590.4,78597.0,78567.24,78567.24,41905
1785913020,2026-08-05T12:27:00,78569.88,78574.48,78542.98,78558.99,109379
1785913080,2026-08-05T12:28:00,78556.18,78576.0,78555.15,78567.81,20880
1785913140,2026-08-05T12:29:00,78570.34,78575.62,78562.92,78564.5,34059
1785913200,2026-08-05T12:30:00,78565.18,78571.02,78552.47,78553.23,116557
1785913260,2026-08-05T12:31:00,78548.69,78549.2,78519.64,78522.25,12881
1785913320,2026-08-05T12:32:00,78519.96,78521.55,78488.6,78513.38,18912
1785913380,2026-08-05T12:33:00,78512.7,78513.05,78500.22,78510.1,31769
1785913440,2026-08-05T12:34:00,78509.07,78512.36,78481.85,78488.54,9429
1785913500,2026-08-05T12:35:00,78486.74,78489.7,78464.0,78470.53,12259
1785913560,2026-08-05T12:36:00,78470.08,78472.69,78457.03,78459.75,63394
1785913620,2026-08-05T12:37:00,78459.48,78460.27,78440.01,78444.93,17545
1785913680,2026-08-05T12:38:00,78445.05,78453.02,78438.61,78448.71,9551
1785913740,2026-08-05T12:39:00,78446.54,78467.1,78446.54,78465.74,13886
1785913800,2026-08-05T12:40:00,78465.74,78479.82,78463.69,78476.35,5304
1785913860,2026-08-05T12:41:00,78477.07,78478.38,78462.0,78462.0,5694
1785913920,2026-08-05T12:42:00,78463.74,78464.59,78448.62,78452.77,4459
1785913980,2026-08-05T12:43:00,78454.45,78454.45,78434.36,78435.39,9799
1785914040,2026-08-05T12:44:00,78434.99,78442.6,78426.63,78438.54,23400
1785914100,2026-08-05T12:45:00,78439.13,78447.47,78438.78,78442.91,7295
1785914160,2026-08-05T12:46:00,78442.78,78445.6,78430.82,78434.98,17711
1785914220,2026-08-05T12:47:00,78437.89,78447.94,78433.62,78434.54,4828
1785914280,2026-08-05T12:48:00,78434.2,78442.21,78428.28,78431.14,10578
1785914340,2026-08-05T12:49:00,78430.04,78433.64,78407.38,78412.93,11615
1785914400,2026-08-05T12:50:00,78412.93,78419.23,78406.72,78406.72,44210
1785914460,2026-08-05T12:51:00,78403.86,78405.87,78395.53,78401.96,12952
1785914520,2026-08-05T12:52:00,78398.98,78409.35,78393.78,78409.35,19380
1785914580,2026-08-05T12:53:00,78407.98,78413.18,78399.61,78409.43,8489
1785914640,2026-08-05T12:54:00,78409.83,78417.82,78398.51,78403.89,8241
1785914700,2026-08-05T12:55:00,78403.89,78413.12,78396.18,78410.63,8666
1785914760,2026-08-05T12:56:00,78410.88,78420.28,78394.44,78395.38,9252
1785914820,2026-08-05T12:57:00,78395.38,78403.95,78391.71,78395.73,9512
1785914880,2026-08-05T12:58:00,78395.76,78405.04,78394.5,78397.39,6049
1785914940,2026-08-05T12:59:00,78397.85,78400.81,78390.89,78391.52,7621
1785915000,2026-08-05T13:00:00,78391.17,78391.17,78374.46,78381.52,22853
1785915060,2026-08-05T13:01:00,78381.76,78384.13,78375.71,78383.66,5512
1785915120,2026-08-05T13:02:00,78383.06,78396.81,78379.13,78392.6,22666
1785915180,2026-08-05T13:03:00,78392.6,78423.42,78392.6,78418.23,9174
1785915240,2026-08-05T13:04:00,78418.23,78440.8,78416.25,78434.6,29756
1785915300,2026-08-05T13:05:00,78434.0,78434.94,78376.45,78381.59,13544
1785915360,2026-08-05T13:06:00,78381.59,78383.11,78358.25,78369.76,11507
1785915420,2026-08-05T13:07:00,78372.59,78395.67,78371.69,78371.69,63973
1785915480,2026-08-05T13:08:00,78371.17,78410.93,78369.42,78406.41,137506
1785915540,2026-08-05T13:09:00,78402.7,78454.53,78402.15,78448.53,108274
1785915600,2026-08-05T13:10:00,78445.21,78448.04,78437.03,78440.21,18064
1785915660,2026-08-05T13:11:00,78443.93,78446.01,78412.1,78413.35,10348
1785915720,2026-08-05T13:12:00,78413.62,78416.05,78400.74,78400.74,7525
1785915780,2026-08-05T13:13:00,78400.74,78400.74,78385.56,78388.42,10032
1785915840,2026-08-05T13:14:00,78388.53,78428.42,78388.53,78428.42,12823
1785915900,2026-08-05T13:15:00,78431.33,78444.58,78421.2,78444.58,44052
1785915960,2026-08-05T13:16:00,78449.36,78460.25,78436.62,78460.25,22442
1785916020,2026-08-05T13:17:00,78460.44,78471.09,78459.48,78464.94,24513
1785916080,2026-08-05T13:18:00,78465.0,78476.25,78458.95,78466.1,7172
1785916140,2026-08-05T13:19:00,78466.1,78480.24,78458.18,78480.24,8641
1785916200,2026-08-05T13:20:00,78480.24,78486.44,78475.12,78482.65,10517
1785916260,2026-08-05T13:21:00,78482.65,78482.65,78448.0,78455.1,8677
1785916320,2026-08-05T13:22:00,78455.1,78494.18,78451.74,78494.18,11782
1785916380,2026-08-05T13:23:00,78495.75,78516.44,78455.72,78458.26,50222
1785916440,2026-08-05T13:24:00,78457.96,78458.6,78404.88,78410.76,18486
1785916500,2026-08-05T13:25:00,78410.29,78411.37,78385.28,78385.28,10734
1785916560,2026-08-05T13:26:00,78383.88,78413.67,78383.88,78405.96,20560
1785916620,2026-08-05T13:27:00,78408.89,78423.5,78406.39,78421.85,6263
1785916680,2026-08-05T13:28:00,78420.36,78423.43,78405.2,78409.88,9395
1785916740,2026-08-05T13:29:00,78409.76,78411.76,78402.42,78411.76,5486
1785916800,2026-08-05T13:30:00,78412.46,78422.95,78403.38,78422.95,9441
1785916860,2026-08-05T13:31:00,78421.84,78427.03,78414.22,78423.34,14389
1785916920,2026-08-05T13:32:00,78423.64,78439.75,78411.24,78438.01,34895
1785916980,2026-08-05T13:33:00,78441.18,78453.08,78425.64,78435.32,236874
1785917040,2026-08-05T13:34:00,78433.44,78433.44,78352.67,78366.52,143817
1785917100,2026-08-05T13:35:00,78366.06,78411.7,78366.06,78408.77,59160
1785917160,2026-08-05T13:36:00,78410.55,78414.91,78377.43,78383.1,75269
1785917220,2026-08-05T13:37:00,78381.55,78405.17,78378.85,78396.83,22246
1785917280,2026-08-05T13:38:00,78399.26,78399.26,78369.17,78376.55,12224
1785917340,2026-08-05T13:39:00,78376.55,78383.41,78373.72,78379.57,6580
1785917400,2026-08-05T13:40:00,78380.14,78384.02,78374.99,78375.93,7620
1785917460,2026-08-05T13:41:00,78372.33,78376.49,78367.8,78376.38,6295
1785917520,2026-08-05T13:42:00,78376.38,78379.0,78359.25,78360.98,8711
1785917580,2026-08-05T13:43:00,78360.69,78363.72,78337.18,78340.06,33210
1785917640,2026-08-05T13:44:00,78339.89,78346.31,78316.57,78346.31,41801
1785917700,2026-08-05T13:45:00,78347.67,78354.14,78311.39,78320.92,83537
1785917760,2026-08-05T13:46:00,78325.56,78367.07,78321.21,78364.32,23979
1785917820,2026-08-05T13:47:00,78363.62,78373.76,78360.74,78372.79,67636
1785917880,2026-08-05T13:48:00,78367.97,78380.87,78366.84,78379.1,10974
1785917940,2026-08-05T13:49:00,78378.31,78403.43,78375.41,78403.43,10724
1785918000,2026-08-05T13:50:00,78404.03,78417.94,78378.68,78407.39,43934
1785918060,2026-08-05T13:51:00,78395.22,78403.8,78343.77,78347.88,58804
1785918120,2026-08-05T13:52:00,78342.33,78373.95,78332.42,78372.09,46948
1785918180,2026-08-05T13:53:00,78374.33,78374.33,78345.1,78355.74,4405
1785918240,2026-08-05T13:54:00,78353.68,78362.51,78351.21,78356.57,7862
1785918300,2026-08-05T13:55:00,78359.47,78363.78,78338.05,78338.08,6293
1785918360,2026-08-05T13:56:00,78337.65,78347.06,78335.51,78341.44,16342
1785918420,2026-08-05T13:57:00,78340.69,78350.14,78337.26,78348.07,18885
1785918480,2026-08-05T13:58:00,78347.37,78354.2,78343.39,78352.08,14862
1785918540,2026-08-05T13:59:00,78352.08,78361.85,78352.08,78359.24,9624
1785918600,2026-08-05T14:00:00,78359.24,78370.98,78352.38,78370.98,42652
1785918660,2026-08-05T14:01:00,78371.99,78372.71,78357.94,78366.26,6252
1785918720,2026-08-05T14:02:00,78368.58,78377.89,78363.54,78376.26,5057
1785918780,2026-08-05T14:03:00,78378.24,78387.64,78375.95,78385.77,43048
1785918840,2026-08-05T14:04:00,78385.77,78389.86,78380.91,78388.55,5616
1785918900,2026-08-05T14:05:00,78388.15,78394.76,78378.02,78387.92,24240
1785918960,2026-08-05T14:06:00,78392.22,78398.21,78385.76,78391.25,17369
1785919020,2026-08-05T14:07:00,78390.8,78407.25,78390.8,78406.5,21354
1785919080,2026-08-05T14:08:00,78407.42,78412.93,78390.43,78391.29,5788
1785919140,2026-08-05T14:09:00,78391.13,78395.36,78386.0,78390.52,14084
1785919200,2026-08-05T14:10:00,78388.02,78397.55,78386.79,78396.88,22479
1785919260,2026-08-05T14:11:00,78397.0,78398.2,78368.64,78371.53,14126
1785919320,2026-08-05T14:12:00,78371.53,78396.76,78369.62,78389.6,14414
1785919380,2026-08-05T14:13:00,78388.46,78389.21,78366.79,78366.79,6284
1785919440,2026-08-05T14:14:00,78366.79,78366.79,78350.44,78352.27,6233
1785919500,2026-08-05T14:15:00,78352.07,78352.66,78337.38,78346.7,22713
1785919560,2026-08-05T14:16:00,78343.94,78347.45,78324.48,78330.27,7241
1785919620,2026-08-05T14:17:00,78329.16,78329.16,78297.13,78299.0,7972
1785919680,2026-08-05T14:18:00,78299.27,78301.0,78292.0,78298.79,10011
1785919740,2026-08-05T14:19:00,78298.37,78321.22,78298.21,78318.33,59480
1785919800,2026-08-05T14:20:00,78316.49,78330.19,78311.32,78325.06,10306
1785919860,2026-08-05T14:21:00,78325.63,78339.3,78310.15,78338.81,37764
1785919920,2026-08-05T14:22:00,78341.23,78345.08,78319.36,78319.44,8656
1785919980,2026-08-05T14:23:00,78318.51,78318.51,78301.77,78307.58,6670
1785920040,2026-08-05T14:24:00,78306.92,78315.46,78306.92,78311.02,10950
1785920100,2026-08-05T14:25:00,78310.45,78310.75,78297.89,78299.3,4938
1785920160,2026-08-05T14:26:00,78299.3,78312.67,78296.64,78311.95,11505
1785920220,2026-08-05T14:27:00,78309.41,78330.93,78308.09,78324.94,8526
1785920280,2026-08-05T14:28:00,78324.94,78325.95,78307.47,78308.47,18424
1785920340,2026-08-05T14:29:00,78307.64,78311.81,78296.93,78310.36,12449
1785920400,2026-08-05T14:30:00,78311.1,78320.53,78310.74,78314.69,10405
1785920460,2026-08-05T14:31:00,78316.24,78326.08,78312.6,78313.62,19231
1785920520,2026-08-05T14:32:00,78314.78,78315.34,78301.19,78308.44,10999
1785920580,2026-08-05T14:33:00,78305.3,78318.03,78303.14,78311.03,45672
1785920640,2026-08-05T14:34:00,78311.03,78315.79,78304.14,78308.93,6722
1785920700,2026-08-05T14:35:00,78308.93,78309.64,78301.37,78302.13,11996
1785920760,2026-08-05T14:36:00,78303.24,78349.2,78285.74,78324.83,27241
1785920820,2026-08-05T14:37:00,78327.2,78360.62,78326.12,78359.76,10766
1785920880,2026-08-05T14:38:00,78359.76,78359.76,78327.12,78340.8,45916
1785920940,2026-08-05T14:39:00,78354.29,78366.98,78339.51,78354.47,36576
1785921000,2026-08-05T14:40:00,78354.89,78354.89,78314.78,78316.58,39577
1785921060,2026-08-05T14:41:00,78317.56,78339.8,78309.65,78326.57,13265
1785921120,2026-08-05T14:42:00,78322.96,78324.47,78312.92,78317.74,21896
1785921180,2026-08-05T14:43:00,78318.14,78319.26,78308.68,78314.94,16053
1785921240,2026-08-05T14:44:00,78315.21,78321.6,78289.44,78320.92,23370
1785921300,2026-08-05T14:45:00,78320.93,78333.24,78312.72,78324.58,31675
1785921360,2026-08-05T14:46:00,78324.3,78331.71,78310.64,78317.88,22351
1785921420,2026-08-05T14:47:00,78318.86,78335.78,78307.16,78333.63,48582
1785921480,2026-08-05T14:48:00,78333.9,78335.74,78325.53,78333.07,27992
1785921540,2026-08-05T14:49:00,78332.58,78355.11,78330.68,78351.38,45129
1785921600,2026-08-05T14:50:00,78350.33,78355.56,78324.45,78345.71,25726
1785921660,2026-08-05T14:51:00,78345.23,78345.94,78307.95,78323.58,45820
1785921720,2026-08-05T14:52:00,78313.38,78334.3,78305.89,78329.31,26841
1785921780,2026-08-05T14:53:00,78332.75,78350.23,78316.3,78328.73,25096
1785921840,2026-08-05T14:54:00,78333.1,78340.85,78324.25,78326.54,17103
1785921900,2026-08-05T14:55:00,78326.6,78327.55,78307.26,78309.44,20913
1785921960,2026-08-05T14:56:00,78310.48,78324.32,78300.79,78323.84,36375
1785922020,2026-08-05T14:57:00,78323.84,78329.35,78313.9,78327.99,22357
1785922080,2026-08-05T14:58:00,78328.79,78369.88,78328.79,78369.88,23033
1785922140,2026-08-05T14:59:00,78370.89,78382.22,78362.76,78362.76,19492
1785922200,2026-08-05T15:00:00,78365.14,78373.83,78361.48,78366.94,42552
1785922260,2026-08-05T15:01:00,78366.4,78367.37,78343.16,78357.91,44798
1785922320,2026-08-05T15:02:00,78359.11,78383.85,78357.26,78382.91,39736
1785922380,2026-08-05T15:03:00,78381.46,78393.21,78362.89,78393.21,114872
1785922440,2026-08-05T15:04:00,78394.5,78408.62,78390.67,78394.89,34452
1785922500,2026-08-05T15:05:00,78393.99,78394.45,78343.86,78357.71,59993
1785922560,2026-08-05T15:06:00,78356.95,78390.19,78351.38,78379.81,47878
1785922620,2026-08-05T15:07:00,78380.46,78428.96,78380.46,78428.96,35557
1785922680,2026-08-05T15:08:00,78428.93,78438.65,78413.87,78418.23,45632
1785922740,2026-08-05T15:09:00,78416.66,78419.2,78396.13,78404.18,21590
1785922800,2026-08-05T15:10:00,78404.18,78418.13,78387.7,78399.35,35671
1785922860,2026-08-05T15:11:00,78395.92,78419.54,78382.31,78419.54,1029889
1785922920,2026-08-05T15:12:00,78421.96,78422.01,78394.28,78418.55,24831
1785922980,2026-08-05T15:13:00,78421.25,78437.79,78406.82,78429.27,33297
1785923040,2026-08-05T15:14:00,78431.62,78509.29,78431.62,78509.29,72165
1785923100,2026-08-05T15:15:00,78501.85,78501.85,78501.85,78501.85,72165
1785923160,2026-08-05T15:16:00,78501.85,78501.85,78501.85,78501.85,72165
1785923220,2026-08-05T15:17:00,78501.85,78501.85,78501.85,78501.85,72165
1785923280,2026-08-05T15:18:00,78501.85,78501.85,78501.85,78501.85,72165
1785923340,2026-08-05T15:19:00,78501.85,78501.85,78501.85,78501.85,72165
1785923400,2026-08-05T15:20:00,78501.85,78501.85,78501.85,78501.85,72165
1785923460,2026-08-05T15:21:00,78501.85,78501.85,78501.85,78501.85,72165
1785923520,2026-08-05T15:22:00,78501.85,78501.85,78501.85,78501.85,72165
1785923580,2026-08-05T15:23:00,78501.85,78501.85,78501.85,78501.85,72165
1785923640,2026-08-05T15:24:00,78501.85,78501.85,78501.85,78501.85,72165
1785923700,2026-08-05T15:25:00,78501.85,78501.85,78501.85,78501.85,72165
1785923760,2026-08-05T15:26:00,78501.85,78501.85,78501.85,78501.85,72165
1785923820,2026-08-05T15:27:00,78501.85,78501.85,78501.85,78501.85,72165
1785923880,2026-08-05T15:28:00,78501.85,78501.85,78501.85,78501.85,72165
1785923940,2026-08-05T15:29:00,78501.85,78581.0,78501.85,78581.0,72165
1785987900,2026-08-06T09:15:00,78772.4,78772.4,78633.73,78705.29,214444
1785987960,2026-08-06T09:16:00,78728.57,78757.19,78675.04,78742.21,161430
1785988020,2026-08-06T09:17:00,78738.59,78757.17,78722.54,78756.65,117603
1785988080,2026-08-06T09:18:00,78754.33,78756.36,78691.28,78701.18,115166
1785988140,2026-08-06T09:19:00,78708.3,78718.84,78683.71,78712.78,88428
1785988200,2026-08-06T09:20:00,78713.23,78753.95,78712.41,78753.18,92930
1785988260,2026-08-06T09:21:00,78745.28,78768.85,78727.29,78768.85,110392
1785988320,2026-08-06T09:22:00,78767.77,78782.47,78759.15,78775.54,94561
1785988380,2026-08-06T09:23:00,78767.76,78787.72,78761.8,78777.42,90667
1785988440,2026-08-06T09:24:00,78774.52,78778.32,78753.29,78753.29,58492
1785988500,2026-08-06T09:25:00,78753.19,78763.56,78722.29,78747.71,54707
1785988560,2026-08-06T09:26:00,78747.78,78758.04,78740.27,78745.05,46127
1785988620,2026-08-06T09:27:00,78746.22,78761.23,78740.01,78753.91,79773
1785988680,2026-08-06T09:28:00,78751.91,78763.46,78743.04,78745.78,67431
1785988740,2026-08-06T09:29:00,78746.48,78758.35,78730.59,78758.35,62922
1785988800,2026-08-06T09:30:00,78765.45,78797.26,78745.24,78795.86,50378
1785988860,2026-08-06T09:31:00,78797.2,78800.27,78739.08,78739.08,59210
1785988920,2026-08-06T09:32:00,78736.18,78770.87,78721.23,78745.65,45057
1785988980,2026-08-06T09:33:00,78748.18,78755.0,78710.3,78749.41,34066
1785989040,2026-08-06T09:34:00,78750.53,78752.35,78711.3,78722.9,50498
1785989100,2026-08-06T09:35:00,78725.93,78751.72,78710.17,78746.16,86944
1785989160,2026-08-06T09:36:00,78739.7,78742.54,78719.72,78719.72,47016
1785989220,2026-08-06T09:37:00,78720.44,78731.5,78720.36,78720.36,43853
1785989280,2026-08-06T09:38:00,78720.93,78737.51,78709.29,78723.7,51849
1785989340,2026-08-06T09:39:00,78725.67,78744.08,78725.67,78735.08,35715
1785989400,2026-08-06T09:40:00,78736.25,78760.47,78733.63,78758.66,44741
1785989460,2026-08-06T09:41:00,78752.0,78754.91,78742.24,78745.57,39963
1785989520,2026-08-06T09:42:00,78741.51,78745.37,78732.51,78742.58,88517
1785989580,2026-08-06T09:43:00,78737.42,78750.02,78732.43,78741.56,59900
1785989640,2026-08-06T09:44:00,78739.7,78761.58,78739.7,78759.01,58564
1785989700,2026-08-06T09:45:00,78762.59,78778.43,78758.32,78772.5,48059
1785989760,2026-08-06T09:46:00,78775.45,78785.17,78769.44,78784.27,39274
1785989820,2026-08-06T09:47:00,78783.34,78803.57,78782.07,78799.15,89298
1785989880,2026-08-06T09:48:00,78800.72,78831.81,78800.71,78831.81,67697
1785989940,2026-08-06T09:49:00,78831.53,78839.17,78822.41,78825.26,114149
1785990000,2026-08-06T09:50:00,78825.35,78841.43,78814.24,78840.34,60443
1785990060,2026-08-06T09:51:00,78814.38,78835.53,78807.23,78821.77,36725
1785990120,2026-08-06T09:52:00,78824.82,78833.46,78819.85,78820.54,20031
1785990180,2026-08-06T09:53:00,78820.3,78826.05,78816.92,78825.07,33095
1785990240,2026-08-06T09:54:00,78825.97,78838.85,78823.52,78836.42,63669
1785990300,2026-08-06T09:55:00,78835.89,78836.73,78809.35,78813.23,30970
1785990360,2026-08-06T09:56:00,78813.66,78813.95,78785.3,78789.94,44542
1785990420,2026-08-06T09:57:00,78788.72,78790.35,78769.0,78775.61,22267
1785990480,2026-08-06T09:58:00,78783.1,78791.22,78769.92,78769.92,34915
1785990540,2026-08-06T09:59:00,78770.06,78775.73,78753.3,78753.3,33369
1785990600,2026-08-06T10:00:00,78752.03,78753.53,78709.65,78710.68,28366
1785990660,2026-08-06T10:01:00,78711.54,78722.66,78696.15,78714.36,41934
1785990720,2026-08-06T10:02:00,78719.19,78726.47,78689.44,78689.56,26324
1785990780,2026-08-06T10:03:00,78691.86,78691.86,78665.09,78665.09,27492
1785990840,2026-08-06T10:04:00,78664.37,78681.63,78655.05,78676.77,50569
1785990900,2026-08-06T10:05:00,78679.94,78684.99,78656.79,78665.91,36669
1785990960,2026-08-06T10:06:00,78661.86,78669.88,78655.29,78664.39,16559
1785991020,2026-08-06T10:07:00,78671.2,78693.16,78670.92,78692.12,41949
1785991080,2026-08-06T10:08:00,78692.31,78695.69,78676.64,78676.64,19852
1785991140,2026-08-06T10:09:00,78676.41,78690.03,78673.47,78688.2,37092
1785991200,2026-08-06T10:10:00,78687.56,78699.07,78685.6,78695.86,14566
1785991260,2026-08-06T10:11:00,78697.14,78702.6,78688.36,78691.93,45296
1785991320,2026-08-06T10:12:00,78693.84,78710.09,78686.8,78710.09,16057
1785991380,2026-08-06T10:13:00,78707.96,78730.13,78706.17,78708.61,26501
1785991440,2026-08-06T10:14:00,78708.58,78720.37,78708.58,78711.64,46093
1785991500,2026-08-06T10:15:00,78713.64,78721.69,78695.66,78701.75,47933
1785991560,2026-08-06T10:16:00,78702.95,78708.14,78694.69,78699.71,23721
1785991620,2026-08-06T10:17:00,78699.71,78701.8,78683.34,78683.98,35441
1785991680,2026-08-06T10:18:00,78686.68,78686.68,78668.9,78681.12,34693
1785991740,2026-08-06T10:19:00,78680.65,78691.09,78668.61,78679.8,13120
1785991800,2026-08-06T10:20:00,78678.74,78686.4,78674.03,78686.4,14250
1785991860,2026-08-06T10:21:00,78690.12,78696.23,78681.71,78692.39,20203
1785991920,2026-08-06T10:22:00,78691.71,78710.92,78691.05,78701.73,25793
1785991980,2026-08-06T10:23:00,78701.35,78729.27,78701.35,78729.06,20730
1785992040,2026-08-06T10:24:00,78729.77,78739.42,78725.47,78735.01,29189
1785992100,2026-08-06T10:25:00,78737.21,78741.78,78707.84,78709.5,16919
1785992160,2026-08-06T10:26:00,78712.49,78714.34,78704.75,78714.01,16071
1785992220,2026-08-06T10:27:00,78714.12,78721.68,78701.24,78714.93,42716
1785992280,2026-08-06T10:28:00,78715.17,78715.17,78694.1,78708.98,53171
1785992340,2026-08-06T10:29:00,78710.96,78728.38,78708.69,78728.38,75599
1785992400,2026-08-06T10:30:00,78726.49,78734.57,78724.53,78734.22,23194
1785992460,2026-08-06T10:31:00,78734.15,78737.8,78729.09,78736.36,34727
1785992520,2026-08-06T10:32:00,78735.96,78747.02,78725.31,78745.87,194774
1785992580,2026-08-06T10:33:00,78745.9,78752.48,78734.97,78734.97,29241
1785992640,2026-08-06T10:34:00,78734.97,78751.72,78731.01,78736.18,42461
1785992700,2026-08-06T10:35:00,78735.05,78740.93,78725.56,78737.04,22957
1785992760,2026-08-06T10:36:00,78736.71,78753.4,78729.55,78749.03,114822
1785992820,2026-08-06T10:37:00,78748.33,78752.9,78739.12,78740.89,8942
1785992880,2026-08-06T10:38:00,78738.02,78745.66,78723.21,78742.07,24244
1785992940,2026-08-06T10:39:00,78741.48,78757.96,78741.48,78744.42,19647
1785993000,2026-08-06T10:40:00,78748.31,78748.58,78728.13,78733.09,33465
1785993060,2026-08-06T10:41:00,78733.81,78734.96,78721.0,78729.78,33767
1785993120,2026-08-06T10:42:00,78729.99,78739.52,78721.91,78722.72,16527
1785993180,2026-08-06T10:43:00,78724.05,78733.32,78718.87,78732.44,16336
1785993240,2026-08-06T10:44:00,78732.1,78746.92,78727.18,78739.84,29154
1785993300,2026-08-06T10:45:00,78737.1,78737.31,78724.16,78727.97,19891
1785993360,2026-08-06T10:46:00,78727.97,78730.64,78703.44,78703.44,27734
1785993420,2026-08-06T10:47:00,78703.35,78719.61,78697.31,78703.88,32214
1785993480,2026-08-06T10:48:00,78705.16,78712.86,78692.71,78704.96,32824
1785993540,2026-08-06T10:49:00,78705.43,78716.81,78702.67,78704.46,25221
1785993600,2026-08-06T10:50:00,78705.26,78719.12,78698.89,78716.82,34162
1785993660,2026-08-06T10:51:00,78716.82,78716.82,78688.8,78692.57,8117
1785993720,2026-08-06T10:52:00,78689.87,78692.11,78678.45,78681.43,45900
1785993780,2026-08-06T10:53:00,78678.85,78722.33,78671.77,78674.77,53934
1785993840,2026-08-06T10:54:00,78673.49,78713.89,78659.03,78713.89,68156
1785993900,2026-08-06T10:55:00,78714.17,78719.7,78697.93,78704.03,8885
1785993960,2026-08-06T10:56:00,78708.05,78745.2,78672.73,78743.45,75232
1785994020,2026-08-06T10:57:00,78746.3,78774.57,78730.78,78734.64,41774
1785994080,2026-08-06T10:58:00,78737.21,78741.99,78725.3,78729.82,35199
1785994140,2026-08-06T10:59:00,78732.86,78740.14,78673.7,78739.04,59240
1785994200,2026-08-06T11:00:00,78742.8,78746.14,78727.36,78734.45,34016
1785994260,2026-08-06T11:01:00,78733.59,78733.59,78708.57,78718.98,35466
1785994320,2026-08-06T11:02:00,78718.61,78718.61,78660.66,78671.66,39938
1785994380,2026-08-06T11:03:00,78706.68,78742.81,78706.68,78722.26,36049
1785994440,2026-08-06T11:04:00,78721.91,78731.59,78719.13,78721.03,8765
1785994500,2026-08-06T11:05:00,78725.73,78767.29,78692.69,78692.69,49485
1785994560,2026-08-06T11:06:00,78693.41,78725.77,78689.25,78718.44,23649
1785994620,2026-08-06T11:07:00,78718.44,78759.71,78718.14,78749.58,32002
1785994680,2026-08-06T11:08:00,78744.31,78747.2,78695.93,78725.1,37446
1785994740,2026-08-06T11:09:00,78726.57,78741.16,78720.5,78738.13,26676
1785994800,2026-08-06T11:10:00,78735.45,78760.95,78735.45,78760.95,159470
1785994860,2026-08-06T11:11:00,78761.71,78762.86,78743.43,78752.78,39023
1785994920,2026-08-06T11:12:00,78758.87,78771.16,78755.3,78766.25,12269
1785994980,2026-08-06T11:13:00,78766.16,78776.16,78765.34,78775.65,53151
1785995040,2026-08-06T11:14:00,78775.02,78787.66,78761.0,78781.17,345661
1785995100,2026-08-06T11:15:00,78809.03,78809.03,78787.07,78795.81,235212
1785995160,2026-08-06T11:16:00,78795.81,78800.04,78788.23,78788.51,18262
1785995220,2026-08-06T11:17:00,78787.81,78811.95,78780.25,78793.13,165137
1785995280,2026-08-06T11:18:00,78794.23,78819.66,78782.49,78811.45,90559
1785995340,2026-08-06T11:19:00,78816.55,78854.48,78805.52,78852.95,208206
1785995400,2026-08-06T11:20:00,78851.94,78883.76,78845.12,78849.77,91144
1785995460,2026-08-06T11:21:00,78855.55,78855.55,78844.35,78848.35,18187
1785995520,2026-08-06T11:22:00,78846.72,78853.96,78840.36,78846.06,21485
1785995580,2026-08-06T11:23:00,78854.36,78857.49,78842.92,78850.78,21094
1785995640,2026-08-06T11:24:00,78850.5,78862.77,78845.31,78857.46,26171
1785995700,2026-08-06T11:25:00,78860.98,78864.43,78847.7,78864.43,29188
1785995760,2026-08-06T11:26:00,78864.22,78865.07,78849.34,78860.61,37650
1785995820,2026-08-06T11:27:00,78861.11,78868.07,78816.13,78868.07,38510
1785995880,2026-08-06T11:28:00,78866.78,78892.16,78854.26,78873.83,37771
1785995940,2026-08-06T11:29:00,78874.34,78874.42,78862.44,78865.0,27508
1785996000,2026-08-06T11:30:00,78868.84,78895.02,78845.36,78895.02,47354
1785996060,2026-08-06T11:31:00,78897.24,78904.37,78845.22,78846.47,64690
1785996120,2026-08-06T11:32:00,78846.38,78851.73,78839.98,78839.98,15143
1785996180,2026-08-06T11:33:00,78840.27,78844.5,78828.45,78834.8,14847
1785996240,2026-08-06T11:34:00,78835.13,78838.73,78826.89,78830.57,15802
1785996300,2026-08-06T11:35:00,78829.84,78842.19,78821.71,78842.19,13516
1785996360,2026-08-06T11:36:00,78843.28,78859.34,78824.67,78824.75,53188
1785996420,2026-08-06T11:37:00,78823.05,78823.05,78788.5,78809.64,48179
1785996480,2026-08-06T11:38:00,78809.92,78824.71,78802.75,78814.5,17397
1785996540,2026-08-06T11:39:00,78818.39,78823.32,78810.43,78818.89,6404
1785996600,2026-08-06T11:40:00,78818.85,78824.29,78806.78,78816.53,20067
1785996660,2026-08-06T11:41:00,78816.21,78819.68,78789.16,78791.4,66321
1785996720,2026-08-06T11:42:00,78793.92,78827.99,78750.94,78754.33,81679
1785996780,2026-08-06T11:43:00,78755.89,78759.17,78720.54,78734.94,43882
1785996840,2026-08-06T11:44:00,78735.8,78757.6,78735.8,78757.6,43137
1785996900,2026-08-06T11:45:00,78757.6,78759.18,78731.25,78737.4,18443
1785996960,2026-08-06T11:46:00,78739.26,78747.09,78736.77,78744.65,15885
1785997020,2026-08-06T11:47:00,78745.79,78748.62,78736.65,78743.45,35985
1785997080,2026-08-06T11:48:00,78741.12,78749.83,78734.4,78745.84,13059
1785997140,2026-08-06T11:49:00,78744.93,78752.56,78735.53,78747.49,14354
1785997200,2026-08-06T11:50:00,78751.99,78779.63,78747.86,78773.2,31459
1785997260,2026-08-06T11:51:00,78773.32,78789.37,78773.14,78787.88,13994
1785997320,2026-08-06T11:52:00,78787.88,78801.9,78785.51,78800.12,44328
1785997380,2026-08-06T11:53:00,78799.0,78808.84,78793.35,78795.32,39189
1785997440,2026-08-06T11:54:00,78794.96,78810.18,78794.96,78797.63,18577
1785997500,2026-08-06T11:55:00,78795.32,78809.45,78795.32,78804.16,29562
1785997560,2026-08-06T11:56:00,78805.36,78825.84,78801.36,78825.84,16367
1785997620,2026-08-06T11:57:00,78824.55,78842.53,78807.52,78841.96,76531
1785997680,2026-08-06T11:58:00,78844.15,78872.5,78838.51,78849.57,46039
1785997740,2026-08-06T11:59:00,78849.57,78861.69,78845.47,78853.98,23576
1785997800,2026-08-06T12:00:00,78853.91,78855.27,78843.26,78846.27,39510
1785997860,2026-08-06T12:01:00,78845.06,78846.38,78835.06,78840.49,32398
1785997920,2026-08-06T12:02:00,78837.91,78861.25,78837.52,78860.57,29751
1785997980,2026-08-06T12:03:00,78860.36,78860.36,78850.47,78854.76,14138
1785998040,2026-08-06T12:04:00,78854.88,78855.83,78836.11,78836.25,17886
1785998100,2026-08-06T12:05:00,78835.64,78844.1,78833.41,78840.68,41633
1785998160,2026-08-06T12:06:00,78839.86,78842.57,78825.96,78832.37,19903
1785998220,2026-08-06T12:07:00,78832.0,78837.37,78819.77,78835.96,11957
1785998280,2026-08-06T12:08:00,78832.35,78836.23,78821.53,78825.74,14146
1785998340,2026-08-06T12:09:00,78825.36,78830.46,78811.68,78830.46,26056
1785998400,2026-08-06T12:10:00,78827.14,78832.0,78814.82,78819.24,39742
1785998460,2026-08-06T12:11:00,78819.2,78831.09,78813.68,78823.05,13676
1785998520,2026-08-06T12:12:00,78822.44,78847.06,78822.44,78825.16,116868
1785998580,2026-08-06T12:13:00,78833.02,78837.58,78806.43,78826.89,72829
1785998640,2026-08-06T12:14:00,78821.07,78821.12,78787.34,78810.41,152297
1785998700,2026-08-06T12:15:00,78805.71,78819.98,78789.94,78808.32,103647
1785998760,2026-08-06T12:16:00,78807.98,78859.98,78805.11,78833.68,234519
1785998820,2026-08-06T12:17:00,78839.24,78852.93,78826.76,78850.14,79319
1785998880,2026-08-06T12:18:00,78849.63,78855.22,78843.11,78848.83,17276
1785998940,2026-08-06T12:19:00,78850.13,78850.98,78820.35,78820.35,15986
1785999000,2026-08-06T12:20:00,78824.21,78824.21,78799.56,78805.96,23190
1785999060,2026-08-06T12:21:00,78807.69,78807.69,78786.45,78788.76,18321
1785999120,2026-08-06T12:22:00,78791.28,78791.28,78770.99,78773.71,14109
1785999180,2026-08-06T12:23:00,78773.52,78774.91,78760.2,78772.89,14924
1785999240,2026-08-06T12:24:00,78775.25,78788.5,78774.72,78782.22,11073
1785999300,2026-08-06T12:25:00,78781.18,78788.91,78777.91,78781.73,14803
1785999360,2026-08-06T12:26:00,78781.01,78799.67,78778.34,78787.92,21621
1785999420,2026-08-06T12:27:00,78787.87,78792.29,78777.58,78780.07,11437
1785999480,2026-08-06T12:28:00,78779.88,78789.14,78776.56,78785.56,8260
1785999540,2026-08-06T12:29:00,78785.56,78792.67,78783.64,78787.82,11755
1785999600,2026-08-06T12:30:00,78789.14,78802.73,78786.72,78797.97,25378
1785999660,2026-08-06T12:31:00,78797.97,78807.05,78795.62,78803.92,16588
1785999720,2026-08-06T12:32:00,78806.81,78825.12,78806.81,78824.69,12959
1785999780,2026-08-06T12:33:00,78824.34,78828.11,78803.65,78809.72,12687
1785999840,2026-08-06T12:34:00,78810.02,78823.54,78800.59,78813.83,11236
1785999900,2026-08-06T12:35:00,78813.39,78835.01,78807.03,78829.28,20151
1785999960,2026-08-06T12:36:00,78830.1,78832.64,78812.35,78816.89,13628
1786000020,2026-08-06T12:37:00,78816.89,78822.9,78810.73,78817.64,47974
1786000080,2026-08-06T12:38:00,78817.64,78824.43,78805.3,78806.05,16443
1786000140,2026-08-06T12:39:00,78807.93,78817.62,78805.07,78809.64,23457
1786000200,2026-08-06T12:40:00,78807.88,78827.41,78807.88,78822.76,21582
1786000260,2026-08-06T12:41:00,78820.32,78820.6,78803.11,78803.11,31650
1786000320,2026-08-06T12:42:00,78805.68,78818.0,78805.5,78817.61,11508
1786000380,2026-08-06T12:43:00,78816.69,78823.87,78811.27,78822.79,10473
1786000440,2026-08-06T12:44:00,78821.4,78823.26,78811.92,78819.56,16875
1786000500,2026-08-06T12:45:00,78820.46,78825.32,78813.71,78825.32,11329
1786000560,2026-08-06T12:46:00,78822.58,78829.85,78816.67,78818.42,10879
1786000620,2026-08-06T12:47:00,78816.99,78827.38,78813.21,78827.24,13291
1786000680,2026-08-06T12:48:00,78826.11,78827.79,78805.58,78807.06,51321
1786000740,2026-08-06T12:49:00,78808.33,78830.79,78797.66,78830.79,53717
1786000800,2026-08-06T12:50:00,78823.47,78823.47,78800.18,78802.8,10167
1786000860,2026-08-06T12:51:00,78803.0,78816.34,78796.03,78800.82,75781
1786000920,2026-08-06T12:52:00,78799.54,78811.84,78799.54,78809.04,19997
1786000980,2026-08-06T12:53:00,78810.53,78812.35,78784.32,78784.51,60879
1786001040,2026-08-06T12:54:00,78783.29,78786.23,78773.54,78780.07,23092
1786001100,2026-08-06T12:55:00,78779.89,78784.88,78764.19,78770.57,72054
1786001160,2026-08-06T12:56:00,78769.36,78797.32,78762.98,78762.98,42459
1786001220,2026-08-06T12:57:00,78761.12,78771.88,78753.61,78771.88,42848
1786001280,2026-08-06T12:58:00,78782.31,78808.94,78767.72,78804.74,105839
1786001340,2026-08-06T12:59:00,78810.64,78810.64,78780.24,78780.24,65465
1786001400,2026-08-06T13:00:00,78781.11,78795.69,78750.52,78795.69,102642
1786001460,2026-08-06T13:01:00,78795.46,78800.96,78764.08,78787.53,25861
1786001520,2026-08-06T13:02:00,78783.09,78828.15,78783.09,78823.97,35532
1786001580,2026-08-06T13:03:00,78824.44,78840.81,78821.69,78833.28,58944
1786001640,2026-08-06T13:04:00,78836.49,78841.64,78818.8,78824.25,33954
1786001700,2026-08-06T13:05:00,78824.77,78837.63,78791.81,78837.63,21935
1786001760,2026-08-06T13:06:00,78839.51,78840.03,78794.95,78806.43,419758
1786001820,2026-08-06T13:07:00,78805.79,78809.44,78773.15,78801.24,133242
1786001880,2026-08-06T13:08:00,78801.15,78801.21,78742.73,78774.23,75997
1786001940,2026-08-06T13:09:00,78776.74,78787.97,78752.79,78758.5,58419
1786002000,2026-08-06T13:10:00,78759.62,78789.14,78757.77,78778.49,14844
1786002060,2026-08-06T13:11:00,78778.49,78806.64,78762.42,78795.56,32917
1786002120,2026-08-06T13:12:00,78796.63,78846.07,78773.2,78796.36,49894
1786002180,2026-08-06T13:13:00,78794.85,78800.48,78779.98,78784.02,18175
1786002240,2026-08-06T13:14:00,78781.59,78781.59,78762.23,78778.85,72657
1786002300,2026-08-06T13:15:00,78778.75,78778.75,78720.52,78756.23,95080
1786002360,2026-08-06T13:16:00,78758.07,78798.88,78756.88,78780.6,98835
1786002420,2026-08-06T13:17:00,78781.82,78809.39,78781.82,78798.72,49929
1786002480,2026-08-06T13:18:00,78801.58,78839.98,78798.31,78815.9,69831
1786002540,2026-08-06T13:19:00,78813.86,78851.51,78799.38,78846.43,213297
1786002600,2026-08-06T13:20:00,78849.64,78861.22,78822.88,78822.88,75279
1786002660,2026-08-06T13:21:00,78823.46,78825.7,78810.07,78815.46,18133
1786002720,2026-08-06T13:22:00,78815.99,78815.99,78784.72,78790.2,21966
1786002780,2026-08-06T13:23:00,78794.02,78802.72,78760.54,78768.04,85234
1786002840,2026-08-06T13:24:00,78770.8,78773.13,78750.02,78752.62,16148
1786002900,2026-08-06T13:25:00,78752.62,78763.54,78738.68,78742.03,23544
1786002960,2026-08-06T13:26:00,78742.46,78782.21,78736.45,78752.93,76016
1786003020,2026-08-06T13:27:00,78753.11,78787.89,78752.58,78778.88,52673
1786003080,2026-08-06T13:28:00,78779.0,78788.85,78776.26,78788.21,21685
1786003140,2026-08-06T13:29:00,78788.56,78799.86,78767.61,78769.0,58580
1786003200,2026-08-06T13:30:00,78771.9,78796.26,78768.43,78789.11,28366
1786003260,2026-08-06T13:31:00,78786.21,78817.01,78783.87,78817.01,23899
1786003320,2026-08-06T13:32:00,78815.46,78815.46,78789.5,78797.3,17404
1786003380,2026-08-06T13:33:00,78795.65,78840.21,78795.65,78839.29,38546
1786003440,2026-08-06T13:34:00,78837.29,78850.33,78821.73,78830.94,46660
1786003500,2026-08-06T13:35:00,78831.72,78844.3,78805.1,78844.3,63471
1786003560,2026-08-06T13:36:00,78844.14,78865.53,78838.67,78861.2,35156
1786003620,2026-08-06T13:37:00,78860.72,78886.26,78858.22,78869.3,68790
1786003680,2026-08-06T13:38:00,78868.29,78871.02,78812.53,78815.06,38071
1786003740,2026-08-06T13:39:00,78814.04,78820.77,78803.09,78803.09,23300
1786003800,2026-08-06T13:40:00,78802.8,78808.09,78790.04,78806.16,27863
1786003860,2026-08-06T13:41:00,78807.32,78826.46,78807.32,78820.74,21908
1786003920,2026-08-06T13:42:00,78821.27,78823.86,78785.37,78785.37,28508
1786003980,2026-08-06T13:43:00,78786.84,78795.41,78781.48,78783.03,17944
1786004040,2026-08-06T13:44:00,78779.57,78792.3,78763.57,78790.9,24247
1786004100,2026-08-06T13:45:00,78789.14,78804.1,78786.66,78788.22,24645
1786004160,2026-08-06T13:46:00,78787.55,78800.76,78780.34,78794.35,21528
1786004220,2026-08-06T13:47:00,78793.68,78797.37,78761.11,78761.54,47860
1786004280,2026-08-06T13:48:00,78760.79,78767.72,78745.03,78757.9,60907
1786004340,2026-08-06T13:49:00,78762.27,78762.27,78745.44,78750.51,30517
1786004400,2026-08-06T13:50:00,78751.66,78751.66,78734.4,78734.4,43798
1786004460,2026-08-06T13:51:00,78733.94,78783.27,78727.17,78775.98,37079
1786004520,2026-08-06T13:52:00,78774.58,78794.56,78773.43,78794.56,25611
1786004580,2026-08-06T13:53:00,78794.17,78798.97,78773.25,78783.55,17704
1786004640,2026-08-06T13:54:00,78782.11,78791.36,78771.08,78781.08,16130
1786004700,2026-08-06T13:55:00,78783.54,78783.54,78771.07,78777.57,30742
1786004760,2026-08-06T13:56:00,78778.97,78788.16,78778.97,78781.62,20420
1786004820,2026-08-06T13:57:00,78779.85,78785.17,78744.54,78744.54,57259
1786004880,2026-08-06T13:58:00,78749.92,78749.92,78715.16,78715.16,553586
1786004940,2026-08-06T13:59:00,78714.66,78878.28,78714.66,78874.45,411441
1786005000,2026-08-06T14:00:00,78875.6,78883.16,78817.38,78820.39,357104
1786005060,2026-08-06T14:01:00,78818.66,78818.66,78797.5,78805.31,37446
1786005120,2026-08-06T14:02:00,78807.06,78815.77,78799.88,78799.88,94755
1786005180,2026-08-06T14:03:00,78801.85,78830.85,78799.9,78830.85,89736
1786005240,2026-08-06T14:04:00,78831.41,78848.78,78830.53,78837.92,162182
1786005300,2026-08-06T14:05:00,78838.73,78852.78,78836.21,78851.4,269996
1786005360,2026-08-06T14:06:00,78850.78,78856.42,78846.24,78853.7,15235
1786005420,2026-08-06T14:07:00,78854.05,78865.65,78844.68,78865.65,19941
1786005480,2026-08-06T14:08:00,78867.71,78868.63,78862.68,78865.82,26349
1786005540,2026-08-06T14:09:00,78864.78,78870.9,78849.75,78850.21,20467
1786005600,2026-08-06T14:10:00,78852.03,78860.49,78850.36,78855.44,14191
1786005660,2026-08-06T14:11:00,78856.0,78872.46,78854.86,78867.26,68328
1786005720,2026-08-06T14:12:00,78866.97,78867.14,78855.48,78865.37,50900
1786005780,2026-08-06T14:13:00,78863.86,78876.61,78862.37,78874.91,34669
1786005840,2026-08-06T14:14:00,78877.46,78878.14,78859.72,78864.21,16086
1786005900,2026-08-06T14:15:00,78864.82,78876.16,78859.78,78869.05,20303
1786005960,2026-08-06T14:16:00,78870.18,78873.89,78862.12,78864.57,22035
1786006020,2026-08-06T14:17:00,78865.37,78876.67,78861.23,78873.25,31870
1786006080,2026-08-06T14:18:00,78869.47,78883.83,78869.47,78882.73,21935
1786006140,2026-08-06T14:19:00,78882.13,78885.6,78874.89,78884.71,12657
1786006200,2026-08-06T14:20:00,78882.12,78892.64,78872.6,78885.55,36324
1786006260,2026-08-06T14:21:00,78885.51,78885.51,78859.0,78863.96,13950
1786006320,2026-08-06T14:22:00,78864.42,78881.28,78863.43,78873.7,24891
1786006380,2026-08-06T14:23:00,78873.67,78879.18,78865.17,78870.31,27048
1786006440,2026-08-06T14:24:00,78866.87,78888.4,78866.87,78887.62,21959
1786006500,2026-08-06T14:25:00,78887.81,78890.84,78878.33,78886.63,22297
1786006560,2026-08-06T14:26:00,78887.99,78902.83,78877.89,78902.83,19510
1786006620,2026-08-06T14:27:00,78903.53,78905.88,78889.24,78893.69,21016
1786006680,2026-08-06T14:28:00,78894.62,78895.5,78883.76,78887.27,20750
1786006740,2026-08-06T14:29:00,78885.44,78885.44,78865.75,78869.89,16278
1786006800,2026-08-06T14:30:00,78872.41,78879.41,78856.23,78860.89,26365
1786006860,2026-08-06T14:31:00,78859.45,78859.45,78772.14,78803.0,711833
1786006920,2026-08-06T14:32:00,78804.92,78926.11,78800.0,78901.56,587829
1786006980,2026-08-06T14:33:00,78897.09,78897.09,78863.4,78863.4,61042
1786007040,2026-08-06T14:34:00,78864.2,78867.23,78846.93,78848.33,36264
1786007100,2026-08-06T14:35:00,78844.59,78862.51,78844.59,78859.06,24540
1786007160,2026-08-06T14:36:00,78859.2,78866.45,78850.01,78855.58,23083
1786007220,2026-08-06T14:37:00,78857.57,78865.73,78854.16,78855.07,25241
1786007280,2026-08-06T14:38:00,78858.61,78860.06,78850.34,78855.27,15651
1786007340,2026-08-06T14:39:00,78858.13,78858.13,78837.89,78839.49,39262
1786007400,2026-08-06T14:40:00,78841.99,78845.22,78777.46,78777.89,382761
1786007460,2026-08-06T14:41:00,78779.29,78843.85,78772.78,78843.85,247145
1786007520,2026-08-06T14:42:00,78844.07,78909.04,78844.07,78854.02,436919
1786007580,2026-08-06T14:43:00,78853.72,78862.0,78827.16,78835.54,79374
1786007640,2026-08-06T14:44:00,78824.66,78834.85,78819.77,78826.09,29472
1786007700,2026-08-06T14:45:00,78826.15,78842.63,78819.84,78834.32,35918
1786007760,2026-08-06T14:46:00,78834.11,78834.11,78812.97,78814.86,18303
1786007820,2026-08-06T14:47:00,78815.16,78831.91,78814.34,78830.69,15888
1786007880,2026-08-06T14:48:00,78830.72,78840.51,78827.69,78833.92,19169
1786007940,2026-08-06T14:49:00,78835.58,78846.5,78833.64,78839.86,43396
1786008000,2026-08-06T14:50:00,78836.47,78840.24,78821.55,78828.3,58400
1786008060,2026-08-06T14:51:00,78827.85,78832.96,78818.57,78822.9,24103
1786008120,2026-08-06T14:52:00,78824.27,78833.71,78819.75,78821.85,23120
1786008180,2026-08-06T14:53:00,78825.16,78825.16,78805.07,78805.07,48116
1786008240,2026-08-06T14:54:00,78806.3,78816.74,78801.86,78808.3,16594
1786008300,2026-08-06T14:55:00,78802.94,78803.71,78786.41,78791.73,29781
1786008360,2026-08-06T14:56:00,78793.72,78799.08,78788.83,78792.83,30870
1786008420,2026-08-06T14:57:00,78793.71,78801.73,78787.86,78794.63,22079
1786008480,2026-08-06T14:58:00,78793.31,78798.49,78781.18,78787.72,78376
1786008540,2026-08-06T14:59:00,78785.14,78793.94,78755.15,78784.0,126591
1786008600,2026-08-06T15:00:00,78788.25,78840.64,78779.82,78840.64,95149
1786008660,2026-08-06T15:01:00,78838.5,78842.33,78804.83,78817.01,122638
1786008720,2026-08-06T15:02:00,78821.67,78821.67,78795.68,78795.68,75413
1786008780,2026-08-06T15:03:00,78796.75,78796.75,78701.95,78708.96,365280
1786008840,2026-08-06T15:04:00,78709.81,78738.61,78709.81,78729.81,514983
1786008900,2026-08-06T15:05:00,78733.4,78766.72,78726.57,78763.91,87929
1786008960,2026-08-06T15:06:00,78762.46,78785.94,78750.05,78779.71,179499
1786009020,2026-08-06T15:07:00,78777.63,78799.92,78774.11,78795.2,145638
1786009080,2026-08-06T15:08:00,78790.32,78856.65,78782.28,78828.56,340744
1786009140,2026-08-06T15:09:00,78832.16,78832.16,78790.96,78795.54,174823
1786009200,2026-08-06T15:10:00,78794.32,78799.65,78776.33,78777.52,90204
1786009260,2026-08-06T15:11:00,78790.34,78791.59,78768.63,78774.37,57270
1786009320,2026-08-06T15:12:00,78772.84,78780.62,78758.14,78779.77,92056
1786009380,2026-08-06T15:13:00,78787.96,78800.02,78767.05,78775.78,79607
1786009440,2026-08-06T15:14:00,78776.75,78799.01,78759.96,78783.05,48567
1786009500,2026-08-06T15:15:00,78785.62,78785.62,78785.62,78785.62,48567
1786009560,2026-08-06T15:16:00,78785.62,78785.62,78785.62,78785.62,48567
1786009620,2026-08-06T15:17:00,78785.62,78785.62,78785.62,78785.62,48567
1786009680,2026-08-06T15:18:00,78785.62,78785.62,78785.62,78785.62,48567
1786009740,2026-08-06T15:19:00,78785.62,78785.62,78785.62,78785.62,48567
1786009800,2026-08-06T15:20:00,78785.62,78785.62,78785.62,78785.62,48567
1786009860,2026-08-06T15:21:00,78785.62,78785.62,78785.62,78785.62,48567
1786009920,2026-08-06T15:22:00,78785.62,78785.62,78785.62,78785.62,48567
1786009980,2026-08-06T15:23:00,78785.62,78785.62,78785.62,78785.62,48567
1786010040,2026-08-06T15:24:00,78785.62,78785.62,78785.62,78785.62,48567
1786010100,2026-08-06T15:25:00,78785.62,78785.62,78785.62,78785.62,48567
1786010160,2026-08-06T15:26:00,78785.62,78785.62,78785.62,78785.62,48567
1786010220,2026-08-06T15:27:00,78785.62,78785.62,78785.62,78785.62,48567
1786010280,2026-08-06T15:28:00,78785.62,78785.62,78785.62,78785.62,48567
1786010340,2026-08-06T15:29:00,78785.62,78954.76,78785.62,78954.76,48567
1786074300,2026-08-07T09:15:00,78516.08,78637.93,78451.99,78611.56,255619
1786074360,2026-08-07T09:16:00,78622.92,78660.82,78601.08,78645.56,182050
1786074420,2026-08-07T09:17:00,78642.15,78674.59,78602.96,78613.05,139487
1786074480,2026-08-07T09:18:00,78609.9,78642.81,78609.9,78636.99,83128
1786074540,2026-08-07T09:19:00,78638.31,78651.54,78629.67,78645.19,92225
1786074600,2026-08-07T09:20:00,78648.64,78664.01,78627.18,78664.01,125927
1786074660,2026-08-07T09:21:00,78668.64,78684.53,78663.73,78666.72,106134
1786074720,2026-08-07T09:22:00,78671.09,78720.71,78671.09,78709.05,88148
1786074780,2026-08-07T09:23:00,78708.11,78747.46,78704.7,78745.16,157977
1786074840,2026-08-07T09:24:00,78742.07,78757.4,78730.29,78736.07,81696
1786074900,2026-08-07T09:25:00,78733.59,78736.99,78699.52,78712.11,55629
1786074960,2026-08-07T09:26:00,78711.15,78732.64,78706.56,78719.88,71339
1786075020,2026-08-07T09:27:00,78719.4,78719.4,78692.58,78706.55,65471
1786075080,2026-08-07T09:28:00,78707.47,78713.66,78692.42,78701.79,48934
1786075140,2026-08-07T09:29:00,78703.87,78704.25,78682.31,78700.0,71537
1786075200,2026-08-07T09:30:00,78697.7,78700.94,78671.74,78673.25,46657
1786075260,2026-08-07T09:31:00,78673.22,78674.09,78662.57,78665.52,66178
1786075320,2026-08-07T09:32:00,78668.06,78712.68,78665.45,78697.46,48518
1786075380,2026-08-07T09:33:00,78700.34,78706.66,78680.98,78680.98,43506
1786075440,2026-08-07T09:34:00,78681.49,78695.8,78658.7,78670.88,66492
1786075500,2026-08-07T09:35:00,78671.67,78684.89,78667.65,78684.89,56093
1786075560,2026-08-07T09:36:00,78683.96,78695.19,78674.79,78682.65,61440
1786075620,2026-08-07T09:37:00,78679.95,78688.54,78667.08,78668.03,53558
1786075680,2026-08-07T09:38:00,78671.03,78695.14,78665.78,78684.59,53404
1786075740,2026-08-07T09:39:00,78682.16,78691.38,78676.51,78685.53,31444
1786075800,2026-08-07T09:40:00,78685.25,78692.51,78675.19,78681.26,40926
1786075860,2026-08-07T09:41:00,78677.54,78684.98,78659.73,78671.28,21166
1786075920,2026-08-07T09:42:00,78673.54,78681.24,78659.73,78671.57,51188
1786075980,2026-08-07T09:43:00,78674.21,78685.77,78666.31,78685.77,35654
1786076040,2026-08-07T09:44:00,78685.03,78716.07,78684.45,78716.07,35009
1786076100,2026-08-07T09:45:00,78714.04,78718.57,78701.92,78706.42,32723
1786076160,2026-08-07T09:46:00,78710.94,78715.18,78679.38,78679.38,41000
1786076220,2026-08-07T09:47:00,78680.36,78684.58,78655.6,78660.84,39646
1786076280,2026-08-07T09:48:00,78658.2,78681.5,78658.2,78681.5,39549
1786076340,2026-08-07T09:49:00,78681.92,78690.27,78674.08,78682.77,51214
1786076400,2026-08-07T09:50:00,78682.23,78709.94,78682.23,78706.14,18901
1786076460,2026-08-07T09:51:00,78706.63,78724.85,78702.68,78724.85,31979
1786076520,2026-08-07T09:52:00,78722.65,78737.71,78718.67,78723.12,23489
1786076580,2026-08-07T09:53:00,78726.65,78732.57,78714.9,78726.94,26185
1786076640,2026-08-07T09:54:00,78725.85,78737.0,78716.36,78732.92,37656
1786076700,2026-08-07T09:55:00,78735.54,78745.65,78724.54,78734.39,46838
1786076760,2026-08-07T09:56:00,78733.8,78736.46,78712.81,78715.66,28057
1786076820,2026-08-07T09:57:00,78717.87,78735.77,78713.03,78720.82,28073
1786076880,2026-08-07T09:58:00,78722.91,78748.86,78721.86,78743.22,22128
1786076940,2026-08-07T09:59:00,78741.32,78748.27,78728.14,78737.3,18102
1786077000,2026-08-07T10:00:00,78739.05,78740.42,78713.7,78717.28,28436
1786077060,2026-08-07T10:01:00,78721.84,78723.67,78703.79,78721.08,17355
1786077120,2026-08-07T10:02:00,78719.93,78719.93,78696.86,78696.86,42012
1786077180,2026-08-07T10:03:00,78698.18,78698.18,78677.33,78688.27,18264
1786077240,2026-08-07T10:04:00,78688.34,78699.18,78683.22,78698.46,21730
1786077300,2026-08-07T10:05:00,78697.77,78706.71,78688.54,78690.11,21376
1786077360,2026-08-07T10:06:00,78686.75,78699.91,78682.04,78695.07,25020
1786077420,2026-08-07T10:07:00,78694.73,78703.61,78691.69,78702.33,17388
1786077480,2026-08-07T10:08:00,78700.62,78709.99,78688.15,78690.45,22120
1786077540,2026-08-07T10:09:00,78692.4,78694.22,78678.61,78686.56,32166
1786077600,2026-08-07T10:10:00,78687.38,78697.62,78672.46,78684.58,19771
1786077660,2026-08-07T10:11:00,78685.5,78685.5,78649.85,78649.85,24407
1786077720,2026-08-07T10:12:00,78646.38,78662.75,78642.8,78642.8,38180
1786077780,2026-08-07T10:13:00,78647.94,78648.62,78627.21,78631.1,27623
1786077840,2026-08-07T10:14:00,78631.57,78647.61,78630.61,78642.58,19174
1786077900,2026-08-07T10:15:00,78645.33,78651.18,78612.64,78612.64,17215
1786077960,2026-08-07T10:16:00,78612.3,78637.75,78611.0,78635.63,14705
1786078020,2026-08-07T10:17:00,78634.01,78635.35,78621.25,78622.84,20690
1786078080,2026-08-07T10:18:00,78621.06,78621.06,78562.4,78563.13,64437
1786078140,2026-08-07T10:19:00,78563.14,78578.95,78554.5,78577.39,51532
1786078200,2026-08-07T10:20:00,78578.65,78586.72,78568.73,78568.73,27957
1786078260,2026-08-07T10:21:00,78569.99,78605.17,78569.85,78597.27,16081
1786078320,2026-08-07T10:22:00,78598.49,78604.8,78584.81,78591.19,16973
1786078380,2026-08-07T10:23:00,78589.8,78589.8,78561.99,78563.62,28928
1786078440,2026-08-07T10:24:00,78564.35,78569.05,78556.88,78567.78,46942
1786078500,2026-08-07T10:25:00,78565.71,78569.41,78554.57,78563.9,14370
1786078560,2026-08-07T10:26:00,78565.03,78569.7,78550.31,78551.0,25271
1786078620,2026-08-07T10:27:00,78546.81,78552.86,78536.46,78548.14,26443
1786078680,2026-08-07T10:28:00,78548.1,78559.64,78535.49,78543.84,20530
1786078740,2026-08-07T10:29:00,78543.2,78544.18,78524.77,78533.76,22336
1786078800,2026-08-07T10:30:00,78526.42,78538.25,78519.92,78538.25,19407
1786078860,2026-08-07T10:31:00,78537.7,78537.7,78508.9,78511.63,25242
1786078920,2026-08-07T10:32:00,78510.84,78525.55,78508.66,78518.26,22981
1786078980,2026-08-07T10:33:00,78519.16,78537.77,78513.24,78536.75,24461
1786079040,2026-08-07T10:34:00,78535.9,78546.21,78535.9,78541.38,20898
1786079100,2026-08-07T10:35:00,78541.66,78560.02,78541.15,78550.2,11932
1786079160,2026-08-07T10:36:00,78548.69,78556.43,78539.3,78549.45,14489
1786079220,2026-08-07T10:37:00,78549.75,78550.4,78535.69,78536.9,10143
1786079280,2026-08-07T10:38:00,78540.59,78549.95,78531.56,78543.05,22539
1786079340,2026-08-07T10:39:00,78541.42,78554.2,78532.59,78550.16,26748
1786079400,2026-08-07T10:40:00,78551.46,78552.44,78529.18,78545.17,17601
1786079460,2026-08-07T10:41:00,78542.26,78548.11,78525.16,78525.16,12290
1786079520,2026-08-07T10:42:00,78525.54,78529.15,78512.63,78514.15,37223
1786079580,2026-08-07T10:43:00,78510.72,78529.1,78506.09,78528.62,40901
1786079640,2026-08-07T10:44:00,78529.72,78532.41,78518.72,78531.68,18310
1786079700,2026-08-07T10:45:00,78531.09,78553.61,78531.09,78550.24,26185
1786079760,2026-08-07T10:46:00,78550.18,78550.18,78531.37,78545.04,13525
1786079820,2026-08-07T10:47:00,78542.11,78562.89,78542.11,78560.47,15588
1786079880,2026-08-07T10:48:00,78561.97,78571.28,78557.03,78565.69,9650
1786079940,2026-08-07T10:49:00,78565.6,78573.87,78556.89,78557.78,16898
1786080000,2026-08-07T10:50:00,78556.88,78558.65,78545.98,78550.77,15206
1786080060,2026-08-07T10:51:00,78553.05,78557.98,78540.77,78548.63,10457
1786080120,2026-08-07T10:52:00,78550.34,78550.34,78531.93,78546.26,17210
1786080180,2026-08-07T10:53:00,78546.3,78574.22,78546.06,78570.93,11094
1786080240,2026-08-07T10:54:00,78570.08,78574.05,78564.45,78568.58,16051
1786080300,2026-08-07T10:55:00,78568.03,78581.58,78566.6,78575.77,15637
1786080360,2026-08-07T10:56:00,78573.01,78580.01,78569.9,78574.23,23692
1786080420,2026-08-07T10:57:00,78573.11,78577.56,78565.57,78570.2,14948
1786080480,2026-08-07T10:58:00,78568.72,78570.73,78546.9,78546.9,16518
1786080540,2026-08-07T10:59:00,78547.74,78550.79,78532.05,78534.89,14250
1786080600,2026-08-07T11:00:00,78534.69,78540.53,78526.0,78532.9,10086
1786080660,2026-08-07T11:01:00,78532.9,78540.68,78512.72,78520.45,11876
1786080720,2026-08-07T11:02:00,78520.2,78535.39,78519.98,78523.32,28636
1786080780,2026-08-07T11:03:00,78523.27,78531.97,78484.88,78484.88,62753
1786080840,2026-08-07T11:04:00,78484.0,78488.68,78474.34,78474.87,16557
1786080900,2026-08-07T11:05:00,78475.57,78500.4,78472.98,78500.4,39238
1786080960,2026-08-07T11:06:00,78496.94,78521.44,78496.94,78516.33,18638
1786081020,2026-08-07T11:07:00,78517.09,78520.99,78502.6,78505.15,16009
1786081080,2026-08-07T11:08:00,78507.79,78536.73,78506.69,78524.54,32333
1786081140,2026-08-07T11:09:00,78523.96,78525.32,78512.32,78520.27,10704
1786081200,2026-08-07T11:10:00,78517.06,78537.71,78517.06,78524.33,13418
1786081260,2026-08-07T11:11:00,78525.15,78537.88,78525.15,78534.92,8927
1786081320,2026-08-07T11:12:00,78533.85,78534.96,78523.08,78523.16,17730
1786081380,2026-08-07T11:13:00,78523.15,78536.6,78517.05,78536.6,21439
1786081440,2026-08-07T11:14:00,78537.28,78537.56,78523.52,78534.12,184827
1786081500,2026-08-07T11:15:00,78534.92,78534.92,78515.96,78521.36,27371
1786081560,2026-08-07T11:16:00,78522.11,78522.11,78506.68,78509.12,25207
1786081620,2026-08-07T11:17:00,78510.87,78515.26,78500.56,78500.56,25834
1786081680,2026-08-07T11:18:00,78500.85,78507.41,78496.28,78504.92,17518
1786081740,2026-08-07T11:19:00,78503.74,78516.35,78496.75,78512.01,12395
1786081800,2026-08-07T11:20:00,78517.57,78528.67,78511.58,78521.59,51026
1786081860,2026-08-07T11:21:00,78521.86,78539.12,78519.42,78528.43,28312
1786081920,2026-08-07T11:22:00,78526.33,78551.39,78525.81,78529.81,30272
1786081980,2026-08-07T11:23:00,78530.82,78545.55,78524.96,78543.05,15952
1786082040,2026-08-07T11:24:00,78545.21,78564.42,78537.35,78564.42,47686
1786082100,2026-08-07T11:25:00,78562.0,78583.04,78556.89,78571.65,46304
1786082160,2026-08-07T11:26:00,78576.35,78594.38,78575.48,78585.0,21322
1786082220,2026-08-07T11:27:00,78585.87,78601.41,78581.57,78597.42,14238
1786082280,2026-08-07T11:28:00,78598.12,78611.88,78595.07,78601.73,26430
1786082340,2026-08-07T11:29:00,78599.09,78616.16,78596.52,78596.76,35217
1786082400,2026-08-07T11:30:00,78595.85,78598.98,78578.91,78591.15,184043
1786082460,2026-08-07T11:31:00,78589.22,78595.02,78571.41,78579.7,33046
1786082520,2026-08-07T11:32:00,78581.63,78581.63,78565.56,78571.96,12730
1786082580,2026-08-07T11:33:00,78569.1,78585.26,78567.37,78577.88,11600
1786082640,2026-08-07T11:34:00,78576.24,78580.59,78561.78,78576.35,25235
1786082700,2026-08-07T11:35:00,78575.02,78579.04,78564.05,78574.16,22132
1786082760,2026-08-07T11:36:00,78575.38,78585.59,78567.72,78571.82,29166
1786082820,2026-08-07T11:37:00,78572.83,78589.34,78572.83,78585.3,31652
1786082880,2026-08-07T11:38:00,78586.24,78595.96,78580.96,78595.96,22314
1786082940,2026-08-07T11:39:00,78596.18,78600.09,78590.08,78592.16,13309
1786083000,2026-08-07T11:40:00,78590.43,78601.12,78580.04,78591.92,19587
1786083060,2026-08-07T11:41:00,78590.54,78595.86,78580.75,78582.73,14002
1786083120,2026-08-07T11:42:00,78580.7,78592.88,78579.24,78592.88,21858
1786083180,2026-08-07T11:43:00,78586.81,78591.6,78576.65,78587.96,12407
1786083240,2026-08-07T11:44:00,78587.96,78595.67,78580.02,78585.12,24669
1786083300,2026-08-07T11:45:00,78586.05,78588.34,78575.87,78579.86,10401
1786083360,2026-08-07T11:46:00,78579.23,78586.7,78573.32,78575.78,11946
1786083420,2026-08-07T11:47:00,78578.44,78581.26,78551.97,78553.76,23747
1786083480,2026-08-07T11:48:00,78555.67,78556.89,78538.36,78544.95,14450
1786083540,2026-08-07T11:49:00,78544.59,78552.45,78539.17,78546.79,24232
1786083600,2026-08-07T11:50:00,78547.0,78547.0,78528.62,78528.62,21376
1786083660,2026-08-07T11:51:00,78527.38,78528.04,78503.86,78512.32,12425
1786083720,2026-08-07T11:52:00,78509.73,78516.21,78499.36,78501.19,12164
1786083780,2026-08-07T11:53:00,78498.84,78501.25,78487.97,78489.9,12789
1786083840,2026-08-07T11:54:00,78499.06,78517.77,78489.23,78516.75,17602
1786083900,2026-08-07T11:55:00,78512.38,78520.78,78507.26,78513.6,31359
1786083960,2026-08-07T11:56:00,78513.2,78525.75,78507.09,78523.53,16284
1786084020,2026-08-07T11:57:00,78518.65,78532.75,78517.22,78525.78,17902
1786084080,2026-08-07T11:58:00,78525.78,78533.05,78513.29,78513.88,20818
1786084140,2026-08-07T11:59:00,78513.42,78530.61,78510.63,78530.61,11375
1786084200,2026-08-07T12:00:00,78527.36,78533.19,78518.44,78526.48,14659
1786084260,2026-08-07T12:01:00,78524.96,78530.45,78511.53,78514.36,17825
1786084320,2026-08-07T12:02:00,78512.26,78518.26,78502.01,78508.56,20697
1786084380,2026-08-07T12:03:00,78510.58,78515.6,78498.93,78498.93,14432
1786084440,2026-08-07T12:04:00,78498.98,78519.88,78498.98,78510.19,11496
1786084500,2026-08-07T12:05:00,78510.04,78523.33,78497.06,78505.3,11926
1786084560,2026-08-07T12:06:00,78507.52,78507.52,78491.65,78497.21,12957
1786084620,2026-08-07T12:07:00,78497.49,78509.44,78495.83,78504.28,24628
1786084680,2026-08-07T12:08:00,78501.13,78505.97,78483.76,78494.74,25312
1786084740,2026-08-07T12:09:00,78495.66,78505.1,78485.14,78504.71,17840
1786084800,2026-08-07T12:10:00,78500.06,78511.97,78497.25,78502.12,15774
1786084860,2026-08-07T12:11:00,78502.41,78502.42,78484.34,78484.34,22227
1786084920,2026-08-07T12:12:00,78488.11,78502.48,78488.11,78493.4,20569
1786084980,2026-08-07T12:13:00,78490.49,78504.78,78466.35,78466.35,39225
1786085040,2026-08-07T12:14:00,78464.66,78476.87,78461.01,78468.26,14476
1786085100,2026-08-07T12:15:00,78469.21,78469.49,78450.34,78451.07,34508
1786085160,2026-08-07T12:16:00,78451.08,78454.55,78437.55,78445.07,23536
1786085220,2026-08-07T12:17:00,78448.93,78451.01,78432.07,78438.63,17647
1786085280,2026-08-07T12:18:00,78441.2,78448.96,78438.82,78447.57,31536
1786085340,2026-08-07T12:19:00,78448.62,78456.05,78442.77,78449.93,19126
1786085400,2026-08-07T12:20:00,78449.65,78453.4,78430.05,78442.15,15598
1786085460,2026-08-07T12:21:00,78443.54,78464.66,78432.38,78464.66,13929
1786085520,2026-08-07T12:22:00,78464.38,78481.9,78456.47,78472.2,8688
1786085580,2026-08-07T12:23:00,78470.52,78473.13,78457.88,78462.6,9342
1786085640,2026-08-07T12:24:00,78459.71,78466.2,78453.36,78454.32,511237
1786085700,2026-08-07T12:25:00,78456.44,78474.71,78448.96,78474.23,15983
1786085760,2026-08-07T12:26:00,78474.09,78499.3,78472.78,78499.3,24097
1786085820,2026-08-07T12:27:00,78501.75,78509.52,78499.71,78503.02,13945
1786085880,2026-08-07T12:28:00,78499.28,78515.08,78499.28,78505.69,21130
1786085940,2026-08-07T12:29:00,78504.59,78512.61,78492.77,78496.83,31282
1786086000,2026-08-07T12:30:00,78497.61,78497.61,78469.36,78469.36,9444
1786086060,2026-08-07T12:31:00,78469.42,78490.64,78468.05,78484.44,12688
1786086120,2026-08-07T12:32:00,78481.75,78500.1,78481.75,78496.35,16715
1786086180,2026-08-07T12:33:00,78494.38,78498.19,78486.48,78495.39,13263
1786086240,2026-08-07T12:34:00,78496.61,78524.8,78494.02,78522.3,48077
1786086300,2026-08-07T12:35:00,78517.52,78527.03,78511.26,78524.51,11954
1786086360,2026-08-07T12:36:00,78524.51,78524.51,78507.31,78511.51,12117
1786086420,2026-08-07T12:37:00,78515.69,78521.99,78510.5,78521.99,9350
1786086480,2026-08-07T12:38:00,78520.51,78528.55,78512.37,78521.16,11763
1786086540,2026-08-07T12:39:00,78522.04,78534.49,78519.35,78533.95,12914
1786086600,2026-08-07T12:40:00,78534.56,78534.56,78517.21,78517.21,820153
1786086660,2026-08-07T12:41:00,78515.41,78519.92,78505.34,78509.25,9578
1786086720,2026-08-07T12:42:00,78508.59,78520.07,78508.29,78513.84,9798
1786086780,2026-08-07T12:43:00,78514.1,78516.21,78504.12,78507.33,9758
1786086840,2026-08-07T12:44:00,78507.33,78519.69,78496.53,78519.69,12163
1786086900,2026-08-07T12:45:00,78516.36,78517.85,78504.51,78517.85,6529
1786086960,2026-08-07T12:46:00,78518.4,78534.88,78512.91,78530.01,10649
1786087020,2026-08-07T12:47:00,78534.54,78538.82,78529.86,78538.63,9814
1786087080,2026-08-07T12:48:00,78539.28,78539.28,78526.25,78532.55,29589
1786087140,2026-08-07T12:49:00,78529.53,78539.45,78521.79,78539.45,10281
1786087200,2026-08-07T12:50:00,78539.36,78539.36,78520.34,78520.34,6449
1786087260,2026-08-07T12:51:00,78520.34,78528.84,78518.02,78526.75,13259
1786087320,2026-08-07T12:52:00,78523.44,78525.49,78509.72,78509.72,30048
1786087380,2026-08-07T12:53:00,78510.36,78520.17,78509.08,78518.11,33077
1786087440,2026-08-07T12:54:00,78517.75,78517.75,78504.49,78510.79,27982
1786087500,2026-08-07T12:55:00,78512.98,78516.25,78499.63,78501.59,30131
1786087560,2026-08-07T12:56:00,78501.59,78515.89,78499.13,78515.21,11891
1786087620,2026-08-07T12:57:00,78512.63,78518.49,78492.68,78496.55,10663
1786087680,2026-08-07T12:58:00,78491.45,78504.08,78487.46,78493.54,14384
1786087740,2026-08-07T12:59:00,78496.75,78496.93,78484.42,78488.54,7158
1786087800,2026-08-07T13:00:00,78488.82,78495.79,78483.51,78495.15,15522
1786087860,2026-08-07T13:01:00,78492.86,78495.83,78482.65,78484.17,9346
1786087920,2026-08-07T13:02:00,78488.4,78493.88,78482.57,78484.94,8833
1786087980,2026-08-07T13:03:00,78481.4,78488.78,78465.83,78478.92,26107
1786088040,2026-08-07T13:04:00,78482.87,78505.38,78473.18,78505.38,12494
1786088100,2026-08-07T13:05:00,78505.01,78509.33,78499.62,78506.44,7475
1786088160,2026-08-07T13:06:00,78506.18,78530.05,78501.92,78526.29,9124
1786088220,2026-08-07T13:07:00,78525.32,78534.19,78520.91,78525.01,14371
1786088280,2026-08-07T13:08:00,78524.9,78524.9,78507.52,78507.52,6465
1786088340,2026-08-07T13:09:00,78514.45,78514.46,78497.5,78497.65,7201
1786088400,2026-08-07T13:10:00,78499.92,78507.56,78490.57,78493.13,14156
1786088460,2026-08-07T13:11:00,78488.11,78520.8,78488.11,78520.8,12137
1786088520,2026-08-07T13:12:00,78522.05,78522.05,78507.84,78512.49,12408
1786088580,2026-08-07T13:13:00,78511.04,78516.46,78495.79,78500.9,5473
1786088640,2026-08-07T13:14:00,78501.4,78505.45,78471.86,78473.77,12495
1786088700,2026-08-07T13:15:00,78470.71,78497.67,78465.81,78493.08,32486
1786088760,2026-08-07T13:16:00,78497.9,78507.8,78494.3,78507.8,17510
1786088820,2026-08-07T13:17:00,78507.95,78518.15,78495.4,78495.6,16257
1786088880,2026-08-07T13:18:00,78496.31,78499.06,78478.23,78482.3,13891
1786088940,2026-08-07T13:19:00,78482.53,78486.7,78463.71,78478.67,17834
1786089000,2026-08-07T13:20:00,78476.92,78488.26,78470.42,78488.26,14993
1786089060,2026-08-07T13:21:00,78491.1,78497.64,78480.8,78496.65,40923
1786089120,2026-08-07T13:22:00,78499.77,78518.35,78492.82,78511.46,18190
1786089180,2026-08-07T13:23:00,78510.1,78528.5,78509.61,78526.31,16388
1786089240,2026-08-07T13:24:00,78523.44,78535.57,78522.88,78533.31,11256
1786089300,2026-08-07T13:25:00,78533.08,78543.98,78529.29,78535.63,7701
1786089360,2026-08-07T13:26:00,78534.26,78547.24,78532.82,78534.17,13655
1786089420,2026-08-07T13:27:00,78533.45,78546.91,78532.92,78540.18,33482
1786089480,2026-08-07T13:28:00,78540.03,78550.81,78536.84,78549.01,7530
1786089540,2026-08-07T13:29:00,78549.47,78559.39,78541.36,78541.36,216083
1786089600,2026-08-07T13:30:00,78541.36,78545.39,78524.21,78534.6,11955
1786089660,2026-08-07T13:31:00,78534.32,78534.32,78495.38,78502.91,28953
1786089720,2026-08-07T13:32:00,78506.76,78514.83,78486.12,78493.71,14653
1786089780,2026-08-07T13:33:00,78491.03,78493.86,78483.23,78490.07,23241
1786089840,2026-08-07T13:34:00,78491.76,78491.76,78471.01,78472.34,18214
1786089900,2026-08-07T13:35:00,78466.52,78483.63,78466.52,78480.29,17533
1786089960,2026-08-07T13:36:00,78480.32,78500.3,78478.1,78495.99,9493
1786090020,2026-08-07T13:37:00,78495.37,78504.17,78491.12,78495.81,13762
1786090080,2026-08-07T13:38:00,78494.3,78498.73,78480.58,78484.95,12454
1786090140,2026-08-07T13:39:00,78486.82,78486.82,78467.79,78479.67,119569
1786090200,2026-08-07T13:40:00,78479.71,78491.93,78470.54,78479.83,85441
1786090260,2026-08-07T13:41:00,78479.84,78484.77,78470.46,78478.96,22479
1786090320,2026-08-07T13:42:00,78479.61,78486.9,78472.14,78472.14,12151
1786090380,2026-08-07T13:43:00,78471.75,78487.71,78465.86,78480.44,8803
1786090440,2026-08-07T13:44:00,78474.46,78485.82,78469.48,78485.82,52321
1786090500,2026-08-07T13:45:00,78484.06,78497.73,78475.2,78488.94,39269
1786090560,2026-08-07T13:46:00,78489.7,78545.8,78474.72,78545.8,70647
1786090620,2026-08-07T13:47:00,78547.9,78563.22,78521.06,78524.74,45671
1786090680,2026-08-07T13:48:00,78525.49,78558.7,78525.49,78545.43,56264
1786090740,2026-08-07T13:49:00,78548.3,78582.88,78542.12,78577.8,28847
1786090800,2026-08-07T13:50:00,78577.28,78598.43,78562.16,78589.08,62771
1786090860,2026-08-07T13:51:00,78590.04,78627.31,78590.04,78618.32,75888
1786090920,2026-08-07T13:52:00,78621.1,78626.06,78604.91,78618.26,38187
1786090980,2026-08-07T13:53:00,78618.02,78635.52,78601.44,78611.62,55877
1786091040,2026-08-07T13:54:00,78605.75,78612.55,78577.96,78577.96,37714
1786091100,2026-08-07T13:55:00,78579.36,78583.48,78547.33,78550.48,47465
1786091160,2026-08-07T13:56:00,78551.26,78576.28,78544.16,78575.6,35896
1786091220,2026-08-07T13:57:00,78575.21,78575.21,78503.23,78514.19,77516
1786091280,2026-08-07T13:58:00,78514.06,78525.68,78497.73,78517.33,27892
1786091340,2026-08-07T13:59:00,78514.17,78550.95,78513.66,78541.07,38261
1786091400,2026-08-07T14:00:00,78542.25,78577.25,78542.25,78567.05,105496
1786091460,2026-08-07T14:01:00,78564.28,78587.11,78558.26,78575.91,166706
1786091520,2026-08-07T14:02:00,78576.36,78580.63,78534.39,78543.07,77093
1786091580,2026-08-07T14:03:00,78545.18,78549.72,78513.75,78513.75,91295
1786091640,2026-08-07T14:04:00,78513.82,78523.2,78507.34,78512.03,39511
1786091700,2026-08-07T14:05:00,78514.34,78526.33,78502.42,78513.05,43948
1786091760,2026-08-07T14:06:00,78509.1,78514.45,78463.44,78463.44,41623
1786091820,2026-08-07T14:07:00,78463.63,78471.07,78444.61,78468.11,34435
1786091880,2026-08-07T14:08:00,78469.38,78479.62,78463.07,78465.52,30860
1786091940,2026-08-07T14:09:00,78469.45,78471.18,78456.42,78462.6,26306
1786092000,2026-08-07T14:10:00,78461.88,78466.64,78445.98,78445.98,53792
1786092060,2026-08-07T14:11:00,78452.41,78457.51,78425.59,78428.93,20368
1786092120,2026-08-07T14:12:00,78427.43,78431.83,78408.56,78408.88,21280
1786092180,2026-08-07T14:13:00,78409.64,78424.2,78403.15,78419.69,19634
1786092240,2026-08-07T14:14:00,78422.5,78430.61,78413.55,78420.33,19419
1786092300,2026-08-07T14:15:00,78421.66,78425.66,78404.98,78419.28,14743
1786092360,2026-08-07T14:16:00,78416.02,78448.04,78412.52,78439.77,40979
1786092420,2026-08-07T14:17:00,78439.05,78455.64,78431.4,78454.33,30949
1786092480,2026-08-07T14:18:00,78447.61,78461.15,78447.42,78457.23,33761
1786092540,2026-08-07T14:19:00,78455.09,78456.71,78436.77,78444.76,26388
1786092600,2026-08-07T14:20:00,78448.87,78457.95,78438.7,78455.38,47234
1786092660,2026-08-07T14:21:00,78453.99,78458.28,78442.93,78450.19,26961
1786092720,2026-08-07T14:22:00,78455.88,78455.88,78424.51,78426.13,30773
1786092780,2026-08-07T14:23:00,78424.38,78435.55,78417.28,78418.32,21352
1786092840,2026-08-07T14:24:00,78420.86,78446.0,78413.49,78446.0,45193
1786092900,2026-08-07T14:25:00,78446.65,78464.15,78443.79,78454.46,41868
1786092960,2026-08-07T14:26:00,78454.58,78454.74,78438.68,78451.29,30291
1786093020,2026-08-07T14:27:00,78450.65,78453.33,78443.25,78447.03,22785
1786093080,2026-08-07T14:28:00,78448.32,78453.89,78438.04,78443.2,19543
1786093140,2026-08-07T14:29:00,78443.92,78445.62,78425.58,78425.58,45269
1786093200,2026-08-07T14:30:00,78426.53,78435.11,78420.15,78424.77,186984
1786093260,2026-08-07T14:31:00,78423.25,78423.25,78396.17,78407.28,30061
1786093320,2026-08-07T14:32:00,78408.9,78432.38,78404.61,78432.38,20704
1786093380,2026-08-07T14:33:00,78432.35,78470.99,78431.07,78467.39,34490
1786093440,2026-08-07T14:34:00,78471.48,78478.37,78456.86,78456.86,33489
1786093500,2026-08-07T14:35:00,78458.57,78462.42,78450.26,78458.64,12382
1786093560,2026-08-07T14:36:00,78461.88,78466.05,78455.35,78458.75,26539
1786093620,2026-08-07T14:37:00,78461.97,78461.97,78443.24,78444.21,24904
1786093680,2026-08-07T14:38:00,78445.27,78452.07,78438.56,78444.68,65959
1786093740,2026-08-07T14:39:00,78444.28,78448.74,78439.09,78439.09,32724
1786093800,2026-08-07T14:40:00,78440.14,78448.47,78435.1,78448.47,46820
1786093860,2026-08-07T14:41:00,78445.2,78448.14,78422.6,78422.9,30103
1786093920,2026-08-07T14:42:00,78423.98,78446.09,78421.72,78440.78,18503
1786093980,2026-08-07T14:43:00,78441.56,78451.35,78433.48,78439.29,127124
1786094040,2026-08-07T14:44:00,78437.95,78453.72,78429.5,78438.96,13696
1786094100,2026-08-07T14:45:00,78439.71,78453.59,78426.76,78438.94,40670
1786094160,2026-08-07T14:46:00,78443.36,78469.38,78443.36,78469.38,49377
1786094220,2026-08-07T14:47:00,78469.88,78477.77,78458.63,78473.82,43064
1786094280,2026-08-07T14:48:00,78470.87,78481.26,78460.66,78464.92,85170
1786094340,2026-08-07T14:49:00,78464.92,78485.99,78464.92,78484.31,21484
1786094400,2026-08-07T14:50:00,78486.37,78486.37,78455.25,78462.51,28607
1786094460,2026-08-07T14:51:00,78462.1,78466.66,78428.32,78430.44,39576
1786094520,2026-08-07T14:52:00,78432.7,78443.1,78417.68,78428.25,63563
1786094580,2026-08-07T14:53:00,78424.48,78439.57,78424.48,78433.72,31861
1786094640,2026-08-07T14:54:00,78434.23,78434.23,78377.07,78383.65,32187
1786094700,2026-08-07T14:55:00,78383.65,78419.57,78383.65,78416.4,46193
1786094760,2026-08-07T14:56:00,78417.06,78417.06,78395.21,78415.77,21107
1786094820,2026-08-07T14:57:00,78415.18,78428.61,78406.88,78423.98,36360
1786094880,2026-08-07T14:58:00,78424.66,78446.23,78419.25,78437.74,64698
1786094940,2026-08-07T14:59:00,78442.02,78443.16,78417.92,78426.09,36154
1786095000,2026-08-07T15:00:00,78421.04,78442.06,78421.04,78437.43,59483
1786095060,2026-08-07T15:01:00,78438.06,78438.4,78424.1,78436.26,42305
1786095120,2026-08-07T15:02:00,78439.81,78448.01,78436.78,78447.86,37707
1786095180,2026-08-07T15:03:00,78448.57,78455.45,78442.74,78450.76,58553
1786095240,2026-08-07T15:04:00,78449.74,78460.82,78442.48,78451.96,47740
1786095300,2026-08-07T15:05:00,78457.82,78462.18,78443.37,78449.23,44972
1786095360,2026-08-07T15:06:00,78448.53,78458.33,78435.83,78456.93,38338
1786095420,2026-08-07T15:07:00,78456.13,78463.76,78444.69,78455.85,53662
1786095480,2026-08-07T15:08:00,78453.89,78468.48,78447.87,78458.97,453620
1786095540,2026-08-07T15:09:00,78462.94,78469.29,78450.0,78466.95,40459
1786095600,2026-08-07T15:10:00,78474.7,78505.71,78472.08,78487.14,63458
1786095660,2026-08-07T15:11:00,78486.57,78511.18,78480.81,78511.18,42057
1786095720,2026-08-07T15:12:00,78508.59,78512.24,78490.83,78499.09,50300
1786095780,2026-08-07T15:13:00,78498.05,78512.37,78491.59,78512.25,47886
1786095840,2026-08-07T15:14:00,78511.89,78511.89,78472.96,78491.91,41381
1786095900,2026-08-07T15:15:00,78491.26,78491.26,78491.26,78491.26,41381
1786095960,2026-08-07T15:16:00,78491.26,78491.26,78491.26,78491.26,41381
1786096020,2026-08-07T15:17:00,78491.26,78491.26,78491.26,78491.26,41381
1786096080,2026-08-07T15:18:00,78491.26,78491.26,78491.26,78491.26,41381
1786096140,2026-08-07T15:19:00,78491.26,78491.26,78491.26,78491.26,41381
1786096200,2026-08-07T15:20:00,78491.26,78491.26,78491.26,78491.26,41381
1786096260,2026-08-07T15:21:00,78491.26,78491.26,78491.26,78491.26,41381
1786096320,2026-08-07T15:22:00,78491.26,78491.26,78491.26,78491.26,41381
1786096380,2026-08-07T15:23:00,78491.26,78491.26,78491.26,78491.26,41381
1786096440,2026-08-07T15:24:00,78491.26,78491.26,78491.26,78491.26,41381
1786096500,2026-08-07T15:25:00,78491.26,78491.26,78491.26,78491.26,41381
1786096560,2026-08-07T15:26:00,78491.26,78491.26,78491.26,78491.26,41381
1786096620,2026-08-07T15:27:00,78491.26,78491.26,78491.26,78491.26,41381
1786096680,2026-08-07T15:28:00,78491.26,78491.26,78491.26,78491.26,41381
1786096740,2026-08-07T15:29:00,78491.26,78499.17,78491.26,78499.17,41381
1786333500,2026-08-10T09:15:00,78501.59,78622.89,78494.59,78534.84,201099
1786333560,2026-08-10T09:16:00,78532.63,78576.47,78503.94,78566.18,152211
1786333620,2026-08-10T09:17:00,78569.13,78602.1,78546.27,78601.1,132953
1786333680,2026-08-10T09:18:00,78602.81,78620.84,78581.26,78620.84,99103
1786333740,2026-08-10T09:19:00,78613.38,78635.73,78609.14,78623.26,89339
1786333800,2026-08-10T09:20:00,78621.7,78676.98,78621.43,78650.66,91467
1786333860,2026-08-10T09:21:00,78655.01,78671.75,78651.57,78663.64,590202
1786333920,2026-08-10T09:22:00,78660.2,78662.17,78597.75,78603.65,59889
1786333980,2026-08-10T09:23:00,78622.21,78622.26,78591.02,78618.44,63545
1786334040,2026-08-10T09:24:00,78619.69,78619.69,78569.53,78573.59,61365
1786334100,2026-08-10T09:25:00,78578.12,78580.93,78553.22,78564.04,45351
1786334160,2026-08-10T09:26:00,78556.73,78562.2,78517.43,78520.53,60317
1786334220,2026-08-10T09:27:00,78517.6,78520.78,78465.53,78471.46,74364
1786334280,2026-08-10T09:28:00,78472.98,78474.37,78438.48,78474.37,73396
1786334340,2026-08-10T09:29:00,78473.69,78481.27,78447.58,78455.2,59077
1786334400,2026-08-10T09:30:00,78445.2,78458.53,78426.08,78426.71,88050
1786334460,2026-08-10T09:31:00,78425.53,78435.68,78396.74,78409.06,96771
1786334520,2026-08-10T09:32:00,78403.62,78424.47,78395.67,78416.85,37120
1786334580,2026-08-10T09:33:00,78418.14,78421.2,78383.86,78391.13,53470
1786334640,2026-08-10T09:34:00,78390.86,78396.35,78365.45,78384.65,52984
1786334700,2026-08-10T09:35:00,78380.85,78380.85,78325.74,78329.71,566746
1786334760,2026-08-10T09:36:00,78327.03,78372.48,78322.05,78353.92,50744
1786334820,2026-08-10T09:37:00,78353.23,78353.23,78298.92,78305.94,43007
1786334880,2026-08-10T09:38:00,78308.88,78351.38,78308.88,78351.38,41284
1786334940,2026-08-10T09:39:00,78354.47,78369.04,78342.08,78368.08,32831
1786335000,2026-08-10T09:40:00,78369.31,78370.82,78343.32,78361.2,37346
1786335060,2026-08-10T09:41:00,78359.07,78371.37,78350.39,78355.09,58581
1786335120,2026-08-10T09:42:00,78357.48,78361.46,78326.12,78332.86,35067
1786335180,2026-08-10T09:43:00,78334.41,78347.98,78314.8,78338.77,38687
1786335240,2026-08-10T09:44:00,78345.38,78354.96,78340.52,78347.84,51635
1786335300,2026-08-10T09:45:00,78351.65,78353.87,78335.24,78342.53,35969
1786335360,2026-08-10T09:46:00,78343.42,78360.55,78338.69,78353.42,31146
1786335420,2026-08-10T09:47:00,78356.49,78371.8,78346.87,78362.03,30472
1786335480,2026-08-10T09:48:00,78366.69,78400.21,78366.69,78375.61,33742
1786335540,2026-08-10T09:49:00,78377.9,78381.45,78359.91,78371.99,50189
1786335600,2026-08-10T09:50:00,78373.64,78402.78,78365.42,78401.09,29225
1786335660,2026-08-10T09:51:00,78402.54,78411.13,78378.47,78378.92,29811
1786335720,2026-08-10T09:52:00,78378.68,78397.02,78378.11,78387.24,34892
1786335780,2026-08-10T09:53:00,78387.69,78398.75,78359.72,78363.99,34333
1786335840,2026-08-10T09:54:00,78366.17,78373.49,78357.31,78365.14,86968
1786335900,2026-08-10T09:55:00,78362.2,78375.93,78350.54,78375.39,76995
1786335960,2026-08-10T09:56:00,78375.47,78381.72,78367.12,78375.22,56898
1786336020,2026-08-10T09:57:00,78376.32,78384.44,78354.18,78371.32,31052
1786336080,2026-08-10T09:58:00,78374.91,78389.23,78363.32,78365.25,39666
1786336140,2026-08-10T09:59:00,78363.14,78384.05,78363.14,78382.74,90926
1786336200,2026-08-10T10:00:00,78384.84,78409.85,78384.84,78398.05,28300
1786336260,2026-08-10T10:01:00,78400.43,78403.45,78382.34,78403.45,23205
1786336320,2026-08-10T10:02:00,78404.97,78426.06,78401.34,78425.72,63082
1786336380,2026-08-10T10:03:00,78425.11,78441.66,78422.39,78432.78,77272
1786336440,2026-08-10T10:04:00,78436.04,78438.14,78402.04,78405.96,49456
1786336500,2026-08-10T10:05:00,78407.82,78427.84,78399.11,78423.93,22246
1786336560,2026-08-10T10:06:00,78423.11,78426.17,78404.36,78420.9,33065
1786336620,2026-08-10T10:07:00,78419.16,78440.12,78413.81,78433.21,29880
1786336680,2026-08-10T10:08:00,78433.44,78433.45,78407.23,78409.31,46053
1786336740,2026-08-10T10:09:00,78405.39,78413.02,78383.34,78393.16,24857
1786336800,2026-08-10T10:10:00,78391.38,78403.01,78387.65,78387.65,24790
1786336860,2026-08-10T10:11:00,78392.25,78408.04,78391.7,78407.03,42726
1786336920,2026-08-10T10:12:00,78407.03,78407.03,78393.13,78397.5,21966
1786336980,2026-08-10T10:13:00,78397.95,78428.82,78397.95,78428.82,21259
1786337040,2026-08-10T10:14:00,78429.76,78438.63,78422.59,78437.74,25336
1786337100,2026-08-10T10:15:00,78436.53,78462.85,78426.1,78462.85,44430
1786337160,2026-08-10T10:16:00,78463.43,78487.99,78459.87,78480.81,32514
1786337220,2026-08-10T10:17:00,78481.83,78504.7,78475.9,78500.35,36751
1786337280,2026-08-10T10:18:00,78501.75,78515.19,78486.18,78509.78,23954
1786337340,2026-08-10T10:19:00,78510.28,78530.69,78510.28,78523.35,44067
1786337400,2026-08-10T10:20:00,78523.74,78547.24,78522.98,78547.24,58546
1786337460,2026-08-10T10:21:00,78545.72,78568.84,78545.72,78562.92,38063
1786337520,2026-08-10T10:22:00,78563.73,78572.39,78542.31,78550.6,36248
1786337580,2026-08-10T10:23:00,78556.03,78582.92,78551.31,78581.34,34595
1786337640,2026-08-10T10:24:00,78580.89,78589.73,78571.31,78588.82,19278
1786337700,2026-08-10T10:25:00,78588.2,78605.5,78581.45,78582.9,16274
1786337760,2026-08-10T10:26:00,78580.78,78581.32,78551.26,78551.26,23289
1786337820,2026-08-10T10:27:00,78555.78,78594.93,78555.78,78585.43,18595
1786337880,2026-08-10T10:28:00,78586.95,78593.66,78572.26,78587.87,21732
1786337940,2026-08-10T10:29:00,78588.26,78596.95,78583.21,78596.95,18580
1786338000,2026-08-10T10:30:00,78601.22,78617.84,78592.93,78608.92,38304
1786338060,2026-08-10T10:31:00,78613.69,78621.36,78602.04,78602.04,18705
1786338120,2026-08-10T10:32:00,78604.43,78609.68,78589.72,78594.02,27955
1786338180,2026-08-10T10:33:00,78596.88,78598.61,78585.31,78585.75,15366
1786338240,2026-08-10T10:34:00,78592.01,78597.2,78575.16,78575.85,25076
1786338300,2026-08-10T10:35:00,78578.49,78582.65,78568.07,78579.29,38825
1786338360,2026-08-10T10:36:00,78577.28,78603.27,78575.46,78595.57,29946
1786338420,2026-08-10T10:37:00,78598.15,78599.42,78582.53,78588.46,26107
1786338480,2026-08-10T10:38:00,78589.38,78589.85,78574.57,78574.95,12067
1786338540,2026-08-10T10:39:00,78575.25,78593.13,78573.13,78592.87,21455
1786338600,2026-08-10T10:40:00,78590.17,78600.84,78588.1,78591.75,15652
1786338660,2026-08-10T10:41:00,78591.02,78608.69,78589.8,78599.78,22934
1786338720,2026-08-10T10:42:00,78604.21,78606.08,78588.36,78591.43,30095
1786338780,2026-08-10T10:43:00,78594.64,78606.06,78584.88,78601.86,30721
1786338840,2026-08-10T10:44:00,78601.01,78620.08,78601.01,78618.09,37964
1786338900,2026-08-10T10:45:00,78619.67,78645.54,78607.09,78645.54,40812
1786338960,2026-08-10T10:46:00,78645.31,78658.02,78642.85,78650.28,26268
1786339020,2026-08-10T10:47:00,78647.82,78655.05,78634.11,78635.22,54626
1786339080,2026-08-10T10:48:00,78635.99,78646.38,78627.18,78640.07,51740
1786339140,2026-08-10T10:49:00,78638.71,78639.52,78620.23,78626.46,107653
1786339200,2026-08-10T10:50:00,78628.26,78628.48,78608.91,78608.91,37281
1786339260,2026-08-10T10:51:00,78608.91,78613.15,78598.53,78604.88,14215
1786339320,2026-08-10T10:52:00,78608.95,78614.84,78599.59,78603.95,30291
1786339380,2026-08-10T10:53:00,78605.08,78606.15,78588.96,78591.5,16717
1786339440,2026-08-10T10:54:00,78589.93,78590.19,78578.2,78579.54,12372
1786339500,2026-08-10T10:55:00,78579.54,78588.83,78576.7,78577.89,13051
1786339560,2026-08-10T10:56:00,78579.26,78589.67,78577.8,78589.67,26559
1786339620,2026-08-10T10:57:00,78590.68,78591.35,78570.32,78576.67,15235
1786339680,2026-08-10T10:58:00,78577.57,78594.08,78575.26,78594.08,10445
1786339740,2026-08-10T10:59:00,78593.15,78593.15,78571.93,78580.38,11378
1786339800,2026-08-10T11:00:00,78577.25,78597.13,78577.25,78593.86,26139
1786339860,2026-08-10T11:01:00,78595.73,78616.81,78592.62,78606.74,17651
1786339920,2026-08-10T11:02:00,78606.04,78613.77,78600.07,78608.74,34793
1786339980,2026-08-10T11:03:00,78602.09,78613.77,78597.92,78607.52,33410
1786340040,2026-08-10T11:04:00,78605.4,78610.82,78591.33,78606.55,11011
1786340100,2026-08-10T11:05:00,78609.28,78617.01,78594.12,78594.78,21586
1786340160,2026-08-10T11:06:00,78594.58,78609.33,78592.33,78595.07,9816
1786340220,2026-08-10T11:07:00,78595.07,78604.4,78593.29,78596.7,24279
1786340280,2026-08-10T11:08:00,78594.86,78597.71,78585.46,78589.78,12104
1786340340,2026-08-10T11:09:00,78591.31,78600.96,78574.27,78582.6,590341
1786340400,2026-08-10T11:10:00,78580.64,78590.64,78561.73,78581.18,15751
1786340460,2026-08-10T11:11:00,78579.18,78601.97,78577.86,78593.48,26733
1786340520,2026-08-10T11:12:00,78592.64,78594.34,78576.16,78577.58,47295
1786340580,2026-08-10T11:13:00,78581.97,78598.96,78581.97,78587.46,72603
1786340640,2026-08-10T11:14:00,78590.93,78605.59,78584.43,78602.69,9253
1786340700,2026-08-10T11:15:00,78602.69,78608.77,78592.15,78599.66,13378
1786340760,2026-08-10T11:16:00,78600.53,78608.98,78598.42,78603.43,10632
1786340820,2026-08-10T11:17:00,78601.44,78609.32,78589.77,78593.87,108574
1786340880,2026-08-10T11:18:00,78595.99,78598.72,78584.55,78589.29,8838
1786340940,2026-08-10T11:19:00,78591.34,78621.73,78585.38,78614.45,15126
1786341000,2026-08-10T11:20:00,78609.56,78626.6,78604.88,78615.92,14087
1786341060,2026-08-10T11:21:00,78611.57,78618.84,78597.9,78603.53,15748
1786341120,2026-08-10T11:22:00,78604.23,78615.73,78592.32,78604.68,16976
1786341180,2026-08-10T11:23:00,78604.68,78616.1,78600.64,78608.63,9552
1786341240,2026-08-10T11:24:00,78602.22,78613.78,78602.22,78607.24,39413
1786341300,2026-08-10T11:25:00,78607.24,78618.24,78602.37,78614.62,14333
1786341360,2026-08-10T11:26:00,78611.95,78622.69,78609.48,78618.91,21083
1786341420,2026-08-10T11:27:00,78621.08,78624.89,78613.63,78620.78,92830
1786341480,2026-08-10T11:28:00,78619.32,78635.48,78612.5,78635.48,47613
1786341540,2026-08-10T11:29:00,78634.5,78640.87,78624.59,78631.24,47046
1786341600,2026-08-10T11:30:00,78626.51,78627.76,78596.98,78596.98,18091
1786341660,2026-08-10T11:31:00,78594.32,78599.16,78584.81,78586.29,126877
1786341720,2026-08-10T11:32:00,78586.19,78586.19,78559.33,78562.06,18933
1786341780,2026-08-10T11:33:00,78562.51,78567.69,78553.72,78555.64,14861
1786341840,2026-08-10T11:34:00,78554.84,78566.04,78550.03,78561.31,59913
1786341900,2026-08-10T11:35:00,78561.88,78569.1,78555.68,78561.34,15353
1786341960,2026-08-10T11:36:00,78560.2,78582.07,78554.87,78570.34,15708
1786342020,2026-08-10T11:37:00,78570.8,78587.22,78563.2,78582.81,19556
1786342080,2026-08-10T11:38:00,78576.39,78602.95,78572.85,78600.47,22278
1786342140,2026-08-10T11:39:00,78595.81,78609.06,78586.47,78588.19,21656
1786342200,2026-08-10T11:40:00,78588.19,78610.22,78588.19,78610.22,163970
1786342260,2026-08-10T11:41:00,78606.21,78610.87,78595.95,78596.26,12717
1786342320,2026-08-10T11:42:00,78595.01,78604.8,78585.85,78590.07,22951
1786342380,2026-08-10T11:43:00,78592.76,78595.02,78568.97,78569.29,37138
1786342440,2026-08-10T11:44:00,78567.32,78575.93,78555.49,78555.49,32713
1786342500,2026-08-10T11:45:00,78554.23,78563.12,78547.62,78548.73,34042
1786342560,2026-08-10T11:46:00,78546.48,78546.52,78532.7,78544.66,116609
1786342620,2026-08-10T11:47:00,78543.66,78576.48,78543.66,78576.0,40883
1786342680,2026-08-10T11:48:00,78575.39,78596.65,78572.01,78595.31,25854
1786342740,2026-08-10T11:49:00,78597.65,78599.01,78574.32,78574.63,12270
1786342800,2026-08-10T11:50:00,78574.93,78592.18,78567.35,78590.25,16074
1786342860,2026-08-10T11:51:00,78590.95,78594.45,78582.95,78586.62,23093
1786342920,2026-08-10T11:52:00,78582.31,78606.92,78578.77,78595.39,19226
1786342980,2026-08-10T11:53:00,78596.17,78602.67,78590.12,78593.93,12212
1786343040,2026-08-10T11:54:00,78594.01,78598.71,78567.55,78570.73,48637
1786343100,2026-08-10T11:55:00,78569.73,78574.65,78561.66,78574.08,11123
1786343160,2026-08-10T11:56:00,78574.68,78585.42,78562.66,78575.2,21371
1786343220,2026-08-10T11:57:00,78576.32,78581.76,78555.82,78561.72,23509
1786343280,2026-08-10T11:58:00,78562.1,78570.61,78548.01,78566.7,256933
1786343340,2026-08-10T11:59:00,78558.06,78568.79,78556.09,78567.6,152864
1786343400,2026-08-10T12:00:00,78567.6,78568.69,78548.14,78548.14,14385
1786343460,2026-08-10T12:01:00,78547.71,78571.12,78547.71,78564.98,26730
1786343520,2026-08-10T12:02:00,78566.12,78576.24,78563.3,78569.81,15910
1786343580,2026-08-10T12:03:00,78571.03,78583.36,78569.3,78572.55,8292
1786343640,2026-08-10T12:04:00,78576.15,78585.36,78572.42,78577.2,28569
1786343700,2026-08-10T12:05:00,78577.2,78584.16,78567.64,78573.77,16838
1786343760,2026-08-10T12:06:00,78576.11,78581.07,78565.83,78576.96,10287
1786343820,2026-08-10T12:07:00,78572.52,78584.48,78564.1,78574.27,33968
1786343880,2026-08-10T12:08:00,78573.63,78582.97,78563.28,78563.33,11954
1786343940,2026-08-10T12:09:00,78565.64,78577.59,78558.74,78570.95,37940
1786344000,2026-08-10T12:10:00,78573.84,78596.93,78573.84,78595.68,24246
1786344060,2026-08-10T12:11:00,78595.26,78600.69,78580.4,78582.04,21174
1786344120,2026-08-10T12:12:00,78582.39,78599.15,78578.1,78599.15,22243
1786344180,2026-08-10T12:13:00,78595.3,78622.52,78595.3,78622.52,12839
1786344240,2026-08-10T12:14:00,78622.4,78630.67,78616.68,78621.08,15267
1786344300,2026-08-10T12:15:00,78621.33,78653.67,78613.94,78648.9,14749
1786344360,2026-08-10T12:16:00,78652.12,78658.38,78642.28,78653.62,17121
1786344420,2026-08-10T12:17:00,78656.53,78665.93,78654.52,78659.06,25040
1786344480,2026-08-10T12:18:00,78658.26,78666.41,78638.62,78643.37,13745
1786344540,2026-08-10T12:19:00,78646.7,78649.85,78627.52,78632.3,14248
1786344600,2026-08-10T12:20:00,78629.74,78641.87,78627.92,78630.22,15816
1786344660,2026-08-10T12:21:00,78630.22,78630.22,78610.57,78617.95,17261
1786344720,2026-08-10T12:22:00,78617.64,78631.44,78611.83,78626.65,8717
1786344780,2026-08-10T12:23:00,78630.0,78638.65,78623.67,78625.31,586544
1786344840,2026-08-10T12:24:00,78625.07,78625.07,78607.43,78613.78,38306
1786344900,2026-08-10T12:25:00,78608.48,78621.66,78607.29,78614.27,16661
1786344960,2026-08-10T12:26:00,78615.08,78621.47,78610.02,78610.02,17618
1786345020,2026-08-10T12:27:00,78609.57,78643.19,78605.63,78643.19,10432
1786345080,2026-08-10T12:28:00,78641.62,78644.73,78631.01,78639.6,16018
1786345140,2026-08-10T12:29:00,78639.65,78649.27,78630.11,78635.89,52592
1786345200,2026-08-10T12:30:00,78637.0,78654.57,78637.0,78644.7,29957
1786345260,2026-08-10T12:31:00,78643.36,78654.45,78640.66,78654.45,11211
1786345320,2026-08-10T12:32:00,78654.47,78661.24,78644.1,78650.99,38367
1786345380,2026-08-10T12:33:00,78651.05,78660.8,78641.73,78645.39,13742
1786345440,2026-08-10T12:34:00,78645.21,78652.13,78629.77,78634.61,13341
1786345500,2026-08-10T12:35:00,78634.14,78650.06,78631.15,78635.21,12533
1786345560,2026-08-10T12:36:00,78636.37,78638.68,78614.86,78616.73,22831
1786345620,2026-08-10T12:37:00,78616.73,78642.87,78612.32,78642.87,46578
1786345680,2026-08-10T12:38:00,78642.96,78645.6,78629.4,78638.1,16448
1786345740,2026-08-10T12:39:00,78638.01,78655.5,78636.11,78649.0,15283
1786345800,2026-08-10T12:40:00,78646.64,78655.68,78635.62,78645.46,14734
1786345860,2026-08-10T12:41:00,78645.46,78649.82,78636.06,78639.55,27019
1786345920,2026-08-10T12:42:00,78641.51,78646.1,78625.1,78637.15,23761
1786345980,2026-08-10T12:43:00,78636.4,78640.49,78618.48,78632.62,11496
1786346040,2026-08-10T12:44:00,78631.49,78635.33,78609.14,78609.14,20577
1786346100,2026-08-10T12:45:00,78613.93,78613.93,78599.7,78604.4,19690
1786346160,2026-08-10T12:46:00,78603.27,78605.77,78591.63,78602.42,23166
1786346220,2026-08-10T12:47:00,78602.48,78616.26,78598.21,78606.4,7139
1786346280,2026-08-10T12:48:00,78610.26,78614.7,78600.19,78606.99,9389
1786346340,2026-08-10T12:49:00,78604.96,78607.03,78587.47,78589.06,9687
1786346400,2026-08-10T12:50:00,78592.39,78602.21,78585.77,78596.03,14639
1786346460,2026-08-10T12:51:00,78595.33,78603.21,78591.98,78596.84,15833
1786346520,2026-08-10T12:52:00,78593.22,78597.44,78582.57,78585.77,10927
1786346580,2026-08-10T12:53:00,78585.09,78586.69,78565.91,78567.79,20752
1786346640,2026-08-10T12:54:00,78566.15,78573.16,78560.68,78571.15,21484
1786346700,2026-08-10T12:55:00,78573.5,78574.69,78552.76,78555.41,10703
1786346760,2026-08-10T12:56:00,78551.52,78562.15,78547.32,78560.04,12532
1786346820,2026-08-10T12:57:00,78559.88,78561.24,78548.28,78555.41,24533
1786346880,2026-08-10T12:58:00,78558.24,78561.27,78544.42,78548.8,17281
1786346940,2026-08-10T12:59:00,78547.46,78560.81,78546.64,78557.59,9806
1786347000,2026-08-10T13:00:00,78556.95,78563.13,78550.57,78555.83,15568
1786347060,2026-08-10T13:01:00,78557.12,78557.57,78538.4,78541.31,15842
1786347120,2026-08-10T13:02:00,78534.97,78548.52,78534.94,78546.97,11371
1786347180,2026-08-10T13:03:00,78550.19,78560.8,78543.72,78557.37,26485
1786347240,2026-08-10T13:04:00,78556.32,78571.91,78556.32,78565.08,14363
1786347300,2026-08-10T13:05:00,78565.27,78580.21,78562.02,78580.21,9002
1786347360,2026-08-10T13:06:00,78580.0,78581.64,78566.63,78572.62,7548
1786347420,2026-08-10T13:07:00,78572.62,78572.62,78542.31,78552.47,12563
1786347480,2026-08-10T13:08:00,78551.57,78554.88,78545.17,78549.57,43995
1786347540,2026-08-10T13:09:00,78545.33,78550.94,78522.37,78522.37,22323
1786347600,2026-08-10T13:10:00,78524.49,78534.36,78515.27,78528.2,8250
1786347660,2026-08-10T13:11:00,78530.88,78535.75,78521.22,78533.19,12579
1786347720,2026-08-10T13:12:00,78532.86,78539.98,78523.64,78528.66,29015
1786347780,2026-08-10T13:13:00,78528.51,78533.79,78518.66,78520.52,17352
1786347840,2026-08-10T13:14:00,78510.12,78515.94,78499.79,78507.58,35137
1786347900,2026-08-10T13:15:00,78508.67,78518.11,78503.18,78503.18,14913
1786347960,2026-08-10T13:16:00,78506.84,78539.74,78506.84,78539.37,6320
1786348020,2026-08-10T13:17:00,78535.99,78552.28,78533.42,78536.0,7344
1786348080,2026-08-10T13:18:00,78540.21,78553.26,78533.16,78543.54,14038
1786348140,2026-08-10T13:19:00,78543.2,78550.85,78537.41,78549.99,4412
1786348200,2026-08-10T13:20:00,78549.79,78550.83,78530.36,78536.45,12137
1786348260,2026-08-10T13:21:00,78536.45,78547.17,78530.92,78540.77,38583
1786348320,2026-08-10T13:22:00,78533.85,78543.19,78533.48,78542.62,8219
1786348380,2026-08-10T13:23:00,78542.82,78550.19,78538.32,78550.19,6473
1786348440,2026-08-10T13:24:00,78549.14,78552.59,78538.29,78539.1,10679
1786348500,2026-08-10T13:25:00,78539.43,78556.2,78539.07,78555.08,9986
1786348560,2026-08-10T13:26:00,78554.05,78568.11,78551.95,78564.89,7833
1786348620,2026-08-10T13:27:00,78564.46,78573.33,78564.46,78572.16,8384
1786348680,2026-08-10T13:28:00,78562.57,78572.96,78560.88,78565.59,12138
1786348740,2026-08-10T13:29:00,78564.82,78570.49,78549.48,78558.1,10259
1786348800,2026-08-10T13:30:00,78558.1,78570.74,78552.72,78562.84,6266
1786348860,2026-08-10T13:31:00,78562.31,78571.07,78554.25,78559.19,8867
1786348920,2026-08-10T13:32:00,78560.28,78565.29,78551.64,78562.09,9217
1786348980,2026-08-10T13:33:00,78561.08,78571.1,78560.42,78567.88,8233
1786349040,2026-08-10T13:34:00,78567.66,78582.45,78564.61,78581.55,20163
1786349100,2026-08-10T13:35:00,78583.08,78592.37,78579.43,78584.14,14464
1786349160,2026-08-10T13:36:00,78583.97,78590.46,78577.85,78578.98,15730
1786349220,2026-08-10T13:37:00,78578.98,78594.37,78577.46,78588.11,116257
1786349280,2026-08-10T13:38:00,78587.8,78589.32,78571.32,78582.72,14367
1786349340,2026-08-10T13:39:00,78583.15,78587.54,78574.6,78576.71,11898
1786349400,2026-08-10T13:40:00,78576.71,78583.08,78571.68,78577.01,8431
1786349460,2026-08-10T13:41:00,78577.55,78586.05,78575.57,78581.38,4815
1786349520,2026-08-10T13:42:00,78579.5,78602.85,78571.08,78588.89,13910
1786349580,2026-08-10T13:43:00,78588.23,78601.73,78584.81,78600.14,11952
1786349640,2026-08-10T13:44:00,78602.07,78607.16,78595.73,78607.16,6191
1786349700,2026-08-10T13:45:00,78606.91,78611.27,78594.98,78606.51,25586
1786349760,2026-08-10T13:46:00,78613.47,78615.3,78599.76,78599.76,4516412
1786349820,2026-08-10T13:47:00,78599.1,78599.88,78569.57,78570.87,16490
1786349880,2026-08-10T13:48:00,78571.89,78588.94,78570.03,78580.62,5329
1786349940,2026-08-10T13:49:00,78580.62,78604.09,78579.23,78595.12,9327
1786350000,2026-08-10T13:50:00,78595.8,78602.32,78586.07,78591.25,12478
1786350060,2026-08-10T13:51:00,78591.85,78602.74,78586.18,78597.21,6727
1786350120,2026-08-10T13:52:00,78599.14,78601.63,78586.26,78594.44,73048
1786350180,2026-08-10T13:53:00,78594.25,78601.91,78590.15,78597.19,7052
1786350240,2026-08-10T13:54:00,78597.19,78607.51,78592.04,78600.05,8450
1786350300,2026-08-10T13:55:00,78596.97,78602.22,78577.94,78583.42,13563
1786350360,2026-08-10T13:56:00,78583.42,78590.0,78572.6,78573.5,10540
1786350420,2026-08-10T13:57:00,78572.64,78574.43,78562.47,78566.24,7527
1786350480,2026-08-10T13:58:00,78564.79,78572.82,78556.31,78559.38,9515
1786350540,2026-08-10T13:59:00,78562.9,78564.79,78551.62,78551.72,8944
1786350600,2026-08-10T14:00:00,78550.74,78569.38,78547.8,78566.36,15819
1786350660,2026-08-10T14:01:00,78566.69,78574.86,78548.58,78551.66,32713
1786350720,2026-08-10T14:02:00,78551.01,78563.17,78542.81,78557.25,9223
1786350780,2026-08-10T14:03:00,78559.37,78560.08,78523.78,78539.66,66298
1786350840,2026-08-10T14:04:00,78540.45,78554.06,78536.22,78538.09,14936
1786350900,2026-08-10T14:05:00,78538.95,78563.33,78538.95,78559.52,22078
1786350960,2026-08-10T14:06:00,78559.52,78577.13,78552.76,78577.13,12798
1786351020,2026-08-10T14:07:00,78578.01,78587.29,78570.39,78584.79,15625
1786351080,2026-08-10T14:08:00,78584.79,78589.32,78570.4,78572.86,10061
1786351140,2026-08-10T14:09:00,78573.56,78576.44,78561.38,78565.73,11231
1786351200,2026-08-10T14:10:00,78563.99,78567.98,78547.62,78551.87,7738
1786351260,2026-08-10T14:11:00,78551.99,78560.79,78550.21,78554.81,12902
1786351320,2026-08-10T14:12:00,78554.73,78571.23,78554.08,78557.75,9529
1786351380,2026-08-10T14:13:00,78553.8,78559.37,78546.02,78552.07,27036
1786351440,2026-08-10T14:14:00,78553.05,78556.37,78539.73,78539.73,20638
1786351500,2026-08-10T14:15:00,78540.32,78548.83,78527.73,78545.72,14724
1786351560,2026-08-10T14:16:00,78543.09,78549.4,78535.72,78544.68,9634
1786351620,2026-08-10T14:17:00,78548.59,78557.46,78534.69,78540.3,125722
1786351680,2026-08-10T14:18:00,78543.06,78543.06,78524.87,78531.65,12757
1786351740,2026-08-10T14:19:00,78531.19,78543.25,78526.41,78529.52,11973
1786351800,2026-08-10T14:20:00,78530.96,78557.22,78530.29,78546.5,30673
1786351860,2026-08-10T14:21:00,78546.5,78556.29,78539.89,78546.0,31269
1786351920,2026-08-10T14:22:00,78546.0,78550.54,78534.7,78536.01,13200
1786351980,2026-08-10T14:23:00,78536.21,78551.16,78535.8,78545.27,7103
1786352040,2026-08-10T14:24:00,78546.09,78552.83,78541.25,78541.5,18987
1786352100,2026-08-10T14:25:00,78540.11,78550.58,78536.67,78542.74,12230
1786352160,2026-08-10T14:26:00,78545.57,78562.12,78545.57,78546.1,23008
1786352220,2026-08-10T14:27:00,78547.33,78570.2,78546.1,78570.2,61177
1786352280,2026-08-10T14:28:00,78571.41,78575.24,78539.17,78542.46,14357
1786352340,2026-08-10T14:29:00,78545.93,78549.41,78535.78,78535.78,55557
1786352400,2026-08-10T14:30:00,78538.36,78559.5,78538.36,78554.09,12486
1786352460,2026-08-10T14:31:00,78553.0,78553.0,78536.32,78542.67,19225
1786352520,2026-08-10T14:32:00,78542.64,78543.95,78523.76,78531.91,38825
1786352580,2026-08-10T14:33:00,78531.8,78531.8,78508.7,78529.86,36634
1786352640,2026-08-10T14:34:00,78526.05,78537.69,78520.08,78520.08,44173
1786352700,2026-08-10T14:35:00,78519.78,78526.02,78512.74,78518.89,13070
1786352760,2026-08-10T14:36:00,78520.52,78520.52,78494.02,78500.39,24298
1786352820,2026-08-10T14:37:00,78501.17,78504.3,78494.61,78503.08,16757
1786352880,2026-08-10T14:38:00,78502.13,78511.33,78492.34,78511.24,19502
1786352940,2026-08-10T14:39:00,78512.82,78518.62,78502.63,78506.17,32898
1786353000,2026-08-10T14:40:00,78506.68,78513.64,78500.61,78512.01,18222
1786353060,2026-08-10T14:41:00,78512.87,78517.12,78498.07,78501.65,35639
1786353120,2026-08-10T14:42:00,78500.57,78511.69,78493.8,78500.17,8027757
1786353180,2026-08-10T14:43:00,78501.8,78501.8,78477.87,78482.1,1157733
1786353240,2026-08-10T14:44:00,78479.11,78507.93,78479.11,78497.95,556482
1786353300,2026-08-10T14:45:00,78498.62,78498.62,78473.99,78485.64,82996
1786353360,2026-08-10T14:46:00,78485.33,78497.8,78482.02,78494.74,122254
1786353420,2026-08-10T14:47:00,78492.91,78496.06,78476.98,78479.62,26478
1786353480,2026-08-10T14:48:00,78479.53,78482.12,78463.9,78466.29,34901
1786353540,2026-08-10T14:49:00,78465.67,78466.5,78453.34,78458.02,32020
1786353600,2026-08-10T14:50:00,78456.67,78456.67,78432.08,78437.73,58240
1786353660,2026-08-10T14:51:00,78437.65,78456.22,78437.65,78448.87,35121
1786353720,2026-08-10T14:52:00,78449.16,78450.32,78440.39,78446.54,95227
1786353780,2026-08-10T14:53:00,78445.85,78463.43,78445.46,78453.71,79557
1786353840,2026-08-10T14:54:00,78455.61,78462.39,78450.37,78456.46,292667
1786353900,2026-08-10T14:55:00,78456.85,78463.43,78452.54,78454.12,97477
1786353960,2026-08-10T14:56:00,78454.24,78466.42,78447.04,78463.68,20548
1786354020,2026-08-10T14:57:00,78462.96,78470.81,78457.14,78467.29,50539
1786354080,2026-08-10T14:58:00,78461.6,78474.36,78457.94,78471.88,29343
1786354140,2026-08-10T14:59:00,78475.94,78485.95,78468.15,78480.4,21572
1786354200,2026-08-10T15:00:00,78477.96,78483.51,78453.31,78457.61,44449
1786354260,2026-08-10T15:01:00,78457.55,78462.68,78435.26,78436.6,50590
1786354320,2026-08-10T15:02:00,78431.98,78468.43,78426.28,78466.67,59629
1786354380,2026-08-10T15:03:00,78466.44,78508.7,78466.44,78486.77,63225
1786354440,2026-08-10T15:04:00,78486.34,78502.36,78481.97,78502.36,41079
1786354500,2026-08-10T15:05:00,78502.55,78503.44,78484.02,78494.49,39449
1786354560,2026-08-10T15:06:00,78491.44,78510.65,78484.11,78507.5,73253
1786354620,2026-08-10T15:07:00,78503.4,78508.69,78469.65,78470.44,61753
1786354680,2026-08-10T15:08:00,78474.28,78482.01,78459.94,78464.85,60496
1786354740,2026-08-10T15:09:00,78465.13,78471.67,78457.22,78458.87,42520
1786354800,2026-08-10T15:10:00,78456.34,78456.34,78436.43,78443.52,29818
1786354860,2026-08-10T15:11:00,78448.12,78452.37,78426.68,78447.37,18775
1786354920,2026-08-10T15:12:00,78449.11,78456.02,78424.28,78449.38,41348
1786354980,2026-08-10T15:13:00,78457.49,78467.66,78437.64,78452.49,30447
1786355040,2026-08-10T15:14:00,78459.77,78482.69,78452.9,78478.66,17270
1786355100,2026-08-10T15:15:00,78478.66,78478.66,78478.66,78478.66,17270
1786355160,2026-08-10T15:16:00,78478.66,78478.66,78478.66,78478.66,17270
1786355220,2026-08-10T15:17:00,78478.66,78478.66,78478.66,78478.66,17270
1786355280,2026-08-10T15:18:00,78478.66,78478.66,78478.66,78478.66,17270
1786355340,2026-08-10T15:19:00,78478.66,78478.66,78478.66,78478.66,17270
1786355400,2026-08-10T15:20:00,78478.66,78478.66,78478.66,78478.66,17270
1786355460,2026-08-10T15:21:00,78478.66,78478.66,78478.66,78478.66,17270
1786355520,2026-08-10T15:22:00,78478.66,78478.66,78478.66,78478.66,17270
1786355580,2026-08-10T15:23:00,78478.66,78478.66,78478.66,78478.66,17270
1786355640,2026-08-10T15:24:00,78478.66,78478.66,78478.66,78478.66,17270
1786355700,2026-08-10T15:25:00,78478.66,78478.66,78478.66,78478.66,17270
1786355760,2026-08-10T15:26:00,78478.66,78478.66,78478.66,78478.66,17270
1786355820,2026-08-10T15:27:00,78478.66,78478.66,78478.66,78478.66,17270
1786355880,2026-08-10T15:28:00,78478.66,78542.44,78478.66,78542.44,17270
1786355940,2026-08-10T15:29:00,78542.44,78542.44,78542.44,78542.44,17270
1786419900,2026-08-11T09:15:00,78509.77,78509.77,78338.95,78352.32,167602
1786419960,2026-08-11T09:16:00,78356.42,78356.42,78266.33,78289.48,120240
1786420020,2026-08-11T09:17:00,78284.01,78284.29,78241.19,78253.76,97824
1786420080,2026-08-11T09:18:00,78255.75,78268.52,78236.14,78262.61,68767
1786420140,2026-08-11T09:19:00,78256.43,78269.77,78225.55,78239.55,72150
1786420200,2026-08-11T09:20:00,78240.52,78240.52,78215.86,78221.37,53827
1786420260,2026-08-11T09:21:00,78219.85,78247.55,78218.52,78241.6,33076
1786420320,2026-08-11T09:22:00,78237.74,78247.75,78224.11,78227.26,44775
1786420380,2026-08-11T09:23:00,78228.08,78232.31,78212.68,78218.73,541820
1786420440,2026-08-11T09:24:00,78219.06,78235.01,78209.22,78233.24,49703
1786420500,2026-08-11T09:25:00,78234.17,78258.8,78224.02,78249.75,38448
1786420560,2026-08-11T09:26:00,78250.58,78250.61,78214.86,78216.04,37205
1786420620,2026-08-11T09:27:00,78215.93,78217.39,78196.66,78212.94,73879
1786420680,2026-08-11T09:28:00,78219.81,78227.41,78204.4,78215.22,42856
1786420740,2026-08-11T09:29:00,78215.43,78219.84,78203.03,78212.9,50146
1786420800,2026-08-11T09:30:00,78210.16,78210.16,78171.11,78191.83,48775
1786420860,2026-08-11T09:31:00,78186.96,78216.68,78184.67,78209.16,24812
1786420920,2026-08-11T09:32:00,78202.08,78222.2,78198.46,78222.2,29669
1786420980,2026-08-11T09:33:00,78218.82,78226.81,78208.71,78217.56,39078
1786421040,2026-08-11T09:34:00,78218.72,78232.97,78213.61,78215.75,51111
1786421100,2026-08-11T09:35:00,78216.8,78240.69,78213.73,78240.69,28761
1786421160,2026-08-11T09:36:00,78243.03,78246.15,78216.79,78221.32,19087
1786421220,2026-08-11T09:37:00,78223.01,78232.59,78194.18,78199.97,41832
1786421280,2026-08-11T09:38:00,78193.01,78209.99,78189.89,78209.99,42674
1786421340,2026-08-11T09:39:00,78209.38,78209.38,78191.92,78197.18,30384
1786421400,2026-08-11T09:40:00,78195.67,78201.63,78174.6,78183.99,56394
1786421460,2026-08-11T09:41:00,78176.84,78191.24,78176.29,78178.81,42225
1786421520,2026-08-11T09:42:00,78185.16,78189.43,78171.01,78174.12,47562
1786421580,2026-08-11T09:43:00,78175.07,78175.07,78145.25,78158.16,35415
1786421640,2026-08-11T09:44:00,78161.14,78181.94,78151.27,78181.94,31341
1786421700,2026-08-11T09:45:00,78181.02,78197.53,78174.66,78190.43,32979
1786421760,2026-08-11T09:46:00,78189.12,78189.27,78150.01,78150.01,34573
1786421820,2026-08-11T09:47:00,78152.23,78160.92,78130.19,78143.19,65746
1786421880,2026-08-11T09:48:00,78141.67,78152.75,78135.39,78136.25,19013
1786421940,2026-08-11T09:49:00,78148.18,78156.28,78143.71,78148.2,23766
1786422000,2026-08-11T09:50:00,78153.77,78168.01,78145.18,78164.23,14445
1786422060,2026-08-11T09:51:00,78157.49,78168.14,78155.99,78161.64,23993
1786422120,2026-08-11T09:52:00,78166.75,78174.52,78152.55,78161.02,38285
1786422180,2026-08-11T09:53:00,78160.69,78165.76,78148.51,78150.82,18530
1786422240,2026-08-11T09:54:00,78150.54,78158.99,78129.3,78138.16,17023
1786422300,2026-08-11T09:55:00,78137.6,78142.38,78114.07,78138.89,35864
1786422360,2026-08-11T09:56:00,78141.3,78163.73,78136.08,78159.81,13444
1786422420,2026-08-11T09:57:00,78159.74,78160.9,78150.05,78160.9,37116
1786422480,2026-08-11T09:58:00,78155.94,78190.37,78155.61,78188.48,34571
1786422540,2026-08-11T09:59:00,78189.15,78201.88,78181.77,78198.83,22272
1786422600,2026-08-11T10:00:00,78198.71,78210.97,78194.47,78195.23,17897
1786422660,2026-08-11T10:01:00,78196.34,78201.47,78188.94,78193.79,22213
1786422720,2026-08-11T10:02:00,78199.42,78206.5,78177.0,78186.52,14526
1786422780,2026-08-11T10:03:00,78185.01,78213.4,78184.04,78209.26,13311
1786422840,2026-08-11T10:04:00,78207.03,78221.73,78203.93,78208.37,12473
1786422900,2026-08-11T10:05:00,78209.95,78209.95,78197.66,78203.95,24554
1786422960,2026-08-11T10:06:00,78201.5,78201.5,78167.97,78170.13,28796
1786423020,2026-08-11T10:07:00,78170.17,78180.71,78162.85,78171.24,16556
1786423080,2026-08-11T10:08:00,78173.12,78179.27,78164.23,78178.5,10043
1786423140,2026-08-11T10:09:00,78180.53,78182.09,78170.43,78174.98,19740
1786423200,2026-08-11T10:10:00,78173.22,78174.13,78158.67,78161.73,12929
1786423260,2026-08-11T10:11:00,78161.73,78176.43,78157.91,78172.98,10703
1786423320,2026-08-11T10:12:00,78179.27,78183.09,78170.07,78170.07,15720
1786423380,2026-08-11T10:13:00,78168.37,78176.87,78161.78,78169.2,13704
1786423440,2026-08-11T10:14:00,78169.55,78169.55,78155.42,78156.36,83780
1786423500,2026-08-11T10:15:00,78154.82,78161.4,78136.22,78148.15,21157
1786423560,2026-08-11T10:16:00,78145.02,78155.99,78139.16,78153.09,14353
1786423620,2026-08-11T10:17:00,78152.54,78172.27,78149.4,78163.79,16754
1786423680,2026-08-11T10:18:00,78165.31,78168.73,78152.85,78166.53,24319
1786423740,2026-08-11T10:19:00,78165.44,78165.44,78140.44,78143.31,17275
1786423800,2026-08-11T10:20:00,78142.67,78145.24,78124.83,78130.15,52619
1786423860,2026-08-11T10:21:00,78129.55,78145.8,78126.02,78136.08,27711
1786423920,2026-08-11T10:22:00,78133.33,78163.51,78132.61,78163.51,18239
1786423980,2026-08-11T10:23:00,78162.02,78166.02,78153.89,78157.37,26861
1786424040,2026-08-11T10:24:00,78165.51,78165.51,78147.92,78154.98,18434
1786424100,2026-08-11T10:25:00,78158.01,78167.01,78148.93,78152.37,15693
1786424160,2026-08-11T10:26:00,78154.66,78162.05,78145.19,78151.04,11864
1786424220,2026-08-11T10:27:00,78150.72,78172.43,78147.0,78169.64,14576
1786424280,2026-08-11T10:28:00,78169.68,78187.22,78162.71,78184.26,35487
1786424340,2026-08-11T10:29:00,78184.98,78195.33,78175.44,78183.56,16351
1786424400,2026-08-11T10:30:00,78183.42,78189.5,78165.35,78165.35,14922
1786424460,2026-08-11T10:31:00,78164.16,78175.38,78158.01,78170.87,11782
1786424520,2026-08-11T10:32:00,78171.41,78187.01,78167.4,78183.15,9591
1786424580,2026-08-11T10:33:00,78182.54,78189.99,78178.55,78186.28,9198
1786424640,2026-08-11T10:34:00,78187.48,78194.85,78180.47,78184.58,16813
1786424700,2026-08-11T10:35:00,78183.74,78185.8,78173.64,78177.86,6525
1786424760,2026-08-11T10:36:00,78173.64,78175.06,78159.54,78175.06,11576
1786424820,2026-08-11T10:37:00,78179.06,78192.46,78171.74,78186.98,10825
1786424880,2026-08-11T10:38:00,78186.62,78198.32,78183.38,78192.22,6868
1786424940,2026-08-11T10:39:00,78190.2,78198.01,78185.07,78189.25,7177
1786425000,2026-08-11T10:40:00,78183.67,78197.51,78177.01,78181.05,10947
1786425060,2026-08-11T10:41:00,78177.6,78191.66,78174.1,78190.6,17825
1786425120,2026-08-11T10:42:00,78189.98,78194.53,78184.78,78188.82,8148
1786425180,2026-08-11T10:43:00,78185.61,78194.46,78178.77,78178.77,97310
1786425240,2026-08-11T10:44:00,78185.94,78185.94,78170.61,78170.61,32797
1786425300,2026-08-11T10:45:00,78170.49,78176.87,78166.74,78172.17,14445
1786425360,2026-08-11T10:46:00,78174.76,78175.09,78158.73,78163.19,13392
1786425420,2026-08-11T10:47:00,78163.15,78165.45,78155.65,78157.63,9417
1786425480,2026-08-11T10:48:00,78156.66,78159.68,78150.58,78157.88,12378
1786425540,2026-08-11T10:49:00,78157.48,78161.03,78147.66,78154.91,7695
1786425600,2026-08-11T10:50:00,78154.65,78183.68,78152.42,78180.97,12810
1786425660,2026-08-11T10:51:00,78178.27,78191.48,78174.86,78187.76,11914
1786425720,2026-08-11T10:52:00,78188.37,78196.13,78178.98,78183.13,17923
1786425780,2026-08-11T10:53:00,78183.37,78199.81,78179.21,78198.34,136729
1786425840,2026-08-11T10:54:00,78201.37,78201.37,78182.17,78186.84,11611
1786425900,2026-08-11T10:55:00,78190.46,78205.86,78177.49,78177.49,29305
1786425960,2026-08-11T10:56:00,78178.33,78187.78,78176.23,78180.73,27659
1786426020,2026-08-11T10:57:00,78180.26,78181.29,78165.13,78178.64,15499
1786426080,2026-08-11T10:58:00,78178.03,78185.08,78170.72,78177.91,19736
1786426140,2026-08-11T10:59:00,78180.04,78181.68,78156.57,78162.64,18412
1786426200,2026-08-11T11:00:00,78164.23,78170.95,78143.66,78156.99,23807
1786426260,2026-08-11T11:01:00,78155.09,78164.72,78144.75,78153.06,15910
1786426320,2026-08-11T11:02:00,78152.07,78156.48,78126.42,78129.94,21397
1786426380,2026-08-11T11:03:00,78128.46,78135.24,78116.88,78123.55,9444
1786426440,2026-08-11T11:04:00,78123.46,78123.46,78111.36,78113.46,14985
1786426500,2026-08-11T11:05:00,78116.68,78120.39,78109.98,78117.4,10246
1786426560,2026-08-11T11:06:00,78116.79,78130.79,78115.57,78117.71,18739
1786426620,2026-08-11T11:07:00,78124.32,78131.23,78117.13,78123.4,14905
1786426680,2026-08-11T11:08:00,78123.39,78127.25,78108.2,78117.41,13710
1786426740,2026-08-11T11:09:00,78111.8,78115.99,78091.4,78091.4,493451
1786426800,2026-08-11T11:10:00,78089.75,78097.8,78077.8,78093.31,15612
1786426860,2026-08-11T11:11:00,78092.24,78107.94,78090.12,78090.35,11873
1786426920,2026-08-11T11:12:00,78092.8,78104.21,78087.96,78093.15,9273
1786426980,2026-08-11T11:13:00,78088.58,78107.07,78081.84,78104.85,11501
1786427040,2026-08-11T11:14:00,78109.4,78121.74,78096.57,78106.04,14205
1786427100,2026-08-11T11:15:00,78110.62,78119.11,78101.68,78114.07,60279
1786427160,2026-08-11T11:16:00,78116.1,78124.48,78109.28,78120.65,18529
1786427220,2026-08-11T11:17:00,78120.55,78121.98,78107.92,78118.34,9823
1786427280,2026-08-11T11:18:00,78117.46,78119.21,78095.1,78105.69,23090
1786427340,2026-08-11T11:19:00,78100.37,78115.98,78094.8,78108.12,11962
1786427400,2026-08-11T11:20:00,78103.82,78104.55,78093.77,78094.17,19833
1786427460,2026-08-11T11:21:00,78094.81,78109.76,78093.49,78109.76,22617
1786427520,2026-08-11T11:22:00,78104.31,78115.31,78098.44,78100.88,50624
1786427580,2026-08-11T11:23:00,78101.22,78107.38,78091.22,78093.58,29106
1786427640,2026-08-11T11:24:00,78092.88,78102.47,78085.71,78092.41,19359
1786427700,2026-08-11T11:25:00,78088.75,78096.53,78079.75,78085.04,9182
1786427760,2026-08-11T11:26:00,78083.0,78088.16,78075.95,78083.96,16210
1786427820,2026-08-11T11:27:00,78082.67,78093.37,78071.19,78084.26,14017
1786427880,2026-08-11T11:28:00,78084.06,78099.65,78082.97,78098.78,14086
1786427940,2026-08-11T11:29:00,78096.63,78103.61,78086.97,78092.87,10729
1786428000,2026-08-11T11:30:00,78088.39,78095.37,78086.56,78090.26,7568
1786428060,2026-08-11T11:31:00,78090.26,78096.79,78083.88,78088.9,12294
1786428120,2026-08-11T11:32:00,78088.55,78088.55,78071.72,78080.47,15994
1786428180,2026-08-11T11:33:00,78083.38,78083.38,78069.77,78078.41,9249
1786428240,2026-08-11T11:34:00,78081.39,78099.26,78080.49,78091.46,20909
1786428300,2026-08-11T11:35:00,78089.72,78091.84,78080.17,78080.39,10439
1786428360,2026-08-11T11:36:00,78080.39,78085.59,78075.75,78084.61,10430
1786428420,2026-08-11T11:37:00,78087.12,78100.0,78080.5,78097.4,36000
1786428480,2026-08-11T11:38:00,78102.57,78108.59,78096.12,78099.43,15590
1786428540,2026-08-11T11:39:00,78102.48,78110.39,78096.39,78107.0,13607
1786428600,2026-08-11T11:40:00,78109.73,78116.55,78103.72,78113.69,40108
1786428660,2026-08-11T11:41:00,78113.98,78121.11,78105.15,78119.8,44512
1786428720,2026-08-11T11:42:00,78118.23,78123.69,78105.15,78120.35,43434
1786428780,2026-08-11T11:43:00,78122.1,78127.52,78116.87,78126.28,18823
1786428840,2026-08-11T11:44:00,78125.0,78126.21,78112.24,78114.9,18328
1786428900,2026-08-11T11:45:00,78116.19,78116.95,78102.74,78106.26,26686
1786428960,2026-08-11T11:46:00,78108.73,78123.31,78107.82,78119.2,19121
1786429020,2026-08-11T11:47:00,78119.01,78126.31,78114.16,78122.75,15547
1786429080,2026-08-11T11:48:00,78123.0,78131.86,78118.86,78124.13,42968
1786429140,2026-08-11T11:49:00,78123.71,78136.15,78118.26,78126.81,27600
1786429200,2026-08-11T11:50:00,78127.24,78134.19,78124.99,78129.94,36567
1786429260,2026-08-11T11:51:00,78129.86,78130.96,78118.48,78118.48,17348
1786429320,2026-08-11T11:52:00,78118.48,78120.14,78110.59,78112.45,7386
1786429380,2026-08-11T11:53:00,78113.73,78117.19,78105.65,78109.39,14834
1786429440,2026-08-11T11:54:00,78109.39,78110.25,78082.25,78083.61,12016
1786429500,2026-08-11T11:55:00,78086.51,78087.05,78074.57,78078.83,38616
1786429560,2026-08-11T11:56:00,78076.23,78081.86,78070.14,78081.86,20795
1786429620,2026-08-11T11:57:00,78081.15,78081.15,78072.17,78078.94,8996
1786429680,2026-08-11T11:58:00,78079.31,78087.47,78077.56,78087.05,9203
1786429740,2026-08-11T11:59:00,78087.14,78104.08,78082.54,78102.81,26102
1786429800,2026-08-11T12:00:00,78104.01,78104.75,78083.11,78083.11,12581
1786429860,2026-08-11T12:01:00,78082.84,78087.75,78073.58,78075.21,9700
1786429920,2026-08-11T12:02:00,78076.84,78079.69,78071.44,78074.03,21224
1786429980,2026-08-11T12:03:00,78075.32,78079.15,78061.5,78063.01,12635
1786430040,2026-08-11T12:04:00,78064.91,78064.91,78050.98,78058.83,9524
1786430100,2026-08-11T12:05:00,78057.09,78060.26,78048.26,78052.51,6606
1786430160,2026-08-11T12:06:00,78052.26,78067.6,78052.26,78064.47,33311
1786430220,2026-08-11T12:07:00,78062.74,78078.67,78062.74,78076.9,9701
1786430280,2026-08-11T12:08:00,78076.09,78076.98,78063.14,78068.32,12361
1786430340,2026-08-11T12:09:00,78065.65,78074.13,78065.18,78068.4,11669
1786430400,2026-08-11T12:10:00,78068.4,78075.32,78064.87,78075.32,41990
1786430460,2026-08-11T12:11:00,78079.4,78102.64,78079.4,78102.64,25692
1786430520,2026-08-11T12:12:00,78102.12,78111.03,78095.66,78105.59,10832
1786430580,2026-08-11T12:13:00,78103.66,78118.3,78103.6,78110.5,6321
1786430640,2026-08-11T12:14:00,78110.5,78111.72,78091.19,78097.72,23071
1786430700,2026-08-11T12:15:00,78093.73,78101.07,78089.0,78100.75,7406
1786430760,2026-08-11T12:16:00,78100.18,78103.61,78091.28,78091.28,11746
1786430820,2026-08-11T12:17:00,78092.17,78093.84,78077.97,78084.42,8623
1786430880,2026-08-11T12:18:00,78083.57,78086.13,78068.27,78069.69,9611
1786430940,2026-08-11T12:19:00,78070.6,78090.38,78066.33,78090.38,14380
1786431000,2026-08-11T12:20:00,78090.38,78091.8,78076.59,78086.72,13507
1786431060,2026-08-11T12:21:00,78086.72,78096.46,78080.64,78091.08,15762
1786431120,2026-08-11T12:22:00,78091.69,78098.03,78086.67,78089.48,7291
1786431180,2026-08-11T12:23:00,78089.62,78092.3,78079.13,78079.13,10433
1786431240,2026-08-11T12:24:00,78079.13,78107.84,78079.13,78082.33,19793
1786431300,2026-08-11T12:25:00,78082.82,78086.37,78065.35,78074.0,18251
1786431360,2026-08-11T12:26:00,78081.88,78095.79,78080.26,78082.98,1218349
1786431420,2026-08-11T12:27:00,78082.93,78098.72,78079.86,78091.96,8534
1786431480,2026-08-11T12:28:00,78091.32,78097.54,78088.18,78091.5,26256
1786431540,2026-08-11T12:29:00,78091.74,78101.2,78091.58,78101.2,8185
1786431600,2026-08-11T12:30:00,78100.87,78101.24,78082.65,78085.44,10932
1786431660,2026-08-11T12:31:00,78087.66,78097.38,78083.49,78092.76,5355
1786431720,2026-08-11T12:32:00,78091.82,78096.69,78082.25,78091.35,28194
1786431780,2026-08-11T12:33:00,78090.9,78099.6,78087.39,78098.82,11912
1786431840,2026-08-11T12:34:00,78100.13,78101.48,78090.82,78098.98,38990
1786431900,2026-08-11T12:35:00,78099.27,78102.12,78092.51,78096.0,5696
1786431960,2026-08-11T12:36:00,78095.99,78109.02,78089.0,78093.19,19741
1786432020,2026-08-11T12:37:00,78091.98,78106.92,78089.74,78103.11,25146
1786432080,2026-08-11T12:38:00,78103.82,78107.7,78089.52,78093.75,10871
1786432140,2026-08-11T12:39:00,78090.02,78096.06,78079.22,78079.22,10666
1786432200,2026-08-11T12:40:00,78079.22,78099.01,78079.22,78099.01,5516
1786432260,2026-08-11T12:41:00,78095.83,78102.53,78090.0,78097.79,21263
1786432320,2026-08-11T12:42:00,78097.92,78112.06,78072.05,78112.06,40081
1786432380,2026-08-11T12:43:00,78115.3,78128.16,78108.87,78120.09,17667
1786432440,2026-08-11T12:44:00,78119.79,78140.89,78119.79,78128.88,23157
1786432500,2026-08-11T12:45:00,78128.63,78137.88,78121.63,78137.53,16790
1786432560,2026-08-11T12:46:00,78136.88,78148.05,78132.58,78148.05,22644
1786432620,2026-08-11T12:47:00,78148.05,78164.7,78143.36,78163.02,1066913
1786432680,2026-08-11T12:48:00,78159.96,78159.96,78144.25,78145.08,39263
1786432740,2026-08-11T12:49:00,78149.23,78166.46,78147.69,78158.58,117338
1786432800,2026-08-11T12:50:00,78159.85,78166.19,78156.73,78163.16,67675
1786432860,2026-08-11T12:51:00,78162.26,78163.69,78144.58,78146.96,18243
1786432920,2026-08-11T12:52:00,78147.69,78155.7,78141.14,78147.98,168406
1786432980,2026-08-11T12:53:00,78147.98,78152.52,78138.33,78138.33,106871
1786433040,2026-08-11T12:54:00,78140.54,78140.54,78128.39,78131.4,4660
1786433100,2026-08-11T12:55:00,78130.79,78133.98,78124.95,78130.8,10978
1786433160,2026-08-11T12:56:00,78130.36,78130.36,78117.97,78120.56,82807
1786433220,2026-08-11T12:57:00,78116.7,78123.5,78111.63,78121.42,86622
1786433280,2026-08-11T12:58:00,78118.21,78118.21,78106.48,78110.31,101002
1786433340,2026-08-11T12:59:00,78110.31,78110.31,78102.15,78102.39,25860
1786433400,2026-08-11T13:00:00,78103.33,78108.47,78096.66,78107.95,14063
1786433460,2026-08-11T13:01:00,78108.59,78118.1,78104.44,78109.48,33855
1786433520,2026-08-11T13:02:00,78115.3,78130.48,78111.15,78129.64,16725
1786433580,2026-08-11T13:03:00,78130.33,78142.82,78125.59,78142.82,6526
1786433640,2026-08-11T13:04:00,78138.5,78151.81,78137.29,78150.11,16990
1786433700,2026-08-11T13:05:00,78150.11,78160.84,78132.23,78160.84,27676
1786433760,2026-08-11T13:06:00,78162.24,78185.59,78161.64,78179.09,11484
1786433820,2026-08-11T13:07:00,78178.6,78184.93,78175.0,78177.79,9552
1786433880,2026-08-11T13:08:00,78178.4,78185.58,78175.58,78181.18,30953
1786433940,2026-08-11T13:09:00,78181.47,78187.32,78177.49,78184.41,26838
1786434000,2026-08-11T13:10:00,78184.41,78188.22,78176.42,78176.7,5844
1786434060,2026-08-11T13:11:00,78177.0,78177.0,78149.74,78156.86,54179
1786434120,2026-08-11T13:12:00,78156.26,78156.39,78144.18,78145.7,17923
1786434180,2026-08-11T13:13:00,78145.46,78149.35,78139.87,78142.96,6308
1786434240,2026-08-11T13:14:00,78142.96,78160.86,78140.56,78158.96,21738
1786434300,2026-08-11T13:15:00,78158.34,78160.56,78148.43,78153.42,9924
1786434360,2026-08-11T13:16:00,78150.85,78151.28,78131.84,78135.36,24927
1786434420,2026-08-11T13:17:00,78139.0,78141.57,78112.38,78141.18,21169
1786434480,2026-08-11T13:18:00,78140.07,78161.66,78140.07,78156.48,16067
1786434540,2026-08-11T13:19:00,78156.48,78156.48,78143.73,78145.53,9399
1786434600,2026-08-11T13:20:00,78144.14,78148.91,78134.55,78139.58,17894
1786434660,2026-08-11T13:21:00,78139.98,78142.42,78128.48,78132.63,14005
1786434720,2026-08-11T13:22:00,78132.63,78143.83,78132.63,78134.2,18563
1786434780,2026-08-11T13:23:00,78134.54,78145.77,78120.76,78127.11,14563
1786434840,2026-08-11T13:24:00,78122.79,78146.41,78121.66,78141.93,76111
1786434900,2026-08-11T13:25:00,78141.27,78154.62,78139.56,78154.62,15710
1786434960,2026-08-11T13:26:00,78153.81,78186.34,78153.81,78182.05,20972
1786435020,2026-08-11T13:27:00,78182.19,78209.64,78182.19,78209.64,34655
1786435080,2026-08-11T13:28:00,78209.94,78211.69,78157.64,78162.96,29323
1786435140,2026-08-11T13:29:00,78164.39,78164.39,78148.8,78155.17,22406
1786435200,2026-08-11T13:30:00,78156.32,78168.85,78150.67,78168.85,9210
1786435260,2026-08-11T13:31:00,78166.57,78180.36,78164.19,78176.39,47750
1786435320,2026-08-11T13:32:00,78178.34,78179.84,78168.3,78178.19,16119
1786435380,2026-08-11T13:33:00,78177.13,78202.1,78177.13,78200.0,15054
1786435440,2026-08-11T13:34:00,78200.0,78210.33,78199.77,78200.48,17193
1786435500,2026-08-11T13:35:00,78199.77,78206.07,78189.14,78191.05,14984
1786435560,2026-08-11T13:36:00,78192.74,78194.95,78173.72,78181.37,179488
1786435620,2026-08-11T13:37:00,78180.66,78184.94,78173.23,78175.08,26000
1786435680,2026-08-11T13:38:00,78175.08,78175.17,78144.96,78144.96,12411
1786435740,2026-08-11T13:39:00,78144.41,78152.52,78139.33,78149.08,12568
1786435800,2026-08-11T13:40:00,78147.67,78169.04,78147.29,78169.04,17640
1786435860,2026-08-11T13:41:00,78170.36,78179.38,78161.09,78161.09,17020
1786435920,2026-08-11T13:42:00,78160.75,78163.26,78149.95,78160.27,6578
1786435980,2026-08-11T13:43:00,78160.27,78183.56,78153.88,78182.08,11888
1786436040,2026-08-11T13:44:00,78179.04,78184.31,78163.15,78171.8,10226
1786436100,2026-08-11T13:45:00,78171.8,78176.51,78166.91,78171.71,6105
1786436160,2026-08-11T13:46:00,78167.96,78176.33,78160.49,78173.72,11667
1786436220,2026-08-11T13:47:00,78172.91,78186.16,78172.91,78180.07,13740
1786436280,2026-08-11T13:48:00,78179.47,78185.15,78173.55,78173.55,8718
1786436340,2026-08-11T13:49:00,78173.55,78182.55,78156.9,78156.9,13886
1786436400,2026-08-11T13:50:00,78157.24,78173.69,78151.83,78168.44,14379
1786436460,2026-08-11T13:51:00,78167.67,78174.2,78158.84,78158.84,6501
1786436520,2026-08-11T13:52:00,78162.55,78162.55,78136.72,78139.89,18922
1786436580,2026-08-11T13:53:00,78145.15,78145.55,78133.36,78136.39,14680
1786436640,2026-08-11T13:54:00,78136.39,78145.02,78134.12,78141.41,26208
1786436700,2026-08-11T13:55:00,78138.31,78141.57,78116.75,78130.68,32007
1786436760,2026-08-11T13:56:00,78131.62,78143.36,78131.62,78135.7,11415
1786436820,2026-08-11T13:57:00,78136.09,78136.09,78117.24,78119.7,10655
1786436880,2026-08-11T13:58:00,78120.88,78131.56,78117.15,78117.15,8795
1786436940,2026-08-11T13:59:00,78118.96,78132.02,78115.65,78131.85,17632
1786437000,2026-08-11T14:00:00,78133.27,78147.66,78130.17,78142.6,7514
1786437060,2026-08-11T14:01:00,78143.46,78152.73,78129.76,78133.48,46042
1786437120,2026-08-11T14:02:00,78138.73,78138.73,78118.47,78131.87,14936
1786437180,2026-08-11T14:03:00,78129.04,78149.81,78125.59,78142.97,8461
1786437240,2026-08-11T14:04:00,78142.97,78142.97,78125.56,78134.06,39292
1786437300,2026-08-11T14:05:00,78132.29,78140.06,78124.93,78124.93,14881
1786437360,2026-08-11T14:06:00,78127.47,78135.39,78114.87,78120.0,17371
1786437420,2026-08-11T14:07:00,78122.54,78148.44,78122.54,78143.83,38509
1786437480,2026-08-11T14:08:00,78144.19,78170.42,78144.19,78161.39,25150
1786437540,2026-08-11T14:09:00,78161.39,78179.77,78161.39,78177.06,6583
1786437600,2026-08-11T14:10:00,78177.37,78178.83,78139.19,78139.19,7643
1786437660,2026-08-11T14:11:00,78142.75,78168.86,78139.08,78165.17,33501
1786437720,2026-08-11T14:12:00,78165.17,78170.89,78161.65,78164.55,9465
1786437780,2026-08-11T14:13:00,78164.55,78185.03,78163.17,78182.46,14675
1786437840,2026-08-11T14:14:00,78179.57,78194.05,78179.57,78191.81,21985
1786437900,2026-08-11T14:15:00,78192.01,78192.45,78160.43,78160.43,8976
1786437960,2026-08-11T14:16:00,78162.46,78184.9,78160.19,78184.9,10391
1786438020,2026-08-11T14:17:00,78183.7,78197.44,78181.27,78192.87,6593
1786438080,2026-08-11T14:18:00,78196.08,78196.28,78187.74,78188.46,12191
1786438140,2026-08-11T14:19:00,78185.72,78185.72,78154.29,78154.29,12747
1786438200,2026-08-11T14:20:00,78150.4,78159.43,78143.1,78148.71,67863
1786438260,2026-08-11T14:21:00,78150.11,78163.11,78150.11,78162.12,8255
1786438320,2026-08-11T14:22:00,78160.12,78160.26,78144.88,78150.91,9811
1786438380,2026-08-11T14:23:00,78150.94,78156.73,78137.53,78154.25,7881
1786438440,2026-08-11T14:24:00,78154.66,78171.47,78152.69,78158.72,12714
1786438500,2026-08-11T14:25:00,78157.82,78160.87,78147.94,78154.46,8173
1786438560,2026-08-11T14:26:00,78154.46,78159.76,78149.91,78153.66,17090
1786438620,2026-08-11T14:27:00,78167.11,78195.55,78167.11,78177.72,207402
1786438680,2026-08-11T14:28:00,78168.02,78168.02,78135.75,78137.55,16338
1786438740,2026-08-11T14:29:00,78139.48,78140.45,78132.33,78135.9,32197
1786438800,2026-08-11T14:30:00,78136.5,78139.56,78130.3,78139.31,35271
1786438860,2026-08-11T14:31:00,78139.86,78141.13,78107.06,78119.52,26051
1786438920,2026-08-11T14:32:00,78116.12,78120.92,78108.35,78108.35,16102
1786438980,2026-08-11T14:33:00,78107.86,78127.73,78102.88,78120.86,11658
1786439040,2026-08-11T14:34:00,78120.42,78129.32,78118.11,78122.71,11054
1786439100,2026-08-11T14:35:00,78122.1,78122.9,78110.31,78111.45,23706
1786439160,2026-08-11T14:36:00,78112.11,78122.82,78109.76,78119.71,7725
1786439220,2026-08-11T14:37:00,78120.74,78122.81,78110.3,78117.38,30579
1786439280,2026-08-11T14:38:00,78110.83,78134.68,78110.83,78134.68,18550
1786439340,2026-08-11T14:39:00,78135.12,78138.18,78095.41,78099.76,16258
1786439400,2026-08-11T14:40:00,78099.76,78115.4,78099.55,78114.21,11754
1786439460,2026-08-11T14:41:00,78115.87,78119.47,78108.11,78116.55,11719
1786439520,2026-08-11T14:42:00,78116.94,78128.3,78115.34,78119.13,11875
1786439580,2026-08-11T14:43:00,78121.4,78131.85,78117.12,78120.57,15709
1786439640,2026-08-11T14:44:00,78120.72,78140.16,78117.86,78138.04,7515
1786439700,2026-08-11T14:45:00,78138.25,78141.07,78134.07,78139.0,44019
1786439760,2026-08-11T14:46:00,78137.91,78143.82,78126.32,78135.75,12392
1786439820,2026-08-11T14:47:00,78135.75,78144.51,78127.96,78144.51,13232
1786439880,2026-08-11T14:48:00,78143.29,78145.7,78134.23,78144.29,15036
1786439940,2026-08-11T14:49:00,78144.79,78151.7,78143.07,78149.34,35318
1786440000,2026-08-11T14:50:00,78147.71,78154.65,78146.05,78150.08,3134740
1786440060,2026-08-11T14:51:00,78150.55,78152.89,78139.06,78146.3,165041
1786440120,2026-08-11T14:52:00,78147.41,78147.41,78140.16,78142.4,28326
1786440180,2026-08-11T14:53:00,78143.12,78169.17,78143.12,78158.51,50252
1786440240,2026-08-11T14:54:00,78158.51,78161.92,78148.69,78161.59,19876
1786440300,2026-08-11T14:55:00,78160.23,78166.28,78154.54,78154.54,14983
1786440360,2026-08-11T14:56:00,78159.04,78172.89,78155.85,78166.31,19840
1786440420,2026-08-11T14:57:00,78165.09,78174.35,78159.89,78173.8,28538
1786440480,2026-08-11T14:58:00,78173.16,78196.5,78171.91,78192.89,22827
1786440540,2026-08-11T14:59:00,78192.49,78194.24,78170.08,78177.8,18894
1786440600,2026-08-11T15:00:00,78177.36,78206.13,78177.36,78206.13,28022
1786440660,2026-08-11T15:01:00,78204.87,78204.93,78171.0,78174.86,35819
1786440720,2026-08-11T15:02:00,78176.26,78183.63,78167.91,78182.12,43577
1786440780,2026-08-11T15:03:00,78179.65,78185.33,78171.36,78179.61,64898
1786440840,2026-08-11T15:04:00,78178.74,78218.35,78168.53,78218.35,43944
1786440900,2026-08-11T15:05:00,78219.56,78232.73,78168.33,78168.34,834373
1786440960,2026-08-11T15:06:00,78167.4,78178.99,78157.67,78177.74,25646
1786441020,2026-08-11T15:07:00,78175.79,78202.81,78168.73,78181.45,23939
1786441080,2026-08-11T15:08:00,78171.42,78180.36,78150.99,78180.36,51602
1786441140,2026-08-11T15:09:00,78179.2,78186.26,78161.78,78169.28,29758
1786441200,2026-08-11T15:10:00,78167.48,78173.66,78136.07,78143.47,47696
1786441260,2026-08-11T15:11:00,78143.68,78150.63,78128.74,78144.65,721269
1786441320,2026-08-11T15:12:00,78146.02,78149.42,78118.77,78140.9,56776
1786441380,2026-08-11T15:13:00,78140.12,78183.81,78140.12,78162.11,42201
1786441440,2026-08-11T15:14:00,78162.9,78189.9,78140.71,78151.73,36415
1786441500,2026-08-11T15:15:00,78148.22,78148.22,78148.22,78148.22,36415
1786441560,2026-08-11T15:16:00,78148.22,78148.22,78148.22,78148.22,36415
1786441620,2026-08-11T15:17:00,78148.22,78148.22,78148.22,78148.22,36415
1786441680,2026-08-11T15:18:00,78148.22,78148.22,78148.22,78148.22,36415
1786441740,2026-08-11T15:19:00,78148.22,78148.22,78148.22,78148.22,36415
1786441800,2026-08-11T15:20:00,78148.22,78148.22,78148.22,78148.22,36415
1786441860,2026-08-11T15:21:00,78148.22,78148.22,78148.22,78148.22,36415
1786441920,2026-08-11T15:22:00,78148.22,78148.22,78148.22,78148.22,36415
1786441980,2026-08-11T15:23:00,78148.22,78148.22,78148.22,78148.22,36415
1786442040,2026-08-11T15:24:00,78148.22,78148.22,78148.22,78148.22,36415
1786442100,2026-08-11T15:25:00,78148.22,78148.22,78148.22,78148.22,36415
1786442160,2026-08-11T15:26:00,78148.22,78148.22,78148.22,78148.22,36415
1786442220,2026-08-11T15:27:00,78148.22,78148.22,78148.22,78148.22,36415
1786442280,2026-08-11T15:28:00,78148.22,78154.25,78148.22,78154.25,36415
1786442340,2026-08-11T15:29:00,78154.25,78154.25,78154.25,78154.25,36415
1786506300,2026-08-12T09:15:00,78244.92,78244.92,78051.91,78056.97,136881
1786506360,2026-08-12T09:16:00,78053.07,78053.07,77916.78,77917.16,133774
1786506420,2026-08-12T09:17:00,77918.43,77931.93,77895.18,77895.18,80554
1786506480,2026-08-12T09:18:00,77888.19,77901.11,77883.2,77895.44,80388
1786506540,2026-08-12T09:19:00,77892.96,77928.71,77881.1,77928.71,69204
1786506600,2026-08-12T09:20:00,77927.95,77942.04,77907.8,77942.04,82202
1786506660,2026-08-12T09:21:00,77948.48,77973.2,77920.9,77920.9,59802
1786506720,2026-08-12T09:22:00,77924.42,77954.19,77915.85,77954.19,62007
1786506780,2026-08-12T09:23:00,77949.44,77970.36,77944.37,77970.36,47156
1786506840,2026-08-12T09:24:00,77970.21,78015.43,77968.1,78014.51,59984
1786506900,2026-08-12T09:25:00,78014.63,78073.52,78014.63,78068.84,38875
1786506960,2026-08-12T09:26:00,78070.35,78070.35,78047.57,78069.5,30343
1786507020,2026-08-12T09:27:00,78072.1,78133.57,78071.08,78130.03,45651
1786507080,2026-08-12T09:28:00,78130.97,78138.19,78126.43,78127.07,35912
1786507140,2026-08-12T09:29:00,78125.28,78125.28,78094.72,78118.9,35275
1786507200,2026-08-12T09:30:00,78119.95,78125.17,78072.43,78078.04,27058
1786507260,2026-08-12T09:31:00,78076.67,78080.8,78053.25,78053.25,44916
1786507320,2026-08-12T09:32:00,78052.63,78057.03,78040.48,78050.65,24433
1786507380,2026-08-12T09:33:00,78051.74,78072.51,78050.74,78072.51,25192
1786507440,2026-08-12T09:34:00,78073.38,78087.81,78061.1,78082.54,27161
1786507500,2026-08-12T09:35:00,78082.62,78087.46,78060.76,78064.03,23108
1786507560,2026-08-12T09:36:00,78060.24,78074.99,78052.69,78068.5,35796
1786507620,2026-08-12T09:37:00,78069.61,78070.4,78046.49,78049.35,25502
1786507680,2026-08-12T09:38:00,78043.19,78045.16,78007.0,78019.42,21181
1786507740,2026-08-12T09:39:00,78019.04,78031.65,78017.18,78020.33,21922
1786507800,2026-08-12T09:40:00,78020.78,78054.15,78018.67,78054.15,30800
1786507860,2026-08-12T09:41:00,78056.15,78058.28,78042.08,78053.51,41908
1786507920,2026-08-12T09:42:00,78055.19,78065.18,78050.33,78059.28,21247
1786507980,2026-08-12T09:43:00,78060.54,78067.16,78041.81,78045.36,87181
1786508040,2026-08-12T09:44:00,78046.68,78050.4,78019.88,78028.96,68139
1786508100,2026-08-12T09:45:00,78030.26,78030.26,78007.77,78012.41,38957
1786508160,2026-08-12T09:46:00,78011.72,78011.72,77980.43,77984.19,23903
1786508220,2026-08-12T09:47:00,77984.57,77984.57,77954.63,77954.63,30356
1786508280,2026-08-12T09:48:00,77951.75,77959.34,77942.3,77953.51,19334
1786508340,2026-08-12T09:49:00,77954.37,77957.51,77932.41,77935.75,30650
1786508400,2026-08-12T09:50:00,77933.1,77934.02,77910.28,77917.12,31821
1786508460,2026-08-12T09:51:00,77916.47,77936.06,77914.92,77928.47,28150
1786508520,2026-08-12T09:52:00,77933.96,77948.84,77932.79,77946.99,33354
1786508580,2026-08-12T09:53:00,77950.12,77968.96,77946.12,77968.96,26504
1786508640,2026-08-12T09:54:00,77966.05,77980.19,77965.69,77977.69,36860
1786508700,2026-08-12T09:55:00,77978.7,77982.16,77953.33,77959.49,16589
1786508760,2026-08-12T09:56:00,77957.5,77960.57,77949.46,77950.23,14370
1786508820,2026-08-12T09:57:00,77947.98,77956.95,77925.14,77925.14,38651
1786508880,2026-08-12T09:58:00,77927.13,77928.03,77880.19,77883.78,58159
1786508940,2026-08-12T09:59:00,77885.7,77892.17,77872.81,77880.08,28443
1786509000,2026-08-12T10:00:00,77883.25,77886.49,77856.72,77859.85,28761
1786509060,2026-08-12T10:01:00,77856.96,77876.96,77852.82,77871.03,28820
1786509120,2026-08-12T10:02:00,77871.03,77871.75,77846.94,77864.96,22009
1786509180,2026-08-12T10:03:00,77863.15,77865.73,77812.45,77829.13,28206
1786509240,2026-08-12T10:04:00,77827.08,77836.61,77824.71,77829.39,74784
1786509300,2026-08-12T10:05:00,77831.94,77837.19,77825.35,77832.69,28814
1786509360,2026-08-12T10:06:00,77834.26,77842.36,77827.07,77838.56,15597
1786509420,2026-08-12T10:07:00,77839.0,77839.0,77802.03,77806.09,21764
1786509480,2026-08-12T10:08:00,77807.72,77817.37,77803.59,77817.35,43101
1786509540,2026-08-12T10:09:00,77817.15,77823.07,77812.27,77817.78,23620
1786509600,2026-08-12T10:10:00,77820.59,77836.58,77817.41,77831.06,24622
1786509660,2026-08-12T10:11:00,77833.18,77847.0,77830.53,77833.05,10648
1786509720,2026-08-12T10:12:00,77832.92,77842.25,77824.87,77825.32,23039
1786509780,2026-08-12T10:13:00,77825.5,77828.88,77811.45,77813.45,16928
1786509840,2026-08-12T10:14:00,77816.01,77825.37,77803.95,77812.76,41126
1786509900,2026-08-12T10:15:00,77796.6,77812.21,77785.34,77806.3,20270
1786509960,2026-08-12T10:16:00,77806.42,77809.82,77784.04,77801.23,19351
1786510020,2026-08-12T10:17:00,77800.6,77824.12,77787.32,77819.98,19883
1786510080,2026-08-12T10:18:00,77821.14,77852.88,77797.71,77838.43,29698
1786510140,2026-08-12T10:19:00,77841.59,77872.76,77822.21,77832.52,37624
1786510200,2026-08-12T10:20:00,77831.78,77854.41,77812.04,77816.54,48845
1786510260,2026-08-12T10:21:00,77818.86,77860.98,77816.18,77833.65,73490
1786510320,2026-08-12T10:22:00,77833.92,77855.7,77831.39,77831.39,13448
1786510380,2026-08-12T10:23:00,77831.15,77858.23,77827.4,77857.71,29273
1786510440,2026-08-12T10:24:00,77855.13,77856.05,77821.25,77834.89,15222
1786510500,2026-08-12T10:25:00,77834.89,77848.44,77834.89,77846.08,10460
1786510560,2026-08-12T10:26:00,77843.46,77871.18,77843.46,77861.59,10147
1786510620,2026-08-12T10:27:00,77861.61,77864.2,77845.59,77847.23,7301
1786510680,2026-08-12T10:28:00,77846.62,77851.72,77820.33,77840.69,14373
1786510740,2026-08-12T10:29:00,77840.43,77851.28,77825.34,77827.5,9395
1786510800,2026-08-12T10:30:00,77828.75,77853.11,77822.29,77837.76,10513
1786510860,2026-08-12T10:31:00,77838.32,77875.14,77838.32,77850.36,52341
1786510920,2026-08-12T10:32:00,77848.86,77881.26,77848.38,77875.59,15419
1786510980,2026-08-12T10:33:00,77876.65,77924.13,77876.65,77909.72,17556
1786511040,2026-08-12T10:34:00,77909.67,77938.92,77904.37,77918.74,19434
1786511100,2026-08-12T10:35:00,77919.36,77921.85,77888.41,77907.45,15411
1786511160,2026-08-12T10:36:00,77906.89,77916.19,77894.75,77896.0,8152
1786511220,2026-08-12T10:37:00,77896.0,77898.2,77887.64,77896.56,35586
1786511280,2026-08-12T10:38:00,77893.65,77893.65,77882.73,77886.06,17365
1786511340,2026-08-12T10:39:00,77884.3,77901.47,77860.45,77894.57,18748
1786511400,2026-08-12T10:40:00,77892.52,77900.87,77862.57,77886.28,36518
1786511460,2026-08-12T10:41:00,77886.45,77887.55,77810.52,77843.44,58202
1786511520,2026-08-12T10:42:00,77841.51,77855.93,77831.81,77833.9,16231
1786511580,2026-08-12T10:43:00,77829.14,77864.77,77822.53,77857.35,13682
1786511640,2026-08-12T10:44:00,77856.48,77856.48,77814.65,77850.49,10755
1786511700,2026-08-12T10:45:00,77846.19,77846.19,77802.39,77803.26,12593
1786511760,2026-08-12T10:46:00,77805.23,77817.21,77799.19,77815.38,11243
1786511820,2026-08-12T10:47:00,77817.25,77828.64,77809.64,77812.29,40280
1786511880,2026-08-12T10:48:00,77811.74,77811.74,77767.55,77770.69,17507
1786511940,2026-08-12T10:49:00,77774.8,77783.66,77770.71,77782.59,529933
1786512000,2026-08-12T10:50:00,77783.29,77789.12,77778.12,77780.23,12374
1786512060,2026-08-12T10:51:00,77780.65,77793.07,77779.46,77790.66,8027
1786512120,2026-08-12T10:52:00,77790.08,77790.08,77771.7,77773.06,14899
1786512180,2026-08-12T10:53:00,77771.13,77785.19,77771.13,77778.97,6007
1786512240,2026-08-12T10:54:00,77774.68,77785.35,77770.76,77781.53,53394
1786512300,2026-08-12T10:55:00,77780.67,77780.94,77764.27,77764.27,30382
1786512360,2026-08-12T10:56:00,77762.24,77766.62,77745.23,77765.79,155892
1786512420,2026-08-12T10:57:00,77762.39,77774.0,77751.29,77751.47,46180
1786512480,2026-08-12T10:58:00,77749.43,77749.43,77636.55,77676.87,131984
1786512540,2026-08-12T10:59:00,77674.28,77683.45,77648.74,77651.31,91294
1786512600,2026-08-12T11:00:00,77652.37,77660.29,77635.76,77641.61,141247
1786512660,2026-08-12T11:01:00,77641.26,77644.19,77624.2,77632.97,89451
1786512720,2026-08-12T11:02:00,77636.8,77636.8,77597.8,77607.09,65541
1786512780,2026-08-12T11:03:00,77606.84,77608.99,77587.17,77587.17,57022
1786512840,2026-08-12T11:04:00,77592.55,77606.81,77581.89,77596.25,58591
1786512900,2026-08-12T11:05:00,77594.66,77595.09,77573.8,77584.15,26014
1786512960,2026-08-12T11:06:00,77584.89,77615.97,77581.41,77614.95,58353
1786513020,2026-08-12T11:07:00,77615.3,77629.02,77597.49,77604.21,32135
1786513080,2026-08-12T11:08:00,77607.28,77608.91,77593.26,77604.45,33722
1786513140,2026-08-12T11:09:00,77606.62,77631.49,77605.41,77622.87,37915
1786513200,2026-08-12T11:10:00,77626.68,77639.37,77613.27,77639.37,31200
1786513260,2026-08-12T11:11:00,77639.25,77660.3,77639.25,77655.17,43439
1786513320,2026-08-12T11:12:00,77655.34,77657.0,77586.21,77606.41,50558
1786513380,2026-08-12T11:13:00,77607.24,77627.21,77598.74,77613.24,30302
1786513440,2026-08-12T11:14:00,77612.04,77621.21,77606.47,77620.57,22025
1786513500,2026-08-12T11:15:00,77620.02,77628.72,77599.6,77624.05,29985
1786513560,2026-08-12T11:16:00,77622.66,77630.14,77619.17,77624.58,28183
1786513620,2026-08-12T11:17:00,77623.2,77624.48,77606.91,77610.07,305111
1786513680,2026-08-12T11:18:00,77609.07,77626.44,77607.45,77613.98,35812
1786513740,2026-08-12T11:19:00,77616.53,77632.25,77615.58,77627.51,23930
1786513800,2026-08-12T11:20:00,77626.83,77632.54,77605.3,77631.98,29720
1786513860,2026-08-12T11:21:00,77632.24,77641.4,77630.5,77637.51,12328
1786513920,2026-08-12T11:22:00,77638.46,77643.93,77611.95,77638.55,61957
1786513980,2026-08-12T11:23:00,77640.91,77684.33,77640.91,77675.53,61905
1786514040,2026-08-12T11:24:00,77675.66,77679.35,77644.59,77645.77,13897
1786514100,2026-08-12T11:25:00,77645.51,77647.06,77613.1,77618.21,34073
1786514160,2026-08-12T11:26:00,77618.63,77638.36,77604.91,77632.89,29416
1786514220,2026-08-12T11:27:00,77629.28,77646.79,77617.72,77617.72,56898
1786514280,2026-08-12T11:28:00,77617.96,77628.11,77602.71,77623.3,52076
1786514340,2026-08-12T11:29:00,77624.8,77639.58,77620.16,77620.16,47429
1786514400,2026-08-12T11:30:00,77619.9,77619.9,77582.14,77585.4,22213
1786514460,2026-08-12T11:31:00,77590.59,77600.5,77581.66,77600.5,28314
1786514520,2026-08-12T11:32:00,77605.64,77618.74,77589.74,77598.23,43546
1786514580,2026-08-12T11:33:00,77598.55,77615.85,77598.43,77612.42,14619
1786514640,2026-08-12T11:34:00,77613.19,77644.07,77604.17,77638.14,21637
1786514700,2026-08-12T11:35:00,77637.45,77637.45,77611.45,77611.45,12657
1786514760,2026-08-12T11:36:00,77615.06,77632.58,77607.73,77612.68,32091
1786514820,2026-08-12T11:37:00,77610.95,77610.95,77597.92,77601.43,41307
1786514880,2026-08-12T11:38:00,77601.39,77601.39,77584.69,77584.69,66046
1786514940,2026-08-12T11:39:00,77585.42,77587.44,77570.87,77584.57,18540
1786515000,2026-08-12T11:40:00,77583.81,77583.81,77545.26,77547.66,29058
1786515060,2026-08-12T11:41:00,77549.07,77574.81,77547.72,77569.01,14638
1786515120,2026-08-12T11:42:00,77567.71,77584.11,77567.71,77572.8,16792
1786515180,2026-08-12T11:43:00,77572.8,77579.28,77570.13,77576.58,11774
1786515240,2026-08-12T11:44:00,77576.39,77605.97,77576.39,77601.71,15001
1786515300,2026-08-12T11:45:00,77604.4,77608.06,77596.06,77600.99,12836
1786515360,2026-08-12T11:46:00,77600.82,77608.23,77591.55,77603.92,14186
1786515420,2026-08-12T11:47:00,77604.58,77608.17,77584.58,77595.77,20023
1786515480,2026-08-12T11:48:00,77594.9,77608.06,77566.1,77577.57,66064
1786515540,2026-08-12T11:49:00,77580.11,77596.58,77580.11,77589.56,15323
1786515600,2026-08-12T11:50:00,77589.56,77589.56,77576.46,77576.46,40166
1786515660,2026-08-12T11:51:00,77576.57,77585.4,77573.65,77573.71,8471
1786515720,2026-08-12T11:52:00,77569.82,77570.92,77549.04,77557.63,22597
1786515780,2026-08-12T11:53:00,77558.27,77567.09,77555.59,77559.63,47700
1786515840,2026-08-12T11:54:00,77560.91,77563.71,77552.78,77552.91,25526
1786515900,2026-08-12T11:55:00,77554.49,77554.49,77525.63,77539.1,10887
1786515960,2026-08-12T11:56:00,77540.84,77557.01,77540.84,77557.01,13386
1786516020,2026-08-12T11:57:00,77558.09,77561.48,77553.24,77553.24,8799
1786516080,2026-08-12T11:58:00,77553.16,77554.17,77538.86,77540.68,15623
1786516140,2026-08-12T11:59:00,77540.66,77560.24,77536.16,77546.34,12287
1786516200,2026-08-12T12:00:00,77546.34,77547.57,77541.59,77547.28,12201
1786516260,2026-08-12T12:01:00,77548.71,77557.44,77540.61,77547.25,32680
1786516320,2026-08-12T12:02:00,77540.84,77545.49,77533.63,77536.52,10797
1786516380,2026-08-12T12:03:00,77536.07,77546.53,77534.53,77537.52,31902
1786516440,2026-08-12T12:04:00,77537.57,77541.44,77528.75,77528.75,34187
1786516500,2026-08-12T12:05:00,77527.47,77535.36,77518.52,77531.55,25459
1786516560,2026-08-12T12:06:00,77532.6,77548.99,77532.19,77544.85,11506
1786516620,2026-08-12T12:07:00,77543.51,77553.31,77540.1,77540.63,24797
1786516680,2026-08-12T12:08:00,77539.47,77547.17,77535.78,77540.41,15681
1786516740,2026-08-12T12:09:00,77539.62,77542.03,77527.35,77529.27,16854
1786516800,2026-08-12T12:10:00,77529.27,77531.35,77521.97,77523.14,9018
1786516860,2026-08-12T12:11:00,77522.9,77531.59,77516.93,77528.95,13672
1786516920,2026-08-12T12:12:00,77528.95,77530.48,77511.8,77514.25,16829
1786516980,2026-08-12T12:13:00,77514.94,77519.37,77509.13,77511.37,16901
1786517040,2026-08-12T12:14:00,77511.22,77511.71,77497.93,77500.49,148709
1786517100,2026-08-12T12:15:00,77499.96,77525.95,77499.96,77520.69,37078
1786517160,2026-08-12T12:16:00,77521.21,77535.65,77521.21,77531.86,10580
1786517220,2026-08-12T12:17:00,77530.66,77537.1,77528.79,77532.45,12125
1786517280,2026-08-12T12:18:00,77533.49,77535.64,77524.93,77531.76,15982
1786517340,2026-08-12T12:19:00,77530.18,77539.2,77528.31,77533.13,46208
1786517400,2026-08-12T12:20:00,77531.2,77531.2,77517.8,77522.33,11448
1786517460,2026-08-12T12:21:00,77524.88,77536.82,77520.06,77531.68,27879
1786517520,2026-08-12T12:22:00,77531.07,77535.62,77522.52,77525.83,31388
1786517580,2026-08-12T12:23:00,77525.63,77536.52,77522.77,77529.44,22415
1786517640,2026-08-12T12:24:00,77530.57,77539.13,77525.81,77525.81,35715
1786517700,2026-08-12T12:25:00,77528.52,77539.49,77525.46,77533.58,26983
1786517760,2026-08-12T12:26:00,77535.45,77538.11,77529.44,77534.08,17708
1786517820,2026-08-12T12:27:00,77534.36,77537.26,77524.98,77524.98,16947
1786517880,2026-08-12T12:28:00,77525.81,77533.84,77521.78,77533.84,14432
1786517940,2026-08-12T12:29:00,77533.24,77550.57,77533.24,77549.66,16559
1786518000,2026-08-12T12:30:00,77547.98,77556.14,77544.36,77547.99,11866
1786518060,2026-08-12T12:31:00,77548.67,77556.63,77540.65,77548.36,48871
1786518120,2026-08-12T12:32:00,77549.65,77550.91,77537.19,77546.38,49482
1786518180,2026-08-12T12:33:00,77545.97,77570.29,77539.35,77564.62,59057
1786518240,2026-08-12T12:34:00,77569.17,77587.45,77567.8,77580.33,15383
1786518300,2026-08-12T12:35:00,77581.07,77588.1,77562.08,77578.55,48936
1786518360,2026-08-12T12:36:00,77578.94,77594.72,77569.58,77572.78,56150
1786518420,2026-08-12T12:37:00,77575.06,77583.9,77570.82,77573.07,10401
1786518480,2026-08-12T12:38:00,77573.68,77581.22,77565.43,77579.77,9493
1786518540,2026-08-12T12:39:00,77579.09,77587.66,77573.55,77587.66,37497
1786518600,2026-08-12T12:40:00,77587.66,77598.24,77581.43,77595.29,14682
1786518660,2026-08-12T12:41:00,77592.01,77618.9,77591.94,77607.86,66101
1786518720,2026-08-12T12:42:00,77614.02,77626.58,77590.62,77594.84,89164
1786518780,2026-08-12T12:43:00,77592.6,77593.72,77570.06,77570.13,53300
1786518840,2026-08-12T12:44:00,77571.14,77579.19,77560.78,77565.0,16675
1786518900,2026-08-12T12:45:00,77564.59,77581.56,77561.9,77561.9,12477
1786518960,2026-08-12T12:46:00,77561.1,77572.52,77554.69,77557.09,15529
1786519020,2026-08-12T12:47:00,77556.81,77570.95,77541.95,77569.85,23587
1786519080,2026-08-12T12:48:00,77569.85,77579.4,77567.07,77579.06,21143
1786519140,2026-08-12T12:49:00,77578.94,77578.94,77565.72,77568.93,27790
1786519200,2026-08-12T12:50:00,77568.92,77580.64,77559.42,77580.61,179564
1786519260,2026-08-12T12:51:00,77583.31,77595.76,77575.96,77585.83,111395
1786519320,2026-08-12T12:52:00,77586.57,77589.83,77573.11,77585.98,20865
1786519380,2026-08-12T12:53:00,77585.9,77586.58,77574.55,77581.77,48668
1786519440,2026-08-12T12:54:00,77585.56,77585.56,77548.4,77548.4,17842
1786519500,2026-08-12T12:55:00,77552.1,77552.49,77517.59,77535.41,46648
1786519560,2026-08-12T12:56:00,77536.62,77546.94,77522.65,77543.1,46703
1786519620,2026-08-12T12:57:00,77547.61,77547.61,77523.8,77528.42,11068
1786519680,2026-08-12T12:58:00,77528.83,77536.76,77521.38,77530.26,18770
1786519740,2026-08-12T12:59:00,77531.68,77549.6,77525.31,77546.87,41765
1786519800,2026-08-12T13:00:00,77540.75,77549.75,77525.84,77531.62,40680
1786519860,2026-08-12T13:01:00,77530.72,77556.08,77530.72,77549.98,7340
1786519920,2026-08-12T13:02:00,77551.38,77562.85,77545.94,77553.98,33274
1786519980,2026-08-12T13:03:00,77553.35,77569.63,77553.27,77566.8,42989
1786520040,2026-08-12T13:04:00,77564.12,77573.7,77560.53,77561.26,15545
1786520100,2026-08-12T13:05:00,77560.15,77562.26,77549.52,77552.22,7765
1786520160,2026-08-12T13:06:00,77554.03,77563.5,77552.98,77554.67,17949
1786520220,2026-08-12T13:07:00,77554.13,77558.28,77548.21,77555.12,14061
1786520280,2026-08-12T13:08:00,77555.33,77562.04,77546.67,77552.36,9622
1786520340,2026-08-12T13:09:00,77552.75,77561.45,77546.0,77557.08,15172
1786520400,2026-08-12T13:10:00,77558.88,77564.25,77544.07,77547.54,21461
1786520460,2026-08-12T13:11:00,77548.9,77561.1,77546.02,77555.08,17826
1786520520,2026-08-12T13:12:00,77552.69,77574.98,77539.31,77566.35,72946
1786520580,2026-08-12T13:13:00,77566.35,77566.35,77549.25,77549.25,8882
1786520640,2026-08-12T13:14:00,77548.98,77574.69,77547.68,77574.69,10487
1786520700,2026-08-12T13:15:00,77566.15,77572.62,77558.25,77564.22,9248
1786520760,2026-08-12T13:16:00,77566.38,77582.51,77566.38,77580.65,11364
1786520820,2026-08-12T13:17:00,77581.68,77596.13,77574.85,77577.15,38160
1786520880,2026-08-12T13:18:00,77577.15,77613.36,77576.89,77613.36,15196
1786520940,2026-08-12T13:19:00,77615.56,77615.56,77600.14,77600.2,69411
1786521000,2026-08-12T13:20:00,77600.88,77604.32,77589.62,77600.27,18050
1786521060,2026-08-12T13:21:00,77600.31,77602.65,77586.0,77593.99,10276
1786521120,2026-08-12T13:22:00,77592.2,77601.43,77588.46,77594.69,14592
1786521180,2026-08-12T13:23:00,77594.86,77599.45,77589.24,77598.03,17784
1786521240,2026-08-12T13:24:00,77594.84,77608.01,77590.09,77600.99,18848
1786521300,2026-08-12T13:25:00,77601.92,77607.57,77577.97,77590.03,17704
1786521360,2026-08-12T13:26:00,77587.39,77594.37,77579.05,77579.05,17495
1786521420,2026-08-12T13:27:00,77581.59,77590.3,77564.66,77568.16,10202
1786521480,2026-08-12T13:28:00,77569.27,77572.5,77555.68,77568.84,14460
1786521540,2026-08-12T13:29:00,77566.62,77585.97,77566.06,77580.25,15708
1786521600,2026-08-12T13:30:00,77580.98,77594.45,77578.92,77593.23,12177
1786521660,2026-08-12T13:31:00,77590.53,77593.38,77584.75,77590.49,7686
1786521720,2026-08-12T13:32:00,77590.49,77597.88,77587.75,77588.38,18647
1786521780,2026-08-12T13:33:00,77588.78,77593.72,77576.56,77585.73,8362
1786521840,2026-08-12T13:34:00,77585.09,77590.91,77580.24,77590.2,21141
1786521900,2026-08-12T13:35:00,77592.32,77612.28,77591.2,77612.13,10453
1786521960,2026-08-12T13:36:00,77611.72,77621.08,77608.96,77612.36,15106
1786522020,2026-08-12T13:37:00,77613.68,77620.98,77608.32,77611.89,19173
1786522080,2026-08-12T13:38:00,77613.72,77613.94,77597.35,77598.61,15601
1786522140,2026-08-12T13:39:00,77596.78,77599.4,77587.1,77594.16,11283
1786522200,2026-08-12T13:40:00,77594.77,77611.21,77594.3,77610.83,15259
1786522260,2026-08-12T13:41:00,77609.78,77611.33,77595.53,77597.08,5753
1786522320,2026-08-12T13:42:00,77597.08,77597.08,77587.02,77593.4,17774
1786522380,2026-08-12T13:43:00,77590.54,77590.54,77576.63,77587.63,38988
1786522440,2026-08-12T13:44:00,77587.67,77587.67,77578.13,77583.42,18243
1786522500,2026-08-12T13:45:00,77583.33,77589.35,77579.84,77580.44,5612
1786522560,2026-08-12T13:46:00,77580.47,77591.06,77579.08,77586.93,8587
1786522620,2026-08-12T13:47:00,77586.62,77591.69,77569.73,77573.43,5377
1786522680,2026-08-12T13:48:00,77572.96,77576.31,77567.89,77574.56,10790
1786522740,2026-08-12T13:49:00,77575.19,77589.11,77570.79,77585.62,11250
1786522800,2026-08-12T13:50:00,77581.72,77590.6,77577.21,77581.15,9808
1786522860,2026-08-12T13:51:00,77581.02,77592.27,77576.46,77591.79,7782
1786522920,2026-08-12T13:52:00,77590.77,77590.77,77581.19,77583.02,4612
1786522980,2026-08-12T13:53:00,77583.06,77585.93,77576.76,77580.83,9055
1786523040,2026-08-12T13:54:00,77582.54,77590.48,77578.26,77582.22,5552
1786523100,2026-08-12T13:55:00,77582.09,77586.39,77577.71,77580.25,4873
1786523160,2026-08-12T13:56:00,77580.25,77580.25,77570.21,77571.65,8520
1786523220,2026-08-12T13:57:00,77569.69,77573.39,77560.4,77561.43,4921
1786523280,2026-08-12T13:58:00,77561.46,77568.5,77555.88,77566.39,8555
1786523340,2026-08-12T13:59:00,77563.82,77568.45,77554.95,77566.74,9393
1786523400,2026-08-12T14:00:00,77567.1,77579.01,77567.1,77577.59,6250
1786523460,2026-08-12T14:01:00,77575.56,77576.28,77558.9,77564.08,16846
1786523520,2026-08-12T14:02:00,77563.43,77573.27,77560.64,77567.23,9962
1786523580,2026-08-12T14:03:00,77565.92,77577.07,77562.42,77574.38,44943
1786523640,2026-08-12T14:04:00,77568.55,77569.55,77551.63,77552.39,12829
1786523700,2026-08-12T14:05:00,77554.32,77560.53,77551.75,77551.75,12349
1786523760,2026-08-12T14:06:00,77552.36,77561.93,77552.04,77560.2,6333
1786523820,2026-08-12T14:07:00,77556.98,77569.84,77556.26,77569.84,12137
1786523880,2026-08-12T14:08:00,77568.9,77571.11,77561.86,77564.41,9375
1786523940,2026-08-12T14:09:00,77564.83,77574.81,77562.47,77569.54,25317
1786524000,2026-08-12T14:10:00,77570.72,77575.23,77567.04,77570.97,18087
1786524060,2026-08-12T14:11:00,77570.86,77575.45,77564.58,77568.33,24136
1786524120,2026-08-12T14:12:00,77565.9,77568.88,77560.09,77562.29,28303
1786524180,2026-08-12T14:13:00,77562.29,77570.25,77551.19,77551.26,13728
1786524240,2026-08-12T14:14:00,77550.66,77556.73,77547.05,77553.15,14317
1786524300,2026-08-12T14:15:00,77554.98,77575.92,77554.52,77570.68,14571
1786524360,2026-08-12T14:16:00,77570.68,77587.17,77570.68,77580.53,20517
1786524420,2026-08-12T14:17:00,77580.53,77590.34,77579.58,77587.26,43259
1786524480,2026-08-12T14:18:00,77588.55,77594.47,77581.57,77587.56,36078
1786524540,2026-08-12T14:19:00,77586.91,77595.34,77580.49,77592.63,17555
1786524600,2026-08-12T14:20:00,77592.63,77602.1,77585.87,77589.17,17866
1786524660,2026-08-12T14:21:00,77588.27,77594.73,77579.17,77591.17,58346
1786524720,2026-08-12T14:22:00,77591.68,77595.91,77581.2,77584.63,89431
1786524780,2026-08-12T14:23:00,77580.65,77607.79,77580.42,77604.16,17157
1786524840,2026-08-12T14:24:00,77595.86,77609.47,77595.74,77598.11,11289
1786524900,2026-08-12T14:25:00,77600.68,77609.82,77595.4,77603.02,26470
1786524960,2026-08-12T14:26:00,77602.35,77613.1,77600.67,77606.03,19935
1786525020,2026-08-12T14:27:00,77606.03,77615.03,77604.03,77604.03,49924
1786525080,2026-08-12T14:28:00,77601.93,77602.06,77591.07,77596.35,53776
1786525140,2026-08-12T14:29:00,77595.83,77630.67,77593.72,77629.24,43433
1786525200,2026-08-12T14:30:00,77631.76,77643.13,77617.52,77618.17,45792
1786525260,2026-08-12T14:31:00,77623.43,77647.67,77603.0,77615.2,94615
1786525320,2026-08-12T14:32:00,77617.45,77712.4,77607.14,77712.4,1078585
1786525380,2026-08-12T14:33:00,77709.47,77729.04,77704.48,77714.79,84052
1786525440,2026-08-12T14:34:00,77716.78,77716.78,77703.97,77707.21,18262
1786525500,2026-08-12T14:35:00,77706.98,77712.75,77696.41,77696.41,17205
1786525560,2026-08-12T14:36:00,77696.78,77698.95,77663.47,77689.27,54913
1786525620,2026-08-12T14:37:00,77688.77,77698.98,77686.67,77690.94,30240
1786525680,2026-08-12T14:38:00,77688.47,77706.57,77684.79,77702.6,19663
1786525740,2026-08-12T14:39:00,77701.07,77705.78,77695.19,77700.05,15455
1786525800,2026-08-12T14:40:00,77698.76,77703.36,77688.74,77691.25,13000
1786525860,2026-08-12T14:41:00,77693.54,77711.32,77690.85,77702.99,31368
1786525920,2026-08-12T14:42:00,77703.72,77738.8,77702.33,77734.39,53872
1786525980,2026-08-12T14:43:00,77736.69,77754.51,77713.16,77731.02,38753
1786526040,2026-08-12T14:44:00,77732.65,77743.47,77725.04,77731.11,17268
1786526100,2026-08-12T14:45:00,77731.21,77744.19,77726.19,77738.32,24886
1786526160,2026-08-12T14:46:00,77733.62,77751.94,77730.73,77747.53,16239
1786526220,2026-08-12T14:47:00,77747.5,77748.21,77731.47,77741.82,17319
1786526280,2026-08-12T14:48:00,77742.03,77757.56,77729.22,77729.22,47481
1786526340,2026-08-12T14:49:00,77726.94,77727.24,77703.86,77716.21,19669
1786526400,2026-08-12T14:50:00,77717.94,77730.95,77715.67,77719.69,34599
1786526460,2026-08-12T14:51:00,77721.15,77726.71,77700.14,77703.96,56073
1786526520,2026-08-12T14:52:00,77704.59,77743.16,77704.59,77743.16,46405
1786526580,2026-08-12T14:53:00,77746.23,77771.22,77746.23,77770.41,44974
1786526640,2026-08-12T14:54:00,77773.9,77864.37,77773.9,77864.37,42528
1786526700,2026-08-12T14:55:00,77862.07,77904.23,77852.96,77855.78,35674
1786526760,2026-08-12T14:56:00,77856.03,77856.32,77809.86,77819.75,46855
1786526820,2026-08-12T14:57:00,77819.91,77869.46,77814.65,77864.78,60806
1786526880,2026-08-12T14:58:00,77862.07,77872.19,77846.71,77871.55,24769
1786526940,2026-08-12T14:59:00,77869.03,77881.33,77855.63,77868.22,34547
1786527000,2026-08-12T15:00:00,77878.36,77899.83,77878.36,77885.54,23580
1786527060,2026-08-12T15:01:00,77886.08,77897.89,77849.68,77889.81,87950
1786527120,2026-08-12T15:02:00,77890.43,77907.93,77889.77,77890.05,32510
1786527180,2026-08-12T15:03:00,77890.88,77890.88,77851.31,77866.14,62740
1786527240,2026-08-12T15:04:00,77867.77,77875.32,77857.04,77863.36,32681
1786527300,2026-08-12T15:05:00,77860.68,77867.82,77842.81,77851.45,33155
1786527360,2026-08-12T15:06:00,77845.7,77857.51,77831.23,77838.97,49872
1786527420,2026-08-12T15:07:00,77834.35,77843.23,77824.05,77829.83,26673
1786527480,2026-08-12T15:08:00,77833.65,77839.79,77813.49,77813.49,23811
1786527540,2026-08-12T15:09:00,77813.53,77836.02,77801.95,77835.79,32842
1786527600,2026-08-12T15:10:00,77840.07,77852.85,77829.97,77851.4,65960
1786527660,2026-08-12T15:11:00,77850.01,77893.27,77839.26,77892.39,16227
1786527720,2026-08-12T15:12:00,77887.99,77914.47,77879.69,77899.94,41130
1786527780,2026-08-12T15:13:00,77894.69,77905.63,77873.59,77881.68,54445
1786527840,2026-08-12T15:14:00,77882.55,77905.45,77861.37,77889.97,49758
1786527900,2026-08-12T15:15:00,77889.97,77889.97,77889.97,77889.97,49758
1786527960,2026-08-12T15:16:00,77889.97,77889.97,77889.97,77889.97,49758
1786528020,2026-08-12T15:17:00,77889.97,77889.97,77889.97,77889.97,49758
1786528080,2026-08-12T15:18:00,77889.97,77889.97,77889.97,77889.97,49758
1786528140,2026-08-12T15:19:00,77889.97,77889.97,77889.97,77889.97,49758
1786528200,2026-08-12T15:20:00,77889.97,77889.97,77889.97,77889.97,49758
1786528260,2026-08-12T15:21:00,77889.97,77889.97,77889.97,77889.97,49758
1786528320,2026-08-12T15:22:00,77889.97,77889.97,77889.97,77889.97,49758
1786528380,2026-08-12T15:23:00,77889.97,77889.97,77889.97,77889.97,49758
1786528440,2026-08-12T15:24:00,77889.97,77889.97,77889.97,77889.97,49758
1786528500,2026-08-12T15:25:00,77889.97,77889.97,77889.97,77889.97,49758
1786528560,2026-08-12T15:26:00,77889.97,77889.97,77889.97,77889.97,49758
1786528620,2026-08-12T15:27:00,77889.97,77889.97,77889.97,77889.97,49758
1786528680,2026-08-12T15:28:00,77889.97,77889.97,77889.97,77889.97,49758
1786528740,2026-08-12T15:29:00,77889.97,77966.35,77889.97,77966.35,49758
1786592700,2026-08-13T09:15:00,78111.91,78119.39,77815.49,77870.51,118768
1786592760,2026-08-13T09:16:00,77846.57,77890.37,77813.19,77835.08,64128
1786592820,2026-08-13T09:17:00,77836.15,77837.12,77781.6,77795.21,139731
1786592880,2026-08-13T09:18:00,77786.85,77806.06,77784.98,77805.43,65556
1786592940,2026-08-13T09:19:00,77807.16,77821.84,77799.87,77808.12,58635
1786593000,2026-08-13T09:20:00,77809.74,77816.29,77788.87,77808.57,39151
1786593060,2026-08-13T09:21:00,77814.55,77839.37,77809.96,77829.46,46779
1786593120,2026-08-13T09:22:00,77817.16,77823.93,77790.96,77816.1,34945
1786593180,2026-08-13T09:23:00,77815.37,77815.37,77784.05,77794.62,25488
1786593240,2026-08-13T09:24:00,77794.92,77812.92,77779.89,77810.19,32535
1786593300,2026-08-13T09:25:00,77808.97,77814.35,77784.54,77799.46,37596
1786593360,2026-08-13T09:26:00,77802.0,77814.82,77774.7,77782.7,25041
1786593420,2026-08-13T09:27:00,77783.73,77785.67,77752.37,77755.5,36119
1786593480,2026-08-13T09:28:00,77757.09,77764.64,77746.87,77757.19,19595
1786593540,2026-08-13T09:29:00,77755.78,77791.66,77743.38,77787.51,34629
1786593600,2026-08-13T09:30:00,77793.69,77800.44,77734.24,77742.17,57698
1786593660,2026-08-13T09:31:00,77737.89,77760.07,77734.08,77745.52,19185
1786593720,2026-08-13T09:32:00,77742.28,77762.73,77724.43,77736.25,51425
1786593780,2026-08-13T09:33:00,77728.92,77749.65,77728.92,77732.43,55288
1786593840,2026-08-13T09:34:00,77728.52,77734.98,77709.63,77726.95,24403
1786593900,2026-08-13T09:35:00,77728.29,77748.01,77722.35,77738.54,24087
1786593960,2026-08-13T09:36:00,77739.3,77752.35,77737.82,77750.24,23537
1786594020,2026-08-13T09:37:00,77749.38,77750.78,77730.31,77740.54,54398
1786594080,2026-08-13T09:38:00,77741.27,77772.34,77737.91,77772.34,20445
1786594140,2026-08-13T09:39:00,77772.53,77795.09,77772.53,77793.45,97674
1786594200,2026-08-13T09:40:00,77792.34,77818.41,77784.12,77812.24,782087
1786594260,2026-08-13T09:41:00,77812.11,77812.25,77779.48,77782.17,524996
1786594320,2026-08-13T09:42:00,77779.62,77800.3,77772.92,77785.07,74974
1786594380,2026-08-13T09:43:00,77784.66,77816.59,77776.7,77797.33,36579
1786594440,2026-08-13T09:44:00,77797.49,77823.5,77783.17,77802.56,66549
1786594500,2026-08-13T09:45:00,77804.61,77820.14,77785.79,77798.73,32867
1786594560,2026-08-13T09:46:00,77794.21,77832.02,77780.51,77784.46,47942
1786594620,2026-08-13T09:47:00,77784.96,77784.96,77755.39,77772.7,61818
1786594680,2026-08-13T09:48:00,77772.96,77835.71,77772.78,77808.23,20021
1786594740,2026-08-13T09:49:00,77806.81,77829.53,77801.77,77810.2,30095
1786594800,2026-08-13T09:50:00,77810.2,77831.93,77810.2,77817.79,44318
1786594860,2026-08-13T09:51:00,77815.36,77828.43,77808.92,77821.55,23132
1786594920,2026-08-13T09:52:00,77820.95,77826.76,77775.52,77778.37,15082
1786594980,2026-08-13T09:53:00,77778.15,77803.94,77772.72,77803.94,20759
1786595040,2026-08-13T09:54:00,77803.96,77834.18,77803.96,77823.66,50051
1786595100,2026-08-13T09:55:00,77821.55,77833.95,77806.31,77819.18,21321
1786595160,2026-08-13T09:56:00,77819.19,77828.02,77817.05,77818.51,10002
1786595220,2026-08-13T09:57:00,77818.26,77820.63,77782.9,77804.91,47115
1786595280,2026-08-13T09:58:00,77805.83,77820.65,77779.4,77808.83,31727
1786595340,2026-08-13T09:59:00,77808.9,77825.72,77808.17,77824.47,27172
1786595400,2026-08-13T10:00:00,77823.81,77831.2,77790.92,77790.92,74525
1786595460,2026-08-13T10:01:00,77796.27,77813.06,77785.23,77813.06,22275
1786595520,2026-08-13T10:02:00,77810.06,77820.84,77795.38,77798.74,322391
1786595580,2026-08-13T10:03:00,77795.82,77826.89,77790.57,77793.43,49867
1786595640,2026-08-13T10:04:00,77794.89,77803.81,77787.08,77790.05,23528
1786595700,2026-08-13T10:05:00,77789.86,77818.42,77763.99,77817.47,46245
1786595760,2026-08-13T10:06:00,77816.1,77821.09,77783.07,77820.28,51884
1786595820,2026-08-13T10:07:00,77819.54,77830.7,77789.79,77795.01,12292
1786595880,2026-08-13T10:08:00,77795.01,77795.01,77766.96,77784.01,34394
1786595940,2026-08-13T10:09:00,77785.47,77799.15,77757.04,77757.04,48870
1786596000,2026-08-13T10:10:00,77752.68,77776.63,77752.68,77772.24,26041
1786596060,2026-08-13T10:11:00,77771.64,77774.72,77735.25,77737.91,23939
1786596120,2026-08-13T10:12:00,77736.35,77772.16,77736.35,77772.16,69009
1786596180,2026-08-13T10:13:00,77772.83,77814.29,77755.48,77803.44,61845
1786596240,2026-08-13T10:14:00,77806.66,77813.34,77778.2,77778.2,20115
1786596300,2026-08-13T10:15:00,77779.17,77803.5,77774.75,77779.6,50209
1786596360,2026-08-13T10:16:00,77758.69,77777.53,77737.05,77766.51,48105
1786596420,2026-08-13T10:17:00,77764.58,77772.85,77743.76,77746.39,34432
1786596480,2026-08-13T10:18:00,77748.4,77783.71,77748.4,77780.9,16468
1786596540,2026-08-13T10:19:00,77779.44,77787.93,77766.62,77766.62,14138
1786596600,2026-08-13T10:20:00,77765.86,77773.87,77737.11,77748.12,38930
1786596660,2026-08-13T10:21:00,77748.73,77772.53,77745.44,77767.4,10019
1786596720,2026-08-13T10:22:00,77769.15,77769.15,77737.42,77761.12,14767
1786596780,2026-08-13T10:23:00,77761.26,77761.55,77724.59,77724.59,7808
1786596840,2026-08-13T10:24:00,77725.15,77759.83,77713.83,77716.03,53408
1786596900,2026-08-13T10:25:00,77720.78,77740.04,77710.72,77717.12,10812
1786596960,2026-08-13T10:26:00,77713.93,77750.0,77711.74,77742.58,12023
1786597020,2026-08-13T10:27:00,77742.58,77753.31,77699.32,77753.31,76939
1786597080,2026-08-13T10:28:00,77751.79,77753.92,77726.69,77733.48,21805
1786597140,2026-08-13T10:29:00,77733.18,77734.77,77701.4,77708.58,21993
1786597200,2026-08-13T10:30:00,77709.65,77709.65,77665.89,77669.95,24983
1786597260,2026-08-13T10:31:00,77669.43,77694.26,77667.69,77678.27,15182
1786597320,2026-08-13T10:32:00,77679.73,77711.9,77678.54,77697.05,34961
1786597380,2026-08-13T10:33:00,77698.89,77723.85,77675.44,77675.44,37758
1786597440,2026-08-13T10:34:00,77678.17,77730.5,77667.97,77727.51,47604
1786597500,2026-08-13T10:35:00,77725.3,77727.18,77694.53,77701.38,16860
1786597560,2026-08-13T10:36:00,77694.18,77719.43,77678.23,77707.51,56101
1786597620,2026-08-13T10:37:00,77715.11,77733.87,77708.72,77721.71,8094
1786597680,2026-08-13T10:38:00,77724.19,77748.45,77703.47,77747.51,56006
1786597740,2026-08-13T10:39:00,77748.79,77748.79,77726.13,77734.43,12488
1786597800,2026-08-13T10:40:00,77735.14,77740.99,77717.4,77719.86,18563
1786597860,2026-08-13T10:41:00,77719.8,77744.92,77711.81,77741.06,38595
1786597920,2026-08-13T10:42:00,77741.55,77746.43,77718.46,77738.11,50790
1786597980,2026-08-13T10:43:00,77737.86,77763.17,77719.63,77748.75,56338
1786598040,2026-08-13T10:44:00,77747.25,77755.41,77719.69,77751.34,14625
1786598100,2026-08-13T10:45:00,77754.43,77757.91,77721.1,77757.91,22410
1786598160,2026-08-13T10:46:00,77755.71,77766.16,77727.92,77741.02,21080
1786598220,2026-08-13T10:47:00,77741.86,77758.27,77734.06,77752.55,316663
1786598280,2026-08-13T10:48:00,77751.41,77763.4,77733.23,77753.77,86418
1786598340,2026-08-13T10:49:00,77753.58,77776.32,77753.58,77776.18,15559
1786598400,2026-08-13T10:50:00,77776.15,77782.0,77770.85,77782.0,12177
1786598460,2026-08-13T10:51:00,77782.0,77797.47,77777.01,77797.44,15757
1786598520,2026-08-13T10:52:00,77798.52,77809.29,77764.46,77769.93,83797
1786598580,2026-08-13T10:53:00,77770.58,77805.21,77770.58,77789.13,8822
1786598640,2026-08-13T10:54:00,77790.61,77803.03,77757.91,77777.31,35822
1786598700,2026-08-13T10:55:00,77787.16,77795.0,77782.02,77786.96,14024
1786598760,2026-08-13T10:56:00,77787.19,77793.1,77779.48,77780.77,20690
1786598820,2026-08-13T10:57:00,77780.77,77795.67,77759.98,77764.77,20811
1786598880,2026-08-13T10:58:00,77777.6,77789.09,77774.37,77778.69,14472
1786598940,2026-08-13T10:59:00,77778.35,77783.88,77770.93,77778.13,35935
1786599000,2026-08-13T11:00:00,77778.63,77779.21,77760.02,77773.32,10993
1786599060,2026-08-13T11:01:00,77774.9,77776.19,77730.59,77731.79,45488
1786599120,2026-08-13T11:02:00,77733.03,77762.19,77729.93,77750.08,29313
1786599180,2026-08-13T11:03:00,77749.96,77751.9,77717.52,77729.48,21858
1786599240,2026-08-13T11:04:00,77729.83,77737.88,77707.62,77734.0,21207
1786599300,2026-08-13T11:05:00,77736.22,77736.86,77713.71,77725.19,18374
1786599360,2026-08-13T11:06:00,77725.81,77728.89,77695.63,77711.66,9823
1786599420,2026-08-13T11:07:00,77711.76,77711.76,77681.83,77693.17,9488
1786599480,2026-08-13T11:08:00,77691.47,77711.4,77690.99,77705.49,5491
1786599540,2026-08-13T11:09:00,77711.84,77725.94,77709.18,77721.08,6377
1786599600,2026-08-13T11:10:00,77723.01,77738.44,77720.47,77734.16,11960
1786599660,2026-08-13T11:11:00,77733.87,77742.73,77728.73,77730.99,15557
1786599720,2026-08-13T11:12:00,77730.37,77732.24,77717.41,77721.8,8822
1786599780,2026-08-13T11:13:00,77721.8,77738.89,77713.36,77715.16,6836
1786599840,2026-08-13T11:14:00,77715.42,77715.99,77682.8,77702.14,30552
1786599900,2026-08-13T11:15:00,77702.14,77716.14,77698.3,77710.23,16726
1786599960,2026-08-13T11:16:00,77712.44,77719.18,77701.92,77707.43,24262
1786600020,2026-08-13T11:17:00,77711.88,77714.48,77702.25,77711.57,8712
1786600080,2026-08-13T11:18:00,77712.28,77717.75,77708.69,77717.75,5144
1786600140,2026-08-13T11:19:00,77717.83,77728.55,77714.19,77728.55,7833
1786600200,2026-08-13T11:20:00,77729.45,77729.45,77716.14,77717.39,80558
1786600260,2026-08-13T11:21:00,77718.03,77724.33,77706.47,77713.9,11453
1786600320,2026-08-13T11:22:00,77716.23,77754.22,77679.04,77754.22,184149
1786600380,2026-08-13T11:23:00,77759.61,77770.89,77736.89,77736.89,83035
1786600440,2026-08-13T11:24:00,77733.31,77738.91,77728.39,77738.91,14021
1786600500,2026-08-13T11:25:00,77738.84,77755.09,77734.92,77751.5,14418
1786600560,2026-08-13T11:26:00,77751.5,77759.99,77743.82,77756.02,20626
1786600620,2026-08-13T11:27:00,77758.17,77785.98,77754.86,77770.09,23972
1786600680,2026-08-13T11:28:00,77768.04,77771.19,77756.14,77759.48,10431
1786600740,2026-08-13T11:29:00,77759.48,77777.35,77756.73,77775.41,22517
1786600800,2026-08-13T11:30:00,77775.01,77802.0,77775.01,77798.24,1537314
1786600860,2026-08-13T11:31:00,77795.37,77812.18,77793.2,77808.24,12643
1786600920,2026-08-13T11:32:00,77810.81,77817.38,77799.81,77802.16,20164
1786600980,2026-08-13T11:33:00,77802.16,77807.19,77797.22,77806.79,21909
1786601040,2026-08-13T11:34:00,77809.02,77814.51,77806.66,77810.62,110011
1786601100,2026-08-13T11:35:00,77809.04,77813.52,77799.85,77805.6,186836
1786601160,2026-08-13T11:36:00,77805.12,77817.63,77791.28,77815.91,69990
1786601220,2026-08-13T11:37:00,77817.2,77826.31,77814.52,77822.68,68266
1786601280,2026-08-13T11:38:00,77823.86,77837.91,77823.86,77827.89,22308
1786601340,2026-08-13T11:39:00,77827.43,77840.77,77825.48,77838.23,27519
1786601400,2026-08-13T11:40:00,77838.59,77853.86,77822.1,77824.45,170879
1786601460,2026-08-13T11:41:00,77827.95,77831.62,77816.35,77816.76,10305
1786601520,2026-08-13T11:42:00,77816.01,77821.67,77801.34,77808.4,14239
1786601580,2026-08-13T11:43:00,77808.85,77817.02,77805.3,77810.75,11665
1786601640,2026-08-13T11:44:00,77807.55,77823.49,77807.55,77821.41,104579
1786601700,2026-08-13T11:45:00,77821.75,77829.02,77816.73,77822.75,29187
1786601760,2026-08-13T11:46:00,77822.05,77825.9,77813.17,77818.4,18068
1786601820,2026-08-13T11:47:00,77817.83,77832.85,77817.83,77829.94,15637
1786601880,2026-08-13T11:48:00,77831.21,77839.56,77826.1,77839.22,20477
1786601940,2026-08-13T11:49:00,77836.42,77850.36,77834.17,77844.34,13875
1786602000,2026-08-13T11:50:00,77842.58,77853.22,77838.83,77846.65,19946
1786602060,2026-08-13T11:51:00,77847.32,77857.86,77840.49,77853.08,16174
1786602120,2026-08-13T11:52:00,77852.48,77855.67,77846.53,77849.71,17634
1786602180,2026-08-13T11:53:00,77850.57,77858.16,77843.53,77853.32,8588
1786602240,2026-08-13T11:54:00,77848.87,77855.25,77835.19,77843.9,13183
1786602300,2026-08-13T11:55:00,77846.37,77846.92,77833.64,77843.3,5459
1786602360,2026-08-13T11:56:00,77842.61,77854.56,77823.51,77854.56,39807
1786602420,2026-08-13T11:57:00,77855.27,77886.75,77849.5,77886.75,39849
1786602480,2026-08-13T11:58:00,77886.71,77910.05,77883.79,77901.77,12415
1786602540,2026-08-13T11:59:00,77901.77,77936.01,77899.69,77936.01,13383
1786602600,2026-08-13T12:00:00,77936.86,77990.34,77936.13,77989.59,33838
1786602660,2026-08-13T12:01:00,77989.4,77998.49,77985.15,77992.91,13918
1786602720,2026-08-13T12:02:00,77999.86,78000.61,77981.51,77999.61,14423
1786602780,2026-08-13T12:03:00,78000.39,78018.29,77998.0,78018.29,19533
1786602840,2026-08-13T12:04:00,78015.85,78028.64,78014.1,78022.47,20333
1786602900,2026-08-13T12:05:00,78020.37,78026.21,78012.38,78016.58,7818
1786602960,2026-08-13T12:06:00,78017.43,78022.55,78002.23,78010.37,27445
1786603020,2026-08-13T12:07:00,78011.75,78011.87,77993.98,78002.23,25855
1786603080,2026-08-13T12:08:00,78004.87,78010.97,78002.6,78007.84,67670
1786603140,2026-08-13T12:09:00,78010.07,78012.31,77996.71,77998.09,14758
1786603200,2026-08-13T12:10:00,77996.65,78009.41,77990.64,78002.28,70665
1786603260,2026-08-13T12:11:00,78000.99,78000.99,77963.81,77964.04,156338
1786603320,2026-08-13T12:12:00,77966.57,77978.7,77963.5,77963.5,227083
1786603380,2026-08-13T12:13:00,77961.0,77966.27,77955.69,77965.78,7124
1786603440,2026-08-13T12:14:00,77963.93,77973.34,77961.11,77963.48,20571
1786603500,2026-08-13T12:15:00,77962.99,77983.11,77962.99,77980.23,252753
1786603560,2026-08-13T12:16:00,77979.92,77980.07,77958.98,77968.42,121975
1786603620,2026-08-13T12:17:00,77968.77,77975.22,77946.8,77956.0,58605
1786603680,2026-08-13T12:18:00,77954.77,77967.01,77950.22,77967.01,19521
1786603740,2026-08-13T12:19:00,77965.03,77973.03,77952.92,77954.2,28400
1786603800,2026-08-13T12:20:00,77954.86,77961.75,77938.1,77948.74,82704
1786603860,2026-08-13T12:21:00,77951.9,77959.83,77947.99,77950.15,34896
1786603920,2026-08-13T12:22:00,77952.15,77962.57,77949.56,77962.57,15082
1786603980,2026-08-13T12:23:00,77962.92,77971.3,77955.17,77970.45,16683
1786604040,2026-08-13T12:24:00,77970.45,77992.82,77968.22,77992.82,38440
1786604100,2026-08-13T12:25:00,77991.42,78000.18,77985.27,77987.41,11213
1786604160,2026-08-13T12:26:00,77982.23,77993.04,77979.18,77986.23,14996
1786604220,2026-08-13T12:27:00,77989.64,77989.64,77969.56,77974.2,47701
1786604280,2026-08-13T12:28:00,77976.77,77985.09,77971.03,77974.87,38280
1786604340,2026-08-13T12:29:00,77970.37,77972.61,77961.84,77968.17,7332
1786604400,2026-08-13T12:30:00,77968.17,77978.61,77963.43,77972.05,16128
1786604460,2026-08-13T12:31:00,77969.78,77977.25,77964.44,77964.44,12584
1786604520,2026-08-13T12:32:00,77964.44,77978.51,77957.74,77974.38,107799
1786604580,2026-08-13T12:33:00,77977.21,77978.25,77967.47,77971.87,17860
1786604640,2026-08-13T12:34:00,77971.87,77985.71,77969.16,77982.86,13541
1786604700,2026-08-13T12:35:00,77982.86,77984.48,77970.33,77982.49,11530
1786604760,2026-08-13T12:36:00,77982.44,77984.64,77973.22,77975.67,82282
1786604820,2026-08-13T12:37:00,77972.79,77974.27,77948.46,77962.85,43703
1786604880,2026-08-13T12:38:00,77961.04,77961.04,77941.45,77950.23,50041
1786604940,2026-08-13T12:39:00,77950.17,77968.22,77948.37,77968.22,52796
1786605000,2026-08-13T12:40:00,77969.39,77986.39,77958.05,77985.86,17940
1786605060,2026-08-13T12:41:00,77985.86,77994.3,77968.24,77968.24,15377
1786605120,2026-08-13T12:42:00,77967.73,77981.56,77961.99,77970.04,87838
1786605180,2026-08-13T12:43:00,77969.43,77977.67,77964.14,77966.83,6499
1786605240,2026-08-13T12:44:00,77971.38,77980.21,77965.21,77970.06,43003
1786605300,2026-08-13T12:45:00,77968.77,77973.14,77960.0,77964.34,115601
1786605360,2026-08-13T12:46:00,77964.0,77966.92,77945.95,77949.35,69480
1786605420,2026-08-13T12:47:00,77950.59,77957.6,77930.59,77942.88,152960
1786605480,2026-08-13T12:48:00,77941.95,77943.03,77920.83,77922.92,47052
1786605540,2026-08-13T12:49:00,77924.32,77928.35,77916.32,77923.86,14532
1786605600,2026-08-13T12:50:00,77920.1,77920.4,77903.7,77903.7,42978
1786605660,2026-08-13T12:51:00,77896.6,77896.6,77877.4,77887.92,93766
1786605720,2026-08-13T12:52:00,77886.72,77903.74,77886.53,77896.28,42320
1786605780,2026-08-13T12:53:00,77896.51,77905.21,77877.79,77881.48,62548
1786605840,2026-08-13T12:54:00,77883.44,77895.94,77879.88,77895.89,8115
1786605900,2026-08-13T12:55:00,77896.74,77897.54,77886.42,77889.85,7225
1786605960,2026-08-13T12:56:00,77892.8,77897.36,77883.88,77883.88,8028
1786606020,2026-08-13T12:57:00,77883.88,77888.68,77878.88,77885.93,7256
1786606080,2026-08-13T12:58:00,77886.97,77887.37,77867.15,77873.02,10787
1786606140,2026-08-13T12:59:00,77873.02,77890.09,77869.01,77886.42,29409
1786606200,2026-08-13T13:00:00,77889.4,77898.69,77889.3,77896.98,29404
1786606260,2026-08-13T13:01:00,77896.98,77899.21,77890.05,77891.57,9614
1786606320,2026-08-13T13:02:00,77891.57,77908.66,77888.4,77908.36,12741
1786606380,2026-08-13T13:03:00,77907.38,77909.33,77869.31,77886.38,131951
1786606440,2026-08-13T13:04:00,77887.52,77887.52,77860.52,77872.34,54144
1786606500,2026-08-13T13:05:00,77880.65,77889.83,77856.78,77867.31,19098
1786606560,2026-08-13T13:06:00,77867.31,77895.44,77866.24,77890.32,4613
1786606620,2026-08-13T13:07:00,77890.49,77890.94,77855.83,77866.69,11105
1786606680,2026-08-13T13:08:00,77866.69,77880.24,77853.8,77854.33,6437
1786606740,2026-08-13T13:09:00,77854.82,77877.84,77854.76,77877.84,9478
1786606800,2026-08-13T13:10:00,77882.05,77899.07,77865.75,77891.93,21253
1786606860,2026-08-13T13:11:00,77890.0,77910.99,77865.7,77868.9,63447
1786606920,2026-08-13T13:12:00,77869.56,77900.27,77841.94,77844.32,13099
1786606980,2026-08-13T13:13:00,77843.41,77881.01,77838.73,77851.3,18403
1786607040,2026-08-13T13:14:00,77850.28,77860.49,77849.72,77860.49,50260
1786607100,2026-08-13T13:15:00,77886.24,77887.03,77822.91,77828.25,24217
1786607160,2026-08-13T13:16:00,77830.31,77891.41,77830.31,77891.41,90528
1786607220,2026-08-13T13:17:00,77888.16,77920.82,77888.16,77900.16,100984
1786607280,2026-08-13T13:18:00,77899.57,77903.51,77863.98,77863.98,19700
1786607340,2026-08-13T13:19:00,77863.35,77864.1,77802.53,77830.18,599582
1786607400,2026-08-13T13:20:00,77832.82,77856.07,77830.66,77840.23,93212
1786607460,2026-08-13T13:21:00,77840.07,77863.55,77835.52,77860.73,22060
1786607520,2026-08-13T13:22:00,77860.68,77867.56,77842.16,77845.35,94229
1786607580,2026-08-13T13:23:00,77842.17,77851.75,77829.44,77851.75,72386
1786607640,2026-08-13T13:24:00,77852.74,77875.0,77847.95,77869.64,134767
1786607700,2026-08-13T13:25:00,77861.62,77864.71,77795.52,77836.84,110080
1786607760,2026-08-13T13:26:00,77837.21,77847.28,77805.16,77840.27,123871
1786607820,2026-08-13T13:27:00,77840.57,77854.16,77830.1,77845.22,21388
1786607880,2026-08-13T13:28:00,77846.24,77870.87,77838.74,77860.63,26511
1786607940,2026-08-13T13:29:00,77860.63,77862.92,77851.14,77856.98,8841
1786608000,2026-08-13T13:30:00,77857.13,77860.91,77840.85,77842.57,15173
1786608060,2026-08-13T13:31:00,77841.81,77857.23,77813.04,77856.06,15190
1786608120,2026-08-13T13:32:00,77857.62,77872.96,77827.1,77872.0,76402
1786608180,2026-08-13T13:33:00,77876.84,77897.27,77850.85,77876.07,82642
1786608240,2026-08-13T13:34:00,77876.73,77876.76,77814.15,77832.88,115572
1786608300,2026-08-13T13:35:00,77828.52,77840.49,77825.11,77834.17,14594
1786608360,2026-08-13T13:36:00,77837.6,77850.06,77836.2,77845.75,30509
1786608420,2026-08-13T13:37:00,77841.75,77869.8,77826.77,77869.8,19322
1786608480,2026-08-13T13:38:00,77869.51,77874.88,77863.61,77871.79,10172
1786608540,2026-08-13T13:39:00,77871.79,77883.89,77852.69,77859.57,13574
1786608600,2026-08-13T13:40:00,77859.57,77901.5,77859.57,77890.71,34638
1786608660,2026-08-13T13:41:00,77889.9,77892.05,77854.96,77891.97,37497
1786608720,2026-08-13T13:42:00,77892.12,77916.01,77887.8,77891.46,7969
1786608780,2026-08-13T13:43:00,77890.66,77926.18,77888.0,77916.99,19352
1786608840,2026-08-13T13:44:00,77913.81,77976.38,77913.81,77936.49,79033
1786608900,2026-08-13T13:45:00,77936.16,77943.55,77931.28,77942.84,14095
1786608960,2026-08-13T13:46:00,77943.9,77958.58,77930.75,77937.53,9272
1786609020,2026-08-13T13:47:00,77937.7,78016.44,77937.7,77999.39,374193
1786609080,2026-08-13T13:48:00,77994.18,77994.18,77907.71,77907.71,138986
1786609140,2026-08-13T13:49:00,77907.95,77920.11,77881.55,77914.52,162312
1786609200,2026-08-13T13:50:00,77916.0,77940.15,77903.15,77904.0,60694
1786609260,2026-08-13T13:51:00,77912.16,77941.37,77906.68,77941.09,27770
1786609320,2026-08-13T13:52:00,77941.39,77946.09,77909.61,77946.09,17419
1786609380,2026-08-13T13:53:00,77946.22,77951.24,77913.66,77948.23,18686
1786609440,2026-08-13T13:54:00,77948.33,77952.31,77915.32,77947.72,29505
1786609500,2026-08-13T13:55:00,77952.47,77965.63,77937.77,77963.94,17938
1786609560,2026-08-13T13:56:00,77971.97,78004.3,77963.18,77985.58,43061
1786609620,2026-08-13T13:57:00,77986.62,77989.14,77947.29,77957.03,15744
1786609680,2026-08-13T13:58:00,77963.72,77963.82,77935.15,77950.88,43643
1786609740,2026-08-13T13:59:00,77951.05,77989.64,77946.76,77984.11,9400
1786609800,2026-08-13T14:00:00,77985.54,77985.54,77918.39,77918.68,8934
1786609860,2026-08-13T14:01:00,77917.51,77949.77,77899.35,77899.35,26885
1786609920,2026-08-13T14:02:00,77927.05,77931.49,77896.52,77901.95,19100
1786609980,2026-08-13T14:03:00,77902.53,77923.93,77901.56,77907.54,12247
1786610040,2026-08-13T14:04:00,77906.6,77925.64,77902.89,77922.2,7389
1786610100,2026-08-13T14:05:00,77923.25,77924.2,77907.49,77907.49,508021
1786610160,2026-08-13T14:06:00,77909.1,77909.76,77890.52,77892.48,15066
1786610220,2026-08-13T14:07:00,77892.48,77900.5,77863.7,77881.36,10129
1786610280,2026-08-13T14:08:00,77879.07,77879.59,77833.3,77833.3,35092
1786610340,2026-08-13T14:09:00,77834.52,77866.54,77829.1,77862.37,32522
1786610400,2026-08-13T14:10:00,77860.8,77865.31,77833.68,77864.13,68225
1786610460,2026-08-13T14:11:00,77869.45,77869.84,77819.06,77825.1,86337
1786610520,2026-08-13T14:12:00,77825.06,77857.56,77815.97,77838.59,36668
1786610580,2026-08-13T14:13:00,77847.32,77867.13,77843.23,77855.55,66214
1786610640,2026-08-13T14:14:00,77852.72,77859.26,77823.52,77852.79,29901
1786610700,2026-08-13T14:15:00,77852.05,77852.05,77822.58,77840.82,7795
1786610760,2026-08-13T14:16:00,77840.58,77860.4,77839.71,77850.06,8060
1786610820,2026-08-13T14:17:00,77848.41,77848.72,77836.64,77839.16,6521
1786610880,2026-08-13T14:18:00,77837.88,77841.76,77816.55,77816.55,12736
1786610940,2026-08-13T14:19:00,77815.14,77854.79,77815.14,77854.79,18114
1786611000,2026-08-13T14:20:00,77856.48,77895.65,77856.48,77892.15,17952
1786611060,2026-08-13T14:21:00,77894.11,77909.38,77877.28,77907.19,18832
1786611120,2026-08-13T14:22:00,77902.85,77922.46,77889.0,77908.55,44245
1786611180,2026-08-13T14:23:00,77908.99,77914.02,77896.36,77905.23,19465
1786611240,2026-08-13T14:24:00,77905.35,77932.34,77892.3,77896.36,70430
1786611300,2026-08-13T14:25:00,77901.13,77912.77,77877.19,77880.32,69765
1786611360,2026-08-13T14:26:00,77872.25,77915.11,77869.69,77912.05,61518
1786611420,2026-08-13T14:27:00,77911.99,77916.67,77885.33,77902.81,14455
1786611480,2026-08-13T14:28:00,77903.54,77912.87,77861.93,77862.2,177890
1786611540,2026-08-13T14:29:00,77864.66,77909.79,77851.7,77874.81,276230
1786611600,2026-08-13T14:30:00,77880.95,77951.13,77871.08,77907.44,637654
1786611660,2026-08-13T14:31:00,77912.11,77922.05,77874.27,77922.05,142952
1786611720,2026-08-13T14:32:00,77914.79,77916.95,77860.34,77860.42,103906
1786611780,2026-08-13T14:33:00,77863.81,77882.08,77854.61,77854.61,37520
1786611840,2026-08-13T14:34:00,77854.65,77874.06,77853.82,77871.79,18124
1786611900,2026-08-13T14:35:00,77855.77,77892.81,77853.07,77865.9,84341
1786611960,2026-08-13T14:36:00,77863.64,77867.18,77804.46,77834.34,192150
1786612020,2026-08-13T14:37:00,77836.11,77863.82,77836.11,77863.42,19532
1786612080,2026-08-13T14:38:00,77862.68,77869.53,77857.64,77861.73,26085
1786612140,2026-08-13T14:39:00,77861.4,77866.75,77856.26,77864.9,30925
1786612200,2026-08-13T14:40:00,77864.74,77886.98,77861.52,77865.96,15280
1786612260,2026-08-13T14:41:00,77867.64,77893.0,77864.63,77867.59,24148
1786612320,2026-08-13T14:42:00,77864.38,77888.68,77856.76,77856.76,18367
1786612380,2026-08-13T14:43:00,77860.81,77878.4,77847.75,77872.03,23097
1786612440,2026-08-13T14:44:00,77869.95,77869.95,77845.94,77850.97,19375
1786612500,2026-08-13T14:45:00,77849.56,77853.42,77843.99,77850.69,14529
1786612560,2026-08-13T14:46:00,77851.19,77854.32,77825.21,77853.2,21142
1786612620,2026-08-13T14:47:00,77854.09,77855.16,77827.19,77836.79,7819
1786612680,2026-08-13T14:48:00,77835.68,77841.94,77804.52,77823.07,10088
1786612740,2026-08-13T14:49:00,77824.92,77837.09,77812.66,77831.67,19173
1786612800,2026-08-13T14:50:00,77833.38,77845.29,77807.54,77840.78,13078
1786612860,2026-08-13T14:51:00,77839.39,77839.39,77799.38,77825.4,27126
1786612920,2026-08-13T14:52:00,77825.81,77842.55,77812.1,77825.91,37937
1786612980,2026-08-13T14:53:00,77822.7,77831.97,77802.98,77824.13,19087
1786613040,2026-08-13T14:54:00,77824.61,77833.06,77798.51,77827.33,27554
1786613100,2026-08-13T14:55:00,77826.85,77835.82,77809.89,77828.35,14973
1786613160,2026-08-13T14:56:00,77826.91,77830.23,77799.77,77814.41,11875
1786613220,2026-08-13T14:57:00,77813.85,77853.33,77801.4,77824.51,129075
1786613280,2026-08-13T14:58:00,77825.55,77828.07,77763.86,77767.7,140568
1786613340,2026-08-13T14:59:00,77763.78,77813.75,77763.78,77786.0,14911
1786613400,2026-08-13T15:00:00,77788.96,77799.55,77768.87,77798.33,75825
1786613460,2026-08-13T15:01:00,77804.32,77835.55,77804.32,77835.55,25129
1786613520,2026-08-13T15:02:00,77829.85,77894.61,77819.37,77855.55,308534
1786613580,2026-08-13T15:03:00,77851.63,77872.06,77801.45,77849.5,423880
1786613640,2026-08-13T15:04:00,77844.18,77856.42,77843.4,77852.47,46082
1786613700,2026-08-13T15:05:00,77849.63,77855.54,77804.31,77806.03,53368
1786613760,2026-08-13T15:06:00,77805.28,77837.36,77800.93,77807.11,62794
1786613820,2026-08-13T15:07:00,77815.3,77881.45,77803.98,77872.67,237927
1786613880,2026-08-13T15:08:00,77867.44,77883.2,77791.08,77825.99,271737
1786613940,2026-08-13T15:09:00,77828.43,77841.85,77778.12,77834.48,162685
1786614000,2026-08-13T15:10:00,77833.14,77892.99,77825.97,77846.11,268511
1786614060,2026-08-13T15:11:00,77846.39,77846.39,77814.8,77817.64,23937
1786614120,2026-08-13T15:12:00,77813.72,77837.53,77772.36,77825.05,174346
1786614180,2026-08-13T15:13:00,77826.46,77874.27,77825.61,77870.9,36328
1786614240,2026-08-13T15:14:00,77879.2,77881.11,77839.27,77854.84,35328
1786614300,2026-08-13T15:15:00,77861.48,77861.48,77861.48,77861.48,35328
1786614360,2026-08-13T15:16:00,77861.48,77861.48,77861.48,77861.48,35328
1786614420,2026-08-13T15:17:00,77861.48,77861.48,77861.48,77861.48,35328
1786614480,2026-08-13T15:18:00,77861.48,77861.48,77861.48,77861.48,35328
1786614540,2026-08-13T15:19:00,77861.48,77861.48,77861.48,77861.48,35328
1786614600,2026-08-13T15:20:00,77861.48,77861.48,77861.48,77861.48,35328
1786614660,2026-08-13T15:21:00,77861.48,77861.48,77861.48,77861.48,35328
1786614720,2026-08-13T15:22:00,77861.48,77861.48,77861.48,77861.48,35328
1786614780,2026-08-13T15:23:00,77861.48,77861.48,77861.48,77861.48,35328
1786614840,2026-08-13T15:24:00,77861.48,77861.48,77861.48,77861.48,35328
1786614900,2026-08-13T15:25:00,77861.48,77861.48,77861.48,77861.48,35328
1786614960,2026-08-13T15:26:00,77861.48,77861.48,77861.48,77861.48,35328
1786615020,2026-08-13T15:27:00,77861.48,77861.48,77861.48,77861.48,35328
1786615080,2026-08-13T15:28:00,77861.48,77861.48,77861.48,77861.48,35328
1786615140,2026-08-13T15:29:00,77861.48,78079.96,77861.48,78079.96,35328
1786679100,2026-08-14T09:15:00,77903.43,77923.58,77750.57,77800.85,131314
1786679160,2026-08-14T09:16:00,77793.59,77810.96,77762.48,77808.38,75506
1786679220,2026-08-14T09:17:00,77806.91,77806.96,77771.85,77776.85,596271
1786679280,2026-08-14T09:18:00,77779.74,77797.47,77765.57,77781.51,1557196
1786679340,2026-08-14T09:19:00,77778.43,77790.28,77765.96,77778.41,60441
1786679400,2026-08-14T09:20:00,77778.04,77785.28,77764.0,77767.57,104994
1786679460,2026-08-14T09:21:00,77767.36,77771.04,77747.32,77767.32,70433
1786679520,2026-08-14T09:22:00,77769.68,77785.05,77761.29,77780.33,49826
1786679580,2026-08-14T09:23:00,77773.08,77785.83,77768.3,77784.86,29946
1786679640,2026-08-14T09:24:00,77786.74,77815.66,77780.95,77786.31,75712
1786679700,2026-08-14T09:25:00,77787.64,77787.64,77760.52,77779.78,50272
1786679760,2026-08-14T09:26:00,77779.38,77788.47,77769.0,77780.49,42115
1786679820,2026-08-14T09:27:00,77782.54,77786.53,77750.33,77774.85,528109
1786679880,2026-08-14T09:28:00,77775.31,77775.61,77759.29,77760.96,40759
1786679940,2026-08-14T09:29:00,77760.72,77760.72,77732.98,77740.33,36289
1786680000,2026-08-14T09:30:00,77737.21,77746.07,77726.7,77733.51,61888
1786680060,2026-08-14T09:31:00,77736.77,77746.44,77722.93,77743.59,40123
1786680120,2026-08-14T09:32:00,77743.79,77793.99,77743.79,77775.79,76445
1786680180,2026-08-14T09:33:00,77774.92,77819.52,77766.01,77819.52,72577
1786680240,2026-08-14T09:34:00,77821.19,77824.65,77785.82,77790.25,40372
1786680300,2026-08-14T09:35:00,77790.14,77816.63,77785.92,77815.33,65566
1786680360,2026-08-14T09:36:00,77815.29,77825.07,77810.78,77822.8,107486
1786680420,2026-08-14T09:37:00,77822.35,77828.35,77808.47,77824.11,75691
1786680480,2026-08-14T09:38:00,77819.12,77844.69,77819.12,77841.42,39692
1786680540,2026-08-14T09:39:00,77845.59,77847.21,77832.72,77833.03,64932
1786680600,2026-08-14T09:40:00,77832.11,77834.2,77810.66,77812.94,55795
1786680660,2026-08-14T09:41:00,77814.96,77823.14,77798.3,77821.12,53995
1786680720,2026-08-14T09:42:00,77817.82,77830.17,77814.33,77817.18,48135
1786680780,2026-08-14T09:43:00,77817.36,77819.97,77796.84,77801.79,46906
1786680840,2026-08-14T09:44:00,77800.38,77814.07,77790.56,77814.07,46561
1786680900,2026-08-14T09:45:00,77816.93,77842.29,77816.93,77842.29,48896
1786680960,2026-08-14T09:46:00,77842.13,77867.33,77837.05,77864.42,25914
1786681020,2026-08-14T09:47:00,77863.65,77869.27,77838.77,77857.54,537459
1786681080,2026-08-14T09:48:00,77856.41,77860.7,77840.22,77854.35,80864
1786681140,2026-08-14T09:49:00,77852.01,77860.61,77845.03,77848.46,44139
1786681200,2026-08-14T09:50:00,77849.08,77855.55,77842.13,77847.99,47620
1786681260,2026-08-14T09:51:00,77851.3,77855.95,77837.55,77840.96,24887
1786681320,2026-08-14T09:52:00,77839.83,77841.02,77827.39,77834.38,18797
1786681380,2026-08-14T09:53:00,77833.54,77837.0,77816.3,77821.66,36565
1786681440,2026-08-14T09:54:00,77821.96,77825.56,77797.87,77801.34,31589
1786681500,2026-08-14T09:55:00,77800.29,77808.05,77790.08,77799.11,59580
1786681560,2026-08-14T09:56:00,77799.56,77831.1,77797.99,77826.42,30861
1786681620,2026-08-14T09:57:00,77828.33,77838.45,77822.78,77836.63,34170
1786681680,2026-08-14T09:58:00,77833.8,77842.94,77824.73,77842.94,26153
1786681740,2026-08-14T09:59:00,77843.99,77849.98,77830.14,77842.52,23485
1786681800,2026-08-14T10:00:00,77841.55,77854.73,77841.55,77853.76,20585
1786681860,2026-08-14T10:01:00,77852.99,77854.38,77837.29,77848.01,18247
1786681920,2026-08-14T10:02:00,77848.24,77871.45,77840.71,77871.45,59407
1786681980,2026-08-14T10:03:00,77871.77,77872.83,77861.0,77862.82,26012
1786682040,2026-08-14T10:04:00,77859.15,77869.8,77859.15,77868.96,11375
1786682100,2026-08-14T10:05:00,77874.05,77878.19,77860.79,77865.71,14188
1786682160,2026-08-14T10:06:00,77867.88,77867.88,77843.84,77844.61,226578
1786682220,2026-08-14T10:07:00,77844.21,77870.59,77842.38,77870.59,39973
1786682280,2026-08-14T10:08:00,77869.18,77870.58,77857.66,77866.36,15080
1786682340,2026-08-14T10:09:00,77866.36,77885.67,77861.61,77885.67,39347
1786682400,2026-08-14T10:10:00,77889.54,77895.37,77880.84,77892.28,18940
1786682460,2026-08-14T10:11:00,77890.49,77897.69,77883.2,77883.2,17377
1786682520,2026-08-14T10:12:00,77885.77,77885.77,77858.07,77858.07,12921
1786682580,2026-08-14T10:13:00,77858.52,77863.44,77851.44,77857.16,13173
1786682640,2026-08-14T10:14:00,77857.58,77862.3,77851.99,77856.97,11897
1786682700,2026-08-14T10:15:00,77852.88,77858.15,77840.49,77844.8,44031
1786682760,2026-08-14T10:16:00,77846.63,77854.44,77835.93,77837.17,13784
1786682820,2026-08-14T10:17:00,77837.44,77853.11,77833.62,77846.55,18412
1786682880,2026-08-14T10:18:00,77843.89,77850.79,77841.17,77844.33,14506
1786682940,2026-08-14T10:19:00,77844.68,77844.68,77811.03,77811.03,21551
1786683000,2026-08-14T10:20:00,77812.33,77827.5,77810.7,77823.94,17300
1786683060,2026-08-14T10:21:00,77823.11,77823.11,77806.06,77814.34,10251
1786683120,2026-08-14T10:22:00,77814.03,77814.03,77802.5,77807.6,6223
1786683180,2026-08-14T10:23:00,77808.14,77813.45,77798.76,77810.17,23234
1786683240,2026-08-14T10:24:00,77811.22,77811.22,77793.6,77798.17,16708
1786683300,2026-08-14T10:25:00,77797.86,77801.91,77793.79,77794.14,19944
1786683360,2026-08-14T10:26:00,77792.43,77796.92,77786.31,77789.39,17590
1786683420,2026-08-14T10:27:00,77789.95,77799.28,77783.86,77794.69,15426
1786683480,2026-08-14T10:28:00,77795.91,77798.83,77788.81,77794.01,11825
1786683540,2026-08-14T10:29:00,77792.79,77792.79,77783.22,77787.62,12574
1786683600,2026-08-14T10:30:00,77786.97,77790.6,77758.26,77767.35,40816
1786683660,2026-08-14T10:31:00,77766.42,77766.42,77716.52,77723.82,35591
1786683720,2026-08-14T10:32:00,77723.82,77723.82,77684.37,77703.07,34205
1786683780,2026-08-14T10:33:00,77703.54,77707.56,77687.87,77699.34,62636
1786683840,2026-08-14T10:34:00,77697.25,77723.8,77688.96,77701.59,55793
1786683900,2026-08-14T10:35:00,77704.26,77733.4,77703.66,77733.4,31371
1786683960,2026-08-14T10:36:00,77734.85,77754.08,77734.85,77744.77,33797
1786684020,2026-08-14T10:37:00,77742.2,77747.51,77724.66,77746.61,26578
1786684080,2026-08-14T10:38:00,77746.63,77755.74,77740.31,77744.3,18585
1786684140,2026-08-14T10:39:00,77745.37,77755.15,77739.94,77750.21,12214
1786684200,2026-08-14T10:40:00,77749.11,77755.72,77743.64,77745.53,19579
1786684260,2026-08-14T10:41:00,77747.17,77751.27,77739.21,77749.83,48130
1786684320,2026-08-14T10:42:00,77748.44,77755.9,77744.89,77753.7,20126
1786684380,2026-08-14T10:43:00,77748.88,77765.37,77745.87,77760.82,18276
1786684440,2026-08-14T10:44:00,77755.82,77766.28,77755.82,77764.98,345770
1786684500,2026-08-14T10:45:00,77765.36,77782.94,77762.85,77779.08,21223
1786684560,2026-08-14T10:46:00,77782.57,77796.71,77777.24,77782.52,30094
1786684620,2026-08-14T10:47:00,77778.78,77796.11,77778.78,77790.95,12521
1786684680,2026-08-14T10:48:00,77790.13,77809.35,77789.42,77806.78,26075
1786684740,2026-08-14T10:49:00,77807.4,77808.87,77798.83,77803.13,12573
1786684800,2026-08-14T10:50:00,77802.74,77817.35,77797.87,77807.79,16012
1786684860,2026-08-14T10:51:00,77807.48,77817.88,77802.85,77812.38,26105
1786684920,2026-08-14T10:52:00,77812.19,77815.21,77803.7,77812.22,12707
1786684980,2026-08-14T10:53:00,77811.52,77821.12,77805.49,77820.42,13316
1786685040,2026-08-14T10:54:00,77818.18,77822.73,77810.33,77811.57,42277
1786685100,2026-08-14T10:55:00,77813.67,77820.39,77805.97,77809.86,37952
1786685160,2026-08-14T10:56:00,77811.23,77819.28,77804.44,77808.16,27144
1786685220,2026-08-14T10:57:00,77808.15,77809.74,77782.57,77788.04,21340
1786685280,2026-08-14T10:58:00,77788.03,77788.03,77760.83,77771.99,27225
1786685340,2026-08-14T10:59:00,77772.65,77772.65,77739.07,77745.71,22237
1786685400,2026-08-14T11:00:00,77744.11,77747.36,77726.48,77734.99,26034
1786685460,2026-08-14T11:01:00,77737.63,77749.94,77730.29,77739.61,35684
1786685520,2026-08-14T11:02:00,77739.42,77753.39,77738.94,77751.84,13593
1786685580,2026-08-14T11:03:00,77748.65,77770.62,77748.65,77766.42,30125
1786685640,2026-08-14T11:04:00,77764.97,77781.28,77764.97,77770.63,27018
1786685700,2026-08-14T11:05:00,77768.38,77776.88,77760.2,77771.25,16078
1786685760,2026-08-14T11:06:00,77773.54,77773.54,77752.17,77759.82,13535
1786685820,2026-08-14T11:07:00,77758.68,77771.06,77754.94,77766.68,15083
1786685880,2026-08-14T11:08:00,77767.37,77769.17,77746.95,77749.02,27326
1786685940,2026-08-14T11:09:00,77748.19,77751.47,77740.35,77750.3,22753
1786686000,2026-08-14T11:10:00,77750.3,77762.87,77750.3,77760.83,29672
1786686060,2026-08-14T11:11:00,77760.23,77765.18,77751.92,77764.71,10724
1786686120,2026-08-14T11:12:00,77764.25,77766.86,77750.34,77757.75,19286
1786686180,2026-08-14T11:13:00,77756.9,77769.15,77752.7,77761.48,16721
1786686240,2026-08-14T11:14:00,77761.68,77770.83,77757.31,77766.85,36735
1786686300,2026-08-14T11:15:00,77768.43,77769.01,77754.18,77765.62,25580
1786686360,2026-08-14T11:16:00,77768.21,77780.63,77761.73,77761.73,17761
1786686420,2026-08-14T11:17:00,77763.73,77779.93,77763.73,77776.49,24355
1786686480,2026-08-14T11:18:00,77779.6,77792.53,77774.64,77791.35,18533
1786686540,2026-08-14T11:19:00,77793.92,77803.04,77787.47,77796.12,12117
1786686600,2026-08-14T11:20:00,77798.3,77804.87,77793.59,77799.5,12646
1786686660,2026-08-14T11:21:00,77798.77,77819.6,77797.98,77815.55,15987
1786686720,2026-08-14T11:22:00,77812.46,77816.99,77784.31,77794.4,20685
1786686780,2026-08-14T11:23:00,77790.02,77804.88,77783.49,77798.91,28342
1786686840,2026-08-14T11:24:00,77796.51,77797.47,77782.88,77788.96,119325
1786686900,2026-08-14T11:25:00,77788.96,77792.55,77780.09,77788.55,14431
1786686960,2026-08-14T11:26:00,77786.22,77786.57,77765.14,77768.76,29565
1786687020,2026-08-14T11:27:00,77769.11,77776.5,77763.83,77770.53,19126
1786687080,2026-08-14T11:28:00,77770.72,77774.93,77752.74,77755.75,21829
1786687140,2026-08-14T11:29:00,77755.75,77755.75,77744.32,77747.15,14333
1786687200,2026-08-14T11:30:00,77746.8,77746.8,77726.63,77736.36,13780
1786687260,2026-08-14T11:31:00,77737.52,77750.91,77735.86,77747.33,11475
1786687320,2026-08-14T11:32:00,77747.2,77748.12,77734.1,77741.15,22930
1786687380,2026-08-14T11:33:00,77741.98,77767.74,77741.98,77765.72,11854
1786687440,2026-08-14T11:34:00,77765.81,77769.45,77756.08,77759.8,16212
1786687500,2026-08-14T11:35:00,77763.05,77765.16,77747.87,77753.62,43487
1786687560,2026-08-14T11:36:00,77756.04,77767.03,77750.34,77755.12,9230
1786687620,2026-08-14T11:37:00,77754.71,77757.03,77742.95,77744.32,14682
1786687680,2026-08-14T11:38:00,77744.32,77756.47,77741.15,77742.6,14740
1786687740,2026-08-14T11:39:00,77742.6,77772.18,77742.6,77771.77,9538
1786687800,2026-08-14T11:40:00,77771.03,77780.13,77771.03,77773.08,11070
1786687860,2026-08-14T11:41:00,77773.27,77787.61,77773.27,77780.38,10755
1786687920,2026-08-14T11:42:00,77779.8,77784.24,77769.26,77774.51,6367
1786687980,2026-08-14T11:43:00,77776.08,77797.85,77776.08,77796.58,14982
1786688040,2026-08-14T11:44:00,77796.58,77806.6,77789.39,77798.58,6681
1786688100,2026-08-14T11:45:00,77798.63,77806.85,77785.45,77805.03,26432
1786688160,2026-08-14T11:46:00,77804.76,77827.08,77797.55,77818.31,19943
1786688220,2026-08-14T11:47:00,77817.45,77817.45,77808.51,77811.23,18840
1786688280,2026-08-14T11:48:00,77813.25,77813.71,77794.35,77794.35,12023
1786688340,2026-08-14T11:49:00,77794.59,77798.12,77781.63,77787.56,33314
1786688400,2026-08-14T11:50:00,77787.56,77797.81,77779.93,77789.36,172695
1786688460,2026-08-14T11:51:00,77789.36,77795.69,77785.5,77792.65,12121
1786688520,2026-08-14T11:52:00,77792.65,77802.5,77789.46,77799.47,14365
1786688580,2026-08-14T11:53:00,77801.09,77818.3,77801.09,77813.25,13617
1786688640,2026-08-14T11:54:00,77813.75,77817.04,77796.25,77796.25,28996
1786688700,2026-08-14T11:55:00,77796.57,77806.68,77796.0,77805.83,20605
1786688760,2026-08-14T11:56:00,77805.98,77808.95,77790.16,77793.82,27337
1786688820,2026-08-14T11:57:00,77792.66,77793.06,77776.21,77782.56,23251
1786688880,2026-08-14T11:58:00,77782.71,77799.45,77782.05,77791.29,14550
1786688940,2026-08-14T11:59:00,77791.29,77797.83,77786.84,77794.06,5526
1786689000,2026-08-14T12:00:00,77794.06,77795.07,77782.32,77782.32,22578
1786689060,2026-08-14T12:01:00,77782.32,77782.79,77768.69,77776.18,64402
1786689120,2026-08-14T12:02:00,77777.14,77781.25,77769.13,77776.34,13683
1786689180,2026-08-14T12:03:00,77777.11,77778.94,77766.12,77772.18,13879
1786689240,2026-08-14T12:04:00,77772.15,77782.15,77768.86,77775.1,179555
1786689300,2026-08-14T12:05:00,77775.1,77787.19,77770.71,77784.55,46329
1786689360,2026-08-14T12:06:00,77785.46,77812.64,77783.99,77812.6,198368
1786689420,2026-08-14T12:07:00,77813.35,77826.22,77807.75,77825.35,22176
1786689480,2026-08-14T12:08:00,77825.95,77830.26,77813.93,77821.03,27930
1786689540,2026-08-14T12:09:00,77819.1,77820.77,77808.0,77811.24,8159
1786689600,2026-08-14T12:10:00,77811.24,77825.27,77811.24,77824.28,9597
1786689660,2026-08-14T12:11:00,77824.28,77843.58,77815.9,77839.45,279298
1786689720,2026-08-14T12:12:00,77835.66,77844.62,77827.92,77830.91,10211
1786689780,2026-08-14T12:13:00,77829.23,77837.02,77828.07,77833.0,9315
1786689840,2026-08-14T12:14:00,77833.0,77836.61,77824.96,77832.8,14084
1786689900,2026-08-14T12:15:00,77834.38,77845.78,77833.65,77841.17,23660
1786689960,2026-08-14T12:16:00,77841.5,77845.1,77837.55,77843.15,17006
1786690020,2026-08-14T12:17:00,77842.52,77848.33,77838.92,77840.14,7444
1786690080,2026-08-14T12:18:00,77839.3,77847.77,77834.33,77846.44,35293
1786690140,2026-08-14T12:19:00,77846.44,77857.15,77846.42,77854.88,8392
1786690200,2026-08-14T12:20:00,77854.52,77862.38,77851.6,77854.41,221575
1786690260,2026-08-14T12:21:00,77854.41,77863.44,77853.08,77855.92,8898
1786690320,2026-08-14T12:22:00,77856.05,77863.34,77848.31,77861.97,8115
1786690380,2026-08-14T12:23:00,77862.55,77864.01,77853.64,77858.87,9675
1786690440,2026-08-14T12:24:00,77858.97,77873.78,77857.11,77872.89,15500
1786690500,2026-08-14T12:25:00,77872.48,77872.48,77860.08,77865.84,4166
1786690560,2026-08-14T12:26:00,77863.95,77863.95,77841.44,77852.09,9124
1786690620,2026-08-14T12:27:00,77851.84,77856.46,77844.11,77848.46,7724
1786690680,2026-08-14T12:28:00,77849.87,77859.35,77846.78,77857.95,11078
1786690740,2026-08-14T12:29:00,77858.84,77860.47,77851.02,77858.3,5767
1786690800,2026-08-14T12:30:00,77857.85,77858.49,77846.98,77858.49,4460
1786690860,2026-08-14T12:31:00,77858.8,77859.9,77836.82,77845.69,8365
1786690920,2026-08-14T12:32:00,77843.72,77851.2,77836.8,77839.1,11202
1786690980,2026-08-14T12:33:00,77839.22,77847.9,77833.66,77838.08,6130
1786691040,2026-08-14T12:34:00,77836.87,77852.92,77833.58,77837.32,8426
1786691100,2026-08-14T12:35:00,77843.34,77849.4,77837.46,77848.52,6923
1786691160,2026-08-14T12:36:00,77846.21,77850.03,77836.0,77842.38,13703
1786691220,2026-08-14T12:37:00,77843.54,77844.93,77830.86,77838.76,23799
1786691280,2026-08-14T12:38:00,77839.8,77851.08,77839.8,77844.2,5210
1786691340,2026-08-14T12:39:00,77846.13,77853.89,77838.39,77840.22,9033
1786691400,2026-08-14T12:40:00,77843.81,77846.28,77836.69,77841.51,10743
1786691460,2026-08-14T12:41:00,77840.2,77840.35,77821.24,77821.24,33112
1786691520,2026-08-14T12:42:00,77817.39,77819.73,77805.3,77817.86,36963
1786691580,2026-08-14T12:43:00,77818.22,77819.89,77809.55,77809.55,9485
1786691640,2026-08-14T12:44:00,77807.4,77820.46,77805.44,77815.46,20730
1786691700,2026-08-14T12:45:00,77811.23,77823.74,77810.24,77818.34,11920
1786691760,2026-08-14T12:46:00,77817.58,77830.5,77814.43,77822.89,33367
1786691820,2026-08-14T12:47:00,77819.46,77829.04,77817.63,77825.64,38517
1786691880,2026-08-14T12:48:00,77825.77,77851.25,77825.64,77842.19,30945
1786691940,2026-08-14T12:49:00,77842.09,77853.89,77840.67,77852.62,12367
1786692000,2026-08-14T12:50:00,77854.67,77858.25,77844.39,77851.93,7767
1786692060,2026-08-14T12:51:00,77851.93,77866.49,77851.11,77866.49,13962
1786692120,2026-08-14T12:52:00,77862.62,77872.01,77858.7,77866.87,220372
1786692180,2026-08-14T12:53:00,77866.17,77869.66,77850.81,77856.8,10637
1786692240,2026-08-14T12:54:00,77852.51,77868.82,77849.91,77865.34,14113
1786692300,2026-08-14T12:55:00,77869.07,77869.42,77856.2,77856.28,13325
1786692360,2026-08-14T12:56:00,77853.97,77865.15,77852.16,77861.02,95260
1786692420,2026-08-14T12:57:00,77861.17,77865.49,77852.53,77862.68,6005
1786692480,2026-08-14T12:58:00,77864.33,77865.01,77846.93,77852.05,8418
1786692540,2026-08-14T12:59:00,77850.24,77860.29,77846.92,77848.81,10286
1786692600,2026-08-14T13:00:00,77849.55,77862.02,77843.89,77846.89,8319
1786692660,2026-08-14T13:01:00,77846.89,77853.31,77844.14,77845.89,16566
1786692720,2026-08-14T13:02:00,77844.31,77854.15,77842.84,77846.34,26223
1786692780,2026-08-14T13:03:00,77846.08,77855.13,77843.64,77853.24,9308
1786692840,2026-08-14T13:04:00,77854.15,77854.94,77842.1,77848.74,15723
1786692900,2026-08-14T13:05:00,77847.26,77853.95,77841.92,77849.69,14261
1786692960,2026-08-14T13:06:00,77849.41,77851.12,77842.53,77842.53,26967
1786693020,2026-08-14T13:07:00,77842.69,77848.97,77839.98,77841.11,8702
1786693080,2026-08-14T13:08:00,77841.11,77841.11,77831.38,77834.53,5639
1786693140,2026-08-14T13:09:00,77837.01,77840.27,77830.19,77839.5,19481
1786693200,2026-08-14T13:10:00,77836.55,77846.42,77830.92,77846.42,231343
1786693260,2026-08-14T13:11:00,77846.43,77846.56,77831.38,77836.65,37211
1786693320,2026-08-14T13:12:00,77836.72,77838.38,77827.16,77831.56,11500
1786693380,2026-08-14T13:13:00,77831.82,77846.17,77831.82,77840.12,13822
1786693440,2026-08-14T13:14:00,77840.33,77851.58,77837.9,77847.55,9214
1786693500,2026-08-14T13:15:00,77846.43,77856.91,77844.97,77851.8,19768
1786693560,2026-08-14T13:16:00,77852.35,77859.37,77828.76,77834.3,17859
1786693620,2026-08-14T13:17:00,77833.47,77850.47,77830.91,77835.87,10724
1786693680,2026-08-14T13:18:00,77841.45,77845.3,77833.36,77836.58,8440
1786693740,2026-08-14T13:19:00,77836.23,77846.81,77836.23,77840.92,7351
1786693800,2026-08-14T13:20:00,77840.92,77841.53,77828.53,77841.31,67848
1786693860,2026-08-14T13:21:00,77835.18,77852.65,77833.59,77844.33,5936
1786693920,2026-08-14T13:22:00,77846.09,77853.59,77832.13,77836.29,7051
1786693980,2026-08-14T13:23:00,77835.99,77850.43,77835.85,77839.32,14911
1786694040,2026-08-14T13:24:00,77840.21,77852.35,77834.87,77843.7,8042
1786694100,2026-08-14T13:25:00,77845.04,77848.03,77835.31,77841.82,12297
1786694160,2026-08-14T13:26:00,77841.82,77843.83,77830.91,77830.91,8824
1786694220,2026-08-14T13:27:00,77830.65,77837.3,77827.08,77832.82,7754
1786694280,2026-08-14T13:28:00,77832.18,77841.04,77825.6,77841.04,8876
1786694340,2026-08-14T13:29:00,77837.79,77846.3,77834.86,77841.18,21192
1786694400,2026-08-14T13:30:00,77837.36,77838.67,77822.51,77828.6,11982
1786694460,2026-08-14T13:31:00,77828.6,77837.33,77824.1,77829.17,12448
1786694520,2026-08-14T13:32:00,77826.95,77829.27,77812.34,77817.98,7327
1786694580,2026-08-14T13:33:00,77817.08,77819.9,77804.73,77810.55,8369
1786694640,2026-08-14T13:34:00,77810.23,77811.48,77789.53,77792.44,13684
1786694700,2026-08-14T13:35:00,77792.67,77800.99,77788.09,77797.52,11348
1786694760,2026-08-14T13:36:00,77797.08,77800.58,77792.04,77796.93,7224
1786694820,2026-08-14T13:37:00,77798.74,77813.04,77798.74,77808.49,12837
1786694880,2026-08-14T13:38:00,77809.3,77827.3,77809.3,77827.3,80036
1786694940,2026-08-14T13:39:00,77826.16,77860.62,77823.79,77857.22,21225
1786695000,2026-08-14T13:40:00,77861.08,77880.43,77856.53,77880.39,20162
1786695060,2026-08-14T13:41:00,77879.93,77879.93,77863.73,77873.16,11913
1786695120,2026-08-14T13:42:00,77873.16,77879.83,77871.91,77875.31,8481
1786695180,2026-08-14T13:43:00,77881.85,77889.86,77877.04,77889.86,10633
1786695240,2026-08-14T13:44:00,77890.36,77897.91,77886.76,77894.25,12296
1786695300,2026-08-14T13:45:00,77894.25,77967.27,77893.6,77967.27,60681
1786695360,2026-08-14T13:46:00,77974.62,78007.49,77974.62,78004.71,36640
1786695420,2026-08-14T13:47:00,78004.81,78004.81,77975.81,77977.96,12867
1786695480,2026-08-14T13:48:00,77977.96,77977.96,77961.44,77966.23,18679
1786695540,2026-08-14T13:49:00,77959.16,77989.62,77959.16,77986.35,11889
1786695600,2026-08-14T13:50:00,77984.77,78000.88,77981.31,77991.51,17068
1786695660,2026-08-14T13:51:00,77991.51,78001.11,77989.5,77992.4,13982
1786695720,2026-08-14T13:52:00,77990.21,77991.53,77975.88,77989.38,13163
1786695780,2026-08-14T13:53:00,77987.97,77992.11,77976.69,77988.23,9551
1786695840,2026-08-14T13:54:00,77993.11,78004.94,77990.37,77999.94,26602
1786695900,2026-08-14T13:55:00,77999.32,77999.32,77984.88,77985.15,8749
1786695960,2026-08-14T13:56:00,77985.31,77990.42,77979.47,77988.3,8141
1786696020,2026-08-14T13:57:00,77988.21,78002.57,77985.66,78002.57,8795
1786696080,2026-08-14T13:58:00,78001.28,78009.1,78000.14,78008.22,8650
1786696140,2026-08-14T13:59:00,78007.64,78023.43,78007.64,78018.61,14442
1786696200,2026-08-14T14:00:00,78017.6,78025.64,78013.25,78024.02,11221
1786696260,2026-08-14T14:01:00,78024.21,78041.19,78022.0,78029.52,21151
1786696320,2026-08-14T14:02:00,78029.21,78048.91,78029.21,78039.75,14578
1786696380,2026-08-14T14:03:00,78041.29,78048.45,78037.94,78040.28,25911
1786696440,2026-08-14T14:04:00,78040.28,78041.38,78014.45,78021.51,8639
1786696500,2026-08-14T14:05:00,78024.76,78030.82,78023.33,78026.01,14167
1786696560,2026-08-14T14:06:00,78023.39,78023.39,78009.74,78011.27,24200
1786696620,2026-08-14T14:07:00,78011.61,78015.83,78005.48,78005.48,10182
1786696680,2026-08-14T14:08:00,78006.76,78013.71,77998.11,78013.49,29533
1786696740,2026-08-14T14:09:00,78014.19,78023.02,78007.36,78011.12,50941
1786696800,2026-08-14T14:10:00,78013.22,78013.7,78002.79,78012.41,8630
1786696860,2026-08-14T14:11:00,78010.34,78014.45,77993.18,77993.18,9248
1786696920,2026-08-14T14:12:00,77993.18,78004.47,77988.9,77993.2,5835
1786696980,2026-08-14T14:13:00,77993.2,78004.92,77993.2,77996.87,42723
1786697040,2026-08-14T14:14:00,77994.42,77997.66,77984.14,77989.22,10273
1786697100,2026-08-14T14:15:00,77990.14,77996.73,77981.39,77993.35,15848
1786697160,2026-08-14T14:16:00,77992.95,78003.33,77988.36,78001.85,9675
1786697220,2026-08-14T14:17:00,78002.92,78006.43,77993.14,77995.25,9668
1786697280,2026-08-14T14:18:00,77995.25,77997.08,77977.63,77980.23,18116
1786697340,2026-08-14T14:19:00,77980.23,77987.28,77972.26,77976.25,25079
1786697400,2026-08-14T14:20:00,77976.38,77984.58,77967.09,77970.49,18417
1786697460,2026-08-14T14:21:00,77970.49,77973.79,77958.63,77958.63,35272
1786697520,2026-08-14T14:22:00,77958.88,77961.68,77945.41,77945.71,14098
1786697580,2026-08-14T14:23:00,77945.71,77954.32,77942.1,77953.3,7088
1786697640,2026-08-14T14:24:00,77948.68,77958.78,77946.67,77954.65,9573
1786697700,2026-08-14T14:25:00,77955.21,77965.48,77948.75,77961.76,10165
1786697760,2026-08-14T14:26:00,77960.2,77961.43,77951.3,77959.06,7809
1786697820,2026-08-14T14:27:00,77959.06,77959.14,77942.65,77948.62,15388
1786697880,2026-08-14T14:28:00,77948.77,77948.77,77933.34,77938.34,22000
1786697940,2026-08-14T14:29:00,77937.81,77943.88,77933.36,77941.68,12386
1786698000,2026-08-14T14:30:00,77943.15,77948.87,77929.09,77931.86,8189
1786698060,2026-08-14T14:31:00,77938.24,77942.84,77930.12,77940.02,11342
1786698120,2026-08-14T14:32:00,77940.38,77940.64,77930.23,77939.17,16683
1786698180,2026-08-14T14:33:00,77939.01,77945.83,77937.6,77941.27,13716
1786698240,2026-08-14T14:34:00,77941.44,77945.65,77931.91,77933.87,8779
1786698300,2026-08-14T14:35:00,77939.15,77943.05,77932.97,77941.11,13416
1786698360,2026-08-14T14:36:00,77941.26,77950.0,77938.7,77943.84,8278
1786698420,2026-08-14T14:37:00,77943.97,77944.83,77928.16,77928.31,29417
1786698480,2026-08-14T14:38:00,77928.72,77935.43,77924.9,77935.43,29786
1786698540,2026-08-14T14:39:00,77935.43,77939.64,77930.09,77933.25,9903
1786698600,2026-08-14T14:40:00,77935.0,77942.68,77930.61,77939.25,12629
1786698660,2026-08-14T14:41:00,77939.38,77952.8,77939.38,77942.92,19249
1786698720,2026-08-14T14:42:00,77940.34,77953.34,77938.88,77949.68,15039
1786698780,2026-08-14T14:43:00,77949.92,77953.74,77939.34,77948.84,9701
1786698840,2026-08-14T14:44:00,77951.16,77951.5,77934.14,77934.75,11190
1786698900,2026-08-14T14:45:00,77939.02,77948.22,77932.85,77942.34,33026
1786698960,2026-08-14T14:46:00,77943.69,77947.31,77932.12,77933.92,31082
1786699020,2026-08-14T14:47:00,77934.11,77934.63,77919.72,77926.39,12906
1786699080,2026-08-14T14:48:00,77923.85,77931.11,77918.91,77928.97,15160
1786699140,2026-08-14T14:49:00,77928.53,77928.53,77914.12,77918.42,11812
1786699200,2026-08-14T14:50:00,77919.33,77935.87,77919.33,77931.74,8566
1786699260,2026-08-14T14:51:00,77938.83,77960.78,77930.75,77960.72,19173
1786699320,2026-08-14T14:52:00,77960.72,77974.15,77960.72,77969.83,16131
1786699380,2026-08-14T14:53:00,77968.35,77982.06,77965.27,77973.24,15707
1786699440,2026-08-14T14:54:00,77974.45,77974.66,77962.61,77970.26,33642
1786699500,2026-08-14T14:55:00,77978.04,77984.51,77964.23,77971.98,25661
1786699560,2026-08-14T14:56:00,77971.21,77977.37,77968.83,77973.3,15305
1786699620,2026-08-14T14:57:00,77974.25,77979.54,77958.76,77958.76,30478
1786699680,2026-08-14T14:58:00,77960.76,77965.8,77950.11,77952.23,18680
1786699740,2026-08-14T14:59:00,77951.88,77956.84,77947.01,77947.86,18135
1786699800,2026-08-14T15:00:00,77944.75,77961.57,77937.82,77957.78,33665
1786699860,2026-08-14T15:01:00,77956.94,77979.13,77954.92,77979.13,23392
1786699920,2026-08-14T15:02:00,77979.39,77979.39,77967.49,77972.95,26426
1786699980,2026-08-14T15:03:00,77972.85,77975.03,77962.86,77967.41,26547
1786700040,2026-08-14T15:04:00,77966.92,77966.92,77945.78,77946.93,21092
1786700100,2026-08-14T15:05:00,77945.13,77951.81,77935.14,77947.53,28660
1786700160,2026-08-14T15:06:00,77945.66,77957.66,77924.26,77932.3,36243
1786700220,2026-08-14T15:07:00,77934.23,77954.8,77932.51,77953.47,19758
1786700280,2026-08-14T15:08:00,77952.01,77962.9,77946.49,77953.22,32156
1786700340,2026-08-14T15:09:00,77951.0,77962.92,77932.6,77939.85,21136
1786700400,2026-08-14T15:10:00,77939.87,77954.16,77939.16,77942.92,45982
1786700460,2026-08-14T15:11:00,77942.93,77951.26,77923.06,77935.93,21621
1786700520,2026-08-14T15:12:00,77932.42,77955.02,77928.78,77930.15,25700
1786700580,2026-08-14T15:13:00,77929.93,77968.39,77921.51,77947.77,42100
1786700640,2026-08-14T15:14:00,77941.45,77946.46,77877.44,77921.91,30301
1786700700,2026-08-14T15:15:00,77931.1,77931.1,77931.1,77931.1,30301
1786700760,2026-08-14T15:16:00,77931.1,77931.1,77931.1,77931.1,30301
1786700820,2026-08-14T15:17:00,77931.1,77931.1,77931.1,77931.1,30301
1786700880,2026-08-14T15:18:00,77931.1,77931.1,77931.1,77931.1,30301
1786700940,2026-08-14T15:19:00,77931.1,77931.1,77931.1,77931.1,30301
1786701000,2026-08-14T15:20:00,77931.1,77931.1,77931.1,77931.1,30301
1786701060,2026-08-14T15:21:00,77931.1,77931.1,77931.1,77931.1,30301
1786701120,2026-08-14T15:22:00,77931.1,77931.1,77931.1,77931.1,30301
1786701180,2026-08-14T15:23:00,77931.1,77931.1,77931.1,77931.1,30301
1786701240,2026-08-14T15:24:00,77931.1,77931.1,77931.1,77931.1,30301
1786701300,2026-08-14T15:25:00,77931.1,77931.1,77931.1,77931.1,30301
1786701360,2026-08-14T15:26:00,77931.1,77931.1,77931.1,77931.1,30301
1786701420,2026-08-14T15:27:00,77931.1,77931.1,77931.1,77931.1,30301
1786701480,2026-08-14T15:28:00,77931.1,77931.1,77931.1,77931.1,30301
1786701540,2026-08-14T15:29:00,77931.1,78009.25,77931.1,78009.25,30301
1786938300,2026-08-17T09:15:00,77892.92,77928.68,77711.61,77736.12,120220
1786938360,2026-08-17T09:16:00,77722.49,77736.56,77704.38,77704.58,69534
1786938420,2026-08-17T09:17:00,77706.42,77741.69,77679.14,77679.14,76364
1786938480,2026-08-17T09:18:00,77686.6,77696.28,77655.64,77686.44,50494
1786938540,2026-08-17T09:19:00,77688.6,77718.72,77679.24,77718.47,39328
1786938600,2026-08-17T09:20:00,77713.37,77724.07,77689.19,77713.5,34403
1786938660,2026-08-17T09:21:00,77716.0,77731.13,77713.52,77717.38,39937
1786938720,2026-08-17T09:22:00,77717.05,77717.84,77699.03,77705.5,34953
1786938780,2026-08-17T09:23:00,77704.4,77726.88,77684.41,77726.5,52006
1786938840,2026-08-17T09:24:00,77726.04,77733.45,77711.99,77718.49,31026
1786938900,2026-08-17T09:25:00,77722.13,77732.63,77707.65,77729.1,42947
1786938960,2026-08-17T09:26:00,77731.06,77753.44,77730.73,77739.51,29978
1786939020,2026-08-17T09:27:00,77745.68,77751.76,77716.68,77717.97,22730
1786939080,2026-08-17T09:28:00,77715.6,77734.88,77708.75,77720.57,26020
1786939140,2026-08-17T09:29:00,77720.15,77746.67,77713.18,77742.3,36834
1786939200,2026-08-17T09:30:00,77738.86,77740.92,77696.26,77698.21,29173
1786939260,2026-08-17T09:31:00,77696.79,77704.37,77679.57,77683.88,28821
1786939320,2026-08-17T09:32:00,77682.31,77697.39,77655.12,77655.12,27553
1786939380,2026-08-17T09:33:00,77661.01,77661.01,77640.97,77647.0,30376
1786939440,2026-08-17T09:34:00,77643.72,77660.76,77640.39,77653.32,16254
1786939500,2026-08-17T09:35:00,77653.32,77674.33,77652.75,77659.91,21471
1786939560,2026-08-17T09:36:00,77663.94,77684.42,77661.04,77684.42,62426
1786939620,2026-08-17T09:37:00,77684.67,77697.07,77667.47,77696.13,22717
1786939680,2026-08-17T09:38:00,77694.72,77701.29,77686.84,77693.23,22636
1786939740,2026-08-17T09:39:00,77694.03,77701.88,77675.05,77681.95,30577
1786939800,2026-08-17T09:40:00,77682.21,77699.8,77677.51,77699.8,22734
1786939860,2026-08-17T09:41:00,77699.63,77727.97,77699.63,77727.37,29479
1786939920,2026-08-17T09:42:00,77726.67,77744.19,77717.48,77719.77,14155
1786939980,2026-08-17T09:43:00,77719.83,77724.68,77710.43,77721.6,18430
1786940040,2026-08-17T09:44:00,77722.82,77723.21,77707.01,77712.47,20959
1786940100,2026-08-17T09:45:00,77708.73,77719.31,77706.87,77717.13,8750
1786940160,2026-08-17T09:46:00,77716.23,77717.83,77695.83,77695.83,24744
1786940220,2026-08-17T09:47:00,77697.08,77701.2,77682.05,77687.1,20475
1786940280,2026-08-17T09:48:00,77681.36,77697.23,77677.27,77697.23,12168
1786940340,2026-08-17T09:49:00,77697.23,77708.06,77694.17,77699.86,13750
1786940400,2026-08-17T09:50:00,77700.31,77722.25,77700.0,77719.82,25673
1786940460,2026-08-17T09:51:00,77720.21,77720.89,77704.5,77713.52,34165
1786940520,2026-08-17T09:52:00,77713.32,77718.47,77700.69,77701.12,13685
1786940580,2026-08-17T09:53:00,77701.08,77711.03,77691.59,77691.59,29158
1786940640,2026-08-17T09:54:00,77691.89,77706.6,77674.1,77697.35,18166
1786940700,2026-08-17T09:55:00,77700.72,77705.23,77691.38,77703.09,14455
1786940760,2026-08-17T09:56:00,77696.45,77697.18,77671.66,77682.08,67386
1786940820,2026-08-17T09:57:00,77674.89,77681.08,77660.75,77675.2,13367
1786940880,2026-08-17T09:58:00,77676.05,77676.79,77661.82,77667.01,13111
1786940940,2026-08-17T09:59:00,77667.01,77667.01,77640.81,77640.81,19520
1786941000,2026-08-17T10:00:00,77638.68,77650.25,77632.27,77634.76,8819
1786941060,2026-08-17T10:01:00,77634.68,77667.09,77630.17,77662.63,19884
1786941120,2026-08-17T10:02:00,77662.59,77676.57,77659.5,77664.93,12038
1786941180,2026-08-17T10:03:00,77664.93,77670.67,77645.43,77653.89,13834
1786941240,2026-08-17T10:04:00,77654.07,77669.08,77652.41,77661.97,15379
1786941300,2026-08-17T10:05:00,77660.65,77670.24,77656.76,77661.87,16047
1786941360,2026-08-17T10:06:00,77662.25,77683.28,77656.51,77682.52,12602
1786941420,2026-08-17T10:07:00,77683.28,77685.23,77658.19,77659.93,66243
1786941480,2026-08-17T10:08:00,77661.81,77663.93,77651.29,77654.49,17898
1786941540,2026-08-17T10:09:00,77659.87,77668.62,77656.5,77661.7,10881
1786941600,2026-08-17T10:10:00,77666.84,77668.79,77656.28,77661.05,15966
1786941660,2026-08-17T10:11:00,77661.05,77664.42,77635.93,77639.3,12750
1786941720,2026-08-17T10:12:00,77634.99,77637.7,77626.88,77635.05,15433
1786941780,2026-08-17T10:13:00,77634.07,77645.6,77629.56,77631.77,10950
1786941840,2026-08-17T10:14:00,77634.0,77647.74,77629.33,77641.5,9001
1786941900,2026-08-17T10:15:00,77643.15,77644.9,77631.06,77639.17,6697
1786941960,2026-08-17T10:16:00,77640.67,77645.8,77628.91,77634.96,13238
1786942020,2026-08-17T10:17:00,77634.96,77643.71,77600.66,77601.36,15951
1786942080,2026-08-17T10:18:00,77602.09,77602.56,77564.19,77568.28,20139
1786942140,2026-08-17T10:19:00,77572.12,77585.7,77567.58,77582.22,19797
1786942200,2026-08-17T10:20:00,77583.98,77588.11,77576.04,77581.61,19469
1786942260,2026-08-17T10:21:00,77580.3,77583.54,77575.3,77577.27,6257
1786942320,2026-08-17T10:22:00,77574.06,77583.87,77568.72,77570.57,10118
1786942380,2026-08-17T10:23:00,77570.95,77576.94,77560.39,77570.06,13261
1786942440,2026-08-17T10:24:00,77574.14,77576.95,77548.33,77550.92,14342
1786942500,2026-08-17T10:25:00,77547.97,77558.38,77547.97,77552.96,10445
1786942560,2026-08-17T10:26:00,77552.5,77563.68,77545.99,77554.91,15571
1786942620,2026-08-17T10:27:00,77552.72,77573.42,77552.16,77571.82,22451
1786942680,2026-08-17T10:28:00,77568.85,77582.53,77567.36,77581.2,11481
1786942740,2026-08-17T10:29:00,77581.21,77587.44,77573.91,77583.9,28731
1786942800,2026-08-17T10:30:00,77583.83,77583.83,77570.12,77573.98,15691
1786942860,2026-08-17T10:31:00,77573.94,77577.83,77557.21,77557.21,16711
1786942920,2026-08-17T10:32:00,77557.89,77567.3,77552.95,77557.61,10767
1786942980,2026-08-17T10:33:00,77558.35,77573.92,77551.94,77553.81,30698
1786943040,2026-08-17T10:34:00,77553.81,77559.1,77544.68,77552.35,8351
1786943100,2026-08-17T10:35:00,77552.04,77560.71,77539.85,77559.67,16939
1786943160,2026-08-17T10:36:00,77563.37,77563.37,77548.02,77556.42,3609
1786943220,2026-08-17T10:37:00,77556.42,77562.56,77545.73,77554.29,59107
1786943280,2026-08-17T10:38:00,77554.85,77561.23,77547.04,77547.7,10679
1786943340,2026-08-17T10:39:00,77548.34,77555.78,77544.29,77544.29,8677
1786943400,2026-08-17T10:40:00,77544.29,77558.3,77544.29,77554.5,10356
1786943460,2026-08-17T10:41:00,77555.08,77556.32,77535.61,77540.79,10703
1786943520,2026-08-17T10:42:00,77541.39,77543.68,77513.88,77515.24,27901
1786943580,2026-08-17T10:43:00,77517.75,77522.66,77496.9,77499.13,31749
1786943640,2026-08-17T10:44:00,77499.24,77508.16,77492.8,77508.16,30378
1786943700,2026-08-17T10:45:00,77505.68,77506.21,77479.82,77486.41,14503
1786943760,2026-08-17T10:46:00,77485.3,77489.52,77468.19,77489.26,16095
1786943820,2026-08-17T10:47:00,77488.98,77494.81,77476.73,77476.73,17300
1786943880,2026-08-17T10:48:00,77474.37,77485.96,77471.91,77485.96,9695
1786943940,2026-08-17T10:49:00,77486.8,77509.82,77486.68,77509.82,6446
1786944000,2026-08-17T10:50:00,77510.75,77515.15,77505.71,77515.15,12943
1786944060,2026-08-17T10:51:00,77515.15,77519.75,77508.27,77515.68,11237
1786944120,2026-08-17T10:52:00,77514.0,77521.64,77505.32,77521.64,15375
1786944180,2026-08-17T10:53:00,77521.64,77529.49,77514.37,77527.19,12493
1786944240,2026-08-17T10:54:00,77527.19,77527.19,77513.72,77517.28,11424
1786944300,2026-08-17T10:55:00,77517.93,77523.12,77504.48,77507.04,12793
1786944360,2026-08-17T10:56:00,77508.11,77522.47,77505.04,77521.91,8401
1786944420,2026-08-17T10:57:00,77520.73,77532.75,77515.52,77532.75,11051
1786944480,2026-08-17T10:58:00,77535.53,77535.53,77519.64,77527.15,5837
1786944540,2026-08-17T10:59:00,77526.98,77528.47,77505.81,77509.36,41774
1786944600,2026-08-17T11:00:00,77513.69,77513.69,77492.15,77496.48,17675
1786944660,2026-08-17T11:01:00,77496.7,77502.99,77490.88,77490.88,10448
1786944720,2026-08-17T11:02:00,77490.5,77498.85,77488.26,77488.26,10615
1786944780,2026-08-17T11:03:00,77487.96,77503.19,77487.57,77501.36,37528
1786944840,2026-08-17T11:04:00,77502.9,77523.84,77499.6,77511.95,13339
1786944900,2026-08-17T11:05:00,77514.52,77516.52,77486.83,77495.65,25893
1786944960,2026-08-17T11:06:00,77496.47,77499.4,77485.6,77489.06,7624
1786945020,2026-08-17T11:07:00,77489.06,77494.02,77475.16,77488.14,9123
1786945080,2026-08-17T11:08:00,77486.45,77496.95,77482.15,77492.12,11519
1786945140,2026-08-17T11:09:00,77491.94,77498.74,77490.38,77493.29,16906
1786945200,2026-08-17T11:10:00,77490.97,77491.46,77477.04,77484.09,9519
1786945260,2026-08-17T11:11:00,77482.59,77492.46,77476.15,77483.82,16427
1786945320,2026-08-17T11:12:00,77485.05,77493.32,77478.22,77489.18,8045
1786945380,2026-08-17T11:13:00,77489.39,77492.13,77478.89,77487.31,13941
1786945440,2026-08-17T11:14:00,77488.25,77496.64,77484.53,77486.25,327947
1786945500,2026-08-17T11:15:00,77486.06,77492.73,77477.69,77492.41,5850
1786945560,2026-08-17T11:16:00,77492.24,77492.24,77472.05,77482.7,16008
1786945620,2026-08-17T11:17:00,77480.68,77491.72,77480.68,77488.01,11039
1786945680,2026-08-17T11:18:00,77487.54,77496.59,77477.6,77496.59,9020
1786945740,2026-08-17T11:19:00,77496.59,77496.59,77480.07,77483.87,30994
1786945800,2026-08-17T11:20:00,77482.29,77489.68,77474.64,77484.59,6666
1786945860,2026-08-17T11:21:00,77483.95,77485.11,77471.42,77483.55,132693
1786945920,2026-08-17T11:22:00,77481.81,77484.88,77467.92,77474.03,221509
1786945980,2026-08-17T11:23:00,77471.21,77475.09,77461.13,77464.53,7091
1786946040,2026-08-17T11:24:00,77463.25,77469.55,77456.35,77458.94,3889
1786946100,2026-08-17T11:25:00,77456.79,77471.84,77453.75,77464.68,6375
1786946160,2026-08-17T11:26:00,77464.68,77511.96,77460.63,77506.52,18644
1786946220,2026-08-17T11:27:00,77501.93,77511.61,77496.05,77511.36,6036
1786946280,2026-08-17T11:28:00,77511.28,77512.19,77497.79,77499.01,9086
1786946340,2026-08-17T11:29:00,77499.31,77506.8,77491.72,77492.12,17328
1786946400,2026-08-17T11:30:00,77494.89,77501.11,77488.37,77491.8,5793
1786946460,2026-08-17T11:31:00,77490.31,77502.21,77481.44,77481.44,9993
1786946520,2026-08-17T11:32:00,77485.33,77505.36,77470.53,77504.95,12331
1786946580,2026-08-17T11:33:00,77507.18,77507.18,77493.67,77496.55,3538
1786946640,2026-08-17T11:34:00,77493.93,77502.96,77492.75,77495.0,5150
1786946700,2026-08-17T11:35:00,77494.15,77512.09,77494.15,77510.53,9790
1786946760,2026-08-17T11:36:00,77508.95,77517.93,77503.21,77503.29,13508
1786946820,2026-08-17T11:37:00,77499.88,77515.8,77498.1,77514.92,5624
1786946880,2026-08-17T11:38:00,77512.26,77512.26,77499.77,77508.55,10307
1786946940,2026-08-17T11:39:00,77508.26,77510.54,77489.59,77490.11,6653
1786947000,2026-08-17T11:40:00,77489.7,77504.91,77482.91,77502.46,6290
1786947060,2026-08-17T11:41:00,77502.38,77507.91,77497.56,77499.89,35883
1786947120,2026-08-17T11:42:00,77504.39,77513.85,77493.02,77493.02,40216
1786947180,2026-08-17T11:43:00,77494.35,77510.46,77488.95,77508.17,8497
1786947240,2026-08-17T11:44:00,77508.38,77513.39,77498.64,77503.5,8917
1786947300,2026-08-17T11:45:00,77505.54,77513.25,77504.81,77508.31,8044
1786947360,2026-08-17T11:46:00,77508.05,77511.83,77495.09,77502.69,14003
1786947420,2026-08-17T11:47:00,77500.64,77531.87,77500.64,77531.63,30859
1786947480,2026-08-17T11:48:00,77532.96,77543.85,77524.18,77543.85,57782
1786947540,2026-08-17T11:49:00,77543.55,77555.28,77534.23,77550.61,6169
1786947600,2026-08-17T11:50:00,77552.01,77575.78,77541.97,77575.78,336446
1786947660,2026-08-17T11:51:00,77576.57,77586.96,77572.84,77582.21,9393
1786947720,2026-08-17T11:52:00,77582.09,77604.9,77582.09,77599.55,7586
1786947780,2026-08-17T11:53:00,77603.33,77607.18,77568.18,77579.74,27370
1786947840,2026-08-17T11:54:00,77580.41,77583.43,77570.11,77574.45,7984
1786947900,2026-08-17T11:55:00,77574.45,77600.86,77573.36,77598.67,20069
1786947960,2026-08-17T11:56:00,77598.38,77615.07,77598.38,77606.49,9788
1786948020,2026-08-17T11:57:00,77606.49,77606.66,77596.56,77596.56,6909
1786948080,2026-08-17T11:58:00,77597.44,77606.52,77584.02,77603.47,14889
1786948140,2026-08-17T11:59:00,77600.9,77607.7,77596.21,77600.65,6629
1786948200,2026-08-17T12:00:00,77600.92,77617.07,77596.63,77608.62,11086
1786948260,2026-08-17T12:01:00,77608.62,77614.32,77599.46,77612.56,9052
1786948320,2026-08-17T12:02:00,77613.2,77613.64,77599.13,77607.41,15518
1786948380,2026-08-17T12:03:00,77607.41,77619.4,77606.14,77607.12,7827
1786948440,2026-08-17T12:04:00,77607.75,77612.06,77584.13,77584.13,31473
1786948500,2026-08-17T12:05:00,77585.42,77600.77,77585.42,77593.96,5011
1786948560,2026-08-17T12:06:00,77593.96,77596.92,77583.89,77583.89,19055
1786948620,2026-08-17T12:07:00,77579.56,77587.97,77574.67,77587.29,11235
1786948680,2026-08-17T12:08:00,77586.74,77592.09,77577.15,77578.76,23669
1786948740,2026-08-17T12:09:00,77578.79,77586.63,77578.61,77583.22,9631
1786948800,2026-08-17T12:10:00,77583.22,77603.48,77578.96,77603.48,2826
1786948860,2026-08-17T12:11:00,77601.1,77601.1,77557.23,77561.51,7881
1786948920,2026-08-17T12:12:00,77561.48,77584.74,77557.49,77584.74,8607
1786948980,2026-08-17T12:13:00,77587.78,77589.95,77576.02,77588.43,13621
1786949040,2026-08-17T12:14:00,77584.88,77613.04,77584.88,77610.53,11684
1786949100,2026-08-17T12:15:00,77610.56,77613.94,77600.84,77611.11,7840
1786949160,2026-08-17T12:16:00,77611.11,77619.8,77606.57,77617.72,5796
1786949220,2026-08-17T12:17:00,77620.37,77647.68,77618.89,77643.73,9436
1786949280,2026-08-17T12:18:00,77642.69,77647.56,77633.0,77637.99,11235
1786949340,2026-08-17T12:19:00,77644.43,77659.7,77642.27,77658.49,8020
1786949400,2026-08-17T12:20:00,77654.86,77659.69,77646.97,77651.74,7383
1786949460,2026-08-17T12:21:00,77653.5,77653.5,77641.72,77647.03,3862
1786949520,2026-08-17T12:22:00,77646.85,77651.36,77640.66,77649.59,4070
1786949580,2026-08-17T12:23:00,77650.12,77652.72,77643.96,77649.57,5747
1786949640,2026-08-17T12:24:00,77650.28,77658.63,77643.89,77654.53,6021
1786949700,2026-08-17T12:25:00,77655.05,77659.62,77648.81,77649.43,254251
1786949760,2026-08-17T12:26:00,77648.79,77660.61,77648.79,77653.82,9572
1786949820,2026-08-17T12:27:00,77656.97,77668.14,77655.14,77668.14,3927
1786949880,2026-08-17T12:28:00,77671.29,77675.28,77663.4,77666.31,10003
1786949940,2026-08-17T12:29:00,77666.19,77673.63,77660.1,77662.36,13114
1786950000,2026-08-17T12:30:00,77662.36,77673.03,77654.42,77663.65,4438
1786950060,2026-08-17T12:31:00,77664.7,77669.14,77653.88,77657.32,3101
1786950120,2026-08-17T12:32:00,77657.32,77680.96,77655.21,77677.37,18064
1786950180,2026-08-17T12:33:00,77677.37,77687.85,77670.37,77686.44,7764
1786950240,2026-08-17T12:34:00,77685.74,77701.69,77685.74,77691.74,28559
1786950300,2026-08-17T12:35:00,77690.93,77690.93,77681.44,77689.08,7567
1786950360,2026-08-17T12:36:00,77689.17,77703.61,77686.22,77698.95,13113
1786950420,2026-08-17T12:37:00,77697.53,77717.89,77695.6,77717.59,15901
1786950480,2026-08-17T12:38:00,77713.59,77726.97,77710.4,77710.4,506657
1786950540,2026-08-17T12:39:00,77710.4,77710.92,77702.82,77707.7,7704
1786950600,2026-08-17T12:40:00,77708.55,77712.33,77698.89,77712.33,5898
1786950660,2026-08-17T12:41:00,77712.19,77719.17,77703.85,77716.8,8665
1786950720,2026-08-17T12:42:00,77714.83,77720.43,77709.17,77718.69,5614
1786950780,2026-08-17T12:43:00,77721.25,77729.56,77711.64,77713.6,10905
1786950840,2026-08-17T12:44:00,77709.33,77729.57,77709.33,77721.89,12080
1786950900,2026-08-17T12:45:00,77721.89,77743.21,77721.89,77741.11,13521
1786950960,2026-08-17T12:46:00,77741.11,77787.45,77738.42,77787.45,52211
1786951020,2026-08-17T12:47:00,77789.4,77809.08,77789.4,77802.65,22685
1786951080,2026-08-17T12:48:00,77802.86,77802.86,77780.4,77782.62,36789
1786951140,2026-08-17T12:49:00,77783.32,77789.87,77775.98,77788.25,9313
1786951200,2026-08-17T12:50:00,77788.4,77799.84,77785.55,77798.32,19456
1786951260,2026-08-17T12:51:00,77799.35,77815.08,77790.45,77811.76,29424
1786951320,2026-08-17T12:52:00,77814.44,77830.13,77810.24,77818.32,13569
1786951380,2026-08-17T12:53:00,77820.32,77831.09,77808.4,77809.38,16736
1786951440,2026-08-17T12:54:00,77807.85,77812.66,77797.35,77809.28,8568
1786951500,2026-08-17T12:55:00,77809.28,77817.36,77805.79,77817.3,13355
1786951560,2026-08-17T12:56:00,77815.9,77817.25,77790.01,77801.42,13740
1786951620,2026-08-17T12:57:00,77801.42,77802.55,77778.91,77792.13,12777
1786951680,2026-08-17T12:58:00,77788.24,77796.59,77788.24,77794.13,12341
1786951740,2026-08-17T12:59:00,77795.44,77825.77,77795.44,77824.74,11054
1786951800,2026-08-17T13:00:00,77824.74,77873.18,77824.74,77868.75,21522
1786951860,2026-08-17T13:01:00,77866.66,77866.66,77846.09,77856.04,14161
1786951920,2026-08-17T13:02:00,77856.04,77886.02,77855.97,77885.05,17570
1786951980,2026-08-17T13:03:00,77884.37,77895.67,77880.79,77893.87,23460
1786952040,2026-08-17T13:04:00,77892.24,77893.58,77862.85,77870.33,11529
1786952100,2026-08-17T13:05:00,77871.73,77882.08,77867.75,77877.17,16915
1786952160,2026-08-17T13:06:00,77882.96,77882.96,77859.37,77867.21,23251
1786952220,2026-08-17T13:07:00,77862.64,77869.53,77857.14,77865.88,26375
1786952280,2026-08-17T13:08:00,77864.52,77864.88,77852.14,77862.4,8334
1786952340,2026-08-17T13:09:00,77862.4,77864.67,77832.86,77846.19,21771
1786952400,2026-08-17T13:10:00,77841.69,77852.66,77839.9,77843.1,27950
1786952460,2026-08-17T13:11:00,77843.1,77853.87,77830.55,77850.74,13309
1786952520,2026-08-17T13:12:00,77849.64,77874.59,77848.86,77874.59,6380
1786952580,2026-08-17T13:13:00,77873.35,77882.97,77869.54,77881.24,11597
1786952640,2026-08-17T13:14:00,77880.45,77881.59,77866.58,77876.39,10848
1786952700,2026-08-17T13:15:00,77870.66,77887.91,77868.0,77887.41,50207
1786952760,2026-08-17T13:16:00,77888.02,77893.87,77873.08,77873.27,14352
1786952820,2026-08-17T13:17:00,77870.35,77880.1,77868.88,77876.09,10865
1786952880,2026-08-17T13:18:00,77876.08,77876.08,77856.33,77857.46,8964
1786952940,2026-08-17T13:19:00,77857.74,77875.65,77857.74,77872.63,21444
1786953000,2026-08-17T13:20:00,77868.77,77877.23,77868.77,77877.03,21738
1786953060,2026-08-17T13:21:00,77877.45,77877.45,77864.87,77871.09,11304
1786953120,2026-08-17T13:22:00,77873.66,77876.88,77858.77,77858.77,26918
1786953180,2026-08-17T13:23:00,77859.78,77861.41,77843.89,77855.59,4989
1786953240,2026-08-17T13:24:00,77857.16,77862.4,77843.61,77862.4,13344
1786953300,2026-08-17T13:25:00,77863.44,77863.44,77846.23,77854.78,25877
1786953360,2026-08-17T13:26:00,77853.29,77873.47,77849.58,77862.96,12125
1786953420,2026-08-17T13:27:00,77863.69,77883.39,77856.39,77876.61,16716
1786953480,2026-08-17T13:28:00,77876.61,77889.09,77875.62,77884.12,11750
1786953540,2026-08-17T13:29:00,77883.52,77888.41,77878.03,77884.68,7970
1786953600,2026-08-17T13:30:00,77884.51,77888.32,77877.21,77879.51,9445
1786953660,2026-08-17T13:31:00,77880.85,77888.58,77875.64,77884.13,42003
1786953720,2026-08-17T13:32:00,77884.13,77893.07,77881.98,77888.08,5455
1786953780,2026-08-17T13:33:00,77886.85,77888.54,77861.41,77865.29,20454
1786953840,2026-08-17T13:34:00,77865.8,77875.51,77859.88,77874.98,12990
1786953900,2026-08-17T13:35:00,77871.12,77878.52,77859.0,77859.0,8742
1786953960,2026-08-17T13:36:00,77859.82,77859.82,77843.88,77851.69,11334
1786954020,2026-08-17T13:37:00,77851.68,77863.05,77846.91,77850.55,8274
1786954080,2026-08-17T13:38:00,77851.5,77865.79,77844.76,77865.79,6758
1786954140,2026-08-17T13:39:00,77865.34,77872.29,77857.4,77861.93,9414
1786954200,2026-08-17T13:40:00,77861.73,77864.14,77851.62,77856.65,15150
1786954260,2026-08-17T13:41:00,77857.56,77866.15,77852.45,77861.94,12744
1786954320,2026-08-17T13:42:00,77864.78,77895.47,77862.33,77890.5,20974
1786954380,2026-08-17T13:43:00,77890.97,77893.49,77882.81,77884.86,10598
1786954440,2026-08-17T13:44:00,77884.72,77893.08,77880.1,77888.98,8499
1786954500,2026-08-17T13:45:00,77889.55,77894.02,77878.91,77892.21,3275
1786954560,2026-08-17T13:46:00,77891.45,77902.59,77881.72,77881.72,7000
1786954620,2026-08-17T13:47:00,77881.72,77893.04,77880.14,77887.57,5371
1786954680,2026-08-17T13:48:00,77889.31,77889.31,77861.54,77861.91,6168
1786954740,2026-08-17T13:49:00,77860.58,77867.78,77840.54,77849.34,5394
1786954800,2026-08-17T13:50:00,77848.64,77855.36,77841.69,77842.87,10435
1786954860,2026-08-17T13:51:00,77842.87,77844.83,77831.26,77834.18,14348
1786954920,2026-08-17T13:52:00,77836.93,77841.87,77832.58,77832.96,11683
1786954980,2026-08-17T13:53:00,77833.05,77847.25,77832.28,77837.27,10949
1786955040,2026-08-17T13:54:00,77836.34,77845.59,77828.36,77840.39,6588
1786955100,2026-08-17T13:55:00,77839.4,77851.34,77835.14,77835.14,22989
1786955160,2026-08-17T13:56:00,77838.67,77839.7,77821.67,77833.8,6585
1786955220,2026-08-17T13:57:00,77835.13,77835.13,77813.42,77817.8,7027
1786955280,2026-08-17T13:58:00,77817.8,77830.49,77815.38,77822.34,6528
1786955340,2026-08-17T13:59:00,77822.34,77844.5,77822.34,77839.44,8751
1786955400,2026-08-17T14:00:00,77840.22,77846.61,77827.05,77833.9,3761
1786955460,2026-08-17T14:01:00,77836.31,77846.02,77832.2,77839.85,42742
1786955520,2026-08-17T14:02:00,77841.18,77866.8,77839.68,77852.66,9071
1786955580,2026-08-17T14:03:00,77853.98,77856.56,77842.75,77842.75,5429
1786955640,2026-08-17T14:04:00,77841.97,77850.81,77835.82,77850.81,24087
1786955700,2026-08-17T14:05:00,77850.47,77860.24,77843.54,77857.9,11211
1786955760,2026-08-17T14:06:00,77854.31,77863.42,77847.95,77857.8,5068
1786955820,2026-08-17T14:07:00,77858.18,77858.82,77840.28,77841.13,5733
1786955880,2026-08-17T14:08:00,77841.13,77848.39,77837.52,77846.91,3886
1786955940,2026-08-17T14:09:00,77848.04,77854.56,77839.54,77847.99,5289
1786956000,2026-08-17T14:10:00,77847.58,77847.58,77838.06,77839.03,8259
1786956060,2026-08-17T14:11:00,77834.67,77843.24,77832.64,77833.19,10079
1786956120,2026-08-17T14:12:00,77832.19,77832.19,77815.74,77822.16,13225
1786956180,2026-08-17T14:13:00,77824.38,77830.17,77809.32,77809.32,23689
1786956240,2026-08-17T14:14:00,77809.32,77812.22,77799.97,77806.41,13053
1786956300,2026-08-17T14:15:00,77806.85,77812.13,77795.93,77797.96,8347
1786956360,2026-08-17T14:16:00,77797.96,77815.59,77795.59,77815.4,99782
1786956420,2026-08-17T14:17:00,77816.28,77818.98,77807.5,77812.95,8511
1786956480,2026-08-17T14:18:00,77817.15,77838.87,77817.15,77838.87,11268
1786956540,2026-08-17T14:19:00,77837.84,77847.43,77832.89,77844.22,4861
1786956600,2026-08-17T14:20:00,77842.49,77843.12,77815.22,77828.84,3128
1786956660,2026-08-17T14:21:00,77829.72,77829.72,77816.31,77819.7,9514
1786956720,2026-08-17T14:22:00,77819.7,77819.7,77796.14,77805.24,12098
1786956780,2026-08-17T14:23:00,77805.24,77811.97,77789.85,77792.45,9879
1786956840,2026-08-17T14:24:00,77796.31,77803.04,77788.08,77790.07,5137
1786956900,2026-08-17T14:25:00,77790.07,77796.53,77785.14,77785.42,4454
1786956960,2026-08-17T14:26:00,77787.39,77801.53,77780.65,77796.4,6677
1786957020,2026-08-17T14:27:00,77798.28,77804.32,77778.58,77789.03,9917
1786957080,2026-08-17T14:28:00,77789.91,77794.98,77784.22,77785.82,11372
1786957140,2026-08-17T14:29:00,77788.27,77796.35,77784.74,77788.16,12500
1786957200,2026-08-17T14:30:00,77792.66,77806.38,77792.06,77799.56,6285
1786957260,2026-08-17T14:31:00,77797.89,77803.41,77789.92,77796.38,6210
1786957320,2026-08-17T14:32:00,77798.16,77802.5,77790.09,77799.97,7562
1786957380,2026-08-17T14:33:00,77798.07,77807.43,77794.17,77801.76,7777
1786957440,2026-08-17T14:34:00,77804.62,77808.21,77797.77,77803.08,4721
1786957500,2026-08-17T14:35:00,77805.06,77806.17,77784.6,77790.08,9243
1786957560,2026-08-17T14:36:00,77790.08,77790.08,77769.04,77772.93,17776
1786957620,2026-08-17T14:37:00,77774.32,77791.8,77773.75,77788.07,9757
1786957680,2026-08-17T14:38:00,77781.57,77793.86,77777.17,77778.5,21191
1786957740,2026-08-17T14:39:00,77782.75,77799.01,77775.62,77799.01,11577
1786957800,2026-08-17T14:40:00,77801.48,77811.97,77790.7,77808.91,5006
1786957860,2026-08-17T14:41:00,77809.18,77823.16,77808.53,77818.5,18255
1786957920,2026-08-17T14:42:00,77819.26,77833.23,77813.9,77831.79,15044
1786957980,2026-08-17T14:43:00,77831.9,77833.68,77822.16,77822.36,19692
1786958040,2026-08-17T14:44:00,77822.36,77828.0,77816.42,77820.55,19184
1786958100,2026-08-17T14:45:00,77822.81,77825.89,77810.83,77810.83,8823
1786958160,2026-08-17T14:46:00,77810.83,77824.71,77810.83,77816.87,6464
1786958220,2026-08-17T14:47:00,77819.05,77820.97,77804.69,77814.06,17412
1786958280,2026-08-17T14:48:00,77814.06,77839.28,77810.57,77838.33,14617
1786958340,2026-08-17T14:49:00,77836.04,77838.23,77826.06,77832.84,10884
1786958400,2026-08-17T14:50:00,77832.35,77857.57,77825.7,77857.57,19113
1786958460,2026-08-17T14:51:00,77855.95,77857.77,77830.75,77830.75,17447
1786958520,2026-08-17T14:52:00,77828.76,77839.94,77822.13,77829.77,23528
1786958580,2026-08-17T14:53:00,77828.68,77830.87,77819.02,77829.0,15867
1786958640,2026-08-17T14:54:00,77828.85,77855.51,77828.85,77853.9,146551
1786958700,2026-08-17T14:55:00,77853.59,77855.24,77841.5,77847.66,78423
1786958760,2026-08-17T14:56:00,77844.66,77858.7,77843.69,77852.9,12086
1786958820,2026-08-17T14:57:00,77847.59,77849.6,77830.88,77830.88,29898
1786958880,2026-08-17T14:58:00,77828.88,77841.04,77817.2,77841.04,78414
1786958940,2026-08-17T14:59:00,77834.39,77841.66,77831.45,77841.66,28387
1786959000,2026-08-17T15:00:00,77841.48,77841.48,77822.59,77825.3,37321
1786959060,2026-08-17T15:01:00,77824.88,77835.51,77819.14,77833.35,346706
1786959120,2026-08-17T15:02:00,77832.89,77866.21,77832.89,77862.0,43550
1786959180,2026-08-17T15:03:00,77864.42,77894.06,77864.42,77894.06,40149
1786959240,2026-08-17T15:04:00,77895.06,77895.06,77877.89,77888.56,32720
1786959300,2026-08-17T15:05:00,77888.56,77888.69,77851.06,77851.06,31238
1786959360,2026-08-17T15:06:00,77854.66,77866.9,77843.57,77865.39,30134
1786959420,2026-08-17T15:07:00,77864.53,77873.52,77850.28,77863.53,31851
1786959480,2026-08-17T15:08:00,77863.87,77889.21,77860.41,77884.63,62596
1786959540,2026-08-17T15:09:00,77884.94,77888.0,77864.49,77871.8,41649
1786959600,2026-08-17T15:10:00,77869.38,77891.62,77858.58,77876.47,21349
1786959660,2026-08-17T15:11:00,77876.53,77904.53,77868.27,77904.53,161429
1786959720,2026-08-17T15:12:00,77894.62,77903.45,77871.5,77891.91,32560
1786959780,2026-08-17T15:13:00,77888.1,77916.87,77871.12,77893.83,37858
1786959840,2026-08-17T15:14:00,77899.18,77906.16,77807.46,77844.43,58700
1786959900,2026-08-17T15:15:00,77844.43,77844.43,77844.43,77844.43,58700
1786959960,2026-08-17T15:16:00,77844.43,77844.43,77844.43,77844.43,58700
1786960020,2026-08-17T15:17:00,77844.43,77844.43,77844.43,77844.43,58700
1786960080,2026-08-17T15:18:00,77844.43,77844.43,77844.43,77844.43,58700
1786960140,2026-08-17T15:19:00,77844.43,77844.43,77844.43,77844.43,58700
1786960200,2026-08-17T15:20:00,77844.43,77844.43,77844.43,77844.43,58700
1786960260,2026-08-17T15:21:00,77844.43,77844.43,77844.43,77844.43,58700
1786960320,2026-08-17T15:22:00,77844.43,77844.43,77844.43,77844.43,58700
1786960380,2026-08-17T15:23:00,77844.43,77844.43,77844.43,77844.43,58700
1786960440,2026-08-17T15:24:00,77844.43,77844.43,77844.43,77844.43,58700
1786960500,2026-08-17T15:25:00,77844.43,77844.43,77844.43,77844.43,58700
1786960560,2026-08-17T15:26:00,77844.43,77844.43,77844.43,77844.43,58700
1786960620,2026-08-17T15:27:00,77844.43,77844.43,77844.43,77844.43,58700
1786960680,2026-08-17T15:28:00,77844.43,77844.43,77728.16,77728.16,58700
1786960740,2026-08-17T15:29:00,77728.16,77728.16,77728.16,77728.16,58700
1787024700,2026-08-18T09:15:00,77409.48,77526.1,77362.19,77509.29,161748
1787024760,2026-08-18T09:16:00,77510.96,77538.48,77481.78,77481.78,93852
1787024820,2026-08-18T09:17:00,77476.04,77478.23,77448.01,77456.89,71331
1787024880,2026-08-18T09:18:00,77454.69,77476.23,77453.2,77467.76,62734
1787024940,2026-08-18T09:19:00,77470.39,77482.26,77458.45,77481.72,67579
1787025000,2026-08-18T09:20:00,77490.56,77490.56,77451.6,77466.88,79726
1787025060,2026-08-18T09:21:00,77468.29,77476.53,77447.68,77463.15,66218
1787025120,2026-08-18T09:22:00,77461.01,77463.41,77442.4,77444.47,55013
1787025180,2026-08-18T09:23:00,77441.32,77480.6,77439.01,77475.05,48708
1787025240,2026-08-18T09:24:00,77475.23,77505.67,77473.07,77501.57,51033
1787025300,2026-08-18T09:25:00,77500.07,77510.91,77493.39,77507.1,44893
1787025360,2026-08-18T09:26:00,77509.09,77567.94,77509.09,77565.17,41040
1787025420,2026-08-18T09:27:00,77568.07,77575.21,77548.64,77553.51,108524
1787025480,2026-08-18T09:28:00,77547.09,77547.09,77505.43,77505.43,54087
1787025540,2026-08-18T09:29:00,77505.29,77522.04,77501.01,77505.62,58844
1787025600,2026-08-18T09:30:00,77499.32,77500.54,77451.39,77456.52,44781
1787025660,2026-08-18T09:31:00,77451.54,77468.27,77436.75,77442.79,41733
1787025720,2026-08-18T09:32:00,77442.56,77442.89,77419.06,77430.37,43800
1787025780,2026-08-18T09:33:00,77434.3,77436.08,77425.85,77432.28,40435
1787025840,2026-08-18T09:34:00,77437.8,77469.89,77437.8,77460.37,25283
1787025900,2026-08-18T09:35:00,77466.43,77467.69,77453.86,77462.15,38190
1787025960,2026-08-18T09:36:00,77461.56,77503.94,77456.59,77503.94,18276
1787026020,2026-08-18T09:37:00,77504.75,77508.65,77492.24,77497.7,30166
1787026080,2026-08-18T09:38:00,77496.35,77501.56,77471.24,77475.36,22265
1787026140,2026-08-18T09:39:00,77478.75,77514.08,77468.32,77512.27,37543
1787026200,2026-08-18T09:40:00,77512.98,77518.31,77501.89,77501.89,22876
1787026260,2026-08-18T09:41:00,77500.1,77512.43,77492.96,77500.44,29043
1787026320,2026-08-18T09:42:00,77505.91,77506.28,77470.02,77480.12,14468
1787026380,2026-08-18T09:43:00,77480.37,77486.44,77463.97,77469.39,13363
1787026440,2026-08-18T09:44:00,77469.7,77472.08,77437.89,77438.3,55123
1787026500,2026-08-18T09:45:00,77435.98,77443.22,77410.11,77422.58,23399
1787026560,2026-08-18T09:46:00,77425.42,77431.17,77407.02,77412.47,54777
1787026620,2026-08-18T09:47:00,77409.94,77424.93,77409.94,77420.37,29408
1787026680,2026-08-18T09:48:00,77421.4,77453.22,77421.4,77448.01,21929
1787026740,2026-08-18T09:49:00,77448.85,77459.16,77447.76,77451.92,12285
1787026800,2026-08-18T09:50:00,77451.52,77454.6,77441.88,77449.13,17855
1787026860,2026-08-18T09:51:00,77448.78,77455.2,77437.05,77439.29,19894
1787026920,2026-08-18T09:52:00,77436.59,77450.1,77436.0,77443.82,27832
1787026980,2026-08-18T09:53:00,77445.0,77474.36,77445.0,77474.36,17684
1787027040,2026-08-18T09:54:00,77475.93,77479.64,77462.54,77464.4,23040
1787027100,2026-08-18T09:55:00,77464.49,77464.49,77438.01,77442.13,15924
1787027160,2026-08-18T09:56:00,77434.84,77449.73,77423.77,77438.61,27571
1787027220,2026-08-18T09:57:00,77438.22,77454.91,77435.65,77447.57,15080
1787027280,2026-08-18T09:58:00,77448.58,77448.58,77422.97,77427.07,9594
1787027340,2026-08-18T09:59:00,77429.17,77453.02,77425.25,77452.3,47654
1787027400,2026-08-18T10:00:00,77455.46,77455.46,77421.64,77423.75,14481
1787027460,2026-08-18T10:01:00,77423.97,77431.15,77410.9,77411.58,214432
1787027520,2026-08-18T10:02:00,77410.39,77412.55,77400.28,77403.23,72884
1787027580,2026-08-18T10:03:00,77402.34,77403.62,77382.81,77398.5,25811
1787027640,2026-08-18T10:04:00,77397.45,77419.87,77390.36,77416.45,21077
1787027700,2026-08-18T10:05:00,77416.04,77425.08,77405.65,77414.31,15965
1787027760,2026-08-18T10:06:00,77415.05,77427.22,77412.98,77417.98,18265
1787027820,2026-08-18T10:07:00,77419.46,77425.84,77413.17,77415.94,14056
1787027880,2026-08-18T10:08:00,77416.19,77421.88,77409.2,77411.16,13592
1787027940,2026-08-18T10:09:00,77411.16,77419.08,77405.21,77412.95,22990
1787028000,2026-08-18T10:10:00,77412.83,77414.54,77394.32,77412.67,11619
1787028060,2026-08-18T10:11:00,77410.96,77418.96,77405.13,77414.79,17676
1787028120,2026-08-18T10:12:00,77415.07,77423.98,77409.0,77413.05,10937
1787028180,2026-08-18T10:13:00,77414.3,77418.68,77401.97,77416.47,9708
1787028240,2026-08-18T10:14:00,77415.27,77415.58,77404.82,77408.33,32185
1787028300,2026-08-18T10:15:00,77411.24,77411.24,77384.52,77385.57,46807
1787028360,2026-08-18T10:16:00,77382.48,77385.93,77377.71,77382.05,14009
1787028420,2026-08-18T10:17:00,77378.77,77385.67,77375.51,77381.2,9791
1787028480,2026-08-18T10:18:00,77380.17,77395.97,77379.71,77388.99,11267
1787028540,2026-08-18T10:19:00,77389.71,77400.14,77387.7,77394.77,11971
1787028600,2026-08-18T10:20:00,77399.96,77402.62,77372.37,77392.29,8583
1787028660,2026-08-18T10:21:00,77391.69,77396.75,77385.42,77396.21,11617
1787028720,2026-08-18T10:22:00,77396.21,77402.76,77389.33,77396.22,18042
1787028780,2026-08-18T10:23:00,77398.03,77408.25,77397.25,77397.25,20104
1787028840,2026-08-18T10:24:00,77404.68,77404.68,77385.58,77401.09,18372
1787028900,2026-08-18T10:25:00,77399.1,77413.83,77386.57,77401.77,9318
1787028960,2026-08-18T10:26:00,77403.61,77410.83,77396.93,77410.09,13287
1787029020,2026-08-18T10:27:00,77407.18,77435.65,77402.97,77427.61,15564
1787029080,2026-08-18T10:28:00,77431.17,77447.59,77427.34,77446.84,10808
1787029140,2026-08-18T10:29:00,77448.02,77451.36,77435.69,77444.48,28252
1787029200,2026-08-18T10:30:00,77444.93,77451.07,77437.55,77451.07,8370
1787029260,2026-08-18T10:31:00,77450.6,77456.61,77445.57,77456.61,20595
1787029320,2026-08-18T10:32:00,77455.68,77455.68,77433.13,77433.93,12288
1787029380,2026-08-18T10:33:00,77433.93,77449.88,77430.85,77446.06,8057
1787029440,2026-08-18T10:34:00,77446.06,77462.04,77444.86,77457.52,8830
1787029500,2026-08-18T10:35:00,77459.12,77463.58,77452.41,77455.48,15647
1787029560,2026-08-18T10:36:00,77453.89,77463.85,77448.29,77448.29,21066
1787029620,2026-08-18T10:37:00,77447.41,77460.28,77442.24,77455.09,9277
1787029680,2026-08-18T10:38:00,77456.22,77461.69,77442.2,77457.4,17410
1787029740,2026-08-18T10:39:00,77456.61,77458.43,77436.38,77441.34,13347
1787029800,2026-08-18T10:40:00,77438.85,77440.61,77421.68,77422.9,15618
1787029860,2026-08-18T10:41:00,77419.25,77429.95,77412.88,77422.2,9506
1787029920,2026-08-18T10:42:00,77424.15,77426.34,77397.93,77403.43,16101
1787029980,2026-08-18T10:43:00,77402.06,77402.93,77385.65,77402.82,4723
1787030040,2026-08-18T10:44:00,77403.04,77414.06,77399.63,77400.14,15575
1787030100,2026-08-18T10:45:00,77399.51,77400.31,77382.54,77390.09,16541
1787030160,2026-08-18T10:46:00,77391.23,77398.47,77365.13,77367.22,22616
1787030220,2026-08-18T10:47:00,77370.86,77371.99,77353.0,77360.42,19675
1787030280,2026-08-18T10:48:00,77354.37,77362.36,77344.48,77360.17,10315
1787030340,2026-08-18T10:49:00,77357.01,77369.85,77352.36,77364.51,11578
1787030400,2026-08-18T10:50:00,77364.51,77374.44,77364.51,77373.2,28576
1787030460,2026-08-18T10:51:00,77372.64,77383.84,77352.03,77352.03,14863
1787030520,2026-08-18T10:52:00,77353.1,77368.08,77344.26,77345.07,21177
1787030580,2026-08-18T10:53:00,77352.2,77357.96,77335.87,77335.87,28879
1787030640,2026-08-18T10:54:00,77335.92,77344.39,77326.67,77338.78,16617
1787030700,2026-08-18T10:55:00,77336.94,77342.91,77325.29,77326.89,19971
1787030760,2026-08-18T10:56:00,77330.12,77332.37,77319.39,77332.37,11030
1787030820,2026-08-18T10:57:00,77331.47,77341.24,77318.86,77334.18,8794
1787030880,2026-08-18T10:58:00,77335.96,77346.54,77334.01,77344.07,10499
1787030940,2026-08-18T10:59:00,77343.16,77363.4,77336.12,77359.69,16343
1787031000,2026-08-18T11:00:00,77357.18,77364.0,77346.56,77355.52,13329
1787031060,2026-08-18T11:01:00,77355.38,77357.54,77343.35,77348.47,16936
1787031120,2026-08-18T11:02:00,77349.79,77357.91,77344.93,77352.75,14510
1787031180,2026-08-18T11:03:00,77348.43,77363.77,77348.43,77358.3,29625
1787031240,2026-08-18T11:04:00,77358.7,77377.46,77358.7,77368.93,8377
1787031300,2026-08-18T11:05:00,77374.18,77382.82,77364.02,77364.02,19318
1787031360,2026-08-18T11:06:00,77364.37,77375.83,77364.3,77375.83,12445
1787031420,2026-08-18T11:07:00,77375.42,77388.3,77371.06,77386.13,19843
1787031480,2026-08-18T11:08:00,77383.06,77397.56,77378.43,77388.7,23202
1787031540,2026-08-18T11:09:00,77391.88,77398.59,77379.99,77390.64,9388
1787031600,2026-08-18T11:10:00,77391.69,77391.69,77366.74,77370.8,8047
1787031660,2026-08-18T11:11:00,77369.09,77377.97,77364.92,77374.32,12221
1787031720,2026-08-18T11:12:00,77371.92,77371.92,77356.09,77368.93,81304
1787031780,2026-08-18T11:13:00,77370.56,77370.56,77351.7,77361.96,15407
1787031840,2026-08-18T11:14:00,77363.1,77378.7,77363.1,77371.05,49434
1787031900,2026-08-18T11:15:00,77371.16,77387.48,77363.99,77384.44,211788
1787031960,2026-08-18T11:16:00,77385.82,77388.39,77365.31,77367.35,59387
1787032020,2026-08-18T11:17:00,77366.13,77373.94,77349.82,77356.9,9389
1787032080,2026-08-18T11:18:00,77356.9,77363.98,77348.16,77350.34,13470
1787032140,2026-08-18T11:19:00,77348.74,77356.89,77338.98,77347.16,8784
1787032200,2026-08-18T11:20:00,77347.69,77351.23,77335.53,77343.53,50039
1787032260,2026-08-18T11:21:00,77345.41,77345.41,77329.63,77334.73,12053
1787032320,2026-08-18T11:22:00,77333.14,77337.4,77321.1,77330.75,40037
1787032380,2026-08-18T11:23:00,77331.87,77335.43,77321.59,77328.8,6627
1787032440,2026-08-18T11:24:00,77327.1,77343.51,77326.45,77337.89,12338
1787032500,2026-08-18T11:25:00,77338.8,77341.93,77330.23,77340.22,12440
1787032560,2026-08-18T11:26:00,77339.91,77340.99,77325.65,77328.74,10173
1787032620,2026-08-18T11:27:00,77328.1,77331.22,77307.83,77311.02,8569
1787032680,2026-08-18T11:28:00,77311.92,77318.76,77303.32,77318.76,40514
1787032740,2026-08-18T11:29:00,77318.35,77324.41,77299.42,77307.92,62658
1787032800,2026-08-18T11:30:00,77307.12,77307.12,77282.02,77286.93,37062
1787032860,2026-08-18T11:31:00,77282.81,77286.61,77275.96,77282.55,36547
1787032920,2026-08-18T11:32:00,77282.51,77312.87,77281.46,77310.78,9113
1787032980,2026-08-18T11:33:00,77311.16,77326.49,77292.9,77292.9,13355
1787033040,2026-08-18T11:34:00,77294.11,77329.17,77293.29,77322.83,7951
1787033100,2026-08-18T11:35:00,77322.03,77336.76,77322.03,77335.01,16743
1787033160,2026-08-18T11:36:00,77337.42,77340.3,77323.24,77331.05,6780
1787033220,2026-08-18T11:37:00,77331.56,77344.25,77320.95,77335.1,40969
1787033280,2026-08-18T11:38:00,77335.62,77357.03,77327.97,77356.91,20719
1787033340,2026-08-18T11:39:00,77354.52,77364.26,77347.3,77348.9,103250
1787033400,2026-08-18T11:40:00,77345.4,77350.66,77337.76,77349.58,19254
1787033460,2026-08-18T11:41:00,77348.95,77354.05,77338.77,77353.39,9997
1787033520,2026-08-18T11:42:00,77353.22,77358.74,77348.15,77358.74,10161
1787033580,2026-08-18T11:43:00,77357.99,77360.5,77349.92,77358.95,7950
1787033640,2026-08-18T11:44:00,77358.56,77368.91,77349.24,77353.54,13175
1787033700,2026-08-18T11:45:00,77353.53,77365.34,77351.43,77357.86,9151
1787033760,2026-08-18T11:46:00,77359.11,77370.27,77358.03,77364.04,9092
1787033820,2026-08-18T11:47:00,77364.37,77370.73,77357.06,77361.8,11701
1787033880,2026-08-18T11:48:00,77359.51,77366.59,77351.92,77356.38,13984
1787033940,2026-08-18T11:49:00,77357.47,77370.41,77357.47,77366.15,8471
1787034000,2026-08-18T11:50:00,77361.4,77403.13,77361.03,77397.86,10336
1787034060,2026-08-18T11:51:00,77399.54,77407.52,77383.82,77383.82,9144
1787034120,2026-08-18T11:52:00,77384.4,77388.1,77378.96,77386.23,13588
1787034180,2026-08-18T11:53:00,77387.01,77390.91,77378.89,77383.23,5293
1787034240,2026-08-18T11:54:00,77383.98,77387.39,77363.17,77364.2,10421
1787034300,2026-08-18T11:55:00,77364.77,77364.77,77354.64,77358.39,9813
1787034360,2026-08-18T11:56:00,77358.09,77369.44,77352.36,77361.62,6470
1787034420,2026-08-18T11:57:00,77361.86,77372.97,77356.8,77372.97,5093
1787034480,2026-08-18T11:58:00,77367.61,77383.74,77366.11,77383.35,11888
1787034540,2026-08-18T11:59:00,77383.35,77384.38,77376.85,77383.53,6656
1787034600,2026-08-18T12:00:00,77380.96,77395.25,77380.96,77391.58,6288
1787034660,2026-08-18T12:01:00,77391.92,77391.92,77376.09,77382.16,13815
1787034720,2026-08-18T12:02:00,77381.55,77393.09,77373.68,77391.35,23453
1787034780,2026-08-18T12:03:00,77391.81,77394.94,77380.98,77394.94,9629
1787034840,2026-08-18T12:04:00,77395.75,77413.32,77393.12,77410.04,9703
1787034900,2026-08-18T12:05:00,77412.45,77424.9,77408.28,77420.51,10926
1787034960,2026-08-18T12:06:00,77419.72,77428.08,77406.26,77417.84,9355
1787035020,2026-08-18T12:07:00,77417.86,77430.5,77404.88,77427.4,7114
1787035080,2026-08-18T12:08:00,77426.0,77432.56,77411.8,77418.71,5623
1787035140,2026-08-18T12:09:00,77418.96,77429.31,77414.42,77424.91,9635
1787035200,2026-08-18T12:10:00,77421.14,77424.86,77410.09,77417.73,21318
1787035260,2026-08-18T12:11:00,77418.98,77430.2,77412.58,77418.81,33902
1787035320,2026-08-18T12:12:00,77417.68,77421.54,77410.18,77413.51,4958
1787035380,2026-08-18T12:13:00,77414.65,77416.02,77391.61,77398.54,171500
1787035440,2026-08-18T12:14:00,77394.43,77402.79,77384.69,77402.35,16632
1787035500,2026-08-18T12:15:00,77402.92,77409.71,77396.23,77400.49,17246
1787035560,2026-08-18T12:16:00,77402.0,77402.94,77381.66,77381.66,8578
1787035620,2026-08-18T12:17:00,77381.13,77396.23,77374.22,77395.94,107664
1787035680,2026-08-18T12:18:00,77394.44,77396.6,77383.74,77393.88,8213
1787035740,2026-08-18T12:19:00,77395.04,77397.79,77382.85,77386.36,6513
1787035800,2026-08-18T12:20:00,77386.54,77394.43,77382.46,77382.46,6191
1787035860,2026-08-18T12:21:00,77380.47,77381.47,77370.45,77370.45,10668
1787035920,2026-08-18T12:22:00,77370.48,77395.22,77366.7,77393.34,9210
1787035980,2026-08-18T12:23:00,77394.3,77401.53,77383.78,77386.43,22457
1787036040,2026-08-18T12:24:00,77383.58,77384.33,77371.77,77372.6,7103
1787036100,2026-08-18T12:25:00,77372.71,77388.59,77372.71,77388.59,5315
1787036160,2026-08-18T12:26:00,77389.05,77391.79,77379.08,77384.53,30539
1787036220,2026-08-18T12:27:00,77383.99,77389.11,77372.19,77386.72,13045
1787036280,2026-08-18T12:28:00,77386.49,77401.52,77377.8,77397.19,34641
1787036340,2026-08-18T12:29:00,77392.7,77403.54,77388.17,77390.48,40904
1787036400,2026-08-18T12:30:00,77390.55,77400.79,77386.69,77395.42,14582
1787036460,2026-08-18T12:31:00,77396.44,77414.93,77395.22,77411.57,5431
1787036520,2026-08-18T12:32:00,77409.74,77411.37,77397.31,77400.7,6164
1787036580,2026-08-18T12:33:00,77400.01,77408.39,77397.54,77400.02,10276
1787036640,2026-08-18T12:34:00,77401.84,77406.65,77393.44,77401.03,7704
1787036700,2026-08-18T12:35:00,77404.89,77411.3,77395.85,77408.38,8788
1787036760,2026-08-18T12:36:00,77404.89,77411.62,77400.67,77405.86,11983
1787036820,2026-08-18T12:37:00,77405.86,77407.97,77381.08,77383.64,43022
1787036880,2026-08-18T12:38:00,77384.46,77388.96,77372.59,77377.16,12242
1787036940,2026-08-18T12:39:00,77378.3,77384.26,77368.39,77376.04,5689
1787037000,2026-08-18T12:40:00,77371.95,77379.31,77367.49,77374.85,9035
1787037060,2026-08-18T12:41:00,77372.3,77375.79,77356.96,77359.88,6232
1787037120,2026-08-18T12:42:00,77361.63,77367.81,77353.07,77358.7,8001
1787037180,2026-08-18T12:43:00,77360.57,77363.61,77348.47,77353.13,7941
1787037240,2026-08-18T12:44:00,77356.26,77356.26,77336.1,77336.3,17015
1787037300,2026-08-18T12:45:00,77335.68,77354.74,77335.68,77350.66,4986
1787037360,2026-08-18T12:46:00,77356.57,77356.57,77333.5,77340.83,8796
1787037420,2026-08-18T12:47:00,77338.66,77353.68,77338.66,77348.08,9581
1787037480,2026-08-18T12:48:00,77346.22,77359.99,77341.72,77355.26,9286
1787037540,2026-08-18T12:49:00,77355.48,77366.56,77354.94,77365.91,5795
1787037600,2026-08-18T12:50:00,77363.42,77383.85,77363.42,77373.84,4769
1787037660,2026-08-18T12:51:00,77376.42,77385.44,77371.23,77377.46,9096
1787037720,2026-08-18T12:52:00,77382.25,77385.5,77372.26,77373.07,4039
1787037780,2026-08-18T12:53:00,77373.58,77384.4,77370.93,77375.57,8657
1787037840,2026-08-18T12:54:00,77375.57,77375.57,77360.97,77366.39,9132
1787037900,2026-08-18T12:55:00,77368.27,77380.19,77364.34,77375.35,6569
1787037960,2026-08-18T12:56:00,77373.66,77378.47,77365.45,77371.0,8704
1787038020,2026-08-18T12:57:00,77372.77,77377.36,77361.93,77363.55,13852
1787038080,2026-08-18T12:58:00,77360.33,77369.58,77355.28,77364.55,7411
1787038140,2026-08-18T12:59:00,77364.21,77370.0,77352.57,77359.31,7033
1787038200,2026-08-18T13:00:00,77358.43,77361.37,77333.49,77335.43,10915
1787038260,2026-08-18T13:01:00,77333.97,77337.08,77321.57,77327.61,8357
1787038320,2026-08-18T13:02:00,77324.59,77347.07,77324.59,77341.76,5650
1787038380,2026-08-18T13:03:00,77340.55,77345.75,77330.66,77336.35,4563
1787038440,2026-08-18T13:04:00,77336.51,77341.68,77329.45,77336.34,5102
1787038500,2026-08-18T13:05:00,77331.37,77339.36,77321.37,77334.76,5883
1787038560,2026-08-18T13:06:00,77326.61,77331.24,77314.9,77322.45,5795
1787038620,2026-08-18T13:07:00,77322.63,77334.01,77320.29,77334.01,5094
1787038680,2026-08-18T13:08:00,77333.68,77350.99,77333.68,77344.67,6366
1787038740,2026-08-18T13:09:00,77343.73,77360.21,77341.02,77359.02,4506
1787038800,2026-08-18T13:10:00,77355.22,77365.83,77352.46,77361.87,6525
1787038860,2026-08-18T13:11:00,77357.76,77364.4,77345.45,77349.23,5619
1787038920,2026-08-18T13:12:00,77347.86,77362.54,77347.86,77362.54,32971
1787038980,2026-08-18T13:13:00,77359.2,77371.85,77355.0,77369.49,16524
1787039040,2026-08-18T13:14:00,77369.31,77373.17,77361.64,77361.95,14252
1787039100,2026-08-18T13:15:00,77367.63,77377.5,77366.54,77376.48,17380
1787039160,2026-08-18T13:16:00,77371.27,77383.71,77371.27,77382.03,9291
1787039220,2026-08-18T13:17:00,77382.8,77385.92,77370.2,77383.27,8289
1787039280,2026-08-18T13:18:00,77383.86,77395.84,77379.14,77391.39,11882
1787039340,2026-08-18T13:19:00,77390.1,77390.75,77381.22,77384.38,165932
1787039400,2026-08-18T13:20:00,77382.96,77382.96,77370.34,77370.89,8741
1787039460,2026-08-18T13:21:00,77371.99,77387.34,77370.55,77387.34,8745
1787039520,2026-08-18T13:22:00,77388.39,77395.95,77380.07,77384.77,34960
1787039580,2026-08-18T13:23:00,77385.67,77392.01,77375.84,77386.03,9866
1787039640,2026-08-18T13:24:00,77384.9,77393.78,77376.73,77391.19,14624
1787039700,2026-08-18T13:25:00,77390.86,77390.86,77373.9,77377.85,5946
1787039760,2026-08-18T13:26:00,77377.62,77386.21,77368.47,77374.94,14722
1787039820,2026-08-18T13:27:00,77374.11,77389.49,77369.02,77374.36,7709
1787039880,2026-08-18T13:28:00,77374.03,77389.3,77373.44,77384.24,10596
1787039940,2026-08-18T13:29:00,77386.24,77386.57,77378.56,77384.46,9748
1787040000,2026-08-18T13:30:00,77386.52,77391.12,77375.04,77382.27,4734
1787040060,2026-08-18T13:31:00,77382.27,77391.56,77377.79,77389.06,20895
1787040120,2026-08-18T13:32:00,77389.06,77392.63,77373.19,77384.11,6668
1787040180,2026-08-18T13:33:00,77383.73,77388.09,77381.17,77383.41,6160
1787040240,2026-08-18T13:34:00,77382.4,77386.07,77367.82,77379.25,92373
1787040300,2026-08-18T13:35:00,77378.71,77379.97,77371.01,77373.2,5823
1787040360,2026-08-18T13:36:00,77372.45,77381.69,77351.75,77355.61,7409
1787040420,2026-08-18T13:37:00,77354.66,77354.66,77336.43,77340.97,8901
1787040480,2026-08-18T13:38:00,77346.18,77357.93,77340.61,77340.61,9081
1787040540,2026-08-18T13:39:00,77341.01,77355.53,77334.29,77344.18,11897
1787040600,2026-08-18T13:40:00,77342.4,77353.0,77342.37,77353.0,20659
1787040660,2026-08-18T13:41:00,77349.3,77353.17,77339.17,77353.09,26659
1787040720,2026-08-18T13:42:00,77351.88,77363.3,77346.06,77360.5,15656
1787040780,2026-08-18T13:43:00,77361.65,77365.69,77349.73,77353.62,11009
1787040840,2026-08-18T13:44:00,77355.36,77379.82,77354.26,77376.13,10773
1787040900,2026-08-18T13:45:00,77376.13,77380.96,77362.84,77376.7,14193
1787040960,2026-08-18T13:46:00,77378.21,77388.62,77370.03,77379.22,11304
1787041020,2026-08-18T13:47:00,77380.0,77386.93,77375.81,77381.9,9243
1787041080,2026-08-18T13:48:00,77382.06,77383.79,77370.75,77375.7,8879
1787041140,2026-08-18T13:49:00,77380.2,77387.21,77374.46,77380.51,4871
1787041200,2026-08-18T13:50:00,77380.44,77389.55,77371.68,77376.88,13144
1787041260,2026-08-18T13:51:00,77375.11,77382.8,77372.34,77377.2,5097
1787041320,2026-08-18T13:52:00,77368.06,77373.29,77352.94,77352.94,19554
1787041380,2026-08-18T13:53:00,77351.53,77360.86,77351.53,77359.13,12452
1787041440,2026-08-18T13:54:00,77359.23,77366.11,77352.41,77366.11,25763
1787041500,2026-08-18T13:55:00,77364.89,77369.43,77351.3,77364.21,8963
1787041560,2026-08-18T13:56:00,77364.21,77365.18,77337.69,77350.09,16571
1787041620,2026-08-18T13:57:00,77349.11,77349.11,77324.76,77333.18,16398
1787041680,2026-08-18T13:58:00,77328.92,77341.23,77328.76,77338.69,9895
1787041740,2026-08-18T13:59:00,77338.02,77350.24,77336.8,77347.94,8077
1787041800,2026-08-18T14:00:00,77348.05,77355.82,77346.64,77350.74,14268
1787041860,2026-08-18T14:01:00,77350.59,77352.68,77341.23,77344.61,14509
1787041920,2026-08-18T14:02:00,77341.19,77366.05,77341.18,77366.05,10100
1787041980,2026-08-18T14:03:00,77366.54,77376.37,77365.52,77365.52,12208
1787042040,2026-08-18T14:04:00,77365.96,77389.06,77365.14,77389.06,9199
1787042100,2026-08-18T14:05:00,77390.05,77394.85,77367.17,77367.17,9835
1787042160,2026-08-18T14:06:00,77366.3,77391.54,77358.8,77379.46,11434
1787042220,2026-08-18T14:07:00,77380.05,77384.71,77362.74,77376.42,11786
1787042280,2026-08-18T14:08:00,77377.43,77379.24,77359.61,77365.6,9604
1787042340,2026-08-18T14:09:00,77362.18,77365.2,77354.17,77354.81,12531
1787042400,2026-08-18T14:10:00,77352.47,77361.69,77347.76,77354.18,14431
1787042460,2026-08-18T14:11:00,77351.79,77356.89,77334.19,77334.68,10635
1787042520,2026-08-18T14:12:00,77335.32,77344.23,77333.71,77344.23,19065
1787042580,2026-08-18T14:13:00,77345.64,77353.39,77341.72,77352.56,10534
1787042640,2026-08-18T14:14:00,77351.16,77360.17,77341.99,77355.46,9423
1787042700,2026-08-18T14:15:00,77359.92,77365.5,77352.52,77354.46,21970
1787042760,2026-08-18T14:16:00,77349.12,77361.23,77345.99,77349.56,15563
1787042820,2026-08-18T14:17:00,77350.26,77365.24,77348.35,77355.67,9925
1787042880,2026-08-18T14:18:00,77355.05,77365.53,77353.27,77362.48,7118
1787042940,2026-08-18T14:19:00,77361.59,77362.87,77337.51,77337.88,12748
1787043000,2026-08-18T14:20:00,77339.82,77356.83,77337.5,77355.15,12456
1787043060,2026-08-18T14:21:00,77354.55,77358.65,77343.91,77346.22,8762
1787043120,2026-08-18T14:22:00,77346.7,77348.45,77333.39,77340.35,10441
1787043180,2026-08-18T14:23:00,77340.38,77347.74,77323.69,77325.64,15161
1787043240,2026-08-18T14:24:00,77326.13,77358.48,77319.24,77351.54,26871
1787043300,2026-08-18T14:25:00,77357.42,77370.06,77352.35,77362.12,15163
1787043360,2026-08-18T14:26:00,77357.93,77362.41,77352.76,77356.34,11167
1787043420,2026-08-18T14:27:00,77356.71,77360.36,77312.08,77335.54,260777
1787043480,2026-08-18T14:28:00,77336.06,77355.21,77327.75,77355.21,211785
1787043540,2026-08-18T14:29:00,77355.93,77376.14,77349.04,77365.07,12279
1787043600,2026-08-18T14:30:00,77361.33,77385.34,77360.89,77384.65,12942
1787043660,2026-08-18T14:31:00,77385.9,77386.88,77361.49,77361.49,7560
1787043720,2026-08-18T14:32:00,77361.18,77379.58,77357.64,77362.48,36217
1787043780,2026-08-18T14:33:00,77365.37,77372.11,77361.46,77363.56,10901
1787043840,2026-08-18T14:34:00,77365.35,77378.94,77365.35,77371.53,15291
1787043900,2026-08-18T14:35:00,77370.24,77376.74,77355.21,77357.44,10367
1787043960,2026-08-18T14:36:00,77360.72,77368.88,77357.1,77361.05,20348
1787044020,2026-08-18T14:37:00,77362.25,77376.51,77361.03,77365.9,48110
1787044080,2026-08-18T14:38:00,77366.61,77383.27,77364.72,77383.27,20763
1787044140,2026-08-18T14:39:00,77381.26,77390.24,77378.23,77386.37,12003
1787044200,2026-08-18T14:40:00,77386.66,77390.24,77378.29,77390.24,26532
1787044260,2026-08-18T14:41:00,77389.48,77397.04,77382.58,77387.19,14872
1787044320,2026-08-18T14:42:00,77385.74,77396.89,77380.43,77385.8,33562
1787044380,2026-08-18T14:43:00,77386.6,77388.69,77376.73,77376.73,22303
1787044440,2026-08-18T14:44:00,77378.17,77402.0,77377.48,77397.03,18934
1787044500,2026-08-18T14:45:00,77400.9,77401.13,77384.76,77388.32,14351
1787044560,2026-08-18T14:46:00,77388.49,77400.79,77379.89,77393.42,11404
1787044620,2026-08-18T14:47:00,77393.52,77404.84,77391.84,77399.14,10891
1787044680,2026-08-18T14:48:00,77399.34,77399.34,77385.12,77398.05,59528
1787044740,2026-08-18T14:49:00,77396.31,77409.5,77395.36,77400.02,10318
1787044800,2026-08-18T14:50:00,77400.73,77422.82,77396.11,77416.64,15328
1787044860,2026-08-18T14:51:00,77416.64,77429.44,77411.64,77428.51,18484
1787044920,2026-08-18T14:52:00,77428.51,77430.69,77410.08,77410.08,33302
1787044980,2026-08-18T14:53:00,77409.64,77412.19,77401.53,77405.49,11532
1787045040,2026-08-18T14:54:00,77405.44,77405.56,77392.14,77399.31,12606
1787045100,2026-08-18T14:55:00,77397.58,77422.92,77392.43,77417.06,9305
1787045160,2026-08-18T14:56:00,77417.06,77432.32,77412.57,77423.76,14230
1787045220,2026-08-18T14:57:00,77422.29,77445.81,77416.35,77439.35,14265
1787045280,2026-08-18T14:58:00,77439.22,77442.32,77427.26,77431.52,19997
1787045340,2026-08-18T14:59:00,77435.19,77438.97,77419.78,77425.33,17583
1787045400,2026-08-18T15:00:00,77422.86,77470.2,77422.86,77470.2,34117
1787045460,2026-08-18T15:01:00,77472.8,77472.8,77451.77,77454.76,20545
1787045520,2026-08-18T15:02:00,77454.2,77457.92,77442.04,77446.04,19492
1787045580,2026-08-18T15:03:00,77444.92,77448.17,77416.52,77419.3,20868
1787045640,2026-08-18T15:04:00,77415.97,77420.53,77400.11,77401.3,21882
1787045700,2026-08-18T15:05:00,77402.09,77409.8,77391.15,77409.8,22067
1787045760,2026-08-18T15:06:00,77407.65,77407.65,77363.25,77384.88,34077
1787045820,2026-08-18T15:07:00,77383.49,77390.98,77357.53,77367.27,20199
1787045880,2026-08-18T15:08:00,77375.93,77383.09,77369.83,77377.86,20488
1787045940,2026-08-18T15:09:00,77375.08,77376.15,77357.96,77365.43,282208
1787046000,2026-08-18T15:10:00,77366.69,77389.28,77366.69,77382.17,19567
1787046060,2026-08-18T15:11:00,77385.49,77405.53,77380.97,77402.68,15657
1787046120,2026-08-18T15:12:00,77399.23,77399.49,77361.06,77366.4,22495
1787046180,2026-08-18T15:13:00,77366.01,77367.3,77336.35,77339.09,33158
1787046240,2026-08-18T15:14:00,77338.66,77342.62,77293.26,77313.02,32802
1787046300,2026-08-18T15:15:00,77325.87,77325.87,77325.87,77325.87,32802
1787046360,2026-08-18T15:16:00,77325.87,77325.87,77325.87,77325.87,32802
1787046420,2026-08-18T15:17:00,77325.87,77325.87,77325.87,77325.87,32802
1787046480,2026-08-18T15:18:00,77325.87,77325.87,77325.87,77325.87,32802
1787046540,2026-08-18T15:19:00,77325.87,77325.87,77325.87,77325.87,32802
1787046600,2026-08-18T15:20:00,77325.87,77325.87,77325.87,77325.87,32802
1787046660,2026-08-18T15:21:00,77325.87,77325.87,77325.87,77325.87,32802
1787046720,2026-08-18T15:22:00,77325.87,77325.87,77325.87,77325.87,32802
1787046780,2026-08-18T15:23:00,77325.87,77325.87,77325.87,77325.87,32802
1787046840,2026-08-18T15:24:00,77325.87,77325.87,77325.87,77325.87,32802
1787046900,2026-08-18T15:25:00,77325.87,77325.87,77325.87,77325.87,32802
1787046960,2026-08-18T15:26:00,77325.87,77325.87,77325.87,77325.87,32802
1787047020,2026-08-18T15:27:00,77325.87,77325.87,77325.87,77325.87,32802
1787047080,2026-08-18T15:28:00,77325.87,77325.87,77234.36,77235.46,32802
1787047140,2026-08-18T15:29:00,77235.46,77235.46,77235.46,77235.46,32802
1787111100,2026-08-19T09:15:00,77218.05,77347.81,77128.19,77156.28,173311
1787111160,2026-08-19T09:16:00,77154.77,77161.08,77118.86,77137.34,114725
1787111220,2026-08-19T09:17:00,77137.45,77137.45,77095.9,77129.95,65339
1787111280,2026-08-19T09:18:00,77129.66,77147.16,77128.18,77135.81,61698
1787111340,2026-08-19T09:19:00,77133.46,77143.21,77124.93,77135.17,79783
1787111400,2026-08-19T09:20:00,77137.09,77140.09,77115.64,77124.32,46177
1787111460,2026-08-19T09:21:00,77122.64,77149.85,77118.38,77146.86,43690
1787111520,2026-08-19T09:22:00,77148.28,77148.28,77116.59,77128.23,43580
1787111580,2026-08-19T09:23:00,77130.03,77133.1,77110.48,77112.01,29624
1787111640,2026-08-19T09:24:00,77106.01,77111.24,77091.93,77092.95,32678
1787111700,2026-08-19T09:25:00,77098.23,77099.69,77067.67,77071.9,62701
1787111760,2026-08-19T09:26:00,77069.16,77079.99,77047.45,77078.24,31712
1787111820,2026-08-19T09:27:00,77077.66,77094.21,77072.19,77086.77,37632
1787111880,2026-08-19T09:28:00,77090.8,77093.53,77072.61,77079.88,43728
1787111940,2026-08-19T09:29:00,77079.73,77079.76,77063.61,77067.55,37084
1787112000,2026-08-19T09:30:00,77069.49,77072.2,77045.69,77049.26,56224
1787112060,2026-08-19T09:31:00,77047.57,77048.32,77012.9,77016.57,38894
1787112120,2026-08-19T09:32:00,77016.35,77028.71,77005.19,77010.39,28531
1787112180,2026-08-19T09:33:00,77012.14,77020.78,77003.55,77015.29,20749
1787112240,2026-08-19T09:34:00,77018.45,77018.45,76991.39,76994.24,23137
1787112300,2026-08-19T09:35:00,76993.82,77005.31,76985.71,76988.1,33885
1787112360,2026-08-19T09:36:00,76990.96,76998.62,76980.75,76991.42,37968
1787112420,2026-08-19T09:37:00,76991.38,76991.8,76971.59,76983.99,28348
1787112480,2026-08-19T09:38:00,76985.83,76988.39,76973.14,76977.87,42071
1787112540,2026-08-19T09:39:00,76981.3,77021.47,76978.49,77018.68,18942
1787112600,2026-08-19T09:40:00,77018.84,77023.05,76991.35,76994.16,40014
1787112660,2026-08-19T09:41:00,76997.31,77017.98,76997.31,77013.17,24270
1787112720,2026-08-19T09:42:00,77012.51,77022.21,77008.85,77021.95,17142
1787112780,2026-08-19T09:43:00,77022.22,77042.64,77013.22,77042.64,46444
1787112840,2026-08-19T09:44:00,77034.42,77050.05,77032.49,77035.67,17575
1787112900,2026-08-19T09:45:00,77034.81,77047.54,77012.59,77029.39,59726
1787112960,2026-08-19T09:46:00,77030.85,77031.04,77018.63,77018.63,17283
1787113020,2026-08-19T09:47:00,77017.3,77030.39,77017.3,77030.39,15297
1787113080,2026-08-19T09:48:00,77026.15,77035.21,77016.62,77033.51,85609
1787113140,2026-08-19T09:49:00,77032.05,77067.66,77032.05,77061.38,48489
1787113200,2026-08-19T09:50:00,77060.75,77091.06,77058.22,77089.55,16775
1787113260,2026-08-19T09:51:00,77089.59,77102.8,77089.59,77092.58,42705
1787113320,2026-08-19T09:52:00,77089.24,77092.17,77052.25,77059.92,49136
1787113380,2026-08-19T09:53:00,77062.66,77092.11,77062.65,77088.76,44112
1787113440,2026-08-19T09:54:00,77091.28,77093.21,77070.08,77070.11,12359
1787113500,2026-08-19T09:55:00,77069.76,77070.96,77051.31,77063.08,15921
1787113560,2026-08-19T09:56:00,77063.44,77066.33,77054.99,77057.17,15668
1787113620,2026-08-19T09:57:00,77058.56,77071.26,77055.72,77056.19,24334
1787113680,2026-08-19T09:58:00,77056.01,77057.89,77042.37,77047.65,16701
1787113740,2026-08-19T09:59:00,77047.6,77057.52,77038.09,77043.37,35411
1787113800,2026-08-19T10:00:00,77044.52,77055.63,77039.85,77050.93,32899
1787113860,2026-08-19T10:01:00,77050.48,77054.45,77027.78,77046.84,25278
1787113920,2026-08-19T10:02:00,77050.73,77062.63,77045.57,77059.56,171654
1787113980,2026-08-19T10:03:00,77059.32,77069.62,77054.12,77064.43,16715
1787114040,2026-08-19T10:04:00,77063.51,77066.19,77041.29,77054.28,37029
1787114100,2026-08-19T10:05:00,77057.6,77062.4,77043.2,77045.25,37045
1787114160,2026-08-19T10:06:00,77046.18,77069.55,77041.53,77056.67,49211
1787114220,2026-08-19T10:07:00,77056.69,77056.69,77045.69,77053.26,12715
1787114280,2026-08-19T10:08:00,77055.35,77068.23,77045.91,77048.55,43807
1787114340,2026-08-19T10:09:00,77049.85,77060.12,77041.35,77045.84,13116
1787114400,2026-08-19T10:10:00,77043.2,77057.45,77037.28,77042.65,45960
1787114460,2026-08-19T10:11:00,77042.54,77046.42,77029.3,77041.68,20903
1787114520,2026-08-19T10:12:00,77043.28,77043.28,77020.91,77026.41,20856
1787114580,2026-08-19T10:13:00,77021.69,77027.25,77009.95,77009.95,12948
1787114640,2026-08-19T10:14:00,77009.95,77030.07,77009.71,77025.73,15555
1787114700,2026-08-19T10:15:00,77029.68,77036.48,77009.66,77009.66,15069
1787114760,2026-08-19T10:16:00,77014.19,77018.56,77003.39,77003.85,19322
1787114820,2026-08-19T10:17:00,76999.51,77003.98,76992.09,76999.42,14624
1787114880,2026-08-19T10:18:00,76996.26,76996.26,76971.47,76972.11,20267
1787114940,2026-08-19T10:19:00,76972.11,76975.27,76959.06,76969.9,18835
1787115000,2026-08-19T10:20:00,76972.91,76973.71,76945.8,76951.74,27654
1787115060,2026-08-19T10:21:00,76950.3,76953.51,76936.79,76936.79,16598
1787115120,2026-08-19T10:22:00,76937.5,76949.07,76936.02,76938.15,15015
1787115180,2026-08-19T10:23:00,76940.67,76944.75,76931.26,76933.5,38895
1787115240,2026-08-19T10:24:00,76929.48,76936.21,76924.92,76932.73,13835
1787115300,2026-08-19T10:25:00,76932.73,76943.82,76926.39,76937.68,15405
1787115360,2026-08-19T10:26:00,76936.23,76940.15,76924.81,76938.06,15678
1787115420,2026-08-19T10:27:00,76940.77,76946.14,76930.52,76943.41,13294
1787115480,2026-08-19T10:28:00,76946.3,76948.36,76937.35,76948.36,15575
1787115540,2026-08-19T10:29:00,76945.98,76945.98,76931.81,76935.8,18034
1787115600,2026-08-19T10:30:00,76935.51,76941.11,76920.03,76934.26,50905
1787115660,2026-08-19T10:31:00,76934.22,76935.5,76906.23,76920.37,43513
1787115720,2026-08-19T10:32:00,76923.39,76934.42,76905.36,76928.84,11646
1787115780,2026-08-19T10:33:00,76928.52,76935.69,76925.77,76934.95,8270
1787115840,2026-08-19T10:34:00,76933.43,76933.43,76902.74,76914.98,45094
1787115900,2026-08-19T10:35:00,76914.6,76919.53,76894.11,76919.53,49144
1787115960,2026-08-19T10:36:00,76918.29,76929.39,76916.36,76922.31,11731
1787116020,2026-08-19T10:37:00,76920.59,76927.35,76914.66,76918.03,20336
1787116080,2026-08-19T10:38:00,76918.03,76918.77,76897.7,76900.58,8778
1787116140,2026-08-19T10:39:00,76901.39,76906.22,76895.22,76903.08,12565
1787116200,2026-08-19T10:40:00,76902.68,76909.79,76898.28,76908.31,12645
1787116260,2026-08-19T10:41:00,76910.04,76910.87,76894.4,76894.92,11747
1787116320,2026-08-19T10:42:00,76896.38,76909.52,76887.96,76908.09,60089
1787116380,2026-08-19T10:43:00,76907.89,76930.55,76890.94,76930.55,65421
1787116440,2026-08-19T10:44:00,76934.84,76940.61,76925.3,76932.28,23936
1787116500,2026-08-19T10:45:00,76932.8,76938.54,76909.71,76913.01,93822
1787116560,2026-08-19T10:46:00,76912.56,76917.08,76905.43,76905.43,7903
1787116620,2026-08-19T10:47:00,76905.43,76908.4,76895.04,76905.46,11520
1787116680,2026-08-19T10:48:00,76905.36,76915.54,76901.26,76912.28,20026
1787116740,2026-08-19T10:49:00,76911.88,76926.15,76911.7,76919.54,17042
1787116800,2026-08-19T10:50:00,76917.95,76922.95,76908.87,76914.43,31804
1787116860,2026-08-19T10:51:00,76913.64,76917.47,76905.18,76912.2,9378
1787116920,2026-08-19T10:52:00,76911.89,76921.19,76908.91,76913.55,9621
1787116980,2026-08-19T10:53:00,76913.63,76932.91,76913.63,76928.03,10650
1787117040,2026-08-19T10:54:00,76931.42,76941.31,76928.11,76939.71,15252
1787117100,2026-08-19T10:55:00,76940.47,76947.65,76939.05,76943.41,29773
1787117160,2026-08-19T10:56:00,76947.31,76953.02,76940.87,76950.09,17598
1787117220,2026-08-19T10:57:00,76950.44,76952.59,76938.74,76947.66,17807
1787117280,2026-08-19T10:58:00,76948.22,76962.52,76945.43,76947.23,17838
1787117340,2026-08-19T10:59:00,76951.39,76958.74,76930.88,76935.68,12957
1787117400,2026-08-19T11:00:00,76936.08,76936.08,76909.92,76918.27,10993
1787117460,2026-08-19T11:01:00,76917.43,76925.56,76914.83,76918.96,19295
1787117520,2026-08-19T11:02:00,76918.96,76918.96,76898.1,76900.45,20737
1787117580,2026-08-19T11:03:00,76900.28,76903.51,76886.15,76888.68,13840
1787117640,2026-08-19T11:04:00,76886.61,76894.4,76883.47,76892.87,6623
1787117700,2026-08-19T11:05:00,76891.77,76899.43,76889.27,76890.62,32685
1787117760,2026-08-19T11:06:00,76891.04,76896.41,76883.81,76883.81,20228
1787117820,2026-08-19T11:07:00,76883.27,76886.54,76841.51,76841.55,43963
1787117880,2026-08-19T11:08:00,76841.6,76853.75,76823.91,76848.42,22896
1787117940,2026-08-19T11:09:00,76848.06,76859.05,76846.83,76857.83,9527
1787118000,2026-08-19T11:10:00,76857.83,76870.34,76855.2,76868.97,12404
1787118060,2026-08-19T11:11:00,76868.33,76879.97,76855.3,76865.55,44824
1787118120,2026-08-19T11:12:00,76862.35,76864.41,76837.95,76855.18,42739
1787118180,2026-08-19T11:13:00,76854.83,76869.74,76849.81,76868.76,12049
1787118240,2026-08-19T11:14:00,76869.16,76887.94,76868.36,76879.85,17564
1787118300,2026-08-19T11:15:00,76884.98,76893.77,76877.91,76887.91,5838
1787118360,2026-08-19T11:16:00,76889.15,76889.15,76878.58,76884.42,11269
1787118420,2026-08-19T11:17:00,76879.28,76888.42,76864.2,76872.24,33606
1787118480,2026-08-19T11:18:00,76871.01,76878.15,76866.86,76870.68,7750
1787118540,2026-08-19T11:19:00,76871.67,76891.28,76869.66,76887.91,7482
1787118600,2026-08-19T11:20:00,76886.38,76910.3,76883.69,76893.1,37385
1787118660,2026-08-19T11:21:00,76895.29,76906.93,76890.23,76903.09,9119
1787118720,2026-08-19T11:22:00,76903.75,76913.08,76903.53,76908.38,6555
1787118780,2026-08-19T11:23:00,76906.66,76911.83,76894.3,76897.24,13691
1787118840,2026-08-19T11:24:00,76899.07,76902.85,76891.3,76891.3,12453
1787118900,2026-08-19T11:25:00,76891.3,76893.84,76876.69,76876.69,14253
1787118960,2026-08-19T11:26:00,76876.36,76889.76,76873.08,76887.63,37196
1787119020,2026-08-19T11:27:00,76889.05,76906.24,76886.62,76903.77,13463
1787119080,2026-08-19T11:28:00,76906.14,76906.14,76886.7,76889.2,9016
1787119140,2026-08-19T11:29:00,76887.06,76895.78,76883.17,76893.0,16095
1787119200,2026-08-19T11:30:00,76893.58,76902.56,76884.67,76900.05,26877
1787119260,2026-08-19T11:31:00,76899.21,76904.18,76893.61,76901.33,12268
1787119320,2026-08-19T11:32:00,76902.96,76907.86,76889.76,76895.16,19473
1787119380,2026-08-19T11:33:00,76895.16,76897.95,76880.68,76888.85,10542
1787119440,2026-08-19T11:34:00,76889.43,76907.83,76889.43,76902.36,57161
1787119500,2026-08-19T11:35:00,76901.7,76903.75,76871.85,76903.65,241820
1787119560,2026-08-19T11:36:00,76905.29,76905.29,76884.95,76885.69,69685
1787119620,2026-08-19T11:37:00,76884.23,76884.23,76857.83,76864.26,12255
1787119680,2026-08-19T11:38:00,76864.26,76876.52,76851.8,76854.55,41048
1787119740,2026-08-19T11:39:00,76858.05,76874.76,76855.31,76869.96,9603
1787119800,2026-08-19T11:40:00,76873.21,76881.44,76864.79,76881.44,7326
1787119860,2026-08-19T11:41:00,76882.03,76885.63,76873.0,76885.02,63025
1787119920,2026-08-19T11:42:00,76887.53,76890.76,76867.12,76881.96,43088
1787119980,2026-08-19T11:43:00,76885.1,76892.04,76880.76,76881.37,12378
1787120040,2026-08-19T11:44:00,76881.22,76891.63,76881.22,76891.18,9969
1787120100,2026-08-19T11:45:00,76890.54,76895.99,76884.24,76892.12,18183
1787120160,2026-08-19T11:46:00,76893.81,76916.0,76892.64,76914.01,28108
1787120220,2026-08-19T11:47:00,76912.21,76934.93,76909.57,76921.73,100421
1787120280,2026-08-19T11:48:00,76921.24,76948.94,76917.59,76944.7,37065
1787120340,2026-08-19T11:49:00,76942.95,76963.93,76935.69,76963.21,60985
1787120400,2026-08-19T11:50:00,76961.43,76983.84,76953.83,76972.93,36298
1787120460,2026-08-19T11:51:00,76972.32,76975.48,76954.19,76975.17,61295
1787120520,2026-08-19T11:52:00,76973.88,76980.73,76963.48,76973.06,15926
1787120580,2026-08-19T11:53:00,76972.66,76991.71,76972.66,76982.14,40147
1787120640,2026-08-19T11:54:00,76986.14,76992.04,76980.36,76988.12,21585
1787120700,2026-08-19T11:55:00,76988.65,76994.75,76971.51,76981.6,42875
1787120760,2026-08-19T11:56:00,76980.92,76986.83,76973.71,76976.78,35567
1787120820,2026-08-19T11:57:00,76975.91,76990.47,76973.09,76985.96,46292
1787120880,2026-08-19T11:58:00,76982.2,76992.52,76970.61,76979.28,36979
1787120940,2026-08-19T11:59:00,76982.86,76996.6,76982.81,76990.88,66986
1787121000,2026-08-19T12:00:00,76993.86,76993.86,76956.63,76962.44,8791
1787121060,2026-08-19T12:01:00,76958.86,76965.49,76943.32,76943.32,30524
1787121120,2026-08-19T12:02:00,76942.2,76968.06,76942.2,76963.47,18858
1787121180,2026-08-19T12:03:00,76964.72,76966.03,76918.46,76932.66,68174
1787121240,2026-08-19T12:04:00,76930.16,76945.48,76907.21,76909.04,51854
1787121300,2026-08-19T12:05:00,76912.68,76921.17,76907.93,76917.65,22870
1787121360,2026-08-19T12:06:00,76916.79,76929.45,76915.39,76925.25,35666
1787121420,2026-08-19T12:07:00,76930.39,76935.27,76913.98,76928.81,108809
1787121480,2026-08-19T12:08:00,76928.69,76931.16,76910.8,76917.43,319733
1787121540,2026-08-19T12:09:00,76920.5,76927.71,76889.49,76897.2,215355
1787121600,2026-08-19T12:10:00,76898.63,76904.63,76895.74,76903.28,15896
1787121660,2026-08-19T12:11:00,76906.17,76908.07,76896.9,76900.42,25923
1787121720,2026-08-19T12:12:00,76902.74,76902.74,76888.1,76892.56,18426
1787121780,2026-08-19T12:13:00,76895.08,76897.39,76885.86,76890.73,16266
1787121840,2026-08-19T12:14:00,76890.63,76896.9,76879.92,76892.33,12199
1787121900,2026-08-19T12:15:00,76891.72,76898.04,76883.71,76898.04,11673
1787121960,2026-08-19T12:16:00,76896.2,76902.56,76889.28,76897.06,16042
1787122020,2026-08-19T12:17:00,76897.1,76903.39,76886.35,76898.53,21763
1787122080,2026-08-19T12:18:00,76896.82,76905.51,76891.6,76891.6,64154
1787122140,2026-08-19T12:19:00,76895.69,76925.59,76895.52,76924.41,17023
1787122200,2026-08-19T12:20:00,76925.28,76926.99,76917.92,76926.03,22479
1787122260,2026-08-19T12:21:00,76926.03,76930.53,76924.11,76924.22,11428
1787122320,2026-08-19T12:22:00,76928.07,76930.9,76905.1,76908.72,11486
1787122380,2026-08-19T12:23:00,76909.31,76922.18,76909.31,76912.84,7826
1787122440,2026-08-19T12:24:00,76912.94,76934.36,76911.05,76934.36,11105
1787122500,2026-08-19T12:25:00,76933.99,76936.44,76917.13,76923.44,9186
1787122560,2026-08-19T12:26:00,76922.01,76922.01,76904.18,76905.07,6503
1787122620,2026-08-19T12:27:00,76903.16,76911.81,76898.95,76907.84,18403
1787122680,2026-08-19T12:28:00,76906.34,76912.6,76902.27,76911.69,7434
1787122740,2026-08-19T12:29:00,76912.56,76926.24,76912.56,76923.2,15195
1787122800,2026-08-19T12:30:00,76921.64,76923.05,76898.86,76898.86,7065
1787122860,2026-08-19T12:31:00,76900.51,76908.33,76896.47,76905.45,7851
1787122920,2026-08-19T12:32:00,76905.45,76907.41,76896.18,76898.27,8889
1787122980,2026-08-19T12:33:00,76896.28,76904.37,76892.26,76902.81,26087
1787123040,2026-08-19T12:34:00,76903.38,76912.03,76897.29,76902.99,12437
1787123100,2026-08-19T12:35:00,76903.1,76924.19,76901.13,76921.83,12994
1787123160,2026-08-19T12:36:00,76921.83,76927.38,76917.98,76924.88,11423
1787123220,2026-08-19T12:37:00,76922.67,76922.72,76910.04,76919.01,27418
1787123280,2026-08-19T12:38:00,76919.59,76919.59,76895.42,76897.09,7850
1787123340,2026-08-19T12:39:00,76895.8,76911.83,76889.59,76905.68,22374
1787123400,2026-08-19T12:40:00,76908.1,76917.18,76905.2,76905.2,11045
1787123460,2026-08-19T12:41:00,76906.37,76921.79,76900.89,76916.87,6515
1787123520,2026-08-19T12:42:00,76917.51,76919.07,76904.15,76904.15,5224
1787123580,2026-08-19T12:43:00,76907.72,76926.06,76897.53,76918.45,6148
1787123640,2026-08-19T12:44:00,76919.1,76924.24,76909.66,76915.0,11976
1787123700,2026-08-19T12:45:00,76916.15,76916.65,76885.93,76887.17,8085
1787123760,2026-08-19T12:46:00,76887.86,76903.23,76883.59,76902.19,10940
1787123820,2026-08-19T12:47:00,76899.62,76901.76,76890.92,76890.92,44329
1787123880,2026-08-19T12:48:00,76891.3,76899.48,76888.55,76899.48,9961
1787123940,2026-08-19T12:49:00,76895.89,76902.42,76889.09,76901.53,27238
1787124000,2026-08-19T12:50:00,76903.31,76908.9,76894.32,76908.9,26582
1787124060,2026-08-19T12:51:00,76908.79,76911.33,76896.82,76904.49,13674
1787124120,2026-08-19T12:52:00,76904.4,76908.5,76900.54,76904.85,11147
1787124180,2026-08-19T12:53:00,76904.85,76914.86,76900.41,76912.2,18402
1787124240,2026-08-19T12:54:00,76913.07,76921.29,76904.85,76911.16,14913
1787124300,2026-08-19T12:55:00,76912.7,76914.05,76905.67,76910.23,216713
1787124360,2026-08-19T12:56:00,76910.53,76910.53,76890.19,76890.19,21938
1787124420,2026-08-19T12:57:00,76890.46,76901.09,76890.46,76898.2,9624
1787124480,2026-08-19T12:58:00,76898.2,76906.63,76896.18,76906.63,19816
1787124540,2026-08-19T12:59:00,76904.51,76911.77,76900.77,76908.52,52230
1787124600,2026-08-19T13:00:00,76909.4,76913.29,76900.46,76908.87,10729
1787124660,2026-08-19T13:01:00,76909.06,76920.04,76903.85,76919.18,11378
1787124720,2026-08-19T13:02:00,76919.18,76919.2,76905.48,76919.2,16054
1787124780,2026-08-19T13:03:00,76919.2,76924.45,76907.25,76921.86,13254
1787124840,2026-08-19T13:04:00,76923.06,76937.74,76913.49,76925.09,33415
1787124900,2026-08-19T13:05:00,76923.86,76937.06,76915.32,76925.54,37611
1787124960,2026-08-19T13:06:00,76925.54,76926.1,76911.95,76916.16,15819
1787125020,2026-08-19T13:07:00,76912.68,76929.78,76911.7,76929.78,24834
1787125080,2026-08-19T13:08:00,76927.52,76933.28,76919.05,76926.21,25155
1787125140,2026-08-19T13:09:00,76925.25,76935.8,76922.36,76934.32,15546
1787125200,2026-08-19T13:10:00,76935.1,76937.23,76910.91,76913.35,12067
1787125260,2026-08-19T13:11:00,76915.04,76921.28,76907.31,76910.35,21173
1787125320,2026-08-19T13:12:00,76912.65,76913.95,76902.87,76902.87,19249
1787125380,2026-08-19T13:13:00,76902.87,76905.71,76894.84,76894.84,17041
1787125440,2026-08-19T13:14:00,76895.54,76899.97,76878.51,76879.02,7614
1787125500,2026-08-19T13:15:00,76880.04,76887.71,76873.04,76873.23,10595
1787125560,2026-08-19T13:16:00,76872.56,76879.7,76862.54,76862.54,5602
1787125620,2026-08-19T13:17:00,76860.8,76868.14,76850.37,76851.66,8867
1787125680,2026-08-19T13:18:00,76851.07,76878.25,76850.76,76872.83,5976
1787125740,2026-08-19T13:19:00,76871.38,76886.91,76871.38,76877.75,5973
1787125800,2026-08-19T13:20:00,76876.45,76876.45,76853.07,76855.43,12736
1787125860,2026-08-19T13:21:00,76858.22,76867.07,76856.86,76859.21,23225
1787125920,2026-08-19T13:22:00,76861.31,76869.39,76857.06,76861.55,14182
1787125980,2026-08-19T13:23:00,76859.63,76859.63,76847.5,76858.54,16360
1787126040,2026-08-19T13:24:00,76858.01,76861.34,76851.13,76856.52,6671
1787126100,2026-08-19T13:25:00,76855.95,76865.08,76852.0,76862.51,31761
1787126160,2026-08-19T13:26:00,76862.9,76863.35,76851.94,76861.57,26586
1787126220,2026-08-19T13:27:00,76861.57,76863.82,76850.68,76858.54,34952
1787126280,2026-08-19T13:28:00,76856.73,76865.56,76856.73,76865.0,3756
1787126340,2026-08-19T13:29:00,76862.56,76868.07,76855.87,76857.92,47570
1787126400,2026-08-19T13:30:00,76858.46,76862.41,76848.89,76861.18,5177
1787126460,2026-08-19T13:31:00,76860.57,76868.27,76853.6,76866.62,2880
1787126520,2026-08-19T13:32:00,76866.47,76868.1,76859.35,76865.98,13231
1787126580,2026-08-19T13:33:00,76866.38,76867.1,76849.41,76854.08,7202
1787126640,2026-08-19T13:34:00,76851.2,76856.77,76849.36,76854.8,27663
1787126700,2026-08-19T13:35:00,76855.41,76863.49,76851.83,76862.24,9170
1787126760,2026-08-19T13:36:00,76861.68,76875.94,76857.5,76875.94,10263
1787126820,2026-08-19T13:37:00,76875.94,76882.14,76867.92,76867.92,19493
1787126880,2026-08-19T13:38:00,76869.43,76874.14,76857.8,76859.14,17814
1787126940,2026-08-19T13:39:00,76859.75,76871.92,76852.81,76871.03,10167
1787127000,2026-08-19T13:40:00,76873.22,76877.44,76865.4,76871.21,20947
1787127060,2026-08-19T13:41:00,76872.09,76885.64,76855.71,76874.87,29653
1787127120,2026-08-19T13:42:00,76878.09,76881.86,76865.92,76876.23,22779
1787127180,2026-08-19T13:43:00,76876.93,76876.93,76863.93,76872.57,7192
1787127240,2026-08-19T13:44:00,76871.97,76878.19,76861.74,76864.95,5467
1787127300,2026-08-19T13:45:00,76868.1,76882.57,76864.66,76876.33,24082
1787127360,2026-08-19T13:46:00,76876.33,76876.33,76856.42,76866.54,24769
1787127420,2026-08-19T13:47:00,76866.54,76867.6,76857.16,76862.75,5070
1787127480,2026-08-19T13:48:00,76861.77,76865.62,76848.51,76859.84,14799
1787127540,2026-08-19T13:49:00,76859.84,76878.53,76859.84,76866.77,5958
1787127600,2026-08-19T13:50:00,76865.41,76868.88,76853.45,76855.11,5099
1787127660,2026-08-19T13:51:00,76853.03,76862.43,76840.51,76846.97,20268
1787127720,2026-08-19T13:52:00,76846.95,76857.19,76841.41,76857.19,20323
1787127780,2026-08-19T13:53:00,76857.5,76866.16,76853.73,76863.64,12056
1787127840,2026-08-19T13:54:00,76863.81,76869.63,76853.99,76854.02,23984
1787127900,2026-08-19T13:55:00,76853.61,76866.64,76852.87,76866.64,18680
1787127960,2026-08-19T13:56:00,76866.26,76873.22,76861.89,76870.78,4297
1787128020,2026-08-19T13:57:00,76868.65,76884.32,76865.98,76880.16,30299
1787128080,2026-08-19T13:58:00,76879.02,76884.24,76874.57,76882.55,8232
1787128140,2026-08-19T13:59:00,76883.5,76885.1,76870.71,76874.85,14902
1787128200,2026-08-19T14:00:00,76877.04,76885.74,76869.38,76881.37,6529
1787128260,2026-08-19T14:01:00,76880.5,76906.1,76877.7,76904.29,4979
1787128320,2026-08-19T14:02:00,76904.25,76917.58,76899.77,76914.07,11691
1787128380,2026-08-19T14:03:00,76915.28,76920.57,76910.94,76917.95,17644
1787128440,2026-08-19T14:04:00,76918.25,76925.43,76910.11,76925.43,32579
1787128500,2026-08-19T14:05:00,76925.43,76925.43,76895.13,76903.68,31376
1787128560,2026-08-19T14:06:00,76900.13,76919.45,76898.44,76914.16,12892
1787128620,2026-08-19T14:07:00,76914.98,76919.55,76908.17,76910.88,7094
1787128680,2026-08-19T14:08:00,76910.88,76938.43,76910.88,76931.74,9364
1787128740,2026-08-19T14:09:00,76933.51,76934.79,76919.86,76919.94,6244
1787128800,2026-08-19T14:10:00,76919.94,76920.81,76903.59,76912.41,9166
1787128860,2026-08-19T14:11:00,76912.44,76940.91,76911.41,76937.03,18254
1787128920,2026-08-19T14:12:00,76937.24,76946.97,76930.55,76931.52,10370
1787128980,2026-08-19T14:13:00,76933.9,76941.46,76920.22,76920.22,8901
1787129040,2026-08-19T14:14:00,76920.0,76924.57,76887.43,76901.2,140042
1787129100,2026-08-19T14:15:00,76899.98,76903.53,76888.29,76888.29,6985
1787129160,2026-08-19T14:16:00,76891.06,76892.22,76877.74,76881.22,6545
1787129220,2026-08-19T14:17:00,76881.09,76902.41,76872.65,76875.09,65543
1787129280,2026-08-19T14:18:00,76874.88,76890.62,76873.84,76873.84,13726
1787129340,2026-08-19T14:19:00,76876.06,76878.65,76864.81,76866.13,12199
1787129400,2026-08-19T14:20:00,76864.85,76867.35,76856.57,76859.17,11426
1787129460,2026-08-19T14:21:00,76857.88,76860.25,76848.19,76856.01,12648
1787129520,2026-08-19T14:22:00,76856.01,76856.22,76838.06,76839.75,11982
1787129580,2026-08-19T14:23:00,76840.3,76843.7,76822.89,76833.84,10218
1787129640,2026-08-19T14:24:00,76833.74,76844.1,76828.56,76839.58,11948
1787129700,2026-08-19T14:25:00,76839.58,76854.87,76829.37,76842.08,30104
1787129760,2026-08-19T14:26:00,76840.48,76855.63,76828.84,76850.8,31361
1787129820,2026-08-19T14:27:00,76851.74,76854.39,76836.84,76845.66,10397
1787129880,2026-08-19T14:28:00,76843.9,76849.01,76836.65,76840.66,36920
1787129940,2026-08-19T14:29:00,76840.66,76860.23,76837.53,76858.82,14558
1787130000,2026-08-19T14:30:00,76862.44,76876.79,76850.91,76874.83,73479
1787130060,2026-08-19T14:31:00,76874.64,76886.09,76873.63,76886.09,12669
1787130120,2026-08-19T14:32:00,76886.09,76898.32,76875.26,76886.14,32182
1787130180,2026-08-19T14:33:00,76886.22,76900.65,76886.07,76897.32,9021
1787130240,2026-08-19T14:34:00,76897.42,76910.05,76893.7,76903.66,10212
1787130300,2026-08-19T14:35:00,76906.28,76996.49,76892.7,76991.99,74386
1787130360,2026-08-19T14:36:00,76993.85,77010.21,76960.56,76971.0,13991
1787130420,2026-08-19T14:37:00,76969.77,76980.68,76958.78,76960.06,12715
1787130480,2026-08-19T14:38:00,76957.57,76958.51,76909.72,76912.48,7103
1787130540,2026-08-19T14:39:00,76911.72,76917.65,76900.95,76907.01,11370
1787130600,2026-08-19T14:40:00,76907.82,76909.48,76892.27,76909.48,14141
1787130660,2026-08-19T14:41:00,76910.66,76912.77,76880.39,76884.26,12777
1787130720,2026-08-19T14:42:00,76884.65,76898.11,76876.93,76894.95,10246
1787130780,2026-08-19T14:43:00,76894.53,76911.63,76894.53,76908.98,6462
1787130840,2026-08-19T14:44:00,76909.37,76921.96,76902.54,76911.24,8866
1787130900,2026-08-19T14:45:00,76912.47,76923.12,76905.1,76916.24,12581
1787130960,2026-08-19T14:46:00,76913.23,76913.23,76898.31,76903.3,11698
1787131020,2026-08-19T14:47:00,76903.32,76903.32,76889.58,76890.55,14040
1787131080,2026-08-19T14:48:00,76887.95,76890.15,76879.51,76884.54,20367
1787131140,2026-08-19T14:49:00,76887.15,76895.11,76877.74,76881.95,15342
1787131200,2026-08-19T14:50:00,76881.06,76909.27,76881.06,76897.89,10885
1787131260,2026-08-19T14:51:00,76895.89,76904.84,76885.52,76898.58,15191
1787131320,2026-08-19T14:52:00,76896.69,76922.39,76894.05,76894.95,45440
1787131380,2026-08-19T14:53:00,76899.22,76925.53,76890.17,76912.14,54433
1787131440,2026-08-19T14:54:00,76909.56,76916.09,76897.87,76903.93,26015
1787131500,2026-08-19T14:55:00,76900.67,76910.33,76881.87,76905.0,86572
1787131560,2026-08-19T14:56:00,76905.8,76933.69,76878.69,76931.13,87496
1787131620,2026-08-19T14:57:00,76922.64,76933.24,76911.43,76916.85,18535
1787131680,2026-08-19T14:58:00,76916.85,76934.57,76915.5,76934.57,25831
1787131740,2026-08-19T14:59:00,76933.84,76933.84,76919.01,76922.13,18634
1787131800,2026-08-19T15:00:00,76919.7,76925.76,76906.13,76911.25,28066
1787131860,2026-08-19T15:01:00,76912.37,76941.09,76911.57,76941.09,44526
1787131920,2026-08-19T15:02:00,76936.73,76951.17,76936.45,76944.55,21405
1787131980,2026-08-19T15:03:00,76944.63,76949.82,76927.08,76927.08,38508
1787132040,2026-08-19T15:04:00,76928.96,76936.4,76918.31,76930.88,19672
1787132100,2026-08-19T15:05:00,76929.59,76929.97,76900.87,76904.72,29673
1787132160,2026-08-19T15:06:00,76904.02,76906.42,76875.08,76882.93,37015
1787132220,2026-08-19T15:07:00,76883.95,76886.43,76876.21,76879.73,13706
1787132280,2026-08-19T15:08:00,76881.75,76887.08,76863.84,76872.15,14417
1787132340,2026-08-19T15:09:00,76873.85,76888.01,76865.39,76888.01,37936
1787132400,2026-08-19T15:10:00,76885.12,76894.59,76862.75,76885.26,33445
1787132460,2026-08-19T15:11:00,76882.33,76891.75,76865.39,76889.36,24435
1787132520,2026-08-19T15:12:00,76890.05,76910.06,76878.08,76909.96,36747
1787132580,2026-08-19T15:13:00,76909.17,76919.69,76904.04,76916.1,16425
1787132640,2026-08-19T15:14:00,76912.06,76941.13,76889.43,76908.68,20997
1787132700,2026-08-19T15:15:00,76908.05,76908.05,76908.05,76908.05,20997
1787132760,2026-08-19T15:16:00,76908.05,76908.05,76908.05,76908.05,20997
1787132820,2026-08-19T15:17:00,76908.05,76908.05,76908.05,76908.05,20997
1787132880,2026-08-19T15:18:00,76908.05,76908.05,76908.05,76908.05,20997
1787132940,2026-08-19T15:19:00,76908.05,76908.05,76908.05,76908.05,20997
1787133000,2026-08-19T15:20:00,76908.05,76908.05,76908.05,76908.05,20997
1787133060,2026-08-19T15:21:00,76908.05,76908.05,76908.05,76908.05,20997
1787133120,2026-08-19T15:22:00,76908.05,76908.05,76908.05,76908.05,20997
1787133180,2026-08-19T15:23:00,76908.05,76908.05,76908.05,76908.05,20997
1787133240,2026-08-19T15:24:00,76908.05,76908.05,76908.05,76908.05,20997
1787133300,2026-08-19T15:25:00,76908.05,76908.05,76908.05,76908.05,20997
1787133360,2026-08-19T15:26:00,76908.05,76908.05,76908.05,76908.05,20997
1787133420,2026-08-19T15:27:00,76908.05,76908.05,76908.05,76908.05,20997
1787133480,2026-08-19T15:28:00,76908.05,76908.05,76908.05,76908.05,20997
1787133540,2026-08-19T15:29:00,76908.05,76910.02,76908.05,76909.68,20997
1787197500,2026-08-20T09:15:00,77468.45,77481.82,77375.75,77461.28,200268
1787197560,2026-08-20T09:16:00,77451.62,77494.79,77449.78,77452.93,97524
1787197620,2026-08-20T09:17:00,77460.86,77469.79,77417.35,77418.45,92019
1787197680,2026-08-20T09:18:00,77417.99,77441.22,77417.99,77428.55,75899
1787197740,2026-08-20T09:19:00,77430.23,77432.35,77393.1,77398.64,62612
1787197800,2026-08-20T09:20:00,77394.61,77410.73,77382.0,77399.38,39595
1787197860,2026-08-20T09:21:00,77401.36,77409.07,77384.66,77403.72,59874
1787197920,2026-08-20T09:22:00,77403.65,77409.94,77395.47,77402.16,21408
1787197980,2026-08-20T09:23:00,77398.23,77404.37,77387.77,77396.99,44897
1787198040,2026-08-20T09:24:00,77402.0,77403.59,77386.46,77393.34,33966
1787198100,2026-08-20T09:25:00,77393.19,77420.15,77386.87,77414.33,40118
1787198160,2026-08-20T09:26:00,77416.95,77421.18,77403.95,77414.26,34801
1787198220,2026-08-20T09:27:00,77414.96,77429.49,77402.71,77404.67,34499
1787198280,2026-08-20T09:28:00,77407.14,77423.57,77400.28,77423.57,25392
1787198340,2026-08-20T09:29:00,77422.51,77423.83,77394.51,77399.89,46844
1787198400,2026-08-20T09:30:00,77405.83,77418.32,77399.04,77404.99,1448660
1787198460,2026-08-20T09:31:00,77402.11,77418.52,77394.62,77399.86,58619
1787198520,2026-08-20T09:32:00,77398.42,77410.96,77391.85,77402.46,35017
1787198580,2026-08-20T09:33:00,77401.96,77414.63,77390.96,77398.04,38533
1787198640,2026-08-20T09:34:00,77401.25,77431.57,77394.01,77430.22,36901
1787198700,2026-08-20T09:35:00,77428.37,77466.47,77424.13,77458.8,95549
1787198760,2026-08-20T09:36:00,77462.34,77474.58,77458.92,77461.54,57167
1787198820,2026-08-20T09:37:00,77462.1,77468.46,77452.5,77452.5,32816
1787198880,2026-08-20T09:38:00,77454.08,77455.34,77433.07,77447.04,48856
1787198940,2026-08-20T09:39:00,77446.82,77450.75,77432.99,77450.18,23343
1787199000,2026-08-20T09:40:00,77450.57,77477.19,77444.1,77477.19,39738
1787199060,2026-08-20T09:41:00,77473.46,77476.76,77465.76,77469.8,40319
1787199120,2026-08-20T09:42:00,77468.86,77473.35,77455.29,77455.29,29658
1787199180,2026-08-20T09:43:00,77457.6,77473.8,77450.93,77467.15,32344
1787199240,2026-08-20T09:44:00,77471.72,77489.18,77471.72,77480.26,23921
1787199300,2026-08-20T09:45:00,77482.94,77502.23,77481.0,77496.81,27543
1787199360,2026-08-20T09:46:00,77499.08,77499.91,77480.57,77485.83,50621
1787199420,2026-08-20T09:47:00,77480.04,77482.49,77460.27,77467.75,43680
1787199480,2026-08-20T09:48:00,77467.02,77474.77,77457.82,77472.74,62129
1787199540,2026-08-20T09:49:00,77472.13,77478.9,77466.29,77470.53,32204
1787199600,2026-08-20T09:50:00,77466.95,77466.95,77452.33,77456.38,27866
1787199660,2026-08-20T09:51:00,77454.86,77455.08,77441.51,77443.47,28874
1787199720,2026-08-20T09:52:00,77447.67,77451.15,77436.84,77436.9,23499
1787199780,2026-08-20T09:53:00,77437.58,77439.3,77426.52,77434.71,28532
1787199840,2026-08-20T09:54:00,77440.12,77453.97,77434.41,77452.83,18084
1787199900,2026-08-20T09:55:00,77449.22,77465.18,77447.52,77460.06,19793
1787199960,2026-08-20T09:56:00,77462.53,77474.32,77455.04,77470.62,21244
1787200020,2026-08-20T09:57:00,77470.25,77492.15,77466.12,77469.99,42779
1787200080,2026-08-20T09:58:00,77475.31,77482.31,77446.39,77454.21,18504
1787200140,2026-08-20T09:59:00,77454.22,77462.66,77447.78,77452.34,11505
1787200200,2026-08-20T10:00:00,77452.34,77457.51,77449.11,77454.01,18005
1787200260,2026-08-20T10:01:00,77453.52,77465.63,77453.52,77460.46,71144
1787200320,2026-08-20T10:02:00,77460.46,77466.44,77437.08,77458.58,10333
1787200380,2026-08-20T10:03:00,77456.32,77464.03,77427.38,77437.4,16513
1787200440,2026-08-20T10:04:00,77432.65,77453.73,77431.05,77448.83,13590
1787200500,2026-08-20T10:05:00,77450.39,77462.33,77435.26,77462.33,15963
1787200560,2026-08-20T10:06:00,77461.85,77461.85,77432.07,77457.29,80055
1787200620,2026-08-20T10:07:00,77457.36,77470.43,77449.63,77470.34,20632
1787200680,2026-08-20T10:08:00,77470.34,77479.67,77447.32,77449.15,16849
1787200740,2026-08-20T10:09:00,77449.1,77480.65,77447.31,77480.4,20810
1787200800,2026-08-20T10:10:00,77481.48,77494.52,77445.33,77493.48,21485
1787200860,2026-08-20T10:11:00,77464.32,77504.8,77462.47,77488.45,41200
1787200920,2026-08-20T10:12:00,77487.9,77510.02,77474.48,77495.06,75450
1787200980,2026-08-20T10:13:00,77491.63,77492.71,77481.54,77489.69,7154
1787201040,2026-08-20T10:14:00,77489.55,77498.96,77483.3,77492.38,18163
1787201100,2026-08-20T10:15:00,77493.63,77512.5,77493.63,77500.49,28147
1787201160,2026-08-20T10:16:00,77502.18,77508.64,77488.0,77507.39,11031
1787201220,2026-08-20T10:17:00,77507.33,77513.99,77500.38,77507.56,558410
1787201280,2026-08-20T10:18:00,77505.05,77508.45,77495.88,77506.6,12103
1787201340,2026-08-20T10:19:00,77505.52,77505.52,77492.02,77492.81,11836
1787201400,2026-08-20T10:20:00,77490.41,77496.16,77475.9,77476.83,19529
1787201460,2026-08-20T10:21:00,77476.58,77490.89,77474.26,77488.11,17593
1787201520,2026-08-20T10:22:00,77489.45,77498.76,77482.94,77498.76,16524
1787201580,2026-08-20T10:23:00,77497.68,77502.96,77489.31,77498.33,19571
1787201640,2026-08-20T10:24:00,77499.14,77501.17,77486.5,77493.01,9625
1787201700,2026-08-20T10:25:00,77492.61,77494.13,77463.12,77466.9,3010781
1787201760,2026-08-20T10:26:00,77466.81,77486.29,77457.06,77458.37,19424
1787201820,2026-08-20T10:27:00,77460.13,77486.47,77450.83,77454.03,175807
1787201880,2026-08-20T10:28:00,77454.0,77483.65,77453.22,77469.89,26317
1787201940,2026-08-20T10:29:00,77469.89,77472.27,77442.03,77446.68,33407
1787202000,2026-08-20T10:30:00,77445.94,77470.74,77439.76,77455.64,23540
1787202060,2026-08-20T10:31:00,77455.28,77462.9,77447.9,77454.89,29166
1787202120,2026-08-20T10:32:00,77452.17,77456.78,77442.4,77451.9,33818
1787202180,2026-08-20T10:33:00,77451.78,77456.68,77441.15,77451.26,15441
1787202240,2026-08-20T10:34:00,77449.52,77449.52,77435.1,77441.21,13461
1787202300,2026-08-20T10:35:00,77438.98,77450.76,77437.4,77449.18,22426
1787202360,2026-08-20T10:36:00,77447.07,77447.07,77424.36,77424.36,29537
1787202420,2026-08-20T10:37:00,77424.36,77425.95,77408.44,77414.08,23992
1787202480,2026-08-20T10:38:00,77412.18,77416.83,77406.06,77413.58,17022
1787202540,2026-08-20T10:39:00,77416.05,77422.67,77412.87,77421.87,7239
1787202600,2026-08-20T10:40:00,77421.26,77424.55,77413.23,77423.15,12073
1787202660,2026-08-20T10:41:00,77422.8,77429.81,77416.58,77424.36,14621
1787202720,2026-08-20T10:42:00,77423.24,77426.47,77415.51,77419.58,11736
1787202780,2026-08-20T10:43:00,77421.17,77428.81,77416.67,77426.26,9161
1787202840,2026-08-20T10:44:00,77434.06,77446.51,77426.58,77439.99,9231
1787202900,2026-08-20T10:45:00,77441.76,77451.58,77434.82,77438.95,13593
1787202960,2026-08-20T10:46:00,77437.32,77440.07,77414.89,77414.89,37136
1787203020,2026-08-20T10:47:00,77416.22,77427.29,77414.14,77414.71,11892
1787203080,2026-08-20T10:48:00,77412.31,77427.13,77408.35,77423.79,20612
1787203140,2026-08-20T10:49:00,77425.1,77441.18,77422.36,77435.99,24409
1787203200,2026-08-20T10:50:00,77433.81,77454.07,77432.99,77436.6,18935
1787203260,2026-08-20T10:51:00,77434.41,77446.0,77433.57,77442.09,20256
1787203320,2026-08-20T10:52:00,77442.01,77442.01,77422.84,77424.47,16422
1787203380,2026-08-20T10:53:00,77426.49,77438.62,77425.69,77434.82,26962
1787203440,2026-08-20T10:54:00,77432.0,77436.92,77415.92,77421.69,10699
1787203500,2026-08-20T10:55:00,77421.73,77437.39,77420.54,77434.48,2011034
1787203560,2026-08-20T10:56:00,77434.7,77442.75,77432.61,77432.61,13487
1787203620,2026-08-20T10:57:00,77431.57,77443.86,77431.57,77435.48,13195
1787203680,2026-08-20T10:58:00,77436.3,77451.19,77433.89,77448.89,18124
1787203740,2026-08-20T10:59:00,77449.64,77457.31,77444.56,77448.52,26811
1787203800,2026-08-20T11:00:00,77451.94,77478.06,77451.94,77476.41,12708
1787203860,2026-08-20T11:01:00,77474.0,77476.64,77461.21,77461.21,16314
1787203920,2026-08-20T11:02:00,77462.88,77468.13,77445.65,77455.74,10214
1787203980,2026-08-20T11:03:00,77454.84,77456.46,77439.4,77441.32,12230
1787204040,2026-08-20T11:04:00,77440.75,77454.89,77440.49,77451.14,26681
1787204100,2026-08-20T11:05:00,77453.71,77459.21,77449.07,77450.88,11489
1787204160,2026-08-20T11:06:00,77449.96,77458.23,77446.04,77457.34,10443
1787204220,2026-08-20T11:07:00,77456.35,77456.35,77442.08,77445.75,9959
1787204280,2026-08-20T11:08:00,77445.75,77449.91,77435.54,77441.38,27437
1787204340,2026-08-20T11:09:00,77441.43,77448.52,77434.73,77446.82,10526
1787204400,2026-08-20T11:10:00,77446.94,77446.94,77433.09,77437.67,8904
1787204460,2026-08-20T11:11:00,77434.17,77442.35,77430.5,77432.33,173040
1787204520,2026-08-20T11:12:00,77432.34,77435.61,77420.4,77427.75,14669
1787204580,2026-08-20T11:13:00,77427.31,77431.48,77412.01,77420.75,7838
1787204640,2026-08-20T11:14:00,77421.12,77436.72,77420.25,77424.68,26460
1787204700,2026-08-20T11:15:00,77428.83,77430.15,77411.69,77413.07,19094
1787204760,2026-08-20T11:16:00,77417.21,77428.42,77417.06,77428.42,5187
1787204820,2026-08-20T11:17:00,77428.3,77428.94,77412.72,77418.13,19295
1787204880,2026-08-20T11:18:00,77416.99,77417.02,77399.03,77400.96,52772
1787204940,2026-08-20T11:19:00,77400.91,77408.88,77398.09,77404.32,16265
1787205000,2026-08-20T11:20:00,77403.1,77407.72,77391.81,77392.8,8922
1787205060,2026-08-20T11:21:00,77391.29,77391.29,77381.38,77389.45,10910
1787205120,2026-08-20T11:22:00,77387.42,77392.42,77381.36,77381.59,13947
1787205180,2026-08-20T11:23:00,77383.93,77398.32,77382.82,77395.17,27482
1787205240,2026-08-20T11:24:00,77395.82,77395.82,77381.41,77382.09,8356
1787205300,2026-08-20T11:25:00,77382.09,77394.09,77381.35,77390.66,14309
1787205360,2026-08-20T11:26:00,77388.2,77394.19,77371.0,77377.41,13343
1787205420,2026-08-20T11:27:00,77379.4,77391.42,77378.11,77391.42,5532
1787205480,2026-08-20T11:28:00,77391.54,77396.74,77385.96,77393.18,22057
1787205540,2026-08-20T11:29:00,77393.18,77396.78,77387.37,77396.78,60294
1787205600,2026-08-20T11:30:00,77394.28,77416.35,77394.28,77416.35,56560
1787205660,2026-08-20T11:31:00,77416.35,77416.64,77401.08,77415.06,24313
1787205720,2026-08-20T11:32:00,77417.97,77447.48,77417.97,77447.48,29473
1787205780,2026-08-20T11:33:00,77445.29,77450.31,77438.87,77442.73,9219
1787205840,2026-08-20T11:34:00,77442.73,77444.12,77428.38,77428.74,12907
1787205900,2026-08-20T11:35:00,77435.22,77438.63,77424.34,77435.43,10305
1787205960,2026-08-20T11:36:00,77432.52,77437.06,77427.02,77431.02,12314
1787206020,2026-08-20T11:37:00,77434.24,77435.14,77418.79,77418.79,22505
1787206080,2026-08-20T11:38:00,77419.55,77429.39,77413.36,77427.56,10478
1787206140,2026-08-20T11:39:00,77426.63,77431.17,77424.4,77428.15,5556
1787206200,2026-08-20T11:40:00,77427.51,77431.7,77421.32,77422.79,10258
1787206260,2026-08-20T11:41:00,77423.72,77424.7,77410.95,77418.3,283438
1787206320,2026-08-20T11:42:00,77420.67,77431.85,77420.67,77427.21,243641
1787206380,2026-08-20T11:43:00,77426.88,77432.92,77420.08,77432.92,10232
1787206440,2026-08-20T11:44:00,77432.92,77435.26,77424.33,77426.84,10883
1787206500,2026-08-20T11:45:00,77424.84,77436.99,77423.25,77434.94,14805
1787206560,2026-08-20T11:46:00,77432.08,77446.4,77431.03,77443.42,20582
1787206620,2026-08-20T11:47:00,77455.64,77457.51,77448.92,77454.33,15341
1787206680,2026-08-20T11:48:00,77456.6,77459.13,77440.71,77440.71,19046
1787206740,2026-08-20T11:49:00,77440.83,77444.6,77429.49,77433.2,7214
1787206800,2026-08-20T11:50:00,77433.08,77444.3,77433.08,77440.09,9744
1787206860,2026-08-20T11:51:00,77437.48,77443.2,77433.69,77437.98,5951
1787206920,2026-08-20T11:52:00,77433.14,77444.03,77425.32,77427.89,9005
1787206980,2026-08-20T11:53:00,77429.41,77435.88,77422.92,77435.88,25421
1787207040,2026-08-20T11:54:00,77432.42,77444.08,77425.86,77443.51,9127
1787207100,2026-08-20T11:55:00,77444.43,77447.56,77434.19,77443.37,5924
1787207160,2026-08-20T11:56:00,77440.44,77450.59,77432.46,77450.59,307077
1787207220,2026-08-20T11:57:00,77451.89,77454.61,77438.12,77444.7,18109
1787207280,2026-08-20T11:58:00,77444.27,77448.38,77431.63,77438.43,9977
1787207340,2026-08-20T11:59:00,77443.99,77453.19,77441.48,77449.84,9366
1787207400,2026-08-20T12:00:00,77451.74,77452.64,77443.14,77444.36,13081
1787207460,2026-08-20T12:01:00,77444.49,77453.05,77441.7,77446.02,9601
1787207520,2026-08-20T12:02:00,77442.56,77455.17,77438.79,77448.39,10914
1787207580,2026-08-20T12:03:00,77448.43,77448.43,77429.13,77432.27,13041
1787207640,2026-08-20T12:04:00,77433.81,77438.38,77427.25,77427.25,17426
1787207700,2026-08-20T12:05:00,77429.82,77432.06,77423.57,77431.46,11741
1787207760,2026-08-20T12:06:00,77431.17,77442.2,77427.3,77441.4,9539
1787207820,2026-08-20T12:07:00,77441.64,77443.73,77432.78,77442.65,6131
1787207880,2026-08-20T12:08:00,77444.2,77444.2,77434.16,77436.7,10221
1787207940,2026-08-20T12:09:00,77435.11,77441.02,77425.74,77440.72,9184
1787208000,2026-08-20T12:10:00,77441.02,77449.61,77436.32,77442.03,7882
1787208060,2026-08-20T12:11:00,77441.42,77454.13,77439.67,77453.26,6309
1787208120,2026-08-20T12:12:00,77449.46,77452.22,77438.11,77447.31,6098
1787208180,2026-08-20T12:13:00,77448.11,77451.55,77441.95,77451.55,4533
1787208240,2026-08-20T12:14:00,77452.31,77460.97,77447.37,77450.32,13927
1787208300,2026-08-20T12:15:00,77447.69,77451.35,77441.37,77451.05,10907
1787208360,2026-08-20T12:16:00,77452.06,77452.38,77439.32,77452.34,18959
1787208420,2026-08-20T12:17:00,77452.34,77464.91,77449.43,77449.43,9641
1787208480,2026-08-20T12:18:00,77450.35,77461.05,77446.18,77454.53,4951
1787208540,2026-08-20T12:19:00,77455.74,77463.17,77448.0,77448.0,6964
1787208600,2026-08-20T12:20:00,77454.02,77457.21,77438.83,77441.18,9022
1787208660,2026-08-20T12:21:00,77440.13,77443.59,77429.93,77431.75,6007
1787208720,2026-08-20T12:22:00,77433.19,77441.98,77430.92,77441.98,4046
1787208780,2026-08-20T12:23:00,77438.96,77449.75,77433.49,77434.52,9508
1787208840,2026-08-20T12:24:00,77432.84,77445.6,77432.84,77443.74,28365
1787208900,2026-08-20T12:25:00,77443.64,77444.45,77434.89,77439.64,6311
1787208960,2026-08-20T12:26:00,77439.64,77443.15,77426.02,77427.11,4922
1787209020,2026-08-20T12:27:00,77431.23,77438.38,77425.06,77438.38,6441
1787209080,2026-08-20T12:28:00,77440.52,77444.08,77433.81,77435.4,9176
1787209140,2026-08-20T12:29:00,77435.4,77439.84,77432.66,77433.01,8142
1787209200,2026-08-20T12:30:00,77433.83,77445.4,77432.7,77434.67,6654
1787209260,2026-08-20T12:31:00,77432.98,77438.29,77427.81,77431.14,12199
1787209320,2026-08-20T12:32:00,77431.14,77435.63,77424.84,77429.98,5801
1787209380,2026-08-20T12:33:00,77434.51,77442.9,77431.37,77441.59,7680
1787209440,2026-08-20T12:34:00,77440.82,77440.82,77430.78,77434.72,28022
1787209500,2026-08-20T12:35:00,77437.94,77441.11,77426.34,77435.91,23378
1787209560,2026-08-20T12:36:00,77437.35,77439.52,77426.48,77427.86,5715
1787209620,2026-08-20T12:37:00,77428.02,77433.53,77422.56,77429.31,9969
1787209680,2026-08-20T12:38:00,77430.46,77436.98,77423.96,77431.95,7618
1787209740,2026-08-20T12:39:00,77430.69,77443.34,77429.47,77443.34,6932
1787209800,2026-08-20T12:40:00,77443.34,77458.88,77440.61,77453.27,10227
1787209860,2026-08-20T12:41:00,77453.26,77466.49,77449.81,77466.44,14601
1787209920,2026-08-20T12:42:00,77467.14,77467.45,77453.61,77466.64,8833
1787209980,2026-08-20T12:43:00,77464.47,77474.56,77460.68,77465.28,7179
1787210040,2026-08-20T12:44:00,77465.28,77473.91,77451.65,77459.04,16419
1787210100,2026-08-20T12:45:00,77459.04,77469.92,77455.91,77466.97,19406
1787210160,2026-08-20T12:46:00,77467.53,77485.76,77463.65,77485.76,5715
1787210220,2026-08-20T12:47:00,77482.95,77506.08,77473.02,77506.08,18231
1787210280,2026-08-20T12:48:00,77508.57,77549.81,77505.43,77547.1,11945
1787210340,2026-08-20T12:49:00,77546.69,77553.93,77535.28,77539.28,14709
1787210400,2026-08-20T12:50:00,77543.34,77560.65,77539.29,77560.65,24696
1787210460,2026-08-20T12:51:00,77560.65,77589.6,77560.65,77589.59,28506
1787210520,2026-08-20T12:52:00,77590.36,77609.54,77590.36,77607.76,21515
1787210580,2026-08-20T12:53:00,77604.58,77608.19,77572.03,77575.24,113989
1787210640,2026-08-20T12:54:00,77573.68,77573.68,77550.51,77555.8,107618
1787210700,2026-08-20T12:55:00,77553.23,77557.09,77486.23,77529.35,129831
1787210760,2026-08-20T12:56:00,77529.47,77544.96,77526.61,77533.34,8270
1787210820,2026-08-20T12:57:00,77533.34,77583.37,77527.7,77577.32,190533
1787210880,2026-08-20T12:58:00,77578.21,77599.13,77564.21,77570.56,117842
1787210940,2026-08-20T12:59:00,77571.63,77577.8,77563.64,77574.36,7251
1787211000,2026-08-20T13:00:00,77574.36,77574.36,77512.13,77527.72,111915
1787211060,2026-08-20T13:01:00,77527.72,77555.74,77527.42,77554.15,12108
1787211120,2026-08-20T13:02:00,77553.0,77560.78,77548.06,77560.78,7905
1787211180,2026-08-20T13:03:00,77560.18,77567.06,77552.93,77563.51,14528
1787211240,2026-08-20T13:04:00,77563.51,77566.44,77550.55,77550.55,5114
1787211300,2026-08-20T13:05:00,77552.02,77566.45,77547.17,77566.45,8443
1787211360,2026-08-20T13:06:00,77565.46,77570.24,77555.65,77559.91,16015
1787211420,2026-08-20T13:07:00,77555.93,77569.31,77550.26,77550.26,8161
1787211480,2026-08-20T13:08:00,77550.26,77561.43,77549.86,77552.84,7390
1787211540,2026-08-20T13:09:00,77552.3,77562.19,77552.24,77558.25,3796
1787211600,2026-08-20T13:10:00,77559.07,77573.55,77557.59,77561.63,22918
1787211660,2026-08-20T13:11:00,77561.43,77567.86,77553.32,77553.55,29647
1787211720,2026-08-20T13:12:00,77553.55,77562.36,77546.83,77547.9,21960
1787211780,2026-08-20T13:13:00,77547.9,77565.29,77547.9,77561.56,16576
1787211840,2026-08-20T13:14:00,77561.67,77577.19,77554.19,77576.12,9479
1787211900,2026-08-20T13:15:00,77576.64,77588.28,77547.66,77571.54,29975
1787211960,2026-08-20T13:16:00,77572.07,77576.52,77557.01,77557.04,32811
1787212020,2026-08-20T13:17:00,77555.05,77565.96,77526.58,77557.77,17933
1787212080,2026-08-20T13:18:00,77559.21,77560.68,77534.87,77538.58,53859
1787212140,2026-08-20T13:19:00,77538.58,77566.17,77519.28,77552.5,10720
1787212200,2026-08-20T13:20:00,77552.82,77574.71,77524.96,77537.35,7275
1787212260,2026-08-20T13:21:00,77536.76,77568.55,77529.73,77544.92,7339
1787212320,2026-08-20T13:22:00,77544.92,77578.96,77543.6,77544.02,9236
1787212380,2026-08-20T13:23:00,77543.96,77578.6,77542.28,77566.57,11616
1787212440,2026-08-20T13:24:00,77566.57,77593.33,77559.71,77593.33,11463
1787212500,2026-08-20T13:25:00,77593.31,77596.22,77558.11,77592.96,8058
1787212560,2026-08-20T13:26:00,77593.32,77594.3,77556.09,77556.8,13460
1787212620,2026-08-20T13:27:00,77555.56,77593.96,77554.34,77567.38,11073
1787212680,2026-08-20T13:28:00,77565.84,77571.23,77547.04,77547.11,7827
1787212740,2026-08-20T13:29:00,77578.48,77588.77,77555.05,77556.68,7997
1787212800,2026-08-20T13:30:00,77556.53,77595.47,77556.53,77591.97,14444
1787212860,2026-08-20T13:31:00,77589.39,77589.39,77554.47,77559.87,14786
1787212920,2026-08-20T13:32:00,77560.89,77596.14,77557.03,77596.14,6847
1787212980,2026-08-20T13:33:00,77596.85,77596.85,77558.94,77560.17,15134
1787213040,2026-08-20T13:34:00,77560.69,77597.35,77560.69,77595.68,5234
1787213100,2026-08-20T13:35:00,77595.15,77596.19,77557.57,77594.55,6609
1787213160,2026-08-20T13:36:00,77593.85,77599.96,77563.77,77567.39,6971
1787213220,2026-08-20T13:37:00,77567.87,77585.75,77566.27,77583.32,8702
1787213280,2026-08-20T13:38:00,77583.32,77583.87,77567.38,77567.38,10753
1787213340,2026-08-20T13:39:00,77563.76,77571.48,77553.26,77556.84,15911
1787213400,2026-08-20T13:40:00,77556.84,77564.22,77551.85,77562.4,7312
1787213460,2026-08-20T13:41:00,77562.66,77566.61,77541.19,77550.96,11535
1787213520,2026-08-20T13:42:00,77550.88,77585.82,77549.64,77573.09,4638
1787213580,2026-08-20T13:43:00,77573.09,77597.28,77563.86,77593.94,74890
1787213640,2026-08-20T13:44:00,77571.14,77577.47,77561.01,77563.7,3993
1787213700,2026-08-20T13:45:00,77563.74,77592.15,77554.28,77558.83,10062
1787213760,2026-08-20T13:46:00,77558.99,77593.97,77554.39,77590.92,43914
1787213820,2026-08-20T13:47:00,77589.15,77592.74,77578.52,77578.59,4756
1787213880,2026-08-20T13:48:00,77578.59,77596.88,77560.79,77568.35,6214
1787213940,2026-08-20T13:49:00,77563.23,77602.32,77563.23,77586.84,10886
1787214000,2026-08-20T13:50:00,77585.69,77588.65,77569.53,77575.25,5175
1787214060,2026-08-20T13:51:00,77574.77,77574.77,77558.61,77566.12,14012
1787214120,2026-08-20T13:52:00,77566.7,77570.17,77561.22,77561.5,19131
1787214180,2026-08-20T13:53:00,77562.65,77569.29,77557.78,77562.62,5875
1787214240,2026-08-20T13:54:00,77561.89,77572.43,77538.04,77564.39,8232
1787214300,2026-08-20T13:55:00,77567.46,77568.34,77525.21,77528.5,9389
1787214360,2026-08-20T13:56:00,77529.82,77579.24,77529.82,77577.79,5438
1787214420,2026-08-20T13:57:00,77576.24,77582.34,77533.66,77535.28,4591
1787214480,2026-08-20T13:58:00,77535.1,77548.32,77530.5,77545.11,9744
1787214540,2026-08-20T13:59:00,77543.89,77565.38,77517.16,77517.17,8913
1787214600,2026-08-20T14:00:00,77525.7,77557.69,77519.5,77548.29,7746
1787214660,2026-08-20T14:01:00,77546.03,77549.24,77509.62,77549.24,6017
1787214720,2026-08-20T14:02:00,77546.15,77548.74,77511.72,77516.32,8451
1787214780,2026-08-20T14:03:00,77514.07,77550.27,77508.97,77510.43,9280
1787214840,2026-08-20T14:04:00,77509.45,77539.03,77506.57,77536.97,4300
1787214900,2026-08-20T14:05:00,77537.64,77544.19,77498.62,77498.62,14515
1787214960,2026-08-20T14:06:00,77497.91,77530.85,77497.91,77525.31,15787
1787215020,2026-08-20T14:07:00,77525.31,77533.36,77517.65,77533.29,6324
1787215080,2026-08-20T14:08:00,77535.86,77540.52,77514.65,77514.65,10228
1787215140,2026-08-20T14:09:00,77514.47,77550.79,77514.47,77549.38,9124
1787215200,2026-08-20T14:10:00,77550.4,77556.98,77527.65,77534.93,5625
1787215260,2026-08-20T14:11:00,77531.55,77569.71,77525.4,77535.43,38580
1787215320,2026-08-20T14:12:00,77535.74,77560.86,77535.74,77556.63,10533
1787215380,2026-08-20T14:13:00,77558.38,77562.37,77529.36,77556.66,16893
1787215440,2026-08-20T14:14:00,77553.71,77561.43,77527.75,77560.83,6524
1787215500,2026-08-20T14:15:00,77559.84,77561.24,77521.3,77533.51,30780
1787215560,2026-08-20T14:16:00,77533.8,77545.07,77491.2,77491.2,17169
1787215620,2026-08-20T14:17:00,77491.92,77553.73,77489.85,77537.01,8089
1787215680,2026-08-20T14:18:00,77535.75,77558.77,77522.95,77522.95,6178
1787215740,2026-08-20T14:19:00,77521.74,77558.58,77515.84,77557.86,6053
1787215800,2026-08-20T14:20:00,77555.6,77559.24,77527.06,77545.66,11048
1787215860,2026-08-20T14:21:00,77544.31,77544.96,77483.93,77528.45,146054
1787215920,2026-08-20T14:22:00,77530.38,77538.3,77523.78,77537.65,43947
1787215980,2026-08-20T14:23:00,77538.7,77540.44,77526.64,77539.47,16299
1787216040,2026-08-20T14:24:00,77539.47,77572.05,77527.05,77572.05,24006
1787216100,2026-08-20T14:25:00,77573.98,77596.64,77538.83,77538.83,110239
1787216160,2026-08-20T14:26:00,77539.15,77548.87,77524.67,77548.7,27633
1787216220,2026-08-20T14:27:00,77548.7,77578.87,77546.66,77576.12,22091
1787216280,2026-08-20T14:28:00,77576.12,77581.65,77560.33,77565.44,45156
1787216340,2026-08-20T14:29:00,77564.54,77586.06,77557.42,77583.78,29227
1787216400,2026-08-20T14:30:00,77581.66,77586.96,77566.9,77573.08,71314
1787216460,2026-08-20T14:31:00,77573.08,77586.54,77571.54,77584.88,12326
1787216520,2026-08-20T14:32:00,77583.76,77586.3,77548.06,77582.22,61798
1787216580,2026-08-20T14:33:00,77584.97,77596.04,77584.81,77585.82,17839
1787216640,2026-08-20T14:34:00,77585.82,77596.2,77555.77,77596.2,90275
1787216700,2026-08-20T14:35:00,77603.78,77611.11,77573.6,77573.6,48060
1787216760,2026-08-20T14:36:00,77573.48,77574.14,77530.78,77565.27,60344
1787216820,2026-08-20T14:37:00,77565.27,77578.25,77565.27,77572.32,8828
1787216880,2026-08-20T14:38:00,77571.84,77580.05,77569.06,77574.01,8754
1787216940,2026-08-20T14:39:00,77574.01,77587.33,77563.46,77584.28,8334
1787217000,2026-08-20T14:40:00,77583.94,77591.13,77578.6,77586.77,8530
1787217060,2026-08-20T14:41:00,77586.77,77594.47,77567.98,77576.78,8798
1787217120,2026-08-20T14:42:00,77575.75,77577.66,77561.35,77568.22,15651
1787217180,2026-08-20T14:43:00,77568.67,77575.43,77564.87,77568.91,22016
1787217240,2026-08-20T14:44:00,77567.01,77577.03,77564.67,77566.22,13064
1787217300,2026-08-20T14:45:00,77562.92,77571.06,77550.21,77553.74,10492
1787217360,2026-08-20T14:46:00,77553.07,77567.98,77544.98,77566.38,22458
1787217420,2026-08-20T14:47:00,77562.96,77570.11,77556.99,77564.65,25041
1787217480,2026-08-20T14:48:00,77564.28,77568.98,77551.95,77553.91,18694
1787217540,2026-08-20T14:49:00,77552.91,77566.63,77552.24,77556.0,12197
1787217600,2026-08-20T14:50:00,77556.0,77569.16,77556.0,77564.98,17695
1787217660,2026-08-20T14:51:00,77565.08,77567.11,77553.95,77564.05,14117
1787217720,2026-08-20T14:52:00,77564.93,77565.38,77529.72,77563.79,24489
1787217780,2026-08-20T14:53:00,77560.86,77563.14,77527.34,77550.46,20060
1787217840,2026-08-20T14:54:00,77550.46,77570.91,77531.2,77565.92,20518
1787217900,2026-08-20T14:55:00,77564.77,77569.52,77531.3,77540.5,15342
1787217960,2026-08-20T14:56:00,77541.2,77584.54,77538.85,77545.53,12902
1787218020,2026-08-20T14:57:00,77545.77,77579.25,77541.4,77543.96,19768
1787218080,2026-08-20T14:58:00,77548.73,77559.12,77538.51,77548.54,29243
1787218140,2026-08-20T14:59:00,77548.54,77560.39,77543.75,77553.86,12805
1787218200,2026-08-20T15:00:00,77554.16,77577.76,77539.17,77565.74,18835
1787218260,2026-08-20T15:01:00,77562.33,77562.33,77489.2,77503.6,202147
1787218320,2026-08-20T15:02:00,77497.02,77533.13,77496.27,77502.4,20580
1787218380,2026-08-20T15:03:00,77503.64,77534.15,77495.94,77531.07,35832
1787218440,2026-08-20T15:04:00,77529.6,77581.99,77498.47,77581.0,139990
1787218500,2026-08-20T15:05:00,77580.85,77580.85,77501.43,77531.68,72288
1787218560,2026-08-20T15:06:00,77530.57,77532.28,77482.81,77489.83,59682
1787218620,2026-08-20T15:07:00,77496.09,77528.78,77477.37,77494.99,95173
1787218680,2026-08-20T15:08:00,77487.83,77524.78,77482.56,77522.56,20924
1787218740,2026-08-20T15:09:00,77523.21,77523.88,77473.03,77476.59,18240
1787218800,2026-08-20T15:10:00,77478.68,77508.53,77477.11,77486.23,20610
1787218860,2026-08-20T15:11:00,77482.21,77508.86,77451.12,77451.12,13909
1787218920,2026-08-20T15:12:00,77458.34,77509.3,77439.6,77472.9,34552
1787218980,2026-08-20T15:13:00,77473.65,77526.42,77454.63,77494.72,18006
1787219040,2026-08-20T15:14:00,77493.78,77497.55,77453.5,77488.19,24023
1787219100,2026-08-20T15:15:00,77485.29,77485.29,77485.29,77485.29,24023
1787219160,2026-08-20T15:16:00,77485.29,77485.29,77485.29,77485.29,24023
1787219220,2026-08-20T15:17:00,77485.29,77485.29,77485.29,77485.29,24023
1787219280,2026-08-20T15:18:00,77485.29,77485.29,77485.29,77485.29,24023
1787219340,2026-08-20T15:19:00,77485.29,77485.29,77485.29,77485.29,24023
1787219400,2026-08-20T15:20:00,77485.29,77485.29,77485.29,77485.29,24023
1787219460,2026-08-20T15:21:00,77485.29,77485.29,77485.29,77485.29,24023
1787219520,2026-08-20T15:22:00,77485.29,77485.29,77485.29,77485.29,24023
1787219580,2026-08-20T15:23:00,77485.29,77485.29,77485.29,77485.29,24023
1787219640,2026-08-20T15:24:00,77485.29,77485.29,77485.29,77485.29,24023
1787219700,2026-08-20T15:25:00,77485.29,77485.29,77485.29,77485.29,24023
1787219760,2026-08-20T15:26:00,77485.29,77485.29,77485.29,77485.29,24023
1787219820,2026-08-20T15:27:00,77485.29,77485.29,77485.29,77485.29,24023
1787219880,2026-08-20T15:28:00,77485.29,77485.29,77485.29,77485.29,24023
1787219940,2026-08-20T15:29:00,77485.29,77537.72,77485.29,77537.72,24023
1787283900,2026-08-21T09:15:00,77701.07,77725.67,77572.35,77612.61,233187
1787283960,2026-08-21T09:16:00,77613.4,77630.22,77564.96,77580.44,87961
1787284020,2026-08-21T09:17:00,77578.51,77597.11,77559.97,77585.41,57900
1787284080,2026-08-21T09:18:00,77589.14,77590.82,77552.87,77552.87,49013
1787284140,2026-08-21T09:19:00,77551.13,77553.75,77538.22,77540.53,36924
1787284200,2026-08-21T09:20:00,77539.17,77539.17,77499.68,77502.01,39116
1787284260,2026-08-21T09:21:00,77496.92,77496.92,77448.4,77475.19,65106
1787284320,2026-08-21T09:22:00,77478.98,77479.79,77457.41,77471.25,68948
1787284380,2026-08-21T09:23:00,77472.99,77499.31,77468.67,77499.31,52061
1787284440,2026-08-21T09:24:00,77494.4,77499.63,77472.96,77481.72,26652
1787284500,2026-08-21T09:25:00,77491.38,77494.98,77475.67,77488.88,25151
1787284560,2026-08-21T09:26:00,77487.05,77497.37,77481.25,77490.43,31511
1787284620,2026-08-21T09:27:00,77489.79,77492.65,77475.27,77482.99,24437
1787284680,2026-08-21T09:28:00,77482.28,77506.83,77482.28,77504.13,31250
1787284740,2026-08-21T09:29:00,77503.38,77525.26,77500.18,77511.92,81764
1787284800,2026-08-21T09:30:00,77507.86,77513.64,77490.98,77493.17,53880
1787284860,2026-08-21T09:31:00,77491.75,77496.33,77479.17,77483.0,34810
1787284920,2026-08-21T09:32:00,77485.98,77496.79,77476.34,77485.22,19292
1787284980,2026-08-21T09:33:00,77483.04,77487.22,77475.43,77482.92,30253
1787285040,2026-08-21T09:34:00,77477.84,77479.73,77447.13,77451.78,22799
1787285100,2026-08-21T09:35:00,77449.15,77468.28,77445.86,77465.62,36970
1787285160,2026-08-21T09:36:00,77468.9,77483.6,77465.96,77481.3,26828
1787285220,2026-08-21T09:37:00,77481.57,77495.41,77470.62,77486.77,38374
1787285280,2026-08-21T09:38:00,77486.61,77491.54,77475.9,77475.9,1017146
1787285340,2026-08-21T09:39:00,77476.9,77500.01,77475.36,77490.64,46568
1787285400,2026-08-21T09:40:00,77494.11,77521.47,77491.89,77520.47,20860
1787285460,2026-08-21T09:41:00,77520.83,77549.76,77517.37,77549.51,39303
1787285520,2026-08-21T09:42:00,77546.72,77583.34,77540.84,77572.6,47567
1787285580,2026-08-21T09:43:00,77574.97,77577.24,77559.28,77577.24,33427
1787285640,2026-08-21T09:44:00,77574.47,77584.2,77568.17,77579.13,36687
1787285700,2026-08-21T09:45:00,77579.8,77597.04,77576.41,77597.04,33754
1787285760,2026-08-21T09:46:00,77597.04,77608.3,77580.18,77588.94,44648
1787285820,2026-08-21T09:47:00,77587.34,77597.03,77574.32,77582.69,27159
1787285880,2026-08-21T09:48:00,77582.57,77586.53,77576.59,77576.59,23075
1787285940,2026-08-21T09:49:00,77582.03,77603.36,77581.42,77590.65,25330
1787286000,2026-08-21T09:50:00,77590.93,77598.91,77588.3,77590.36,32249
1787286060,2026-08-21T09:51:00,77592.23,77614.31,77587.97,77611.0,12603
1787286120,2026-08-21T09:52:00,77611.51,77616.17,77592.03,77592.03,23433
1787286180,2026-08-21T09:53:00,77594.94,77623.86,77594.94,77617.34,18256
1787286240,2026-08-21T09:54:00,77617.91,77628.36,77614.78,77621.12,13922
1787286300,2026-08-21T09:55:00,77621.86,77622.74,77604.02,77607.49,20064
1787286360,2026-08-21T09:56:00,77608.17,77611.57,77587.3,77601.3,17168
1787286420,2026-08-21T09:57:00,77603.02,77603.02,77587.85,77594.11,23043
1787286480,2026-08-21T09:58:00,77593.8,77601.36,77584.32,77598.62,12974
1787286540,2026-08-21T09:59:00,77601.57,77601.57,77588.96,77598.93,28959
1787286600,2026-08-21T10:00:00,77600.35,77609.97,77598.01,77609.68,15558
1787286660,2026-08-21T10:01:00,77609.87,77609.87,77577.13,77585.88,23173
1787286720,2026-08-21T10:02:00,77585.83,77590.92,77568.88,77580.46,28802
1787286780,2026-08-21T10:03:00,77581.36,77584.18,77572.19,77572.51,22268
1787286840,2026-08-21T10:04:00,77572.57,77574.32,77562.71,77567.69,20065
1787286900,2026-08-21T10:05:00,77569.92,77573.64,77554.66,77556.09,379568
1787286960,2026-08-21T10:06:00,77561.45,77567.0,77559.61,77562.51,19575
1787287020,2026-08-21T10:07:00,77560.86,77560.86,77543.87,77545.29,14515
1787287080,2026-08-21T10:08:00,77545.2,77548.9,77533.31,77534.35,11695
1787287140,2026-08-21T10:09:00,77534.35,77542.43,77529.81,77533.8,14962
1787287200,2026-08-21T10:10:00,77534.2,77553.07,77521.77,77549.15,22746
1787287260,2026-08-21T10:11:00,77550.59,77554.71,77535.36,77554.71,13341
1787287320,2026-08-21T10:12:00,77554.18,77559.15,77548.48,77555.56,27136
1787287380,2026-08-21T10:13:00,77555.03,77563.33,77545.2,77558.38,17688
1787287440,2026-08-21T10:14:00,77559.41,77566.45,77558.01,77563.47,9699
1787287500,2026-08-21T10:15:00,77563.66,77563.66,77544.84,77546.13,30527
1787287560,2026-08-21T10:16:00,77546.94,77558.09,77543.86,77556.28,12862
1787287620,2026-08-21T10:17:00,77557.6,77558.19,77548.89,77557.73,9842
1787287680,2026-08-21T10:18:00,77557.07,77560.31,77550.78,77555.28,31319
1787287740,2026-08-21T10:19:00,77557.94,77557.94,77541.73,77546.83,10005
1787287800,2026-08-21T10:20:00,77543.13,77546.93,77536.67,77542.93,1010067
1787287860,2026-08-21T10:21:00,77544.12,77549.04,77537.76,77542.95,11453
1787287920,2026-08-21T10:22:00,77543.53,77565.01,77542.88,77562.3,18185
1787287980,2026-08-21T10:23:00,77562.1,77588.86,77558.77,77588.65,772118
1787288040,2026-08-21T10:24:00,77587.07,77594.25,77583.68,77594.25,15452
1787288100,2026-08-21T10:25:00,77594.57,77594.57,77578.18,77592.48,19790
1787288160,2026-08-21T10:26:00,77590.95,77601.54,77589.73,77600.06,53699
1787288220,2026-08-21T10:27:00,77598.95,77603.88,77583.96,77588.8,61163
1787288280,2026-08-21T10:28:00,77587.58,77605.64,77587.58,77602.52,166091
1787288340,2026-08-21T10:29:00,77604.18,77627.73,77604.18,77627.16,12467
1787288400,2026-08-21T10:30:00,77627.73,77632.74,77615.45,77622.0,27162
1787288460,2026-08-21T10:31:00,77622.0,77632.81,77612.23,77632.07,22937
1787288520,2026-08-21T10:32:00,77630.07,77630.79,77617.89,77623.21,49250
1787288580,2026-08-21T10:33:00,77619.24,77623.95,77608.36,77612.23,14242
1787288640,2026-08-21T10:34:00,77613.14,77618.67,77608.66,77615.13,55139
1787288700,2026-08-21T10:35:00,77615.13,77618.41,77608.29,77610.26,20458
1787288760,2026-08-21T10:36:00,77609.44,77615.23,77604.46,77607.67,36457
1787288820,2026-08-21T10:37:00,77605.33,77618.23,77601.43,77618.23,40332
1787288880,2026-08-21T10:38:00,77618.23,77620.85,77612.78,77617.2,28628
1787288940,2026-08-21T10:39:00,77617.2,77622.99,77611.33,77617.07,20623
1787289000,2026-08-21T10:40:00,77616.42,77621.0,77609.89,77614.58,20067
1787289060,2026-08-21T10:41:00,77611.73,77620.87,77610.28,77619.85,46767
1787289120,2026-08-21T10:42:00,77618.94,77627.81,77617.03,77627.81,13652
1787289180,2026-08-21T10:43:00,77627.95,77634.16,77618.82,77632.35,11793
1787289240,2026-08-21T10:44:00,77629.24,77632.61,77616.07,77627.06,25455
1787289300,2026-08-21T10:45:00,77631.14,77633.14,77625.24,77627.4,13653
1787289360,2026-08-21T10:46:00,77625.97,77640.28,77623.26,77633.9,10838
1787289420,2026-08-21T10:47:00,77633.54,77633.97,77612.8,77613.04,8705
1787289480,2026-08-21T10:48:00,77613.04,77613.73,77601.72,77612.33,37129
1787289540,2026-08-21T10:49:00,77611.14,77622.66,77611.14,77617.47,20064
1787289600,2026-08-21T10:50:00,77616.56,77624.63,77609.28,77622.14,69137
1787289660,2026-08-21T10:51:00,77621.75,77626.53,77615.73,77620.8,29998
1787289720,2026-08-21T10:52:00,77618.74,77645.23,77618.74,77641.79,28888
1787289780,2026-08-21T10:53:00,77642.59,77658.63,77642.19,77650.33,30175
1787289840,2026-08-21T10:54:00,77646.43,77666.79,77646.43,77661.86,19365
1787289900,2026-08-21T10:55:00,77661.14,77665.91,77645.64,77650.42,46320
1787289960,2026-08-21T10:56:00,77648.78,77652.14,77642.84,77650.75,108251
1787290020,2026-08-21T10:57:00,77649.62,77652.78,77626.2,77633.29,22608
1787290080,2026-08-21T10:58:00,77633.29,77633.29,77621.94,77627.23,29786
1787290140,2026-08-21T10:59:00,77625.61,77646.56,77621.63,77642.8,46497
1787290200,2026-08-21T11:00:00,77644.94,77657.62,77644.66,77654.28,19525
1787290260,2026-08-21T11:01:00,77654.13,77658.72,77649.69,77649.69,21831
1787290320,2026-08-21T11:02:00,77650.09,77656.02,77640.46,77647.7,16026
1787290380,2026-08-21T11:03:00,77646.91,77660.49,77642.71,77650.8,29641
1787290440,2026-08-21T11:04:00,77655.81,77666.92,77649.33,77657.44,15562
1787290500,2026-08-21T11:05:00,77654.87,77665.54,77647.33,77659.69,21163
1787290560,2026-08-21T11:06:00,77659.45,77672.54,77653.44,77660.79,60663
1787290620,2026-08-21T11:07:00,77660.34,77660.9,77641.41,77653.58,134447
1787290680,2026-08-21T11:08:00,77653.58,77660.2,77647.33,77654.01,19990
1787290740,2026-08-21T11:09:00,77649.9,77656.29,77639.03,77643.69,23540
1787290800,2026-08-21T11:10:00,77643.5,77647.26,77635.11,77642.84,13023
1787290860,2026-08-21T11:11:00,77637.56,77642.89,77629.65,77638.94,14895
1787290920,2026-08-21T11:12:00,77642.57,77649.28,77634.45,77646.39,16549
1787290980,2026-08-21T11:13:00,77643.52,77655.19,77641.72,77652.83,13865
1787291040,2026-08-21T11:14:00,77650.9,77654.38,77644.75,77654.38,15049
1787291100,2026-08-21T11:15:00,77649.85,77664.4,77649.85,77654.12,15548
1787291160,2026-08-21T11:16:00,77654.3,77657.01,77643.14,77652.95,10949
1787291220,2026-08-21T11:17:00,77652.87,77653.26,77640.25,77644.04,9029
1787291280,2026-08-21T11:18:00,77641.47,77645.93,77622.69,77623.25,102391
1787291340,2026-08-21T11:19:00,77624.88,77630.43,77617.98,77627.66,14482
1787291400,2026-08-21T11:20:00,77628.62,77633.13,77621.62,77625.89,8155
1787291460,2026-08-21T11:21:00,77624.98,77629.14,77621.76,77626.96,16737
1787291520,2026-08-21T11:22:00,77626.49,77626.49,77605.41,77611.88,10784
1787291580,2026-08-21T11:23:00,77610.6,77622.4,77610.6,77614.72,28710
1787291640,2026-08-21T11:24:00,77614.72,77631.14,77614.53,77624.94,14423
1787291700,2026-08-21T11:25:00,77627.51,77633.97,77623.0,77628.53,10322
1787291760,2026-08-21T11:26:00,77631.13,77639.77,77629.2,77633.13,9638
1787291820,2026-08-21T11:27:00,77633.13,77635.81,77621.29,77628.27,16808
1787291880,2026-08-21T11:28:00,77627.05,77632.68,77618.32,77626.26,14133
1787291940,2026-08-21T11:29:00,77624.63,77631.66,77619.96,77623.96,17564
1787292000,2026-08-21T11:30:00,77624.25,77648.38,77624.25,77648.38,102391
1787292060,2026-08-21T11:31:00,77648.23,77654.22,77628.11,77628.11,8919
1787292120,2026-08-21T11:32:00,77628.11,77640.92,77619.99,77636.21,33602
1787292180,2026-08-21T11:33:00,77638.5,77642.95,77631.63,77635.09,16202
1787292240,2026-08-21T11:34:00,77632.69,77644.52,77629.09,77633.63,13585
1787292300,2026-08-21T11:35:00,77638.57,77642.26,77632.26,77635.25,7821
1787292360,2026-08-21T11:36:00,77634.23,77641.38,77628.16,77632.92,13663
1787292420,2026-08-21T11:37:00,77633.85,77642.61,77620.8,77621.2,22819
1787292480,2026-08-21T11:38:00,77621.2,77641.44,77621.2,77630.47,8042
1787292540,2026-08-21T11:39:00,77630.49,77640.55,77620.51,77629.27,17677
1787292600,2026-08-21T11:40:00,77629.26,77634.14,77614.89,77615.23,17533
1787292660,2026-08-21T11:41:00,77622.63,77630.85,77614.3,77619.7,10657
1787292720,2026-08-21T11:42:00,77621.28,77622.39,77602.84,77604.08,39266
1787292780,2026-08-21T11:43:00,77602.1,77617.68,77598.14,77608.26,9740
1787292840,2026-08-21T11:44:00,77609.48,77616.89,77605.79,77610.96,9139
1787292900,2026-08-21T11:45:00,77611.65,77619.26,77607.39,77615.45,39377
1787292960,2026-08-21T11:46:00,77615.26,77615.34,77601.43,77601.62,14489
1787293020,2026-08-21T11:47:00,77607.41,77626.11,77607.41,77625.46,9089
1787293080,2026-08-21T11:48:00,77625.69,77629.42,77617.42,77620.51,11165
1787293140,2026-08-21T11:49:00,77622.54,77630.39,77617.19,77622.1,11407
1787293200,2026-08-21T11:50:00,77622.1,77643.34,77619.57,77643.34,51543
1787293260,2026-08-21T11:51:00,77644.25,77646.71,77634.02,77636.3,8066
1787293320,2026-08-21T11:52:00,77635.71,77639.95,77617.55,77617.55,9512
1787293380,2026-08-21T11:53:00,77619.47,77631.53,77619.47,77630.92,7322
1787293440,2026-08-21T11:54:00,77629.49,77633.76,77608.2,77608.2,274467
1787293500,2026-08-21T11:55:00,77608.33,77609.2,77591.14,77591.14,8880
1787293560,2026-08-21T11:56:00,77591.61,77596.82,77580.55,77592.63,762050
1787293620,2026-08-21T11:57:00,77592.63,77593.18,77578.93,77589.0,11732
1787293680,2026-08-21T11:58:00,77589.71,77589.71,77580.68,77582.37,17576
1787293740,2026-08-21T11:59:00,77581.55,77586.29,77571.47,77584.71,12490
1787293800,2026-08-21T12:00:00,77579.67,77584.35,77572.36,77583.12,18694
1787293860,2026-08-21T12:01:00,77582.8,77593.81,77577.87,77593.81,24887
1787293920,2026-08-21T12:02:00,77588.03,77600.27,77586.69,77586.69,8406
1787293980,2026-08-21T12:03:00,77586.69,77594.29,77582.7,77583.36,5628
1787294040,2026-08-21T12:04:00,77583.73,77588.7,77580.05,77583.91,6534
1787294100,2026-08-21T12:05:00,77583.91,77592.2,77580.61,77589.61,7148
1787294160,2026-08-21T12:06:00,77588.94,77591.2,77583.18,77583.44,4640
1787294220,2026-08-21T12:07:00,77582.34,77585.73,77572.98,77572.98,8862
1787294280,2026-08-21T12:08:00,77575.55,77579.05,77568.6,77577.27,7480
1787294340,2026-08-21T12:09:00,77576.06,77576.06,77568.61,77573.17,8342
1787294400,2026-08-21T12:10:00,77571.93,77585.53,77565.48,77585.53,8171
1787294460,2026-08-21T12:11:00,77585.53,77585.53,77566.86,77571.28,9054
1787294520,2026-08-21T12:12:00,77568.51,77570.82,77560.46,77566.84,8513
1787294580,2026-08-21T12:13:00,77569.99,77580.66,77561.59,77568.23,7116
1787294640,2026-08-21T12:14:00,77568.23,77578.78,77557.8,77557.8,20994
1787294700,2026-08-21T12:15:00,77558.09,77565.92,77554.09,77558.23,8964
1787294760,2026-08-21T12:16:00,77558.04,77558.04,77540.64,77541.06,14758
1787294820,2026-08-21T12:17:00,77540.2,77548.92,77537.81,77542.42,18241
1787294880,2026-08-21T12:18:00,77542.95,77571.91,77542.95,77571.91,10009
1787294940,2026-08-21T12:19:00,77570.51,77573.34,77561.67,77566.05,11505
1787295000,2026-08-21T12:20:00,77566.05,77578.61,77566.05,77573.27,12208
1787295060,2026-08-21T12:21:00,77573.49,77577.79,77571.34,77577.79,20020
1787295120,2026-08-21T12:22:00,77573.56,77583.74,77571.07,77574.11,7191
1787295180,2026-08-21T12:23:00,77574.35,77585.56,77574.35,77580.14,4833
1787295240,2026-08-21T12:24:00,77579.49,77587.4,77579.32,77581.98,7224
1787295300,2026-08-21T12:25:00,77581.98,77585.72,77579.46,77580.34,3848
1787295360,2026-08-21T12:26:00,77580.34,77588.46,77578.4,77585.52,6337
1787295420,2026-08-21T12:27:00,77585.52,77587.19,77576.59,77582.06,2654
1787295480,2026-08-21T12:28:00,77581.82,77582.34,77561.05,77569.28,8977
1787295540,2026-08-21T12:29:00,77569.28,77575.51,77563.81,77575.45,7626
1787295600,2026-08-21T12:30:00,77573.52,77591.0,77573.52,77589.79,11407
1787295660,2026-08-21T12:31:00,77589.79,77592.86,77582.45,77588.07,4748
1787295720,2026-08-21T12:32:00,77588.07,77595.52,77582.25,77591.09,10469
1787295780,2026-08-21T12:33:00,77591.03,77592.71,77580.54,77591.84,4449
1787295840,2026-08-21T12:34:00,77588.09,77589.62,77576.09,77581.35,8455
1787295900,2026-08-21T12:35:00,77581.35,77596.02,77577.31,77592.0,24254
1787295960,2026-08-21T12:36:00,77589.83,77595.06,77584.32,77591.88,11836
1787296020,2026-08-21T12:37:00,77589.95,77596.1,77585.0,77592.92,15920
1787296080,2026-08-21T12:38:00,77589.29,77594.86,77563.84,77571.91,17127
1787296140,2026-08-21T12:39:00,77570.58,77574.13,77561.11,77561.11,15968
1787296200,2026-08-21T12:40:00,77565.8,77569.42,77556.22,77566.04,13070
1787296260,2026-08-21T12:41:00,77570.61,77571.12,77554.68,77554.68,8863
1787296320,2026-08-21T12:42:00,77554.68,77555.33,77540.44,77541.52,18819
1787296380,2026-08-21T12:43:00,77539.59,77548.36,77531.87,77542.92,8178
1787296440,2026-08-21T12:44:00,77542.92,77545.71,77534.11,77539.45,9684
1787296500,2026-08-21T12:45:00,77540.13,77557.75,77540.13,77557.75,5116
1787296560,2026-08-21T12:46:00,77557.75,77566.11,77549.3,77549.3,24555
1787296620,2026-08-21T12:47:00,77550.05,77554.15,77542.26,77549.86,7271
1787296680,2026-08-21T12:48:00,77550.84,77552.59,77536.73,77539.61,10729
1787296740,2026-08-21T12:49:00,77540.04,77543.1,77532.95,77539.68,13461
1787296800,2026-08-21T12:50:00,77540.13,77550.96,77540.13,77550.96,12491
1787296860,2026-08-21T12:51:00,77546.43,77550.17,77537.86,77543.66,6121
1787296920,2026-08-21T12:52:00,77541.67,77555.54,77541.67,77545.06,8735
1787296980,2026-08-21T12:53:00,77544.71,77552.05,77542.36,77548.27,5316
1787297040,2026-08-21T12:54:00,77548.61,77553.5,77544.11,77545.85,6641
1787297100,2026-08-21T12:55:00,77553.03,77556.26,77546.73,77548.99,11227
1787297160,2026-08-21T12:56:00,77548.99,77559.76,77548.89,77548.89,6850
1787297220,2026-08-21T12:57:00,77550.11,77550.11,77534.64,77534.64,8966
1787297280,2026-08-21T12:58:00,77532.61,77541.62,77532.61,77539.8,6953
1787297340,2026-08-21T12:59:00,77539.8,77545.95,77536.74,77541.52,16737
1787297400,2026-08-21T13:00:00,77542.57,77550.34,77536.92,77543.22,10582
1787297460,2026-08-21T13:01:00,77542.58,77562.76,77539.38,77562.76,6838
1787297520,2026-08-21T13:02:00,77562.58,77562.58,77547.71,77559.56,7258
1787297580,2026-08-21T13:03:00,77553.06,77564.04,77552.94,77563.51,6099
1787297640,2026-08-21T13:04:00,77564.89,77570.88,77564.89,77568.02,13644
1787297700,2026-08-21T13:05:00,77565.74,77582.4,77565.71,77582.4,15486
1787297760,2026-08-21T13:06:00,77583.44,77589.31,77580.66,77585.82,11326
1787297820,2026-08-21T13:07:00,77587.54,77592.87,77580.46,77584.45,6722
1787297880,2026-08-21T13:08:00,77586.07,77599.77,77582.74,77596.51,21631
1787297940,2026-08-21T13:09:00,77596.51,77608.88,77585.27,77598.76,12207
1787298000,2026-08-21T13:10:00,77600.02,77602.02,77584.51,77586.83,21306
1787298060,2026-08-21T13:11:00,77586.96,77595.94,77582.91,77590.42,19754
1787298120,2026-08-21T13:12:00,77590.07,77599.01,77590.07,77596.41,9243
1787298180,2026-08-21T13:13:00,77595.73,77598.55,77582.4,77582.4,17713
1787298240,2026-08-21T13:14:00,77582.4,77584.44,77576.73,77579.58,5348
1787298300,2026-08-21T13:15:00,77581.07,77581.67,77561.59,77562.96,10295
1787298360,2026-08-21T13:16:00,77562.58,77570.04,77559.21,77559.21,16654
1787298420,2026-08-21T13:17:00,77558.98,77571.48,77557.01,77567.37,14566
1787298480,2026-08-21T13:18:00,77568.59,77587.8,77568.21,77587.8,16310
1787298540,2026-08-21T13:19:00,77587.8,77593.08,77579.68,77584.0,15950
1787298600,2026-08-21T13:20:00,77583.95,77587.02,77567.35,77572.75,13132
1787298660,2026-08-21T13:21:00,77568.62,77578.11,77562.66,77563.78,20909
1787298720,2026-08-21T13:22:00,77565.41,77565.41,77549.6,77549.71,5909
1787298780,2026-08-21T13:23:00,77549.71,77550.93,77541.61,77542.23,5782
1787298840,2026-08-21T13:24:00,77543.39,77556.03,77539.35,77556.03,6431
1787298900,2026-08-21T13:25:00,77557.87,77557.87,77543.61,77552.11,10485
1787298960,2026-08-21T13:26:00,77552.14,77555.35,77545.15,77554.37,4735
1787299020,2026-08-21T13:27:00,77554.37,77558.7,77545.23,77558.7,6057
1787299080,2026-08-21T13:28:00,77558.98,77565.43,77551.84,77552.63,6506
1787299140,2026-08-21T13:29:00,77552.63,77574.8,77548.86,77574.8,7732
1787299200,2026-08-21T13:30:00,77575.33,77588.85,77562.99,77564.84,20027
1787299260,2026-08-21T13:31:00,77564.84,77578.81,77564.84,77574.39,5777
1787299320,2026-08-21T13:32:00,77574.92,77575.62,77554.73,77559.6,11664
1787299380,2026-08-21T13:33:00,77553.89,77557.0,77548.17,77552.04,4146
1787299440,2026-08-21T13:34:00,77552.04,77562.05,77552.04,77558.35,14492
1787299500,2026-08-21T13:35:00,77555.16,77564.42,77553.47,77556.38,8321
1787299560,2026-08-21T13:36:00,77554.48,77558.29,77521.31,77527.56,5192
1787299620,2026-08-21T13:37:00,77528.6,77542.26,77528.6,77540.34,5042
1787299680,2026-08-21T13:38:00,77537.12,77547.94,77532.18,77545.42,6172
1787299740,2026-08-21T13:39:00,77546.18,77548.19,77533.52,77538.91,15661
1787299800,2026-08-21T13:40:00,77539.11,77550.99,77537.56,77541.22,5719
1787299860,2026-08-21T13:41:00,77540.87,77544.52,77527.03,77529.46,9024
1787299920,2026-08-21T13:42:00,77528.24,77535.93,77524.17,77535.93,6473
1787299980,2026-08-21T13:43:00,77535.93,77545.71,77530.05,77544.13,12082
1787300040,2026-08-21T13:44:00,77544.43,77550.09,77541.55,77546.0,6447
1787300100,2026-08-21T13:45:00,77546.94,77554.96,77538.61,77542.89,6708
1787300160,2026-08-21T13:46:00,77542.6,77544.65,77527.91,77540.55,14158
1787300220,2026-08-21T13:47:00,77541.36,77545.78,77536.02,77545.78,3817
1787300280,2026-08-21T13:48:00,77545.37,77546.46,77537.96,77538.73,11089
1787300340,2026-08-21T13:49:00,77539.79,77539.79,77525.72,77530.9,68939
1787300400,2026-08-21T13:50:00,77526.82,77529.72,77523.66,77526.23,5313
1787300460,2026-08-21T13:51:00,77526.75,77527.21,77517.91,77523.31,7044
1787300520,2026-08-21T13:52:00,77524.21,77536.87,77524.21,77531.43,1013233
1787300580,2026-08-21T13:53:00,77529.07,77558.9,77527.57,77546.4,442135
1787300640,2026-08-21T13:54:00,77545.17,77550.69,77540.1,77542.72,12037
1787300700,2026-08-21T13:55:00,77542.72,77549.48,77537.93,77544.81,5828
1787300760,2026-08-21T13:56:00,77545.3,77549.14,77539.68,77548.03,8646
1787300820,2026-08-21T13:57:00,77543.84,77565.9,77543.84,77564.79,7633
1787300880,2026-08-21T13:58:00,77563.82,77568.92,77557.39,77559.42,7616
1787300940,2026-08-21T13:59:00,77556.85,77556.85,77543.23,77548.44,261834
1787301000,2026-08-21T14:00:00,77548.44,77551.5,77537.03,77544.95,11480
1787301060,2026-08-21T14:01:00,77542.0,77546.44,77535.29,77540.9,16957
1787301120,2026-08-21T14:02:00,77540.9,77544.29,77532.1,77538.83,14730
1787301180,2026-08-21T14:03:00,77535.61,77539.01,77528.59,77531.51,9340
1787301240,2026-08-21T14:04:00,77529.58,77532.16,77516.3,77530.47,7439
1787301300,2026-08-21T14:05:00,77530.47,77533.57,77522.28,77532.32,5423
1787301360,2026-08-21T14:06:00,77530.77,77530.77,77517.15,77519.35,6550
1787301420,2026-08-21T14:07:00,77518.39,77525.6,77513.09,77522.27,19208
1787301480,2026-08-21T14:08:00,77519.86,77522.23,77512.93,77513.1,15446
1787301540,2026-08-21T14:09:00,77512.21,77517.3,77501.66,77506.99,14107
1787301600,2026-08-21T14:10:00,77506.91,77515.89,77497.51,77510.37,9593
1787301660,2026-08-21T14:11:00,77507.79,77521.84,77504.73,77514.27,7681
1787301720,2026-08-21T14:12:00,77517.47,77523.21,77509.6,77521.72,6132
1787301780,2026-08-21T14:13:00,77522.93,77525.85,77514.77,77515.22,5799
1787301840,2026-08-21T14:14:00,77515.22,77535.54,77513.42,77529.84,11457
1787301900,2026-08-21T14:15:00,77529.84,77533.8,77522.26,77530.16,8606
1787301960,2026-08-21T14:16:00,77530.81,77538.33,77521.14,77535.15,14057
1787302020,2026-08-21T14:17:00,77538.37,77549.27,77535.95,77547.14,16228
1787302080,2026-08-21T14:18:00,77547.14,77557.2,77546.65,77547.3,12661
1787302140,2026-08-21T14:19:00,77546.98,77550.24,77539.51,77544.65,5482
1787302200,2026-08-21T14:20:00,77544.68,77546.52,77533.44,77537.03,18074
1787302260,2026-08-21T14:21:00,77534.18,77552.27,77533.74,77549.76,8533
1787302320,2026-08-21T14:22:00,77549.76,77563.19,77543.19,77559.78,7397
1787302380,2026-08-21T14:23:00,77559.78,77564.22,77555.28,77555.28,9777
1787302440,2026-08-21T14:24:00,77554.73,77562.01,77548.36,77559.97,13034
1787302500,2026-08-21T14:25:00,77559.97,77559.97,77539.16,77546.49,9689
1787302560,2026-08-21T14:26:00,77547.49,77551.07,77543.05,77547.1,6914
1787302620,2026-08-21T14:27:00,77547.39,77552.32,77537.3,77552.32,11615
1787302680,2026-08-21T14:28:00,77552.69,77552.69,77537.46,77544.04,23178
1787302740,2026-08-21T14:29:00,77543.53,77563.8,77543.53,77560.29,8399
1787302800,2026-08-21T14:30:00,77560.75,77576.25,77556.66,77570.2,56153
1787302860,2026-08-21T14:31:00,77570.64,77573.08,77558.03,77564.54,21883
1787302920,2026-08-21T14:32:00,77564.45,77565.63,77550.59,77550.59,9172
1787302980,2026-08-21T14:33:00,77552.52,77559.97,77550.05,77553.9,10855
1787303040,2026-08-21T14:34:00,77556.47,77559.43,77538.93,77548.25,7271
1787303100,2026-08-21T14:35:00,77546.32,77546.47,77535.8,77543.85,1596706
1787303160,2026-08-21T14:36:00,77540.82,77548.25,77532.13,77542.6,6682
1787303220,2026-08-21T14:37:00,77540.21,77541.96,77532.95,77540.71,13298
1787303280,2026-08-21T14:38:00,77539.88,77542.05,77531.59,77540.66,4495
1787303340,2026-08-21T14:39:00,77540.05,77549.09,77531.32,77538.24,50927
1787303400,2026-08-21T14:40:00,77536.88,77545.06,77534.69,77534.69,5054
1787303460,2026-08-21T14:41:00,77534.94,77540.43,77527.59,77533.6,4564
1787303520,2026-08-21T14:42:00,77533.86,77544.26,77530.33,77536.8,8456
1787303580,2026-08-21T14:43:00,77538.08,77542.92,77532.16,77532.92,12345
1787303640,2026-08-21T14:44:00,77531.23,77542.48,77527.86,77536.92,174486
1787303700,2026-08-21T14:45:00,77535.61,77549.88,77531.99,77549.81,8472
1787303760,2026-08-21T14:46:00,77551.6,77557.7,77544.56,77547.96,19098
1787303820,2026-08-21T14:47:00,77553.3,77557.66,77544.01,77548.51,38167
1787303880,2026-08-21T14:48:00,77549.91,77560.74,77546.4,77556.42,17906
1787303940,2026-08-21T14:49:00,77556.42,77559.76,77545.66,77549.49,10347
1787304000,2026-08-21T14:50:00,77551.5,77559.63,77544.32,77554.15,13565
1787304060,2026-08-21T14:51:00,77553.34,77564.06,77549.7,77553.44,9095
1787304120,2026-08-21T14:52:00,77554.66,77560.76,77542.69,77546.91,10916
1787304180,2026-08-21T14:53:00,77546.08,77553.46,77540.42,77546.51,25122
1787304240,2026-08-21T14:54:00,77545.13,77559.13,77541.43,77548.85,11715
1787304300,2026-08-21T14:55:00,77546.04,77559.39,77540.63,77547.17,17717
1787304360,2026-08-21T14:56:00,77547.33,77550.04,77537.93,77537.93,17967
1787304420,2026-08-21T14:57:00,77537.53,77543.89,77531.88,77531.88,20579
1787304480,2026-08-21T14:58:00,77531.59,77543.02,77530.93,77535.2,11012
1787304540,2026-08-21T14:59:00,77538.49,77539.62,77521.3,77534.16,29158
1787304600,2026-08-21T15:00:00,77530.23,77543.62,77527.52,77539.25,26761
1787304660,2026-08-21T15:01:00,77536.08,77544.55,77528.75,77544.55,19472
1787304720,2026-08-21T15:02:00,77535.27,77556.1,77530.75,77551.04,29504
1787304780,2026-08-21T15:03:00,77552.47,77554.03,77529.52,77537.68,20255
1787304840,2026-08-21T15:04:00,77540.45,77548.21,77531.21,77538.88,25815
1787304900,2026-08-21T15:05:00,77538.54,77543.64,77523.18,77529.28,35223
1787304960,2026-08-21T15:06:00,77528.29,77547.81,77524.09,77545.08,28842
1787305020,2026-08-21T15:07:00,77544.18,77553.98,77533.22,77546.52,36066
1787305080,2026-08-21T15:08:00,77546.05,77549.16,77534.36,77539.37,19490
1787305140,2026-08-21T15:09:00,77540.18,77542.11,77516.41,77527.92,20816
1787305200,2026-08-21T15:10:00,77528.04,77529.01,77512.02,77513.11,20643
1787305260,2026-08-21T15:11:00,77509.83,77525.02,77498.78,77519.65,24350
1787305320,2026-08-21T15:12:00,77517.07,77517.07,77478.27,77489.06,27724
1787305380,2026-08-21T15:13:00,77495.02,77523.63,77480.65,77508.21,34226
1787305440,2026-08-21T15:14:00,77510.46,77520.39,77491.41,77518.89,21339
1787305500,2026-08-21T15:15:00,77522.47,77522.47,77522.47,77522.47,21339
1787305560,2026-08-21T15:16:00,77522.47,77522.47,77522.47,77522.47,21339
1787305620,2026-08-21T15:17:00,77522.47,77522.47,77522.47,77522.47,21339
1787305680,2026-08-21T15:18:00,77522.47,77522.47,77522.47,77522.47,21339
1787305740,2026-08-21T15:19:00,77522.47,77522.47,77522.47,77522.47,21339
1787305800,2026-08-21T15:20:00,77522.47,77522.47,77522.47,77522.47,21339
1787305860,2026-08-21T15:21:00,77522.47,77522.47,77522.47,77522.47,21339
1787305920,2026-08-21T15:22:00,77522.47,77522.47,77522.47,77522.47,21339
1787305980,2026-08-21T15:23:00,77522.47,77522.47,77522.47,77522.47,21339
1787306040,2026-08-21T15:24:00,77522.47,77522.47,77522.47,77522.47,21339
1787306100,2026-08-21T15:25:00,77522.47,77522.47,77522.47,77522.47,21339
1787306160,2026-08-21T15:26:00,77522.47,77522.47,77522.47,77522.47,21339
1787306220,2026-08-21T15:27:00,77522.47,77522.47,77522.47,77522.47,21339
1787306280,2026-08-21T15:28:00,77522.47,77522.47,77522.47,77522.47,21339
1787306340,2026-08-21T15:29:00,77522.47,77540.83,77522.47,77540.83,21339
1787543100,2026-08-24T09:15:00,77629.56,77760.78,77619.83,77737.76,170025
1787543160,2026-08-24T09:16:00,77738.54,77761.87,77725.23,77749.07,101278
1787543220,2026-08-24T09:17:00,77738.46,77777.16,77735.5,77774.62,73417
1787543280,2026-08-24T09:18:00,77769.39,77789.4,77755.08,77767.93,67907
1787543340,2026-08-24T09:19:00,77772.04,77772.04,77744.97,77745.36,42236
1787543400,2026-08-24T09:20:00,77744.36,77776.18,77743.72,77765.21,45350
1787543460,2026-08-24T09:21:00,77760.53,77770.6,77743.88,77744.47,32191
1787543520,2026-08-24T09:22:00,77748.37,77748.37,77733.59,77746.98,42206
1787543580,2026-08-24T09:23:00,77746.81,77769.7,77744.96,77760.69,34524
1787543640,2026-08-24T09:24:00,77753.7,77761.44,77740.26,77740.26,26657
1787543700,2026-08-24T09:25:00,77748.12,77757.75,77737.28,77747.79,25320
1787543760,2026-08-24T09:26:00,77745.69,77746.63,77730.49,77738.26,26436
1787543820,2026-08-24T09:27:00,77740.55,77755.81,77740.03,77742.11,24175
1787543880,2026-08-24T09:28:00,77741.57,77745.69,77699.3,77700.58,42647
1787543940,2026-08-24T09:29:00,77700.77,77714.24,77696.64,77701.6,25351
1787544000,2026-08-24T09:30:00,77702.04,77707.44,77685.63,77694.99,32603
1787544060,2026-08-24T09:31:00,77697.22,77707.21,77669.87,77671.61,53571
1787544120,2026-08-24T09:32:00,77668.42,77670.49,77651.93,77666.71,36391
1787544180,2026-08-24T09:33:00,77667.12,77667.12,77649.6,77656.33,21524
1787544240,2026-08-24T09:34:00,77657.91,77663.2,77644.27,77649.64,26067
1787544300,2026-08-24T09:35:00,77650.55,77663.24,77649.36,77659.11,17777
1787544360,2026-08-24T09:36:00,77658.9,77662.55,77650.37,77657.27,10749
1787544420,2026-08-24T09:37:00,77657.38,77682.97,77653.48,77682.97,27389
1787544480,2026-08-24T09:38:00,77683.91,77702.0,77681.66,77683.66,29930
1787544540,2026-08-24T09:39:00,77686.58,77694.46,77676.44,77684.09,26350
1787544600,2026-08-24T09:40:00,77683.13,77685.34,77670.33,77670.33,8866
1787544660,2026-08-24T09:41:00,77670.95,77676.36,77654.58,77662.81,16615
1787544720,2026-08-24T09:42:00,77662.71,77665.15,77649.54,77651.19,12725
1787544780,2026-08-24T09:43:00,77652.19,77670.69,77652.19,77668.25,13693
1787544840,2026-08-24T09:44:00,77667.6,77679.23,77661.38,77676.77,17040
1787544900,2026-08-24T09:45:00,77675.48,77684.22,77669.05,77679.49,34418
1787544960,2026-08-24T09:46:00,77678.14,77680.58,77655.5,77662.9,26257
1787545020,2026-08-24T09:47:00,77662.76,77670.38,77658.04,77662.43,21348
1787545080,2026-08-24T09:48:00,77662.43,77664.61,77652.42,77660.46,12948
1787545140,2026-08-24T09:49:00,77661.16,77669.13,77646.27,77646.27,30739
1787545200,2026-08-24T09:50:00,77646.89,77666.91,77645.68,77651.53,12440
1787545260,2026-08-24T09:51:00,77648.23,77656.91,77645.43,77652.01,28303
1787545320,2026-08-24T09:52:00,77653.23,77661.13,77636.88,77650.7,17741
1787545380,2026-08-24T09:53:00,77650.7,77653.98,77635.87,77635.87,16410
1787545440,2026-08-24T09:54:00,77634.61,77640.4,77626.39,77628.09,15188
1787545500,2026-08-24T09:55:00,77631.77,77639.13,77623.9,77635.87,13209
1787545560,2026-08-24T09:56:00,77635.87,77647.69,77634.71,77634.71,21145
1787545620,2026-08-24T09:57:00,77635.25,77639.92,77628.72,77639.13,12275
1787545680,2026-08-24T09:58:00,77639.19,77639.19,77605.77,77608.06,18537
1787545740,2026-08-24T09:59:00,77611.2,77615.2,77601.37,77609.19,18634
1787545800,2026-08-24T10:00:00,77609.89,77624.87,77609.49,77618.79,17121
1787545860,2026-08-24T10:01:00,77620.12,77624.92,77616.96,77618.39,11392
1787545920,2026-08-24T10:02:00,77617.29,77634.19,77617.29,77631.7,16441
1787545980,2026-08-24T10:03:00,77631.21,77635.66,77620.96,77621.94,13850
1787546040,2026-08-24T10:04:00,77621.94,77627.57,77614.56,77622.01,7131
1787546100,2026-08-24T10:05:00,77622.19,77624.44,77613.13,77618.53,11553
1787546160,2026-08-24T10:06:00,77619.61,77626.37,77614.45,77615.28,22238
1787546220,2026-08-24T10:07:00,77613.12,77618.23,77603.49,77608.47,15341
1787546280,2026-08-24T10:08:00,77605.43,77619.04,77601.87,77609.07,15765
1787546340,2026-08-24T10:09:00,77610.39,77620.96,77609.0,77617.26,8056
1787546400,2026-08-24T10:10:00,77615.51,77625.92,77614.31,77623.08,8941
1787546460,2026-08-24T10:11:00,77624.78,77628.58,77611.53,77615.65,10738
1787546520,2026-08-24T10:12:00,77615.65,77623.63,77610.69,77613.94,9257
1787546580,2026-08-24T10:13:00,77612.57,77626.69,77610.23,77623.44,16395
1787546640,2026-08-24T10:14:00,77623.53,77632.49,77618.63,77631.25,7435
1787546700,2026-08-24T10:15:00,77631.03,77631.03,77619.11,77619.86,11696
1787546760,2026-08-24T10:16:00,77622.26,77640.36,77619.65,77634.05,23718
1787546820,2026-08-24T10:17:00,77633.62,77637.88,77618.98,77624.51,7423
1787546880,2026-08-24T10:18:00,77624.96,77635.07,77620.26,77634.63,13857
1787546940,2026-08-24T10:19:00,77631.22,77646.29,77627.23,77629.23,27617
1787547000,2026-08-24T10:20:00,77629.23,77643.49,77629.23,77631.82,16236
1787547060,2026-08-24T10:21:00,77631.3,77649.04,77629.95,77648.88,7066
1787547120,2026-08-24T10:22:00,77649.67,77651.98,77635.17,77637.58,10003
1787547180,2026-08-24T10:23:00,77634.31,77638.11,77626.26,77634.32,9051
1787547240,2026-08-24T10:24:00,77633.57,77635.58,77628.76,77633.58,6539
1787547300,2026-08-24T10:25:00,77636.48,77643.64,77631.0,77631.21,13622
1787547360,2026-08-24T10:26:00,77630.13,77637.19,77624.83,77629.38,102554
1787547420,2026-08-24T10:27:00,77630.29,77637.27,77622.0,77633.6,7892
1787547480,2026-08-24T10:28:00,77634.42,77639.28,77624.56,77624.59,8250
1787547540,2026-08-24T10:29:00,77624.59,77631.08,77619.61,77629.32,6071
1787547600,2026-08-24T10:30:00,77626.75,77644.76,77618.74,77633.51,13983
1787547660,2026-08-24T10:31:00,77633.51,77641.77,77628.56,77636.13,10658
1787547720,2026-08-24T10:32:00,77637.4,77637.4,77619.34,77620.44,8561
1787547780,2026-08-24T10:33:00,77622.48,77639.68,77618.99,77635.77,41337
1787547840,2026-08-24T10:34:00,77637.6,77639.28,77630.1,77636.55,12130
1787547900,2026-08-24T10:35:00,77636.55,77642.75,77625.95,77642.75,25302
1787547960,2026-08-24T10:36:00,77642.12,77644.01,77630.95,77638.52,14389
1787548020,2026-08-24T10:37:00,77639.52,77654.19,77638.29,77653.45,9207
1787548080,2026-08-24T10:38:00,77653.45,77661.86,77645.24,77657.9,8138
1787548140,2026-08-24T10:39:00,77659.12,77659.19,77642.26,77646.61,10683
1787548200,2026-08-24T10:40:00,77646.46,77646.46,77627.03,77637.55,73723
1787548260,2026-08-24T10:41:00,77631.17,77640.28,77628.0,77633.92,110901
1787548320,2026-08-24T10:42:00,77634.99,77635.15,77625.98,77628.4,61115
1787548380,2026-08-24T10:43:00,77628.4,77635.91,77624.12,77627.59,9817
1787548440,2026-08-24T10:44:00,77630.3,77642.13,77630.3,77640.59,13034
1787548500,2026-08-24T10:45:00,77637.1,77639.68,77630.99,77636.22,44807
1787548560,2026-08-24T10:46:00,77636.22,77636.22,77624.8,77627.45,33350
1787548620,2026-08-24T10:47:00,77629.92,77637.74,77621.76,77622.47,20914
1787548680,2026-08-24T10:48:00,77622.25,77633.01,77615.28,77617.26,14977
1787548740,2026-08-24T10:49:00,77617.26,77621.75,77595.09,77601.13,8613
1787548800,2026-08-24T10:50:00,77597.08,77608.32,77596.46,77603.35,15094
1787548860,2026-08-24T10:51:00,77598.85,77604.65,77588.97,77593.73,14038
1787548920,2026-08-24T10:52:00,77593.11,77593.72,77576.41,77583.06,11673
1787548980,2026-08-24T10:53:00,77582.21,77591.68,77578.46,77584.14,7091
1787549040,2026-08-24T10:54:00,77582.95,77603.59,77582.95,77602.38,9841
1787549100,2026-08-24T10:55:00,77602.38,77610.62,77592.78,77603.21,18612
1787549160,2026-08-24T10:56:00,77602.91,77603.53,77588.99,77596.13,19800
1787549220,2026-08-24T10:57:00,77596.49,77602.6,77586.49,77591.46,19866
1787549280,2026-08-24T10:58:00,77591.46,77594.95,77576.07,77576.07,22770
1787549340,2026-08-24T10:59:00,77575.3,77580.03,77522.86,77527.09,29102
1787549400,2026-08-24T11:00:00,77525.01,77533.06,77516.04,77533.06,12878
1787549460,2026-08-24T11:01:00,77533.06,77542.72,77531.08,77536.05,28839
1787549520,2026-08-24T11:02:00,77534.42,77538.46,77528.17,77531.54,29480
1787549580,2026-08-24T11:03:00,77531.54,77531.54,77479.62,77479.62,51204
1787549640,2026-08-24T11:04:00,77481.55,77481.55,77467.16,77472.6,21225
1787549700,2026-08-24T11:05:00,77471.81,77480.25,77447.61,77453.28,13945
1787549760,2026-08-24T11:06:00,77451.98,77465.94,77435.54,77465.94,24110
1787549820,2026-08-24T11:07:00,77466.99,77467.53,77456.8,77456.84,8686
1787549880,2026-08-24T11:08:00,77457.35,77461.12,77451.1,77460.8,12199
1787549940,2026-08-24T11:09:00,77457.86,77467.82,77438.76,77438.76,11856
1787550000,2026-08-24T11:10:00,77438.76,77448.74,77437.26,77447.94,78399
1787550060,2026-08-24T11:11:00,77447.94,77455.81,77436.98,77449.97,27070
1787550120,2026-08-24T11:12:00,77447.44,77450.53,77421.28,77425.32,28039
1787550180,2026-08-24T11:13:00,77424.5,77430.95,77417.22,77426.81,11373
1787550240,2026-08-24T11:14:00,77426.81,77432.61,77408.24,77410.01,10332
1787550300,2026-08-24T11:15:00,77415.42,77415.92,77398.16,77410.87,17273
1787550360,2026-08-24T11:16:00,77405.47,77439.31,77405.47,77431.05,11950
1787550420,2026-08-24T11:17:00,77431.05,77432.16,77418.45,77420.46,12620
1787550480,2026-08-24T11:18:00,77420.46,77436.0,77419.51,77429.55,12736
1787550540,2026-08-24T11:19:00,77430.77,77440.36,77430.28,77436.83,16630
1787550600,2026-08-24T11:20:00,77437.81,77446.37,77433.32,77438.8,10413
1787550660,2026-08-24T11:21:00,77438.16,77439.38,77419.31,77424.92,11900
1787550720,2026-08-24T11:22:00,77424.05,77431.31,77404.95,77409.11,16658
1787550780,2026-08-24T11:23:00,77405.12,77407.2,77385.81,77393.92,27057
1787550840,2026-08-24T11:24:00,77391.68,77399.33,77387.31,77398.44,12736
1787550900,2026-08-24T11:25:00,77389.01,77398.11,77385.79,77387.52,10226
1787550960,2026-08-24T11:26:00,77387.48,77388.32,77366.85,77367.42,7937
1787551020,2026-08-24T11:27:00,77367.07,77390.33,77366.43,77389.69,12212
1787551080,2026-08-24T11:28:00,77387.97,77394.86,77379.52,77385.45,10475
1787551140,2026-08-24T11:29:00,77385.82,77400.31,77381.54,77399.9,9648
1787551200,2026-08-24T11:30:00,77399.36,77399.53,77376.34,77378.75,19337
1787551260,2026-08-24T11:31:00,77377.86,77379.33,77325.95,77329.23,12865
1787551320,2026-08-24T11:32:00,77328.7,77335.19,77320.16,77326.45,13584
1787551380,2026-08-24T11:33:00,77321.75,77325.95,77314.4,77318.53,9520
1787551440,2026-08-24T11:34:00,77317.67,77321.41,77311.57,77320.87,13256
1787551500,2026-08-24T11:35:00,77321.48,77328.49,77317.31,77320.75,7484
1787551560,2026-08-24T11:36:00,77320.37,77320.37,77312.82,77313.65,10970
1787551620,2026-08-24T11:37:00,77310.18,77324.34,77305.56,77312.15,20146
1787551680,2026-08-24T11:38:00,77314.25,77328.23,77312.83,77324.53,8746
1787551740,2026-08-24T11:39:00,77324.53,77333.62,77324.53,77330.78,12677
1787551800,2026-08-24T11:40:00,77330.93,77330.93,77318.54,77328.98,8381
1787551860,2026-08-24T11:41:00,77330.76,77339.15,77324.18,77329.29,11027
1787551920,2026-08-24T11:42:00,77331.86,77361.18,77331.86,77355.28,22075
1787551980,2026-08-24T11:43:00,77355.07,77358.01,77344.58,77349.23,10656
1787552040,2026-08-24T11:44:00,77348.63,77353.91,77336.47,77337.47,23593
1787552100,2026-08-24T11:45:00,77338.22,77357.35,77337.76,77356.12,92659
1787552160,2026-08-24T11:46:00,77352.47,77366.58,77345.23,77360.1,13555
1787552220,2026-08-24T11:47:00,77360.1,77375.05,77357.63,77363.22,7947
1787552280,2026-08-24T11:48:00,77364.3,77370.49,77357.22,77357.86,11668
1787552340,2026-08-24T11:49:00,77358.3,77364.97,77356.4,77358.53,12996
1787552400,2026-08-24T11:50:00,77359.14,77371.05,77358.1,77364.03,14709
1787552460,2026-08-24T11:51:00,77363.72,77367.67,77351.08,77352.34,18510
1787552520,2026-08-24T11:52:00,77353.22,77355.64,77347.75,77352.95,4872
1787552580,2026-08-24T11:53:00,77352.95,77353.31,77340.76,77347.8,9508
1787552640,2026-08-24T11:54:00,77341.57,77350.24,77336.21,77345.25,7319
1787552700,2026-08-24T11:55:00,77346.45,77358.9,77342.1,77355.72,8011
1787552760,2026-08-24T11:56:00,77355.36,77359.04,77348.47,77351.12,215627
1787552820,2026-08-24T11:57:00,77351.12,77358.93,77337.08,77337.08,73558
1787552880,2026-08-24T11:58:00,77335.16,77335.16,77323.63,77327.7,27478
1787552940,2026-08-24T11:59:00,77325.14,77330.46,77313.58,77317.41,20955
1787553000,2026-08-24T12:00:00,77318.23,77327.05,77311.02,77322.76,8970
1787553060,2026-08-24T12:01:00,77323.86,77332.51,77320.13,77323.69,4578
1787553120,2026-08-24T12:02:00,77328.26,77328.26,77316.51,77324.51,23790
1787553180,2026-08-24T12:03:00,77323.74,77342.95,77317.95,77335.85,13769
1787553240,2026-08-24T12:04:00,77336.82,77343.11,77332.55,77336.92,8452
1787553300,2026-08-24T12:05:00,77337.08,77338.8,77325.35,77330.96,12984
1787553360,2026-08-24T12:06:00,77329.67,77332.63,77318.63,77324.56,11034
1787553420,2026-08-24T12:07:00,77324.32,77344.09,77322.04,77339.2,11370
1787553480,2026-08-24T12:08:00,77342.41,77349.52,77334.58,77340.82,17105
1787553540,2026-08-24T12:09:00,77345.39,77353.15,77330.83,77349.96,4708
1787553600,2026-08-24T12:10:00,77351.35,77361.09,77348.32,77361.09,8493
1787553660,2026-08-24T12:11:00,77361.09,77367.16,77346.88,77354.71,4227
1787553720,2026-08-24T12:12:00,77356.02,77358.93,77349.42,77351.91,5561
1787553780,2026-08-24T12:13:00,77351.69,77356.45,77336.56,77348.8,12613
1787553840,2026-08-24T12:14:00,77347.9,77354.91,77345.22,77352.5,6984
1787553900,2026-08-24T12:15:00,77352.48,77359.92,77348.67,77355.67,4099
1787553960,2026-08-24T12:16:00,77353.49,77354.88,77341.9,77342.59,3918
1787554020,2026-08-24T12:17:00,77342.59,77352.39,77339.1,77339.1,6905
1787554080,2026-08-24T12:18:00,77339.9,77350.72,77336.09,77341.61,8148
1787554140,2026-08-24T12:19:00,77341.37,77345.42,77327.77,77341.11,18707
1787554200,2026-08-24T12:20:00,77341.19,77348.57,77332.75,77343.86,7882
1787554260,2026-08-24T12:21:00,77346.43,77349.39,77338.0,77345.49,4265
1787554320,2026-08-24T12:22:00,77347.47,77354.01,77340.47,77347.14,4612
1787554380,2026-08-24T12:23:00,77347.58,77354.47,77340.34,77354.47,5295
1787554440,2026-08-24T12:24:00,77354.55,77356.25,77346.5,77352.19,9415
1787554500,2026-08-24T12:25:00,77350.83,77356.75,77343.9,77349.31,4826
1787554560,2026-08-24T12:26:00,77348.26,77357.59,77344.41,77355.63,15877
1787554620,2026-08-24T12:27:00,77356.28,77361.33,77345.7,77347.0,19489
1787554680,2026-08-24T12:28:00,77345.07,77351.35,77339.3,77344.68,4726
1787554740,2026-08-24T12:29:00,77342.41,77344.61,77318.17,77318.17,60107
1787554800,2026-08-24T12:30:00,77316.88,77327.97,77307.18,77327.03,14060
1787554860,2026-08-24T12:31:00,77326.14,77326.14,77316.42,77321.27,5948
1787554920,2026-08-24T12:32:00,77325.16,77330.9,77314.34,77317.8,26975
1787554980,2026-08-24T12:33:00,77315.23,77321.92,77310.77,77310.77,4270
1787555040,2026-08-24T12:34:00,77311.32,77323.51,77310.25,77312.02,6255
1787555100,2026-08-24T12:35:00,77312.02,77321.55,77305.06,77317.41,10288
1787555160,2026-08-24T12:36:00,77317.41,77327.45,77311.82,77319.38,8623
1787555220,2026-08-24T12:37:00,77319.38,77323.91,77314.51,77321.19,10633
1787555280,2026-08-24T12:38:00,77320.84,77327.17,77299.78,77302.99,5519
1787555340,2026-08-24T12:39:00,77301.64,77306.01,77291.26,77294.26,6996
1787555400,2026-08-24T12:40:00,77298.11,77298.45,77286.26,77286.26,6063
1787555460,2026-08-24T12:41:00,77286.26,77295.36,77283.4,77293.09,11180
1787555520,2026-08-24T12:42:00,77292.36,77298.85,77282.22,77285.5,8010
1787555580,2026-08-24T12:43:00,77285.5,77289.77,77279.19,77281.26,7416
1787555640,2026-08-24T12:44:00,77284.57,77287.93,77278.06,77287.93,5080
1787555700,2026-08-24T12:45:00,77285.6,77294.8,77284.92,77291.63,9168
1787555760,2026-08-24T12:46:00,77291.88,77299.34,77286.95,77297.13,461260
1787555820,2026-08-24T12:47:00,77298.33,77300.54,77291.42,77294.83,16959
1787555880,2026-08-24T12:48:00,77294.83,77300.85,77291.0,77295.04,7391
1787555940,2026-08-24T12:49:00,77295.73,77313.06,77293.0,77305.36,12228
1787556000,2026-08-24T12:50:00,77305.36,77305.36,77291.81,77293.52,7806
1787556060,2026-08-24T12:51:00,77293.33,77307.41,77290.91,77300.75,11337
1787556120,2026-08-24T12:52:00,77300.1,77312.18,77294.92,77300.8,3940
1787556180,2026-08-24T12:53:00,77300.8,77306.37,77288.04,77288.04,8254
1787556240,2026-08-24T12:54:00,77287.02,77299.57,77287.02,77299.57,7357
1787556300,2026-08-24T12:55:00,77299.61,77316.98,77298.91,77316.98,7801
1787556360,2026-08-24T12:56:00,77317.01,77317.01,77307.48,77307.48,5666
1787556420,2026-08-24T12:57:00,77308.09,77318.85,77305.4,77305.4,14236
1787556480,2026-08-24T12:58:00,77306.3,77309.8,77298.51,77302.58,16112
1787556540,2026-08-24T12:59:00,77303.35,77309.68,77293.41,77299.66,7573
1787556600,2026-08-24T13:00:00,77299.74,77306.77,77292.52,77294.68,7883
1787556660,2026-08-24T13:01:00,77294.94,77300.21,77285.73,77286.24,5921
1787556720,2026-08-24T13:02:00,77289.67,77292.16,77269.45,77274.42,13178
1787556780,2026-08-24T13:03:00,77274.42,77278.59,77251.66,77256.07,33207
1787556840,2026-08-24T13:04:00,77256.07,77256.07,77231.03,77254.02,40982
1787556900,2026-08-24T13:05:00,77256.94,77256.94,77231.0,77231.0,12697
1787556960,2026-08-24T13:06:00,77230.31,77230.31,77208.36,77218.24,11495
1787557020,2026-08-24T13:07:00,77214.38,77219.23,77201.66,77214.2,11059
1787557080,2026-08-24T13:08:00,77214.57,77225.47,77211.19,77225.47,3759
1787557140,2026-08-24T13:09:00,77219.53,77241.39,77219.25,77230.8,28947
1787557200,2026-08-24T13:10:00,77230.8,77233.94,77222.0,77222.0,9222
1787557260,2026-08-24T13:11:00,77222.0,77234.63,77219.23,77225.4,13167
1787557320,2026-08-24T13:12:00,77225.49,77243.69,77224.27,77241.74,12944
1787557380,2026-08-24T13:13:00,77242.77,77253.24,77238.34,77244.16,18419
1787557440,2026-08-24T13:14:00,77244.2,77255.18,77244.2,77252.38,20760
1787557500,2026-08-24T13:15:00,77252.86,77255.95,77242.89,77243.53,12603
1787557560,2026-08-24T13:16:00,77243.53,77250.94,77235.11,77245.66,10176
1787557620,2026-08-24T13:17:00,77250.16,77257.53,77244.24,77248.31,9423
1787557680,2026-08-24T13:18:00,77247.36,77265.48,77247.36,77259.32,15443
1787557740,2026-08-24T13:19:00,77255.94,77276.06,77255.94,77270.45,76430
1787557800,2026-08-24T13:20:00,77277.37,77278.83,77270.5,77275.1,5766
1787557860,2026-08-24T13:21:00,77275.78,77288.12,77273.99,77282.59,8416
1787557920,2026-08-24T13:22:00,77282.01,77287.26,77274.4,77281.86,3969
1787557980,2026-08-24T13:23:00,77282.38,77295.2,77277.94,77284.45,6870
1787558040,2026-08-24T13:24:00,77286.73,77290.7,77274.34,77288.05,6312
1787558100,2026-08-24T13:25:00,77288.26,77288.26,77276.93,77283.04,392208
1787558160,2026-08-24T13:26:00,77284.27,77296.1,77279.72,77295.64,6766
1787558220,2026-08-24T13:27:00,77296.54,77305.23,77292.48,77297.9,6952
1787558280,2026-08-24T13:28:00,77301.4,77312.39,77299.0,77308.33,12823
1787558340,2026-08-24T13:29:00,77308.7,77310.42,77301.39,77303.31,10167
1787558400,2026-08-24T13:30:00,77304.44,77312.52,77301.67,77303.2,11895
1787558460,2026-08-24T13:31:00,77302.78,77306.38,77289.46,77292.16,9241
1787558520,2026-08-24T13:32:00,77290.68,77297.29,77276.67,77282.33,25027
1787558580,2026-08-24T13:33:00,77282.55,77286.71,77258.54,77258.54,5402
1787558640,2026-08-24T13:34:00,77257.85,77267.82,77255.1,77261.27,4659
1787558700,2026-08-24T13:35:00,77267.69,77276.08,77261.42,77270.07,5227
1787558760,2026-08-24T13:36:00,77271.06,77272.88,77259.28,77263.24,5478
1787558820,2026-08-24T13:37:00,77263.24,77280.96,77259.4,77279.21,7463
1787558880,2026-08-24T13:38:00,77279.17,77285.07,77279.01,77284.25,4666
1787558940,2026-08-24T13:39:00,77284.25,77286.45,77278.53,77279.62,7391
1787559000,2026-08-24T13:40:00,77280.15,77284.28,77272.66,77273.66,5366
1787559060,2026-08-24T13:41:00,77274.03,77285.78,77269.64,77277.62,7791
1787559120,2026-08-24T13:42:00,77277.62,77282.64,77261.03,77266.3,22518
1787559180,2026-08-24T13:43:00,77265.49,77280.77,77258.96,77266.87,7441
1787559240,2026-08-24T13:44:00,77267.62,77274.1,77264.68,77265.78,5683
1787559300,2026-08-24T13:45:00,77265.13,77272.0,77257.17,77271.59,8245
1787559360,2026-08-24T13:46:00,77271.59,77278.06,77266.08,77273.72,11480
1787559420,2026-08-24T13:47:00,77272.67,77274.62,77260.32,77268.45,4520
1787559480,2026-08-24T13:48:00,77268.9,77275.64,77256.42,77261.93,6159
1787559540,2026-08-24T13:49:00,77261.65,77267.05,77257.95,77266.2,5892
1787559600,2026-08-24T13:50:00,77261.6,77281.84,77261.14,77281.3,4657
1787559660,2026-08-24T13:51:00,77278.87,77278.87,77266.59,77269.52,8211
1787559720,2026-08-24T13:52:00,77266.1,77278.72,77261.79,77264.45,10509
1787559780,2026-08-24T13:53:00,77264.45,77267.26,77252.66,77255.02,5728
1787559840,2026-08-24T13:54:00,77246.56,77252.87,77243.54,77243.59,5875
1787559900,2026-08-24T13:55:00,77239.85,77250.89,77236.88,77238.12,6409
1787559960,2026-08-24T13:56:00,77237.53,77253.06,77234.76,77236.95,7174
1787560020,2026-08-24T13:57:00,77236.95,77251.45,77236.28,77249.52,16053
1787560080,2026-08-24T13:58:00,77250.74,77255.23,77244.43,77249.76,6116
1787560140,2026-08-24T13:59:00,77249.76,77251.96,77245.45,77250.71,7119
1787560200,2026-08-24T14:00:00,77250.48,77251.75,77239.81,77248.71,7557
1787560260,2026-08-24T14:01:00,77251.09,77267.78,77245.37,77267.78,4773
1787560320,2026-08-24T14:02:00,77268.18,77270.43,77258.76,77265.29,6728
1787560380,2026-08-24T14:03:00,77263.55,77272.13,77253.35,77257.21,85282
1787560440,2026-08-24T14:04:00,77257.62,77263.44,77248.85,77263.44,82929
1787560500,2026-08-24T14:05:00,77262.22,77267.97,77253.63,77267.95,12430
1787560560,2026-08-24T14:06:00,77269.11,77269.11,77250.89,77250.89,13789
1787560620,2026-08-24T14:07:00,77255.54,77259.4,77250.09,77258.89,15905
1787560680,2026-08-24T14:08:00,77259.24,77264.2,77251.49,77260.37,6840
1787560740,2026-08-24T14:09:00,77260.37,77265.22,77249.88,77257.4,8784
1787560800,2026-08-24T14:10:00,77256.8,77259.93,77245.42,77246.59,9644
1787560860,2026-08-24T14:11:00,77245.98,77253.36,77238.81,77238.81,8782
1787560920,2026-08-24T14:12:00,77240.44,77242.97,77228.54,77230.55,49334
1787560980,2026-08-24T14:13:00,77228.47,77236.93,77224.34,77228.38,10448
1787561040,2026-08-24T14:14:00,77229.23,77233.03,77218.43,77220.91,9421
1787561100,2026-08-24T14:15:00,77220.91,77227.21,77210.86,77214.36,15466
1787561160,2026-08-24T14:16:00,77215.21,77222.81,77210.86,77222.74,19346
1787561220,2026-08-24T14:17:00,77220.07,77225.89,77212.47,77212.47,15827
1787561280,2026-08-24T14:18:00,77211.43,77229.91,77210.62,77226.53,19711
1787561340,2026-08-24T14:19:00,77225.85,77228.4,77209.83,77221.94,38798
1787561400,2026-08-24T14:20:00,77222.99,77235.45,77222.99,77232.0,9001
1787561460,2026-08-24T14:21:00,77229.06,77242.57,77223.83,77233.13,14008
1787561520,2026-08-24T14:22:00,77231.02,77240.09,77223.21,77237.2,12547
1787561580,2026-08-24T14:23:00,77236.83,77243.68,77227.73,77227.73,16378
1787561640,2026-08-24T14:24:00,77230.94,77233.84,77209.52,77215.39,10803
1787561700,2026-08-24T14:25:00,77217.57,77229.92,77217.57,77223.8,9864
1787561760,2026-08-24T14:26:00,77223.16,77238.88,77223.16,77236.26,6639
1787561820,2026-08-24T14:27:00,77237.14,77257.66,77233.69,77253.44,341073
1787561880,2026-08-24T14:28:00,77253.44,77254.6,77240.26,77249.11,13280
1787561940,2026-08-24T14:29:00,77250.26,77261.27,77237.94,77240.9,56746
1787562000,2026-08-24T14:30:00,77239.68,77275.73,77239.68,77272.94,41178
1787562060,2026-08-24T14:31:00,77273.89,77295.49,77273.8,77276.04,15085
1787562120,2026-08-24T14:32:00,77274.99,77296.86,77274.99,77288.2,17310
1787562180,2026-08-24T14:33:00,77287.59,77289.09,77264.52,77280.31,8274
1787562240,2026-08-24T14:34:00,77280.31,77294.07,77280.31,77290.45,9487
1787562300,2026-08-24T14:35:00,77290.5,77290.5,77281.44,77284.05,28346
1787562360,2026-08-24T14:36:00,77276.23,77299.09,77276.23,77292.76,5218
1787562420,2026-08-24T14:37:00,77292.07,77300.42,77286.74,77289.02,12109
1787562480,2026-08-24T14:38:00,77293.49,77300.29,77280.44,77283.23,56379
1787562540,2026-08-24T14:39:00,77284.69,77284.69,77269.98,77275.48,11693
1787562600,2026-08-24T14:40:00,77279.03,77279.94,77259.63,77262.89,14261
1787562660,2026-08-24T14:41:00,77262.37,77271.78,77257.28,77270.33,17554
1787562720,2026-08-24T14:42:00,77270.33,77270.33,77245.67,77248.57,29397
1787562780,2026-08-24T14:43:00,77247.77,77259.93,77241.41,77257.84,71050
1787562840,2026-08-24T14:44:00,77259.49,77277.89,77259.49,77269.91,48029
1787562900,2026-08-24T14:45:00,77269.55,77276.47,77256.73,77256.73,63433
1787562960,2026-08-24T14:46:00,77262.96,77263.28,77247.04,77247.04,11261
1787563020,2026-08-24T14:47:00,77248.45,77255.92,77248.25,77251.51,6359
1787563080,2026-08-24T14:48:00,77247.65,77265.18,77246.15,77263.95,9099
1787563140,2026-08-24T14:49:00,77264.68,77264.68,77246.81,77247.68,9620
1787563200,2026-08-24T14:50:00,77252.28,77259.31,77248.53,77250.77,12173
1787563260,2026-08-24T14:51:00,77251.03,77262.03,77245.37,77261.61,12944
1787563320,2026-08-24T14:52:00,77262.22,77272.97,77254.53,77265.81,6915
1787563380,2026-08-24T14:53:00,77265.89,77279.96,77263.44,77275.18,26474
1787563440,2026-08-24T14:54:00,77273.96,77290.56,77273.79,77282.49,35403
1787563500,2026-08-24T14:55:00,77285.5,77293.68,77284.48,77288.25,13170
1787563560,2026-08-24T14:56:00,77288.89,77295.8,77281.86,77285.84,16353
1787563620,2026-08-24T14:57:00,77286.65,77292.67,77279.45,77289.08,13174
1787563680,2026-08-24T14:58:00,77289.72,77289.72,77271.61,77284.76,31094
1787563740,2026-08-24T14:59:00,77285.24,77289.29,77277.94,77289.29,55542
1787563800,2026-08-24T15:00:00,77291.61,77303.95,77291.61,77294.01,101989
1787563860,2026-08-24T15:01:00,77291.65,77304.09,77290.48,77294.58,17060
1787563920,2026-08-24T15:02:00,77295.53,77313.47,77290.95,77310.38,164048
1787563980,2026-08-24T15:03:00,77310.38,77322.02,77306.7,77311.51,37797
1787564040,2026-08-24T15:04:00,77311.51,77314.76,77295.76,77305.52,51909
1787564100,2026-08-24T15:05:00,77306.95,77308.28,77270.59,77276.98,24049
1787564160,2026-08-24T15:06:00,77278.02,77287.49,77258.01,77269.13,39065
1787564220,2026-08-24T15:07:00,77265.24,77284.44,77263.7,77284.09,28134
1787564280,2026-08-24T15:08:00,77284.24,77307.31,77276.77,77302.35,20414
1787564340,2026-08-24T15:09:00,77300.25,77317.81,77299.16,77316.84,85081
1787564400,2026-08-24T15:10:00,77317.04,77317.48,77292.15,77304.73,24753
1787564460,2026-08-24T15:11:00,77306.01,77324.28,77289.84,77297.43,12334
1787564520,2026-08-24T15:12:00,77296.71,77317.09,77293.72,77294.28,20310
1787564580,2026-08-24T15:13:00,77283.39,77312.96,77282.43,77304.16,16047
1787564640,2026-08-24T15:14:00,77304.29,77331.84,77289.69,77328.1,29542
1787564700,2026-08-24T15:15:00,77328.1,77328.1,77328.1,77328.1,29542
1787564760,2026-08-24T15:16:00,77328.1,77328.1,77328.1,77328.1,29542
1787564820,2026-08-24T15:17:00,77328.1,77328.1,77328.1,77328.1,29542
1787564880,2026-08-24T15:18:00,77328.1,77328.1,77328.1,77328.1,29542
1787564940,2026-08-24T15:19:00,77328.1,77328.1,77328.1,77328.1,29542
1787565000,2026-08-24T15:20:00,77328.1,77328.1,77328.1,77328.1,29542
1787565060,2026-08-24T15:21:00,77328.1,77328.1,77328.1,77328.1,29542
1787565120,2026-08-24T15:22:00,77328.1,77328.1,77328.1,77328.1,29542
1787565180,2026-08-24T15:23:00,77328.1,77328.1,77328.1,77328.1,29542
1787565240,2026-08-24T15:24:00,77328.1,77328.1,77328.1,77328.1,29542
1787565300,2026-08-24T15:25:00,77328.1,77328.1,77328.1,77328.1,29542
1787565360,2026-08-24T15:26:00,77328.1,77328.1,77328.1,77328.1,29542
1787565420,2026-08-24T15:27:00,77328.1,77328.1,77328.1,77328.1,29542
1787565480,2026-08-24T15:28:00,77328.1,77370.13,77328.1,77370.13,29542
1787565540,2026-08-24T15:29:00,77370.13,77370.13,77370.13,77370.13,29542
1787629500,2026-08-25T09:15:00,77295.49,77322.7,77180.75,77207.05,126439
1787629560,2026-08-25T09:16:00,77202.27,77208.64,77146.03,77196.9,76252
1787629620,2026-08-25T09:17:00,77197.09,77248.48,77187.54,77227.83,43503
1787629680,2026-08-25T09:18:00,77227.53,77281.79,77227.53,77281.79,80150
1787629740,2026-08-25T09:19:00,77283.52,77325.46,77278.31,77325.46,67838
1787629800,2026-08-25T09:20:00,77327.12,77359.42,77318.08,77346.91,23074
1787629860,2026-08-25T09:21:00,77346.0,77379.16,77344.76,77364.18,27830
1787629920,2026-08-25T09:22:00,77361.04,77368.77,77332.24,77332.24,25772
1787629980,2026-08-25T09:23:00,77333.56,77339.35,77309.33,77334.01,43107
1787630040,2026-08-25T09:24:00,77331.9,77347.73,77311.69,77311.69,60210
1787630100,2026-08-25T09:25:00,77311.74,77316.87,77299.27,77313.38,27804
1787630160,2026-08-25T09:26:00,77311.22,77336.48,77302.65,77333.39,33017
1787630220,2026-08-25T09:27:00,77334.74,77354.25,77331.83,77349.35,19379
1787630280,2026-08-25T09:28:00,77349.3,77356.4,77334.1,77336.19,26767
1787630340,2026-08-25T09:29:00,77336.7,77346.42,77332.01,77338.61,21800
1787630400,2026-08-25T09:30:00,77337.82,77358.34,77333.92,77348.85,25879
1787630460,2026-08-25T09:31:00,77349.27,77362.13,77345.42,77361.23,38167
1787630520,2026-08-25T09:32:00,77362.66,77368.3,77359.67,77362.53,26289
1787630580,2026-08-25T09:33:00,77363.96,77368.02,77357.75,77362.52,18498
1787630640,2026-08-25T09:34:00,77363.57,77390.72,77359.83,77371.36,34819
1787630700,2026-08-25T09:35:00,77373.8,77380.5,77367.65,77370.48,26883
1787630760,2026-08-25T09:36:00,77369.53,77369.53,77345.11,77348.38,22226
1787630820,2026-08-25T09:37:00,77351.19,77351.19,77323.38,77325.13,31861
1787630880,2026-08-25T09:38:00,77326.15,77328.26,77313.73,77316.12,19177
1787630940,2026-08-25T09:39:00,77315.78,77317.09,77296.2,77310.83,15617
1787631000,2026-08-25T09:40:00,77309.79,77309.79,77288.34,77288.34,11065
1787631060,2026-08-25T09:41:00,77290.45,77293.54,77270.5,77270.5,17686
1787631120,2026-08-25T09:42:00,77270.17,77271.41,77260.59,77262.88,13333
1787631180,2026-08-25T09:43:00,77267.72,77275.12,77255.27,77259.46,9058
1787631240,2026-08-25T09:44:00,77253.64,77257.73,77242.75,77245.92,7592
1787631300,2026-08-25T09:45:00,77244.92,77245.43,77223.91,77225.69,27513
1787631360,2026-08-25T09:46:00,77225.91,77236.53,77220.58,77235.86,23045
1787631420,2026-08-25T09:47:00,77238.93,77271.33,77238.87,77267.13,11861
1787631480,2026-08-25T09:48:00,77265.75,77273.98,77245.14,77245.14,17854
1787631540,2026-08-25T09:49:00,77242.72,77246.43,77233.47,77233.47,7337
1787631600,2026-08-25T09:50:00,77233.47,77242.97,77226.74,77236.55,11662
1787631660,2026-08-25T09:51:00,77235.63,77240.59,77225.58,77225.94,14783
1787631720,2026-08-25T09:52:00,77227.45,77230.36,77191.63,77193.88,17216
1787631780,2026-08-25T09:53:00,77194.56,77194.56,77165.79,77175.23,13248
1787631840,2026-08-25T09:54:00,77176.43,77186.37,77169.1,77185.13,8294
1787631900,2026-08-25T09:55:00,77185.7,77186.34,77172.78,77177.41,9563
1787631960,2026-08-25T09:56:00,77179.65,77194.92,77174.88,77190.09,14815
1787632020,2026-08-25T09:57:00,77193.65,77211.29,77192.0,77211.29,18219
1787632080,2026-08-25T09:58:00,77201.93,77208.34,77196.62,77201.42,12409
1787632140,2026-08-25T09:59:00,77198.23,77207.6,77192.47,77192.47,11235
1787632200,2026-08-25T10:00:00,77193.17,77197.49,77182.2,77191.55,16335
1787632260,2026-08-25T10:01:00,77187.69,77198.64,77182.14,77182.14,6774
1787632320,2026-08-25T10:02:00,77180.28,77187.14,77170.35,77175.47,9808
1787632380,2026-08-25T10:03:00,77173.49,77189.33,77169.8,77186.7,5874
1787632440,2026-08-25T10:04:00,77185.95,77207.81,77180.1,77207.81,8119
1787632500,2026-08-25T10:05:00,77207.81,77222.43,77199.88,77222.43,4741
1787632560,2026-08-25T10:06:00,77219.29,77225.09,77212.63,77216.31,7400
1787632620,2026-08-25T10:07:00,77216.95,77218.29,77194.48,77194.48,5308
1787632680,2026-08-25T10:08:00,77197.75,77204.24,77190.69,77196.96,10343
1787632740,2026-08-25T10:09:00,77197.08,77197.08,77183.14,77183.14,10797
1787632800,2026-08-25T10:10:00,77184.74,77194.91,77183.34,77193.09,13042
1787632860,2026-08-25T10:11:00,77193.01,77210.42,77193.01,77208.92,6734
1787632920,2026-08-25T10:12:00,77205.95,77206.6,77190.63,77190.63,6957
1787632980,2026-08-25T10:13:00,77190.03,77202.19,77190.01,77192.14,10957
1787633040,2026-08-25T10:14:00,77192.84,77204.23,77187.72,77203.4,10947
1787633100,2026-08-25T10:15:00,77203.95,77206.97,77195.33,77197.96,7885
1787633160,2026-08-25T10:16:00,77195.59,77205.97,77188.6,77192.51,4662
1787633220,2026-08-25T10:17:00,77195.24,77195.7,77177.91,77177.91,10747
1787633280,2026-08-25T10:18:00,77179.41,77186.99,77169.28,77175.72,12273
1787633340,2026-08-25T10:19:00,77174.05,77177.78,77165.8,77168.94,6051
1787633400,2026-08-25T10:20:00,77174.09,77178.82,77168.54,77168.87,8617
1787633460,2026-08-25T10:21:00,77171.64,77177.69,77157.94,77165.16,6613
1787633520,2026-08-25T10:22:00,77164.88,77166.41,77155.43,77157.65,15837
1787633580,2026-08-25T10:23:00,77157.3,77157.51,77136.7,77136.7,27783
1787633640,2026-08-25T10:24:00,77135.76,77146.48,77131.86,77138.85,6394
1787633700,2026-08-25T10:25:00,77138.03,77141.35,77129.72,77140.39,10691
1787633760,2026-08-25T10:26:00,77140.79,77140.86,77125.91,77135.88,5199
1787633820,2026-08-25T10:27:00,77134.8,77151.31,77131.04,77136.02,18031
1787633880,2026-08-25T10:28:00,77139.36,77152.62,77129.55,77152.62,8775
1787633940,2026-08-25T10:29:00,77153.58,77158.11,77147.37,77149.71,8736
1787634000,2026-08-25T10:30:00,77148.85,77159.73,77145.77,77154.76,5440
1787634060,2026-08-25T10:31:00,77155.54,77170.95,77155.54,77166.72,11153
1787634120,2026-08-25T10:32:00,77167.37,77173.93,77159.46,77159.76,12076
1787634180,2026-08-25T10:33:00,77160.73,77175.4,77155.79,77171.35,3987
1787634240,2026-08-25T10:34:00,77172.14,77180.96,77172.08,77178.16,4060
1787634300,2026-08-25T10:35:00,77177.14,77177.14,77162.76,77173.01,5301
1787634360,2026-08-25T10:36:00,77169.99,77176.48,77157.44,77157.44,10948
1787634420,2026-08-25T10:37:00,77157.05,77170.64,77156.92,77168.58,5615
1787634480,2026-08-25T10:38:00,77170.33,77174.15,77156.92,77162.23,10302
1787634540,2026-08-25T10:39:00,77161.05,77182.13,77156.93,77181.32,5457
1787634600,2026-08-25T10:40:00,77181.32,77185.0,77165.04,77171.17,7678
1787634660,2026-08-25T10:41:00,77169.68,77175.06,77162.25,77171.84,7652
1787634720,2026-08-25T10:42:00,77171.84,77182.49,77167.1,77174.61,8859
1787634780,2026-08-25T10:43:00,77176.23,77192.6,77174.23,77189.36,7089
1787634840,2026-08-25T10:44:00,77191.54,77201.33,77191.54,77198.47,10202
1787634900,2026-08-25T10:45:00,77200.03,77203.88,77193.53,77201.07,14230
1787634960,2026-08-25T10:46:00,77205.57,77213.56,77198.02,77209.88,5842
1787635020,2026-08-25T10:47:00,77213.18,77233.3,77207.8,77233.3,31157
1787635080,2026-08-25T10:48:00,77235.89,77254.25,77231.36,77254.25,30510
1787635140,2026-08-25T10:49:00,77254.55,77261.93,77250.6,77259.8,5109
1787635200,2026-08-25T10:50:00,77259.95,77275.05,77253.44,77272.68,19269
1787635260,2026-08-25T10:51:00,77273.96,77289.95,77269.63,77286.63,61200
1787635320,2026-08-25T10:52:00,77287.61,77295.01,77279.68,77282.36,173107
1787635380,2026-08-25T10:53:00,77282.05,77289.63,77268.84,77269.67,36979
1787635440,2026-08-25T10:54:00,77269.67,77273.23,77243.68,77252.89,19792
1787635500,2026-08-25T10:55:00,77252.59,77261.78,77247.75,77257.71,18492
1787635560,2026-08-25T10:56:00,77256.18,77264.37,77240.21,77241.86,15339
1787635620,2026-08-25T10:57:00,77241.86,77246.67,77231.16,77237.96,24501
1787635680,2026-08-25T10:58:00,77238.88,77239.94,77215.35,77221.25,8772
1787635740,2026-08-25T10:59:00,77221.42,77224.36,77207.58,77218.13,246161
1787635800,2026-08-25T11:00:00,77216.43,77231.85,77211.6,77222.2,232846
1787635860,2026-08-25T11:01:00,77222.73,77228.72,77212.58,77213.34,28507
1787635920,2026-08-25T11:02:00,77211.49,77217.21,77197.93,77197.93,9095
1787635980,2026-08-25T11:03:00,77203.66,77213.53,77197.78,77200.37,19061
1787636040,2026-08-25T11:04:00,77200.37,77201.55,77192.17,77193.47,4521
1787636100,2026-08-25T11:05:00,77193.97,77200.54,77192.68,77198.19,16919
1787636160,2026-08-25T11:06:00,77194.87,77205.03,77194.82,77202.2,4892
1787636220,2026-08-25T11:07:00,77202.2,77222.2,77202.2,77215.44,3208
1787636280,2026-08-25T11:08:00,77215.44,77221.04,77201.94,77204.39,4788
1787636340,2026-08-25T11:09:00,77203.93,77209.97,77198.6,77198.6,4271
1787636400,2026-08-25T11:10:00,77199.51,77206.02,77195.55,77199.88,21310
1787636460,2026-08-25T11:11:00,77199.96,77204.6,77184.59,77184.59,34442
1787636520,2026-08-25T11:12:00,77184.94,77185.69,77177.22,77178.06,31474
1787636580,2026-08-25T11:13:00,77178.06,77182.67,77170.16,77180.96,4964
1787636640,2026-08-25T11:14:00,77184.47,77207.66,77181.0,77202.96,13748
1787636700,2026-08-25T11:15:00,77202.66,77218.07,77202.66,77214.45,8020
1787636760,2026-08-25T11:16:00,77218.22,77223.21,77209.7,77219.06,5294
1787636820,2026-08-25T11:17:00,77219.74,77224.13,77203.64,77208.6,7590
1787636880,2026-08-25T11:18:00,77210.79,77225.19,77207.34,77225.19,13564
1787636940,2026-08-25T11:19:00,77223.89,77225.73,77210.88,77212.34,23201
1787637000,2026-08-25T11:20:00,77212.34,77229.1,77207.31,77221.73,16168
1787637060,2026-08-25T11:21:00,77220.27,77239.38,77216.21,77233.95,3569
1787637120,2026-08-25T11:22:00,77229.35,77252.96,77229.2,77250.02,13013
1787637180,2026-08-25T11:23:00,77247.81,77249.58,77231.04,77233.42,4908
1787637240,2026-08-25T11:24:00,77236.34,77241.13,77229.65,77238.2,10716
1787637300,2026-08-25T11:25:00,77238.95,77244.15,77235.95,77240.66,8063
1787637360,2026-08-25T11:26:00,77240.66,77247.78,77238.19,77244.81,2913
1787637420,2026-08-25T11:27:00,77244.81,77244.89,77234.01,77234.01,8825
1787637480,2026-08-25T11:28:00,77234.01,77240.78,77226.85,77233.37,9841
1787637540,2026-08-25T11:29:00,77233.51,77237.0,77223.93,77228.05,13037
1787637600,2026-08-25T11:30:00,77228.48,77231.35,77222.94,77230.32,7375
1787637660,2026-08-25T11:31:00,77232.15,77244.35,77230.23,77244.35,6267
1787637720,2026-08-25T11:32:00,77240.41,77245.95,77232.24,77242.06,7899
1787637780,2026-08-25T11:33:00,77242.81,77261.26,77242.76,77245.01,9444
1787637840,2026-08-25T11:34:00,77245.92,77247.75,77236.17,77238.29,14163
1787637900,2026-08-25T11:35:00,77237.64,77237.92,77218.02,77218.02,10947
1787637960,2026-08-25T11:36:00,77218.62,77224.49,77212.38,77220.67,7678
1787638020,2026-08-25T11:37:00,77220.19,77220.19,77204.33,77206.98,3848
1787638080,2026-08-25T11:38:00,77206.65,77220.89,77203.97,77220.03,4892
1787638140,2026-08-25T11:39:00,77221.01,77235.15,77217.94,77233.6,6892
1787638200,2026-08-25T11:40:00,77233.6,77236.59,77227.47,77234.89,4239
1787638260,2026-08-25T11:41:00,77234.82,77237.69,77225.29,77237.59,15587
1787638320,2026-08-25T11:42:00,77240.01,77242.6,77227.81,77238.17,4774
1787638380,2026-08-25T11:43:00,77238.39,77243.74,77228.37,77238.34,14553
1787638440,2026-08-25T11:44:00,77233.87,77241.03,77225.77,77238.58,6507
1787638500,2026-08-25T11:45:00,77234.68,77245.92,77225.7,77234.05,12498
1787638560,2026-08-25T11:46:00,77233.9,77233.9,77202.87,77203.22,4579
1787638620,2026-08-25T11:47:00,77203.22,77211.2,77200.93,77204.88,5408
1787638680,2026-08-25T11:48:00,77206.72,77211.0,77186.97,77197.44,71553
1787638740,2026-08-25T11:49:00,77197.44,77212.93,77192.94,77211.33,5028
1787638800,2026-08-25T11:50:00,77211.33,77214.4,77199.19,77203.31,3690
1787638860,2026-08-25T11:51:00,77206.84,77210.98,77194.67,77210.98,11313
1787638920,2026-08-25T11:52:00,77210.98,77239.62,77210.98,77230.03,9096
1787638980,2026-08-25T11:53:00,77230.03,77247.43,77229.66,77247.43,10969
1787639040,2026-08-25T11:54:00,77247.43,77267.9,77247.43,77267.9,7778
1787639100,2026-08-25T11:55:00,77267.9,77335.08,77259.76,77335.08,17874
1787639160,2026-08-25T11:56:00,77330.64,77336.36,77312.37,77326.94,3471
1787639220,2026-08-25T11:57:00,77326.94,77328.65,77318.34,77321.93,6753
1787639280,2026-08-25T11:58:00,77322.97,77351.15,77322.97,77344.36,10005
1787639340,2026-08-25T11:59:00,77344.91,77361.55,77337.57,77337.57,4082
1787639400,2026-08-25T12:00:00,77336.87,77342.64,77310.68,77310.73,7648
1787639460,2026-08-25T12:01:00,77310.17,77313.11,77290.17,77292.22,8531
1787639520,2026-08-25T12:02:00,77293.63,77315.99,77286.66,77313.45,8431
1787639580,2026-08-25T12:03:00,77313.45,77340.65,77301.79,77338.79,89829
1787639640,2026-08-25T12:04:00,77338.78,77352.67,77336.96,77343.34,6115
1787639700,2026-08-25T12:05:00,77343.7,77343.7,77318.99,77318.99,5527
1787639760,2026-08-25T12:06:00,77318.76,77328.65,77307.12,77326.46,7236
1787639820,2026-08-25T12:07:00,77326.46,77343.32,77326.46,77333.02,53630
1787639880,2026-08-25T12:08:00,77332.7,77333.87,77321.46,77330.18,2971
1787639940,2026-08-25T12:09:00,77329.86,77332.03,77309.1,77309.1,10336
1787640000,2026-08-25T12:10:00,77309.1,77314.0,77301.57,77301.57,5937
1787640060,2026-08-25T12:11:00,77302.3,77306.0,77294.46,77305.58,2520
1787640120,2026-08-25T12:12:00,77307.7,77315.92,77303.84,77315.92,2498
1787640180,2026-08-25T12:13:00,77316.21,77321.34,77311.89,77320.04,5311
1787640240,2026-08-25T12:14:00,77320.04,77320.04,77308.87,77317.05,5253
1787640300,2026-08-25T12:15:00,77317.16,77339.55,77317.16,77333.97,38059
1787640360,2026-08-25T12:16:00,77335.34,77342.56,77330.09,77331.51,54683
1787640420,2026-08-25T12:17:00,77332.31,77340.64,77327.88,77331.15,11352
1787640480,2026-08-25T12:18:00,77333.87,77335.05,77322.64,77325.69,6960
1787640540,2026-08-25T12:19:00,77327.24,77332.75,77324.74,77332.75,6647
1787640600,2026-08-25T12:20:00,77332.75,77340.77,77323.12,77330.9,6133
1787640660,2026-08-25T12:21:00,77330.9,77334.87,77317.07,77323.01,14592
1787640720,2026-08-25T12:22:00,77317.26,77317.39,77299.42,77301.98,39589
1787640780,2026-08-25T12:23:00,77304.08,77316.54,77300.71,77313.96,8445
1787640840,2026-08-25T12:24:00,77316.1,77320.21,77302.49,77304.62,7791
1787640900,2026-08-25T12:25:00,77304.19,77324.86,77304.19,77322.01,6275
1787640960,2026-08-25T12:26:00,77320.4,77328.12,77309.91,77315.24,30917
1787641020,2026-08-25T12:27:00,77316.11,77318.03,77287.43,77309.04,12304
1787641080,2026-08-25T12:28:00,77310.86,77317.82,77308.56,77317.65,5084
1787641140,2026-08-25T12:29:00,77317.65,77318.41,77308.66,77308.84,12242
1787641200,2026-08-25T12:30:00,77308.04,77309.91,77283.21,77283.21,20989
1787641260,2026-08-25T12:31:00,77283.21,77300.2,77281.22,77299.13,57700
1787641320,2026-08-25T12:32:00,77302.88,77307.87,77289.81,77302.84,8557
1787641380,2026-08-25T12:33:00,77302.84,77304.77,77297.6,77298.67,12953
1787641440,2026-08-25T12:34:00,77298.67,77311.69,77298.67,77307.69,5176
1787641500,2026-08-25T12:35:00,77307.69,77307.69,77294.62,77296.04,7707
1787641560,2026-08-25T12:36:00,77296.46,77299.78,77289.3,77297.82,25526
1787641620,2026-08-25T12:37:00,77297.89,77299.37,77283.55,77286.42,22664
1787641680,2026-08-25T12:38:00,77285.53,77300.07,77263.73,77264.48,12769
1787641740,2026-08-25T12:39:00,77266.0,77278.15,77263.63,77278.15,7373
1787641800,2026-08-25T12:40:00,77276.21,77280.1,77263.49,77264.83,4934
1787641860,2026-08-25T12:41:00,77265.45,77274.64,77265.45,77271.38,3205
1787641920,2026-08-25T12:42:00,77271.38,77273.26,77263.55,77270.63,5276
1787641980,2026-08-25T12:43:00,77270.63,77272.61,77252.28,77256.36,15877
1787642040,2026-08-25T12:44:00,77254.93,77267.45,77253.92,77267.45,3375
1787642100,2026-08-25T12:45:00,77267.45,77277.19,77250.27,77276.96,9331
1787642160,2026-08-25T12:46:00,77276.18,77279.88,77260.6,77260.6,5815
1787642220,2026-08-25T12:47:00,77262.44,77266.7,77245.39,77245.39,5146
1787642280,2026-08-25T12:48:00,77245.39,77267.61,77245.39,77259.15,16194
1787642340,2026-08-25T12:49:00,77259.91,77274.0,77257.55,77267.21,39163
1787642400,2026-08-25T12:50:00,77271.71,77275.92,77253.93,77261.37,60708
1787642460,2026-08-25T12:51:00,77261.37,77268.86,77257.03,77258.1,27529
1787642520,2026-08-25T12:52:00,77259.12,77281.12,77256.39,77271.38,41641
1787642580,2026-08-25T12:53:00,77271.38,77277.64,77270.78,77274.56,4038
1787642640,2026-08-25T12:54:00,77273.91,77278.78,77262.45,77262.45,3771
1787642700,2026-08-25T12:55:00,77259.19,77259.54,77247.28,77259.54,10457
1787642760,2026-08-25T12:56:00,77259.54,77260.6,77248.22,77255.33,5168
1787642820,2026-08-25T12:57:00,77253.71,77276.04,77253.18,77275.43,14617
1787642880,2026-08-25T12:58:00,77276.65,77276.65,77258.6,77262.46,4753
1787642940,2026-08-25T12:59:00,77263.39,77276.7,77256.4,77267.4,6213
1787643000,2026-08-25T13:00:00,77267.86,77269.47,77261.94,77261.94,3528
1787643060,2026-08-25T13:01:00,77260.68,77262.85,77206.08,77216.58,27642
1787643120,2026-08-25T13:02:00,77216.29,77226.13,77211.57,77219.81,3446
1787643180,2026-08-25T13:03:00,77219.81,77224.09,77214.79,77215.51,7316
1787643240,2026-08-25T13:04:00,77215.07,77219.55,77209.9,77216.08,2961
1787643300,2026-08-25T13:05:00,77217.54,77223.41,77207.23,77213.34,5160
1787643360,2026-08-25T13:06:00,77213.34,77216.58,77208.89,77208.89,7588
1787643420,2026-08-25T13:07:00,77208.89,77210.53,77201.22,77206.41,5807
1787643480,2026-08-25T13:08:00,77207.11,77217.3,77198.1,77217.3,26935
1787643540,2026-08-25T13:09:00,77217.3,77217.3,77202.93,77203.53,9479
1787643600,2026-08-25T13:10:00,77204.58,77213.02,77202.3,77211.35,3406
1787643660,2026-08-25T13:11:00,77209.79,77217.61,77206.55,77217.61,9109
1787643720,2026-08-25T13:12:00,77217.95,77218.37,77200.91,77207.02,23341
1787643780,2026-08-25T13:13:00,77205.04,77207.61,77184.57,77188.34,28230
1787643840,2026-08-25T13:14:00,77188.34,77190.88,77170.95,77171.78,11859
1787643900,2026-08-25T13:15:00,77171.33,77176.17,77156.87,77174.21,4575
1787643960,2026-08-25T13:16:00,77174.21,77174.79,77160.61,77166.91,14727
1787644020,2026-08-25T13:17:00,77166.91,77178.67,77165.03,77178.67,2365
1787644080,2026-08-25T13:18:00,77182.39,77183.93,77175.82,77175.82,3658
1787644140,2026-08-25T13:19:00,77178.39,77178.86,77165.85,77165.85,5448
1787644200,2026-08-25T13:20:00,77165.85,77176.16,77155.74,77163.89,7159
1787644260,2026-08-25T13:21:00,77163.89,77168.02,77157.42,77163.25,6897
1787644320,2026-08-25T13:22:00,77163.25,77167.55,77156.61,77156.61,9199
1787644380,2026-08-25T13:23:00,77156.91,77161.36,77149.28,77160.4,5588
1787644440,2026-08-25T13:24:00,77160.55,77161.51,77142.19,77142.68,4345
1787644500,2026-08-25T13:25:00,77141.8,77153.69,77137.26,77143.03,6169
1787644560,2026-08-25T13:26:00,77142.57,77156.19,77134.85,77139.04,11679
1787644620,2026-08-25T13:27:00,77140.86,77165.88,77139.66,77165.17,32477
1787644680,2026-08-25T13:28:00,77167.59,77168.41,77154.75,77160.23,6954
1787644740,2026-08-25T13:29:00,77160.23,77166.4,77155.3,77163.05,7907
1787644800,2026-08-25T13:30:00,77163.12,77166.23,77157.9,77164.25,5896
1787644860,2026-08-25T13:31:00,77163.85,77173.15,77163.21,77167.42,4036
1787644920,2026-08-25T13:32:00,77167.42,77171.33,77160.46,77168.91,34423
1787644980,2026-08-25T13:33:00,77168.91,77173.21,77162.62,77170.11,7815
1787645040,2026-08-25T13:34:00,77170.11,77174.82,77167.85,77168.73,4376
1787645100,2026-08-25T13:35:00,77168.73,77169.94,77155.12,77159.34,21027
1787645160,2026-08-25T13:36:00,77159.34,77176.99,77156.15,77176.99,10626
1787645220,2026-08-25T13:37:00,77179.13,77179.63,77168.85,77175.14,9030
1787645280,2026-08-25T13:38:00,77176.66,77178.84,77169.78,77176.74,14064
1787645340,2026-08-25T13:39:00,77178.02,77186.82,77177.84,77186.47,11919
1787645400,2026-08-25T13:40:00,77186.47,77191.55,77180.38,77187.12,19206
1787645460,2026-08-25T13:41:00,77187.89,77197.89,77182.79,77196.19,7922
1787645520,2026-08-25T13:42:00,77198.05,77208.93,77196.78,77207.48,32124
1787645580,2026-08-25T13:43:00,77207.93,77210.01,77194.3,77199.03,11503
1787645640,2026-08-25T13:44:00,77202.45,77202.45,77189.18,77193.71,2215
1787645700,2026-08-25T13:45:00,77193.71,77198.25,77188.81,77191.84,14381
1787645760,2026-08-25T13:46:00,77192.96,77193.69,77176.21,77183.14,6780
1787645820,2026-08-25T13:47:00,77184.1,77187.05,77178.37,77180.85,4733
1787645880,2026-08-25T13:48:00,77180.85,77195.74,77180.85,77190.35,8914
1787645940,2026-08-25T13:49:00,77189.89,77189.89,77171.89,77178.05,13714
1787646000,2026-08-25T13:50:00,77177.8,77177.8,77166.07,77172.65,13055
1787646060,2026-08-25T13:51:00,77172.65,77194.66,77172.65,77194.66,8958
1787646120,2026-08-25T13:52:00,77193.86,77213.5,77193.86,77207.49,8156
1787646180,2026-08-25T13:53:00,77206.26,77255.01,77206.26,77255.01,15618
1787646240,2026-08-25T13:54:00,77258.5,77301.97,77258.5,77301.97,33955
1787646300,2026-08-25T13:55:00,77302.98,77308.53,77284.88,77288.33,16401
1787646360,2026-08-25T13:56:00,77288.33,77288.33,77265.75,77269.75,2667
1787646420,2026-08-25T13:57:00,77266.54,77269.12,77251.91,77267.29,7694
1787646480,2026-08-25T13:58:00,77265.71,77265.71,77241.73,77244.58,11074
1787646540,2026-08-25T13:59:00,77244.77,77252.82,77238.88,77248.17,8412
1787646600,2026-08-25T14:00:00,77247.0,77252.99,77242.9,77242.9,5622
1787646660,2026-08-25T14:01:00,77242.9,77243.72,77207.53,77209.5,23057
1787646720,2026-08-25T14:02:00,77209.25,77234.69,77208.43,77232.16,11607
1787646780,2026-08-25T14:03:00,77232.39,77234.44,77194.76,77199.29,13201
1787646840,2026-08-25T14:04:00,77199.29,77247.32,77197.17,77245.77,12161
1787646900,2026-08-25T14:05:00,77247.73,77259.83,77242.12,77257.74,3985
1787646960,2026-08-25T14:06:00,77257.1,77259.84,77247.91,77248.4,6411
1787647020,2026-08-25T14:07:00,77247.18,77260.83,77247.18,77260.83,22390
1787647080,2026-08-25T14:08:00,77260.13,77265.27,77241.28,77242.99,15861
1787647140,2026-08-25T14:09:00,77242.99,77244.93,77234.94,77241.48,17586
1787647200,2026-08-25T14:10:00,77241.48,77253.61,77238.43,77251.98,6633
1787647260,2026-08-25T14:11:00,77251.98,77263.26,77251.98,77260.41,5207
1787647320,2026-08-25T14:12:00,77260.41,77265.29,77254.62,77257.36,4677
1787647380,2026-08-25T14:13:00,77260.92,77263.75,77250.33,77254.12,6104
1787647440,2026-08-25T14:14:00,77254.84,77257.46,77248.04,77248.23,10117
1787647500,2026-08-25T14:15:00,77247.0,77255.0,77245.11,77252.72,9005
1787647560,2026-08-25T14:16:00,77251.25,77251.25,77243.54,77247.61,4189
1787647620,2026-08-25T14:17:00,77247.61,77253.02,77237.83,77241.48,7486
1787647680,2026-08-25T14:18:00,77241.48,77252.7,77240.42,77250.43,9317
1787647740,2026-08-25T14:19:00,77248.85,77258.7,77248.85,77255.23,10976
1787647800,2026-08-25T14:20:00,77255.23,77272.6,77246.72,77272.6,4604
1787647860,2026-08-25T14:21:00,77272.6,77274.13,77252.7,77253.68,3697
1787647920,2026-08-25T14:22:00,77253.51,77263.28,77244.31,77256.82,19836
1787647980,2026-08-25T14:23:00,77256.82,77284.36,77256.82,77284.32,45549
1787648040,2026-08-25T14:24:00,77282.76,77282.76,77253.62,77257.55,8000
1787648100,2026-08-25T14:25:00,77252.64,77274.0,77252.05,77273.23,7758
1787648160,2026-08-25T14:26:00,77273.23,77279.01,77271.28,77279.01,4335
1787648220,2026-08-25T14:27:00,77281.44,77298.77,77278.28,77297.3,6603
1787648280,2026-08-25T14:28:00,77297.83,77321.05,77295.63,77321.05,27612
1787648340,2026-08-25T14:29:00,77320.38,77331.7,77320.38,77327.33,7216
1787648400,2026-08-25T14:30:00,77327.02,77330.78,77315.82,77317.55,3406
1787648460,2026-08-25T14:31:00,77317.55,77403.54,77312.04,77402.64,40622
1787648520,2026-08-25T14:32:00,77398.51,77415.11,77385.8,77412.5,16920
1787648580,2026-08-25T14:33:00,77414.33,77424.96,77399.13,77409.03,9566
1787648640,2026-08-25T14:34:00,77410.36,77410.92,77368.61,77381.56,11216
1787648700,2026-08-25T14:35:00,77380.32,77421.21,77380.01,77408.06,13671
1787648760,2026-08-25T14:36:00,77408.02,77408.02,77378.41,77378.41,11403
1787648820,2026-08-25T14:37:00,77378.41,77381.31,77353.91,77358.8,20073
1787648880,2026-08-25T14:38:00,77358.8,77370.96,77357.03,77368.56,7614
1787648940,2026-08-25T14:39:00,77369.85,77379.27,77367.66,77377.09,15503
1787649000,2026-08-25T14:40:00,77375.28,77385.91,77371.3,77382.31,8500
1787649060,2026-08-25T14:41:00,77384.73,77417.28,77377.33,77412.34,23828
1787649120,2026-08-25T14:42:00,77416.23,77416.23,77404.52,77406.56,5616
1787649180,2026-08-25T14:43:00,77405.18,77415.3,77395.77,77396.37,8130
1787649240,2026-08-25T14:44:00,77402.84,77411.36,77399.46,77399.46,14003
1787649300,2026-08-25T14:45:00,77400.64,77420.51,77400.64,77417.92,14173
1787649360,2026-08-25T14:46:00,77417.92,77417.92,77404.32,77408.8,12402
1787649420,2026-08-25T14:47:00,77412.56,77413.28,77402.52,77410.78,9185
1787649480,2026-08-25T14:48:00,77410.9,77440.16,77410.9,77434.36,8224
1787649540,2026-08-25T14:49:00,77436.04,77460.94,77426.45,77456.43,19287
1787649600,2026-08-25T14:50:00,77456.21,77463.31,77446.14,77446.14,8097
1787649660,2026-08-25T14:51:00,77445.32,77472.03,77439.96,77466.56,17477
1787649720,2026-08-25T14:52:00,77467.83,77530.33,77467.83,77518.09,111838
1787649780,2026-08-25T14:53:00,77514.88,77526.41,77509.61,77511.46,17232
1787649840,2026-08-25T14:54:00,77513.08,77516.16,77495.69,77501.57,16855
1787649900,2026-08-25T14:55:00,77507.01,77514.28,77494.6,77509.7,16278
1787649960,2026-08-25T14:56:00,77509.42,77525.44,77501.87,77520.38,15947
1787650020,2026-08-25T14:57:00,77519.87,77532.78,77511.15,77511.15,22677
1787650080,2026-08-25T14:58:00,77511.28,77530.15,77509.86,77521.19,31576
1787650140,2026-08-25T14:59:00,77523.62,77545.31,77523.34,77539.74,21918
1787650200,2026-08-25T15:00:00,77536.05,77545.92,77510.16,77529.21,32365
1787650260,2026-08-25T15:01:00,77527.91,77527.91,77500.62,77500.62,15847
1787650320,2026-08-25T15:02:00,77500.62,77536.9,77500.27,77534.94,26488
1787650380,2026-08-25T15:03:00,77534.77,77534.77,77510.26,77510.26,13973
1787650440,2026-08-25T15:04:00,77508.47,77547.94,77508.47,77545.11,21278
1787650500,2026-08-25T15:05:00,77545.11,77545.11,77518.9,77526.89,14221
1787650560,2026-08-25T15:06:00,77528.27,77535.37,77516.65,77517.36,18587
1787650620,2026-08-25T15:07:00,77518.54,77526.85,77511.38,77511.58,21385
1787650680,2026-08-25T15:08:00,77511.58,77525.08,77504.79,77504.79,29019
1787650740,2026-08-25T15:09:00,77507.7,77534.23,77502.77,77517.67,44042
1787650800,2026-08-25T15:10:00,77520.54,77546.24,77512.81,77538.75,37247
1787650860,2026-08-25T15:11:00,77538.63,77582.44,77538.63,77562.06,52972
1787650920,2026-08-25T15:12:00,77561.52,77587.56,77554.35,77559.71,31594
1787650980,2026-08-25T15:13:00,77559.9,77567.8,77546.76,77546.76,37793
1787651040,2026-08-25T15:14:00,77544.51,77570.32,77522.25,77526.75,27804
1787651100,2026-08-25T15:15:00,77529.94,77529.94,77529.94,77529.94,27804
1787651160,2026-08-25T15:16:00,77529.94,77529.94,77529.94,77529.94,27804
1787651220,2026-08-25T15:17:00,77529.94,77529.94,77529.94,77529.94,27804
1787651280,2026-08-25T15:18:00,77529.94,77529.94,77529.94,77529.94,27804
1787651340,2026-08-25T15:19:00,77529.94,77529.94,77529.94,77529.94,27804
1787651400,2026-08-25T15:20:00,77529.94,77529.94,77529.94,77529.94,27804
1787651460,2026-08-25T15:21:00,77529.94,77529.94,77529.94,77529.94,27804
1787651520,2026-08-25T15:22:00,77529.94,77529.94,77529.94,77529.94,27804
1787651580,2026-08-25T15:23:00,77529.94,77529.94,77529.94,77529.94,27804
1787651640,2026-08-25T15:24:00,77529.94,77529.94,77529.94,77529.94,27804
1787651700,2026-08-25T15:25:00,77529.94,77529.94,77529.94,77529.94,27804
1787651760,2026-08-25T15:26:00,77529.94,77529.94,77529.94,77529.94,27804
1787651820,2026-08-25T15:27:00,77529.94,77529.94,77529.94,77529.94,27804
1787651880,2026-08-25T15:28:00,77529.94,77529.94,77529.94,77529.94,27804
1787651940,2026-08-25T15:29:00,77529.94,77666.39,77529.94,77656.09,27804
1787715900,2026-08-26T09:15:00,77892.1,77929.64,77815.82,77890.82,119988
1787715960,2026-08-26T09:16:00,77894.09,77903.03,77873.82,77886.68,66704
1787716020,2026-08-26T09:17:00,77883.87,77894.75,77846.26,77846.87,57902
1787716080,2026-08-26T09:18:00,77844.37,77862.19,77828.39,77861.84,50777
1787716140,2026-08-26T09:19:00,77858.21,77860.43,77805.62,77827.42,30218
1787716200,2026-08-26T09:20:00,77824.83,77874.46,77818.2,77870.64,33868
1787716260,2026-08-26T09:21:00,77862.96,77910.45,77862.75,77910.45,59359
1787716320,2026-08-26T09:22:00,77910.32,77913.39,77891.07,77903.87,41031
1787716380,2026-08-26T09:23:00,77898.59,77910.02,77889.48,77904.64,30261
1787716440,2026-08-26T09:24:00,77902.45,77934.7,77902.45,77934.7,35218
1787716500,2026-08-26T09:25:00,77935.1,77936.2,77902.73,77916.39,28401
1787716560,2026-08-26T09:26:00,77916.71,77948.5,77915.15,77929.64,23873
1787716620,2026-08-26T09:27:00,77926.92,77949.55,77917.3,77922.72,31257
1787716680,2026-08-26T09:28:00,77920.97,77929.36,77910.02,77914.88,19723
1787716740,2026-08-26T09:29:00,77917.61,77917.61,77900.91,77906.72,30432
1787716800,2026-08-26T09:30:00,77907.69,77928.65,77891.88,77891.88,33370
1787716860,2026-08-26T09:31:00,77891.88,77899.67,77884.77,77888.42,44674
1787716920,2026-08-26T09:32:00,77887.84,77905.48,77887.21,77903.69,25277
1787716980,2026-08-26T09:33:00,77904.16,77910.9,77884.72,77899.55,67616
1787717040,2026-08-26T09:34:00,77895.42,77900.16,77879.77,77895.65,16968
1787717100,2026-08-26T09:35:00,77891.34,77906.0,77890.99,77899.72,36336
1787717160,2026-08-26T09:36:00,77899.1,77915.76,77873.01,77878.93,19636
1787717220,2026-08-26T09:37:00,77876.65,77890.5,77864.12,77889.83,38625
1787717280,2026-08-26T09:38:00,77890.43,77912.4,77884.42,77910.43,43505
1787717340,2026-08-26T09:39:00,77906.8,77914.14,77900.01,77910.31,13524
1787717400,2026-08-26T09:40:00,77907.34,77939.13,77907.34,77934.36,39529
1787717460,2026-08-26T09:41:00,77934.36,77954.05,77924.0,77953.11,36735
1787717520,2026-08-26T09:42:00,77952.24,77966.34,77949.55,77950.03,37224
1787717580,2026-08-26T09:43:00,77950.49,77967.89,77946.23,77957.41,41213
1787717640,2026-08-26T09:44:00,77957.49,77970.02,77952.61,77960.57,161674
1787717700,2026-08-26T09:45:00,77963.2,77971.07,77956.1,77969.0,36964
1787717760,2026-08-26T09:46:00,77968.38,77978.7,77965.54,77975.75,28097
1787717820,2026-08-26T09:47:00,77975.77,77981.48,77967.87,77978.47,12152
1787717880,2026-08-26T09:48:00,77976.75,77986.84,77965.91,77976.85,27766
1787717940,2026-08-26T09:49:00,77977.28,77979.18,77958.21,77961.97,19174
1787718000,2026-08-26T09:50:00,77964.77,77965.39,77945.42,77949.42,18116
1787718060,2026-08-26T09:51:00,77950.06,77958.84,77947.39,77953.1,12989
1787718120,2026-08-26T09:52:00,77948.92,77950.05,77929.24,77937.6,15940
1787718180,2026-08-26T09:53:00,77937.6,77946.66,77933.24,77933.24,17834
1787718240,2026-08-26T09:54:00,77934.77,77940.29,77929.92,77934.63,19956
1787718300,2026-08-26T09:55:00,77934.74,77954.48,77931.72,77951.82,23153
1787718360,2026-08-26T09:56:00,77950.79,77969.5,77945.33,77966.4,14122
1787718420,2026-08-26T09:57:00,77963.94,77972.46,77954.89,77967.89,11170
1787718480,2026-08-26T09:58:00,77964.32,77967.27,77950.33,77956.11,18427
1787718540,2026-08-26T09:59:00,77957.61,77963.36,77946.26,77955.12,15402
1787718600,2026-08-26T10:00:00,77955.1,77956.07,77938.18,77948.6,19629
1787718660,2026-08-26T10:01:00,77948.6,77950.16,77933.32,77933.64,19634
1787718720,2026-08-26T10:02:00,77933.46,77937.68,77911.42,77911.59,22489
1787718780,2026-08-26T10:03:00,77914.02,77929.83,77914.02,77927.18,15760
1787718840,2026-08-26T10:04:00,77927.18,77932.58,77914.26,77921.89,7970
1787718900,2026-08-26T10:05:00,77921.59,77932.13,77910.46,77912.41,8975
1787718960,2026-08-26T10:06:00,77912.41,77921.39,77901.97,77908.27,10013
1787719020,2026-08-26T10:07:00,77906.65,77906.65,77875.43,77882.42,14422
1787719080,2026-08-26T10:08:00,77882.49,77884.24,77874.16,77875.85,16582
1787719140,2026-08-26T10:09:00,77875.85,77881.47,77871.93,77877.01,9816
1787719200,2026-08-26T10:10:00,77876.41,77882.06,77868.6,77873.85,8782
1787719260,2026-08-26T10:11:00,77872.81,77872.81,77834.64,77836.74,25802
1787719320,2026-08-26T10:12:00,77830.78,77852.66,77830.78,77850.31,20995
1787719380,2026-08-26T10:13:00,77852.43,77863.67,77850.2,77855.98,10461
1787719440,2026-08-26T10:14:00,77859.16,77871.34,77857.82,77859.61,7680
1787719500,2026-08-26T10:15:00,77862.03,77869.53,77851.24,77866.46,19845
1787719560,2026-08-26T10:16:00,77867.1,77867.99,77843.48,77845.36,47812
1787719620,2026-08-26T10:17:00,77844.68,77844.68,77798.15,77798.15,40919
1787719680,2026-08-26T10:18:00,77797.47,77801.21,77783.39,77785.92,26862
1787719740,2026-08-26T10:19:00,77784.87,77787.69,77772.81,77779.79,6210
1787719800,2026-08-26T10:20:00,77778.97,77789.38,77756.74,77758.87,30117
1787719860,2026-08-26T10:21:00,77756.87,77761.7,77734.55,77737.05,17219
1787719920,2026-08-26T10:22:00,77737.4,77752.78,77737.4,77752.78,12503
1787719980,2026-08-26T10:23:00,77752.91,77757.27,77715.78,77719.0,38015
1787720040,2026-08-26T10:24:00,77719.35,77731.82,77712.15,77729.5,6776
1787720100,2026-08-26T10:25:00,77730.27,77736.85,77718.87,77728.4,16538
1787720160,2026-08-26T10:26:00,77728.25,77728.25,77701.18,77705.78,13395
1787720220,2026-08-26T10:27:00,77705.78,77716.65,77703.95,77716.65,8398
1787720280,2026-08-26T10:28:00,77714.95,77728.03,77708.93,77728.03,14343
1787720340,2026-08-26T10:29:00,77728.86,77734.44,77722.26,77730.39,5345
1787720400,2026-08-26T10:30:00,77730.56,77749.85,77730.56,77745.35,50087
1787720460,2026-08-26T10:31:00,77744.73,77775.74,77744.73,77770.03,27891
1787720520,2026-08-26T10:32:00,77769.74,77783.59,77763.72,77780.31,13139
1787720580,2026-08-26T10:33:00,77781.28,77798.46,77773.96,77790.0,8322
1787720640,2026-08-26T10:34:00,77788.07,77794.14,77779.05,77786.4,6729
1787720700,2026-08-26T10:35:00,77786.09,77800.64,77782.15,77794.09,21552
1787720760,2026-08-26T10:36:00,77794.05,77801.68,77790.49,77793.03,26840
1787720820,2026-08-26T10:37:00,77791.27,77791.27,77778.07,77780.75,6332
1787720880,2026-08-26T10:38:00,77780.86,77792.65,77774.58,77785.42,6303
1787720940,2026-08-26T10:39:00,77784.66,77792.27,77780.02,77790.21,9327
1787721000,2026-08-26T10:40:00,77790.94,77800.81,77783.81,77788.4,5805
1787721060,2026-08-26T10:41:00,77790.58,77793.84,77777.24,77786.9,12567
1787721120,2026-08-26T10:42:00,77787.02,77802.43,77779.38,77801.73,17124
1787721180,2026-08-26T10:43:00,77801.45,77817.19,77794.92,77814.11,9659
1787721240,2026-08-26T10:44:00,77813.41,77825.68,77803.89,77810.61,12175
1787721300,2026-08-26T10:45:00,77810.29,77814.15,77773.77,77774.51,31703
1787721360,2026-08-26T10:46:00,77773.6,77775.44,77768.47,77772.28,7740
1787721420,2026-08-26T10:47:00,77772.28,77780.78,77769.34,77775.67,31147
1787721480,2026-08-26T10:48:00,77775.57,77778.79,77770.6,77775.71,8575
1787721540,2026-08-26T10:49:00,77777.26,77792.87,77772.57,77784.0,6160
1787721600,2026-08-26T10:50:00,77782.8,77786.14,77771.81,77782.13,7310
1787721660,2026-08-26T10:51:00,77783.0,77786.05,77765.95,77768.66,9022
1787721720,2026-08-26T10:52:00,77771.04,77787.25,77770.54,77787.25,7674
1787721780,2026-08-26T10:53:00,77787.22,77787.22,77759.39,77778.13,7763
1787721840,2026-08-26T10:54:00,77779.91,77791.48,77773.57,77787.71,1012660
1787721900,2026-08-26T10:55:00,77788.73,77788.73,77775.22,77779.37,4242
1787721960,2026-08-26T10:56:00,77782.32,77791.35,77779.05,77787.79,7864
1787722020,2026-08-26T10:57:00,77787.15,77812.95,77783.77,77811.35,6458
1787722080,2026-08-26T10:58:00,77811.76,77812.01,77800.78,77804.71,7337
1787722140,2026-08-26T10:59:00,77803.93,77803.93,77786.78,77787.42,5856
1787722200,2026-08-26T11:00:00,77787.1,77790.12,77777.61,77785.24,216831
1787722260,2026-08-26T11:01:00,77785.24,77785.9,77759.19,77767.9,8531
1787722320,2026-08-26T11:02:00,77767.9,77782.3,77767.9,77781.87,14891
1787722380,2026-08-26T11:03:00,77784.64,77784.64,77773.63,77773.63,7630
1787722440,2026-08-26T11:04:00,77774.4,77774.4,77752.61,77760.74,10360
1787722500,2026-08-26T11:05:00,77762.11,77770.88,77759.12,77770.45,9483
1787722560,2026-08-26T11:06:00,77769.23,77769.23,77742.46,77745.31,9880
1787722620,2026-08-26T11:07:00,77745.31,77756.66,77743.39,77750.75,14267
1787722680,2026-08-26T11:08:00,77752.36,77773.32,77751.88,77770.22,28031
1787722740,2026-08-26T11:09:00,77771.43,77777.9,77758.85,77776.6,10715
1787722800,2026-08-26T11:10:00,77780.55,77805.13,77777.25,77796.93,21900
1787722860,2026-08-26T11:11:00,77796.33,77801.22,77784.53,77787.91,22864
1787722920,2026-08-26T11:12:00,77784.06,77810.5,77784.06,77810.5,34258
1787722980,2026-08-26T11:13:00,77810.29,77812.89,77797.36,77802.04,10786
1787723040,2026-08-26T11:14:00,77802.04,77812.58,77797.45,77812.58,10383
1787723100,2026-08-26T11:15:00,77813.79,77826.44,77810.71,77814.73,7949
1787723160,2026-08-26T11:16:00,77815.73,77815.73,77795.24,77795.24,6586
1787723220,2026-08-26T11:17:00,77795.24,77795.24,77774.33,77774.33,23545
1787723280,2026-08-26T11:18:00,77775.96,77775.96,77731.63,77738.51,31243
1787723340,2026-08-26T11:19:00,77738.73,77757.04,77737.61,77755.16,6583
1787723400,2026-08-26T11:20:00,77755.16,77756.81,77742.95,77746.19,8717
1787723460,2026-08-26T11:21:00,77748.64,77765.73,77745.63,77753.1,34051
1787723520,2026-08-26T11:22:00,77747.79,77748.64,77717.93,77717.93,17433
1787723580,2026-08-26T11:23:00,77716.11,77717.22,77709.72,77715.47,12480
1787723640,2026-08-26T11:24:00,77716.12,77730.2,77714.28,77720.05,13496
1787723700,2026-08-26T11:25:00,77720.29,77734.46,77720.29,77727.81,4350
1787723760,2026-08-26T11:26:00,77726.48,77743.5,77726.21,77740.24,7788
1787723820,2026-08-26T11:27:00,77741.79,77743.66,77728.97,77730.39,9877
1787723880,2026-08-26T11:28:00,77725.92,77747.19,77722.69,77747.19,15427
1787723940,2026-08-26T11:29:00,77747.19,77747.28,77737.2,77737.2,9000
1787724000,2026-08-26T11:30:00,77732.66,77742.28,77729.2,77738.32,5601
1787724060,2026-08-26T11:31:00,77738.59,77738.59,77713.46,77713.88,10939
1787724120,2026-08-26T11:32:00,77714.62,77717.63,77704.1,77717.63,10607
1787724180,2026-08-26T11:33:00,77717.63,77721.65,77710.61,77714.23,25557
1787724240,2026-08-26T11:34:00,77713.07,77720.57,77713.07,77717.57,11132
1787724300,2026-08-26T11:35:00,77718.38,77744.09,77718.38,77744.09,9103
1787724360,2026-08-26T11:36:00,77744.59,77756.1,77741.05,77742.37,24733
1787724420,2026-08-26T11:37:00,77742.37,77765.19,77735.89,77763.9,13909
1787724480,2026-08-26T11:38:00,77760.83,77768.64,77758.33,77758.51,5066
1787724540,2026-08-26T11:39:00,77758.51,77761.48,77749.16,77750.39,3642
1787724600,2026-08-26T11:40:00,77750.39,77753.42,77744.38,77750.52,9781
1787724660,2026-08-26T11:41:00,77750.52,77753.02,77742.49,77747.12,10294
1787724720,2026-08-26T11:42:00,77746.48,77754.32,77742.74,77750.32,5237
1787724780,2026-08-26T11:43:00,77750.32,77760.01,77746.63,77754.57,3000
1787724840,2026-08-26T11:44:00,77754.72,77759.67,77747.17,77750.2,5869
1787724900,2026-08-26T11:45:00,77754.06,77756.33,77748.15,77751.68,10744
1787724960,2026-08-26T11:46:00,77754.02,77754.02,77744.86,77744.86,10246
1787725020,2026-08-26T11:47:00,77746.46,77746.46,77736.45,77743.42,6302
1787725080,2026-08-26T11:48:00,77745.23,77745.23,77724.3,77726.3,5380
1787725140,2026-08-26T11:49:00,77721.8,77728.62,77717.51,77724.25,7703
1787725200,2026-08-26T11:50:00,77723.35,77730.88,77720.54,77720.54,6504
1787725260,2026-08-26T11:51:00,77720.54,77724.41,77713.35,77715.42,22264
1787725320,2026-08-26T11:52:00,77714.16,77720.35,77707.2,77714.56,4066
1787725380,2026-08-26T11:53:00,77713.26,77715.63,77693.14,77695.27,15627
1787725440,2026-08-26T11:54:00,77695.57,77695.57,77670.34,77678.87,6405
1787725500,2026-08-26T11:55:00,77682.08,77691.16,77674.04,77691.16,9752
1787725560,2026-08-26T11:56:00,77693.31,77707.97,77692.65,77706.45,4763
1787725620,2026-08-26T11:57:00,77707.14,77710.54,77698.56,77705.57,5340
1787725680,2026-08-26T11:58:00,77705.88,77710.59,77700.59,77700.64,7953
1787725740,2026-08-26T11:59:00,77700.64,77704.35,77691.36,77691.36,11659
1787725800,2026-08-26T12:00:00,77692.9,77698.75,77667.44,77668.04,16371
1787725860,2026-08-26T12:01:00,77666.37,77673.89,77661.94,77670.33,5773
1787725920,2026-08-26T12:02:00,77670.44,77670.44,77650.48,77655.81,8124
1787725980,2026-08-26T12:03:00,77655.81,77655.81,77640.71,77641.75,3253
1787726040,2026-08-26T12:04:00,77646.46,77650.07,77636.93,77650.07,7749
1787726100,2026-08-26T12:05:00,77650.07,77664.3,77650.07,77661.87,11700
1787726160,2026-08-26T12:06:00,77664.32,77677.61,77663.46,77663.94,6313
1787726220,2026-08-26T12:07:00,77665.09,77666.8,77648.09,77648.09,14767
1787726280,2026-08-26T12:08:00,77648.09,77655.11,77646.08,77650.45,19291
1787726340,2026-08-26T12:09:00,77649.19,77655.52,77638.41,77638.41,4631
1787726400,2026-08-26T12:10:00,77638.11,77642.21,77634.03,77634.03,2318
1787726460,2026-08-26T12:11:00,77637.89,77637.89,77626.64,77631.27,15967
1787726520,2026-08-26T12:12:00,77630.66,77634.96,77625.73,77628.69,5571
1787726580,2026-08-26T12:13:00,77628.49,77645.31,77627.02,77644.07,8561
1787726640,2026-08-26T12:14:00,77644.07,77671.32,77643.04,77671.32,27519
1787726700,2026-08-26T12:15:00,77670.48,77674.08,77659.44,77660.23,8659
1787726760,2026-08-26T12:16:00,77660.23,77677.54,77660.23,77674.53,8600
1787726820,2026-08-26T12:17:00,77674.22,77681.01,77668.17,77681.01,203680
1787726880,2026-08-26T12:18:00,77681.01,77690.72,77677.14,77688.2,27395
1787726940,2026-08-26T12:19:00,77691.82,77701.96,77690.9,77692.11,14550
1787727000,2026-08-26T12:20:00,77692.11,77700.02,77685.11,77688.68,8395
1787727060,2026-08-26T12:21:00,77685.66,77692.92,77674.27,77677.17,10491
1787727120,2026-08-26T12:22:00,77679.48,77690.2,77676.1,77682.02,8184
1787727180,2026-08-26T12:23:00,77682.06,77685.11,77676.51,77680.43,5761
1787727240,2026-08-26T12:24:00,77680.06,77712.53,77678.68,77705.53,24686
1787727300,2026-08-26T12:25:00,77708.78,77711.37,77683.42,77694.67,10163
1787727360,2026-08-26T12:26:00,77695.29,77709.49,77689.27,77689.46,10695
1787727420,2026-08-26T12:27:00,77684.24,77684.63,77667.72,77667.72,4705
1787727480,2026-08-26T12:28:00,77667.72,77670.13,77661.02,77661.47,4328
1787727540,2026-08-26T12:29:00,77663.04,77681.96,77662.5,77679.02,5065
1787727600,2026-08-26T12:30:00,77679.64,77679.64,77650.66,77659.38,9833
1787727660,2026-08-26T12:31:00,77659.03,77661.28,77649.27,77653.26,7020
1787727720,2026-08-26T12:32:00,77654.41,77660.51,77649.48,77649.6,119632
1787727780,2026-08-26T12:33:00,77651.51,77655.72,77646.35,77651.65,27658
1787727840,2026-08-26T12:34:00,77654.07,77675.41,77651.57,77675.41,11759
1787727900,2026-08-26T12:35:00,77675.59,77681.1,77668.78,77680.06,6634
1787727960,2026-08-26T12:36:00,77681.33,77687.74,77678.81,77687.14,9986
1787728020,2026-08-26T12:37:00,77686.09,77693.1,77686.09,77689.18,112434
1787728080,2026-08-26T12:38:00,77690.64,77690.64,77678.15,77681.42,7053
1787728140,2026-08-26T12:39:00,77681.42,77686.19,77669.82,77674.9,10915
1787728200,2026-08-26T12:40:00,77675.21,77675.21,77661.6,77662.84,3341
1787728260,2026-08-26T12:41:00,77661.01,77669.21,77647.76,77653.25,8234
1787728320,2026-08-26T12:42:00,77653.39,77667.85,77649.4,77667.05,7118
1787728380,2026-08-26T12:43:00,77665.72,77684.74,77664.93,77684.74,11296
1787728440,2026-08-26T12:44:00,77683.82,77687.44,77675.65,77679.43,3846
1787728500,2026-08-26T12:45:00,77683.11,77687.37,77670.32,77672.93,7622
1787728560,2026-08-26T12:46:00,77674.07,77686.66,77670.35,77684.37,5273
1787728620,2026-08-26T12:47:00,77684.78,77684.78,77658.24,77660.46,9313
1787728680,2026-08-26T12:48:00,77660.46,77674.97,77651.44,77674.38,16120
1787728740,2026-08-26T12:49:00,77675.54,77675.54,77660.18,77669.81,5937
1787728800,2026-08-26T12:50:00,77669.81,77669.81,77654.3,77655.51,4183
1787728860,2026-08-26T12:51:00,77655.51,77660.04,77651.27,77651.27,4436
1787728920,2026-08-26T12:52:00,77652.14,77657.88,77646.51,77653.98,9908
1787728980,2026-08-26T12:53:00,77653.8,77653.8,77638.74,77643.06,5502
1787729040,2026-08-26T12:54:00,77641.77,77655.03,77641.73,77649.61,6963
1787729100,2026-08-26T12:55:00,77652.46,77662.67,77651.65,77661.96,12824
1787729160,2026-08-26T12:56:00,77662.72,77671.76,77662.72,77669.28,3294
1787729220,2026-08-26T12:57:00,77671.33,77672.7,77661.98,77665.5,5792
1787729280,2026-08-26T12:58:00,77665.73,77672.45,77661.88,77672.45,8136
1787729340,2026-08-26T12:59:00,77672.45,77672.53,77666.1,77669.16,4670
1787729400,2026-08-26T13:00:00,77669.22,77669.99,77658.25,77666.32,3112
1787729460,2026-08-26T13:01:00,77665.96,77665.96,77635.07,77641.64,9544
1787729520,2026-08-26T13:02:00,77641.64,77649.74,77623.01,77625.58,6393
1787729580,2026-08-26T13:03:00,77625.58,77642.79,77621.48,77640.53,7745
1787729640,2026-08-26T13:04:00,77642.25,77650.34,77636.18,77649.87,6902
1787729700,2026-08-26T13:05:00,77649.87,77663.04,77647.45,77663.04,12461
1787729760,2026-08-26T13:06:00,77664.93,77666.98,77660.42,77664.88,10423
1787729820,2026-08-26T13:07:00,77663.05,77668.99,77661.7,77661.98,17950
1787729880,2026-08-26T13:08:00,77660.25,77666.91,77649.86,77656.2,7581
1787729940,2026-08-26T13:09:00,77655.92,77655.92,77641.03,77642.51,4332
1787730000,2026-08-26T13:10:00,77640.88,77645.52,77626.44,77627.03,5882
1787730060,2026-08-26T13:11:00,77628.25,77638.13,77625.73,77637.33,8807
1787730120,2026-08-26T13:12:00,77636.98,77639.88,77635.46,77638.78,7882
1787730180,2026-08-26T13:13:00,77637.45,77639.65,77634.87,77636.25,4055
1787730240,2026-08-26T13:14:00,77638.3,77638.76,77621.12,77626.14,6108
1787730300,2026-08-26T13:15:00,77627.86,77627.86,77618.38,77619.98,10323
1787730360,2026-08-26T13:16:00,77620.27,77622.36,77604.55,77604.96,11783
1787730420,2026-08-26T13:17:00,77604.96,77606.8,77581.16,77587.17,15657
1787730480,2026-08-26T13:18:00,77586.86,77608.95,77580.57,77608.18,7830
1787730540,2026-08-26T13:19:00,77606.96,77608.29,77595.05,77604.98,7485
1787730600,2026-08-26T13:20:00,77604.95,77607.07,77578.75,77578.75,5454
1787730660,2026-08-26T13:21:00,77577.81,77595.07,77577.35,77587.6,8181
1787730720,2026-08-26T13:22:00,77589.51,77598.73,77589.51,77596.92,2546
1787730780,2026-08-26T13:23:00,77597.69,77599.54,77584.73,77585.33,5714
1787730840,2026-08-26T13:24:00,77584.12,77585.22,77570.33,77583.99,4985
1787730900,2026-08-26T13:25:00,77584.4,77596.93,77584.38,77596.93,16066
1787730960,2026-08-26T13:26:00,77594.76,77595.16,77579.31,77580.59,9486
1787731020,2026-08-26T13:27:00,77583.49,77594.41,77581.31,77581.31,3290
1787731080,2026-08-26T13:28:00,77581.31,77605.09,77580.55,77603.67,44387
1787731140,2026-08-26T13:29:00,77603.67,77604.21,77566.77,77587.18,49641
1787731200,2026-08-26T13:30:00,77592.23,77601.48,77587.13,77601.18,12055
1787731260,2026-08-26T13:31:00,77601.18,77602.05,77587.15,77589.86,10323
1787731320,2026-08-26T13:32:00,77588.97,77591.05,77581.1,77582.69,3816
1787731380,2026-08-26T13:33:00,77582.69,77587.87,77579.37,77581.64,2972
1787731440,2026-08-26T13:34:00,77580.25,77593.96,77580.05,77590.28,5070
1787731500,2026-08-26T13:35:00,77590.28,77595.33,77586.87,77590.36,7300
1787731560,2026-08-26T13:36:00,77590.24,77591.53,77581.17,77586.31,4724
1787731620,2026-08-26T13:37:00,77586.91,77593.08,77584.71,77591.27,1589
1787731680,2026-08-26T13:38:00,77591.47,77596.86,77590.18,77596.86,5014
1787731740,2026-08-26T13:39:00,77596.96,77603.92,77590.2,77603.92,15775
1787731800,2026-08-26T13:40:00,77603.41,77627.97,77585.87,77587.26,55043
1787731860,2026-08-26T13:41:00,77594.71,77611.43,77587.96,77605.84,13063
1787731920,2026-08-26T13:42:00,77605.68,77611.43,77577.99,77577.99,5914
1787731980,2026-08-26T13:43:00,77581.35,77608.77,77580.15,77591.82,38500
1787732040,2026-08-26T13:44:00,77592.98,77600.45,77579.43,77584.72,5062
1787732100,2026-08-26T13:45:00,77584.72,77585.84,77568.32,77579.2,9754
1787732160,2026-08-26T13:46:00,77579.58,77583.73,77569.45,77579.81,5585
1787732220,2026-08-26T13:47:00,77579.81,77581.09,77569.41,77576.68,7812
1787732280,2026-08-26T13:48:00,77577.01,77580.53,77568.34,77578.94,4619
1787732340,2026-08-26T13:49:00,77578.3,77578.3,77565.65,77575.89,5083
1787732400,2026-08-26T13:50:00,77578.71,77586.81,77576.73,77584.22,2361
1787732460,2026-08-26T13:51:00,77584.41,77585.4,77571.1,77571.1,5231
1787732520,2026-08-26T13:52:00,77571.1,77605.8,77569.43,77605.8,14464
1787732580,2026-08-26T13:53:00,77610.73,77618.05,77579.1,77582.16,95273
1787732640,2026-08-26T13:54:00,77574.42,77589.73,77569.19,77585.49,33177
1787732700,2026-08-26T13:55:00,77587.28,77594.71,77583.19,77594.71,11780
1787732760,2026-08-26T13:56:00,77594.09,77594.09,77565.55,77584.09,6724
1787732820,2026-08-26T13:57:00,77585.86,77593.89,77566.68,77572.65,14743
1787732880,2026-08-26T13:58:00,77572.65,77592.23,77572.65,77591.7,14546
1787732940,2026-08-26T13:59:00,77591.4,77607.05,77588.79,77594.28,4728
1787733000,2026-08-26T14:00:00,77595.05,77598.21,77585.39,77593.11,83050
1787733060,2026-08-26T14:01:00,77593.42,77601.99,77564.36,77601.99,6775
1787733120,2026-08-26T14:02:00,77602.93,77602.93,77545.07,77586.87,108664
1787733180,2026-08-26T14:03:00,77584.46,77632.27,77559.76,77620.14,100730
1787733240,2026-08-26T14:04:00,77620.34,77621.75,77607.7,77612.73,6025
1787733300,2026-08-26T14:05:00,77610.3,77620.44,77589.86,77598.03,21141
1787733360,2026-08-26T14:06:00,77598.03,77615.96,77579.73,77603.65,16171
1787733420,2026-08-26T14:07:00,77604.02,77618.28,77569.83,77573.24,7692
1787733480,2026-08-26T14:08:00,77571.81,77588.0,77570.75,77580.91,26091
1787733540,2026-08-26T14:09:00,77581.04,77612.65,77577.07,77609.76,10066
1787733600,2026-08-26T14:10:00,77611.46,77611.46,77574.39,77606.32,7820
1787733660,2026-08-26T14:11:00,77607.38,77607.72,77596.71,77600.42,8223
1787733720,2026-08-26T14:12:00,77600.42,77652.71,77598.35,77650.65,53459
1787733780,2026-08-26T14:13:00,77648.52,77653.15,77605.19,77626.99,68837
1787733840,2026-08-26T14:14:00,77627.86,77629.92,77607.44,77614.25,5116
1787733900,2026-08-26T14:15:00,77614.39,77625.59,77607.96,77622.91,4576
1787733960,2026-08-26T14:16:00,77624.18,77631.57,77623.71,77626.84,12070
1787734020,2026-08-26T14:17:00,77626.84,77635.67,77626.02,77628.05,5055
1787734080,2026-08-26T14:18:00,77627.73,77635.89,77619.73,77635.89,3576
1787734140,2026-08-26T14:19:00,77635.89,77638.94,77632.84,77633.51,3107
1787734200,2026-08-26T14:20:00,77634.21,77639.45,77624.6,77630.98,1006853
1787734260,2026-08-26T14:21:00,77630.98,77638.97,77628.29,77633.96,37685
1787734320,2026-08-26T14:22:00,77632.97,77639.47,77627.51,77634.63,5922
1787734380,2026-08-26T14:23:00,77634.9,77636.9,77622.88,77630.9,8272
1787734440,2026-08-26T14:24:00,77630.53,77633.02,77611.86,77615.08,6951
1787734500,2026-08-26T14:25:00,77615.08,77618.63,77606.61,77613.57,10088
1787734560,2026-08-26T14:26:00,77613.57,77617.4,77607.37,77617.37,8857
1787734620,2026-08-26T14:27:00,77616.82,77619.31,77607.2,77608.51,10817
1787734680,2026-08-26T14:28:00,77604.01,77615.5,77589.01,77592.59,10632
1787734740,2026-08-26T14:29:00,77592.59,77608.57,77592.42,77605.27,6864
1787734800,2026-08-26T14:30:00,77604.63,77617.58,77585.09,77600.33,1064365
1787734860,2026-08-26T14:31:00,77602.85,77625.95,77596.07,77623.0,28403
1787734920,2026-08-26T14:32:00,77623.6,77634.69,77597.89,77607.31,55290
1787734980,2026-08-26T14:33:00,77609.77,77622.98,77605.98,77611.58,18371
1787735040,2026-08-26T14:34:00,77612.21,77655.71,77612.21,77637.06,133118
1787735100,2026-08-26T14:35:00,77633.7,77634.83,77619.99,77626.46,34417
1787735160,2026-08-26T14:36:00,77627.59,77630.86,77614.47,77625.51,24707
1787735220,2026-08-26T14:37:00,77625.41,77631.5,77621.04,77628.66,24649
1787735280,2026-08-26T14:38:00,77628.66,77640.06,77623.41,77625.07,11748
1787735340,2026-08-26T14:39:00,77627.86,77629.74,77618.71,77628.69,5888
1787735400,2026-08-26T14:40:00,77627.18,77642.11,77619.41,77629.68,6385
1787735460,2026-08-26T14:41:00,77631.4,77642.64,77630.93,77634.32,7187
1787735520,2026-08-26T14:42:00,77632.6,77638.5,77624.67,77630.96,20295
1787735580,2026-08-26T14:43:00,77632.01,77637.09,77627.48,77637.09,8279
1787735640,2026-08-26T14:44:00,77636.08,77636.08,77622.6,77626.18,12576
1787735700,2026-08-26T14:45:00,77626.23,77637.52,77617.74,77635.71,14420
1787735760,2026-08-26T14:46:00,77635.76,77641.99,77632.92,77641.99,7946
1787735820,2026-08-26T14:47:00,77643.09,77672.48,77640.34,77669.27,35083
1787735880,2026-08-26T14:48:00,77671.46,77673.49,77632.12,77644.83,73459
1787735940,2026-08-26T14:49:00,77644.93,77667.19,77644.93,77666.87,18611
1787736000,2026-08-26T14:50:00,77667.45,77677.08,77664.34,77664.34,33729
1787736060,2026-08-26T14:51:00,77665.74,77668.15,77653.49,77668.15,37880
1787736120,2026-08-26T14:52:00,77670.85,77670.85,77657.85,77657.85,49924
1787736180,2026-08-26T14:53:00,77657.85,77672.64,77649.32,77670.84,11121
1787736240,2026-08-26T14:54:00,77670.33,77675.83,77665.52,77668.85,94465
1787736300,2026-08-26T14:55:00,77668.73,77677.14,77644.18,77647.89,55014
1787736360,2026-08-26T14:56:00,77643.68,77655.79,77625.76,77655.79,99729
1787736420,2026-08-26T14:57:00,77655.59,77691.79,77644.94,77682.92,113135
1787736480,2026-08-26T14:58:00,77683.99,77684.18,77661.29,77666.38,17031
1787736540,2026-08-26T14:59:00,77663.12,77681.69,77655.16,77656.56,88321
1787736600,2026-08-26T15:00:00,77665.53,77665.53,77609.71,77614.03,52256
1787736660,2026-08-26T15:01:00,77621.28,77644.02,77607.17,77638.76,43722
1787736720,2026-08-26T15:02:00,77642.61,77647.74,77634.64,77637.49,24906
1787736780,2026-08-26T15:03:00,77643.86,77647.13,77629.52,77639.21,58503
1787736840,2026-08-26T15:04:00,77647.44,77653.1,77639.58,77652.77,18838
1787736900,2026-08-26T15:05:00,77658.42,77658.42,77618.36,77622.76,31010
1787736960,2026-08-26T15:06:00,77623.61,77629.82,77590.53,77590.53,32379
1787737020,2026-08-26T15:07:00,77604.04,77616.03,77596.39,77604.92,21310
1787737080,2026-08-26T15:08:00,77612.11,77612.45,77601.01,77607.03,17297
1787737140,2026-08-26T15:09:00,77611.46,77620.77,77593.89,77611.36,16049
1787737200,2026-08-26T15:10:00,77618.3,77628.8,77610.48,77620.74,24622
1787737260,2026-08-26T15:11:00,77626.48,77631.97,77614.74,77617.06,26720
1787737320,2026-08-26T15:12:00,77618.63,77628.02,77605.53,77614.11,73399
1787737380,2026-08-26T15:13:00,77615.65,77644.64,77612.68,77637.47,18154
1787737440,2026-08-26T15:14:00,77641.94,77645.7,77593.52,77604.38,18207
1787737500,2026-08-26T15:15:00,77614.31,77614.31,77614.31,77614.31,18207
1787737560,2026-08-26T15:16:00,77614.31,77614.31,77614.31,77614.31,18207
1787737620,2026-08-26T15:17:00,77614.31,77614.31,77614.31,77614.31,18207
1787737680,2026-08-26T15:18:00,77614.31,77614.31,77614.31,77614.31,18207
1787737740,2026-08-26T15:19:00,77614.31,77614.31,77614.31,77614.31,18207
1787737800,2026-08-26T15:20:00,77614.31,77614.31,77614.31,77614.31,18207
1787737860,2026-08-26T15:21:00,77614.31,77614.31,77614.31,77614.31,18207
1787737920,2026-08-26T15:22:00,77614.31,77614.31,77614.31,77614.31,18207
1787737980,2026-08-26T15:23:00,77614.31,77614.31,77614.31,77614.31,18207
1787738040,2026-08-26T15:24:00,77614.31,77614.31,77614.31,77614.31,18207
1787738100,2026-08-26T15:25:00,77614.31,77614.31,77614.31,77614.31,18207
1787738160,2026-08-26T15:26:00,77614.31,77614.31,77614.31,77614.31,18207
1787738220,2026-08-26T15:27:00,77614.31,77614.31,77614.31,77614.31,18207
1787738280,2026-08-26T15:28:00,77614.31,77614.31,77472.94,77472.94,18207
1787738340,2026-08-26T15:29:00,77472.94,77472.94,77472.94,77472.94,18207
1787802300,2026-08-27T09:15:00,77576.76,77691.11,77542.62,77679.96,287908
1787802360,2026-08-27T09:16:00,77680.0,77694.97,77587.45,77587.45,288073
1787802420,2026-08-27T09:17:00,77597.69,77598.88,77480.86,77490.5,177256
1787802480,2026-08-27T09:18:00,77484.81,77562.13,77477.22,77553.95,137753
1787802540,2026-08-27T09:19:00,77552.83,77570.46,77512.95,77515.13,101789
1787802600,2026-08-27T09:20:00,77516.34,77538.62,77492.11,77497.02,86074
1787802660,2026-08-27T09:21:00,77503.64,77538.28,77499.3,77521.44,79252
1787802720,2026-08-27T09:22:00,77522.39,77531.9,77482.71,77482.71,49062
1787802780,2026-08-27T09:23:00,77481.65,77491.11,77452.63,77477.79,63521
1787802840,2026-08-27T09:24:00,77481.42,77487.17,77458.36,77483.71,53030
1787802900,2026-08-27T09:25:00,77484.6,77492.29,77438.02,77460.52,91135
1787802960,2026-08-27T09:26:00,77459.02,77504.01,77449.37,77495.79,70449
1787803020,2026-08-27T09:27:00,77494.68,77502.52,77441.37,77467.65,101537
1787803080,2026-08-27T09:28:00,77467.12,77469.29,77396.45,77428.73,84948
1787803140,2026-08-27T09:29:00,77428.55,77431.84,77383.15,77392.34,36112
1787803200,2026-08-27T09:30:00,77397.03,77425.78,77392.19,77395.1,76048
1787803260,2026-08-27T09:31:00,77395.7,77415.2,77354.02,77354.02,107326
1787803320,2026-08-27T09:32:00,77356.25,77388.75,77341.13,77373.15,89955
1787803380,2026-08-27T09:33:00,77373.95,77389.87,77368.42,77385.92,70874
1787803440,2026-08-27T09:34:00,77385.56,77425.93,77385.56,77421.64,49293
1787803500,2026-08-27T09:35:00,77420.66,77452.89,77417.99,77427.12,55779
1787803560,2026-08-27T09:36:00,77427.44,77438.06,77387.53,77414.72,30504
1787803620,2026-08-27T09:37:00,77416.26,77416.26,77365.44,77401.14,101460
1787803680,2026-08-27T09:38:00,77401.21,77405.72,77387.51,77391.6,42451
1787803740,2026-08-27T09:39:00,77388.56,77424.49,77367.48,77389.84,29321
1787803800,2026-08-27T09:40:00,77396.71,77413.44,77386.34,77409.94,44565
1787803860,2026-08-27T09:41:00,77408.62,77440.85,77390.95,77395.73,58226
1787803920,2026-08-27T09:42:00,77403.93,77438.49,77390.18,77416.23,42152
1787803980,2026-08-27T09:43:00,77420.83,77449.13,77416.16,77427.64,52321
1787804040,2026-08-27T09:44:00,77428.32,77466.55,77424.52,77446.09,28588
1787804100,2026-08-27T09:45:00,77442.61,77482.65,77442.61,77464.14,40959
1787804160,2026-08-27T09:46:00,77461.83,77494.24,77455.59,77466.59,32781
1787804220,2026-08-27T09:47:00,77465.01,77505.39,77463.09,77491.41,25935
1787804280,2026-08-27T09:48:00,77487.47,77502.14,77473.38,77498.8,37269
1787804340,2026-08-27T09:49:00,77498.01,77515.89,77479.49,77506.41,170242
1787804400,2026-08-27T09:50:00,77508.51,77510.09,77462.63,77462.63,58867
1787804460,2026-08-27T09:51:00,77468.33,77469.55,77431.17,77459.32,25996
1787804520,2026-08-27T09:52:00,77462.08,77475.23,77445.36,77454.66,27789
1787804580,2026-08-27T09:53:00,77454.49,77480.56,77454.45,77478.31,22406
1787804640,2026-08-27T09:54:00,77479.64,77479.64,77443.41,77459.35,19998
1787804700,2026-08-27T09:55:00,77459.11,77461.22,77413.59,77447.8,23284
1787804760,2026-08-27T09:56:00,77446.09,77446.09,77409.72,77421.07,31730
1787804820,2026-08-27T09:57:00,77422.88,77447.47,77412.87,77437.11,41913
1787804880,2026-08-27T09:58:00,77438.97,77438.97,77376.88,77376.97,22662
1787804940,2026-08-27T09:59:00,77377.76,77415.54,77364.18,77411.45,27595
1787805000,2026-08-27T10:00:00,77408.81,77410.57,77355.39,77384.88,14671
1787805060,2026-08-27T10:01:00,77386.72,77387.53,77341.21,77342.16,40431
1787805120,2026-08-27T10:02:00,77345.25,77398.08,77343.56,77394.63,11069
1787805180,2026-08-27T10:03:00,77394.18,77394.18,77353.56,77358.56,20959
1787805240,2026-08-27T10:04:00,77358.09,77402.57,77358.09,77389.69,22790
1787805300,2026-08-27T10:05:00,77389.37,77391.12,77364.42,77369.38,51932
1787805360,2026-08-27T10:06:00,77370.64,77373.46,77360.89,77370.12,25051
1787805420,2026-08-27T10:07:00,77376.78,77391.31,77372.69,77383.06,22178
1787805480,2026-08-27T10:08:00,77384.25,77390.67,77372.71,77380.19,30381
1787805540,2026-08-27T10:09:00,77379.24,77395.9,77372.79,77395.9,23264
1787805600,2026-08-27T10:10:00,77398.86,77407.07,77360.32,77394.18,36921
1787805660,2026-08-27T10:11:00,77393.8,77393.9,77369.58,77377.4,23605
1787805720,2026-08-27T10:12:00,77377.15,77385.0,77375.06,77378.82,12304
1787805780,2026-08-27T10:13:00,77378.58,77381.64,77368.47,77368.48,9077
1787805840,2026-08-27T10:14:00,77370.42,77379.48,77330.35,77360.58,13283
1787805900,2026-08-27T10:15:00,77359.14,77381.74,77341.71,77381.22,20361
1787805960,2026-08-27T10:16:00,77380.29,77380.29,77345.88,77361.61,18676
1787806020,2026-08-27T10:17:00,77360.23,77370.78,77354.53,77359.25,31847
1787806080,2026-08-27T10:18:00,77360.88,77365.34,77347.59,77364.55,102158
1787806140,2026-08-27T10:19:00,77362.79,77377.85,77339.68,77366.94,31437
1787806200,2026-08-27T10:20:00,77366.22,77372.92,77339.37,77358.09,12425
1787806260,2026-08-27T10:21:00,77361.79,77366.14,77345.49,77352.03,17259
1787806320,2026-08-27T10:22:00,77352.03,77360.09,77347.37,77355.23,15730
1787806380,2026-08-27T10:23:00,77354.6,77366.18,77350.98,77357.51,13313
1787806440,2026-08-27T10:24:00,77355.8,77364.19,77325.76,77332.4,20838
1787806500,2026-08-27T10:25:00,77330.87,77352.44,77326.95,77336.18,28958
1787806560,2026-08-27T10:26:00,77342.95,77348.27,77319.63,77348.25,27298
1787806620,2026-08-27T10:27:00,77347.11,77368.55,77340.65,77340.65,23062
1787806680,2026-08-27T10:28:00,77340.61,77371.7,77340.17,77355.24,20307
1787806740,2026-08-27T10:29:00,77354.58,77356.21,77335.89,77335.89,13786
1787806800,2026-08-27T10:30:00,77336.09,77353.54,77314.17,77318.47,27137
1787806860,2026-08-27T10:31:00,77318.22,77360.14,77318.22,77358.75,44727
1787806920,2026-08-27T10:32:00,77355.98,77363.43,77334.22,77346.41,18275
1787806980,2026-08-27T10:33:00,77346.29,77370.67,77346.29,77350.48,14725
1787807040,2026-08-27T10:34:00,77350.4,77365.85,77343.05,77364.16,9089
1787807100,2026-08-27T10:35:00,77363.46,77376.56,77356.37,77361.78,17976
1787807160,2026-08-27T10:36:00,77362.9,77365.43,77350.21,77365.43,11383
1787807220,2026-08-27T10:37:00,77362.38,77362.38,77349.7,77349.7,21583
1787807280,2026-08-27T10:38:00,77348.05,77364.7,77346.71,77350.45,15374
1787807340,2026-08-27T10:39:00,77351.86,77362.71,77334.94,77334.94,7690
1787807400,2026-08-27T10:40:00,77336.62,77364.03,77329.52,77338.49,10288
1787807460,2026-08-27T10:41:00,77340.27,77347.93,77337.22,77338.79,11516
1787807520,2026-08-27T10:42:00,77339.39,77351.29,77321.67,77350.16,28262
1787807580,2026-08-27T10:43:00,77353.1,77355.83,77321.5,77339.79,29825
1787807640,2026-08-27T10:44:00,77341.72,77344.56,77299.85,77304.67,17409
1787807700,2026-08-27T10:45:00,77303.35,77332.78,77294.74,77294.74,11448
1787807760,2026-08-27T10:46:00,77294.01,77342.93,77293.22,77315.49,26117
1787807820,2026-08-27T10:47:00,77318.1,77333.08,77315.1,77329.96,22276
1787807880,2026-08-27T10:48:00,77329.93,77329.93,77315.31,77318.47,11603
1787807940,2026-08-27T10:49:00,77319.37,77327.69,77318.04,77321.24,9603
1787808000,2026-08-27T10:50:00,77321.99,77324.35,77298.75,77301.69,23927
1787808060,2026-08-27T10:51:00,77302.82,77305.12,77270.97,77275.97,55475
1787808120,2026-08-27T10:52:00,77275.76,77283.32,77266.32,77283.32,25560
1787808180,2026-08-27T10:53:00,77283.01,77283.92,77270.41,77272.98,12643
1787808240,2026-08-27T10:54:00,77269.94,77287.35,77269.94,77285.89,16759
1787808300,2026-08-27T10:55:00,77285.35,77295.22,77270.17,77275.91,22833
1787808360,2026-08-27T10:56:00,77276.11,77288.55,77269.4,77277.71,21934
1787808420,2026-08-27T10:57:00,77277.07,77281.79,77272.47,77278.69,15079
1787808480,2026-08-27T10:58:00,77277.45,77281.82,77266.18,77266.61,23357
1787808540,2026-08-27T10:59:00,77266.46,77278.62,77266.46,77272.87,13752
1787808600,2026-08-27T11:00:00,77274.4,77277.62,77264.83,77269.72,24188
1787808660,2026-08-27T11:01:00,77269.27,77270.91,77243.95,77246.57,19522
1787808720,2026-08-27T11:02:00,77246.88,77277.64,77243.25,77273.52,23497
1787808780,2026-08-27T11:03:00,77274.76,77286.8,77273.6,77279.23,13021
1787808840,2026-08-27T11:04:00,77278.88,77287.52,77265.42,77287.52,11919
1787808900,2026-08-27T11:05:00,77286.47,77293.67,77280.19,77285.7,15846
1787808960,2026-08-27T11:06:00,77287.91,77290.66,77279.17,77279.35,15176
1787809020,2026-08-27T11:07:00,77280.12,77287.41,77279.55,77284.02,21816
1787809080,2026-08-27T11:08:00,77283.1,77285.03,77262.65,77277.79,40635
1787809140,2026-08-27T11:09:00,77276.83,77286.31,77273.97,77277.96,13362
1787809200,2026-08-27T11:10:00,77278.2,77284.12,77269.95,77269.95,12698
1787809260,2026-08-27T11:11:00,77269.0,77274.06,77261.73,77267.19,9271
1787809320,2026-08-27T11:12:00,77267.49,77271.44,77259.24,77259.24,16028
1787809380,2026-08-27T11:13:00,77259.24,77262.64,77254.0,77257.19,17001
1787809440,2026-08-27T11:14:00,77261.43,77269.2,77253.74,77257.72,10330
1787809500,2026-08-27T11:15:00,77257.82,77259.19,77238.91,77247.63,41259
1787809560,2026-08-27T11:16:00,77247.72,77253.38,77242.15,77242.27,15405
1787809620,2026-08-27T11:17:00,77240.1,77251.85,77238.26,77242.14,10160
1787809680,2026-08-27T11:18:00,77246.97,77248.71,77219.97,77223.84,14189
1787809740,2026-08-27T11:19:00,77223.84,77232.66,77210.51,77215.42,141203
1787809800,2026-08-27T11:20:00,77216.72,77217.63,77200.1,77206.94,25924
1787809860,2026-08-27T11:21:00,77206.35,77218.72,77204.92,77213.75,12655
1787809920,2026-08-27T11:22:00,77215.2,77219.61,77187.52,77213.91,11853
1787809980,2026-08-27T11:23:00,77215.22,77215.22,77178.69,77199.87,9557
1787810040,2026-08-27T11:24:00,77202.15,77206.75,77182.2,77193.58,21966
1787810100,2026-08-27T11:25:00,77195.42,77218.52,77189.69,77194.2,49400
1787810160,2026-08-27T11:26:00,77201.09,77224.04,77185.46,77213.91,39994
1787810220,2026-08-27T11:27:00,77214.22,77215.73,77188.47,77199.3,21605
1787810280,2026-08-27T11:28:00,77199.3,77204.89,77175.5,77203.8,36139
1787810340,2026-08-27T11:29:00,77201.18,77212.85,77185.65,77204.99,23071
1787810400,2026-08-27T11:30:00,77204.82,77210.74,77189.97,77189.97,13746
1787810460,2026-08-27T11:31:00,77193.17,77229.72,77189.43,77218.85,19440
1787810520,2026-08-27T11:32:00,77223.48,77248.51,77199.9,77217.95,55874
1787810580,2026-08-27T11:33:00,77218.53,77248.08,77218.53,77231.31,23954
1787810640,2026-08-27T11:34:00,77255.82,77264.16,77228.62,77257.53,27552
1787810700,2026-08-27T11:35:00,77259.0,77271.93,77239.93,77266.58,34880
1787810760,2026-08-27T11:36:00,77265.89,77267.28,77254.91,77254.91,19582
1787810820,2026-08-27T11:37:00,77255.61,77274.42,77237.53,77237.53,8949
1787810880,2026-08-27T11:38:00,77237.78,77268.21,77232.4,77239.42,34745
1787810940,2026-08-27T11:39:00,77240.36,77255.37,77240.36,77251.57,22795
1787811000,2026-08-27T11:40:00,77251.57,77275.27,77249.57,77270.8,23703
1787811060,2026-08-27T11:41:00,77245.01,77273.83,77241.03,77251.71,86554
1787811120,2026-08-27T11:42:00,77246.56,77252.51,77218.79,77233.29,25353
1787811180,2026-08-27T11:43:00,77220.28,77234.97,77213.5,77230.19,17233
1787811240,2026-08-27T11:44:00,77227.47,77238.36,77222.51,77231.85,13336
1787811300,2026-08-27T11:45:00,77232.6,77242.0,77210.93,77239.62,21901
1787811360,2026-08-27T11:46:00,77239.86,77240.49,77209.69,77212.06,17562
1787811420,2026-08-27T11:47:00,77238.32,77248.29,77215.62,77235.82,15463
1787811480,2026-08-27T11:48:00,77235.82,77241.1,77229.33,77234.66,8539
1787811540,2026-08-27T11:49:00,77233.53,77240.36,77210.77,77218.96,22691
1787811600,2026-08-27T11:50:00,77222.65,77225.67,77210.09,77210.77,20528
1787811660,2026-08-27T11:51:00,77208.96,77221.84,77204.42,77221.84,41955
1787811720,2026-08-27T11:52:00,77228.11,77237.48,77215.86,77235.61,17199
1787811780,2026-08-27T11:53:00,77240.57,77247.92,77234.07,77245.9,36427
1787811840,2026-08-27T11:54:00,77244.08,77250.48,77239.13,77240.23,156703
1787811900,2026-08-27T11:55:00,77241.35,77260.69,77241.35,77260.69,11169
1787811960,2026-08-27T11:56:00,77261.0,77261.94,77245.21,77250.06,16054
1787812020,2026-08-27T11:57:00,77251.35,77262.89,77240.83,77250.82,21379
1787812080,2026-08-27T11:58:00,77250.12,77263.46,77247.38,77262.18,31235
1787812140,2026-08-27T11:59:00,77261.15,77268.11,77254.46,77258.84,22155
1787812200,2026-08-27T12:00:00,77258.09,77262.32,77229.21,77233.01,56060
1787812260,2026-08-27T12:01:00,77237.4,77248.48,77228.52,77231.47,185553
1787812320,2026-08-27T12:02:00,77228.24,77232.77,77210.79,77216.97,114264
1787812380,2026-08-27T12:03:00,77220.28,77239.17,77216.21,77223.67,30670
1787812440,2026-08-27T12:04:00,77224.31,77233.14,77210.7,77229.67,42588
1787812500,2026-08-27T12:05:00,77232.1,77236.33,77203.22,77217.47,50515
1787812560,2026-08-27T12:06:00,77217.71,77234.63,77212.28,77217.45,64086
1787812620,2026-08-27T12:07:00,77220.29,77220.29,77192.2,77192.2,42505
1787812680,2026-08-27T12:08:00,77192.13,77197.98,77176.55,77192.36,22514
1787812740,2026-08-27T12:09:00,77191.75,77215.46,77191.75,77208.58,20982
1787812800,2026-08-27T12:10:00,77210.35,77227.0,77206.7,77222.63,40669
1787812860,2026-08-27T12:11:00,77219.08,77223.12,77207.76,77208.38,8359
1787812920,2026-08-27T12:12:00,77207.71,77211.85,77186.58,77207.59,60122
1787812980,2026-08-27T12:13:00,77206.3,77225.41,77202.89,77225.41,22634
1787813040,2026-08-27T12:14:00,77225.89,77259.29,77225.89,77256.52,51218
1787813100,2026-08-27T12:15:00,77257.48,77259.76,77228.71,77235.6,68935
1787813160,2026-08-27T12:16:00,77242.76,77250.28,77233.18,77242.07,24818
1787813220,2026-08-27T12:17:00,77244.09,77272.19,77237.53,77266.63,32666
1787813280,2026-08-27T12:18:00,77265.57,77265.57,77234.68,77240.57,38512
1787813340,2026-08-27T12:19:00,77241.47,77247.15,77219.04,77222.69,12693
1787813400,2026-08-27T12:20:00,77222.58,77230.81,77203.26,77203.39,28203
1787813460,2026-08-27T12:21:00,77203.44,77219.87,77202.59,77219.42,15641
1787813520,2026-08-27T12:22:00,77220.7,77220.7,77206.84,77211.65,10700
1787813580,2026-08-27T12:23:00,77210.37,77216.37,77206.36,77206.73,11485
1787813640,2026-08-27T12:24:00,77206.97,77213.26,77200.88,77203.98,11105
1787813700,2026-08-27T12:25:00,77204.62,77230.7,77202.97,77228.69,12803
1787813760,2026-08-27T12:26:00,77226.39,77246.58,77226.39,77241.75,14448
1787813820,2026-08-27T12:27:00,77239.44,77270.66,77239.23,77270.66,69320
1787813880,2026-08-27T12:28:00,77271.01,77272.86,77249.85,77254.83,22161
1787813940,2026-08-27T12:29:00,77256.35,77260.7,77251.51,77252.95,76415
1787814000,2026-08-27T12:30:00,77252.7,77256.55,77237.02,77242.77,16937
1787814060,2026-08-27T12:31:00,77242.13,77258.44,77237.73,77244.83,25522
1787814120,2026-08-27T12:32:00,77244.14,77245.56,77226.85,77235.61,14280
1787814180,2026-08-27T12:33:00,77235.0,77244.98,77226.36,77228.17,19060
1787814240,2026-08-27T12:34:00,77229.37,77256.42,77225.71,77250.8,27631
1787814300,2026-08-27T12:35:00,77252.08,77256.16,77241.18,77247.45,25687
1787814360,2026-08-27T12:36:00,77247.39,77257.37,77234.82,77255.43,38756
1787814420,2026-08-27T12:37:00,77255.33,77292.68,77253.83,77283.63,34012
1787814480,2026-08-27T12:38:00,77284.58,77310.4,77283.6,77304.9,20052
1787814540,2026-08-27T12:39:00,77307.26,77314.61,77298.98,77310.62,37512
1787814600,2026-08-27T12:40:00,77311.45,77315.2,77301.97,77309.19,32451
1787814660,2026-08-27T12:41:00,77309.04,77322.04,77300.76,77315.23,42600
1787814720,2026-08-27T12:42:00,77313.3,77315.08,77302.93,77306.55,25001
1787814780,2026-08-27T12:43:00,77300.78,77303.03,77288.55,77288.55,11712
1787814840,2026-08-27T12:44:00,77284.38,77314.28,77283.5,77304.22,29345
1787814900,2026-08-27T12:45:00,77300.36,77313.7,77294.8,77310.12,10043
1787814960,2026-08-27T12:46:00,77311.51,77312.17,77303.08,77304.27,24567
1787815020,2026-08-27T12:47:00,77305.32,77307.23,77292.33,77293.26,6685
1787815080,2026-08-27T12:48:00,77292.31,77293.2,77278.62,77287.66,12102
1787815140,2026-08-27T12:49:00,77286.52,77319.38,77282.0,77316.99,13408
1787815200,2026-08-27T12:50:00,77316.3,77333.34,77308.83,77308.83,26619
1787815260,2026-08-27T12:51:00,77310.78,77326.69,77306.03,77326.69,32806
1787815320,2026-08-27T12:52:00,77322.63,77345.2,77317.43,77331.69,30786
1787815380,2026-08-27T12:53:00,77334.11,77361.8,77333.33,77361.12,30775
1787815440,2026-08-27T12:54:00,77358.71,77374.16,77356.11,77361.65,49760
1787815500,2026-08-27T12:55:00,77359.14,77365.62,77351.8,77353.56,24359
1787815560,2026-08-27T12:56:00,77353.56,77358.29,77350.23,77354.99,10911
1787815620,2026-08-27T12:57:00,77353.28,77371.24,77353.28,77359.19,15683
1787815680,2026-08-27T12:58:00,77359.96,77362.84,77352.13,77360.06,30962
1787815740,2026-08-27T12:59:00,77357.64,77358.66,77342.02,77348.2,10234
1787815800,2026-08-27T13:00:00,77348.2,77358.59,77337.51,77346.79,13539
1787815860,2026-08-27T13:01:00,77346.79,77351.64,77341.61,77346.38,11346
1787815920,2026-08-27T13:02:00,77345.16,77355.72,77333.86,77355.72,36923
1787815980,2026-08-27T13:03:00,77351.74,77369.29,77346.16,77354.57,31441
1787816040,2026-08-27T13:04:00,77354.57,77358.0,77342.97,77350.44,58129
1787816100,2026-08-27T13:05:00,77352.0,77352.0,77326.85,77333.89,30927
1787816160,2026-08-27T13:06:00,77335.16,77352.11,77326.71,77331.99,17682
1787816220,2026-08-27T13:07:00,77326.58,77330.55,77319.38,77329.43,16472
1787816280,2026-08-27T13:08:00,77331.52,77351.14,77331.22,77337.96,14680
1787816340,2026-08-27T13:09:00,77338.17,77358.87,77336.88,77347.9,14110
1787816400,2026-08-27T13:10:00,77347.9,77347.9,77333.64,77345.53,12958
1787816460,2026-08-27T13:11:00,77344.15,77358.86,77333.08,77354.96,15226
1787816520,2026-08-27T13:12:00,77355.45,77391.9,77347.85,77384.52,46609
1787816580,2026-08-27T13:13:00,77387.6,77396.45,77353.85,77378.09,15824
1787816640,2026-08-27T13:14:00,77379.6,77399.58,77358.64,77380.11,19502
1787816700,2026-08-27T13:15:00,77384.01,77415.77,77381.83,77382.68,9186
1787816760,2026-08-27T13:16:00,77382.68,77390.22,77378.32,77383.95,19110
1787816820,2026-08-27T13:17:00,77383.8,77383.8,77342.55,77345.37,10198
1787816880,2026-08-27T13:18:00,77347.52,77367.57,77338.11,77360.0,12067
1787816940,2026-08-27T13:19:00,77361.54,77387.12,77330.06,77360.65,11711
1787817000,2026-08-27T13:20:00,77365.21,77384.25,77358.72,77362.13,22921
1787817060,2026-08-27T13:21:00,77357.53,77384.7,77354.71,77364.2,11145
1787817120,2026-08-27T13:22:00,77362.72,77368.61,77333.34,77348.18,29659
1787817180,2026-08-27T13:23:00,77346.96,77379.2,77328.43,77377.08,23774
1787817240,2026-08-27T13:24:00,77378.61,77385.45,77371.46,77385.45,12162
1787817300,2026-08-27T13:25:00,77385.45,77387.77,77354.42,77357.0,12065
1787817360,2026-08-27T13:26:00,77350.57,77370.56,77343.34,77370.56,19339
1787817420,2026-08-27T13:27:00,77369.42,77369.42,77352.14,77357.74,8839
1787817480,2026-08-27T13:28:00,77361.78,77364.59,77332.88,77362.68,60329
1787817540,2026-08-27T13:29:00,77360.04,77363.76,77339.34,77353.81,54792
1787817600,2026-08-27T13:30:00,77354.41,77368.54,77321.68,77331.12,82652
1787817660,2026-08-27T13:31:00,77332.08,77332.7,77301.4,77323.71,19920
1787817720,2026-08-27T13:32:00,77323.92,77327.26,77294.98,77299.42,12690
1787817780,2026-08-27T13:33:00,77298.0,77340.0,77289.91,77340.0,16655
1787817840,2026-08-27T13:34:00,77340.32,77340.34,77321.48,77334.86,7968
1787817900,2026-08-27T13:35:00,77334.86,77345.8,77317.72,77340.64,42595
1787817960,2026-08-27T13:36:00,77341.42,77342.36,77313.73,77321.96,12366
1787818020,2026-08-27T13:37:00,77324.21,77332.23,77317.58,77331.21,16639
1787818080,2026-08-27T13:38:00,77331.38,77344.65,77330.19,77342.36,18823
1787818140,2026-08-27T13:39:00,77342.36,77358.77,77342.36,77347.59,18847
1787818200,2026-08-27T13:40:00,77347.59,77351.54,77337.59,77341.18,7392
1787818260,2026-08-27T13:41:00,77340.38,77340.72,77318.42,77328.92,6584
1787818320,2026-08-27T13:42:00,77327.13,77332.59,77310.8,77312.29,9164
1787818380,2026-08-27T13:43:00,77312.51,77314.19,77293.26,77296.59,17221
1787818440,2026-08-27T13:44:00,77303.23,77332.97,77297.02,77297.02,7436
1787818500,2026-08-27T13:45:00,77297.54,77298.36,77265.77,77268.26,19397
1787818560,2026-08-27T13:46:00,77271.05,77298.76,77258.6,77289.55,16281
1787818620,2026-08-27T13:47:00,77288.17,77291.08,77253.11,77274.81,12903
1787818680,2026-08-27T13:48:00,77271.3,77274.53,77196.52,77222.75,31323
1787818740,2026-08-27T13:49:00,77226.74,77237.71,77201.27,77233.26,19092
1787818800,2026-08-27T13:50:00,77231.41,77235.43,77208.15,77217.87,23223
1787818860,2026-08-27T13:51:00,77218.38,77236.44,77201.12,77201.12,7416
1787818920,2026-08-27T13:52:00,77205.57,77230.23,77200.87,77207.62,21941
1787818980,2026-08-27T13:53:00,77207.83,77218.06,77193.18,77218.06,11986
1787819040,2026-08-27T13:54:00,77217.98,77218.59,77195.31,77211.61,13447
1787819100,2026-08-27T13:55:00,77212.98,77214.99,77184.09,77186.75,14716
1787819160,2026-08-27T13:56:00,77186.65,77211.91,77182.46,77200.36,13950
1787819220,2026-08-27T13:57:00,77200.36,77204.16,77178.36,77181.43,37760
1787819280,2026-08-27T13:58:00,77182.09,77203.31,77165.32,77175.63,53722
1787819340,2026-08-27T13:59:00,77175.55,77189.15,77175.26,77185.93,16965
1787819400,2026-08-27T14:00:00,77183.21,77187.58,77159.01,77177.71,67500
1787819460,2026-08-27T14:01:00,77177.46,77191.1,77156.56,77170.48,48510
1787819520,2026-08-27T14:02:00,77175.51,77179.35,77162.03,77171.86,29377
1787819580,2026-08-27T14:03:00,77172.84,77181.18,77163.96,77163.96,35987
1787819640,2026-08-27T14:04:00,77164.79,77172.44,77162.42,77169.44,38048
1787819700,2026-08-27T14:05:00,77169.75,77176.82,77159.39,77175.65,52228
1787819760,2026-08-27T14:06:00,77175.65,77182.24,77163.57,77171.18,20657
1787819820,2026-08-27T14:07:00,77173.14,77179.95,77156.23,77156.23,25103
1787819880,2026-08-27T14:08:00,77155.9,77160.22,77131.14,77142.37,43493
1787819940,2026-08-27T14:09:00,77142.83,77150.84,77138.26,77150.84,33348
1787820000,2026-08-27T14:10:00,77148.24,77162.78,77137.31,77161.65,32640
1787820060,2026-08-27T14:11:00,77161.78,77189.43,77156.06,77189.41,21512
1787820120,2026-08-27T14:12:00,77189.56,77214.54,77185.47,77192.66,35567
1787820180,2026-08-27T14:13:00,77187.59,77211.89,77185.5,77205.85,21599
1787820240,2026-08-27T14:14:00,77208.94,77208.94,77175.05,77179.93,36784
1787820300,2026-08-27T14:15:00,77179.93,77190.79,77088.74,77152.98,853938
1787820360,2026-08-27T14:16:00,77158.88,77193.38,77153.8,77193.33,24041
1787820420,2026-08-27T14:17:00,77193.49,77213.37,77187.17,77187.17,31310
1787820480,2026-08-27T14:18:00,77187.32,77205.3,77173.56,77200.88,26895
1787820540,2026-08-27T14:19:00,77199.89,77219.33,77191.44,77216.47,329717
1787820600,2026-08-27T14:20:00,77215.6,77219.68,77192.38,77205.47,13266
1787820660,2026-08-27T14:21:00,77206.2,77215.81,77202.06,77214.49,22411
1787820720,2026-08-27T14:22:00,77220.68,77230.53,77213.18,77223.73,26926
1787820780,2026-08-27T14:23:00,77223.66,77236.28,77204.35,77234.07,23015
1787820840,2026-08-27T14:24:00,77234.16,77241.44,77214.45,77241.44,23663
1787820900,2026-08-27T14:25:00,77240.76,77240.76,77216.02,77228.44,25359
1787820960,2026-08-27T14:26:00,77226.77,77253.83,77219.29,77230.84,16249
1787821020,2026-08-27T14:27:00,77231.55,77245.49,77226.55,77241.88,32574
1787821080,2026-08-27T14:28:00,77242.08,77261.98,77242.08,77261.84,19773
1787821140,2026-08-27T14:29:00,77265.63,77269.35,77241.73,77261.16,21386
1787821200,2026-08-27T14:30:00,77264.85,77301.89,77264.85,77281.62,22386
1787821260,2026-08-27T14:31:00,77280.8,77282.91,77244.76,77255.23,30897
1787821320,2026-08-27T14:32:00,77256.1,77256.1,77203.97,77203.97,23324
1787821380,2026-08-27T14:33:00,77205.16,77235.19,77204.44,77230.9,38281
1787821440,2026-08-27T14:34:00,77230.9,77266.39,77228.29,77257.32,31165
1787821500,2026-08-27T14:35:00,77257.34,77258.84,77204.43,77207.25,26460
1787821560,2026-08-27T14:36:00,77209.58,77217.88,77195.9,77198.76,43404
1787821620,2026-08-27T14:37:00,77201.64,77237.85,77192.32,77237.85,26306
1787821680,2026-08-27T14:38:00,77234.27,77238.39,77215.81,77215.81,20470
1787821740,2026-08-27T14:39:00,77217.41,77254.82,77216.37,77254.82,20417
1787821800,2026-08-27T14:40:00,77256.5,77259.3,77226.76,77229.04,8794
1787821860,2026-08-27T14:41:00,77229.84,77236.23,77205.43,77208.66,14163
1787821920,2026-08-27T14:42:00,77209.91,77235.84,77203.78,77203.78,27071
1787821980,2026-08-27T14:43:00,77226.57,77227.17,77195.05,77201.54,53864
1787822040,2026-08-27T14:44:00,77197.87,77218.39,77174.07,77200.25,128848
1787822100,2026-08-27T14:45:00,77203.69,77213.48,77202.89,77208.41,35463
1787822160,2026-08-27T14:46:00,77209.94,77221.5,77203.6,77217.8,41198
1787822220,2026-08-27T14:47:00,77217.94,77243.44,77197.96,77239.67,120424
1787822280,2026-08-27T14:48:00,77235.91,77242.22,77212.74,77240.94,30314
1787822340,2026-08-27T14:49:00,77239.87,77242.93,77230.67,77235.67,29919
1787822400,2026-08-27T14:50:00,77235.86,77269.06,77235.19,77254.38,96648
1787822460,2026-08-27T14:51:00,77250.94,77252.63,77226.41,77226.8,18376
1787822520,2026-08-27T14:52:00,77227.09,77266.66,77211.92,77260.97,109483
1787822580,2026-08-27T14:53:00,77263.9,77267.44,77237.42,77242.19,19301
1787822640,2026-08-27T14:54:00,77244.85,77246.96,77197.96,77197.96,105495
1787822700,2026-08-27T14:55:00,77196.87,77236.45,77189.67,77229.69,66666
1787822760,2026-08-27T14:56:00,77229.16,77242.67,77225.41,77242.05,34566
1787822820,2026-08-27T14:57:00,77238.33,77244.89,77218.45,77220.54,38672
1787822880,2026-08-27T14:58:00,77222.23,77248.97,77213.95,77214.9,51163
1787822940,2026-08-27T14:59:00,77215.44,77250.84,77214.89,77245.54,30695
1787823000,2026-08-27T15:00:00,77246.93,77264.02,77236.81,77238.58,36492
1787823060,2026-08-27T15:01:00,77241.26,77274.12,77236.63,77265.68,30593
1787823120,2026-08-27T15:02:00,77267.33,77270.34,77243.74,77252.51,47527
1787823180,2026-08-27T15:03:00,77254.59,77254.59,77206.05,77240.04,174083
1787823240,2026-08-27T15:04:00,77241.06,77241.82,77213.18,77213.18,32628
1787823300,2026-08-27T15:05:00,77221.98,77229.31,77193.98,77218.19,45792
1787823360,2026-08-27T15:06:00,77223.33,77223.33,77180.06,77182.57,113718
1787823420,2026-08-27T15:07:00,77192.97,77249.11,77182.33,77209.25,185478
1787823480,2026-08-27T15:08:00,77210.75,77231.85,77197.86,77205.26,69330
1787823540,2026-08-27T15:09:00,77207.16,77215.56,77193.33,77208.08,52691
1787823600,2026-08-27T15:10:00,77208.13,77225.24,77189.03,77210.5,24901
1787823660,2026-08-27T15:11:00,77213.66,77231.19,77196.81,77211.58,53108
1787823720,2026-08-27T15:12:00,77207.93,77214.7,77169.09,77184.78,2857569
1787823780,2026-08-27T15:13:00,77184.94,77224.84,77184.94,77203.44,38021
1787823840,2026-08-27T15:14:00,77201.96,77212.58,77168.56,77181.61,43787
1787823900,2026-08-27T15:15:00,77182.91,77182.91,77182.91,77182.91,43787
1787823960,2026-08-27T15:16:00,77182.91,77182.91,77182.91,77182.91,43787
1787824020,2026-08-27T15:17:00,77182.91,77182.91,77182.91,77182.91,43787
1787824080,2026-08-27T15:18:00,77182.91,77182.91,77182.91,77182.91,43787
1787824140,2026-08-27T15:19:00,77182.91,77182.91,77182.91,77182.91,43787
1787824200,2026-08-27T15:20:00,77182.91,77182.91,77182.91,77182.91,43787
1787824260,2026-08-27T15:21:00,77182.91,77182.91,77182.91,77182.91,43787
1787824320,2026-08-27T15:22:00,77182.91,77182.91,77182.91,77182.91,43787
1787824380,2026-08-27T15:23:00,77182.91,77182.91,77182.91,77182.91,43787
1787824440,2026-08-27T15:24:00,77182.91,77182.91,77182.91,77182.91,43787
1787824500,2026-08-27T15:25:00,77182.91,77182.91,77182.91,77182.91,43787
1787824560,2026-08-27T15:26:00,77182.91,77182.91,77182.91,77182.91,43787
1787824620,2026-08-27T15:27:00,77182.91,77182.91,77182.91,77182.91,43787
1787824680,2026-08-27T15:28:00,77182.91,77182.91,77182.91,77182.91,43787
1787824740,2026-08-27T15:29:00,77182.91,77182.91,76933.59,76933.59,43787
1787888700,2026-08-28T09:15:00,77128.05,77183.62,77043.34,77111.24,200281
1787888760,2026-08-28T09:16:00,77110.37,77150.01,77083.59,77146.82,113979
1787888820,2026-08-28T09:17:00,77149.72,77195.01,77136.17,77143.19,81838
1787888880,2026-08-28T09:18:00,77144.19,77146.72,77109.52,77109.52,74265
1787888940,2026-08-28T09:19:00,77106.85,77122.97,77084.23,77093.65,63144
1787889000,2026-08-28T09:20:00,77091.15,77112.04,77066.3,77077.65,58199
1787889060,2026-08-28T09:21:00,77074.19,77131.4,77074.19,77127.58,343298
1787889120,2026-08-28T09:22:00,77130.21,77150.29,77101.09,77107.46,65759
1787889180,2026-08-28T09:23:00,77107.27,77126.83,77106.71,77119.13,29551
1787889240,2026-08-28T09:24:00,77121.61,77165.1,77109.09,77162.74,42859
1787889300,2026-08-28T09:25:00,77164.35,77210.11,77161.0,77209.73,47581
1787889360,2026-08-28T09:26:00,77209.04,77220.46,77198.29,77208.94,2027166
1787889420,2026-08-28T09:27:00,77211.34,77252.05,77211.34,77242.93,41965
1787889480,2026-08-28T09:28:00,77247.21,77250.02,77215.15,77221.24,51155
1787889540,2026-08-28T09:29:00,77222.45,77235.21,77213.74,77232.15,29117
1787889600,2026-08-28T09:30:00,77229.55,77242.94,77204.35,77207.44,38938
1787889660,2026-08-28T09:31:00,77205.97,77233.18,77205.24,77206.63,52521
1787889720,2026-08-28T09:32:00,77207.39,77227.81,77205.42,77227.17,34866
1787889780,2026-08-28T09:33:00,77230.51,77236.53,77214.18,77220.3,27306
1787889840,2026-08-28T09:34:00,77224.39,77240.74,77215.3,77227.55,34880
1787889900,2026-08-28T09:35:00,77228.09,77229.64,77213.07,77215.24,30201
1787889960,2026-08-28T09:36:00,77217.07,77226.04,77196.75,77196.75,28279
1787890020,2026-08-28T09:37:00,77195.12,77198.73,77168.79,77198.73,35346
1787890080,2026-08-28T09:38:00,77198.03,77206.33,77191.72,77192.07,126079
1787890140,2026-08-28T09:39:00,77191.7,77222.89,77188.93,77211.13,28132
1787890200,2026-08-28T09:40:00,77208.58,77220.27,77199.17,77220.2,22315
1787890260,2026-08-28T09:41:00,77223.87,77233.39,77215.1,77228.24,19848
1787890320,2026-08-28T09:42:00,77228.88,77247.36,77225.11,77246.7,17661
1787890380,2026-08-28T09:43:00,77249.09,77291.45,77249.09,77283.23,41316
1787890440,2026-08-28T09:44:00,77282.56,77284.15,77261.53,77267.64,20343
1787890500,2026-08-28T09:45:00,77267.64,77272.32,77248.02,77256.62,34985
1787890560,2026-08-28T09:46:00,77259.81,77262.0,77230.6,77246.8,9652
1787890620,2026-08-28T09:47:00,77246.31,77246.31,77229.88,77233.9,18302
1787890680,2026-08-28T09:48:00,77233.26,77244.66,77228.95,77231.91,57078
1787890740,2026-08-28T09:49:00,77233.0,77233.0,77209.62,77215.73,23306
1787890800,2026-08-28T09:50:00,77217.01,77222.79,77205.4,77217.51,21653
1787890860,2026-08-28T09:51:00,77216.08,77223.96,77205.32,77209.86,8491
1787890920,2026-08-28T09:52:00,77204.71,77209.29,77187.71,77209.29,18148
1787890980,2026-08-28T09:53:00,77208.05,77231.39,77204.46,77224.08,17771
1787891040,2026-08-28T09:54:00,77228.97,77245.31,77222.69,77242.93,12103
1787891100,2026-08-28T09:55:00,77242.45,77260.71,77236.46,77257.96,18064
1787891160,2026-08-28T09:56:00,77254.54,77264.58,77246.73,77255.15,17919
1787891220,2026-08-28T09:57:00,77259.08,77271.25,77249.47,77266.89,30439
1787891280,2026-08-28T09:58:00,77266.12,77275.9,77258.88,77271.17,29841
1787891340,2026-08-28T09:59:00,77269.93,77271.55,77253.67,77258.25,11652
1787891400,2026-08-28T10:00:00,77261.45,77270.18,77241.46,77241.46,16341
1787891460,2026-08-28T10:01:00,77241.76,77243.22,77225.08,77225.08,12523
1787891520,2026-08-28T10:02:00,77226.97,77240.25,77219.98,77240.25,17143
1787891580,2026-08-28T10:03:00,77243.84,77252.16,77238.32,77240.08,12582
1787891640,2026-08-28T10:04:00,77248.9,77252.46,77228.34,77228.34,8261
1787891700,2026-08-28T10:05:00,77228.03,77236.51,77225.97,77226.55,10499
1787891760,2026-08-28T10:06:00,77224.28,77230.94,77212.45,77215.45,10891
1787891820,2026-08-28T10:07:00,77215.74,77240.56,77215.74,77238.74,10695
1787891880,2026-08-28T10:08:00,77243.9,77267.54,77233.55,77264.78,15127
1787891940,2026-08-28T10:09:00,77264.08,77271.37,77245.98,77252.43,6130
1787892000,2026-08-28T10:10:00,77250.78,77250.78,77235.25,77244.5,10219
1787892060,2026-08-28T10:11:00,77241.86,77256.09,77233.76,77249.34,10873
1787892120,2026-08-28T10:12:00,77248.89,77272.51,77248.26,77271.52,19041
1787892180,2026-08-28T10:13:00,77272.39,77280.3,77263.0,77266.93,26619
1787892240,2026-08-28T10:14:00,77268.15,77287.46,77268.15,77286.69,12043
1787892300,2026-08-28T10:15:00,77285.56,77306.93,77285.56,77302.39,18373
1787892360,2026-08-28T10:16:00,77302.05,77314.89,77300.37,77311.29,11522
1787892420,2026-08-28T10:17:00,77312.08,77357.97,77312.08,77333.81,35427
1787892480,2026-08-28T10:18:00,77337.96,77340.73,77304.61,77311.86,28357
1787892540,2026-08-28T10:19:00,77312.99,77316.03,77291.98,77291.98,16823
1787892600,2026-08-28T10:20:00,77290.22,77298.8,77280.28,77294.84,28222
1787892660,2026-08-28T10:21:00,77294.84,77296.73,77283.55,77287.27,16302
1787892720,2026-08-28T10:22:00,77289.04,77299.78,77285.67,77291.4,11964
1787892780,2026-08-28T10:23:00,77295.18,77304.2,77287.19,77301.26,20525
1787892840,2026-08-28T10:24:00,77300.49,77308.56,77292.8,77299.64,24665
1787892900,2026-08-28T10:25:00,77304.56,77310.0,77282.01,77291.0,12653
1787892960,2026-08-28T10:26:00,77291.02,77297.41,77274.1,77293.02,19145
1787893020,2026-08-28T10:27:00,77292.11,77298.63,77286.37,77290.62,9573
1787893080,2026-08-28T10:28:00,77290.88,77298.58,77282.56,77295.21,10094
1787893140,2026-08-28T10:29:00,77297.91,77300.23,77290.38,77299.24,9086
1787893200,2026-08-28T10:30:00,77300.2,77304.31,77292.36,77294.82,13593
1787893260,2026-08-28T10:31:00,77294.32,77294.32,77273.75,77277.61,29274
1787893320,2026-08-28T10:32:00,77276.39,77300.01,77276.39,77291.65,12047
1787893380,2026-08-28T10:33:00,77291.65,77292.45,77275.01,77278.79,12217
1787893440,2026-08-28T10:34:00,77279.71,77285.09,77266.32,77277.19,8292
1787893500,2026-08-28T10:35:00,77277.19,77277.19,77264.57,77264.57,13587
1787893560,2026-08-28T10:36:00,77264.71,77272.51,77260.97,77269.76,7250
1787893620,2026-08-28T10:37:00,77268.0,77273.28,77257.42,77268.97,10185
1787893680,2026-08-28T10:38:00,77268.84,77276.81,77262.82,77265.3,5688
1787893740,2026-08-28T10:39:00,77265.3,77275.28,77257.79,77267.65,41492
1787893800,2026-08-28T10:40:00,77268.24,77290.2,77267.01,77282.06,25861
1787893860,2026-08-28T10:41:00,77282.06,77290.38,77274.96,77284.74,16114
1787893920,2026-08-28T10:42:00,77283.93,77289.67,77278.71,77279.6,6751
1787893980,2026-08-28T10:43:00,77279.6,77281.44,77258.03,77267.01,11586
1787894040,2026-08-28T10:44:00,77266.37,77270.26,77250.09,77250.09,14780
1787894100,2026-08-28T10:45:00,77250.09,77257.43,77239.98,77243.67,13262
1787894160,2026-08-28T10:46:00,77246.31,77246.75,77234.44,77237.99,23165
1787894220,2026-08-28T10:47:00,77237.56,77257.35,77237.56,77254.74,9196
1787894280,2026-08-28T10:48:00,77256.45,77266.85,77248.45,77262.71,5745
1787894340,2026-08-28T10:49:00,77263.59,77277.82,77255.77,77273.9,24154
1787894400,2026-08-28T10:50:00,77273.9,77295.58,77270.2,77293.57,25884
1787894460,2026-08-28T10:51:00,77294.22,77294.22,77283.04,77287.93,16774
1787894520,2026-08-28T10:52:00,77287.93,77288.43,77268.46,77281.55,15745
1787894580,2026-08-28T10:53:00,77274.46,77277.08,77259.05,77261.68,11025
1787894640,2026-08-28T10:54:00,77262.63,77267.95,77248.43,77249.03,6921
1787894700,2026-08-28T10:55:00,77246.81,77252.75,77227.86,77231.05,6657
1787894760,2026-08-28T10:56:00,77231.05,77249.26,77231.05,77246.48,91455
1787894820,2026-08-28T10:57:00,77246.31,77260.79,77244.2,77249.8,6574
1787894880,2026-08-28T10:58:00,77249.52,77265.56,77244.17,77264.35,18586
1787894940,2026-08-28T10:59:00,77263.24,77263.24,77247.42,77252.38,10242
1787895000,2026-08-28T11:00:00,77254.85,77256.49,77238.76,77242.51,11579
1787895060,2026-08-28T11:01:00,77249.11,77259.9,77238.75,77255.77,11706
1787895120,2026-08-28T11:02:00,77255.77,77265.9,77250.05,77262.12,6887
1787895180,2026-08-28T11:03:00,77262.12,77267.97,77254.32,77258.62,11148
1787895240,2026-08-28T11:04:00,77256.97,77259.06,77247.25,77254.84,36312
1787895300,2026-08-28T11:05:00,77257.57,77267.05,77252.18,77254.11,7304
1787895360,2026-08-28T11:06:00,77254.81,77259.36,77241.71,77244.26,5316
1787895420,2026-08-28T11:07:00,77246.26,77253.44,77225.9,77226.31,14228
1787895480,2026-08-28T11:08:00,77228.62,77239.59,77223.12,77231.82,11332
1787895540,2026-08-28T11:09:00,77230.25,77230.25,77199.37,77201.85,16598
1787895600,2026-08-28T11:10:00,77198.5,77208.79,77197.2,77206.46,12362
1787895660,2026-08-28T11:11:00,77206.46,77213.05,77195.76,77197.89,12455
1787895720,2026-08-28T11:12:00,77198.94,77229.94,77198.94,77229.94,24086
1787895780,2026-08-28T11:13:00,77230.11,77250.42,77228.99,77240.09,13583
1787895840,2026-08-28T11:14:00,77240.09,77263.0,77236.64,77250.31,21237
1787895900,2026-08-28T11:15:00,77248.23,77250.43,77240.18,77244.03,2006553
1787895960,2026-08-28T11:16:00,77244.03,77247.79,77228.73,77246.54,6758
1787896020,2026-08-28T11:17:00,77246.54,77246.66,77230.47,77234.62,5715
1787896080,2026-08-28T11:18:00,77240.09,77240.09,77212.3,77215.38,19627
1787896140,2026-08-28T11:19:00,77214.15,77224.39,77211.69,77222.89,8157
1787896200,2026-08-28T11:20:00,77223.14,77225.23,77215.08,77216.11,25131
1787896260,2026-08-28T11:21:00,77216.03,77220.41,77198.57,77208.29,9327
1787896320,2026-08-28T11:22:00,77205.67,77210.29,77188.9,77202.49,16534
1787896380,2026-08-28T11:23:00,77203.4,77214.45,77196.44,77197.58,5372
1787896440,2026-08-28T11:24:00,77195.86,77199.09,77184.18,77189.46,27120
1787896500,2026-08-28T11:25:00,77189.46,77192.78,77178.87,77183.63,65184
1787896560,2026-08-28T11:26:00,77185.91,77188.93,77153.86,77153.86,36548
1787896620,2026-08-28T11:27:00,77155.34,77164.3,77148.92,77151.51,6098
1787896680,2026-08-28T11:28:00,77151.51,77157.9,77142.07,77142.93,8676
1787896740,2026-08-28T11:29:00,77140.07,77143.36,77112.56,77115.7,116567
1787896800,2026-08-28T11:30:00,77112.79,77125.34,77108.82,77124.0,8470
1787896860,2026-08-28T11:31:00,77123.57,77123.57,77111.6,77121.92,18033
1787896920,2026-08-28T11:32:00,77121.37,77134.68,77110.35,77121.52,20256
1787896980,2026-08-28T11:33:00,77122.34,77122.34,77084.34,77084.34,18374
1787897040,2026-08-28T11:34:00,77084.62,77086.44,77071.47,77079.87,14383
1787897100,2026-08-28T11:35:00,77076.01,77090.2,77052.13,77053.74,22165
1787897160,2026-08-28T11:36:00,77053.44,77053.44,77029.25,77041.14,33129
1787897220,2026-08-28T11:37:00,77036.26,77060.93,77035.12,77060.63,15831
1787897280,2026-08-28T11:38:00,77060.7,77088.14,77059.24,77060.17,13980
1787897340,2026-08-28T11:39:00,77061.07,77067.74,77054.49,77059.73,14034
1787897400,2026-08-28T11:40:00,77059.66,77074.39,77059.66,77061.48,6804
1787897460,2026-08-28T11:41:00,77062.33,77083.15,77062.33,77070.25,9133
1787897520,2026-08-28T11:42:00,77070.87,77076.56,77060.22,77060.57,5479
1787897580,2026-08-28T11:43:00,77061.23,77072.05,77056.71,77071.36,30011
1787897640,2026-08-28T11:44:00,77071.67,77090.54,77068.75,77085.67,15877
1787897700,2026-08-28T11:45:00,77086.55,77095.06,77063.46,77073.12,9905
1787897760,2026-08-28T11:46:00,77076.99,77076.99,77059.81,77069.81,4920
1787897820,2026-08-28T11:47:00,77070.51,77074.33,77060.02,77060.02,6278
1787897880,2026-08-28T11:48:00,77060.67,77073.46,77060.67,77072.32,5732
1787897940,2026-08-28T11:49:00,77072.38,77081.35,77061.79,77081.35,42311
1787898000,2026-08-28T11:50:00,77081.35,77089.87,77078.45,77087.96,10347
1787898060,2026-08-28T11:51:00,77093.93,77098.65,77083.95,77088.72,8686
1787898120,2026-08-28T11:52:00,77087.75,77091.9,77068.23,77068.23,6778
1787898180,2026-08-28T11:53:00,77069.75,77076.73,77060.23,77062.92,4972
1787898240,2026-08-28T11:54:00,77065.04,77072.46,77059.44,77066.49,12725
1787898300,2026-08-28T11:55:00,77064.36,77065.61,77051.22,77060.04,5219
1787898360,2026-08-28T11:56:00,77058.83,77059.65,77034.28,77036.12,10138
1787898420,2026-08-28T11:57:00,77034.56,77038.98,76988.22,76992.72,8912
1787898480,2026-08-28T11:58:00,76996.24,77010.7,76991.62,77008.52,14470
1787898540,2026-08-28T11:59:00,77008.88,77017.08,77002.36,77009.7,10455
1787898600,2026-08-28T12:00:00,77005.2,77016.52,77004.35,77010.39,5469
1787898660,2026-08-28T12:01:00,77008.53,77014.75,77000.15,77009.57,5476
1787898720,2026-08-28T12:02:00,77010.55,77020.22,76999.81,77010.19,6084
1787898780,2026-08-28T12:03:00,77010.19,77018.05,77005.75,77006.83,10991
1787898840,2026-08-28T12:04:00,77006.83,77031.79,77001.06,77029.07,14026
1787898900,2026-08-28T12:05:00,77029.21,77029.21,77011.52,77012.22,6100
1787898960,2026-08-28T12:06:00,77013.76,77028.96,77006.58,77028.52,14257
1787899020,2026-08-28T12:07:00,77028.72,77042.14,77027.58,77037.26,9479
1787899080,2026-08-28T12:08:00,77037.49,77057.39,77035.26,77050.5,11703
1787899140,2026-08-28T12:09:00,77052.26,77056.62,77020.91,77022.94,27458
1787899200,2026-08-28T12:10:00,77019.96,77024.88,77005.64,77011.26,26732
1787899260,2026-08-28T12:11:00,77012.71,77012.71,77000.87,77006.76,7924
1787899320,2026-08-28T12:12:00,77005.62,77007.55,76995.8,77001.6,4318
1787899380,2026-08-28T12:13:00,77001.77,77010.87,76995.22,77010.52,7730
1787899440,2026-08-28T12:14:00,77010.61,77029.02,77009.55,77027.69,5929
1787899500,2026-08-28T12:15:00,77025.06,77036.08,77018.99,77033.23,10969
1787899560,2026-08-28T12:16:00,77033.23,77034.32,77022.85,77024.75,5974
1787899620,2026-08-28T12:17:00,77024.18,77037.85,77017.56,77037.84,11004
1787899680,2026-08-28T12:18:00,77039.51,77040.25,77025.7,77033.45,4010
1787899740,2026-08-28T12:19:00,77031.17,77038.49,77025.32,77026.42,13819
1787899800,2026-08-28T12:20:00,77025.35,77053.19,77025.35,77052.39,10185
1787899860,2026-08-28T12:21:00,77051.8,77057.13,77038.83,77046.67,16005
1787899920,2026-08-28T12:22:00,77042.81,77051.31,77039.62,77045.93,6371
1787899980,2026-08-28T12:23:00,77043.36,77047.9,77023.6,77023.6,67383
1787900040,2026-08-28T12:24:00,77026.64,77033.17,77024.7,77031.16,7936
1787900100,2026-08-28T12:25:00,77031.16,77035.45,77025.53,77033.52,17813
1787900160,2026-08-28T12:26:00,77033.84,77043.19,77029.58,77037.56,11590
1787900220,2026-08-28T12:27:00,77035.14,77045.92,77027.69,77045.92,8922
1787900280,2026-08-28T12:28:00,77045.92,77050.13,77040.53,77047.88,7712
1787900340,2026-08-28T12:29:00,77047.68,77056.35,77047.28,77052.9,4365
1787900400,2026-08-28T12:30:00,77057.03,77069.97,77053.37,77061.01,8852
1787900460,2026-08-28T12:31:00,77061.01,77072.86,77056.03,77062.07,53240
1787900520,2026-08-28T12:32:00,77063.41,77073.37,77059.71,77072.43,16523
1787900580,2026-08-28T12:33:00,77068.72,77079.63,77067.04,77068.83,11440
1787900640,2026-08-28T12:34:00,77068.83,77084.57,77060.41,77075.07,13267
1787900700,2026-08-28T12:35:00,77077.95,77086.86,77074.97,77079.81,12557
1787900760,2026-08-28T12:36:00,77079.93,77089.94,77073.87,77082.15,25027
1787900820,2026-08-28T12:37:00,77077.63,77095.24,77076.93,77084.08,19288
1787900880,2026-08-28T12:38:00,77085.71,77090.96,77075.28,77087.1,28401
1787900940,2026-08-28T12:39:00,77082.91,77099.33,77082.91,77095.84,11717
1787901000,2026-08-28T12:40:00,77093.61,77095.53,77079.41,77080.56,9254
1787901060,2026-08-28T12:41:00,77081.59,77097.66,77081.51,77088.24,5776
1787901120,2026-08-28T12:42:00,77088.01,77100.52,77083.38,77098.95,12161
1787901180,2026-08-28T12:43:00,77098.18,77099.94,77082.44,77092.95,23464
1787901240,2026-08-28T12:44:00,77091.69,77099.67,77087.16,77089.83,6671
1787901300,2026-08-28T12:45:00,77085.6,77087.95,77077.04,77083.45,25475
1787901360,2026-08-28T12:46:00,77082.98,77085.37,77075.76,77085.37,20476
1787901420,2026-08-28T12:47:00,77087.07,77099.03,77085.0,77089.6,16522
1787901480,2026-08-28T12:48:00,77089.6,77097.05,77079.72,77091.12,60416
1787901540,2026-08-28T12:49:00,77092.93,77098.36,77090.3,77098.36,11685
1787901600,2026-08-28T12:50:00,77098.36,77100.85,77086.74,77090.76,37183
1787901660,2026-08-28T12:51:00,77091.78,77097.22,77086.29,77092.79,36734
1787901720,2026-08-28T12:52:00,77097.63,77106.83,77087.66,77100.54,11020
1787901780,2026-08-28T12:53:00,77100.54,77105.25,77092.85,77095.62,10134
1787901840,2026-08-28T12:54:00,77094.82,77094.82,77082.32,77083.48,9382
1787901900,2026-08-28T12:55:00,77084.12,77084.38,77068.35,77074.31,9351
1787901960,2026-08-28T12:56:00,77074.19,77079.57,77068.27,77078.06,7571
1787902020,2026-08-28T12:57:00,77077.44,77080.91,77064.53,77066.6,26363
1787902080,2026-08-28T12:58:00,77071.89,77077.34,77057.46,77070.56,11274
1787902140,2026-08-28T12:59:00,77068.68,77071.53,77053.15,77057.14,15491
1787902200,2026-08-28T13:00:00,77057.14,77059.96,77047.39,77048.0,10660
1787902260,2026-08-28T13:01:00,77050.2,77056.53,77040.17,77040.51,16766
1787902320,2026-08-28T13:02:00,77047.7,77054.56,77032.1,77043.31,19160
1787902380,2026-08-28T13:03:00,77049.06,77050.57,77032.4,77041.68,18967
1787902440,2026-08-28T13:04:00,77041.94,77047.93,77031.95,77031.95,29648
1787902500,2026-08-28T13:05:00,77032.17,77043.03,77027.21,77031.55,9789
1787902560,2026-08-28T13:06:00,77028.2,77036.29,77016.74,77031.36,21882
1787902620,2026-08-28T13:07:00,77031.36,77047.3,77025.3,77044.48,7446
1787902680,2026-08-28T13:08:00,77047.17,77055.9,77041.14,77052.87,35113
1787902740,2026-08-28T13:09:00,77053.86,77065.28,77046.76,77063.28,22418
1787902800,2026-08-28T13:10:00,77062.93,77072.45,77058.4,77069.74,12603
1787902860,2026-08-28T13:11:00,77068.78,77085.51,77067.9,77081.57,7951
1787902920,2026-08-28T13:12:00,77081.92,77088.39,77061.34,77068.36,26314
1787902980,2026-08-28T13:13:00,77068.36,77078.81,77056.8,77072.96,15051
1787903040,2026-08-28T13:14:00,77072.32,77074.89,77062.28,77067.87,21702
1787903100,2026-08-28T13:15:00,77063.59,77074.15,77055.85,77055.85,9067
1787903160,2026-08-28T13:16:00,77055.0,77074.47,77054.5,77057.82,34938
1787903220,2026-08-28T13:17:00,77059.47,77064.55,77053.51,77062.25,19527
1787903280,2026-08-28T13:18:00,77062.25,77072.26,77060.21,77068.44,14655
1787903340,2026-08-28T13:19:00,77068.1,77084.22,77068.1,77071.67,17856
1787903400,2026-08-28T13:20:00,77076.17,77083.08,77064.77,77076.65,252199
1787903460,2026-08-28T13:21:00,77080.28,77081.85,77066.35,77070.97,76503
1787903520,2026-08-28T13:22:00,77072.19,77086.72,77067.63,77082.43,31370
1787903580,2026-08-28T13:23:00,77082.58,77087.12,77067.7,77072.97,49765
1787903640,2026-08-28T13:24:00,77072.97,77084.19,77070.93,77078.66,37047
1787903700,2026-08-28T13:25:00,77078.04,77089.69,77076.45,77085.31,1515511
1787903760,2026-08-28T13:26:00,77085.33,77096.1,77081.07,77092.12,11615
1787903820,2026-08-28T13:27:00,77092.47,77100.78,77057.97,77061.62,42541
1787903880,2026-08-28T13:28:00,77061.62,77070.33,77051.28,77054.81,30569
1787903940,2026-08-28T13:29:00,77050.59,77059.97,77043.01,77043.01,46607
1787904000,2026-08-28T13:30:00,77040.87,77054.96,77036.35,77052.12,18592
1787904060,2026-08-28T13:31:00,77052.12,77052.66,77043.2,77044.86,11586
1787904120,2026-08-28T13:32:00,77044.99,77055.46,77041.35,77049.99,35104
1787904180,2026-08-28T13:33:00,77049.75,77074.29,77048.43,77073.38,12954
1787904240,2026-08-28T13:34:00,77069.72,77084.29,77069.07,77077.32,21740
1787904300,2026-08-28T13:35:00,77077.32,77081.81,77073.43,77075.89,9288
1787904360,2026-08-28T13:36:00,77078.47,77082.78,77068.03,77079.02,46337
1787904420,2026-08-28T13:37:00,77078.99,77096.88,77074.72,77093.31,33623
1787904480,2026-08-28T13:38:00,77093.0,77099.73,77083.09,77096.71,10455
1787904540,2026-08-28T13:39:00,77096.71,77100.85,77089.61,77094.05,8706
1787904600,2026-08-28T13:40:00,77094.75,77105.95,77090.15,77104.29,11808
1787904660,2026-08-28T13:41:00,77105.98,77110.85,77092.36,77092.36,17676
1787904720,2026-08-28T13:42:00,77092.36,77094.03,77082.62,77090.86,10308
1787904780,2026-08-28T13:43:00,77090.86,77094.87,77089.16,77089.73,24285
1787904840,2026-08-28T13:44:00,77088.81,77100.01,77086.56,77097.51,111030
1787904900,2026-08-28T13:45:00,77097.51,77097.51,77087.61,77093.2,3383
1787904960,2026-08-28T13:46:00,77090.25,77093.41,77084.64,77090.16,9488
1787905020,2026-08-28T13:47:00,77089.57,77092.83,77080.9,77084.66,7275
1787905080,2026-08-28T13:48:00,77084.66,77084.66,77059.26,77064.53,110930
1787905140,2026-08-28T13:49:00,77062.83,77069.45,77055.3,77063.86,11724
1787905200,2026-08-28T13:50:00,77064.5,77074.5,77055.75,77069.19,9307
1787905260,2026-08-28T13:51:00,77069.8,77069.8,77042.98,77049.5,21779
1787905320,2026-08-28T13:52:00,77049.5,77064.82,77049.5,77061.41,12233
1787905380,2026-08-28T13:53:00,77057.79,77066.96,77055.88,77055.88,4165
1787905440,2026-08-28T13:54:00,77055.88,77062.81,77053.95,77057.77,5574
1787905500,2026-08-28T13:55:00,77058.4,77065.09,77048.67,77052.67,10115
1787905560,2026-08-28T13:56:00,77051.72,77059.19,77050.0,77057.15,7528
1787905620,2026-08-28T13:57:00,77056.97,77073.71,77055.15,77073.71,14938
1787905680,2026-08-28T13:58:00,77073.53,77094.34,77070.62,77091.31,55500
1787905740,2026-08-28T13:59:00,77088.94,77095.23,77082.91,77087.5,72166
1787905800,2026-08-28T14:00:00,77086.36,77093.98,77083.14,77087.35,33450
1787905860,2026-08-28T14:01:00,77087.35,77090.45,77069.22,77079.69,33109
1787905920,2026-08-28T14:02:00,77079.69,77087.73,77078.59,77084.02,26084
1787905980,2026-08-28T14:03:00,77083.09,77084.29,77076.83,77079.77,7244
1787906040,2026-08-28T14:04:00,77077.49,77081.67,77066.42,77067.9,16920
1787906100,2026-08-28T14:05:00,77066.29,77071.03,77057.17,77064.28,47370
1787906160,2026-08-28T14:06:00,77062.13,77066.82,77052.71,77053.32,4754
1787906220,2026-08-28T14:07:00,77055.89,77068.61,77047.09,77068.23,23807
1787906280,2026-08-28T14:08:00,77068.26,77070.93,77059.65,77063.41,14367
1787906340,2026-08-28T14:09:00,77063.26,77068.09,77056.93,77067.77,11543
1787906400,2026-08-28T14:10:00,77066.1,77083.42,77063.53,77083.42,17482
1787906460,2026-08-28T14:11:00,77083.42,77095.63,77082.25,77084.99,10324
1787906520,2026-08-28T14:12:00,77085.72,77094.46,77085.72,77087.54,8773
1787906580,2026-08-28T14:13:00,77087.28,77098.08,77084.72,77092.75,16559
1787906640,2026-08-28T14:14:00,77092.68,77101.94,77082.75,77101.94,6251
1787906700,2026-08-28T14:15:00,77096.83,77105.15,77093.55,77097.26,296509
1787906760,2026-08-28T14:16:00,77094.7,77112.58,77091.25,77105.07,32765
1787906820,2026-08-28T14:17:00,77105.07,77117.3,77102.56,77115.95,6004
1787906880,2026-08-28T14:18:00,77115.2,77121.83,77108.1,77112.72,13145
1787906940,2026-08-28T14:19:00,77112.9,77112.9,77089.52,77092.91,20524
1787907000,2026-08-28T14:20:00,77092.91,77103.23,77090.14,77096.81,6255
1787907060,2026-08-28T14:21:00,77096.81,77112.6,77089.01,77101.9,10992
1787907120,2026-08-28T14:22:00,77101.69,77113.62,77094.48,77098.34,35214
1787907180,2026-08-28T14:23:00,77098.34,77111.63,77094.08,77107.84,10511
1787907240,2026-08-28T14:24:00,77107.84,77110.87,77100.2,77110.86,17831
1787907300,2026-08-28T14:25:00,77111.17,77121.11,77111.17,77117.49,14775
1787907360,2026-08-28T14:26:00,77119.58,77119.58,77100.08,77106.18,6528
1787907420,2026-08-28T14:27:00,77106.78,77115.03,77103.38,77108.65,10335
1787907480,2026-08-28T14:28:00,77104.87,77122.67,77102.78,77116.13,7130
1787907540,2026-08-28T14:29:00,77111.5,77128.5,77108.78,77127.83,25051
1787907600,2026-08-28T14:30:00,77126.63,77143.66,77121.19,77137.32,8558
1787907660,2026-08-28T14:31:00,77136.64,77141.66,77126.82,77133.69,9925
1787907720,2026-08-28T14:32:00,77133.69,77133.69,77113.53,77117.01,5255
1787907780,2026-08-28T14:33:00,77116.47,77124.49,77115.3,77122.63,13924
1787907840,2026-08-28T14:34:00,77122.63,77141.12,77122.63,77139.9,54442
1787907900,2026-08-28T14:35:00,77139.9,77139.91,77114.06,77119.03,11778
1787907960,2026-08-28T14:36:00,77119.43,77137.09,77118.81,77132.08,5510
1787908020,2026-08-28T14:37:00,77129.51,77138.69,77120.23,77120.23,13527
1787908080,2026-08-28T14:38:00,77120.23,77139.32,77120.23,77132.68,6204
1787908140,2026-08-28T14:39:00,77132.68,77137.82,77122.62,77123.13,38698
1787908200,2026-08-28T14:40:00,77123.2,77136.19,77113.41,77121.9,7670
1787908260,2026-08-28T14:41:00,77125.58,77125.95,77110.63,77112.73,6940
1787908320,2026-08-28T14:42:00,77115.71,77120.9,77111.46,77112.41,18360
1787908380,2026-08-28T14:43:00,77112.77,77121.6,77112.77,77118.66,10741
1787908440,2026-08-28T14:44:00,77115.09,77124.45,77115.09,77122.28,9642
1787908500,2026-08-28T14:45:00,77121.7,77123.32,77112.67,77114.29,22070
1787908560,2026-08-28T14:46:00,77113.56,77119.78,77107.9,77108.54,12272
1787908620,2026-08-28T14:47:00,77108.54,77114.2,77104.31,77112.81,26861
1787908680,2026-08-28T14:48:00,77113.23,77131.28,77110.09,77131.28,23356
1787908740,2026-08-28T14:49:00,77130.03,77148.59,77126.76,77148.59,22309
1787908800,2026-08-28T14:50:00,77151.28,77160.68,77138.78,77160.07,30881
1787908860,2026-08-28T14:51:00,77159.48,77177.71,77159.13,77163.63,13995
1787908920,2026-08-28T14:52:00,77164.17,77172.64,77156.76,77171.65,16711
1787908980,2026-08-28T14:53:00,77171.78,77181.21,77164.6,77178.88,23138
1787909040,2026-08-28T14:54:00,77174.92,77182.87,77170.48,77181.42,37866
1787909100,2026-08-28T14:55:00,77181.72,77188.51,77175.36,77177.48,18783
1787909160,2026-08-28T14:56:00,77178.41,77179.93,77165.9,77169.15,21361
1787909220,2026-08-28T14:57:00,77172.0,77174.02,77161.63,77166.2,17053
1787909280,2026-08-28T14:58:00,77164.6,77173.78,77160.42,77163.24,30744
1787909340,2026-08-28T14:59:00,77162.11,77170.72,77152.51,77157.71,41811
1787909400,2026-08-28T15:00:00,77158.5,77158.5,77135.05,77136.03,29357
1787909460,2026-08-28T15:01:00,77135.45,77139.68,77115.58,77121.06,17459
1787909520,2026-08-28T15:02:00,77119.79,77119.79,77093.46,77093.46,37470
1787909580,2026-08-28T15:03:00,77095.07,77098.76,77081.01,77081.01,26195
1787909640,2026-08-28T15:04:00,77079.8,77091.31,77076.04,77085.71,22994
1787909700,2026-08-28T15:05:00,77087.51,77094.89,77079.19,77089.67,40043
1787909760,2026-08-28T15:06:00,77089.67,77098.06,77080.6,77086.28,22317
1787909820,2026-08-28T15:07:00,77082.87,77096.89,77078.33,77091.61,39766
1787909880,2026-08-28T15:08:00,77092.06,77107.11,77089.2,77102.3,19000
1787909940,2026-08-28T15:09:00,77102.18,77141.73,77102.18,77136.99,17401
1787910000,2026-08-28T15:10:00,77137.39,77150.54,77127.95,77150.54,34895
1787910060,2026-08-28T15:11:00,77145.32,77215.44,77138.5,77215.44,56733
1787910120,2026-08-28T15:12:00,77214.99,77248.62,77208.1,77241.55,24551
1787910180,2026-08-28T15:13:00,77236.39,77243.22,77201.49,77225.48,65047
1787910240,2026-08-28T15:14:00,77225.4,77225.4,77167.85,77194.59,20391
1787910300,2026-08-28T15:15:00,77194.59,77194.59,77194.59,77194.59,20391
1787910360,2026-08-28T15:16:00,77194.59,77194.59,77194.59,77194.59,20391
1787910420,2026-08-28T15:17:00,77194.59,77194.59,77194.59,77194.59,20391
1787910480,2026-08-28T15:18:00,77194.59,77194.59,77194.59,77194.59,20391
1787910540,2026-08-28T15:19:00,77194.59,77194.59,77194.59,77194.59,20391
1787910600,2026-08-28T15:20:00,77194.59,77194.59,77194.59,77194.59,20391
1787910660,2026-08-28T15:21:00,77194.59,77194.59,77194.59,77194.59,20391
1787910720,2026-08-28T15:22:00,77194.59,77194.59,77194.59,77194.59,20391
1787910780,2026-08-28T15:23:00,77194.59,77194.59,77194.59,77194.59,20391
1787910840,2026-08-28T15:24:00,77194.59,77194.59,77194.59,77194.59,20391
1787910900,2026-08-28T15:25:00,77194.59,77194.59,77194.59,77194.59,20391
1787910960,2026-08-28T15:26:00,77194.59,77194.59,77194.59,77194.59,20391
1787911020,2026-08-28T15:27:00,77194.59,77194.59,77194.59,77194.59,20391
1787911080,2026-08-28T15:28:00,77194.59,77264.51,77194.59,77264.51,20391
1787911140,2026-08-28T15:29:00,77264.51,77264.51,77264.51,77264.51,20391
1788147900,2026-08-31T09:15:00,77130.73,77177.27,76916.6,76926.02,249096
1788147960,2026-08-31T09:16:00,76921.61,76997.21,76896.93,76991.75,177885
1788148020,2026-08-31T09:17:00,76985.71,77012.05,76968.36,77008.57,191304
1788148080,2026-08-31T09:18:00,77013.97,77017.21,76953.92,76982.81,122267
1788148140,2026-08-31T09:19:00,76983.21,77024.72,76972.78,77005.21,177944
1788148200,2026-08-31T09:20:00,77003.47,77071.65,76996.93,77065.88,111631
1788148260,2026-08-31T09:21:00,77069.6,77076.2,77039.73,77057.92,129108
1788148320,2026-08-31T09:22:00,77055.3,77069.07,77037.74,77050.28,64280
1788148380,2026-08-31T09:23:00,77047.51,77067.11,77031.47,77040.76,84293
1788148440,2026-08-31T09:24:00,77047.46,77050.77,77024.6,77036.66,69127
1788148500,2026-08-31T09:25:00,77030.77,77046.6,77019.01,77030.86,73648
1788148560,2026-08-31T09:26:00,77031.44,77033.1,76969.64,76969.69,63763
1788148620,2026-08-31T09:27:00,76968.52,76998.56,76945.36,76952.65,85216
1788148680,2026-08-31T09:28:00,76957.5,76962.54,76942.01,76944.47,62408
1788148740,2026-08-31T09:29:00,76942.03,76957.51,76927.51,76952.98,51514
1788148800,2026-08-31T09:30:00,76955.7,76971.74,76944.46,76962.45,51552
1788148860,2026-08-31T09:31:00,76963.21,76963.21,76941.84,76948.45,85558
1788148920,2026-08-31T09:32:00,76947.12,77013.21,76946.51,77001.96,54772
1788148980,2026-08-31T09:33:00,77003.97,77024.18,76996.57,77010.91,65341
1788149040,2026-08-31T09:34:00,77014.54,77029.65,76987.56,76991.36,74362
1788149100,2026-08-31T09:35:00,76991.02,77001.14,76955.47,76961.73,47550
1788149160,2026-08-31T09:36:00,76952.7,76975.32,76952.7,76973.08,23521
1788149220,2026-08-31T09:37:00,76973.49,76996.76,76973.49,76995.53,47324
1788149280,2026-08-31T09:38:00,76997.55,77006.98,76966.89,76966.89,49592
1788149340,2026-08-31T09:39:00,76966.11,76970.59,76951.13,76959.81,21927
1788149400,2026-08-31T09:40:00,76954.66,76968.4,76934.96,76961.43,52328
1788149460,2026-08-31T09:41:00,76958.51,76961.71,76935.5,76938.78,77333
1788149520,2026-08-31T09:42:00,76938.78,76943.51,76903.55,76910.8,30157
1788149580,2026-08-31T09:43:00,76909.14,76914.32,76890.73,76893.03,53572
1788149640,2026-08-31T09:44:00,76893.71,76895.73,76870.55,76876.7,41414
1788149700,2026-08-31T09:45:00,76883.7,76889.46,76869.59,76889.46,293496
1788149760,2026-08-31T09:46:00,76888.7,76913.69,76888.7,76909.7,24541
1788149820,2026-08-31T09:47:00,76913.24,76924.15,76908.9,76914.52,40092
1788149880,2026-08-31T09:48:00,76915.66,76922.39,76878.11,76884.24,35792
1788149940,2026-08-31T09:49:00,76886.17,76898.2,76883.58,76896.55,13721
1788150000,2026-08-31T09:50:00,76896.09,76906.43,76886.98,76904.5,41524
1788150060,2026-08-31T09:51:00,76905.28,76917.94,76902.16,76912.02,24154
1788150120,2026-08-31T09:52:00,76913.95,76916.19,76865.6,76865.6,30825
1788150180,2026-08-31T09:53:00,76866.72,76891.58,76861.98,76883.88,25188
1788150240,2026-08-31T09:54:00,76879.05,76892.18,76872.86,76876.62,19663
1788150300,2026-08-31T09:55:00,76879.95,76883.79,76867.15,76867.15,16660
1788150360,2026-08-31T09:56:00,76867.53,76876.67,76845.84,76846.4,20630
1788150420,2026-08-31T09:57:00,76851.55,76857.4,76842.29,76850.88,16441
1788150480,2026-08-31T09:58:00,76853.7,76874.49,76853.7,76869.8,26241
1788150540,2026-08-31T09:59:00,76871.58,76876.41,76854.78,76874.11,33561
1788150600,2026-08-31T10:00:00,76877.97,76896.55,76877.67,76889.7,22700
1788150660,2026-08-31T10:01:00,76894.24,76895.36,76876.03,76879.37,14921
1788150720,2026-08-31T10:02:00,76875.98,76897.22,76875.98,76893.04,41961
1788150780,2026-08-31T10:03:00,76892.2,76896.23,76864.85,76880.26,107852
1788150840,2026-08-31T10:04:00,76878.11,76901.71,76875.91,76900.98,21452
1788150900,2026-08-31T10:05:00,76896.64,76921.5,76891.12,76921.5,43220
1788150960,2026-08-31T10:06:00,76919.96,76933.0,76906.75,76932.93,114207
1788151020,2026-08-31T10:07:00,76931.28,76935.72,76914.03,76924.15,23043
1788151080,2026-08-31T10:08:00,76924.15,76928.45,76912.34,76919.66,17398
1788151140,2026-08-31T10:09:00,76916.99,76923.12,76879.67,76883.75,38141
1788151200,2026-08-31T10:10:00,76890.59,76894.21,76836.45,76844.94,58217
1788151260,2026-08-31T10:11:00,76846.03,76847.08,76825.52,76831.34,29643
1788151320,2026-08-31T10:12:00,76832.98,76837.69,76814.24,76816.14,26696
1788151380,2026-08-31T10:13:00,76816.43,76848.47,76815.02,76845.45,22478
1788151440,2026-08-31T10:14:00,76845.88,76854.14,76837.63,76841.1,20133
1788151500,2026-08-31T10:15:00,76840.57,76844.24,76831.1,76839.23,23614
1788151560,2026-08-31T10:16:00,76843.58,76845.73,76818.69,76822.02,16979
1788151620,2026-08-31T10:17:00,76826.29,76828.3,76809.67,76817.41,35589
1788151680,2026-08-31T10:18:00,76819.13,76827.26,76804.82,76827.26,18797
1788151740,2026-08-31T10:19:00,76823.24,76826.61,76807.33,76816.56,26334
1788151800,2026-08-31T10:20:00,76818.25,76818.25,76794.42,76805.98,22142
1788151860,2026-08-31T10:21:00,76802.95,76810.09,76800.64,76803.38,11772
1788151920,2026-08-31T10:22:00,76802.08,76818.21,76798.16,76812.03,23703
1788151980,2026-08-31T10:23:00,76811.54,76818.48,76793.44,76801.2,16899
1788152040,2026-08-31T10:24:00,76801.15,76807.56,76789.85,76798.73,14126
1788152100,2026-08-31T10:25:00,76799.33,76803.15,76784.85,76801.21,36917
1788152160,2026-08-31T10:26:00,76803.54,76843.09,76799.94,76843.09,19889
1788152220,2026-08-31T10:27:00,76844.81,76855.8,76840.69,76850.75,8531
1788152280,2026-08-31T10:28:00,76849.84,76872.14,76849.84,76868.42,17647
1788152340,2026-08-31T10:29:00,76868.51,76871.81,76855.59,76856.88,12736
1788152400,2026-08-31T10:30:00,76859.02,76869.53,76856.32,76859.54,16205
1788152460,2026-08-31T10:31:00,76860.68,76861.14,76845.58,76851.8,10973
1788152520,2026-08-31T10:32:00,76850.4,76859.6,76834.5,76839.25,7228
1788152580,2026-08-31T10:33:00,76844.27,76847.23,76816.0,76817.01,17600
1788152640,2026-08-31T10:34:00,76816.94,76822.91,76794.81,76795.43,30902
1788152700,2026-08-31T10:35:00,76792.93,76804.08,76789.12,76796.48,17056
1788152760,2026-08-31T10:36:00,76796.42,76803.19,76787.6,76797.78,18744
1788152820,2026-08-31T10:37:00,76795.95,76795.95,76769.58,76786.54,10786
1788152880,2026-08-31T10:38:00,76780.98,76780.98,76751.32,76759.16,16025
1788152940,2026-08-31T10:39:00,76759.23,76779.24,76756.73,76775.63,6663
1788153000,2026-08-31T10:40:00,76774.51,76782.66,76764.42,76764.42,10661
1788153060,2026-08-31T10:41:00,76765.06,76777.89,76763.84,76775.5,9506
1788153120,2026-08-31T10:42:00,76775.5,76780.45,76764.27,76779.16,159499
1788153180,2026-08-31T10:43:00,76779.09,76800.89,76777.81,76800.07,24768
1788153240,2026-08-31T10:44:00,76801.38,76807.91,76795.63,76799.67,21791
1788153300,2026-08-31T10:45:00,76802.63,76812.44,76794.3,76803.44,28546
1788153360,2026-08-31T10:46:00,76803.46,76807.49,76790.48,76796.21,16332
1788153420,2026-08-31T10:47:00,76796.91,76801.15,76776.21,76779.41,32200
1788153480,2026-08-31T10:48:00,76782.66,76791.0,76778.66,76788.65,7776
1788153540,2026-08-31T10:49:00,76788.4,76793.99,76781.68,76783.66,17168
1788153600,2026-08-31T10:50:00,76785.12,76792.21,76772.18,76780.56,20916
1788153660,2026-08-31T10:51:00,76784.09,76784.09,76760.03,76760.38,15748
1788153720,2026-08-31T10:52:00,76765.73,76780.66,76761.11,76775.22,9699
1788153780,2026-08-31T10:53:00,76776.59,76790.97,76776.59,76783.59,19147
1788153840,2026-08-31T10:54:00,76784.08,76795.48,76778.4,76788.85,525285
1788153900,2026-08-31T10:55:00,76788.48,76791.95,76780.57,76784.99,15671
1788153960,2026-08-31T10:56:00,76786.7,76790.82,76770.14,76779.77,9643
1788154020,2026-08-31T10:57:00,76775.11,76804.47,76775.11,76796.84,16373
1788154080,2026-08-31T10:58:00,76797.76,76814.99,76795.96,76814.27,10370
1788154140,2026-08-31T10:59:00,76815.97,76824.54,76809.1,76809.1,13752
1788154200,2026-08-31T11:00:00,76813.37,76828.09,76808.13,76828.09,17037
1788154260,2026-08-31T11:01:00,76828.69,76836.63,76816.86,76821.32,15625
1788154320,2026-08-31T11:02:00,76823.56,76825.76,76814.53,76815.31,32515
1788154380,2026-08-31T11:03:00,76815.13,76819.4,76803.3,76812.67,10671
1788154440,2026-08-31T11:04:00,76809.08,76817.22,76805.76,76815.02,10779
1788154500,2026-08-31T11:05:00,76820.64,76823.2,76807.77,76809.37,11561
1788154560,2026-08-31T11:06:00,76809.72,76812.4,76787.72,76790.85,12690
1788154620,2026-08-31T11:07:00,76790.85,76796.9,76780.9,76793.94,38758
1788154680,2026-08-31T11:08:00,76795.67,76798.87,76783.22,76791.55,20863
1788154740,2026-08-31T11:09:00,76780.89,76787.66,76775.17,76778.25,18517
1788154800,2026-08-31T11:10:00,76778.6,76787.87,76772.73,76780.63,9845
1788154860,2026-08-31T11:11:00,76779.94,76785.25,76764.55,76764.55,9157
1788154920,2026-08-31T11:12:00,76769.23,76772.76,76757.39,76764.88,28118
1788154980,2026-08-31T11:13:00,76764.69,76778.85,76763.07,76771.51,57329
1788155040,2026-08-31T11:14:00,76776.47,76789.94,76772.53,76789.55,13804
1788155100,2026-08-31T11:15:00,76787.66,76794.81,76781.71,76788.66,24075
1788155160,2026-08-31T11:16:00,76788.09,76812.3,76788.09,76810.19,59535
1788155220,2026-08-31T11:17:00,76809.58,76811.83,76793.71,76811.62,141458
1788155280,2026-08-31T11:18:00,76812.94,76812.94,76800.71,76802.68,9015
1788155340,2026-08-31T11:19:00,76804.13,76808.5,76797.74,76799.07,21160
1788155400,2026-08-31T11:20:00,76798.93,76807.58,76795.76,76806.91,8613
1788155460,2026-08-31T11:21:00,76805.87,76806.11,76784.79,76798.72,9250
1788155520,2026-08-31T11:22:00,76798.9,76823.29,76796.49,76820.1,4562
1788155580,2026-08-31T11:23:00,76822.98,76824.89,76809.7,76809.7,6497
1788155640,2026-08-31T11:24:00,76811.26,76813.65,76790.68,76790.68,15763
1788155700,2026-08-31T11:25:00,76792.6,76798.26,76786.17,76797.27,10603
1788155760,2026-08-31T11:26:00,76798.96,76803.49,76791.19,76801.39,71468
1788155820,2026-08-31T11:27:00,76801.39,76804.02,76790.64,76797.33,35327
1788155880,2026-08-31T11:28:00,76797.94,76811.4,76793.49,76796.28,18256
1788155940,2026-08-31T11:29:00,76797.12,76820.96,76793.5,76815.86,13368
1788156000,2026-08-31T11:30:00,76814.55,76842.17,76813.32,76833.12,10693
1788156060,2026-08-31T11:31:00,76832.32,76840.69,76819.41,76821.74,13252
1788156120,2026-08-31T11:32:00,76822.77,76828.56,76812.89,76826.84,16216
1788156180,2026-08-31T11:33:00,76828.79,76831.89,76814.79,76821.26,29844
1788156240,2026-08-31T11:34:00,76821.58,76845.73,76818.85,76843.03,9803
1788156300,2026-08-31T11:35:00,76839.28,76856.59,76834.62,76848.4,6053
1788156360,2026-08-31T11:36:00,76848.06,76878.49,76848.06,76859.54,19025
1788156420,2026-08-31T11:37:00,76859.74,76859.97,76832.55,76835.43,12953
1788156480,2026-08-31T11:38:00,76839.96,76862.29,76839.67,76848.45,17661
1788156540,2026-08-31T11:39:00,76847.64,76851.65,76835.33,76842.4,9787
1788156600,2026-08-31T11:40:00,76843.37,76858.42,76840.99,76858.42,12402
1788156660,2026-08-31T11:41:00,76858.58,76868.07,76850.32,76861.24,17028
1788156720,2026-08-31T11:42:00,76859.7,76875.39,76858.12,76872.52,13301
1788156780,2026-08-31T11:43:00,76869.6,76884.19,76869.6,76879.57,15713
1788156840,2026-08-31T11:44:00,76879.36,76879.36,76861.32,76865.4,48001
1788156900,2026-08-31T11:45:00,76865.4,76878.23,76865.4,76871.36,11581
1788156960,2026-08-31T11:46:00,76869.84,76879.53,76865.73,76871.93,33386
1788157020,2026-08-31T11:47:00,76868.9,76876.01,76852.96,76854.61,10767
1788157080,2026-08-31T11:48:00,76854.21,76857.04,76837.23,76842.21,11056
1788157140,2026-08-31T11:49:00,76850.87,76883.51,76846.29,76879.58,23471
1788157200,2026-08-31T11:50:00,76882.72,76889.58,76865.64,76884.3,60421
1788157260,2026-08-31T11:51:00,76889.12,76901.47,76885.11,76887.31,4523
1788157320,2026-08-31T11:52:00,76886.71,76900.26,76886.71,76894.29,14934
1788157380,2026-08-31T11:53:00,76892.3,76916.31,76889.38,76916.31,9018
1788157440,2026-08-31T11:54:00,76916.31,76996.71,76913.04,76988.65,44618
1788157500,2026-08-31T11:55:00,76989.54,77021.39,76989.18,77019.06,11061
1788157560,2026-08-31T11:56:00,77013.54,77049.5,77004.76,77049.5,10329
1788157620,2026-08-31T11:57:00,77045.1,77049.98,77029.46,77029.46,16809
1788157680,2026-08-31T11:58:00,77029.46,77044.73,77007.08,77007.08,17884
1788157740,2026-08-31T11:59:00,77003.16,77003.16,76979.19,76987.57,25208
1788157800,2026-08-31T12:00:00,76986.23,76991.75,76976.61,76982.99,25525
1788157860,2026-08-31T12:01:00,76982.99,76982.99,76963.18,76966.27,42870
1788157920,2026-08-31T12:02:00,76966.33,76980.09,76964.06,76977.22,9935
1788157980,2026-08-31T12:03:00,76978.15,76990.95,76972.82,76989.29,17927
1788158040,2026-08-31T12:04:00,76987.93,77009.2,76987.93,77008.33,14147
1788158100,2026-08-31T12:05:00,77008.97,77012.63,76980.75,76989.03,40445
1788158160,2026-08-31T12:06:00,76993.22,76993.22,76976.63,76984.91,19784
1788158220,2026-08-31T12:07:00,76985.95,76991.42,76982.77,76985.11,11736
1788158280,2026-08-31T12:08:00,76988.03,76988.03,76962.29,76968.15,36089
1788158340,2026-08-31T12:09:00,76969.09,76975.84,76964.92,76964.92,25390
1788158400,2026-08-31T12:10:00,76966.37,76975.25,76955.18,76959.59,28422
1788158460,2026-08-31T12:11:00,76959.59,76972.59,76958.5,76970.72,13133
1788158520,2026-08-31T12:12:00,76970.4,76977.94,76957.4,76973.5,23921
1788158580,2026-08-31T12:13:00,76975.35,76984.37,76956.43,76956.43,12658
1788158640,2026-08-31T12:14:00,76962.87,76968.23,76942.61,76946.52,35478
1788158700,2026-08-31T12:15:00,76945.48,76949.18,76937.14,76940.77,6011
1788158760,2026-08-31T12:16:00,76943.88,76969.38,76937.86,76966.08,13176
1788158820,2026-08-31T12:17:00,76968.01,76977.27,76960.5,76972.88,27455
1788158880,2026-08-31T12:18:00,76972.78,76987.65,76967.1,76975.23,60510
1788158940,2026-08-31T12:19:00,76974.88,76991.93,76970.5,76986.72,25122
1788159000,2026-08-31T12:20:00,76986.5,77001.85,76986.5,76998.78,41807
1788159060,2026-08-31T12:21:00,76998.54,77001.75,76991.46,77001.72,27170
1788159120,2026-08-31T12:22:00,77000.72,77017.61,76992.7,77015.46,39288
1788159180,2026-08-31T12:23:00,77015.4,77015.4,76987.99,76991.88,24159
1788159240,2026-08-31T12:24:00,76993.6,76993.66,76977.9,76980.18,37742
1788159300,2026-08-31T12:25:00,76980.43,76982.99,76971.22,76972.61,30694
1788159360,2026-08-31T12:26:00,76972.88,76978.77,76968.21,76974.61,14730
1788159420,2026-08-31T12:27:00,76974.82,76974.82,76962.85,76974.43,8876
1788159480,2026-08-31T12:28:00,76974.43,76978.48,76962.36,76962.36,18542
1788159540,2026-08-31T12:29:00,76967.05,76981.77,76962.95,76974.09,20216
1788159600,2026-08-31T12:30:00,76974.24,76974.24,76939.09,76955.27,33043
1788159660,2026-08-31T12:31:00,76954.75,76961.16,76950.45,76953.49,22056
1788159720,2026-08-31T12:32:00,76952.64,76971.17,76952.64,76971.17,13148
1788159780,2026-08-31T12:33:00,76966.09,76971.57,76954.93,76965.19,21729
1788159840,2026-08-31T12:34:00,76963.84,76967.34,76945.83,76945.83,7744
1788159900,2026-08-31T12:35:00,76944.81,76963.68,76940.73,76962.73,15453
1788159960,2026-08-31T12:36:00,76961.69,76974.28,76958.11,76968.52,10521
1788160020,2026-08-31T12:37:00,76968.22,76969.83,76955.42,76965.87,34501
1788160080,2026-08-31T12:38:00,76966.9,76979.87,76966.9,76979.17,19031
1788160140,2026-08-31T12:39:00,76979.71,76987.17,76975.28,76984.66,21654
1788160200,2026-08-31T12:40:00,76984.28,77002.76,76982.8,76997.22,95949
1788160260,2026-08-31T12:41:00,76996.52,77008.58,76986.68,77006.03,21860
1788160320,2026-08-31T12:42:00,77004.91,77007.35,76988.7,76989.63,14701
1788160380,2026-08-31T12:43:00,76986.5,76986.5,76973.18,76978.09,18831
1788160440,2026-08-31T12:44:00,76978.39,76992.77,76977.98,76991.08,9675
1788160500,2026-08-31T12:45:00,76991.08,76996.6,76977.24,76978.55,29430
1788160560,2026-08-31T12:46:00,76978.55,76979.43,76957.31,76957.31,19970
1788160620,2026-08-31T12:47:00,76958.05,76967.32,76951.14,76967.32,12692
1788160680,2026-08-31T12:48:00,76967.43,76967.62,76955.26,76965.47,14174
1788160740,2026-08-31T12:49:00,76966.88,76976.15,76960.02,76975.16,20811
1788160800,2026-08-31T12:50:00,76973.1,76987.84,76964.27,76987.84,9055
1788160860,2026-08-31T12:51:00,76989.94,76997.97,76982.99,76986.09,17130
1788160920,2026-08-31T12:52:00,76987.19,76997.52,76983.5,76995.31,3787
1788160980,2026-08-31T12:53:00,76994.41,77000.41,76993.61,76996.15,8197
1788161040,2026-08-31T12:54:00,76996.15,77011.69,76993.6,77008.91,19478
1788161100,2026-08-31T12:55:00,77008.91,77012.49,76996.86,76998.94,14271
1788161160,2026-08-31T12:56:00,76995.09,77011.26,76994.18,77009.24,20253
1788161220,2026-08-31T12:57:00,77012.57,77014.9,76991.74,76998.86,20247
1788161280,2026-08-31T12:58:00,76999.47,77009.32,76992.23,77005.26,21116
1788161340,2026-08-31T12:59:00,77005.26,77009.4,76990.51,76993.21,12160
1788161400,2026-08-31T13:00:00,76991.36,76999.8,76982.13,76982.39,35047
1788161460,2026-08-31T13:01:00,76982.46,76996.11,76971.86,76996.11,75671
1788161520,2026-08-31T13:02:00,76994.54,77006.26,76987.21,76993.19,6800
1788161580,2026-08-31T13:03:00,76993.0,77001.03,76988.99,76991.09,8109
1788161640,2026-08-31T13:04:00,76991.09,77001.38,76985.56,76996.28,8066
1788161700,2026-08-31T13:05:00,76997.05,77000.7,76988.76,76993.03,19833
1788161760,2026-08-31T13:06:00,76993.67,76999.48,76985.86,76988.15,8527
1788161820,2026-08-31T13:07:00,76990.39,76994.51,76982.82,76986.09,6475
1788161880,2026-08-31T13:08:00,76987.3,76997.63,76982.77,76985.22,10642
1788161940,2026-08-31T13:09:00,76985.71,76989.46,76973.8,76977.01,13582
1788162000,2026-08-31T13:10:00,76976.69,76978.38,76963.55,76971.05,18450
1788162060,2026-08-31T13:11:00,76972.47,77003.44,76966.4,76982.08,97764
1788162120,2026-08-31T13:12:00,76982.07,76988.1,76977.54,76982.96,10259
1788162180,2026-08-31T13:13:00,76981.83,76998.31,76981.83,76995.93,15407
1788162240,2026-08-31T13:14:00,76994.89,77014.58,76991.67,77010.17,10416
1788162300,2026-08-31T13:15:00,77009.96,77013.48,76999.97,77009.65,57582
1788162360,2026-08-31T13:16:00,77009.65,77009.65,76993.39,77002.91,11232
1788162420,2026-08-31T13:17:00,77001.73,77005.9,76989.74,76994.83,8452
1788162480,2026-08-31T13:18:00,76995.4,76998.61,76986.87,76996.99,114432
1788162540,2026-08-31T13:19:00,76995.76,77002.05,76987.64,76988.04,16660
1788162600,2026-08-31T13:20:00,76987.91,76994.29,76985.85,76988.51,41398
1788162660,2026-08-31T13:21:00,76987.55,76994.73,76981.91,76990.62,16546
1788162720,2026-08-31T13:22:00,76990.62,76996.74,76981.03,76987.5,23451
1788162780,2026-08-31T13:23:00,76985.1,76988.76,76977.78,76984.79,59453
1788162840,2026-08-31T13:24:00,76985.47,76993.18,76984.45,76988.43,8082
1788162900,2026-08-31T13:25:00,76988.74,77001.14,76986.66,76988.24,23124
1788162960,2026-08-31T13:26:00,76988.63,76999.69,76986.23,76988.25,19942
1788163020,2026-08-31T13:27:00,76985.22,77022.44,76984.01,77006.21,20532
1788163080,2026-08-31T13:28:00,76997.85,77006.96,76987.56,76988.87,20755
1788163140,2026-08-31T13:29:00,76992.72,76995.61,76978.78,76992.43,27522
1788163200,2026-08-31T13:30:00,76992.47,76996.59,76983.82,76989.72,3207
1788163260,2026-08-31T13:31:00,76990.36,76996.86,76978.89,76989.65,32791
1788163320,2026-08-31T13:32:00,76991.8,76993.62,76980.47,76985.78,7734
1788163380,2026-08-31T13:33:00,76986.8,77000.79,76983.72,76998.45,12148
1788163440,2026-08-31T13:34:00,76997.65,77005.55,76992.58,76995.92,20604
1788163500,2026-08-31T13:35:00,76995.28,77004.27,76990.3,76991.91,6742
1788163560,2026-08-31T13:36:00,76991.85,76996.74,76974.22,76978.75,28459
1788163620,2026-08-31T13:37:00,76977.95,76981.64,76967.06,76977.14,11339
1788163680,2026-08-31T13:38:00,76976.45,76986.27,76970.63,76981.83,9480
1788163740,2026-08-31T13:39:00,76979.16,76989.28,76970.95,76970.95,6189
1788163800,2026-08-31T13:40:00,76972.61,76982.2,76965.0,76979.56,5487
1788163860,2026-08-31T13:41:00,76976.99,76976.99,76956.99,76962.78,25151
1788163920,2026-08-31T13:42:00,76961.99,76971.92,76961.42,76962.88,8304
1788163980,2026-08-31T13:43:00,76961.13,76962.05,76943.45,76946.02,17917
1788164040,2026-08-31T13:44:00,76945.82,76958.62,76944.28,76951.02,15464
1788164100,2026-08-31T13:45:00,76950.76,76958.66,76942.08,76947.33,29947
1788164160,2026-08-31T13:46:00,76946.82,76952.6,76940.23,76949.42,14844
1788164220,2026-08-31T13:47:00,76950.33,76957.33,76941.74,76948.31,13361
1788164280,2026-08-31T13:48:00,76943.47,76958.74,76937.06,76955.03,6059
1788164340,2026-08-31T13:49:00,76952.83,76976.86,76951.37,76963.48,5805
1788164400,2026-08-31T13:50:00,76964.52,76975.73,76959.02,76969.59,7251
1788164460,2026-08-31T13:51:00,76969.6,76979.56,76964.3,76967.14,11090
1788164520,2026-08-31T13:52:00,76968.0,76972.07,76958.32,76968.79,6559
1788164580,2026-08-31T13:53:00,76968.84,76969.07,76947.8,76948.2,10765
1788164640,2026-08-31T13:54:00,76948.52,76954.15,76942.62,76953.86,5981
1788164700,2026-08-31T13:55:00,76952.43,76956.52,76936.49,76942.39,22338
1788164760,2026-08-31T13:56:00,76939.18,76944.61,76932.64,76941.6,21512
1788164820,2026-08-31T13:57:00,76941.23,76941.23,76923.27,76937.48,7259
1788164880,2026-08-31T13:58:00,76932.47,76937.97,76927.4,76930.25,11879
1788164940,2026-08-31T13:59:00,76930.96,76937.62,76914.08,76920.64,26386
1788165000,2026-08-31T14:00:00,76919.48,76924.81,76900.72,76916.56,11069
1788165060,2026-08-31T14:01:00,76916.07,76921.69,76893.45,76900.31,42539
1788165120,2026-08-31T14:02:00,76901.78,76911.93,76893.09,76909.47,19363
1788165180,2026-08-31T14:03:00,76909.01,76909.26,76885.56,76890.11,23213
1788165240,2026-08-31T14:04:00,76890.1,76890.1,76869.72,76871.88,18063
1788165300,2026-08-31T14:05:00,76873.17,76877.0,76843.74,76847.73,20320
1788165360,2026-08-31T14:06:00,76849.26,76880.33,76842.39,76880.13,11069
1788165420,2026-08-31T14:07:00,76878.05,76896.51,76866.84,76891.19,13401
1788165480,2026-08-31T14:08:00,76893.22,76898.74,76870.02,76884.8,51858
1788165540,2026-08-31T14:09:00,76881.09,76885.5,76856.06,76859.74,13528
1788165600,2026-08-31T14:10:00,76859.74,76878.75,76859.66,76873.31,9637
1788165660,2026-08-31T14:11:00,76872.91,76872.91,76858.34,76863.3,30489
1788165720,2026-08-31T14:12:00,76863.65,76871.33,76857.02,76867.82,11952
1788165780,2026-08-31T14:13:00,76868.61,76871.62,76863.98,76869.16,9339
1788165840,2026-08-31T14:14:00,76868.28,76876.92,76861.13,76862.48,8685
1788165900,2026-08-31T14:15:00,76857.73,76871.64,76857.73,76870.91,45262
1788165960,2026-08-31T14:16:00,76868.34,76880.94,76848.51,76880.94,46981
1788166020,2026-08-31T14:17:00,76877.08,76888.07,76868.45,76874.92,38946
1788166080,2026-08-31T14:18:00,76874.46,76883.79,76869.91,76879.33,24928
1788166140,2026-08-31T14:19:00,76879.96,76887.63,76860.56,76867.92,24351
1788166200,2026-08-31T14:20:00,76868.85,76872.24,76845.91,76845.91,19078
1788166260,2026-08-31T14:21:00,76845.91,76857.08,76841.61,76847.53,26366
1788166320,2026-08-31T14:22:00,76846.84,76852.83,76830.43,76830.43,32544
1788166380,2026-08-31T14:23:00,76831.43,76833.18,76817.52,76832.88,34031
1788166440,2026-08-31T14:24:00,76828.0,76847.83,76822.23,76829.64,26232
1788166500,2026-08-31T14:25:00,76828.96,76848.48,76818.6,76835.88,24259
1788166560,2026-08-31T14:26:00,76834.47,76853.85,76831.56,76849.2,15900
1788166620,2026-08-31T14:27:00,76853.6,76853.6,76830.58,76837.44,21807
1788166680,2026-08-31T14:28:00,76829.99,76838.54,76814.23,76826.61,19602
1788166740,2026-08-31T14:29:00,76827.81,76835.98,76815.88,76821.21,14757
1788166800,2026-08-31T14:30:00,76824.43,76841.98,76820.47,76840.27,12062
1788166860,2026-08-31T14:31:00,76839.31,76851.32,76833.23,76851.32,14017
1788166920,2026-08-31T14:32:00,76849.22,76872.13,76849.22,76859.17,37299
1788166980,2026-08-31T14:33:00,76859.71,76870.64,76852.79,76857.77,18059
1788167040,2026-08-31T14:34:00,76855.23,76867.49,76849.44,76867.49,41055
1788167100,2026-08-31T14:35:00,76867.42,76882.89,76862.89,76867.57,39105
1788167160,2026-08-31T14:36:00,76869.77,76879.29,76860.9,76860.9,27024
1788167220,2026-08-31T14:37:00,76863.4,76874.63,76860.88,76862.11,20522
1788167280,2026-08-31T14:38:00,76863.24,76881.13,76860.89,76875.33,13749
1788167340,2026-08-31T14:39:00,76880.45,76905.96,76880.45,76903.04,26263
1788167400,2026-08-31T14:40:00,76905.4,76930.22,76904.83,76927.22,34631
1788167460,2026-08-31T14:41:00,76923.67,76928.2,76918.3,76922.16,24013
1788167520,2026-08-31T14:42:00,76922.16,76961.82,76922.16,76961.82,35430
1788167580,2026-08-31T14:43:00,76961.82,76967.19,76947.9,76958.57,28234
1788167640,2026-08-31T14:44:00,76955.67,76956.4,76935.34,76935.45,30861
1788167700,2026-08-31T14:45:00,76936.78,76973.96,76936.78,76973.96,34335
1788167760,2026-08-31T14:46:00,76982.94,77116.19,76978.83,77116.19,50857
1788167820,2026-08-31T14:47:00,77115.1,77115.1,77026.15,77035.89,78270
1788167880,2026-08-31T14:48:00,77040.04,77042.42,76993.25,77013.72,66820
1788167940,2026-08-31T14:49:00,77011.77,77018.28,76990.22,77000.2,25964
1788168000,2026-08-31T14:50:00,76995.09,77018.1,76995.09,77005.4,34324
1788168060,2026-08-31T14:51:00,77006.37,77022.65,77006.37,77018.75,18609
1788168120,2026-08-31T14:52:00,77015.76,77040.22,77015.76,77032.92,16033
1788168180,2026-08-31T14:53:00,77029.91,77050.81,77028.13,77047.02,46059
1788168240,2026-08-31T14:54:00,77046.07,77076.67,77034.88,77067.7,29366
1788168300,2026-08-31T14:55:00,77070.54,77071.99,77052.04,77058.79,35218
1788168360,2026-08-31T14:56:00,77056.06,77065.75,77028.73,77035.15,94405
1788168420,2026-08-31T14:57:00,77034.8,77042.27,77023.86,77030.46,50855
1788168480,2026-08-31T14:58:00,77037.06,77037.06,76996.13,77001.92,47511
1788168540,2026-08-31T14:59:00,77001.73,77011.9,76994.23,77001.53,108385
1788168600,2026-08-31T15:00:00,76993.35,76997.21,76956.69,76981.62,79656
1788168660,2026-08-31T15:01:00,76979.09,76998.91,76969.78,76986.97,66878
1788168720,2026-08-31T15:02:00,76993.77,77001.12,76976.32,76991.97,49937
1788168780,2026-08-31T15:03:00,76992.48,76992.48,76952.83,76956.23,34781
1788168840,2026-08-31T15:04:00,76956.97,76964.84,76942.23,76950.46,59347
1788168900,2026-08-31T15:05:00,76942.97,76948.4,76919.36,76937.91,51740
1788168960,2026-08-31T15:06:00,76937.84,76958.19,76924.76,76956.45,47465
1788169020,2026-08-31T15:07:00,76959.49,76969.08,76944.01,76958.76,60823
1788169080,2026-08-31T15:08:00,76957.41,76981.12,76951.55,76963.94,36827
1788169140,2026-08-31T15:09:00,76964.48,76993.81,76959.8,76993.81,122214
1788169200,2026-08-31T15:10:00,76988.03,76993.17,76949.65,76953.88,60733
1788169260,2026-08-31T15:11:00,76948.65,76970.52,76931.57,76963.72,90765
1788169320,2026-08-31T15:12:00,76960.78,76978.02,76937.63,76941.23,50541
1788169380,2026-08-31T15:13:00,76941.07,76979.93,76933.82,76946.45,70574
1788169440,2026-08-31T15:14:00,76946.3,76981.95,76924.82,76930.28,35133
1788169500,2026-08-31T15:15:00,76924.93,76924.93,76924.93,76924.93,35133
1788169560,2026-08-31T15:16:00,76924.93,76924.93,76924.93,76924.93,35133
1788169620,2026-08-31T15:17:00,76924.93,76924.93,76924.93,76924.93,35133
1788169680,2026-08-31T15:18:00,76924.93,76924.93,76924.93,76924.93,35133
1788169740,2026-08-31T15:19:00,76924.93,76924.93,76924.93,76924.93,35133
1788169800,2026-08-31T15:20:00,76924.93,76924.93,76924.93,76924.93,35133
1788169860,2026-08-31T15:21:00,76924.93,76924.93,76924.93,76924.93,35133
1788169920,2026-08-31T15:22:00,76924.93,76924.93,76924.93,76924.93,35133
1788169980,2026-08-31T15:23:00,76924.93,76924.93,76924.93,76924.93,35133
1788170040,2026-08-31T15:24:00,76924.93,76924.93,76924.93,76924.93,35133
1788170100,2026-08-31T15:25:00,76924.93,76924.93,76924.93,76924.93,35133
1788170160,2026-08-31T15:26:00,76924.93,76924.93,76924.93,76924.93,35133
1788170220,2026-08-31T15:27:00,76924.93,76924.93,76924.93,76924.93,35133
1788170280,2026-08-31T15:28:00,76924.93,76957.27,76924.93,76957.27,35133
1788170340,2026-08-31T15:29:00,76957.27,76957.27,76957.27,76957.27,35133
