Epoch,Timestamp,Open,High,Low,Close,Volume
1769917500,2026-02-01T09:15:00,82388.97,82499.5,82139.12,82156.17,235981
1769917560,2026-02-01T09:16:00,82189.56,82204.91,82144.09,82179.94,91042
1769917620,2026-02-01T09:17:00,82175.82,82236.21,82157.12,82236.21,87952
1769917680,2026-02-01T09:18:00,82234.74,82267.32,82220.52,82234.15,108938
1769917740,2026-02-01T09:19:00,82231.02,82259.5,82225.18,82225.18,61361
1769917800,2026-02-01T09:20:00,82232.36,82291.09,82206.08,82276.62,85604
1769917860,2026-02-01T09:21:00,82280.89,82288.23,82250.56,82254.2,109971
1769917920,2026-02-01T09:22:00,82259.54,82288.89,82244.82,82249.18,120668
1769917980,2026-02-01T09:23:00,82256.19,82307.23,82249.29,82300.56,60381
1769918040,2026-02-01T09:24:00,82307.49,82308.87,82277.9,82304.11,83742
1769918100,2026-02-01T09:25:00,82297.06,82314.01,82268.47,82296.03,76498
1769918160,2026-02-01T09:26:00,82293.13,82307.23,82277.44,82304.02,95929
1769918220,2026-02-01T09:27:00,82300.98,82325.17,82298.39,82321.46,92908
1769918280,2026-02-01T09:28:00,82319.31,82335.93,82297.95,82335.93,73479
1769918340,2026-02-01T09:29:00,82337.38,82350.04,82319.12,82346.56,65948
1769918400,2026-02-01T09:30:00,82345.51,82354.55,82295.03,82303.82,42035
1769918460,2026-02-01T09:31:00,82298.71,82315.58,82255.66,82289.82,58514
1769918520,2026-02-01T09:32:00,82282.63,82299.91,82247.09,82256.6,47172
1769918580,2026-02-01T09:33:00,82256.45,82307.19,82256.45,82279.99,34858
1769918640,2026-02-01T09:34:00,82278.25,82304.92,82271.37,82294.39,39015
1769918700,2026-02-01T09:35:00,82293.72,82301.91,82276.42,82285.89,43251
1769918760,2026-02-01T09:36:00,82283.05,82317.86,82279.33,82300.15,32533
1769918820,2026-02-01T09:37:00,82302.56,82329.25,82300.05,82329.25,32964
1769918880,2026-02-01T09:38:00,82326.35,82326.35,82296.97,82306.85,33270
1769918940,2026-02-01T09:39:00,82305.4,82323.47,82298.69,82305.15,26609
1769919000,2026-02-01T09:40:00,82298.23,82303.16,82287.72,82300.45,25566
1769919060,2026-02-01T09:41:00,82303.81,82320.44,82301.44,82317.69,29740
1769919120,2026-02-01T09:42:00,82319.34,82325.56,82301.49,82308.29,25943
1769919180,2026-02-01T09:43:00,82302.96,82329.69,82302.27,82327.01,28413
1769919240,2026-02-01T09:44:00,82325.4,82386.01,82318.08,82375.43,37832
1769919300,2026-02-01T09:45:00,82378.5,82426.43,82373.18,82407.8,35633
1769919360,2026-02-01T09:46:00,82407.96,82407.96,82387.03,82392.4,27826
1769919420,2026-02-01T09:47:00,82398.6,82398.92,82367.55,82379.4,37712
1769919480,2026-02-01T09:48:00,82376.84,82376.84,82341.81,82354.47,23523
1769919540,2026-02-01T09:49:00,82358.16,82378.97,82356.0,82362.28,51070
1769919600,2026-02-01T09:50:00,82364.6,82378.02,82119.31,82250.01,123436
1769919660,2026-02-01T09:51:00,82258.56,82321.48,82258.56,82296.9,49358
1769919720,2026-02-01T09:52:00,82298.84,82334.78,82298.84,82331.0,74709
1769919780,2026-02-01T09:53:00,82330.5,82330.5,82309.6,82314.99,81557
1769919840,2026-02-01T09:54:00,82309.59,82341.01,82309.59,82322.51,59494
1769919900,2026-02-01T09:55:00,82323.1,82334.12,82308.06,82324.94,32744
1769919960,2026-02-01T09:56:00,82326.52,82330.71,82296.46,82330.2,68853
1769920020,2026-02-01T09:57:00,82330.94,82343.72,82324.45,82331.74,54023
1769920080,2026-02-01T09:58:00,82330.3,82338.45,82315.85,82338.45,47909
1769920140,2026-02-01T09:59:00,82338.3,82347.11,82312.37,82323.82,65635
1769920200,2026-02-01T10:00:00,82324.4,82373.5,82324.4,82360.22,23682
1769920260,2026-02-01T10:01:00,82363.97,82365.38,82309.96,82314.44,92687
1769920320,2026-02-01T10:02:00,82315.33,82329.82,82311.78,82321.95,19616
1769920380,2026-02-01T10:03:00,82319.73,82344.64,82317.68,82339.48,26992
1769920440,2026-02-01T10:04:00,82338.2,82350.49,82325.34,82340.01,45754
1769920500,2026-02-01T10:05:00,82339.28,82346.92,82321.17,82346.92,17784
1769920560,2026-02-01T10:06:00,82348.46,82378.82,82338.26,82373.66,36265
1769920620,2026-02-01T10:07:00,82371.03,82377.17,82352.92,82353.43,21434
1769920680,2026-02-01T10:08:00,82357.41,82357.41,82333.99,82341.04,26329
1769920740,2026-02-01T10:09:00,82340.31,82361.45,82336.77,82357.23,29192
1769920800,2026-02-01T10:10:00,82357.81,82378.71,82344.44,82378.71,43535
1769920860,2026-02-01T10:11:00,82381.37,82387.8,82363.33,82371.94,19424
1769920920,2026-02-01T10:12:00,82373.45,82400.73,82367.48,82386.65,45431
1769920980,2026-02-01T10:13:00,82390.34,82401.01,82372.2,82393.43,13599
1769921040,2026-02-01T10:14:00,82396.65,82414.9,82382.83,82410.22,24284
1769921100,2026-02-01T10:15:00,82411.34,82437.84,82411.34,82424.05,25042
1769921160,2026-02-01T10:16:00,82425.07,82449.75,82419.77,82449.75,16398
1769921220,2026-02-01T10:17:00,82444.6,82444.6,82428.18,82428.27,13576
1769921280,2026-02-01T10:18:00,82425.01,82430.28,82400.65,82406.89,34714
1769921340,2026-02-01T10:19:00,82405.5,82408.49,82384.06,82401.65,23711
1769921400,2026-02-01T10:20:00,82403.01,82439.19,82403.01,82432.22,17209
1769921460,2026-02-01T10:21:00,82435.1,82476.39,82431.09,82469.88,24635
1769921520,2026-02-01T10:22:00,82471.02,82472.39,82452.32,82463.51,17503
1769921580,2026-02-01T10:23:00,82466.73,82484.43,82466.47,82478.44,61318
1769921640,2026-02-01T10:24:00,82477.68,82497.72,82477.68,82490.46,25258
1769921700,2026-02-01T10:25:00,82490.92,82501.22,82486.5,82500.52,12505
1769921760,2026-02-01T10:26:00,82496.99,82511.4,82481.94,82488.79,14566
1769921820,2026-02-01T10:27:00,82488.27,82505.74,82486.87,82495.4,18001
1769921880,2026-02-01T10:28:00,82496.64,82511.52,82494.11,82494.11,21087
1769921940,2026-02-01T10:29:00,82493.75,82507.87,82487.48,82487.48,13417
1769922000,2026-02-01T10:30:00,82481.84,82492.46,82470.9,82478.79,14386
1769922060,2026-02-01T10:31:00,82480.3,82485.87,82441.49,82444.52,16986
1769922120,2026-02-01T10:32:00,82444.42,82460.79,82439.5,82460.79,12643
1769922180,2026-02-01T10:33:00,82458.74,82493.17,82450.4,82493.17,23896
1769922240,2026-02-01T10:34:00,82491.44,82508.49,82465.23,82508.49,10150
1769922300,2026-02-01T10:35:00,82508.49,82539.52,82497.23,82537.4,25079
1769922360,2026-02-01T10:36:00,82531.99,82540.29,82490.12,82504.73,36348
1769922420,2026-02-01T10:37:00,82504.39,82532.48,82504.31,82529.26,16073
1769922480,2026-02-01T10:38:00,82529.26,82539.54,82499.08,82538.76,10456
1769922540,2026-02-01T10:39:00,82532.96,82537.71,82516.74,82526.01,29206
1769922600,2026-02-01T10:40:00,82525.69,82537.82,82514.81,82528.2,15345
1769922660,2026-02-01T10:41:00,82528.87,82542.01,82526.0,82534.8,34100
1769922720,2026-02-01T10:42:00,82534.46,82534.46,82483.8,82485.33,16979
1769922780,2026-02-01T10:43:00,82483.97,82506.75,82483.97,82492.5,10052
1769922840,2026-02-01T10:44:00,82492.43,82505.89,82490.62,82504.72,12760
1769922900,2026-02-01T10:45:00,82512.77,82515.9,82501.71,82512.96,95959
1769922960,2026-02-01T10:46:00,82514.45,82514.76,82472.04,82483.25,21789
1769923020,2026-02-01T10:47:00,82491.45,82498.28,82476.06,82483.32,19764
1769923080,2026-02-01T10:48:00,82484.29,82497.61,82477.56,82486.35,16419
1769923140,2026-02-01T10:49:00,82483.74,82503.92,82483.74,82491.04,10159
1769923200,2026-02-01T10:50:00,82491.61,82500.97,82480.88,82498.72,8442
1769923260,2026-02-01T10:51:00,82500.12,82500.77,82468.63,82476.22,12662
1769923320,2026-02-01T10:52:00,82474.88,82498.67,82470.75,82492.77,14100
1769923380,2026-02-01T10:53:00,82494.43,82525.86,82493.88,82507.47,10189
1769923440,2026-02-01T10:54:00,82509.58,82523.04,82498.57,82516.1,20323
1769923500,2026-02-01T10:55:00,82519.55,82530.55,82506.33,82508.27,17931
1769923560,2026-02-01T10:56:00,82509.45,82526.95,82502.57,82523.61,17748
1769923620,2026-02-01T10:57:00,82524.64,82530.63,82502.79,82523.96,28540
1769923680,2026-02-01T10:58:00,82524.08,82540.92,82522.48,82535.72,26292
1769923740,2026-02-01T10:59:00,82535.72,82550.03,82516.53,82547.84,34684
1769923800,2026-02-01T11:00:00,82547.84,82555.27,82533.86,82538.05,20768
1769923860,2026-02-01T11:01:00,82539.63,82557.03,82526.93,82529.18,17392
1769923920,2026-02-01T11:02:00,82531.36,82531.96,82456.7,82459.71,15215
1769923980,2026-02-01T11:03:00,82459.12,82470.19,82448.87,82451.35,20134
1769924040,2026-02-01T11:04:00,82449.43,82491.14,82436.08,82484.42,18640
1769924100,2026-02-01T11:05:00,82486.33,82516.51,82481.21,82509.59,23467
1769924160,2026-02-01T11:06:00,82507.59,82507.59,82478.7,82496.28,8186
1769924220,2026-02-01T11:07:00,82493.85,82533.52,82493.85,82533.52,7228
1769924280,2026-02-01T11:08:00,82528.11,82605.78,82527.98,82599.27,56111
1769924340,2026-02-01T11:09:00,82596.64,82726.65,82594.23,82657.63,53334
1769924400,2026-02-01T11:10:00,82657.32,82693.59,82657.06,82671.01,18371
1769924460,2026-02-01T11:11:00,82677.54,82704.33,82677.54,82687.84,33611
1769924520,2026-02-01T11:12:00,82687.21,82691.44,82586.5,82631.48,225693
1769924580,2026-02-01T11:13:00,82637.03,82668.75,82616.92,82624.47,117889
1769924640,2026-02-01T11:14:00,82624.16,82653.27,82591.45,82629.89,110307
1769924700,2026-02-01T11:15:00,82634.38,82634.38,82564.86,82564.86,79138
1769924760,2026-02-01T11:16:00,82557.7,82601.65,82557.7,82601.65,60407
1769924820,2026-02-01T11:17:00,82599.62,82602.47,82571.03,82581.42,50210
1769924880,2026-02-01T11:18:00,82582.42,82587.76,82548.53,82550.99,62862
1769924940,2026-02-01T11:19:00,82549.46,82566.83,82536.83,82546.88,40591
1769925000,2026-02-01T11:20:00,82550.87,82550.87,82454.76,82460.19,35924
1769925060,2026-02-01T11:21:00,82468.25,82549.69,82463.7,82539.91,30868
1769925120,2026-02-01T11:22:00,82537.02,82550.72,82523.47,82525.76,32751
1769925180,2026-02-01T11:23:00,82523.55,82537.85,82507.69,82508.78,21903
1769925240,2026-02-01T11:24:00,82514.92,82525.65,82487.8,82492.07,82696
1769925300,2026-02-01T11:25:00,82493.32,82514.19,82486.01,82505.15,90901
1769925360,2026-02-01T11:26:00,82511.76,82584.0,82498.49,82571.14,201808
1769925420,2026-02-01T11:27:00,82581.32,82598.49,82542.03,82550.71,34144
1769925480,2026-02-01T11:28:00,82544.78,82544.78,82507.83,82526.51,35069
1769925540,2026-02-01T11:29:00,82521.56,82540.72,82507.94,82537.92,34612
1769925600,2026-02-01T11:30:00,82537.93,82601.12,82537.93,82598.04,52713
1769925660,2026-02-01T11:31:00,82599.12,82603.87,82558.36,82565.83,34208
1769925720,2026-02-01T11:32:00,82563.51,82563.51,82514.65,82514.65,14025
1769925780,2026-02-01T11:33:00,82512.03,82546.37,82512.03,82531.09,24602
1769925840,2026-02-01T11:34:00,82526.55,82528.76,82510.93,82525.04,35489
1769925900,2026-02-01T11:35:00,82530.27,82554.73,82526.06,82544.88,17194
1769925960,2026-02-01T11:36:00,82546.19,82557.36,82523.57,82525.98,18922
1769926020,2026-02-01T11:37:00,82533.51,82563.87,82527.89,82550.73,135706
1769926080,2026-02-01T11:38:00,82548.7,82548.7,82515.56,82515.56,152517
1769926140,2026-02-01T11:39:00,82519.14,82522.57,82479.0,82481.64,56894
1769926200,2026-02-01T11:40:00,82481.76,82487.66,82460.11,82461.6,57899
1769926260,2026-02-01T11:41:00,82457.84,82457.84,82388.21,82388.61,54992
1769926320,2026-02-01T11:42:00,82379.56,82379.56,82289.34,82340.97,89836
1769926380,2026-02-01T11:43:00,82345.99,82390.53,82345.91,82387.71,52454
1769926440,2026-02-01T11:44:00,82390.59,82393.33,82319.28,82331.82,59598
1769926500,2026-02-01T11:45:00,82326.37,82333.09,82222.57,82235.35,62079
1769926560,2026-02-01T11:46:00,82230.95,82308.13,82230.75,82308.07,43791
1769926620,2026-02-01T11:47:00,82311.79,82323.2,82280.94,82323.2,35168
1769926680,2026-02-01T11:48:00,82323.2,82323.2,82289.14,82293.23,35455
1769926740,2026-02-01T11:49:00,82291.39,82301.65,82272.03,82291.95,23225
1769926800,2026-02-01T11:50:00,82289.85,82346.36,82283.14,82346.36,39668
1769926860,2026-02-01T11:51:00,82346.36,82377.21,82346.36,82377.21,28487
1769926920,2026-02-01T11:52:00,82376.56,82382.32,82360.45,82374.66,33342
1769926980,2026-02-01T11:53:00,82371.9,82384.72,82358.3,82366.96,16686
1769927040,2026-02-01T11:54:00,82373.12,82386.33,82220.6,82241.8,98133
1769927100,2026-02-01T11:55:00,82243.88,82256.57,82178.33,82246.73,63691
1769927160,2026-02-01T11:56:00,82245.45,82248.78,82206.09,82231.23,116929
1769927220,2026-02-01T11:57:00,82224.76,82302.56,82214.71,82302.56,59857
1769927280,2026-02-01T11:58:00,82304.39,82317.56,82257.42,82261.57,47337
1769927340,2026-02-01T11:59:00,82263.77,82263.77,82226.36,82230.9,58700
1769927400,2026-02-01T12:00:00,82229.65,82229.65,82161.24,82176.33,95447
1769927460,2026-02-01T12:01:00,82165.65,82173.95,82118.48,82173.95,106456
1769927520,2026-02-01T12:02:00,82200.94,82219.4,82163.3,82164.49,41210
1769927580,2026-02-01T12:03:00,82159.79,82164.12,82130.39,82139.44,83595
1769927640,2026-02-01T12:04:00,82141.85,82178.18,82133.29,82165.43,71262
1769927700,2026-02-01T12:05:00,82167.32,82175.58,82114.88,82148.93,37338
1769927760,2026-02-01T12:06:00,82154.73,82330.54,82147.57,82328.9,64402
1769927820,2026-02-01T12:07:00,82330.26,82449.53,82294.37,82432.84,90778
1769927880,2026-02-01T12:08:00,82458.36,82506.53,82452.89,82501.84,89868
1769927940,2026-02-01T12:09:00,82494.99,82504.9,82369.85,82464.77,68138
1769928000,2026-02-01T12:10:00,82454.29,82600.18,82454.29,82581.18,79558
1769928060,2026-02-01T12:11:00,82567.71,82597.88,82270.79,82270.79,55475
1769928120,2026-02-01T12:12:00,82229.22,82229.22,82006.22,82020.87,111634
1769928180,2026-02-01T12:13:00,82036.67,82201.83,82011.35,82191.07,39556
1769928240,2026-02-01T12:14:00,82174.55,82189.8,82049.53,82084.91,39853
1769928300,2026-02-01T12:15:00,82087.53,82087.53,81884.48,81975.41,45957
1769928360,2026-02-01T12:16:00,81986.86,82132.62,81986.86,82115.31,54778
1769928420,2026-02-01T12:17:00,82094.4,82094.4,81978.96,82005.22,46360
1769928480,2026-02-01T12:18:00,82003.54,82003.54,81889.76,81895.03,46230
1769928540,2026-02-01T12:19:00,81891.69,81891.69,81593.52,81603.19,148828
1769928600,2026-02-01T12:20:00,81601.34,81647.17,81408.43,81607.25,192589
1769928660,2026-02-01T12:21:00,81605.38,81605.38,81399.85,81413.33,73351
1769928720,2026-02-01T12:22:00,81414.53,81555.29,81405.78,81459.8,79089
1769928780,2026-02-01T12:23:00,81473.4,81560.87,81450.63,81499.2,78713
1769928840,2026-02-01T12:24:00,81497.79,81512.44,81429.28,81440.91,104158
1769928900,2026-02-01T12:25:00,81437.55,81570.94,81418.52,81570.58,108751
1769928960,2026-02-01T12:26:00,81572.56,81577.57,81375.73,81396.78,148419
1769929020,2026-02-01T12:27:00,81411.5,81411.5,81212.39,81256.1,186985
1769929080,2026-02-01T12:28:00,81255.98,81283.6,81121.91,81149.17,106004
1769929140,2026-02-01T12:29:00,81151.0,81166.15,81002.15,81006.16,159429
1769929200,2026-02-01T12:30:00,81007.54,81007.54,80579.49,80598.4,246549
1769929260,2026-02-01T12:31:00,80608.64,80608.64,79899.42,80172.36,306426
1769929320,2026-02-01T12:32:00,80220.29,80736.07,80220.29,80736.07,281505
1769929380,2026-02-01T12:33:00,80755.81,81008.51,80670.84,80685.31,149173
1769929440,2026-02-01T12:34:00,80682.83,80848.76,80594.62,80798.44,130697
1769929500,2026-02-01T12:35:00,80802.47,81005.07,80793.43,80919.53,105745
1769929560,2026-02-01T12:36:00,80906.37,81156.36,80854.04,81137.34,135719
1769929620,2026-02-01T12:37:00,81152.94,81289.3,81152.94,81203.13,159359
1769929680,2026-02-01T12:38:00,81186.43,81242.09,81100.87,81196.37,181319
1769929740,2026-02-01T12:39:00,81204.35,81380.78,81204.35,81366.59,231571
1769929800,2026-02-01T12:40:00,81367.12,81378.45,81258.32,81312.24,176549
1769929860,2026-02-01T12:41:00,81293.46,81343.62,81215.4,81221.65,110058
1769929920,2026-02-01T12:42:00,81208.71,81324.79,81208.62,81324.79,128100
1769929980,2026-02-01T12:43:00,81328.58,81549.85,81323.52,81469.62,91641
1769930040,2026-02-01T12:44:00,81467.23,81485.38,81372.68,81417.51,128670
1769930100,2026-02-01T12:45:00,81367.93,81480.63,81357.27,81459.47,88119
1769930160,2026-02-01T12:46:00,81459.15,81482.46,81413.72,81455.18,89398
1769930220,2026-02-01T12:47:00,81457.86,81564.63,81456.85,81555.49,98097
1769930280,2026-02-01T12:48:00,81538.59,81541.02,81326.88,81326.88,93907
1769930340,2026-02-01T12:49:00,81324.14,81348.19,81172.4,81202.1,150505
1769930400,2026-02-01T12:50:00,81206.91,81399.3,81159.77,81397.93,91766
1769930460,2026-02-01T12:51:00,81407.57,81407.57,81311.72,81336.39,63509
1769930520,2026-02-01T12:52:00,81333.29,81424.45,81329.5,81392.0,69580
1769930580,2026-02-01T12:53:00,81391.74,81405.42,81339.97,81360.78,45743
1769930640,2026-02-01T12:54:00,81360.34,81428.09,81345.23,81415.64,52823
1769930700,2026-02-01T12:55:00,81416.61,81493.6,81416.61,81472.34,70472
1769930760,2026-02-01T12:56:00,81474.3,81564.31,81457.21,81564.31,103923
1769930820,2026-02-01T12:57:00,81560.64,81637.98,81553.9,81580.49,64085
1769930880,2026-02-01T12:58:00,81581.0,81612.54,81525.6,81529.7,41415
1769930940,2026-02-01T12:59:00,81527.51,81556.13,81489.03,81549.05,65571
1769931000,2026-02-01T13:00:00,81547.34,81588.3,81528.33,81539.45,43114
1769931060,2026-02-01T13:01:00,81545.71,81613.8,81516.11,81603.58,246633
1769931120,2026-02-01T13:02:00,81603.81,81643.35,81569.19,81582.77,31754
1769931180,2026-02-01T13:03:00,81579.79,81723.42,81579.79,81719.69,58409
1769931240,2026-02-01T13:04:00,81720.69,81741.3,81661.73,81679.03,83750
1769931300,2026-02-01T13:05:00,81677.22,81684.9,81624.68,81664.46,36322
1769931360,2026-02-01T13:06:00,81666.62,81671.85,81625.5,81640.02,27507
1769931420,2026-02-01T13:07:00,81643.6,81644.98,81574.91,81592.85,41565
1769931480,2026-02-01T13:08:00,81600.07,81682.31,81600.07,81660.6,48418
1769931540,2026-02-01T13:09:00,81658.61,81705.56,81658.61,81684.99,105072
1769931600,2026-02-01T13:10:00,81684.16,81730.62,81684.16,81700.91,62890
1769931660,2026-02-01T13:11:00,81707.24,81718.66,81529.26,81529.26,62158
1769931720,2026-02-01T13:12:00,81525.66,81584.99,81525.66,81574.38,41630
1769931780,2026-02-01T13:13:00,81578.08,81710.05,81578.08,81710.05,40113
1769931840,2026-02-01T13:14:00,81710.55,81759.99,81701.08,81724.97,21243
1769931900,2026-02-01T13:15:00,81724.46,81727.32,81660.16,81683.81,37796
1769931960,2026-02-01T13:16:00,81689.8,81727.6,81645.98,81678.57,196088
1769932020,2026-02-01T13:17:00,81678.56,81688.67,81645.38,81649.08,51911
1769932080,2026-02-01T13:18:00,81652.18,81691.76,81639.49,81691.76,32536
1769932140,2026-02-01T13:19:00,81679.33,81719.14,81655.34,81717.94,19030
1769932200,2026-02-01T13:20:00,81714.04,81785.36,81714.04,81751.0,33934
1769932260,2026-02-01T13:21:00,81755.2,81829.23,81755.2,81829.23,20255
1769932320,2026-02-01T13:22:00,81838.8,81844.35,81793.62,81793.62,47362
1769932380,2026-02-01T13:23:00,81793.14,81833.09,81790.48,81801.78,26984
1769932440,2026-02-01T13:24:00,81802.71,81814.32,81752.47,81775.77,36006
1769932500,2026-02-01T13:25:00,81776.5,81776.5,81683.51,81691.34,21257
1769932560,2026-02-01T13:26:00,81689.97,81731.82,81657.35,81731.82,32791
1769932620,2026-02-01T13:27:00,81727.48,81735.3,81624.14,81624.64,41455
1769932680,2026-02-01T13:28:00,81625.28,81681.56,81625.11,81662.37,44782
1769932740,2026-02-01T13:29:00,81672.9,81672.99,81582.59,81584.45,41640
1769932800,2026-02-01T13:30:00,81567.16,81567.16,81456.48,81464.6,64588
1769932860,2026-02-01T13:31:00,81460.84,81514.95,81440.1,81514.95,38066
1769932920,2026-02-01T13:32:00,81514.91,81598.04,81514.91,81551.35,23386
1769932980,2026-02-01T13:33:00,81554.84,81595.99,81521.25,81595.99,24950
1769933040,2026-02-01T13:34:00,81596.3,81649.62,81581.67,81632.02,56181
1769933100,2026-02-01T13:35:00,81630.03,81673.49,81607.01,81665.8,26915
1769933160,2026-02-01T13:36:00,81667.22,81671.68,81599.82,81599.82,36788
1769933220,2026-02-01T13:37:00,81601.79,81616.53,81554.01,81554.01,31108
1769933280,2026-02-01T13:38:00,81556.08,81559.03,81509.21,81542.62,79167
1769933340,2026-02-01T13:39:00,81549.35,81574.2,81537.61,81573.03,19645
1769933400,2026-02-01T13:40:00,81572.52,81602.63,81569.31,81602.04,44979
1769933460,2026-02-01T13:41:00,81600.6,81630.79,81551.38,81551.38,53917
1769933520,2026-02-01T13:42:00,81551.8,81562.9,81512.95,81551.58,21357
1769933580,2026-02-01T13:43:00,81550.0,81559.17,81515.06,81559.17,15891
1769933640,2026-02-01T13:44:00,81559.11,81638.11,81551.83,81609.64,22841
1769933700,2026-02-01T13:45:00,81607.7,81661.39,81603.35,81649.88,14878
1769933760,2026-02-01T13:46:00,81649.42,81662.62,81594.57,81594.57,12368
1769933820,2026-02-01T13:47:00,81606.16,81612.23,81556.65,81569.63,31530
1769933880,2026-02-01T13:48:00,81571.15,81623.21,81571.15,81597.97,18056
1769933940,2026-02-01T13:49:00,81595.7,81602.33,81532.96,81536.65,26492
1769934000,2026-02-01T13:50:00,81536.12,81536.12,81478.99,81489.99,25897
1769934060,2026-02-01T13:51:00,81495.75,81497.66,81462.82,81479.56,22587
1769934120,2026-02-01T13:52:00,81481.21,81481.46,81355.66,81355.66,70552
1769934180,2026-02-01T13:53:00,81335.39,81360.16,81306.64,81331.52,50740
1769934240,2026-02-01T13:54:00,81333.37,81353.19,81315.71,81322.37,30939
1769934300,2026-02-01T13:55:00,81318.24,81404.44,81315.69,81397.02,26562
1769934360,2026-02-01T13:56:00,81406.61,81495.66,81406.61,81488.49,18312
1769934420,2026-02-01T13:57:00,81489.8,81489.8,81425.78,81445.34,19698
1769934480,2026-02-01T13:58:00,81449.02,81479.51,81426.07,81472.63,20484
1769934540,2026-02-01T13:59:00,81471.56,81492.42,81458.63,81486.71,19418
1769934600,2026-02-01T14:00:00,81487.85,81521.68,81483.64,81515.78,38206
1769934660,2026-02-01T14:01:00,81514.31,81527.52,81492.43,81495.89,15472
1769934720,2026-02-01T14:02:00,81497.55,81502.45,81432.4,81433.45,25255
1769934780,2026-02-01T14:03:00,81442.89,81481.71,81442.89,81478.16,41026
1769934840,2026-02-01T14:04:00,81475.17,81490.37,81438.14,81439.6,15350
1769934900,2026-02-01T14:05:00,81438.56,81444.29,81386.32,81403.09,25156
1769934960,2026-02-01T14:06:00,81403.31,81410.58,81388.18,81405.81,52601
1769935020,2026-02-01T14:07:00,81405.48,81405.48,81341.28,81359.41,45795
1769935080,2026-02-01T14:08:00,81366.67,81375.27,81342.07,81342.07,31890
1769935140,2026-02-01T14:09:00,81347.45,81360.13,81338.34,81345.73,24688
1769935200,2026-02-01T14:10:00,81347.0,81347.0,81269.43,81286.67,24026
1769935260,2026-02-01T14:11:00,81280.45,81352.3,81274.28,81352.3,27594
1769935320,2026-02-01T14:12:00,81345.88,81368.41,81333.6,81364.14,18886
1769935380,2026-02-01T14:13:00,81367.82,81399.5,81367.44,81380.96,17030
1769935440,2026-02-01T14:14:00,81381.53,81394.44,81363.0,81363.4,20673
1769935500,2026-02-01T14:15:00,81373.12,81374.67,81305.05,81341.65,19293
1769935560,2026-02-01T14:16:00,81336.42,81374.61,81304.07,81374.61,22845
1769935620,2026-02-01T14:17:00,81373.3,81385.45,81362.85,81385.45,21487
1769935680,2026-02-01T14:18:00,81385.04,81402.59,81382.12,81398.75,22360
1769935740,2026-02-01T14:19:00,81398.04,81398.04,81377.1,81383.32,23760
1769935800,2026-02-01T14:20:00,81382.45,81472.9,81378.81,81442.97,17764
1769935860,2026-02-01T14:21:00,81440.02,81445.05,81397.5,81397.5,13695
1769935920,2026-02-01T14:22:00,81396.17,81396.35,81342.0,81361.23,74022
1769935980,2026-02-01T14:23:00,81362.54,81411.86,81357.32,81367.55,167466
1769936040,2026-02-01T14:24:00,81367.16,81381.9,81357.19,81380.7,48511
1769936100,2026-02-01T14:25:00,81383.26,81435.8,81382.89,81429.49,29918
1769936160,2026-02-01T14:26:00,81434.03,81474.97,81425.1,81454.95,15780
1769936220,2026-02-01T14:27:00,81458.81,81505.18,81458.47,81466.94,17753
1769936280,2026-02-01T14:28:00,81468.08,81487.16,81463.26,81477.66,18389
1769936340,2026-02-01T14:29:00,81483.63,81495.54,81452.09,81454.42,26418
1769936400,2026-02-01T14:30:00,81450.03,81450.03,81429.03,81436.21,33280
1769936460,2026-02-01T14:31:00,81435.19,81460.27,81418.12,81460.27,36598
1769936520,2026-02-01T14:32:00,81458.12,81491.75,81458.12,81483.17,10020
1769936580,2026-02-01T14:33:00,81481.65,81545.57,81470.97,81543.87,28645
1769936640,2026-02-01T14:34:00,81544.56,81544.56,81507.94,81524.38,21744
1769936700,2026-02-01T14:35:00,81523.07,81535.67,81497.26,81504.25,21141
1769936760,2026-02-01T14:36:00,81505.01,81620.12,81505.01,81612.27,11165
1769936820,2026-02-01T14:37:00,81590.37,81592.24,81509.27,81513.1,14339
1769936880,2026-02-01T14:38:00,81512.39,81522.77,81482.3,81499.37,40715
1769936940,2026-02-01T14:39:00,81503.22,81534.31,81498.05,81533.86,10889
1769937000,2026-02-01T14:40:00,81534.78,81540.78,81507.0,81507.0,15949
1769937060,2026-02-01T14:41:00,81507.97,81526.74,81495.18,81526.74,11014
1769937120,2026-02-01T14:42:00,81527.87,81540.77,81514.87,81523.91,26125
1769937180,2026-02-01T14:43:00,81523.97,81525.82,81452.43,81483.8,13739
1769937240,2026-02-01T14:44:00,81481.79,81495.06,81446.95,81450.25,16765
1769937300,2026-02-01T14:45:00,81444.76,81453.62,81409.89,81450.14,27791
1769937360,2026-02-01T14:46:00,81445.43,81486.22,81431.79,81485.73,17819
1769937420,2026-02-01T14:47:00,81481.54,81494.84,81401.79,81403.09,49532
1769937480,2026-02-01T14:48:00,81399.84,81399.84,81328.58,81334.02,54373
1769937540,2026-02-01T14:49:00,81327.28,81332.32,81234.89,81234.89,36564
1769937600,2026-02-01T14:50:00,81244.14,81251.96,81200.1,81251.96,33065
1769937660,2026-02-01T14:51:00,81252.97,81257.29,81135.58,81138.44,31829
1769937720,2026-02-01T14:52:00,81142.44,81197.98,81141.46,81171.86,23978
1769937780,2026-02-01T14:53:00,81179.03,81199.1,81123.05,81123.05,15671
1769937840,2026-02-01T14:54:00,81130.27,81148.92,81119.45,81131.77,14594
1769937900,2026-02-01T14:55:00,81133.62,81188.63,81125.66,81161.72,21001
1769937960,2026-02-01T14:56:00,81152.64,81185.46,81130.79,81173.03,24295
1769938020,2026-02-01T14:57:00,81171.46,81183.1,81130.92,81178.96,31219
1769938080,2026-02-01T14:58:00,81185.26,81185.91,81061.64,81075.75,41562
1769938140,2026-02-01T14:59:00,81077.23,81110.03,81066.95,81090.07,33006
1769938200,2026-02-01T15:00:00,81091.7,81109.13,81062.01,81078.11,42339
1769938260,2026-02-01T15:01:00,81079.19,81083.59,81038.2,81047.4,35669
1769938320,2026-02-01T15:02:00,81043.07,81113.14,81034.17,81103.61,43616
1769938380,2026-02-01T15:03:00,81103.9,81155.67,81094.97,81130.01,25677
1769938440,2026-02-01T15:04:00,81133.87,81159.91,81118.89,81157.09,19924
1769938500,2026-02-01T15:05:00,81159.19,81184.15,81138.09,81182.03,14898
1769938560,2026-02-01T15:06:00,81180.98,81184.91,81059.58,81059.58,27684
1769938620,2026-02-01T15:07:00,81055.05,81089.21,81048.91,81049.88,26250
1769938680,2026-02-01T15:08:00,81052.38,81065.36,81026.94,81029.88,69613
1769938740,2026-02-01T15:09:00,81023.88,81025.93,80927.93,80939.71,57802
1769938800,2026-02-01T15:10:00,80952.91,80958.15,80894.17,80930.26,103102
1769938860,2026-02-01T15:11:00,80917.2,80965.13,80911.74,80913.38,87800
1769938920,2026-02-01T15:12:00,80913.53,80949.87,80898.24,80945.53,69935
1769938980,2026-02-01T15:13:00,80937.94,80945.07,80863.78,80863.78,36655
1769939040,2026-02-01T15:14:00,80891.37,80898.98,80845.64,80856.98,45516
1769939100,2026-02-01T15:15:00,80854.19,80854.19,80650.38,80652.61,81746
1769939160,2026-02-01T15:16:00,80658.68,80706.01,80646.85,80695.51,47023
1769939220,2026-02-01T15:17:00,80695.11,80716.94,80664.85,80692.47,50054
1769939280,2026-02-01T15:18:00,80690.04,80701.71,80652.48,80657.69,59327
1769939340,2026-02-01T15:19:00,80667.94,80682.04,80636.98,80663.5,63338
1769939400,2026-02-01T15:20:00,80668.01,80670.37,80633.64,80645.03,66723
1769939460,2026-02-01T15:21:00,80650.2,80683.42,80628.54,80680.21,133684
1769939520,2026-02-01T15:22:00,80674.93,80675.81,80593.61,80608.09,143857
1769939580,2026-02-01T15:23:00,80603.0,80614.7,80554.32,80581.33,97430
1769939640,2026-02-01T15:24:00,80587.64,80587.64,80501.21,80501.21,61586
1769939700,2026-02-01T15:25:00,80499.05,80515.11,80416.08,80452.32,103353
1769939760,2026-02-01T15:26:00,80458.48,80508.01,80452.22,80503.18,90547
1769939820,2026-02-01T15:27:00,80514.38,80543.71,80467.45,80543.71,141915
1769939880,2026-02-01T15:28:00,80545.46,80545.46,80503.78,80513.17,129074
1769939940,2026-02-01T15:29:00,80510.13,80555.81,80484.41,80484.41,136277
1770003900,2026-02-02T09:15:00,80555.68,80723.03,80480.61,80635.82,136277
1770003960,2026-02-02T09:16:00,80613.42,80708.59,80593.28,80663.75,174977
1770004020,2026-02-02T09:17:00,80664.54,80765.32,80664.54,80758.79,138106
1770004080,2026-02-02T09:18:00,80732.9,80765.57,80674.59,80696.15,130345
1770004140,2026-02-02T09:19:00,80703.46,80810.34,80702.74,80792.96,90028
1770004200,2026-02-02T09:20:00,80800.15,80888.97,80785.29,80844.57,91169
1770004260,2026-02-02T09:21:00,80842.19,80880.33,80796.79,80851.06,112307
1770004320,2026-02-02T09:22:00,80866.26,80972.6,80864.37,80940.27,79527
1770004380,2026-02-02T09:23:00,80939.19,81020.01,80922.78,81013.14,90272
1770004440,2026-02-02T09:24:00,81014.78,81024.05,80988.25,81021.19,48689
1770004500,2026-02-02T09:25:00,81023.25,81024.94,80885.58,80892.29,51650
1770004560,2026-02-02T09:26:00,80898.53,80942.39,80898.53,80908.84,51380
1770004620,2026-02-02T09:27:00,80904.92,80919.94,80825.72,80860.39,97452
1770004680,2026-02-02T09:28:00,80863.17,80929.72,80809.83,80916.74,65816
1770004740,2026-02-02T09:29:00,80921.23,80921.23,80886.22,80895.19,43208
1770004800,2026-02-02T09:30:00,80902.64,81004.46,80887.12,81004.46,66264
1770004860,2026-02-02T09:31:00,80995.48,81107.41,80995.48,81101.95,49217
1770004920,2026-02-02T09:32:00,81106.86,81140.34,81095.41,81125.03,106655
1770004980,2026-02-02T09:33:00,81115.51,81128.11,81082.05,81105.3,61144
1770005040,2026-02-02T09:34:00,81103.46,81117.16,81041.99,81053.32,56876
1770005100,2026-02-02T09:35:00,81051.22,81051.22,80985.45,80987.83,45899
1770005160,2026-02-02T09:36:00,80981.58,81018.7,80956.19,81014.06,53726
1770005220,2026-02-02T09:37:00,81013.27,81045.77,80996.93,81029.28,52622
1770005280,2026-02-02T09:38:00,81030.77,81103.68,81023.28,81089.6,38244
1770005340,2026-02-02T09:39:00,81093.66,81101.21,81032.68,81036.68,47124
1770005400,2026-02-02T09:40:00,81034.79,81049.9,80992.24,81001.31,70445
1770005460,2026-02-02T09:41:00,81004.93,81094.35,80986.54,81080.98,25658
1770005520,2026-02-02T09:42:00,81079.85,81080.05,81025.68,81031.55,39441
1770005580,2026-02-02T09:43:00,81031.29,81064.37,81028.09,81033.98,33168
1770005640,2026-02-02T09:44:00,81037.96,81040.31,80988.19,80988.97,34867
1770005700,2026-02-02T09:45:00,80984.42,81032.76,80964.36,81019.89,44727
1770005760,2026-02-02T09:46:00,81015.52,81043.2,81015.52,81041.15,37223
1770005820,2026-02-02T09:47:00,81046.04,81071.92,81015.02,81021.62,30992
1770005880,2026-02-02T09:48:00,81026.59,81119.05,81026.59,81114.41,37387
1770005940,2026-02-02T09:49:00,81107.55,81116.87,81062.49,81062.49,33635
1770006000,2026-02-02T09:50:00,81067.32,81085.35,81009.74,81009.74,24648
1770006060,2026-02-02T09:51:00,81011.26,81128.27,81011.26,81128.27,54152
1770006120,2026-02-02T09:52:00,81126.48,81147.38,81086.9,81146.51,35295
1770006180,2026-02-02T09:53:00,81145.76,81171.98,81139.0,81150.78,16921
1770006240,2026-02-02T09:54:00,81149.74,81211.31,81149.74,81204.15,51435
1770006300,2026-02-02T09:55:00,81198.6,81203.32,81174.29,81175.21,40831
1770006360,2026-02-02T09:56:00,81177.29,81180.01,81148.27,81173.24,41755
1770006420,2026-02-02T09:57:00,81173.57,81184.01,81149.65,81153.61,45725
1770006480,2026-02-02T09:58:00,81135.93,81135.93,81006.61,81006.97,73278
1770006540,2026-02-02T09:59:00,81002.06,81002.06,80949.63,80962.24,34629
1770006600,2026-02-02T10:00:00,80958.35,80958.35,80879.68,80906.75,64744
1770006660,2026-02-02T10:01:00,80910.69,80939.36,80872.98,80932.23,66396
1770006720,2026-02-02T10:02:00,80934.89,80946.31,80907.55,80909.95,23854
1770006780,2026-02-02T10:03:00,80908.73,80908.73,80872.31,80874.58,29582
1770006840,2026-02-02T10:04:00,80867.04,80867.04,80816.39,80819.72,30231
1770006900,2026-02-02T10:05:00,80816.81,80816.81,80777.44,80786.02,35778
1770006960,2026-02-02T10:06:00,80785.99,80791.29,80770.83,80776.78,33528
1770007020,2026-02-02T10:07:00,80782.4,80803.92,80751.66,80751.66,45311
1770007080,2026-02-02T10:08:00,80751.68,80785.72,80737.4,80737.4,37066
1770007140,2026-02-02T10:09:00,80737.29,80794.4,80735.34,80792.21,47539
1770007200,2026-02-02T10:10:00,80786.53,80786.53,80746.37,80783.11,50412
1770007260,2026-02-02T10:11:00,80782.13,80895.17,80769.11,80864.69,50419
1770007320,2026-02-02T10:12:00,80863.26,80868.52,80823.7,80868.52,34976
1770007380,2026-02-02T10:13:00,80862.64,80862.64,80798.44,80810.4,43966
1770007440,2026-02-02T10:14:00,80807.68,80857.58,80790.52,80854.09,19339
1770007500,2026-02-02T10:15:00,80847.5,80848.5,80818.83,80822.5,27600
1770007560,2026-02-02T10:16:00,80821.21,80832.49,80789.51,80800.37,23801
1770007620,2026-02-02T10:17:00,80803.39,80835.73,80803.17,80805.07,29396
1770007680,2026-02-02T10:18:00,80802.44,80841.4,80797.91,80839.67,27989
1770007740,2026-02-02T10:19:00,80840.57,80901.25,80833.73,80893.89,49700
1770007800,2026-02-02T10:20:00,80890.69,80900.49,80809.45,80809.45,22385
1770007860,2026-02-02T10:21:00,80809.04,80834.54,80781.52,80781.81,27910
1770007920,2026-02-02T10:22:00,80781.87,80790.14,80765.92,80767.05,21768
1770007980,2026-02-02T10:23:00,80763.49,80814.21,80750.36,80814.21,17434
1770008040,2026-02-02T10:24:00,80814.32,80844.8,80797.52,80803.12,11614
1770008100,2026-02-02T10:25:00,80800.5,80825.21,80797.92,80801.42,16893
1770008160,2026-02-02T10:26:00,80801.2,80873.52,80794.99,80873.52,21300
1770008220,2026-02-02T10:27:00,80874.88,80917.03,80855.49,80907.6,16873
1770008280,2026-02-02T10:28:00,80916.77,80920.17,80867.0,80870.39,20579
1770008340,2026-02-02T10:29:00,80869.87,80877.63,80843.37,80847.9,25970
1770008400,2026-02-02T10:30:00,80847.12,80890.33,80846.75,80883.83,30741
1770008460,2026-02-02T10:31:00,80884.86,80931.24,80884.86,80928.0,18138
1770008520,2026-02-02T10:32:00,80923.12,80952.11,80920.42,80946.73,17148
1770008580,2026-02-02T10:33:00,80946.42,80954.01,80926.52,80926.76,15147
1770008640,2026-02-02T10:34:00,80923.82,80951.98,80922.65,80947.49,13272
1770008700,2026-02-02T10:35:00,80944.98,80960.35,80927.31,80947.58,19794
1770008760,2026-02-02T10:36:00,80947.28,80977.03,80947.28,80965.16,15566
1770008820,2026-02-02T10:37:00,80965.16,80967.26,80919.89,80926.17,24882
1770008880,2026-02-02T10:38:00,80928.24,80932.98,80911.73,80911.73,24180
1770008940,2026-02-02T10:39:00,80916.51,80946.89,80889.58,80936.7,30952
1770009000,2026-02-02T10:40:00,80931.99,80987.45,80929.49,80982.33,16398
1770009060,2026-02-02T10:41:00,80983.68,80983.68,80957.19,80958.19,8850
1770009120,2026-02-02T10:42:00,80961.64,80976.02,80954.89,80957.56,13753
1770009180,2026-02-02T10:43:00,80953.58,80960.02,80941.08,80941.08,15954
1770009240,2026-02-02T10:44:00,80932.76,80932.76,80899.96,80900.54,21387
1770009300,2026-02-02T10:45:00,80899.3,80909.71,80890.55,80890.55,29588
1770009360,2026-02-02T10:46:00,80890.6,80893.65,80879.36,80890.44,32287
1770009420,2026-02-02T10:47:00,80889.29,80895.99,80874.92,80887.55,40173
1770009480,2026-02-02T10:48:00,80890.56,80923.4,80888.95,80921.53,78393
1770009540,2026-02-02T10:49:00,80922.85,80950.27,80911.96,80911.96,31873
1770009600,2026-02-02T10:50:00,80913.36,80934.96,80900.78,80934.96,45738
1770009660,2026-02-02T10:51:00,80936.28,80972.64,80935.79,80940.38,30388
1770009720,2026-02-02T10:52:00,80943.08,80946.75,80914.87,80930.14,18028
1770009780,2026-02-02T10:53:00,80930.06,80930.06,80850.96,80850.96,20139
1770009840,2026-02-02T10:54:00,80849.21,80850.58,80821.71,80821.71,30901
1770009900,2026-02-02T10:55:00,80824.47,80824.47,80744.68,80746.19,34056
1770009960,2026-02-02T10:56:00,80749.73,80749.73,80715.28,80729.9,19078
1770010020,2026-02-02T10:57:00,80727.34,80731.37,80681.28,80684.78,20594
1770010080,2026-02-02T10:58:00,80689.49,80697.16,80661.22,80661.22,26462
1770010140,2026-02-02T10:59:00,80663.75,80686.84,80662.9,80682.36,21516
1770010200,2026-02-02T11:00:00,80682.04,80682.04,80653.36,80676.77,22638
1770010260,2026-02-02T11:01:00,80678.52,80678.52,80614.12,80614.12,33731
1770010320,2026-02-02T11:02:00,80603.82,80655.31,80584.61,80651.82,32498
1770010380,2026-02-02T11:03:00,80648.18,80648.18,80622.88,80639.25,20660
1770010440,2026-02-02T11:04:00,80639.94,80639.94,80589.12,80600.29,235452
1770010500,2026-02-02T11:05:00,80602.03,80612.11,80589.18,80612.11,31976
1770010560,2026-02-02T11:06:00,80608.5,80614.04,80574.69,80582.91,14321
1770010620,2026-02-02T11:07:00,80580.77,80580.77,80542.16,80548.35,29475
1770010680,2026-02-02T11:08:00,80548.22,80562.22,80538.46,80542.45,38710
1770010740,2026-02-02T11:09:00,80541.79,80542.07,80471.03,80498.88,63681
1770010800,2026-02-02T11:10:00,80500.99,80533.04,80487.93,80532.41,29201
1770010860,2026-02-02T11:11:00,80535.52,80543.27,80512.88,80519.91,32720
1770010920,2026-02-02T11:12:00,80520.03,80548.79,80505.7,80546.7,53960
1770010980,2026-02-02T11:13:00,80545.89,80565.97,80528.2,80565.97,15854
1770011040,2026-02-02T11:14:00,80566.84,80578.74,80549.75,80551.29,19826
1770011100,2026-02-02T11:15:00,80551.15,80568.21,80542.26,80567.88,23244
1770011160,2026-02-02T11:16:00,80565.66,80567.25,80526.48,80539.07,218566
1770011220,2026-02-02T11:17:00,80539.07,80546.18,80518.54,80525.7,12162
1770011280,2026-02-02T11:18:00,80526.43,80535.71,80503.62,80509.68,10829
1770011340,2026-02-02T11:19:00,80510.28,80512.36,80480.59,80490.5,14682
1770011400,2026-02-02T11:20:00,80489.8,80509.91,80478.5,80502.77,13538
1770011460,2026-02-02T11:21:00,80502.71,80512.41,80483.4,80483.76,12282
1770011520,2026-02-02T11:22:00,80481.69,80488.69,80439.18,80442.42,23246
1770011580,2026-02-02T11:23:00,80442.14,80443.51,80396.92,80399.9,26385
1770011640,2026-02-02T11:24:00,80396.59,80410.29,80392.22,80398.91,18848
1770011700,2026-02-02T11:25:00,80403.45,80427.36,80387.25,80427.36,18969
1770011760,2026-02-02T11:26:00,80425.19,80487.49,80425.19,80480.63,30774
1770011820,2026-02-02T11:27:00,80479.87,80493.96,80465.62,80474.58,79171
1770011880,2026-02-02T11:28:00,80467.5,80482.73,80456.47,80482.73,23525
1770011940,2026-02-02T11:29:00,80482.6,80524.02,80480.69,80523.66,19807
1770012000,2026-02-02T11:30:00,80519.47,80609.97,80517.43,80606.34,32240
1770012060,2026-02-02T11:31:00,80608.74,80635.25,80600.26,80635.25,28577
1770012120,2026-02-02T11:32:00,80637.45,80723.52,80637.45,80723.52,20601
1770012180,2026-02-02T11:33:00,80724.36,80811.44,80724.36,80789.42,33624
1770012240,2026-02-02T11:34:00,80788.68,80851.31,80779.36,80847.33,36278
1770012300,2026-02-02T11:35:00,80849.15,80849.15,80777.48,80803.08,23657
1770012360,2026-02-02T11:36:00,80804.16,80809.15,80754.4,80761.3,17357
1770012420,2026-02-02T11:37:00,80767.54,80799.86,80754.65,80773.87,20572
1770012480,2026-02-02T11:38:00,80777.59,80800.54,80769.42,80796.09,25506
1770012540,2026-02-02T11:39:00,80795.48,80908.11,80789.52,80908.11,35956
1770012600,2026-02-02T11:40:00,80899.79,80899.79,80832.44,80832.44,20715
1770012660,2026-02-02T11:41:00,80837.03,80889.46,80833.05,80889.46,16376
1770012720,2026-02-02T11:42:00,80889.81,80975.7,80888.56,80975.7,25159
1770012780,2026-02-02T11:43:00,80979.37,80990.03,80929.15,80938.68,22263
1770012840,2026-02-02T11:44:00,80937.25,80974.95,80935.91,80974.39,14865
1770012900,2026-02-02T11:45:00,80974.28,80995.78,80970.16,80992.47,20537
1770012960,2026-02-02T11:46:00,81000.81,81013.28,80996.07,81008.36,19887
1770013020,2026-02-02T11:47:00,81006.21,81011.66,80988.39,80988.39,32880
1770013080,2026-02-02T11:48:00,80988.4,80991.65,80973.6,80977.14,33930
1770013140,2026-02-02T11:49:00,80978.87,80980.4,80958.11,80974.92,84958
1770013200,2026-02-02T11:50:00,80975.76,80999.43,80965.97,80965.97,31918
1770013260,2026-02-02T11:51:00,80966.25,80992.15,80932.95,80992.15,26215
1770013320,2026-02-02T11:52:00,80990.95,81015.04,80970.58,80982.18,96618
1770013380,2026-02-02T11:53:00,80979.85,80994.05,80974.33,80991.05,38553
1770013440,2026-02-02T11:54:00,80992.11,81017.12,80972.71,80983.11,101988
1770013500,2026-02-02T11:55:00,80985.42,80993.19,80942.11,80947.86,12704
1770013560,2026-02-02T11:56:00,80948.13,81003.81,80941.02,80996.08,8915
1770013620,2026-02-02T11:57:00,80994.48,81003.73,80986.53,81000.39,15437
1770013680,2026-02-02T11:58:00,81000.8,81018.47,80953.55,80958.51,9900
1770013740,2026-02-02T11:59:00,80958.19,80993.87,80958.19,80993.87,18321
1770013800,2026-02-02T12:00:00,80993.87,81021.7,80989.85,81005.45,17172
1770013860,2026-02-02T12:01:00,81003.4,81012.86,80981.78,81007.17,20431
1770013920,2026-02-02T12:02:00,81003.18,81005.19,80973.49,80976.17,14131
1770013980,2026-02-02T12:03:00,80973.15,80984.14,80961.64,80984.14,13919
1770014040,2026-02-02T12:04:00,80983.83,80995.06,80965.81,80973.07,13081
1770014100,2026-02-02T12:05:00,80971.87,81004.64,80971.72,81002.93,27005
1770014160,2026-02-02T12:06:00,81002.93,81003.96,80982.27,80982.27,26866
1770014220,2026-02-02T12:07:00,80979.45,81002.37,80971.61,80990.23,22182
1770014280,2026-02-02T12:08:00,80992.39,80997.82,80964.23,80968.95,29883
1770014340,2026-02-02T12:09:00,80967.56,80998.49,80954.66,80994.61,34738
1770014400,2026-02-02T12:10:00,80997.22,81001.05,80985.69,80999.23,18665
1770014460,2026-02-02T12:11:00,80998.53,81001.31,80962.57,80973.77,15844
1770014520,2026-02-02T12:12:00,80972.96,81038.27,80970.03,81038.27,28099
1770014580,2026-02-02T12:13:00,81037.92,81048.74,81026.62,81033.86,18530
1770014640,2026-02-02T12:14:00,81031.53,81133.65,81031.53,81133.65,26038
1770014700,2026-02-02T12:15:00,81128.87,81163.4,81128.87,81139.32,14025
1770014760,2026-02-02T12:16:00,81140.54,81187.5,81136.52,81184.97,49647
1770014820,2026-02-02T12:17:00,81184.07,81200.65,81179.23,81196.36,23516
1770014880,2026-02-02T12:18:00,81198.08,81198.08,81153.65,81159.51,23263
1770014940,2026-02-02T12:19:00,81159.47,81159.47,81111.68,81111.68,17085
1770015000,2026-02-02T12:20:00,81107.44,81107.44,81059.71,81075.17,10359
1770015060,2026-02-02T12:21:00,81073.68,81084.34,81055.91,81055.91,34609
1770015120,2026-02-02T12:22:00,81057.84,81080.53,81056.17,81074.78,13807
1770015180,2026-02-02T12:23:00,81076.25,81099.62,81074.16,81099.62,16721
1770015240,2026-02-02T12:24:00,81098.58,81109.36,81093.38,81107.85,18419
1770015300,2026-02-02T12:25:00,81102.93,81111.8,81074.58,81075.84,31736
1770015360,2026-02-02T12:26:00,81076.48,81091.39,81065.73,81089.45,16408
1770015420,2026-02-02T12:27:00,81090.69,81108.11,81081.48,81106.37,29274
1770015480,2026-02-02T12:28:00,81107.26,81107.26,81092.83,81099.18,9819
1770015540,2026-02-02T12:29:00,81096.72,81100.91,81089.96,81099.69,10167
1770015600,2026-02-02T12:30:00,81098.78,81104.53,81085.01,81085.01,18210
1770015660,2026-02-02T12:31:00,81083.26,81083.26,81049.08,81077.36,105464
1770015720,2026-02-02T12:32:00,81072.35,81085.17,81037.18,81042.4,56496
1770015780,2026-02-02T12:33:00,81047.16,81066.04,81043.02,81049.4,16078
1770015840,2026-02-02T12:34:00,81045.94,81081.67,81045.94,81067.05,25690
1770015900,2026-02-02T12:35:00,81064.61,81065.55,81026.27,81034.64,17235
1770015960,2026-02-02T12:36:00,81035.42,81035.42,81001.17,81010.62,12577
1770016020,2026-02-02T12:37:00,81010.56,81044.18,81008.14,81020.24,15271
1770016080,2026-02-02T12:38:00,81022.08,81037.85,81020.79,81035.54,16786
1770016140,2026-02-02T12:39:00,81036.15,81062.22,81033.63,81057.3,15135
1770016200,2026-02-02T12:40:00,81059.86,81083.69,81053.89,81074.09,34053
1770016260,2026-02-02T12:41:00,81066.19,81072.07,81038.44,81046.2,46892
1770016320,2026-02-02T12:42:00,81045.95,81047.26,81030.08,81045.87,37930
1770016380,2026-02-02T12:43:00,81048.2,81059.54,81041.92,81041.92,19334
1770016440,2026-02-02T12:44:00,81041.25,81041.25,81013.08,81019.52,37959
1770016500,2026-02-02T12:45:00,81019.89,81019.89,80990.28,81008.31,22097
1770016560,2026-02-02T12:46:00,81001.0,81047.31,81000.66,81031.19,35199
1770016620,2026-02-02T12:47:00,81031.19,81043.52,81028.26,81032.68,9437
1770016680,2026-02-02T12:48:00,81034.37,81067.29,81034.37,81062.85,20402
1770016740,2026-02-02T12:49:00,81063.68,81118.85,81062.03,81118.85,23905
1770016800,2026-02-02T12:50:00,81114.59,81121.88,81098.5,81100.92,17393
1770016860,2026-02-02T12:51:00,81100.23,81102.87,81073.16,81092.61,9573
1770016920,2026-02-02T12:52:00,81093.1,81095.06,81081.12,81085.72,15302
1770016980,2026-02-02T12:53:00,81081.32,81081.32,81062.84,81071.53,8952
1770017040,2026-02-02T12:54:00,81070.46,81081.73,81059.72,81081.73,9121
1770017100,2026-02-02T12:55:00,81081.73,81109.43,81075.92,81101.22,12373
1770017160,2026-02-02T12:56:00,81106.22,81134.09,81088.8,81131.47,20099
1770017220,2026-02-02T12:57:00,81134.64,81159.81,81134.6,81157.17,17066
1770017280,2026-02-02T12:58:00,81155.45,81205.77,81155.45,81205.77,14171
1770017340,2026-02-02T12:59:00,81206.64,81236.43,81206.64,81227.42,27178
1770017400,2026-02-02T13:00:00,81229.3,81288.51,81229.3,81284.71,22936
1770017460,2026-02-02T13:01:00,81284.1,81285.63,81249.48,81249.48,17943
1770017520,2026-02-02T13:02:00,81249.72,81253.61,81234.62,81246.54,16680
1770017580,2026-02-02T13:03:00,81246.38,81252.02,81239.29,81240.91,21569
1770017640,2026-02-02T13:04:00,81242.23,81267.68,81232.7,81267.68,16640
1770017700,2026-02-02T13:05:00,81273.89,81304.93,81271.21,81295.48,26971
1770017760,2026-02-02T13:06:00,81297.06,81309.25,81292.33,81292.56,20348
1770017820,2026-02-02T13:07:00,81292.62,81301.17,81271.4,81300.39,14345
1770017880,2026-02-02T13:08:00,81297.98,81311.13,81296.59,81299.56,15316
1770017940,2026-02-02T13:09:00,81298.03,81314.49,81296.55,81312.88,21175
1770018000,2026-02-02T13:10:00,81313.0,81315.64,81299.9,81308.05,24609
1770018060,2026-02-02T13:11:00,81311.07,81311.07,81296.06,81306.02,10664
1770018120,2026-02-02T13:12:00,81306.43,81306.43,81249.17,81252.87,12521
1770018180,2026-02-02T13:13:00,81249.59,81252.93,81211.48,81228.91,24282
1770018240,2026-02-02T13:14:00,81229.57,81249.58,81220.47,81228.37,6074
1770018300,2026-02-02T13:15:00,81227.84,81232.22,81201.75,81202.44,22608
1770018360,2026-02-02T13:16:00,81201.92,81202.56,81151.57,81161.65,22063
1770018420,2026-02-02T13:17:00,81160.78,81169.56,81142.4,81142.4,9311
1770018480,2026-02-02T13:18:00,81140.77,81140.77,81081.35,81084.64,13088
1770018540,2026-02-02T13:19:00,81084.95,81087.8,81058.11,81069.61,25028
1770018600,2026-02-02T13:20:00,81068.64,81070.23,81034.81,81042.53,36366
1770018660,2026-02-02T13:21:00,81040.76,81042.52,81014.79,81014.79,28383
1770018720,2026-02-02T13:22:00,81015.57,81031.43,81006.12,81010.03,29245
1770018780,2026-02-02T13:23:00,81006.47,81006.47,80954.71,81001.04,50312
1770018840,2026-02-02T13:24:00,80999.26,81001.62,80978.03,81001.18,12531
1770018900,2026-02-02T13:25:00,81000.65,81000.89,80975.2,80991.38,20300
1770018960,2026-02-02T13:26:00,80990.34,81026.1,80986.58,81020.56,29979
1770019020,2026-02-02T13:27:00,81018.13,81040.26,81005.74,81039.51,26224
1770019080,2026-02-02T13:28:00,81034.06,81109.83,81034.06,81107.29,35887
1770019140,2026-02-02T13:29:00,81107.51,81117.28,81096.62,81097.14,13195
1770019200,2026-02-02T13:30:00,81097.49,81100.72,81044.3,81049.15,21087
1770019260,2026-02-02T13:31:00,81050.22,81050.22,81019.38,81026.75,13097
1770019320,2026-02-02T13:32:00,81031.19,81031.19,80991.5,81004.63,20693
1770019380,2026-02-02T13:33:00,81004.63,81037.87,81002.02,81014.75,15579
1770019440,2026-02-02T13:34:00,81012.32,81038.77,80999.77,81035.88,11839
1770019500,2026-02-02T13:35:00,81035.88,81044.24,81027.49,81027.49,19789
1770019560,2026-02-02T13:36:00,81028.28,81050.99,81021.75,81036.15,20695
1770019620,2026-02-02T13:37:00,81040.33,81072.12,81040.33,81065.08,32707
1770019680,2026-02-02T13:38:00,81064.79,81091.86,81062.01,81091.86,24379
1770019740,2026-02-02T13:39:00,81092.83,81136.22,81077.63,81134.52,27905
1770019800,2026-02-02T13:40:00,81127.88,81159.23,81127.88,81141.59,30910
1770019860,2026-02-02T13:41:00,81141.27,81170.29,81141.27,81167.79,22412
1770019920,2026-02-02T13:42:00,81167.94,81213.03,81167.94,81213.03,52368
1770019980,2026-02-02T13:43:00,81216.52,81294.05,81214.38,81294.05,41373
1770020040,2026-02-02T13:44:00,81294.69,81298.98,81261.88,81294.04,20655
1770020100,2026-02-02T13:45:00,81293.57,81304.59,81274.39,81281.72,18122
1770020160,2026-02-02T13:46:00,81280.98,81292.64,81237.4,81238.81,38367
1770020220,2026-02-02T13:47:00,81240.4,81289.49,81240.4,81269.51,19718
1770020280,2026-02-02T13:48:00,81266.86,81281.81,81255.62,81272.9,34283
1770020340,2026-02-02T13:49:00,81269.32,81296.57,81257.62,81296.0,49283
1770020400,2026-02-02T13:50:00,81296.12,81299.16,81260.39,81265.31,12353
1770020460,2026-02-02T13:51:00,81264.3,81315.22,81254.96,81315.22,39225
1770020520,2026-02-02T13:52:00,81317.12,81347.59,81317.12,81333.0,53647
1770020580,2026-02-02T13:53:00,81331.46,81331.46,81285.08,81303.37,46507
1770020640,2026-02-02T13:54:00,81310.97,81327.05,81296.96,81296.96,33478
1770020700,2026-02-02T13:55:00,81298.64,81306.78,81268.01,81269.64,24311
1770020760,2026-02-02T13:56:00,81269.58,81277.77,81257.43,81261.95,19941
1770020820,2026-02-02T13:57:00,81264.13,81268.99,81249.66,81263.52,27949
1770020880,2026-02-02T13:58:00,81267.6,81277.29,81260.14,81273.92,16794
1770020940,2026-02-02T13:59:00,81268.94,81277.64,81242.92,81243.06,14676
1770021000,2026-02-02T14:00:00,81243.61,81247.5,81172.07,81184.8,44310
1770021060,2026-02-02T14:01:00,81185.55,81239.13,81185.55,81234.99,30941
1770021120,2026-02-02T14:02:00,81238.21,81255.89,81238.21,81249.77,20682
1770021180,2026-02-02T14:03:00,81248.47,81248.47,81212.33,81215.92,17930
1770021240,2026-02-02T14:04:00,81213.46,81241.47,81210.02,81235.59,36128
1770021300,2026-02-02T14:05:00,81234.19,81260.12,81228.71,81257.79,20423
1770021360,2026-02-02T14:06:00,81255.92,81266.07,81229.64,81230.95,30760
1770021420,2026-02-02T14:07:00,81228.9,81249.47,81225.34,81225.34,9797
1770021480,2026-02-02T14:08:00,81225.92,81225.92,81184.71,81186.01,14695
1770021540,2026-02-02T14:09:00,81185.34,81190.08,81165.34,81169.6,21956
1770021600,2026-02-02T14:10:00,81170.32,81173.14,81122.62,81124.68,15153
1770021660,2026-02-02T14:11:00,81124.4,81160.78,81121.36,81159.21,21262
1770021720,2026-02-02T14:12:00,81159.41,81204.8,81153.61,81194.42,23136
1770021780,2026-02-02T14:13:00,81193.22,81211.13,81167.84,81175.17,14950
1770021840,2026-02-02T14:14:00,81176.15,81207.45,81172.82,81207.45,17769
1770021900,2026-02-02T14:15:00,81207.25,81235.21,81200.0,81235.21,35759
1770021960,2026-02-02T14:16:00,81235.21,81242.04,81229.49,81231.05,25643
1770022020,2026-02-02T14:17:00,81229.42,81249.6,81194.15,81196.26,17596
1770022080,2026-02-02T14:18:00,81191.98,81191.98,81160.8,81166.37,14333
1770022140,2026-02-02T14:19:00,81167.73,81167.73,81144.34,81156.36,15075
1770022200,2026-02-02T14:20:00,81157.95,81214.33,81157.95,81214.33,12669
1770022260,2026-02-02T14:21:00,81212.74,81233.34,81204.8,81229.3,6937
1770022320,2026-02-02T14:22:00,81226.94,81258.31,81226.94,81258.31,31568
1770022380,2026-02-02T14:23:00,81261.39,81281.77,81260.94,81265.18,34139
1770022440,2026-02-02T14:24:00,81267.47,81278.68,81247.22,81251.59,47866
1770022500,2026-02-02T14:25:00,81250.9,81275.06,81233.73,81237.25,30746
1770022560,2026-02-02T14:26:00,81237.88,81274.62,81231.68,81272.87,19655
1770022620,2026-02-02T14:27:00,81272.52,81285.19,81265.02,81265.02,24877
1770022680,2026-02-02T14:28:00,81267.46,81280.27,81258.47,81280.27,12858
1770022740,2026-02-02T14:29:00,81280.27,81304.96,81277.8,81304.96,25984
1770022800,2026-02-02T14:30:00,81307.2,81312.37,81290.97,81307.35,35920
1770022860,2026-02-02T14:31:00,81311.25,81337.96,81276.87,81278.29,20531
1770022920,2026-02-02T14:32:00,81280.41,81281.8,81238.56,81251.88,19647
1770022980,2026-02-02T14:33:00,81254.84,81254.84,81214.5,81233.15,23865
1770023040,2026-02-02T14:34:00,81232.89,81234.11,81192.56,81212.15,16060
1770023100,2026-02-02T14:35:00,81211.22,81221.99,81192.21,81221.99,14714
1770023160,2026-02-02T14:36:00,81223.27,81236.03,81212.96,81217.53,19708
1770023220,2026-02-02T14:37:00,81215.64,81226.16,81179.78,81191.28,71007
1770023280,2026-02-02T14:38:00,81197.21,81258.15,81196.21,81236.86,25668
1770023340,2026-02-02T14:39:00,81238.2,81263.0,81230.66,81258.98,14221
1770023400,2026-02-02T14:40:00,81259.9,81262.14,81217.31,81217.31,12868
1770023460,2026-02-02T14:41:00,81226.67,81263.17,81226.67,81227.48,20952
1770023520,2026-02-02T14:42:00,81235.57,81266.5,81234.46,81262.23,26696
1770023580,2026-02-02T14:43:00,81262.23,81267.27,81237.21,81243.12,18748
1770023640,2026-02-02T14:44:00,81243.34,81257.88,81234.29,81241.92,27790
1770023700,2026-02-02T14:45:00,81239.97,81259.83,81236.21,81255.74,8826
1770023760,2026-02-02T14:46:00,81256.05,81275.53,81256.05,81260.91,13878
1770023820,2026-02-02T14:47:00,81261.23,81326.51,81261.23,81326.51,31775
1770023880,2026-02-02T14:48:00,81324.87,81374.98,81323.43,81371.65,21999
1770023940,2026-02-02T14:49:00,81365.63,81365.63,81331.18,81365.55,21189
1770024000,2026-02-02T14:50:00,81364.2,81376.01,81352.77,81375.71,18699
1770024060,2026-02-02T14:51:00,81379.58,81426.36,81375.57,81416.64,12694
1770024120,2026-02-02T14:52:00,81417.53,81445.87,81411.91,81441.25,19641
1770024180,2026-02-02T14:53:00,81442.84,81456.06,81432.12,81438.13,26817
1770024240,2026-02-02T14:54:00,81436.22,81439.94,81414.18,81436.12,15165
1770024300,2026-02-02T14:55:00,81435.77,81468.03,81429.81,81468.03,14586
1770024360,2026-02-02T14:56:00,81467.84,81469.21,81443.74,81466.22,53396
1770024420,2026-02-02T14:57:00,81464.52,81480.74,81457.37,81473.01,30440
1770024480,2026-02-02T14:58:00,81472.94,81472.94,81455.22,81460.15,9396
1770024540,2026-02-02T14:59:00,81462.52,81498.56,81462.52,81490.01,9780
1770024600,2026-02-02T15:00:00,81495.6,81615.11,81495.6,81603.26,63193
1770024660,2026-02-02T15:01:00,81601.98,81643.92,81601.98,81629.29,23150
1770024720,2026-02-02T15:02:00,81628.31,81635.61,81619.38,81625.06,29808
1770024780,2026-02-02T15:03:00,81621.08,81624.86,81604.42,81619.0,21598
1770024840,2026-02-02T15:04:00,81615.65,81620.24,81591.92,81603.04,16146
1770024900,2026-02-02T15:05:00,81603.13,81667.81,81603.13,81667.52,42162
1770024960,2026-02-02T15:06:00,81668.31,81688.25,81662.96,81685.49,27369
1770025020,2026-02-02T15:07:00,81681.45,81694.9,81664.97,81664.97,64141
1770025080,2026-02-02T15:08:00,81667.85,81676.26,81622.49,81622.49,32983
1770025140,2026-02-02T15:09:00,81620.2,81683.29,81616.78,81670.12,13334
1770025200,2026-02-02T15:10:00,81668.78,81681.54,81638.26,81677.27,33241
1770025260,2026-02-02T15:11:00,81676.85,81680.84,81652.33,81652.47,36740
1770025320,2026-02-02T15:12:00,81643.75,81664.61,81643.09,81657.71,33566
1770025380,2026-02-02T15:13:00,81655.16,81676.49,81655.16,81668.89,21973
1770025440,2026-02-02T15:14:00,81669.93,81672.26,81650.21,81664.74,46092
1770025500,2026-02-02T15:15:00,81660.06,81694.99,81657.86,81692.66,41996
1770025560,2026-02-02T15:16:00,81692.26,81720.6,81685.54,81709.32,48504
1770025620,2026-02-02T15:17:00,81715.94,81732.25,81709.41,81712.5,25972
1770025680,2026-02-02T15:18:00,81716.44,81723.94,81697.55,81697.55,18959
1770025740,2026-02-02T15:19:00,81701.37,81702.74,81682.41,81694.25,28503
1770025800,2026-02-02T15:20:00,81689.38,81689.38,81650.44,81650.44,34887
1770025860,2026-02-02T15:21:00,81646.28,81671.17,81633.7,81663.61,37312
1770025920,2026-02-02T15:22:00,81664.0,81673.87,81659.18,81671.16,17727
1770025980,2026-02-02T15:23:00,81670.21,81670.64,81653.26,81654.47,41569
1770026040,2026-02-02T15:24:00,81653.88,81660.65,81640.21,81660.25,155243
1770026100,2026-02-02T15:25:00,81643.5,81657.56,81632.9,81650.59,20789
1770026160,2026-02-02T15:26:00,81651.43,81681.68,81637.08,81671.54,28425
1770026220,2026-02-02T15:27:00,81670.79,81680.69,81644.78,81662.46,45126
1770026280,2026-02-02T15:28:00,81665.0,81683.61,81650.39,81653.95,43569
1770026340,2026-02-02T15:29:00,81652.64,81656.31,81552.02,81631.02,47883
1770090300,2026-02-03T09:15:00,85323.2,85871.73,83967.03,83967.6,1361409
1770090360,2026-02-03T09:16:00,83893.1,84083.48,83893.1,83942.62,654398
1770090420,2026-02-03T09:17:00,83957.16,84012.55,83940.42,83952.92,391139
1770090480,2026-02-03T09:18:00,83936.59,83985.47,83909.38,83974.99,220585
1770090540,2026-02-03T09:19:00,83973.59,84037.78,83957.76,84030.46,234308
1770090600,2026-02-03T09:20:00,84025.49,84185.27,84022.49,84174.67,279689
1770090660,2026-02-03T09:21:00,84172.65,84214.48,84159.31,84176.29,200347
1770090720,2026-02-03T09:22:00,84177.58,84190.73,84134.33,84166.78,163111
1770090780,2026-02-03T09:23:00,84170.9,84213.24,84139.76,84152.59,174631
1770090840,2026-02-03T09:24:00,84152.09,84152.09,84033.88,84035.52,236896
1770090900,2026-02-03T09:25:00,84044.41,84070.55,84000.95,84000.95,158686
1770090960,2026-02-03T09:26:00,83983.17,84019.92,83885.39,83921.68,165770
1770091020,2026-02-03T09:27:00,83921.87,83966.24,83883.4,83939.62,152750
1770091080,2026-02-03T09:28:00,83940.91,84041.83,83939.14,84026.27,129607
1770091140,2026-02-03T09:29:00,84023.48,84026.85,83969.27,83977.84,137407
1770091200,2026-02-03T09:30:00,83972.08,83972.59,83887.19,83908.64,112590
1770091260,2026-02-03T09:31:00,83913.72,83968.42,83900.02,83945.27,108232
1770091320,2026-02-03T09:32:00,83932.69,83961.16,83899.59,83920.6,141573
1770091380,2026-02-03T09:33:00,83923.66,83954.38,83900.93,83920.05,107959
1770091440,2026-02-03T09:34:00,83917.08,83942.31,83850.35,83852.16,138272
1770091500,2026-02-03T09:35:00,83857.3,83869.56,83819.54,83848.25,98263
1770091560,2026-02-03T09:36:00,83850.13,83924.74,83850.11,83921.88,92576
1770091620,2026-02-03T09:37:00,83907.22,83926.21,83875.92,83883.5,76860
1770091680,2026-02-03T09:38:00,83890.37,83925.62,83884.47,83908.18,73218
1770091740,2026-02-03T09:39:00,83899.36,83904.67,83848.01,83880.22,119423
1770091800,2026-02-03T09:40:00,83891.63,83911.29,83839.75,83857.0,83340
1770091860,2026-02-03T09:41:00,83851.96,83865.43,83800.99,83803.45,59818
1770091920,2026-02-03T09:42:00,83803.7,83810.75,83773.65,83788.28,136855
1770091980,2026-02-03T09:43:00,83782.69,83819.12,83781.86,83796.57,72141
1770092040,2026-02-03T09:44:00,83798.86,83803.69,83746.09,83772.61,90454
1770092100,2026-02-03T09:45:00,83769.53,83787.15,83684.49,83684.65,92430
1770092160,2026-02-03T09:46:00,83668.22,83696.78,83632.25,83650.12,92083
1770092220,2026-02-03T09:47:00,83644.34,83716.56,83595.6,83716.56,99201
1770092280,2026-02-03T09:48:00,83722.89,83855.8,83709.84,83845.14,94450
1770092340,2026-02-03T09:49:00,83848.61,83911.04,83846.71,83909.93,71876
1770092400,2026-02-03T09:50:00,83903.69,83926.56,83886.92,83916.98,81528
1770092460,2026-02-03T09:51:00,83925.26,83944.73,83894.18,83940.91,44606
1770092520,2026-02-03T09:52:00,83934.03,83966.12,83907.96,83917.88,73591
1770092580,2026-02-03T09:53:00,83915.63,83915.63,83829.79,83837.87,62882
1770092640,2026-02-03T09:54:00,83838.62,83843.22,83771.63,83778.16,117252
1770092700,2026-02-03T09:55:00,83779.47,83817.75,83768.65,83792.86,176787
1770092760,2026-02-03T09:56:00,83786.79,83811.29,83777.81,83788.11,100675
1770092820,2026-02-03T09:57:00,83786.41,83817.9,83786.41,83808.14,55015
1770092880,2026-02-03T09:58:00,83802.58,83804.48,83742.27,83752.61,73407
1770092940,2026-02-03T09:59:00,83749.66,83750.34,83658.34,83676.39,57042
1770093000,2026-02-03T10:00:00,83678.83,83732.89,83678.83,83732.45,55538
1770093060,2026-02-03T10:01:00,83727.76,83727.76,83683.25,83715.95,56639
1770093120,2026-02-03T10:02:00,83715.39,83736.66,83708.9,83719.45,55472
1770093180,2026-02-03T10:03:00,83718.1,83739.06,83709.09,83709.09,38957
1770093240,2026-02-03T10:04:00,83711.45,83752.84,83692.53,83695.05,71950
1770093300,2026-02-03T10:05:00,83695.82,83696.35,83608.08,83608.08,59788
1770093360,2026-02-03T10:06:00,83605.93,83624.54,83577.94,83619.23,58461
1770093420,2026-02-03T10:07:00,83613.94,83613.94,83501.22,83554.21,1694754
1770093480,2026-02-03T10:08:00,83551.52,83587.86,83551.52,83580.93,38643
1770093540,2026-02-03T10:09:00,83581.61,83649.76,83581.61,83636.66,46262
1770093600,2026-02-03T10:10:00,83633.95,83633.95,83594.81,83612.72,35000
1770093660,2026-02-03T10:11:00,83615.34,83632.58,83536.78,83538.78,48667
1770093720,2026-02-03T10:12:00,83540.56,83564.05,83508.94,83560.66,66754
1770093780,2026-02-03T10:13:00,83559.81,83592.37,83536.83,83582.6,62542
1770093840,2026-02-03T10:14:00,83586.62,83595.9,83572.92,83575.78,56136
1770093900,2026-02-03T10:15:00,83577.65,83704.61,83577.65,83704.36,89780
1770093960,2026-02-03T10:16:00,83707.06,83775.66,83701.18,83772.69,43576
1770094020,2026-02-03T10:17:00,83777.53,83822.46,83772.05,83802.65,64770
1770094080,2026-02-03T10:18:00,83798.58,83869.01,83798.58,83854.8,39495
1770094140,2026-02-03T10:19:00,83855.45,83875.84,83831.89,83838.1,65834
1770094200,2026-02-03T10:20:00,83839.81,83876.36,83836.67,83870.56,27404
1770094260,2026-02-03T10:21:00,83865.49,83914.87,83854.13,83911.83,63914
1770094320,2026-02-03T10:22:00,83911.83,83924.93,83894.55,83907.9,48243
1770094380,2026-02-03T10:23:00,83902.92,83922.74,83887.74,83922.74,39723
1770094440,2026-02-03T10:24:00,83921.75,83962.65,83899.4,83942.26,56692
1770094500,2026-02-03T10:25:00,83944.62,83964.54,83924.65,83925.14,32356
1770094560,2026-02-03T10:26:00,83928.6,83989.22,83925.26,83979.49,38861
1770094620,2026-02-03T10:27:00,83977.83,83982.64,83936.98,83958.26,35996
1770094680,2026-02-03T10:28:00,83956.2,83973.75,83946.54,83953.16,23657
1770094740,2026-02-03T10:29:00,83950.89,83964.82,83924.32,83929.38,23593
1770094800,2026-02-03T10:30:00,83930.64,83945.21,83918.86,83926.89,26396
1770094860,2026-02-03T10:31:00,83919.87,83962.05,83897.52,83962.05,33663
1770094920,2026-02-03T10:32:00,83964.77,83992.13,83950.51,83976.48,47453
1770094980,2026-02-03T10:33:00,83976.41,83998.32,83966.09,83997.53,42406
1770095040,2026-02-03T10:34:00,83997.7,84058.25,83986.49,84033.92,71794
1770095100,2026-02-03T10:35:00,84031.94,84075.23,84031.94,84062.96,46532
1770095160,2026-02-03T10:36:00,84053.37,84083.32,84052.31,84064.6,41785
1770095220,2026-02-03T10:37:00,84057.01,84069.53,84042.48,84056.27,38482
1770095280,2026-02-03T10:38:00,84058.19,84062.85,84032.76,84046.8,18030
1770095340,2026-02-03T10:39:00,84046.32,84060.91,84036.15,84060.57,27875
1770095400,2026-02-03T10:40:00,84058.89,84083.73,84053.59,84072.54,149161
1770095460,2026-02-03T10:41:00,84071.36,84084.23,84054.81,84084.23,25187
1770095520,2026-02-03T10:42:00,84082.54,84085.83,84016.56,84025.11,46439
1770095580,2026-02-03T10:43:00,84025.67,84070.16,84025.67,84062.76,36951
1770095640,2026-02-03T10:44:00,84061.92,84067.38,84028.56,84028.56,61653
1770095700,2026-02-03T10:45:00,84029.39,84045.31,84010.71,84011.06,75230
1770095760,2026-02-03T10:46:00,84005.34,84040.76,83996.06,84035.22,23862
1770095820,2026-02-03T10:47:00,84036.38,84036.94,83981.85,83985.62,34229
1770095880,2026-02-03T10:48:00,83987.07,83997.15,83908.62,83917.26,51215
1770095940,2026-02-03T10:49:00,83924.18,83947.29,83920.18,83932.83,29891
1770096000,2026-02-03T10:50:00,83923.91,83933.21,83887.5,83897.94,30580
1770096060,2026-02-03T10:51:00,83905.85,83919.6,83878.85,83878.85,29800
1770096120,2026-02-03T10:52:00,83884.14,83894.2,83856.55,83882.56,29113
1770096180,2026-02-03T10:53:00,83883.32,83908.62,83846.65,83862.95,21484
1770096240,2026-02-03T10:54:00,83861.08,83933.12,83858.13,83925.02,19546
1770096300,2026-02-03T10:55:00,83924.4,84021.65,83923.7,83955.44,26772
1770096360,2026-02-03T10:56:00,83958.33,83986.42,83951.74,83980.75,30422
1770096420,2026-02-03T10:57:00,83981.36,83993.26,83944.7,83958.63,26444
1770096480,2026-02-03T10:58:00,83958.3,83981.94,83958.3,83971.19,19169
1770096540,2026-02-03T10:59:00,83967.52,83974.77,83949.31,83962.73,49367
1770096600,2026-02-03T11:00:00,83967.53,84013.8,83967.12,84008.74,23540
1770096660,2026-02-03T11:01:00,84011.68,84032.59,83994.43,84028.11,19471
1770096720,2026-02-03T11:02:00,84030.63,84050.02,84030.63,84038.91,19957
1770096780,2026-02-03T11:03:00,84039.22,84062.67,84039.22,84045.87,22056
1770096840,2026-02-03T11:04:00,84048.53,84048.53,83996.45,84002.04,24944
1770096900,2026-02-03T11:05:00,84003.25,84024.28,83997.53,84023.9,25081
1770096960,2026-02-03T11:06:00,84021.34,84043.14,84015.62,84024.51,9989
1770097020,2026-02-03T11:07:00,84024.69,84029.53,84003.08,84015.82,19417
1770097080,2026-02-03T11:08:00,84010.84,84010.84,83980.65,83984.31,24512
1770097140,2026-02-03T11:09:00,83984.23,83985.43,83947.89,83948.5,17272
1770097200,2026-02-03T11:10:00,83950.39,83950.39,83908.78,83934.09,15681
1770097260,2026-02-03T11:11:00,83939.7,83959.85,83934.41,83944.78,11622
1770097320,2026-02-03T11:12:00,83945.35,83945.35,83914.35,83927.16,23214
1770097380,2026-02-03T11:13:00,83927.86,83950.91,83917.7,83950.91,18692
1770097440,2026-02-03T11:14:00,83946.07,83981.63,83938.14,83980.37,22184
1770097500,2026-02-03T11:15:00,83981.59,83994.27,83949.17,83949.84,19291
1770097560,2026-02-03T11:16:00,83944.58,83945.75,83930.78,83944.38,20289
1770097620,2026-02-03T11:17:00,83944.19,83969.6,83939.9,83945.55,18791
1770097680,2026-02-03T11:18:00,83941.66,83977.34,83941.66,83977.34,14467
1770097740,2026-02-03T11:19:00,83973.22,83987.3,83947.51,83947.73,27719
1770097800,2026-02-03T11:20:00,83944.9,83950.61,83934.75,83950.61,15213
1770097860,2026-02-03T11:21:00,83951.65,83972.15,83951.05,83959.04,24147
1770097920,2026-02-03T11:22:00,83960.33,83984.23,83954.1,83979.89,21700
1770097980,2026-02-03T11:23:00,83975.03,84004.3,83975.03,83982.35,25889
1770098040,2026-02-03T11:24:00,83992.66,84019.29,83987.47,84008.64,25960
1770098100,2026-02-03T11:25:00,84010.49,84036.81,84005.01,84023.08,17798
1770098160,2026-02-03T11:26:00,84028.18,84032.76,84012.38,84020.74,39076
1770098220,2026-02-03T11:27:00,84020.62,84049.34,84019.67,84048.83,26973
1770098280,2026-02-03T11:28:00,84048.99,84076.66,84048.99,84053.44,37398
1770098340,2026-02-03T11:29:00,84046.74,84053.2,84033.14,84052.61,47329
1770098400,2026-02-03T11:30:00,84047.34,84059.35,84010.79,84019.0,22697
1770098460,2026-02-03T11:31:00,84021.17,84042.23,84015.45,84033.12,34296
1770098520,2026-02-03T11:32:00,84034.01,84103.07,84032.74,84103.07,65595
1770098580,2026-02-03T11:33:00,84106.14,84176.29,84102.55,84171.73,53702
1770098640,2026-02-03T11:34:00,84168.29,84194.69,84163.44,84183.27,31598
1770098700,2026-02-03T11:35:00,84180.35,84199.46,84180.08,84181.18,29520
1770098760,2026-02-03T11:36:00,84181.58,84187.92,84149.22,84149.22,21526
1770098820,2026-02-03T11:37:00,84149.2,84149.31,84108.92,84122.85,27162
1770098880,2026-02-03T11:38:00,84120.06,84132.42,84111.5,84121.67,24726
1770098940,2026-02-03T11:39:00,84117.81,84154.84,84107.87,84149.9,20486
1770099000,2026-02-03T11:40:00,84151.34,84175.91,84151.34,84161.39,24347
1770099060,2026-02-03T11:41:00,84162.31,84174.89,84148.33,84174.28,13008
1770099120,2026-02-03T11:42:00,84174.55,84191.62,84164.66,84190.82,39852
1770099180,2026-02-03T11:43:00,84187.51,84188.65,84170.02,84174.56,20252
1770099240,2026-02-03T11:44:00,84176.21,84185.3,84143.21,84149.26,19377
1770099300,2026-02-03T11:45:00,84148.81,84160.88,84140.81,84156.38,33013
1770099360,2026-02-03T11:46:00,84159.41,84162.61,84141.26,84143.9,26881
1770099420,2026-02-03T11:47:00,84141.35,84142.78,84093.11,84104.61,22496
1770099480,2026-02-03T11:48:00,84106.56,84106.63,84081.86,84091.54,26484
1770099540,2026-02-03T11:49:00,84092.39,84108.41,84086.96,84102.1,18718
1770099600,2026-02-03T11:50:00,84094.57,84101.15,84071.06,84087.76,16475
1770099660,2026-02-03T11:51:00,84089.53,84092.39,84063.43,84070.63,53580
1770099720,2026-02-03T11:52:00,84080.29,84104.77,84078.29,84089.97,22744
1770099780,2026-02-03T11:53:00,84089.72,84098.75,84072.82,84094.85,29800
1770099840,2026-02-03T11:54:00,84098.78,84115.69,84095.7,84101.23,47724
1770099900,2026-02-03T11:55:00,84097.65,84115.17,84093.25,84102.65,35888
1770099960,2026-02-03T11:56:00,84100.67,84111.1,84086.51,84107.52,20528
1770100020,2026-02-03T11:57:00,84112.0,84123.59,84098.82,84114.49,35987
1770100080,2026-02-03T11:58:00,84115.74,84136.82,84115.74,84133.38,45771
1770100140,2026-02-03T11:59:00,84135.54,84136.11,84111.49,84133.51,17485
1770100200,2026-02-03T12:00:00,84133.76,84140.08,84114.93,84114.93,19542
1770100260,2026-02-03T12:01:00,84107.44,84126.37,84101.25,84103.06,33100
1770100320,2026-02-03T12:02:00,84104.46,84107.55,84084.55,84084.55,27764
1770100380,2026-02-03T12:03:00,84083.46,84090.93,84060.7,84083.69,18992
1770100440,2026-02-03T12:04:00,84082.42,84088.11,84048.67,84053.82,20105
1770100500,2026-02-03T12:05:00,84054.09,84072.72,84043.9,84063.63,22196
1770100560,2026-02-03T12:06:00,84062.02,84065.51,84043.17,84051.68,12444
1770100620,2026-02-03T12:07:00,84052.81,84069.86,84030.48,84065.69,22508
1770100680,2026-02-03T12:08:00,84068.34,84098.49,84056.34,84096.68,18228
1770100740,2026-02-03T12:09:00,84094.84,84098.22,84084.55,84091.04,20556
1770100800,2026-02-03T12:10:00,84097.13,84108.72,84086.32,84095.08,22440
1770100860,2026-02-03T12:11:00,84097.72,84124.49,84091.71,84111.77,19108
1770100920,2026-02-03T12:12:00,84112.07,84122.95,84091.88,84104.22,20725
1770100980,2026-02-03T12:13:00,84102.18,84125.54,84101.51,84125.54,11854
1770101040,2026-02-03T12:14:00,84128.51,84139.27,84109.96,84117.84,21277
1770101100,2026-02-03T12:15:00,84121.25,84121.25,84089.13,84090.76,22972
1770101160,2026-02-03T12:16:00,84099.12,84110.05,84087.34,84097.3,20265
1770101220,2026-02-03T12:17:00,84098.61,84099.06,84077.5,84080.31,28058
1770101280,2026-02-03T12:18:00,84079.81,84089.27,84069.33,84076.1,23432
1770101340,2026-02-03T12:19:00,84077.53,84097.99,84064.86,84089.05,20304
1770101400,2026-02-03T12:20:00,84091.75,84111.28,84085.23,84092.76,17895
1770101460,2026-02-03T12:21:00,84093.02,84106.97,84087.22,84095.43,15254
1770101520,2026-02-03T12:22:00,84096.36,84097.7,84075.87,84078.16,17990
1770101580,2026-02-03T12:23:00,84075.46,84077.08,84057.39,84060.08,13566
1770101640,2026-02-03T12:24:00,84058.18,84064.44,84040.38,84040.38,9087
1770101700,2026-02-03T12:25:00,84039.5,84039.82,83992.06,83999.45,28121
1770101760,2026-02-03T12:26:00,83993.74,84012.91,83993.74,84004.62,26765
1770101820,2026-02-03T12:27:00,84007.12,84025.87,83991.61,83992.22,24104
1770101880,2026-02-03T12:28:00,83991.73,83997.94,83967.31,83971.55,33671
1770101940,2026-02-03T12:29:00,83966.24,83966.24,83917.52,83933.05,28933
1770102000,2026-02-03T12:30:00,83929.31,83949.42,83923.04,83938.59,19830
1770102060,2026-02-03T12:31:00,83942.12,83959.89,83937.82,83956.68,26687
1770102120,2026-02-03T12:32:00,83957.63,83995.67,83947.09,83994.27,30548
1770102180,2026-02-03T12:33:00,83993.2,84004.21,83977.69,84004.21,58701
1770102240,2026-02-03T12:34:00,84004.03,84013.37,83978.07,83984.58,19272
1770102300,2026-02-03T12:35:00,83983.14,83984.27,83912.71,83913.44,29478
1770102360,2026-02-03T12:36:00,83916.79,83916.79,83893.8,83897.13,25626
1770102420,2026-02-03T12:37:00,83897.31,83953.21,83894.09,83950.17,16507
1770102480,2026-02-03T12:38:00,83953.0,83970.44,83922.74,83932.67,16075
1770102540,2026-02-03T12:39:00,83932.45,83952.0,83924.48,83949.2,34041
1770102600,2026-02-03T12:40:00,83950.4,83995.02,83950.4,83987.28,18214
1770102660,2026-02-03T12:41:00,83987.76,83992.65,83953.91,83956.25,17190
1770102720,2026-02-03T12:42:00,83961.01,83964.92,83947.67,83959.83,53855
1770102780,2026-02-03T12:43:00,83960.12,83963.76,83944.75,83944.75,62088
1770102840,2026-02-03T12:44:00,83946.23,83978.8,83946.0,83978.8,26942
1770102900,2026-02-03T12:45:00,83975.56,83982.42,83955.88,83969.0,37522
1770102960,2026-02-03T12:46:00,83972.27,83972.27,83935.85,83948.3,13393
1770103020,2026-02-03T12:47:00,83949.1,83958.6,83941.06,83941.06,10700
1770103080,2026-02-03T12:48:00,83939.87,83945.85,83931.58,83941.45,11911
1770103140,2026-02-03T12:49:00,83938.47,83951.19,83927.77,83931.17,64694
1770103200,2026-02-03T12:50:00,83934.43,83943.81,83927.56,83936.39,29848
1770103260,2026-02-03T12:51:00,83934.97,83946.2,83933.72,83941.05,13361
1770103320,2026-02-03T12:52:00,83941.28,83950.45,83925.41,83950.41,16485
1770103380,2026-02-03T12:53:00,83948.43,83968.62,83945.66,83967.59,18919
1770103440,2026-02-03T12:54:00,83963.66,83983.08,83953.78,83957.13,13342
1770103500,2026-02-03T12:55:00,83956.73,84000.04,83956.73,83962.36,30094
1770103560,2026-02-03T12:56:00,83962.05,83985.7,83953.93,83965.53,21480
1770103620,2026-02-03T12:57:00,83967.39,83967.46,83937.51,83947.81,24457
1770103680,2026-02-03T12:58:00,83945.99,83969.76,83939.53,83964.56,20327
1770103740,2026-02-03T12:59:00,83965.93,83971.12,83939.85,83971.12,14916
1770103800,2026-02-03T13:00:00,83972.0,83981.93,83963.06,83981.92,14308
1770103860,2026-02-03T13:01:00,83981.18,83997.65,83975.33,83995.48,12091
1770103920,2026-02-03T13:02:00,84000.59,84022.55,83998.04,84000.25,10457
1770103980,2026-02-03T13:03:00,83995.29,83998.36,83978.57,83994.92,9842
1770104040,2026-02-03T13:04:00,83994.33,84004.27,83977.91,83990.3,29548
1770104100,2026-02-03T13:05:00,83996.35,83998.15,83982.42,83993.6,42234
1770104160,2026-02-03T13:06:00,83994.0,84017.13,83993.92,84017.13,15264
1770104220,2026-02-03T13:07:00,84016.41,84020.74,83985.42,83988.02,22585
1770104280,2026-02-03T13:08:00,83987.14,83990.2,83966.04,83970.35,22635
1770104340,2026-02-03T13:09:00,83963.27,83963.27,83941.88,83945.47,30143
1770104400,2026-02-03T13:10:00,83945.72,83960.43,83944.23,83956.64,15117
1770104460,2026-02-03T13:11:00,83955.76,83955.76,83935.68,83935.97,14600
1770104520,2026-02-03T13:12:00,83938.69,83953.72,83937.19,83946.84,13347
1770104580,2026-02-03T13:13:00,83950.52,83954.37,83938.13,83939.61,36879
1770104640,2026-02-03T13:14:00,83941.65,83941.65,83925.34,83930.93,15657
1770104700,2026-02-03T13:15:00,83930.93,83961.21,83930.15,83960.81,31780
1770104760,2026-02-03T13:16:00,83961.63,83961.63,83945.26,83960.27,20238
1770104820,2026-02-03T13:17:00,83961.12,83969.73,83942.88,83943.58,18577
1770104880,2026-02-03T13:18:00,83943.08,83967.61,83941.15,83963.5,37377
1770104940,2026-02-03T13:19:00,83960.35,83973.8,83960.35,83970.29,34241
1770105000,2026-02-03T13:20:00,83969.99,83976.98,83946.41,83956.39,17909
1770105060,2026-02-03T13:21:00,83954.55,83957.46,83933.4,83937.09,26988
1770105120,2026-02-03T13:22:00,83936.05,83966.73,83926.61,83963.24,41973
1770105180,2026-02-03T13:23:00,83964.97,83967.45,83945.44,83960.07,36734
1770105240,2026-02-03T13:24:00,83959.75,83962.0,83947.56,83951.28,30212
1770105300,2026-02-03T13:25:00,83952.97,83960.48,83933.89,83934.89,62254
1770105360,2026-02-03T13:26:00,83933.6,83933.6,83855.99,83856.55,38010
1770105420,2026-02-03T13:27:00,83853.38,83879.43,83806.01,83876.85,21758
1770105480,2026-02-03T13:28:00,83879.11,83902.02,83876.05,83890.08,33916
1770105540,2026-02-03T13:29:00,83888.07,83899.38,83875.57,83878.19,31984
1770105600,2026-02-03T13:30:00,83880.36,83887.28,83866.21,83877.29,16097
1770105660,2026-02-03T13:31:00,83878.72,83881.38,83861.64,83870.83,13288
1770105720,2026-02-03T13:32:00,83870.91,83872.41,83849.79,83871.26,27327
1770105780,2026-02-03T13:33:00,83871.48,83898.48,83864.76,83884.75,92323
1770105840,2026-02-03T13:34:00,83877.71,83880.45,83833.83,83833.83,18921
1770105900,2026-02-03T13:35:00,83833.04,83835.48,83788.89,83797.85,26918
1770105960,2026-02-03T13:36:00,83791.19,83791.19,83766.01,83782.57,22853
1770106020,2026-02-03T13:37:00,83782.67,83808.17,83782.67,83808.17,31121
1770106080,2026-02-03T13:38:00,83812.03,83882.38,83808.77,83879.96,44865
1770106140,2026-02-03T13:39:00,83880.48,83895.81,83880.48,83890.29,28335
1770106200,2026-02-03T13:40:00,83891.89,83932.76,83880.57,83932.76,54539
1770106260,2026-02-03T13:41:00,83925.37,83936.51,83918.12,83921.76,27783
1770106320,2026-02-03T13:42:00,83923.13,83943.64,83917.21,83935.62,40314
1770106380,2026-02-03T13:43:00,83938.06,83992.39,83933.56,83969.56,54870
1770106440,2026-02-03T13:44:00,83967.93,83976.05,83954.22,83976.04,28052
1770106500,2026-02-03T13:45:00,83977.39,83988.34,83970.79,83972.61,22764
1770106560,2026-02-03T13:46:00,83973.5,84003.58,83960.7,84003.58,26704
1770106620,2026-02-03T13:47:00,84005.09,84008.49,83967.29,83975.05,15744
1770106680,2026-02-03T13:48:00,83964.11,83985.67,83964.11,83982.75,39569
1770106740,2026-02-03T13:49:00,83982.33,83993.17,83955.9,83957.14,27718
1770106800,2026-02-03T13:50:00,83953.35,83957.12,83932.07,83943.4,22318
1770106860,2026-02-03T13:51:00,83944.48,83956.32,83939.8,83944.71,27015
1770106920,2026-02-03T13:52:00,83943.99,83970.01,83943.99,83956.86,20475
1770106980,2026-02-03T13:53:00,83959.25,83990.66,83954.67,83990.66,23929
1770107040,2026-02-03T13:54:00,83992.28,84000.95,83978.52,83989.37,33149
1770107100,2026-02-03T13:55:00,83987.44,84007.27,83986.8,84004.49,17584
1770107160,2026-02-03T13:56:00,84001.09,84007.29,83983.16,83987.8,16599
1770107220,2026-02-03T13:57:00,83985.38,83993.08,83944.46,83944.46,15330
1770107280,2026-02-03T13:58:00,83944.01,83945.29,83888.77,83891.66,17180
1770107340,2026-02-03T13:59:00,83890.39,83906.52,83886.11,83888.55,11226
1770107400,2026-02-03T14:00:00,83889.19,83901.09,83842.63,83846.28,25399
1770107460,2026-02-03T14:01:00,83847.34,83852.54,83835.58,83847.4,24353
1770107520,2026-02-03T14:02:00,83849.48,83874.94,83847.3,83871.47,10962
1770107580,2026-02-03T14:03:00,83871.13,83876.91,83859.29,83859.8,32867
1770107640,2026-02-03T14:04:00,83859.8,83895.05,83859.8,83891.11,18700
1770107700,2026-02-03T14:05:00,83890.86,83895.23,83869.05,83870.61,25257
1770107760,2026-02-03T14:06:00,83872.66,83899.39,83871.37,83899.39,16590
1770107820,2026-02-03T14:07:00,83905.01,83923.09,83893.32,83901.21,20027
1770107880,2026-02-03T14:08:00,83901.06,83915.41,83894.18,83902.64,21542
1770107940,2026-02-03T14:09:00,83905.1,83926.12,83903.16,83926.12,33382
1770108000,2026-02-03T14:10:00,83927.65,83934.68,83885.75,83897.34,80214
1770108060,2026-02-03T14:11:00,83894.68,83899.6,83861.71,83894.59,27287
1770108120,2026-02-03T14:12:00,83900.21,83913.13,83896.26,83908.77,18456
1770108180,2026-02-03T14:13:00,83903.44,83940.08,83899.75,83933.33,17829
1770108240,2026-02-03T14:14:00,83931.98,83932.27,83878.26,83878.92,17144
1770108300,2026-02-03T14:15:00,83882.0,83919.9,83882.0,83890.15,15894
1770108360,2026-02-03T14:16:00,83889.57,83893.11,83873.97,83879.96,27641
1770108420,2026-02-03T14:17:00,83880.78,83892.53,83855.01,83864.16,26373
1770108480,2026-02-03T14:18:00,83861.62,83883.05,83850.23,83861.95,15582
1770108540,2026-02-03T14:19:00,83859.37,83881.76,83851.63,83855.98,20049
1770108600,2026-02-03T14:20:00,83856.7,83893.05,83856.7,83858.19,17357
1770108660,2026-02-03T14:21:00,83858.53,83882.28,83853.67,83858.17,32967
1770108720,2026-02-03T14:22:00,83865.22,83884.7,83856.99,83860.18,11801
1770108780,2026-02-03T14:23:00,83863.35,83876.97,83840.31,83872.7,14536
1770108840,2026-02-03T14:24:00,83880.43,83899.18,83872.91,83885.68,24503
1770108900,2026-02-03T14:25:00,83887.98,83887.98,83870.24,83872.19,11030
1770108960,2026-02-03T14:26:00,83870.48,83880.05,83858.94,83871.6,24592
1770109020,2026-02-03T14:27:00,83875.8,83888.16,83867.15,83883.7,18652
1770109080,2026-02-03T14:28:00,83882.96,83888.61,83865.88,83881.52,13442
1770109140,2026-02-03T14:29:00,83879.89,83892.24,83877.63,83878.23,10797
1770109200,2026-02-03T14:30:00,83877.78,83923.42,83877.78,83914.68,58970
1770109260,2026-02-03T14:31:00,83911.34,83920.85,83879.32,83888.34,39913
1770109320,2026-02-03T14:32:00,83887.46,83892.04,83813.32,83813.32,25163
1770109380,2026-02-03T14:33:00,83808.93,83846.53,83804.8,83840.97,17844
1770109440,2026-02-03T14:34:00,83841.73,83859.7,83835.89,83859.7,12407
1770109500,2026-02-03T14:35:00,83863.94,83884.34,83862.86,83876.21,27512
1770109560,2026-02-03T14:36:00,83872.88,83893.51,83872.88,83890.73,22640
1770109620,2026-02-03T14:37:00,83889.89,83900.92,83888.22,83895.3,16935
1770109680,2026-02-03T14:38:00,83897.29,83901.65,83885.5,83896.49,22498
1770109740,2026-02-03T14:39:00,83897.1,83897.66,83874.58,83874.58,20614
1770109800,2026-02-03T14:40:00,83873.29,83873.82,83850.96,83858.19,23885
1770109860,2026-02-03T14:41:00,83857.81,83857.81,83822.8,83824.44,24461
1770109920,2026-02-03T14:42:00,83819.06,83829.76,83807.3,83829.6,25621
1770109980,2026-02-03T14:43:00,83828.44,83831.22,83806.17,83812.6,14845
1770110040,2026-02-03T14:44:00,83810.53,83820.59,83801.02,83815.0,17175
1770110100,2026-02-03T14:45:00,83817.09,83858.2,83805.6,83856.55,25081
1770110160,2026-02-03T14:46:00,83857.66,83869.49,83851.42,83856.48,21548
1770110220,2026-02-03T14:47:00,83855.49,83872.19,83853.75,83867.32,115939
1770110280,2026-02-03T14:48:00,83867.54,83867.54,83849.89,83863.07,18348
1770110340,2026-02-03T14:49:00,83865.81,83881.61,83853.54,83863.93,42563
1770110400,2026-02-03T14:50:00,83860.39,83869.71,83854.01,83859.99,14146
1770110460,2026-02-03T14:51:00,83863.08,83863.08,83824.68,83854.37,14789
1770110520,2026-02-03T14:52:00,83856.46,83873.52,83843.39,83873.42,20317
1770110580,2026-02-03T14:53:00,83873.96,83883.4,83859.43,83874.48,18900
1770110640,2026-02-03T14:54:00,83872.52,83879.56,83854.55,83859.52,14873
1770110700,2026-02-03T14:55:00,83861.16,83879.51,83859.12,83867.48,24592
1770110760,2026-02-03T14:56:00,83866.16,83875.66,83859.6,83871.41,13214
1770110820,2026-02-03T14:57:00,83871.4,83889.81,83865.83,83885.78,78939
1770110880,2026-02-03T14:58:00,83887.41,83950.25,83885.67,83912.23,41923
1770110940,2026-02-03T14:59:00,83911.27,83934.34,83904.21,83911.11,23717
1770111000,2026-02-03T15:00:00,83914.43,83931.31,83805.06,83805.06,82568
1770111060,2026-02-03T15:01:00,83807.86,83846.48,83807.71,83821.76,30727
1770111120,2026-02-03T15:02:00,83820.95,83825.16,83749.89,83753.7,26748
1770111180,2026-02-03T15:03:00,83753.6,83753.6,83722.64,83740.64,37487
1770111240,2026-02-03T15:04:00,83739.25,83741.15,83708.15,83722.56,28619
1770111300,2026-02-03T15:05:00,83722.84,83725.95,83645.97,83668.66,35008
1770111360,2026-02-03T15:06:00,83670.72,83757.4,83659.78,83757.4,24706
1770111420,2026-02-03T15:07:00,83758.67,83758.67,83725.28,83748.41,19408
1770111480,2026-02-03T15:08:00,83747.57,83748.94,83732.33,83734.49,22601
1770111540,2026-02-03T15:09:00,83736.87,83780.91,83723.35,83723.59,36957
1770111600,2026-02-03T15:10:00,83723.06,83755.44,83663.75,83755.44,41281
1770111660,2026-02-03T15:11:00,83755.36,83788.56,83755.36,83763.64,34178
1770111720,2026-02-03T15:12:00,83766.03,83780.24,83741.29,83780.24,55846
1770111780,2026-02-03T15:13:00,83781.51,83785.44,83740.29,83769.51,31799
1770111840,2026-02-03T15:14:00,83769.42,83782.18,83731.58,83731.58,80060
1770111900,2026-02-03T15:15:00,83733.78,83824.84,83663.56,83779.33,49280
1770111960,2026-02-03T15:16:00,83791.17,83808.75,83756.19,83787.03,58798
1770112020,2026-02-03T15:17:00,83787.96,83803.68,83745.85,83767.51,30871
1770112080,2026-02-03T15:18:00,83767.19,83781.47,83745.81,83745.81,29569
1770112140,2026-02-03T15:19:00,83741.27,83800.27,83730.65,83796.09,39529
1770112200,2026-02-03T15:20:00,83801.43,83801.43,83758.83,83766.47,29156
1770112260,2026-02-03T15:21:00,83764.95,83766.54,83741.69,83745.53,44419
1770112320,2026-02-03T15:22:00,83745.86,83777.83,83744.2,83768.39,96238
1770112380,2026-02-03T15:23:00,83768.63,83774.35,83759.43,83768.02,63617
1770112440,2026-02-03T15:24:00,83767.14,83777.22,83744.64,83744.64,42093
1770112500,2026-02-03T15:25:00,83754.0,83766.94,83707.65,83711.39,53196
1770112560,2026-02-03T15:26:00,83709.71,83745.14,83708.33,83708.33,40766
1770112620,2026-02-03T15:27:00,83713.89,83730.14,83698.5,83698.5,51761
1770112680,2026-02-03T15:28:00,83697.92,83724.79,83689.67,83712.96,152353
1770112740,2026-02-03T15:29:00,83721.91,83728.2,83684.12,83703.39,84647
1770176700,2026-02-04T09:15:00,83252.06,83493.4,83119.95,83443.94,458430
1770176760,2026-02-04T09:16:00,83430.21,83516.25,83397.36,83491.86,271039
1770176820,2026-02-04T09:17:00,83490.46,83656.69,83476.38,83633.08,184848
1770176880,2026-02-04T09:18:00,83633.1,83703.2,83623.29,83678.39,179986
1770176940,2026-02-04T09:19:00,83694.24,83694.4,83609.54,83614.49,113969
1770177000,2026-02-04T09:20:00,83609.83,83668.81,83608.45,83668.81,158792
1770177060,2026-02-04T09:21:00,83662.88,83662.88,83619.24,83621.57,84483
1770177120,2026-02-04T09:22:00,83616.62,83676.53,83602.28,83676.53,135659
1770177180,2026-02-04T09:23:00,83678.44,83724.14,83678.24,83724.14,97752
1770177240,2026-02-04T09:24:00,83725.22,83760.16,83721.86,83750.81,87809
1770177300,2026-02-04T09:25:00,83745.2,83791.79,83733.25,83777.12,73708
1770177360,2026-02-04T09:26:00,83780.13,83847.12,83780.13,83812.55,109895
1770177420,2026-02-04T09:27:00,83811.82,83828.03,83791.28,83815.32,83195
1770177480,2026-02-04T09:28:00,83811.74,83811.74,83770.44,83781.31,79454
1770177540,2026-02-04T09:29:00,83777.18,83780.39,83728.58,83728.58,58839
1770177600,2026-02-04T09:30:00,83737.69,83780.85,83731.71,83773.47,60388
1770177660,2026-02-04T09:31:00,83771.9,83847.51,83771.9,83847.51,82577
1770177720,2026-02-04T09:32:00,83847.77,83859.99,83824.08,83857.53,61943
1770177780,2026-02-04T09:33:00,83860.59,83867.38,83829.36,83829.36,53637
1770177840,2026-02-04T09:34:00,83822.51,83831.58,83767.67,83767.67,63138
1770177900,2026-02-04T09:35:00,83768.78,83776.1,83744.82,83765.66,38019
1770177960,2026-02-04T09:36:00,83768.37,83778.0,83751.6,83751.6,53000
1770178020,2026-02-04T09:37:00,83755.17,83755.47,83701.17,83704.97,50492
1770178080,2026-02-04T09:38:00,83706.54,83713.33,83667.52,83697.39,45571
1770178140,2026-02-04T09:39:00,83693.53,83701.6,83674.5,83675.45,39170
1770178200,2026-02-04T09:40:00,83669.62,83740.03,83667.17,83725.52,73109
1770178260,2026-02-04T09:41:00,83729.08,83790.91,83729.08,83785.9,82883
1770178320,2026-02-04T09:42:00,83785.52,83828.49,83785.52,83822.21,33901
1770178380,2026-02-04T09:43:00,83820.28,83870.66,83820.28,83866.25,37729
1770178440,2026-02-04T09:44:00,83851.97,83851.97,83824.49,83845.63,60690
1770178500,2026-02-04T09:45:00,83846.7,83880.8,83842.59,83873.33,58316
1770178560,2026-02-04T09:46:00,83884.53,83884.53,83831.47,83874.87,47132
1770178620,2026-02-04T09:47:00,83877.01,83885.87,83832.24,83841.99,55617
1770178680,2026-02-04T09:48:00,83843.54,83882.46,83841.81,83864.56,37537
1770178740,2026-02-04T09:49:00,83874.1,83877.93,83819.7,83826.96,31661
1770178800,2026-02-04T09:50:00,83823.45,83850.59,83801.32,83835.56,46490
1770178860,2026-02-04T09:51:00,83833.04,83833.04,83774.64,83787.94,58845
1770178920,2026-02-04T09:52:00,83785.22,83804.77,83783.41,83790.2,52893
1770178980,2026-02-04T09:53:00,83790.06,83790.06,83719.69,83724.5,57045
1770179040,2026-02-04T09:54:00,83723.22,83767.23,83713.24,83758.69,49616
1770179100,2026-02-04T09:55:00,83762.06,83779.41,83752.56,83768.51,39008
1770179160,2026-02-04T09:56:00,83770.22,83778.47,83753.6,83753.97,23441
1770179220,2026-02-04T09:57:00,83760.13,83760.14,83741.07,83751.12,33733
1770179280,2026-02-04T09:58:00,83752.13,83807.97,83749.75,83806.22,68597
1770179340,2026-02-04T09:59:00,83810.66,83823.57,83792.19,83793.9,25553
1770179400,2026-02-04T10:00:00,83792.11,83816.87,83779.87,83782.56,34547
1770179460,2026-02-04T10:01:00,83791.23,83828.43,83783.25,83794.47,28040
1770179520,2026-02-04T10:02:00,83797.03,83822.14,83789.37,83821.62,29348
1770179580,2026-02-04T10:03:00,83822.38,83834.41,83762.87,83809.86,68452
1770179640,2026-02-04T10:04:00,83811.6,83831.02,83779.86,83826.74,197791
1770179700,2026-02-04T10:05:00,83825.68,83846.28,83814.78,83826.17,16510
1770179760,2026-02-04T10:06:00,83824.46,83853.21,83793.54,83804.26,47769
1770179820,2026-02-04T10:07:00,83806.11,83828.6,83783.0,83795.37,23307
1770179880,2026-02-04T10:08:00,83802.36,83854.39,83802.36,83840.33,27813
1770179940,2026-02-04T10:09:00,83840.96,83854.92,83833.0,83854.86,17617
1770180000,2026-02-04T10:10:00,83852.18,83865.42,83840.23,83840.23,33058
1770180060,2026-02-04T10:11:00,83846.24,83867.32,83824.02,83833.01,17875
1770180120,2026-02-04T10:12:00,83831.23,83842.91,83813.05,83831.4,33095
1770180180,2026-02-04T10:13:00,83831.42,83845.64,83782.2,83789.39,21640
1770180240,2026-02-04T10:14:00,83785.89,83827.52,83762.26,83817.64,34016
1770180300,2026-02-04T10:15:00,83818.67,83828.94,83759.16,83776.72,24366
1770180360,2026-02-04T10:16:00,83776.9,83793.5,83774.56,83784.99,30078
1770180420,2026-02-04T10:17:00,83780.78,83794.68,83749.55,83755.24,25929
1770180480,2026-02-04T10:18:00,83756.0,83788.28,83745.79,83745.79,25538
1770180540,2026-02-04T10:19:00,83742.64,83746.9,83701.63,83738.47,23915
1770180600,2026-02-04T10:20:00,83737.89,83766.83,83719.64,83719.64,21270
1770180660,2026-02-04T10:21:00,83724.61,83775.56,83724.61,83736.94,32790
1770180720,2026-02-04T10:22:00,83735.57,83735.57,83660.14,83660.3,24506
1770180780,2026-02-04T10:23:00,83659.92,83700.3,83650.53,83650.53,22270
1770180840,2026-02-04T10:24:00,83656.71,83700.31,83644.6,83687.99,24887
1770180900,2026-02-04T10:25:00,83691.25,83694.56,83631.21,83669.82,20663
1770180960,2026-02-04T10:26:00,83668.64,83706.78,83668.64,83697.9,14339
1770181020,2026-02-04T10:27:00,83696.22,83699.59,83676.82,83679.94,14668
1770181080,2026-02-04T10:28:00,83678.06,83682.44,83659.36,83672.18,16328
1770181140,2026-02-04T10:29:00,83670.82,83688.7,83670.82,83671.42,19539
1770181200,2026-02-04T10:30:00,83673.91,83681.95,83663.68,83669.13,14273
1770181260,2026-02-04T10:31:00,83668.22,83692.13,83663.99,83678.55,20346
1770181320,2026-02-04T10:32:00,83683.49,83693.84,83666.85,83674.37,36854
1770181380,2026-02-04T10:33:00,83677.66,83677.66,83642.17,83642.17,19852
1770181440,2026-02-04T10:34:00,83643.57,83653.87,83611.35,83619.43,26283
1770181500,2026-02-04T10:35:00,83618.73,83625.47,83607.29,83619.12,22022
1770181560,2026-02-04T10:36:00,83617.72,83620.39,83573.46,83582.7,17578
1770181620,2026-02-04T10:37:00,83584.68,83632.52,83572.27,83573.81,57489
1770181680,2026-02-04T10:38:00,83573.29,83604.2,83555.81,83599.18,17504
1770181740,2026-02-04T10:39:00,83602.84,83628.21,83588.26,83628.21,22878
1770181800,2026-02-04T10:40:00,83624.78,83679.73,83624.78,83651.98,38175
1770181860,2026-02-04T10:41:00,83627.82,83656.37,83611.77,83654.09,20108
1770181920,2026-02-04T10:42:00,83653.25,83654.81,83633.68,83644.12,14600
1770181980,2026-02-04T10:43:00,83642.71,83668.0,83635.54,83667.7,18080
1770182040,2026-02-04T10:44:00,83672.1,83685.54,83646.46,83659.1,18989
1770182100,2026-02-04T10:45:00,83661.04,83677.89,83650.07,83652.03,17060
1770182160,2026-02-04T10:46:00,83650.33,83691.48,83650.33,83660.79,57035
1770182220,2026-02-04T10:47:00,83659.9,83698.29,83659.77,83685.34,25816
1770182280,2026-02-04T10:48:00,83686.35,83705.2,83682.82,83705.2,34555
1770182340,2026-02-04T10:49:00,83700.21,83740.18,83699.16,83733.38,41573
1770182400,2026-02-04T10:50:00,83733.56,83739.78,83721.27,83723.77,54259
1770182460,2026-02-04T10:51:00,83724.45,83739.33,83710.2,83729.24,118873
1770182520,2026-02-04T10:52:00,83722.27,83741.25,83683.62,83691.81,22129
1770182580,2026-02-04T10:53:00,83708.79,83745.19,83701.72,83725.21,18956
1770182640,2026-02-04T10:54:00,83728.92,83728.92,83667.89,83701.81,553258
1770182700,2026-02-04T10:55:00,83703.75,83708.61,83666.95,83708.61,22308
1770182760,2026-02-04T10:56:00,83707.37,83726.66,83682.75,83684.46,35732
1770182820,2026-02-04T10:57:00,83678.81,83705.38,83648.98,83650.67,23553
1770182880,2026-02-04T10:58:00,83651.51,83700.61,83651.51,83664.59,67134
1770182940,2026-02-04T10:59:00,83662.86,83715.18,83662.86,83704.61,32845
1770183000,2026-02-04T11:00:00,83704.46,83724.45,83700.88,83722.46,37107
1770183060,2026-02-04T11:01:00,83722.82,83735.64,83718.03,83724.0,28581
1770183120,2026-02-04T11:02:00,83726.2,83726.2,83663.11,83680.4,49275
1770183180,2026-02-04T11:03:00,83688.95,83755.29,83688.03,83755.29,32770
1770183240,2026-02-04T11:04:00,83759.4,83763.63,83718.26,83720.7,21145
1770183300,2026-02-04T11:05:00,83719.47,83722.02,83690.52,83715.73,26937
1770183360,2026-02-04T11:06:00,83717.69,83749.39,83709.77,83749.39,33735
1770183420,2026-02-04T11:07:00,83750.53,83752.38,83724.01,83727.84,31582
1770183480,2026-02-04T11:08:00,83727.24,83727.24,83715.38,83718.23,64854
1770183540,2026-02-04T11:09:00,83723.93,83723.93,83687.25,83690.79,52348
1770183600,2026-02-04T11:10:00,83699.94,83699.99,83661.47,83664.52,19212
1770183660,2026-02-04T11:11:00,83663.86,83665.19,83639.96,83643.54,21092
1770183720,2026-02-04T11:12:00,83644.35,83650.48,83619.94,83619.96,38615
1770183780,2026-02-04T11:13:00,83619.86,83655.34,83619.86,83653.32,18915
1770183840,2026-02-04T11:14:00,83652.64,83661.98,83631.6,83661.98,22607
1770183900,2026-02-04T11:15:00,83660.3,83662.12,83624.98,83626.0,20162
1770183960,2026-02-04T11:16:00,83625.87,83625.87,83614.1,83615.16,52264
1770184020,2026-02-04T11:17:00,83611.04,83611.08,83584.25,83602.62,23087
1770184080,2026-02-04T11:18:00,83602.98,83606.48,83584.85,83603.6,27768
1770184140,2026-02-04T11:19:00,83602.97,83605.42,83590.46,83594.0,24166
1770184200,2026-02-04T11:20:00,83594.43,83606.66,83589.91,83606.66,22171
1770184260,2026-02-04T11:21:00,83613.88,83613.88,83597.0,83604.62,14316
1770184320,2026-02-04T11:22:00,83604.73,83634.38,83604.73,83615.31,19859
1770184380,2026-02-04T11:23:00,83617.03,83617.03,83590.86,83590.86,47344
1770184440,2026-02-04T11:24:00,83589.46,83589.46,83554.13,83558.71,32482
1770184500,2026-02-04T11:25:00,83555.85,83571.62,83555.75,83571.62,57116
1770184560,2026-02-04T11:26:00,83568.77,83571.59,83549.52,83556.83,68438
1770184620,2026-02-04T11:27:00,83559.76,83561.38,83529.77,83531.52,55443
1770184680,2026-02-04T11:28:00,83530.97,83556.42,83509.07,83548.4,30739
1770184740,2026-02-04T11:29:00,83548.23,83568.13,83532.6,83544.36,27894
1770184800,2026-02-04T11:30:00,83542.92,83557.09,83529.97,83530.62,21447
1770184860,2026-02-04T11:31:00,83529.7,83570.89,83510.56,83570.89,21615
1770184920,2026-02-04T11:32:00,83571.81,83589.44,83570.4,83583.79,48185
1770184980,2026-02-04T11:33:00,83585.09,83585.09,83547.81,83555.14,53641
1770185040,2026-02-04T11:34:00,83554.31,83584.96,83554.31,83556.98,26785
1770185100,2026-02-04T11:35:00,83556.04,83580.75,83551.71,83576.86,33117
1770185160,2026-02-04T11:36:00,83567.2,83578.21,83537.41,83537.46,42565
1770185220,2026-02-04T11:37:00,83543.37,83585.32,83540.03,83542.07,76580
1770185280,2026-02-04T11:38:00,83544.44,83588.84,83538.69,83585.34,17741
1770185340,2026-02-04T11:39:00,83581.55,83601.69,83549.87,83551.73,35292
1770185400,2026-02-04T11:40:00,83550.95,83603.34,83549.48,83581.59,27140
1770185460,2026-02-04T11:41:00,83578.32,83611.57,83578.32,83605.72,22310
1770185520,2026-02-04T11:42:00,83605.3,83628.35,83601.88,83623.94,36997
1770185580,2026-02-04T11:43:00,83622.78,83622.78,83602.66,83605.08,23533
1770185640,2026-02-04T11:44:00,83604.86,83610.01,83596.72,83604.65,17183
1770185700,2026-02-04T11:45:00,83604.33,83638.63,83604.33,83632.17,50068
1770185760,2026-02-04T11:46:00,83632.07,83634.3,83600.19,83600.19,28735
1770185820,2026-02-04T11:47:00,83601.83,83610.48,83569.97,83569.97,66187
1770185880,2026-02-04T11:48:00,83568.49,83593.87,83566.83,83592.04,25962
1770185940,2026-02-04T11:49:00,83595.32,83596.02,83582.48,83590.18,22670
1770186000,2026-02-04T11:50:00,83589.01,83597.84,83549.67,83549.67,36189
1770186060,2026-02-04T11:51:00,83552.72,83559.46,83547.24,83555.79,21203
1770186120,2026-02-04T11:52:00,83555.19,83563.34,83544.01,83557.01,27545
1770186180,2026-02-04T11:53:00,83561.68,83568.63,83549.41,83566.8,17931
1770186240,2026-02-04T11:54:00,83570.81,83634.06,83568.53,83632.15,79100
1770186300,2026-02-04T11:55:00,83631.79,83637.98,83617.17,83636.49,31075
1770186360,2026-02-04T11:56:00,83635.88,83655.45,83629.2,83637.44,34411
1770186420,2026-02-04T11:57:00,83637.55,83637.55,83617.26,83621.85,27758
1770186480,2026-02-04T11:58:00,83620.82,83644.55,83618.74,83627.81,47394
1770186540,2026-02-04T11:59:00,83627.29,83645.32,83619.74,83637.77,24851
1770186600,2026-02-04T12:00:00,83639.0,83661.98,83639.0,83652.6,24249
1770186660,2026-02-04T12:01:00,83651.98,83659.25,83639.4,83643.94,17842
1770186720,2026-02-04T12:02:00,83643.03,83647.33,83620.77,83629.05,28309
1770186780,2026-02-04T12:03:00,83629.31,83631.69,83594.51,83600.72,24739
1770186840,2026-02-04T12:04:00,83596.97,83599.46,83578.3,83598.47,18124
1770186900,2026-02-04T12:05:00,83599.34,83615.44,83594.42,83615.44,277556
1770186960,2026-02-04T12:06:00,83614.09,83622.1,83608.89,83615.36,33989
1770187020,2026-02-04T12:07:00,83615.27,83644.65,83612.88,83643.73,12184
1770187080,2026-02-04T12:08:00,83646.87,83660.99,83639.16,83656.81,21387
1770187140,2026-02-04T12:09:00,83657.79,83672.29,83657.47,83666.22,40060
1770187200,2026-02-04T12:10:00,83667.26,83674.12,83660.84,83669.07,32771
1770187260,2026-02-04T12:11:00,83670.77,83672.75,83656.9,83665.98,35388
1770187320,2026-02-04T12:12:00,83662.94,83664.91,83647.3,83658.66,15525
1770187380,2026-02-04T12:13:00,83658.07,83659.57,83641.05,83651.05,21039
1770187440,2026-02-04T12:14:00,83655.74,83690.87,83653.85,83688.08,29607
1770187500,2026-02-04T12:15:00,83687.24,83704.69,83679.94,83696.24,60958
1770187560,2026-02-04T12:16:00,83699.57,83706.78,83685.67,83686.35,25591
1770187620,2026-02-04T12:17:00,83691.33,83698.12,83684.34,83689.43,31651
1770187680,2026-02-04T12:18:00,83691.35,83696.08,83664.76,83665.79,330981
1770187740,2026-02-04T12:19:00,83662.88,83666.15,83650.1,83657.71,54748
1770187800,2026-02-04T12:20:00,83658.68,83665.84,83651.11,83665.84,52141
1770187860,2026-02-04T12:21:00,83665.49,83675.07,83643.97,83654.58,13489
1770187920,2026-02-04T12:22:00,83655.19,83660.59,83633.25,83633.98,22438
1770187980,2026-02-04T12:23:00,83631.86,83656.64,83631.86,83652.05,197958
1770188040,2026-02-04T12:24:00,83651.42,83652.4,83623.16,83624.73,49811
1770188100,2026-02-04T12:25:00,83628.62,83658.26,83628.4,83655.16,49681
1770188160,2026-02-04T12:26:00,83655.04,83691.3,83653.54,83687.65,98524
1770188220,2026-02-04T12:27:00,83688.91,83696.92,83680.07,83695.87,74682
1770188280,2026-02-04T12:28:00,83701.8,83718.89,83701.8,83714.84,165505
1770188340,2026-02-04T12:29:00,83717.28,83720.39,83706.03,83706.97,51073
1770188400,2026-02-04T12:30:00,83700.15,83701.98,83674.04,83674.04,49621
1770188460,2026-02-04T12:31:00,83672.05,83673.25,83644.57,83647.76,43360
1770188520,2026-02-04T12:32:00,83646.61,83682.16,83644.61,83678.05,2233759
1770188580,2026-02-04T12:33:00,83675.62,83675.62,83657.95,83664.24,26734
1770188640,2026-02-04T12:34:00,83660.77,83676.54,83657.97,83676.54,24541
1770188700,2026-02-04T12:35:00,83675.8,83676.64,83661.97,83661.97,17222
1770188760,2026-02-04T12:36:00,83662.03,83662.03,83641.44,83641.44,19000
1770188820,2026-02-04T12:37:00,83641.6,83669.63,83640.82,83667.88,19855
1770188880,2026-02-04T12:38:00,83667.17,83679.6,83658.75,83658.75,22798
1770188940,2026-02-04T12:39:00,83661.32,83688.3,83656.31,83687.39,81651
1770189000,2026-02-04T12:40:00,83686.3,83710.93,83672.04,83710.93,39057
1770189060,2026-02-04T12:41:00,83711.52,83728.57,83688.85,83705.47,20428
1770189120,2026-02-04T12:42:00,83706.03,83763.03,83705.49,83756.82,235985
1770189180,2026-02-04T12:43:00,83754.41,83755.28,83707.24,83741.6,20197
1770189240,2026-02-04T12:44:00,83741.71,83744.17,83657.04,83657.04,20485
1770189300,2026-02-04T12:45:00,83654.22,83689.21,83653.98,83657.71,25666
1770189360,2026-02-04T12:46:00,83658.35,83674.2,83638.7,83674.2,16029
1770189420,2026-02-04T12:47:00,83675.16,83677.61,83632.43,83659.9,24894
1770189480,2026-02-04T12:48:00,83661.15,83661.15,83618.16,83618.16,18634
1770189540,2026-02-04T12:49:00,83619.87,83648.81,83607.05,83643.36,26156
1770189600,2026-02-04T12:50:00,83643.88,83644.63,83597.3,83626.52,52328
1770189660,2026-02-04T12:51:00,83628.3,83632.51,83604.43,83606.72,19366
1770189720,2026-02-04T12:52:00,83607.71,83622.12,83603.08,83603.17,65951
1770189780,2026-02-04T12:53:00,83603.59,83622.21,83592.43,83619.74,22834
1770189840,2026-02-04T12:54:00,83617.66,83622.53,83589.56,83592.97,21237
1770189900,2026-02-04T12:55:00,83595.63,83607.49,83591.29,83597.31,37402
1770189960,2026-02-04T12:56:00,83596.92,83611.65,83596.15,83605.87,11739
1770190020,2026-02-04T12:57:00,83607.66,83608.39,83587.62,83596.73,15349
1770190080,2026-02-04T12:58:00,83597.62,83599.16,83574.64,83578.09,23045
1770190140,2026-02-04T12:59:00,83582.84,83584.03,83558.89,83560.89,54095
1770190200,2026-02-04T13:00:00,83563.54,83580.08,83563.54,83576.3,159388
1770190260,2026-02-04T13:01:00,83576.83,83577.82,83552.18,83566.33,212823
1770190320,2026-02-04T13:02:00,83572.97,83587.23,83572.48,83574.52,12713
1770190380,2026-02-04T13:03:00,83580.79,83603.63,83580.79,83594.26,113391
1770190440,2026-02-04T13:04:00,83589.35,83604.96,83584.15,83600.02,42852
1770190500,2026-02-04T13:05:00,83600.01,83612.75,83591.35,83610.67,70146
1770190560,2026-02-04T13:06:00,83609.54,83620.14,83606.39,83618.29,19710
1770190620,2026-02-04T13:07:00,83617.33,83631.85,83616.29,83623.1,15086
1770190680,2026-02-04T13:08:00,83623.97,83660.07,83623.42,83655.78,72545
1770190740,2026-02-04T13:09:00,83660.47,83675.47,83660.19,83674.24,16937
1770190800,2026-02-04T13:10:00,83675.1,83675.1,83653.33,83654.07,49555
1770190860,2026-02-04T13:11:00,83656.79,83669.28,83652.23,83662.19,36753
1770190920,2026-02-04T13:12:00,83663.55,83682.65,83658.37,83682.65,6950
1770190980,2026-02-04T13:13:00,83683.57,83686.03,83669.98,83682.66,16519
1770191040,2026-02-04T13:14:00,83682.77,83691.85,83672.17,83673.2,12782
1770191100,2026-02-04T13:15:00,83671.16,83697.27,83671.16,83686.45,20270
1770191160,2026-02-04T13:16:00,83686.56,83694.88,83677.15,83682.17,60579
1770191220,2026-02-04T13:17:00,83678.81,83680.37,83666.24,83678.6,21649
1770191280,2026-02-04T13:18:00,83679.9,83687.62,83667.27,83667.27,23690
1770191340,2026-02-04T13:19:00,83663.68,83669.07,83650.89,83660.34,19847
1770191400,2026-02-04T13:20:00,83661.23,83691.21,83661.23,83673.56,14746
1770191460,2026-02-04T13:21:00,83672.96,83689.31,83671.24,83676.97,31307
1770191520,2026-02-04T13:22:00,83677.76,83702.98,83670.87,83697.1,68643
1770191580,2026-02-04T13:23:00,83696.43,83731.11,83696.43,83731.11,54720
1770191640,2026-02-04T13:24:00,83730.36,83732.56,83718.63,83721.54,15382
1770191700,2026-02-04T13:25:00,83722.55,83736.98,83720.0,83734.54,97834
1770191760,2026-02-04T13:26:00,83735.84,83746.58,83713.74,83717.3,16887
1770191820,2026-02-04T13:27:00,83718.07,83746.43,83716.73,83743.86,18602
1770191880,2026-02-04T13:28:00,83743.44,83751.58,83738.25,83745.14,10037
1770191940,2026-02-04T13:29:00,83744.7,83755.09,83741.87,83742.49,173466
1770192000,2026-02-04T13:30:00,83748.87,83763.48,83745.86,83763.48,21296
1770192060,2026-02-04T13:31:00,83761.55,83772.48,83750.53,83758.63,22646
1770192120,2026-02-04T13:32:00,83758.07,83789.85,83758.07,83783.32,19889
1770192180,2026-02-04T13:33:00,83783.05,83783.05,83755.6,83758.95,26127
1770192240,2026-02-04T13:34:00,83755.77,83772.56,83753.07,83766.62,19717
1770192300,2026-02-04T13:35:00,83768.28,83789.84,83755.79,83755.79,33174
1770192360,2026-02-04T13:36:00,83754.78,83788.92,83744.73,83788.33,14668
1770192420,2026-02-04T13:37:00,83789.87,83801.46,83784.22,83799.22,14286
1770192480,2026-02-04T13:38:00,83798.56,83800.8,83755.06,83755.06,13564
1770192540,2026-02-04T13:39:00,83751.76,83806.55,83751.76,83773.71,19290
1770192600,2026-02-04T13:40:00,83776.66,83810.59,83764.2,83802.47,20312
1770192660,2026-02-04T13:41:00,83802.26,83812.52,83763.44,83809.1,144720
1770192720,2026-02-04T13:42:00,83809.25,83812.19,83768.3,83786.0,15720
1770192780,2026-02-04T13:43:00,83788.32,83801.23,83781.94,83794.87,13556
1770192840,2026-02-04T13:44:00,83798.87,83810.63,83773.64,83774.71,23879
1770192900,2026-02-04T13:45:00,83775.82,83806.73,83774.09,83783.79,22280
1770192960,2026-02-04T13:46:00,83782.8,83783.82,83771.66,83775.01,32433
1770193020,2026-02-04T13:47:00,83775.25,83779.45,83763.11,83771.29,33641
1770193080,2026-02-04T13:48:00,83768.13,83796.08,83768.13,83772.08,15679
1770193140,2026-02-04T13:49:00,83772.24,83789.85,83768.13,83784.24,27184
1770193200,2026-02-04T13:50:00,83782.32,83792.56,83755.21,83759.93,24287
1770193260,2026-02-04T13:51:00,83756.86,83813.32,83756.86,83813.32,23660
1770193320,2026-02-04T13:52:00,83811.3,83838.95,83811.3,83811.3,27838
1770193380,2026-02-04T13:53:00,83808.68,83851.38,83801.53,83851.0,223489
1770193440,2026-02-04T13:54:00,83854.48,83859.38,83839.49,83859.38,26962
1770193500,2026-02-04T13:55:00,83860.4,83864.01,83813.86,83849.16,44835
1770193560,2026-02-04T13:56:00,83847.44,83852.75,83811.5,83811.5,20301
1770193620,2026-02-04T13:57:00,83809.6,83846.42,83802.24,83816.75,13487
1770193680,2026-02-04T13:58:00,83813.09,83831.63,83790.91,83829.73,33038
1770193740,2026-02-04T13:59:00,83826.89,83828.14,83787.88,83805.39,31006
1770193800,2026-02-04T14:00:00,83806.64,83810.49,83769.26,83769.86,44349
1770193860,2026-02-04T14:01:00,83769.08,83783.94,83769.08,83776.74,18423
1770193920,2026-02-04T14:02:00,83775.73,83775.73,83757.36,83763.62,21661
1770193980,2026-02-04T14:03:00,83763.95,83763.95,83741.84,83760.05,17163
1770194040,2026-02-04T14:04:00,83763.53,83779.18,83759.37,83765.34,85396
1770194100,2026-02-04T14:05:00,83766.57,83773.3,83757.81,83757.81,10379
1770194160,2026-02-04T14:06:00,83760.61,83762.33,83746.38,83753.02,17637
1770194220,2026-02-04T14:07:00,83752.18,83763.11,83742.0,83758.67,16012
1770194280,2026-02-04T14:08:00,83757.71,83775.71,83739.37,83775.71,14473
1770194340,2026-02-04T14:09:00,83775.15,83781.6,83743.63,83778.43,13143
1770194400,2026-02-04T14:10:00,83778.96,83801.49,83750.04,83801.16,29191
1770194460,2026-02-04T14:11:00,83803.0,83813.02,83780.66,83809.34,22503
1770194520,2026-02-04T14:12:00,83807.52,83840.07,83807.33,83840.07,19430
1770194580,2026-02-04T14:13:00,83841.76,83854.89,83817.29,83817.62,22290
1770194640,2026-02-04T14:14:00,83817.67,83856.33,83817.63,83853.42,13826
1770194700,2026-02-04T14:15:00,83853.22,83879.59,83849.35,83849.35,23817
1770194760,2026-02-04T14:16:00,83849.83,83884.26,83840.31,83847.05,18310
1770194820,2026-02-04T14:17:00,83849.81,83900.57,83848.24,83874.76,37832
1770194880,2026-02-04T14:18:00,83870.52,83933.72,83870.52,83888.94,34875
1770194940,2026-02-04T14:19:00,83888.25,83910.03,83869.76,83900.42,35448
1770195000,2026-02-04T14:20:00,83901.21,83919.48,83901.21,83919.48,16555
1770195060,2026-02-04T14:21:00,83916.6,83947.53,83916.37,83945.63,23617
1770195120,2026-02-04T14:22:00,83942.34,83944.07,83903.64,83908.18,19640
1770195180,2026-02-04T14:23:00,83908.18,83910.94,83898.53,83900.66,32553
1770195240,2026-02-04T14:24:00,83901.3,83907.57,83874.49,83879.87,25708
1770195300,2026-02-04T14:25:00,83877.69,83888.76,83835.35,83835.35,55436
1770195360,2026-02-04T14:26:00,83837.76,83897.31,83816.33,83897.31,137976
1770195420,2026-02-04T14:27:00,83893.63,83893.63,83859.77,83870.91,69039
1770195480,2026-02-04T14:28:00,83869.76,83872.53,83844.45,83857.88,28667
1770195540,2026-02-04T14:29:00,83859.82,83876.71,83857.1,83872.3,20208
1770195600,2026-02-04T14:30:00,83876.2,83887.87,83859.0,83861.06,34841
1770195660,2026-02-04T14:31:00,83859.66,83876.2,83858.82,83873.24,25909
1770195720,2026-02-04T14:32:00,83873.16,83884.13,83861.85,83872.2,13790
1770195780,2026-02-04T14:33:00,83873.09,83882.51,83869.2,83877.25,33142
1770195840,2026-02-04T14:34:00,83884.09,83890.65,83865.08,83870.46,15839
1770195900,2026-02-04T14:35:00,83870.23,83879.17,83860.11,83860.11,21592
1770195960,2026-02-04T14:36:00,83859.23,83902.91,83858.4,83902.91,41571
1770196020,2026-02-04T14:37:00,83904.12,83923.99,83896.12,83918.75,18636
1770196080,2026-02-04T14:38:00,83917.74,83924.84,83907.7,83921.86,18964
1770196140,2026-02-04T14:39:00,83925.63,83942.03,83924.84,83924.84,18108
1770196200,2026-02-04T14:40:00,83923.84,83926.96,83907.27,83912.62,31392
1770196260,2026-02-04T14:41:00,83912.75,83928.97,83912.05,83924.16,41074
1770196320,2026-02-04T14:42:00,83925.7,83932.26,83893.13,83896.51,32933
1770196380,2026-02-04T14:43:00,83897.47,83930.05,83887.45,83895.41,26053
1770196440,2026-02-04T14:44:00,83903.21,83942.29,83903.21,83938.69,72067
1770196500,2026-02-04T14:45:00,83936.97,83943.25,83896.21,83898.04,21709
1770196560,2026-02-04T14:46:00,83895.39,83938.84,83888.73,83899.78,61486
1770196620,2026-02-04T14:47:00,83901.16,83905.49,83837.06,83837.06,62659
1770196680,2026-02-04T14:48:00,83838.33,83889.37,83828.75,83872.56,42375
1770196740,2026-02-04T14:49:00,83872.21,83898.33,83861.38,83864.35,54287
1770196800,2026-02-04T14:50:00,83864.7,83892.88,83864.7,83886.81,20976
1770196860,2026-02-04T14:51:00,83886.3,83903.38,83877.58,83902.41,29339
1770196920,2026-02-04T14:52:00,83900.47,83907.92,83869.12,83902.74,25046
1770196980,2026-02-04T14:53:00,83902.54,83902.54,83877.27,83877.27,25694
1770197040,2026-02-04T14:54:00,83877.89,83883.38,83864.92,83883.38,54412
1770197100,2026-02-04T14:55:00,83883.52,83893.9,83872.57,83891.94,28394
1770197160,2026-02-04T14:56:00,83891.33,83892.88,83833.99,83878.0,15039
1770197220,2026-02-04T14:57:00,83876.15,83877.26,83839.02,83865.87,15524
1770197280,2026-02-04T14:58:00,83867.91,83871.83,83854.65,83857.68,26379
1770197340,2026-02-04T14:59:00,83853.67,83859.84,83808.02,83818.61,31387
1770197400,2026-02-04T15:00:00,83822.47,83911.48,83822.47,83895.35,92631
1770197460,2026-02-04T15:01:00,83903.25,83938.45,83863.92,83890.79,37412
1770197520,2026-02-04T15:02:00,83859.88,83882.93,83833.98,83833.98,60054
1770197580,2026-02-04T15:03:00,83836.49,83899.72,83822.37,83899.72,171480
1770197640,2026-02-04T15:04:00,83899.59,83899.59,83833.02,83835.66,110082
1770197700,2026-02-04T15:05:00,83835.69,83865.17,83835.69,83846.89,46306
1770197760,2026-02-04T15:06:00,83847.5,83880.96,83847.35,83862.27,31209
1770197820,2026-02-04T15:07:00,83852.8,83874.16,83837.49,83841.94,35305
1770197880,2026-02-04T15:08:00,83836.27,83860.08,83822.62,83824.21,26054
1770197940,2026-02-04T15:09:00,83823.68,83840.36,83811.4,83825.56,23544
1770198000,2026-02-04T15:10:00,83824.63,83835.01,83820.73,83833.8,27448
1770198060,2026-02-04T15:11:00,83814.91,83848.19,83808.2,83830.62,46426
1770198120,2026-02-04T15:12:00,83832.68,83858.92,83824.16,83843.23,46499
1770198180,2026-02-04T15:13:00,83842.09,83852.54,83834.44,83840.54,37718
1770198240,2026-02-04T15:14:00,83839.41,83851.98,83827.1,83834.71,81276
1770198300,2026-02-04T15:15:00,83833.7,83876.52,83833.65,83874.18,107109
1770198360,2026-02-04T15:16:00,83874.92,83882.29,83849.15,83854.41,46962
1770198420,2026-02-04T15:17:00,83852.89,83878.49,83842.99,83856.02,59623
1770198480,2026-02-04T15:18:00,83852.53,83860.13,83833.31,83851.18,21304
1770198540,2026-02-04T15:19:00,83847.57,83848.57,83820.35,83821.27,40110
1770198600,2026-02-04T15:20:00,83824.98,83824.98,83773.32,83804.17,80598
1770198660,2026-02-04T15:21:00,83801.08,83810.22,83796.15,83800.39,72542
1770198720,2026-02-04T15:22:00,83799.62,83799.62,83767.13,83775.4,47178
1770198780,2026-02-04T15:23:00,83773.07,83789.72,83773.07,83775.15,55731
1770198840,2026-02-04T15:24:00,83772.53,83786.64,83767.33,83772.02,43605
1770198900,2026-02-04T15:25:00,83774.37,83780.4,83764.17,83770.18,52092
1770198960,2026-02-04T15:26:00,83770.04,83779.54,83753.78,83754.35,57316
1770199020,2026-02-04T15:27:00,83754.44,83755.6,83729.37,83754.66,55425
1770199080,2026-02-04T15:28:00,83748.88,83757.2,83692.9,83706.45,92864
1770199140,2026-02-04T15:29:00,83714.03,83758.97,83697.33,83713.53,123726
1770263100,2026-02-05T09:15:00,83757.54,83784.17,83565.35,83671.24,147333
1770263160,2026-02-05T09:16:00,83653.89,83693.08,83642.58,83653.76,98529
1770263220,2026-02-05T09:17:00,83649.91,83737.15,83646.55,83727.58,109997
1770263280,2026-02-05T09:18:00,83711.47,83762.73,83705.0,83733.42,807960
1770263340,2026-02-05T09:19:00,83723.38,83737.3,83680.9,83694.1,78271
1770263400,2026-02-05T09:20:00,83693.16,83693.16,83578.42,83589.97,94183
1770263460,2026-02-05T09:21:00,83590.18,83611.96,83558.56,83568.15,76104
1770263520,2026-02-05T09:22:00,83560.39,83596.48,83539.55,83571.15,62616
1770263580,2026-02-05T09:23:00,83570.93,83612.84,83538.97,83592.63,52360
1770263640,2026-02-05T09:24:00,83585.63,83592.56,83538.25,83547.77,37360
1770263700,2026-02-05T09:25:00,83541.61,83543.44,83520.7,83531.79,55655
1770263760,2026-02-05T09:26:00,83526.7,83559.73,83518.52,83544.61,65839
1770263820,2026-02-05T09:27:00,83540.0,83540.0,83509.25,83514.9,39994
1770263880,2026-02-05T09:28:00,83513.66,83533.35,83502.77,83508.38,43341
1770263940,2026-02-05T09:29:00,83509.81,83561.69,83504.75,83561.69,53144
1770264000,2026-02-05T09:30:00,83560.39,83617.51,83557.9,83584.39,70405
1770264060,2026-02-05T09:31:00,83580.39,83636.56,83580.39,83617.08,30569
1770264120,2026-02-05T09:32:00,83614.55,83659.89,83611.3,83639.02,38319
1770264180,2026-02-05T09:33:00,83638.85,83674.01,83614.82,83618.69,34588
1770264240,2026-02-05T09:34:00,83617.54,83635.36,83550.59,83581.05,36597
1770264300,2026-02-05T09:35:00,83581.34,83621.43,83570.64,83584.22,30178
1770264360,2026-02-05T09:36:00,83581.64,83586.48,83530.73,83530.73,30560
1770264420,2026-02-05T09:37:00,83518.63,83551.52,83491.59,83551.52,29253
1770264480,2026-02-05T09:38:00,83548.44,83548.44,83490.45,83490.57,35239
1770264540,2026-02-05T09:39:00,83485.5,83523.76,83454.46,83503.82,22628
1770264600,2026-02-05T09:40:00,83505.56,83546.95,83479.27,83508.84,30245
1770264660,2026-02-05T09:41:00,83509.68,83514.55,83455.99,83489.04,26289
1770264720,2026-02-05T09:42:00,83493.07,83493.07,83427.69,83441.2,31356
1770264780,2026-02-05T09:43:00,83439.87,83466.24,83420.22,83436.55,26606
1770264840,2026-02-05T09:44:00,83435.8,83443.44,83383.11,83389.74,28103
1770264900,2026-02-05T09:45:00,83389.5,83391.02,83369.42,83390.02,37606
1770264960,2026-02-05T09:46:00,83393.87,83409.36,83383.98,83389.35,23516
1770265020,2026-02-05T09:47:00,83383.4,83411.93,83382.35,83405.44,35259
1770265080,2026-02-05T09:48:00,83404.79,83407.2,83376.93,83379.17,21743
1770265140,2026-02-05T09:49:00,83377.61,83385.4,83359.38,83376.89,29323
1770265200,2026-02-05T09:50:00,83381.63,83433.24,83381.03,83395.61,25929
1770265260,2026-02-05T09:51:00,83393.95,83440.81,83387.72,83405.53,48484
1770265320,2026-02-05T09:52:00,83406.53,83411.0,83367.33,83374.03,33252
1770265380,2026-02-05T09:53:00,83373.56,83407.13,83351.69,83351.69,23052
1770265440,2026-02-05T09:54:00,83349.3,83387.73,83337.87,83350.68,38577
1770265500,2026-02-05T09:55:00,83349.62,83383.91,83337.6,83378.89,26817
1770265560,2026-02-05T09:56:00,83380.8,83383.15,83313.46,83377.59,14562
1770265620,2026-02-05T09:57:00,83383.33,83396.67,83360.22,83364.71,22489
1770265680,2026-02-05T09:58:00,83363.89,83403.17,83363.89,83396.51,20734
1770265740,2026-02-05T09:59:00,83393.59,83424.23,83393.59,83412.63,16269
1770265800,2026-02-05T10:00:00,83412.3,83420.55,83372.16,83378.91,28286
1770265860,2026-02-05T10:01:00,83381.52,83393.55,83370.09,83373.16,15679
1770265920,2026-02-05T10:02:00,83371.25,83374.94,83352.57,83369.35,15691
1770265980,2026-02-05T10:03:00,83370.2,83373.64,83357.71,83368.52,15878
1770266040,2026-02-05T10:04:00,83364.91,83414.03,83364.91,83402.92,26249
1770266100,2026-02-05T10:05:00,83406.21,83418.22,83387.21,83388.91,27201
1770266160,2026-02-05T10:06:00,83390.51,83406.18,83384.76,83386.6,18563
1770266220,2026-02-05T10:07:00,83387.61,83406.79,83373.04,83398.78,13119
1770266280,2026-02-05T10:08:00,83397.54,83437.81,83359.21,83371.44,30822
1770266340,2026-02-05T10:09:00,83363.54,83412.67,83363.54,83375.01,10880
1770266400,2026-02-05T10:10:00,83377.02,83483.21,83372.54,83483.21,23690
1770266460,2026-02-05T10:11:00,83487.78,83503.51,83437.29,83456.49,21972
1770266520,2026-02-05T10:12:00,83455.9,83504.25,83455.53,83494.45,20625
1770266580,2026-02-05T10:13:00,83498.5,83511.68,83443.76,83471.03,24048
1770266640,2026-02-05T10:14:00,83468.85,83529.3,83464.63,83522.06,18642
1770266700,2026-02-05T10:15:00,83514.55,83520.36,83470.26,83491.86,27267
1770266760,2026-02-05T10:16:00,83490.91,83512.46,83479.98,83507.34,11083
1770266820,2026-02-05T10:17:00,83504.83,83504.83,83464.53,83471.56,14424
1770266880,2026-02-05T10:18:00,83469.54,83472.48,83445.27,83445.27,10848
1770266940,2026-02-05T10:19:00,83441.91,83494.43,83441.45,83473.86,14174
1770267000,2026-02-05T10:20:00,83506.74,83552.31,83499.6,83552.31,63684
1770267060,2026-02-05T10:21:00,83551.83,83557.51,83497.26,83550.07,24525
1770267120,2026-02-05T10:22:00,83549.16,83581.53,83505.33,83548.56,29888
1770267180,2026-02-05T10:23:00,83545.6,83595.06,83542.16,83559.09,24106
1770267240,2026-02-05T10:24:00,83555.89,83601.78,83544.75,83591.79,14212
1770267300,2026-02-05T10:25:00,83588.29,83592.57,83554.05,83575.77,19223
1770267360,2026-02-05T10:26:00,83575.89,83590.94,83536.32,83541.32,27412
1770267420,2026-02-05T10:27:00,83539.0,83584.04,83534.64,83557.67,14808
1770267480,2026-02-05T10:28:00,83557.58,83557.58,83523.18,83526.4,14239
1770267540,2026-02-05T10:29:00,83525.48,83533.82,83485.66,83487.78,16590
1770267600,2026-02-05T10:30:00,83484.75,83492.18,83478.54,83486.47,82297
1770267660,2026-02-05T10:31:00,83479.25,83479.25,83444.82,83444.82,36891
1770267720,2026-02-05T10:32:00,83443.07,83466.51,83443.07,83460.42,22304
1770267780,2026-02-05T10:33:00,83456.6,83460.98,83406.87,83433.13,11763
1770267840,2026-02-05T10:34:00,83431.66,83431.66,83380.47,83387.46,11945
1770267900,2026-02-05T10:35:00,83388.21,83443.12,83384.01,83424.21,11597
1770267960,2026-02-05T10:36:00,83424.16,83424.53,83381.06,83417.07,9209
1770268020,2026-02-05T10:37:00,83416.77,83426.96,83371.68,83411.62,14949
1770268080,2026-02-05T10:38:00,83411.46,83411.46,83354.54,83377.82,13907
1770268140,2026-02-05T10:39:00,83379.0,83379.0,83335.22,83336.3,15535
1770268200,2026-02-05T10:40:00,83333.72,83369.52,83320.6,83359.17,37062
1770268260,2026-02-05T10:41:00,83369.19,83414.19,83363.16,83410.73,16306
1770268320,2026-02-05T10:42:00,83410.78,83423.37,83408.31,83412.77,22116
1770268380,2026-02-05T10:43:00,83406.67,83422.25,83401.49,83418.64,47392
1770268440,2026-02-05T10:44:00,83416.72,83431.03,83402.77,83404.91,40662
1770268500,2026-02-05T10:45:00,83402.46,83419.95,83382.22,83383.94,157447
1770268560,2026-02-05T10:46:00,83386.19,83427.59,83384.15,83390.46,58150
1770268620,2026-02-05T10:47:00,83392.89,83431.5,83382.44,83403.63,273064
1770268680,2026-02-05T10:48:00,83390.4,83415.21,83376.42,83389.2,71123
1770268740,2026-02-05T10:49:00,83389.66,83401.9,83379.23,83401.78,383275
1770268800,2026-02-05T10:50:00,83401.08,83428.21,83397.02,83424.12,357947
1770268860,2026-02-05T10:51:00,83419.14,83433.5,83414.34,83425.97,77144
1770268920,2026-02-05T10:52:00,83425.97,83429.96,83394.07,83394.07,35905
1770268980,2026-02-05T10:53:00,83394.92,83418.07,83384.3,83411.99,525904
1770269040,2026-02-05T10:54:00,83411.75,83423.22,83369.91,83372.76,35279
1770269100,2026-02-05T10:55:00,83370.21,83396.44,83369.13,83389.39,800231
1770269160,2026-02-05T10:56:00,83387.67,83387.99,83335.87,83336.13,31783
1770269220,2026-02-05T10:57:00,83339.33,83369.56,83309.17,83335.12,20512
1770269280,2026-02-05T10:58:00,83333.89,83382.06,83329.12,83340.24,30267
1770269340,2026-02-05T10:59:00,83337.57,83386.27,83333.74,83375.69,140022
1770269400,2026-02-05T11:00:00,83373.71,83378.19,83324.16,83365.45,11830
1770269460,2026-02-05T11:01:00,83367.43,83367.43,83334.15,83334.15,23248
1770269520,2026-02-05T11:02:00,83334.21,83358.97,83327.47,83352.66,29120
1770269580,2026-02-05T11:03:00,83354.89,83409.42,83354.89,83401.77,17258
1770269640,2026-02-05T11:04:00,83405.56,83436.14,83405.56,83424.99,24589
1770269700,2026-02-05T11:05:00,83426.83,83441.98,83414.96,83441.98,109149
1770269760,2026-02-05T11:06:00,83440.85,83460.06,83414.17,83428.63,58146
1770269820,2026-02-05T11:07:00,83431.61,83443.55,83410.89,83435.65,13306
1770269880,2026-02-05T11:08:00,83448.37,83478.25,83425.41,83477.85,22848
1770269940,2026-02-05T11:09:00,83477.68,83479.65,83444.99,83471.8,19554
1770270000,2026-02-05T11:10:00,83470.68,83493.03,83463.72,83463.72,130368
1770270060,2026-02-05T11:11:00,83452.39,83498.35,83447.64,83492.01,16560
1770270120,2026-02-05T11:12:00,83492.22,83509.59,83489.58,83508.52,13542
1770270180,2026-02-05T11:13:00,83507.92,83526.16,83484.86,83518.55,240378
1770270240,2026-02-05T11:14:00,83520.84,83530.0,83489.62,83499.01,21365
1770270300,2026-02-05T11:15:00,83498.64,83538.44,83481.28,83515.61,26245
1770270360,2026-02-05T11:16:00,83517.5,83524.94,83482.36,83489.02,165463
1770270420,2026-02-05T11:17:00,83486.69,83520.34,83483.02,83488.44,132903
1770270480,2026-02-05T11:18:00,83488.29,83490.79,83461.74,83462.14,33346
1770270540,2026-02-05T11:19:00,83459.93,83468.38,83435.07,83435.07,7606
1770270600,2026-02-05T11:20:00,83435.07,83459.34,83406.21,83451.3,9718
1770270660,2026-02-05T11:21:00,83456.92,83456.92,83412.43,83415.62,8086
1770270720,2026-02-05T11:22:00,83416.4,83446.39,83416.24,83445.36,27400
1770270780,2026-02-05T11:23:00,83444.38,83448.58,83410.65,83447.45,43159
1770270840,2026-02-05T11:24:00,83447.7,83451.04,83410.01,83425.24,11174
1770270900,2026-02-05T11:25:00,83418.77,83422.27,83379.98,83422.27,58149
1770270960,2026-02-05T11:26:00,83420.16,83428.11,83415.24,83423.2,98889
1770271020,2026-02-05T11:27:00,83424.05,83433.29,83416.55,83426.72,28106
1770271080,2026-02-05T11:28:00,83426.14,83459.68,83416.48,83425.9,16775
1770271140,2026-02-05T11:29:00,83422.5,83461.39,83419.22,83455.2,16551
1770271200,2026-02-05T11:30:00,83456.98,83486.42,83449.51,83476.9,23612
1770271260,2026-02-05T11:31:00,83473.62,83474.98,83434.59,83434.59,11811
1770271320,2026-02-05T11:32:00,83433.49,83464.86,83415.75,83416.89,21580
1770271380,2026-02-05T11:33:00,83416.87,83459.43,83413.43,83438.0,14028
1770271440,2026-02-05T11:34:00,83425.02,83460.88,83421.48,83437.86,17147
1770271500,2026-02-05T11:35:00,83437.55,83438.7,83409.58,83418.53,12590
1770271560,2026-02-05T11:36:00,83419.22,83467.51,83411.88,83467.51,15241
1770271620,2026-02-05T11:37:00,83468.24,83486.29,83467.56,83478.07,29522
1770271680,2026-02-05T11:38:00,83478.81,83486.59,83473.25,83484.85,19531
1770271740,2026-02-05T11:39:00,83485.66,83490.23,83478.22,83487.76,25961
1770271800,2026-02-05T11:40:00,83487.15,83495.09,83466.3,83495.09,45092
1770271860,2026-02-05T11:41:00,83494.49,83505.89,83481.73,83491.99,17338
1770271920,2026-02-05T11:42:00,83492.43,83506.21,83480.42,83493.27,41613
1770271980,2026-02-05T11:43:00,83492.1,83507.01,83479.51,83506.69,12941
1770272040,2026-02-05T11:44:00,83502.69,83505.45,83472.83,83472.83,19550
1770272100,2026-02-05T11:45:00,83474.67,83479.32,83462.0,83463.95,8652
1770272160,2026-02-05T11:46:00,83463.23,83465.94,83408.82,83434.91,65183
1770272220,2026-02-05T11:47:00,83434.97,83457.98,83424.88,83424.88,73974
1770272280,2026-02-05T11:48:00,83419.54,83419.54,83378.26,83390.92,52930
1770272340,2026-02-05T11:49:00,83392.82,83398.66,83359.58,83366.12,99331
1770272400,2026-02-05T11:50:00,83366.04,83369.12,83320.85,83352.2,87373
1770272460,2026-02-05T11:51:00,83350.97,83369.52,83350.97,83363.52,9673
1770272520,2026-02-05T11:52:00,83364.25,83364.38,83348.18,83358.35,18920
1770272580,2026-02-05T11:53:00,83359.7,83364.43,83354.81,83357.22,23267
1770272640,2026-02-05T11:54:00,83355.74,83374.25,83354.24,83374.25,15204
1770272700,2026-02-05T11:55:00,83374.25,83391.85,83366.78,83391.85,13462
1770272760,2026-02-05T11:56:00,83393.52,83413.48,83393.52,83401.54,302989
1770272820,2026-02-05T11:57:00,83403.02,83406.53,83385.84,83385.84,11935
1770272880,2026-02-05T11:58:00,83383.93,83391.05,83376.14,83390.91,10334
1770272940,2026-02-05T11:59:00,83390.91,83412.34,83388.33,83410.57,64083
1770273000,2026-02-05T12:00:00,83411.16,83413.8,83394.15,83394.74,555965
1770273060,2026-02-05T12:01:00,83394.33,83396.28,83364.99,83364.99,19329
1770273120,2026-02-05T12:02:00,83361.42,83388.23,83361.42,83383.88,33857
1770273180,2026-02-05T12:03:00,83384.52,83401.59,83383.28,83401.59,15559
1770273240,2026-02-05T12:04:00,83401.7,83426.25,83399.73,83414.69,12558
1770273300,2026-02-05T12:05:00,83415.77,83433.08,83415.77,83426.63,9473
1770273360,2026-02-05T12:06:00,83426.29,83434.98,83422.77,83426.79,322967
1770273420,2026-02-05T12:07:00,83425.09,83425.09,83383.34,83389.43,6638
1770273480,2026-02-05T12:08:00,83392.21,83392.44,83369.23,83373.06,13889
1770273540,2026-02-05T12:09:00,83372.62,83382.17,83364.42,83380.79,10971
1770273600,2026-02-05T12:10:00,83380.01,83382.14,83370.41,83380.84,8314
1770273660,2026-02-05T12:11:00,83381.34,83381.44,83363.39,83369.01,26618
1770273720,2026-02-05T12:12:00,83369.17,83374.27,83353.59,83353.59,24506
1770273780,2026-02-05T12:13:00,83358.33,83360.17,83337.85,83341.66,22520
1770273840,2026-02-05T12:14:00,83342.78,83351.36,83335.53,83348.62,16736
1770273900,2026-02-05T12:15:00,83352.0,83352.0,83323.84,83331.2,15030
1770273960,2026-02-05T12:16:00,83332.17,83336.17,83317.57,83327.92,8430
1770274020,2026-02-05T12:17:00,83327.92,83329.96,83311.31,83314.05,7742
1770274080,2026-02-05T12:18:00,83310.12,83330.44,83310.12,83314.71,15664
1770274140,2026-02-05T12:19:00,83316.33,83322.65,83307.55,83307.7,29035
1770274200,2026-02-05T12:20:00,83308.24,83318.17,83301.44,83309.48,16256
1770274260,2026-02-05T12:21:00,83312.71,83317.75,83294.58,83294.74,8648
1770274320,2026-02-05T12:22:00,83292.12,83325.26,83286.78,83325.26,13235
1770274380,2026-02-05T12:23:00,83320.84,83321.31,83298.48,83302.31,189079
1770274440,2026-02-05T12:24:00,83300.46,83316.36,83300.46,83314.07,117718
1770274500,2026-02-05T12:25:00,83313.23,83313.4,83300.01,83310.73,23436
1770274560,2026-02-05T12:26:00,83311.13,83330.71,83303.98,83330.71,31778
1770274620,2026-02-05T12:27:00,83330.64,83349.01,83329.6,83334.12,19666
1770274680,2026-02-05T12:28:00,83334.6,83334.6,83302.05,83311.5,9567
1770274740,2026-02-05T12:29:00,83315.75,83344.38,83313.01,83333.36,811173
1770274800,2026-02-05T12:30:00,83327.76,83339.97,83322.74,83337.45,113307
1770274860,2026-02-05T12:31:00,83336.76,83393.59,83335.13,83367.54,111463
1770274920,2026-02-05T12:32:00,83369.14,83370.77,83323.11,83323.11,15319
1770274980,2026-02-05T12:33:00,83318.16,83325.87,83275.77,83277.39,247735
1770275040,2026-02-05T12:34:00,83278.48,83309.71,83278.48,83302.6,20725
1770275100,2026-02-05T12:35:00,83305.05,83331.88,83305.05,83328.73,14656
1770275160,2026-02-05T12:36:00,83328.4,83338.03,83320.21,83335.5,7830
1770275220,2026-02-05T12:37:00,83337.43,83337.43,83321.25,83331.36,12377
1770275280,2026-02-05T12:38:00,83332.02,83336.73,83324.88,83335.51,7469
1770275340,2026-02-05T12:39:00,83337.85,83340.62,83315.25,83315.25,21688
1770275400,2026-02-05T12:40:00,83315.5,83322.24,83310.55,83316.09,56546
1770275460,2026-02-05T12:41:00,83319.2,83323.48,83307.37,83312.4,52514
1770275520,2026-02-05T12:42:00,83317.51,83326.18,83309.24,83321.21,6040
1770275580,2026-02-05T12:43:00,83321.33,83334.2,83312.91,83331.39,12317
1770275640,2026-02-05T12:44:00,83331.99,83331.99,83302.47,83319.3,5579
1770275700,2026-02-05T12:45:00,83317.77,83337.85,83305.0,83336.56,200080
1770275760,2026-02-05T12:46:00,83340.33,83343.64,83332.71,83333.71,10104
1770275820,2026-02-05T12:47:00,83330.84,83334.47,83318.18,83320.63,8661
1770275880,2026-02-05T12:48:00,83321.23,83331.57,83319.02,83319.79,13391
1770275940,2026-02-05T12:49:00,83321.42,83343.11,83319.64,83331.6,9045
1770276000,2026-02-05T12:50:00,83331.6,83360.5,83331.6,83358.63,17442
1770276060,2026-02-05T12:51:00,83360.3,83360.3,83342.2,83356.82,24446
1770276120,2026-02-05T12:52:00,83356.34,83372.88,83354.91,83369.08,12971
1770276180,2026-02-05T12:53:00,83369.8,83369.8,83337.07,83353.63,128477
1770276240,2026-02-05T12:54:00,83354.04,83355.19,83316.86,83324.78,17502
1770276300,2026-02-05T12:55:00,83324.78,83327.42,83300.81,83301.93,7385
1770276360,2026-02-05T12:56:00,83300.69,83305.14,83270.68,83281.7,11590
1770276420,2026-02-05T12:57:00,83282.26,83326.99,83282.26,83325.7,8217
1770276480,2026-02-05T12:58:00,83327.53,83369.44,83326.77,83369.44,17476
1770276540,2026-02-05T12:59:00,83367.24,83403.41,83363.49,83380.12,23740
1770276600,2026-02-05T13:00:00,83375.92,83375.92,83349.69,83369.64,8142
1770276660,2026-02-05T13:01:00,83365.65,83372.71,83361.96,83368.47,7486
1770276720,2026-02-05T13:02:00,83372.19,83372.32,83359.85,83362.1,6451
1770276780,2026-02-05T13:03:00,83362.87,83376.41,83361.43,83369.42,6651
1770276840,2026-02-05T13:04:00,83368.77,83376.04,83360.16,83366.13,7359
1770276900,2026-02-05T13:05:00,83350.94,83383.55,83344.13,83359.65,9892
1770276960,2026-02-05T13:06:00,83363.65,83394.91,83357.61,83389.69,8141
1770277020,2026-02-05T13:07:00,83389.06,83389.25,83351.15,83383.27,10702
1770277080,2026-02-05T13:08:00,83378.32,83384.05,83341.59,83372.35,24933
1770277140,2026-02-05T13:09:00,83370.6,83381.3,83350.05,83365.88,14269
1770277200,2026-02-05T13:10:00,83364.27,83394.13,83362.34,83372.64,9115
1770277260,2026-02-05T13:11:00,83372.08,83376.78,83345.81,83345.81,5931
1770277320,2026-02-05T13:12:00,83340.05,83375.16,83328.25,83328.25,10264
1770277380,2026-02-05T13:13:00,83326.84,83359.35,83315.04,83322.05,12382
1770277440,2026-02-05T13:14:00,83325.26,83372.78,83325.26,83342.64,8874
1770277500,2026-02-05T13:15:00,83365.46,83379.09,83345.11,83355.35,7977
1770277560,2026-02-05T13:16:00,83354.46,83382.83,83345.72,83348.1,14184
1770277620,2026-02-05T13:17:00,83340.84,83390.41,83337.27,83378.38,15778
1770277680,2026-02-05T13:18:00,83378.69,83416.04,83368.42,83370.75,7324
1770277740,2026-02-05T13:19:00,83368.65,83408.96,83368.56,83408.96,18539
1770277800,2026-02-05T13:20:00,83411.54,83411.54,83386.14,83393.13,4690
1770277860,2026-02-05T13:21:00,83393.13,83404.96,83382.44,83387.46,5193
1770277920,2026-02-05T13:22:00,83387.07,83418.56,83380.02,83380.02,6912
1770277980,2026-02-05T13:23:00,83382.81,83398.14,83382.81,83393.39,7084
1770278040,2026-02-05T13:24:00,83385.7,83417.19,83352.44,83387.23,91218
1770278100,2026-02-05T13:25:00,83387.78,83387.78,83328.36,83363.96,6202
1770278160,2026-02-05T13:26:00,83365.91,83366.33,83324.21,83334.44,10692
1770278220,2026-02-05T13:27:00,83329.66,83343.76,83303.28,83343.19,7706
1770278280,2026-02-05T13:28:00,83339.76,83339.76,83276.92,83276.92,12132
1770278340,2026-02-05T13:29:00,83277.72,83305.48,83250.22,83258.04,21383
1770278400,2026-02-05T13:30:00,83269.87,83299.45,83259.67,83298.05,7263
1770278460,2026-02-05T13:31:00,83299.05,83313.11,83260.22,83312.26,7407
1770278520,2026-02-05T13:32:00,83315.42,83322.0,83289.37,83322.0,7039
1770278580,2026-02-05T13:33:00,83322.0,83344.37,83300.1,83300.1,10227
1770278640,2026-02-05T13:34:00,83299.47,83350.69,83293.38,83315.02,7290
1770278700,2026-02-05T13:35:00,83315.91,83353.37,83311.23,83326.14,26824
1770278760,2026-02-05T13:36:00,83327.98,83337.89,83299.45,83316.9,9806
1770278820,2026-02-05T13:37:00,83317.72,83333.05,83317.72,83324.27,7534
1770278880,2026-02-05T13:38:00,83324.09,83355.37,83324.09,83354.7,3473
1770278940,2026-02-05T13:39:00,83353.9,83370.75,83353.9,83362.21,10802
1770279000,2026-02-05T13:40:00,83361.44,83381.55,83334.92,83336.05,7366
1770279060,2026-02-05T13:41:00,83333.14,83385.48,83333.02,83367.66,7350
1770279120,2026-02-05T13:42:00,83367.37,83378.94,83338.76,83378.94,1210762
1770279180,2026-02-05T13:43:00,83376.29,83379.28,83350.48,83359.24,5103
1770279240,2026-02-05T13:44:00,83357.53,83373.63,83333.7,83339.43,13966
1770279300,2026-02-05T13:45:00,83340.84,83363.31,83325.88,83358.39,6925
1770279360,2026-02-05T13:46:00,83358.09,83369.91,83330.33,83331.0,11197
1770279420,2026-02-05T13:47:00,83331.07,83380.86,83331.07,83346.73,10333
1770279480,2026-02-05T13:48:00,83346.14,83387.94,83344.71,83357.45,10037
1770279540,2026-02-05T13:49:00,83353.69,83379.02,83342.79,83361.32,19846
1770279600,2026-02-05T13:50:00,83365.19,83367.82,83347.8,83354.11,4166
1770279660,2026-02-05T13:51:00,83354.41,83388.44,83350.78,83350.78,5884
1770279720,2026-02-05T13:52:00,83356.68,83381.27,83332.46,83344.33,391539
1770279780,2026-02-05T13:53:00,83344.69,83381.52,83342.37,83348.03,37858
1770279840,2026-02-05T13:54:00,83351.49,83351.49,83306.49,83325.47,50798
1770279900,2026-02-05T13:55:00,83328.41,83331.19,83315.53,83315.53,14031
1770279960,2026-02-05T13:56:00,83315.78,83337.19,83298.8,83333.12,8327
1770280020,2026-02-05T13:57:00,83334.22,83336.87,83284.28,83285.19,4901
1770280080,2026-02-05T13:58:00,83284.1,83314.81,83271.6,83309.72,12754
1770280140,2026-02-05T13:59:00,83308.96,83340.28,83291.57,83333.41,14297
1770280200,2026-02-05T14:00:00,83333.46,83353.71,83307.61,83308.2,16179
1770280260,2026-02-05T14:01:00,83308.99,83356.27,83306.08,83356.27,11137
1770280320,2026-02-05T14:02:00,83357.45,83359.89,83296.97,83297.3,18337
1770280380,2026-02-05T14:03:00,83302.42,83329.34,83285.75,83289.56,11565
1770280440,2026-02-05T14:04:00,83292.83,83317.04,83282.35,83316.78,9167
1770280500,2026-02-05T14:05:00,83316.01,83316.72,83273.96,83274.77,18867
1770280560,2026-02-05T14:06:00,83276.34,83306.75,83269.27,83278.65,22385
1770280620,2026-02-05T14:07:00,83277.18,83284.8,83255.23,83260.61,11399
1770280680,2026-02-05T14:08:00,83258.86,83258.86,83210.86,83216.13,12740
1770280740,2026-02-05T14:09:00,83214.65,83241.68,83183.83,83214.44,71908
1770280800,2026-02-05T14:10:00,83214.04,83236.88,83191.01,83196.02,61435
1770280860,2026-02-05T14:11:00,83194.81,83199.21,83151.62,83162.76,50624
1770280920,2026-02-05T14:12:00,83162.17,83193.58,83152.83,83183.56,16411
1770280980,2026-02-05T14:13:00,83185.87,83203.41,83165.82,83202.64,14086
1770281040,2026-02-05T14:14:00,83205.5,83219.86,83203.4,83219.72,15214
1770281100,2026-02-05T14:15:00,83218.85,83224.26,83204.63,83211.2,47309
1770281160,2026-02-05T14:16:00,83211.83,83223.48,83197.55,83206.91,1614801
1770281220,2026-02-05T14:17:00,83206.79,83215.98,83196.32,83201.66,17573
1770281280,2026-02-05T14:18:00,83205.87,83221.73,83199.94,83221.31,14761
1770281340,2026-02-05T14:19:00,83221.31,83226.34,83208.2,83218.73,18475
1770281400,2026-02-05T14:20:00,83220.7,83236.06,83218.65,83228.36,13511
1770281460,2026-02-05T14:21:00,83228.71,83239.98,83228.71,83228.84,10178
1770281520,2026-02-05T14:22:00,83229.33,83232.39,83213.76,83229.7,6432
1770281580,2026-02-05T14:23:00,83225.17,83227.77,83214.37,83225.0,17240
1770281640,2026-02-05T14:24:00,83224.97,83232.2,83223.0,83225.7,6426
1770281700,2026-02-05T14:25:00,83224.98,83229.56,83209.3,83216.02,7464
1770281760,2026-02-05T14:26:00,83217.52,83253.24,83214.1,83253.24,49107
1770281820,2026-02-05T14:27:00,83255.33,83265.5,83229.74,83250.52,39583
1770281880,2026-02-05T14:28:00,83251.13,83269.59,83225.26,83229.55,11475
1770281940,2026-02-05T14:29:00,83229.56,83280.4,83228.39,83232.0,17358
1770282000,2026-02-05T14:30:00,83232.99,83255.35,83224.68,83245.41,6582
1770282060,2026-02-05T14:31:00,83244.23,83261.22,83227.0,83227.0,9394
1770282120,2026-02-05T14:32:00,83228.09,83286.25,83228.09,83286.25,5854
1770282180,2026-02-05T14:33:00,83287.36,83287.36,83229.72,83249.75,11935
1770282240,2026-02-05T14:34:00,83261.48,83295.33,83253.09,83269.33,7800
1770282300,2026-02-05T14:35:00,83266.67,83313.92,83266.67,83293.56,43974
1770282360,2026-02-05T14:36:00,83293.47,83306.41,83292.86,83304.53,15678
1770282420,2026-02-05T14:37:00,83304.53,83326.17,83293.33,83294.33,12398
1770282480,2026-02-05T14:38:00,83297.8,83335.83,83295.0,83326.94,17683
1770282540,2026-02-05T14:39:00,83328.15,83333.88,83317.54,83317.54,17497
1770282600,2026-02-05T14:40:00,83317.62,83317.62,83289.12,83291.11,5179
1770282660,2026-02-05T14:41:00,83292.58,83299.52,83288.84,83291.17,8728
1770282720,2026-02-05T14:42:00,83294.36,83328.38,83294.03,83327.58,18786
1770282780,2026-02-05T14:43:00,83328.06,83336.0,83293.43,83309.03,17008
1770282840,2026-02-05T14:44:00,83311.33,83315.64,83275.07,83294.02,12611
1770282900,2026-02-05T14:45:00,83293.7,83309.41,83267.67,83292.81,16170
1770282960,2026-02-05T14:46:00,83288.98,83288.98,83242.21,83277.2,23105
1770283020,2026-02-05T14:47:00,83277.38,83283.68,83241.84,83241.84,21524
1770283080,2026-02-05T14:48:00,83245.08,83277.85,83235.39,83272.78,30968
1770283140,2026-02-05T14:49:00,83274.64,83287.09,83251.75,83273.43,11335
1770283200,2026-02-05T14:50:00,83274.5,83276.77,83256.27,83262.28,11487
1770283260,2026-02-05T14:51:00,83260.04,83289.86,83254.19,83274.6,12843
1770283320,2026-02-05T14:52:00,83274.98,83296.97,83264.22,83280.82,14195
1770283380,2026-02-05T14:53:00,83281.02,83295.1,83277.88,83290.77,28115
1770283440,2026-02-05T14:54:00,83293.06,83309.96,83273.91,83298.18,87993
1770283500,2026-02-05T14:55:00,83298.85,83351.69,83290.23,83337.76,78759
1770283560,2026-02-05T14:56:00,83322.04,83348.15,83310.63,83313.56,19122
1770283620,2026-02-05T14:57:00,83313.61,83356.25,83311.56,83326.41,9969
1770283680,2026-02-05T14:58:00,83330.99,83363.27,83317.37,83352.65,11365
1770283740,2026-02-05T14:59:00,83357.98,83361.56,83327.37,83345.61,8817
1770283800,2026-02-05T15:00:00,83354.61,83386.25,83335.16,83352.37,50015
1770283860,2026-02-05T15:01:00,83353.72,83371.72,83341.99,83349.82,24391
1770283920,2026-02-05T15:02:00,83349.54,83367.77,83333.51,83344.08,20620
1770283980,2026-02-05T15:03:00,83338.48,83375.87,83334.45,83375.87,25058
1770284040,2026-02-05T15:04:00,83376.61,83426.24,83370.85,83409.12,19730
1770284100,2026-02-05T15:05:00,83409.42,83428.23,83353.79,83353.79,538243
1770284160,2026-02-05T15:06:00,83347.8,83363.93,83304.84,83329.52,923894
1770284220,2026-02-05T15:07:00,83325.51,83376.74,83271.94,83372.72,397312
1770284280,2026-02-05T15:08:00,83361.3,83372.62,83347.54,83347.68,457552
1770284340,2026-02-05T15:09:00,83344.1,83348.99,83333.83,83338.9,149430
1770284400,2026-02-05T15:10:00,83337.93,83356.34,83323.88,83336.66,90380
1770284460,2026-02-05T15:11:00,83337.84,83343.93,83281.49,83281.49,129234
1770284520,2026-02-05T15:12:00,83293.71,83352.34,83282.3,83336.06,870287
1770284580,2026-02-05T15:13:00,83347.2,83358.34,83316.4,83347.87,294860
1770284640,2026-02-05T15:14:00,83344.31,83351.85,83322.84,83340.22,29602
1770284700,2026-02-05T15:15:00,83343.74,83346.99,83270.93,83270.93,175514
1770284760,2026-02-05T15:16:00,83272.44,83299.57,83228.83,83270.63,776566
1770284820,2026-02-05T15:17:00,83274.7,83340.8,83270.29,83297.43,247286
1770284880,2026-02-05T15:18:00,83298.21,83304.69,83244.72,83262.46,188322
1770284940,2026-02-05T15:19:00,83267.15,83290.02,83242.39,83253.01,90566
1770285000,2026-02-05T15:20:00,83249.2,83293.11,83240.27,83240.27,204920
1770285060,2026-02-05T15:21:00,83247.55,83327.95,83225.28,83327.95,491397
1770285120,2026-02-05T15:22:00,83322.63,83340.31,83265.89,83283.94,93325
1770285180,2026-02-05T15:23:00,83283.58,83297.75,83267.42,83267.61,70886
1770285240,2026-02-05T15:24:00,83266.86,83336.08,83262.85,83310.07,119104
1770285300,2026-02-05T15:25:00,83305.51,83338.05,83304.99,83320.64,69067
1770285360,2026-02-05T15:26:00,83317.2,83329.33,83310.61,83324.29,41529
1770285420,2026-02-05T15:27:00,83323.48,83330.1,83300.44,83306.76,45598
1770285480,2026-02-05T15:28:00,83305.21,83310.0,83281.52,83297.02,38137
1770285540,2026-02-05T15:29:00,83293.4,83324.24,83271.8,83311.38,59834
1770349500,2026-02-06T09:15:00,83249.32,83322.21,83088.78,83234.05,177613
1770349560,2026-02-06T09:16:00,83228.02,83237.62,83154.36,83158.24,94730
1770349620,2026-02-06T09:17:00,83162.34,83286.05,83158.89,83279.03,89557
1770349680,2026-02-06T09:18:00,83283.05,83330.73,83283.05,83323.14,79372
1770349740,2026-02-06T09:19:00,83317.95,83331.35,83244.36,83248.5,55288
1770349800,2026-02-06T09:20:00,83244.9,83244.9,83149.86,83186.02,44679
1770349860,2026-02-06T09:21:00,83187.94,83206.61,83177.53,83198.79,48300
1770349920,2026-02-06T09:22:00,83200.46,83207.23,83176.59,83190.76,52907
1770349980,2026-02-06T09:23:00,83191.74,83191.74,83147.42,83156.23,44413
1770350040,2026-02-06T09:24:00,83156.69,83192.28,83148.84,83176.96,40702
1770350100,2026-02-06T09:25:00,83176.41,83191.68,83161.43,83164.24,31667
1770350160,2026-02-06T09:26:00,83165.45,83172.56,83141.4,83141.7,55427
1770350220,2026-02-06T09:27:00,83138.01,83192.23,83134.04,83174.46,25917
1770350280,2026-02-06T09:28:00,83173.95,83214.21,83165.12,83167.43,31305
1770350340,2026-02-06T09:29:00,83165.34,83165.34,83125.38,83142.9,34648
1770350400,2026-02-06T09:30:00,83140.84,83141.11,83098.75,83101.87,36712
1770350460,2026-02-06T09:31:00,83103.14,83104.83,83073.12,83074.62,33457
1770350520,2026-02-06T09:32:00,83076.55,83080.54,83053.13,83074.27,32917
1770350580,2026-02-06T09:33:00,83080.81,83122.48,83080.81,83093.4,37534
1770350640,2026-02-06T09:34:00,83092.18,83101.84,83080.55,83099.56,34179
1770350700,2026-02-06T09:35:00,83097.55,83104.95,83066.97,83067.75,23443
1770350760,2026-02-06T09:36:00,83070.14,83091.04,83063.44,83076.4,28103
1770350820,2026-02-06T09:37:00,83084.2,83086.16,83048.21,83052.0,56326
1770350880,2026-02-06T09:38:00,83049.35,83053.22,83009.01,83013.88,29386
1770350940,2026-02-06T09:39:00,83010.23,83059.25,83010.23,83057.52,30612
1770351000,2026-02-06T09:40:00,83055.07,83062.31,83043.48,83052.09,20631
1770351060,2026-02-06T09:41:00,83051.26,83055.36,83034.95,83040.23,20192
1770351120,2026-02-06T09:42:00,83039.74,83047.92,83029.72,83038.28,29535
1770351180,2026-02-06T09:43:00,83038.42,83040.3,82999.69,83002.66,16494
1770351240,2026-02-06T09:44:00,83000.6,83004.85,82988.39,82993.23,16199
1770351300,2026-02-06T09:45:00,83000.91,83059.09,82996.97,83055.44,27446
1770351360,2026-02-06T09:46:00,83056.63,83081.8,83056.63,83070.21,50974
1770351420,2026-02-06T09:47:00,83069.5,83110.21,83062.2,83109.26,26638
1770351480,2026-02-06T09:48:00,83109.77,83109.77,83093.37,83105.5,26925
1770351540,2026-02-06T09:49:00,83105.26,83127.95,83100.2,83127.95,30495
1770351600,2026-02-06T09:50:00,83129.11,83129.93,83095.56,83103.15,19442
1770351660,2026-02-06T09:51:00,83102.7,83133.34,83100.07,83133.34,23769
1770351720,2026-02-06T09:52:00,83133.8,83133.8,83107.28,83117.19,39075
1770351780,2026-02-06T09:53:00,83108.67,83114.19,83089.52,83100.22,39419
1770351840,2026-02-06T09:54:00,83101.17,83101.17,83074.52,83077.06,13120
1770351900,2026-02-06T09:55:00,83078.04,83079.72,83051.11,83063.51,27628
1770351960,2026-02-06T09:56:00,83061.69,83062.2,83050.07,83058.76,11962
1770352020,2026-02-06T09:57:00,83057.0,83058.63,83039.74,83040.75,24118
1770352080,2026-02-06T09:58:00,83043.07,83054.18,83034.54,83040.16,129907
1770352140,2026-02-06T09:59:00,83039.83,83077.2,83038.79,83075.82,17235
1770352200,2026-02-06T10:00:00,83072.11,83107.94,83070.09,83082.26,33773
1770352260,2026-02-06T10:01:00,83080.68,83080.68,83057.68,83058.61,13184
1770352320,2026-02-06T10:02:00,83056.99,83070.87,83022.94,83024.33,13628
1770352380,2026-02-06T10:03:00,83025.31,83032.86,82995.05,83003.72,17755
1770352440,2026-02-06T10:04:00,83005.19,83049.2,83001.11,83042.7,15152
1770352500,2026-02-06T10:05:00,83041.01,83056.16,83040.71,83050.15,16058
1770352560,2026-02-06T10:06:00,83052.12,83052.12,83007.72,83007.72,23364
1770352620,2026-02-06T10:07:00,83010.0,83013.21,83001.79,83012.26,23264
1770352680,2026-02-06T10:08:00,83011.98,83029.08,83005.24,83028.03,28156
1770352740,2026-02-06T10:09:00,83027.56,83038.92,83024.38,83036.42,28693
1770352800,2026-02-06T10:10:00,83037.89,83037.89,83003.26,83009.92,9403
1770352860,2026-02-06T10:11:00,83007.84,83008.54,82969.29,82970.0,21851
1770352920,2026-02-06T10:12:00,82969.23,82975.48,82945.56,82974.73,23863
1770352980,2026-02-06T10:13:00,82979.44,82991.47,82968.67,82968.67,17044
1770353040,2026-02-06T10:14:00,82968.29,82987.28,82967.9,82987.28,32779
1770353100,2026-02-06T10:15:00,82986.58,82990.18,82975.28,82981.47,19618
1770353160,2026-02-06T10:16:00,82981.27,82989.15,82975.2,82988.0,13646
1770353220,2026-02-06T10:17:00,82988.0,83015.47,82987.96,83011.65,31553
1770353280,2026-02-06T10:18:00,83011.71,83084.5,83011.71,83084.14,31273
1770353340,2026-02-06T10:19:00,83089.05,83101.5,83084.47,83089.14,14267
1770353400,2026-02-06T10:20:00,83088.35,83090.92,83071.88,83085.72,12842
1770353460,2026-02-06T10:21:00,83085.68,83087.5,83067.06,83080.75,16652
1770353520,2026-02-06T10:22:00,83076.26,83102.46,83076.26,83102.46,29656
1770353580,2026-02-06T10:23:00,83102.46,83112.65,83099.75,83109.83,16304
1770353640,2026-02-06T10:24:00,83110.51,83114.94,83085.65,83085.89,14646
1770353700,2026-02-06T10:25:00,83086.62,83091.97,83045.39,83045.39,14176
1770353760,2026-02-06T10:26:00,83045.58,83059.11,83031.44,83059.11,29079
1770353820,2026-02-06T10:27:00,83056.78,83058.8,83033.86,83038.32,22880
1770353880,2026-02-06T10:28:00,83032.96,83036.91,83014.31,83014.31,20461
1770353940,2026-02-06T10:29:00,83017.56,83017.56,82973.01,82975.55,28702
1770354000,2026-02-06T10:30:00,82976.31,82977.01,82946.46,82955.99,35203
1770354060,2026-02-06T10:31:00,82955.78,82969.58,82948.29,82962.23,18770
1770354120,2026-02-06T10:32:00,82961.95,82996.94,82961.95,82985.8,11287
1770354180,2026-02-06T10:33:00,82987.64,82993.63,82971.79,82975.61,23452
1770354240,2026-02-06T10:34:00,82975.84,82975.84,82954.42,82964.56,29315
1770354300,2026-02-06T10:35:00,82963.8,82988.25,82959.4,82986.61,43368
1770354360,2026-02-06T10:36:00,82985.61,83014.29,82979.39,83012.13,30502
1770354420,2026-02-06T10:37:00,83010.58,83022.02,82961.56,82966.28,22372
1770354480,2026-02-06T10:38:00,82965.57,83017.23,82965.57,83009.49,29415
1770354540,2026-02-06T10:39:00,83008.52,83032.23,83007.84,83027.31,51313
1770354600,2026-02-06T10:40:00,83029.28,83029.29,83009.31,83016.88,26908
1770354660,2026-02-06T10:41:00,83014.62,83017.97,82981.7,82985.78,31989
1770354720,2026-02-06T10:42:00,82985.31,82997.68,82959.75,82966.99,32649
1770354780,2026-02-06T10:43:00,82968.35,82970.93,82951.15,82953.14,408685
1770354840,2026-02-06T10:44:00,82948.63,82965.75,82941.6,82960.13,18729
1770354900,2026-02-06T10:45:00,82960.98,82963.4,82932.51,82944.72,7979
1770354960,2026-02-06T10:46:00,82950.34,82990.6,82950.34,82988.12,13259
1770355020,2026-02-06T10:47:00,82989.25,83010.39,82989.25,82992.09,115155
1770355080,2026-02-06T10:48:00,82992.49,82994.27,82952.07,82973.52,26475
1770355140,2026-02-06T10:49:00,82972.31,82997.64,82965.34,82973.99,42706
1770355200,2026-02-06T10:50:00,82974.01,82975.68,82957.5,82963.7,14970
1770355260,2026-02-06T10:51:00,82964.48,82971.56,82954.94,82971.56,19652
1770355320,2026-02-06T10:52:00,82970.3,82971.96,82930.83,82964.23,31893
1770355380,2026-02-06T10:53:00,82963.01,82990.62,82958.2,82980.64,13368
1770355440,2026-02-06T10:54:00,82978.55,82978.55,82944.17,82956.25,24223
1770355500,2026-02-06T10:55:00,82957.53,82957.53,82925.35,82927.36,29451
1770355560,2026-02-06T10:56:00,82929.53,82962.25,82929.53,82958.42,21784
1770355620,2026-02-06T10:57:00,82958.71,82985.11,82953.52,82983.59,11584
1770355680,2026-02-06T10:58:00,82985.22,83000.73,82984.15,82995.29,14607
1770355740,2026-02-06T10:59:00,82996.14,83022.43,82989.12,83019.28,52116
1770355800,2026-02-06T11:00:00,83020.47,83050.58,83020.47,83048.71,12634
1770355860,2026-02-06T11:01:00,83047.5,83069.63,83047.25,83065.79,20686
1770355920,2026-02-06T11:02:00,83062.53,83092.89,83061.93,83077.95,22582
1770355980,2026-02-06T11:03:00,83074.46,83088.77,83065.24,83071.63,20044
1770356040,2026-02-06T11:04:00,83073.88,83097.25,83073.88,83097.25,17694
1770356100,2026-02-06T11:05:00,83096.25,83105.38,83082.53,83102.29,15069
1770356160,2026-02-06T11:06:00,83103.84,83111.65,83091.41,83098.41,23945
1770356220,2026-02-06T11:07:00,83095.62,83112.27,83093.95,83112.15,51088
1770356280,2026-02-06T11:08:00,83112.2,83125.7,83098.34,83125.7,102610
1770356340,2026-02-06T11:09:00,83127.41,83142.34,83107.92,83142.34,17413
1770356400,2026-02-06T11:10:00,83141.38,83147.97,83120.05,83147.97,57421
1770356460,2026-02-06T11:11:00,83149.21,83161.08,83144.75,83158.38,40634
1770356520,2026-02-06T11:12:00,83158.63,83167.42,83144.74,83147.41,43898
1770356580,2026-02-06T11:13:00,83145.08,83161.76,83142.57,83158.65,56610
1770356640,2026-02-06T11:14:00,83158.23,83185.43,83150.07,83185.43,85599
1770356700,2026-02-06T11:15:00,83189.33,83206.29,83186.45,83187.1,51754
1770356760,2026-02-06T11:16:00,83183.0,83183.6,83160.13,83173.27,48370
1770356820,2026-02-06T11:17:00,83173.27,83202.71,83166.89,83200.01,55718
1770356880,2026-02-06T11:18:00,83195.54,83197.75,83170.25,83176.14,37812
1770356940,2026-02-06T11:19:00,83174.23,83201.43,83174.23,83200.76,20392
1770357000,2026-02-06T11:20:00,83199.19,83212.8,83194.91,83212.55,30459
1770357060,2026-02-06T11:21:00,83214.08,83245.56,83214.08,83243.32,26684
1770357120,2026-02-06T11:22:00,83243.89,83250.35,83229.04,83244.94,18961
1770357180,2026-02-06T11:23:00,83245.87,83254.42,83228.21,83228.21,32102
1770357240,2026-02-06T11:24:00,83227.81,83242.68,83212.66,83242.68,12975
1770357300,2026-02-06T11:25:00,83242.68,83251.0,83230.27,83246.57,34140
1770357360,2026-02-06T11:26:00,83247.73,83257.61,83244.11,83254.53,31111
1770357420,2026-02-06T11:27:00,83254.29,83254.29,83226.87,83226.98,32965
1770357480,2026-02-06T11:28:00,83228.71,83233.9,83223.48,83225.6,43990
1770357540,2026-02-06T11:29:00,83223.96,83228.01,83210.29,83228.01,20170
1770357600,2026-02-06T11:30:00,83227.47,83230.97,83214.42,83227.91,25461
1770357660,2026-02-06T11:31:00,83224.1,83230.48,83212.62,83224.36,31778
1770357720,2026-02-06T11:32:00,83224.9,83237.18,83213.87,83224.74,24911
1770357780,2026-02-06T11:33:00,83226.3,83229.21,83211.73,83226.9,33048
1770357840,2026-02-06T11:34:00,83226.25,83287.6,83225.72,83286.62,105646
1770357900,2026-02-06T11:35:00,83283.89,83292.63,83264.8,83266.63,56763
1770357960,2026-02-06T11:36:00,83266.31,83297.56,83264.35,83295.93,51582
1770358020,2026-02-06T11:37:00,83296.67,83309.85,83276.7,83308.5,56357
1770358080,2026-02-06T11:38:00,83306.88,83339.94,83306.88,83338.89,89391
1770358140,2026-02-06T11:39:00,83348.19,83359.16,83327.08,83346.38,459492
1770358200,2026-02-06T11:40:00,83349.9,83370.22,83347.41,83359.64,478820
1770358260,2026-02-06T11:41:00,83359.44,83391.02,83358.74,83377.49,59053
1770358320,2026-02-06T11:42:00,83373.85,83398.2,83373.85,83385.16,429103
1770358380,2026-02-06T11:43:00,83384.82,83387.31,83359.48,83364.47,57878
1770358440,2026-02-06T11:44:00,83367.73,83369.29,83343.38,83343.38,41049
1770358500,2026-02-06T11:45:00,83346.56,83346.94,83314.03,83319.22,173024
1770358560,2026-02-06T11:46:00,83321.25,83345.0,83317.55,83342.89,61588
1770358620,2026-02-06T11:47:00,83342.96,83375.12,83342.96,83359.45,37941
1770358680,2026-02-06T11:48:00,83358.57,83380.25,83358.57,83377.77,44195
1770358740,2026-02-06T11:49:00,83374.64,83403.36,83363.13,83386.88,128985
1770358800,2026-02-06T11:50:00,83388.98,83394.64,83370.46,83394.64,44631
1770358860,2026-02-06T11:51:00,83389.45,83398.11,83376.45,83378.31,48637
1770358920,2026-02-06T11:52:00,83375.8,83384.54,83369.3,83374.92,47795
1770358980,2026-02-06T11:53:00,83378.05,83378.05,83352.59,83354.8,29439
1770359040,2026-02-06T11:54:00,83354.67,83371.65,83347.91,83354.58,20677
1770359100,2026-02-06T11:55:00,83354.58,83380.21,83354.17,83368.85,36335
1770359160,2026-02-06T11:56:00,83374.41,83375.61,83340.99,83340.99,37715
1770359220,2026-02-06T11:57:00,83341.52,83352.2,83327.48,83352.2,59668
1770359280,2026-02-06T11:58:00,83353.84,83379.68,83348.61,83375.64,67306
1770359340,2026-02-06T11:59:00,83375.64,83385.81,83363.56,83379.26,33458
1770359400,2026-02-06T12:00:00,83379.88,83421.3,83377.92,83420.95,59336
1770359460,2026-02-06T12:01:00,83422.23,83457.76,83421.05,83441.86,33832
1770359520,2026-02-06T12:02:00,83443.94,83443.94,83398.77,83407.21,44935
1770359580,2026-02-06T12:03:00,83405.72,83405.72,83371.73,83374.35,86569
1770359640,2026-02-06T12:04:00,83375.38,83382.86,83352.62,83354.42,27273
1770359700,2026-02-06T12:05:00,83354.26,83355.45,83305.75,83314.23,39959
1770359760,2026-02-06T12:06:00,83314.46,83314.46,83281.47,83285.65,86841
1770359820,2026-02-06T12:07:00,83284.42,83284.6,83259.67,83271.77,43896
1770359880,2026-02-06T12:08:00,83271.84,83271.84,83252.68,83265.81,40498
1770359940,2026-02-06T12:09:00,83267.16,83268.3,83247.51,83251.64,22962
1770360000,2026-02-06T12:10:00,83251.64,83258.81,83241.62,83252.91,11681
1770360060,2026-02-06T12:11:00,83252.95,83263.65,83247.08,83261.0,18783
1770360120,2026-02-06T12:12:00,83262.58,83262.68,83247.5,83256.96,47843
1770360180,2026-02-06T12:13:00,83259.94,83293.1,83259.94,83289.95,23035
1770360240,2026-02-06T12:14:00,83290.94,83310.22,83288.04,83310.22,24660
1770360300,2026-02-06T12:15:00,83311.67,83314.35,83288.91,83288.91,38986
1770360360,2026-02-06T12:16:00,83288.03,83297.77,83264.0,83264.0,19966
1770360420,2026-02-06T12:17:00,83264.01,83278.43,83262.42,83262.58,23487
1770360480,2026-02-06T12:18:00,83261.64,83281.88,83250.07,83273.01,29409
1770360540,2026-02-06T12:19:00,83273.01,83294.87,83273.01,83283.41,27404
1770360600,2026-02-06T12:20:00,83282.55,83282.55,83256.53,83263.27,35384
1770360660,2026-02-06T12:21:00,83263.1,83263.1,83218.73,83220.0,31821
1770360720,2026-02-06T12:22:00,83215.48,83217.91,83195.5,83198.11,19053
1770360780,2026-02-06T12:23:00,83198.11,83219.02,83198.11,83200.72,92601
1770360840,2026-02-06T12:24:00,83198.94,83203.91,83190.99,83190.99,89846
1770360900,2026-02-06T12:25:00,83191.43,83195.97,83168.11,83177.86,36422
1770360960,2026-02-06T12:26:00,83177.79,83177.79,83158.86,83168.38,51859
1770361020,2026-02-06T12:27:00,83169.26,83201.5,83167.82,83199.3,20577
1770361080,2026-02-06T12:28:00,83199.69,83200.51,83178.84,83178.84,20147
1770361140,2026-02-06T12:29:00,83182.23,83193.06,83178.36,83189.42,11493
1770361200,2026-02-06T12:30:00,83188.84,83190.34,83146.41,83147.99,10784
1770361260,2026-02-06T12:31:00,83147.76,83153.58,83118.26,83120.89,25426
1770361320,2026-02-06T12:32:00,83119.78,83120.84,83106.15,83114.95,19035
1770361380,2026-02-06T12:33:00,83114.95,83116.7,83087.18,83089.22,20932
1770361440,2026-02-06T12:34:00,83089.3,83091.02,83074.1,83086.88,29201
1770361500,2026-02-06T12:35:00,83087.54,83118.7,83087.54,83106.9,14208
1770361560,2026-02-06T12:36:00,83106.75,83122.05,83103.71,83121.19,10699
1770361620,2026-02-06T12:37:00,83121.89,83136.53,83116.44,83123.79,21391
1770361680,2026-02-06T12:38:00,83126.17,83126.49,83101.79,83101.79,15570
1770361740,2026-02-06T12:39:00,83102.28,83114.44,83101.59,83107.42,18880
1770361800,2026-02-06T12:40:00,83105.87,83131.76,83105.87,83125.51,15398
1770361860,2026-02-06T12:41:00,83124.92,83127.95,83100.0,83100.0,8292
1770361920,2026-02-06T12:42:00,83107.87,83109.72,83081.29,83084.2,20299
1770361980,2026-02-06T12:43:00,83084.62,83094.83,83076.25,83084.12,27009
1770362040,2026-02-06T12:44:00,83082.72,83095.65,83077.63,83094.39,12960
1770362100,2026-02-06T12:45:00,83094.4,83104.14,83076.85,83100.54,1187685
1770362160,2026-02-06T12:46:00,83104.41,83161.28,83104.41,83161.28,68836
1770362220,2026-02-06T12:47:00,83158.28,83185.54,83157.23,83180.92,20271
1770362280,2026-02-06T12:48:00,83179.02,83180.76,83143.3,83143.3,26947
1770362340,2026-02-06T12:49:00,83140.27,83140.27,83119.36,83121.32,12109
1770362400,2026-02-06T12:50:00,83118.65,83128.46,83092.75,83120.5,16327
1770362460,2026-02-06T12:51:00,83114.26,83127.34,83110.87,83119.56,23957
1770362520,2026-02-06T12:52:00,83118.79,83125.32,83103.07,83111.45,17220
1770362580,2026-02-06T12:53:00,83112.44,83119.55,83105.1,83110.33,50833
1770362640,2026-02-06T12:54:00,83107.48,83110.91,83079.53,83079.78,19186
1770362700,2026-02-06T12:55:00,83077.87,83094.48,83072.0,83090.55,50804
1770362760,2026-02-06T12:56:00,83093.9,83098.62,83063.09,83063.09,32825
1770362820,2026-02-06T12:57:00,83063.74,83092.15,83054.22,83090.79,16920
1770362880,2026-02-06T12:58:00,83093.81,83138.43,83086.34,83137.08,17619
1770362940,2026-02-06T12:59:00,83138.4,83177.79,83138.16,83156.06,22934
1770363000,2026-02-06T13:00:00,83160.29,83166.07,83132.49,83137.85,19683
1770363060,2026-02-06T13:01:00,83137.85,83137.99,83118.36,83123.99,25410
1770363120,2026-02-06T13:02:00,83125.02,83130.24,83117.9,83120.4,20898
1770363180,2026-02-06T13:03:00,83120.33,83134.06,83113.69,83134.06,91759
1770363240,2026-02-06T13:04:00,83133.37,83151.23,83132.56,83151.23,16593
1770363300,2026-02-06T13:05:00,83163.42,83188.41,83156.95,83184.39,24833
1770363360,2026-02-06T13:06:00,83184.43,83214.5,83183.9,83213.62,9951
1770363420,2026-02-06T13:07:00,83213.58,83217.21,83173.29,83179.73,50226
1770363480,2026-02-06T13:08:00,83179.13,83185.67,83161.64,83161.64,35617
1770363540,2026-02-06T13:09:00,83162.32,83162.32,83127.96,83141.13,31364
1770363600,2026-02-06T13:10:00,83146.98,83168.03,83146.98,83166.74,20247
1770363660,2026-02-06T13:11:00,83166.74,83180.73,83163.82,83165.51,17969
1770363720,2026-02-06T13:12:00,83162.82,83169.59,83142.17,83169.59,18619
1770363780,2026-02-06T13:13:00,83169.59,83170.63,83152.39,83156.6,8010
1770363840,2026-02-06T13:14:00,83156.77,83166.75,83151.26,83165.57,14969
1770363900,2026-02-06T13:15:00,83165.28,83197.71,83164.09,83197.67,3537
1770363960,2026-02-06T13:16:00,83196.86,83202.5,83186.59,83193.5,13042
1770364020,2026-02-06T13:17:00,83190.7,83193.79,83179.86,83188.57,9380
1770364080,2026-02-06T13:18:00,83184.86,83187.73,83172.9,83178.4,7827
1770364140,2026-02-06T13:19:00,83175.29,83196.88,83171.55,83190.59,29639
1770364200,2026-02-06T13:20:00,83191.81,83194.13,83179.72,83179.72,9735
1770364260,2026-02-06T13:21:00,83179.72,83191.33,83174.67,83188.38,11931
1770364320,2026-02-06T13:22:00,83194.18,83194.18,83177.94,83179.02,9959
1770364380,2026-02-06T13:23:00,83176.94,83205.51,83176.94,83205.51,13290
1770364440,2026-02-06T13:24:00,83203.62,83221.48,83202.85,83206.81,19334
1770364500,2026-02-06T13:25:00,83206.4,83210.68,83197.63,83204.86,12240
1770364560,2026-02-06T13:26:00,83206.2,83210.1,83196.87,83202.13,19000
1770364620,2026-02-06T13:27:00,83202.79,83213.45,83198.9,83205.39,21759
1770364680,2026-02-06T13:28:00,83205.84,83211.96,83197.51,83197.51,9346
1770364740,2026-02-06T13:29:00,83195.88,83198.33,83182.39,83197.9,11291
1770364800,2026-02-06T13:30:00,83207.0,83214.27,83196.56,83201.27,6221
1770364860,2026-02-06T13:31:00,83201.96,83207.23,83195.24,83195.24,7251
1770364920,2026-02-06T13:32:00,83186.22,83189.62,83148.63,83149.51,16827
1770364980,2026-02-06T13:33:00,83149.05,83170.28,83140.31,83165.65,21347
1770365040,2026-02-06T13:34:00,83168.01,83189.01,83165.37,83178.87,15087
1770365100,2026-02-06T13:35:00,83179.43,83195.15,83176.45,83187.44,5170
1770365160,2026-02-06T13:36:00,83187.44,83216.02,83186.35,83216.02,17946
1770365220,2026-02-06T13:37:00,83216.41,83239.37,83216.3,83231.5,7494
1770365280,2026-02-06T13:38:00,83232.34,83267.68,83232.34,83267.68,10384
1770365340,2026-02-06T13:39:00,83267.33,83270.21,83251.9,83263.69,8587
1770365400,2026-02-06T13:40:00,83263.92,83292.05,83259.56,83292.05,25522
1770365460,2026-02-06T13:41:00,83292.05,83294.28,83273.68,83275.24,10301
1770365520,2026-02-06T13:42:00,83275.24,83288.86,83256.18,83261.01,17247
1770365580,2026-02-06T13:43:00,83256.77,83259.57,83233.95,83236.35,9126
1770365640,2026-02-06T13:44:00,83236.6,83237.0,83229.28,83233.6,7955
1770365700,2026-02-06T13:45:00,83233.6,83237.77,83220.74,83230.61,15441
1770365760,2026-02-06T13:46:00,83231.74,83235.86,83224.16,83232.02,7421
1770365820,2026-02-06T13:47:00,83236.15,83242.15,83219.8,83222.52,19970
1770365880,2026-02-06T13:48:00,83220.39,83237.51,83214.8,83236.85,15762
1770365940,2026-02-06T13:49:00,83236.62,83273.32,83236.62,83259.49,23014
1770366000,2026-02-06T13:50:00,83259.49,83275.87,83259.49,83272.75,9656
1770366060,2026-02-06T13:51:00,83272.42,83313.11,83265.59,83309.39,19875
1770366120,2026-02-06T13:52:00,83307.68,83346.61,83300.82,83346.46,25339
1770366180,2026-02-06T13:53:00,83344.07,83361.04,83340.73,83346.85,28552
1770366240,2026-02-06T13:54:00,83349.54,83375.76,83340.13,83375.76,9439
1770366300,2026-02-06T13:55:00,83377.07,83378.15,83359.36,83366.48,16745
1770366360,2026-02-06T13:56:00,83366.88,83384.4,83362.84,83373.91,15371
1770366420,2026-02-06T13:57:00,83374.15,83381.62,83368.29,83371.24,17064
1770366480,2026-02-06T13:58:00,83371.45,83371.45,83317.94,83320.42,27442
1770366540,2026-02-06T13:59:00,83323.1,83366.62,83320.91,83361.84,11261
1770366600,2026-02-06T14:00:00,83361.84,83378.48,83356.48,83361.83,546274
1770366660,2026-02-06T14:01:00,83363.34,83401.32,83363.34,83394.03,27672
1770366720,2026-02-06T14:02:00,83395.25,83400.0,83376.32,83384.56,12235
1770366780,2026-02-06T14:03:00,83386.49,83397.65,83368.41,83369.02,11663
1770366840,2026-02-06T14:04:00,83367.04,83371.45,83356.94,83364.91,31703
1770366900,2026-02-06T14:05:00,83364.47,83374.32,83364.02,83367.31,15733
1770366960,2026-02-06T14:06:00,83368.12,83375.97,83363.87,83367.46,17460
1770367020,2026-02-06T14:07:00,83367.24,83379.01,83364.81,83378.65,15253
1770367080,2026-02-06T14:08:00,83378.65,83404.65,83378.65,83392.84,13484
1770367140,2026-02-06T14:09:00,83389.33,83394.35,83376.67,83379.79,23189
1770367200,2026-02-06T14:10:00,83379.3,83380.89,83346.58,83346.7,8297
1770367260,2026-02-06T14:11:00,83347.0,83347.0,83326.99,83329.81,9929
1770367320,2026-02-06T14:12:00,83329.1,83335.45,83323.72,83335.45,12103
1770367380,2026-02-06T14:13:00,83337.28,83354.4,83336.92,83341.27,15790
1770367440,2026-02-06T14:14:00,83338.01,83339.83,83330.86,83337.14,24250
1770367500,2026-02-06T14:15:00,83337.14,83347.38,83331.65,83347.38,508401
1770367560,2026-02-06T14:16:00,83347.38,83348.21,83318.53,83318.53,7153
1770367620,2026-02-06T14:17:00,83316.31,83317.98,83298.17,83307.68,15961
1770367680,2026-02-06T14:18:00,83307.68,83324.64,83300.97,83318.69,6328
1770367740,2026-02-06T14:19:00,83318.69,83357.9,83318.69,83353.86,9542
1770367800,2026-02-06T14:20:00,83354.08,83375.25,83351.82,83369.63,12876
1770367860,2026-02-06T14:21:00,83368.11,83385.07,83367.82,83380.0,10214
1770367920,2026-02-06T14:22:00,83380.02,83381.13,83353.97,83357.16,25368
1770367980,2026-02-06T14:23:00,83357.16,83357.16,83334.24,83338.54,10571
1770368040,2026-02-06T14:24:00,83338.54,83341.98,83309.12,83310.55,15167
1770368100,2026-02-06T14:25:00,83310.1,83326.07,83297.53,83319.8,25239
1770368160,2026-02-06T14:26:00,83318.62,83341.36,83317.75,83325.71,30278
1770368220,2026-02-06T14:27:00,83324.61,83324.61,83303.99,83323.56,13839
1770368280,2026-02-06T14:28:00,83323.27,83328.03,83317.91,83327.38,10944
1770368340,2026-02-06T14:29:00,83327.71,83351.33,83323.62,83335.31,11956
1770368400,2026-02-06T14:30:00,83334.09,83340.49,83321.95,83322.65,7605
1770368460,2026-02-06T14:31:00,83322.25,83345.18,83319.54,83344.71,18356
1770368520,2026-02-06T14:32:00,83339.81,83350.16,83331.06,83331.44,11228
1770368580,2026-02-06T14:33:00,83329.5,83333.75,83321.78,83328.49,28509
1770368640,2026-02-06T14:34:00,83325.52,83364.16,83325.52,83362.29,10313
1770368700,2026-02-06T14:35:00,83362.61,83376.93,83353.85,83359.81,11465
1770368760,2026-02-06T14:36:00,83358.17,83372.94,83355.83,83372.94,14346
1770368820,2026-02-06T14:37:00,83370.13,83383.15,83362.71,83381.3,13007
1770368880,2026-02-06T14:38:00,83379.39,83400.63,83379.33,83396.82,13268
1770368940,2026-02-06T14:39:00,83396.94,83398.39,83375.01,83390.41,8323
1770369000,2026-02-06T14:40:00,83390.57,83443.93,83390.57,83443.93,33028
1770369060,2026-02-06T14:41:00,83443.64,83445.9,83428.39,83430.75,7774
1770369120,2026-02-06T14:42:00,83432.5,83447.13,83424.77,83438.81,520431
1770369180,2026-02-06T14:43:00,83429.51,83452.89,83426.84,83448.94,13951
1770369240,2026-02-06T14:44:00,83449.81,83461.04,83443.33,83456.49,13411
1770369300,2026-02-06T14:45:00,83456.4,83478.4,83453.92,83471.5,22739
1770369360,2026-02-06T14:46:00,83471.81,83481.75,83445.76,83446.24,25670
1770369420,2026-02-06T14:47:00,83445.04,83445.04,83414.69,83421.18,19692
1770369480,2026-02-06T14:48:00,83422.59,83424.34,83409.58,83411.71,22008
1770369540,2026-02-06T14:49:00,83412.35,83412.86,83395.67,83405.29,14826
1770369600,2026-02-06T14:50:00,83405.29,83419.07,83400.9,83410.31,8670
1770369660,2026-02-06T14:51:00,83411.4,83429.6,83409.43,83420.47,17466
1770369720,2026-02-06T14:52:00,83421.24,83426.64,83410.49,83416.75,9352
1770369780,2026-02-06T14:53:00,83416.5,83440.2,83411.22,83440.2,24392
1770369840,2026-02-06T14:54:00,83437.63,83451.3,83430.63,83449.18,20796
1770369900,2026-02-06T14:55:00,83452.15,83476.89,83451.21,83475.83,38475
1770369960,2026-02-06T14:56:00,83476.48,83477.44,83461.12,83474.76,15933
1770370020,2026-02-06T14:57:00,83480.32,83501.71,83479.51,83494.75,24349
1770370080,2026-02-06T14:58:00,83495.6,83506.49,83483.44,83486.42,12007
1770370140,2026-02-06T14:59:00,83485.85,83507.23,83470.24,83504.79,18887
1770370200,2026-02-06T15:00:00,83511.51,83548.14,83511.51,83541.0,48216
1770370260,2026-02-06T15:01:00,83544.31,83548.18,83524.54,83544.22,21309
1770370320,2026-02-06T15:02:00,83545.75,83556.04,83534.3,83534.3,27079
1770370380,2026-02-06T15:03:00,83527.31,83534.18,83513.93,83524.7,19064
1770370440,2026-02-06T15:04:00,83526.89,83547.53,83526.01,83538.91,23085
1770370500,2026-02-06T15:05:00,83538.79,83552.4,83532.11,83547.93,33440
1770370560,2026-02-06T15:06:00,83544.78,83562.79,83544.78,83548.7,26058
1770370620,2026-02-06T15:07:00,83542.26,83592.67,83537.94,83585.29,53667
1770370680,2026-02-06T15:08:00,83579.13,83583.14,83563.93,83572.18,28440
1770370740,2026-02-06T15:09:00,83570.82,83580.73,83559.29,83572.55,37015
1770370800,2026-02-06T15:10:00,83572.81,83582.71,83553.8,83580.65,36722
1770370860,2026-02-06T15:11:00,83576.19,83594.37,83566.67,83590.18,30365
1770370920,2026-02-06T15:12:00,83590.46,83593.02,83568.88,83571.02,33033
1770370980,2026-02-06T15:13:00,83566.52,83612.12,83566.29,83603.66,23517
1770371040,2026-02-06T15:14:00,83597.44,83610.38,83587.08,83594.93,424454
1770371100,2026-02-06T15:15:00,83590.37,83592.09,83571.79,83590.69,45142
1770371160,2026-02-06T15:16:00,83586.05,83609.24,83571.88,83593.73,46678
1770371220,2026-02-06T15:17:00,83595.4,83605.77,83577.59,83594.79,38334
1770371280,2026-02-06T15:18:00,83594.65,83600.74,83573.95,83588.01,28602
1770371340,2026-02-06T15:19:00,83588.71,83592.92,83571.25,83585.2,277259
1770371400,2026-02-06T15:20:00,83585.09,83592.68,83571.64,83588.57,28587
1770371460,2026-02-06T15:21:00,83589.01,83593.3,83574.23,83586.2,25880
1770371520,2026-02-06T15:22:00,83584.73,83603.19,83580.59,83594.13,19524
1770371580,2026-02-06T15:23:00,83593.29,83601.77,83582.57,83591.71,34460
1770371640,2026-02-06T15:24:00,83589.66,83604.58,83578.23,83579.94,53172
1770371700,2026-02-06T15:25:00,83581.05,83595.26,83554.31,83561.99,72517
1770371760,2026-02-06T15:26:00,83560.16,83572.14,83552.52,83569.59,22850
1770371820,2026-02-06T15:27:00,83565.59,83565.59,83543.85,83559.18,37560
1770371880,2026-02-06T15:28:00,83548.71,83572.79,83533.75,83549.47,36862
1770371940,2026-02-06T15:29:00,83546.21,83553.22,83481.54,83531.1,53478
1770608700,2026-02-09T09:15:00,84177.51,84314.68,83960.48,84045.02,625393
1770608760,2026-02-09T09:16:00,84045.09,84087.72,84024.15,84048.52,298564
1770608820,2026-02-09T09:17:00,84045.91,84050.08,83978.31,83992.85,227275
1770608880,2026-02-09T09:18:00,83996.44,84001.18,83965.34,83974.97,158635
1770608940,2026-02-09T09:19:00,83975.16,83996.61,83941.96,83991.19,162275
1770609000,2026-02-09T09:20:00,83988.83,84002.26,83960.31,83965.45,117478
1770609060,2026-02-09T09:21:00,83967.94,84025.95,83967.94,84025.07,98887
1770609120,2026-02-09T09:22:00,84016.32,84016.32,83946.37,83965.17,96703
1770609180,2026-02-09T09:23:00,83956.27,83956.27,83920.35,83949.46,131435
1770609240,2026-02-09T09:24:00,83951.32,84006.75,83950.38,83988.81,96524
1770609300,2026-02-09T09:25:00,83996.83,84004.81,83979.43,83982.46,56597
1770609360,2026-02-09T09:26:00,83983.26,83992.14,83948.99,83950.35,78203
1770609420,2026-02-09T09:27:00,83950.43,83972.71,83931.45,83957.71,67342
1770609480,2026-02-09T09:28:00,83960.67,83985.3,83939.47,83972.1,55008
1770609540,2026-02-09T09:29:00,83978.56,84008.48,83968.08,84006.1,47936
1770609600,2026-02-09T09:30:00,84005.89,84030.63,83998.9,84026.75,57047
1770609660,2026-02-09T09:31:00,84026.45,84038.94,83997.41,83998.75,47959
1770609720,2026-02-09T09:32:00,83996.61,84001.17,83970.45,83975.86,56924
1770609780,2026-02-09T09:33:00,83972.73,83973.25,83921.77,83921.77,58392
1770609840,2026-02-09T09:34:00,83930.09,83930.8,83895.29,83925.75,71225
1770609900,2026-02-09T09:35:00,83924.35,83934.57,83912.43,83934.24,40257
1770609960,2026-02-09T09:36:00,83938.98,83941.18,83912.78,83912.78,46846
1770610020,2026-02-09T09:37:00,83912.9,83912.9,83893.97,83902.93,40051
1770610080,2026-02-09T09:38:00,83910.99,83915.45,83883.54,83883.54,39245
1770610140,2026-02-09T09:39:00,83880.89,83908.68,83864.39,83864.39,54381
1770610200,2026-02-09T09:40:00,83860.42,83896.52,83860.42,83893.33,33107
1770610260,2026-02-09T09:41:00,83893.33,83912.96,83882.78,83907.34,31074
1770610320,2026-02-09T09:42:00,83903.55,83932.21,83898.64,83922.42,32918
1770610380,2026-02-09T09:43:00,83919.1,83929.22,83899.71,83903.06,27890
1770610440,2026-02-09T09:44:00,83906.99,83918.19,83880.74,83902.65,50331
1770610500,2026-02-09T09:45:00,83901.59,83925.42,83890.2,83917.11,45913
1770610560,2026-02-09T09:46:00,83916.76,83940.63,83915.34,83926.28,45551
1770610620,2026-02-09T09:47:00,83932.43,83951.24,83930.22,83950.93,38233
1770610680,2026-02-09T09:48:00,83951.33,83973.96,83944.35,83958.44,60470
1770610740,2026-02-09T09:49:00,83961.89,83965.27,83943.43,83959.94,299900
1770610800,2026-02-09T09:50:00,83958.35,83987.39,83952.88,83979.74,35308
1770610860,2026-02-09T09:51:00,83977.96,83978.72,83942.87,83944.38,53038
1770610920,2026-02-09T09:52:00,83945.24,83978.38,83945.24,83958.34,38269
1770610980,2026-02-09T09:53:00,83964.49,83980.33,83959.83,83974.04,42477
1770611040,2026-02-09T09:54:00,83977.16,83977.66,83950.76,83954.51,33672
1770611100,2026-02-09T09:55:00,83954.12,83961.93,83944.67,83958.9,24988
1770611160,2026-02-09T09:56:00,83960.05,83963.23,83942.38,83956.43,30412
1770611220,2026-02-09T09:57:00,83952.52,83964.59,83946.27,83963.94,39981
1770611280,2026-02-09T09:58:00,83963.94,83972.06,83955.79,83963.04,27894
1770611340,2026-02-09T09:59:00,83964.55,83978.2,83964.55,83974.31,37576
1770611400,2026-02-09T10:00:00,83967.77,83997.72,83965.54,83997.72,35575
1770611460,2026-02-09T10:01:00,83993.02,84010.36,83989.5,83994.2,38652
1770611520,2026-02-09T10:02:00,83992.56,84001.89,83973.18,83999.47,44311
1770611580,2026-02-09T10:03:00,83998.54,84011.44,83991.41,84004.22,24220
1770611640,2026-02-09T10:04:00,84003.52,84004.69,83980.15,83994.7,28253
1770611700,2026-02-09T10:05:00,83995.57,84018.63,83991.69,84009.15,61829
1770611760,2026-02-09T10:06:00,84008.93,84009.86,83959.1,83964.64,40954
1770611820,2026-02-09T10:07:00,83970.53,83981.64,83956.74,83975.12,35416
1770611880,2026-02-09T10:08:00,83974.65,83974.65,83944.06,83947.55,19817
1770611940,2026-02-09T10:09:00,83947.16,83947.16,83905.26,83933.68,56318
1770612000,2026-02-09T10:10:00,83937.5,83939.3,83904.46,83939.3,46071
1770612060,2026-02-09T10:11:00,83938.38,83950.82,83930.84,83932.25,15294
1770612120,2026-02-09T10:12:00,83933.48,83936.55,83916.22,83919.14,21695
1770612180,2026-02-09T10:13:00,83918.79,83919.66,83906.79,83908.28,19333
1770612240,2026-02-09T10:14:00,83907.58,83916.78,83898.88,83908.34,101541
1770612300,2026-02-09T10:15:00,83908.31,83911.79,83888.2,83892.59,37982
1770612360,2026-02-09T10:16:00,83899.5,83929.91,83898.69,83924.02,29726
1770612420,2026-02-09T10:17:00,83922.89,83942.67,83922.89,83940.47,22641
1770612480,2026-02-09T10:18:00,83939.96,83949.6,83928.65,83943.97,24216
1770612540,2026-02-09T10:19:00,83943.87,83958.62,83936.92,83951.59,117108
1770612600,2026-02-09T10:20:00,83946.38,83971.56,83941.85,83968.68,29644
1770612660,2026-02-09T10:21:00,83970.0,83978.01,83958.3,83976.51,28136
1770612720,2026-02-09T10:22:00,83975.61,83996.35,83963.69,83971.01,22764
1770612780,2026-02-09T10:23:00,83969.26,83971.2,83935.04,83935.04,20555
1770612840,2026-02-09T10:24:00,83935.94,83956.85,83929.15,83951.11,26269
1770612900,2026-02-09T10:25:00,83954.38,83978.01,83953.06,83967.23,34826
1770612960,2026-02-09T10:26:00,83966.32,83970.12,83938.7,83943.39,20933
1770613020,2026-02-09T10:27:00,83944.32,83949.41,83920.45,83933.45,24727
1770613080,2026-02-09T10:28:00,83940.54,83958.08,83933.09,83944.35,43497
1770613140,2026-02-09T10:29:00,83946.86,83952.65,83916.17,83922.34,24913
1770613200,2026-02-09T10:30:00,83917.95,83931.81,83916.6,83921.25,16467
1770613260,2026-02-09T10:31:00,83923.63,83956.59,83922.92,83949.42,18789
1770613320,2026-02-09T10:32:00,83957.35,83976.56,83954.54,83976.09,24741
1770613380,2026-02-09T10:33:00,83973.79,83978.5,83959.3,83960.69,34724
1770613440,2026-02-09T10:34:00,83960.53,83971.83,83955.49,83964.65,25168
1770613500,2026-02-09T10:35:00,83963.42,83981.15,83961.86,83971.77,28926
1770613560,2026-02-09T10:36:00,83968.96,83998.22,83966.57,83998.22,19238
1770613620,2026-02-09T10:37:00,83998.22,83998.22,83978.97,83994.4,32444
1770613680,2026-02-09T10:38:00,83998.86,84024.3,83989.05,84023.13,36844
1770613740,2026-02-09T10:39:00,84019.77,84033.66,84015.09,84022.12,51841
1770613800,2026-02-09T10:40:00,84024.05,84046.87,84024.05,84044.01,34544
1770613860,2026-02-09T10:41:00,84045.14,84047.7,84026.04,84031.01,19370
1770613920,2026-02-09T10:42:00,84028.13,84040.92,84019.78,84034.18,19866
1770613980,2026-02-09T10:43:00,84036.2,84049.88,84025.9,84048.29,19630
1770614040,2026-02-09T10:44:00,84050.71,84054.96,84035.46,84050.94,45068
1770614100,2026-02-09T10:45:00,84049.01,84054.17,84035.77,84052.02,53498
1770614160,2026-02-09T10:46:00,84051.12,84060.22,84042.93,84045.07,38651
1770614220,2026-02-09T10:47:00,84045.76,84062.07,84045.76,84055.84,17471
1770614280,2026-02-09T10:48:00,84055.98,84071.52,84047.03,84068.85,24399
1770614340,2026-02-09T10:49:00,84068.45,84074.53,84035.54,84037.1,79535
1770614400,2026-02-09T10:50:00,84036.31,84056.66,84027.57,84056.66,21032
1770614460,2026-02-09T10:51:00,84057.26,84060.17,84046.77,84054.14,43268
1770614520,2026-02-09T10:52:00,84058.96,84060.54,84036.2,84040.92,48255
1770614580,2026-02-09T10:53:00,84038.62,84055.16,84029.61,84055.16,35761
1770614640,2026-02-09T10:54:00,84055.16,84075.97,84051.82,84071.38,24945
1770614700,2026-02-09T10:55:00,84074.87,84077.08,84056.98,84063.71,28531
1770614760,2026-02-09T10:56:00,84063.71,84078.48,84058.12,84068.94,16899
1770614820,2026-02-09T10:57:00,84073.72,84086.68,84071.21,84079.74,23869
1770614880,2026-02-09T10:58:00,84083.34,84084.98,84068.96,84080.92,16080
1770614940,2026-02-09T10:59:00,84081.28,84103.57,84073.07,84097.26,74958
1770615000,2026-02-09T11:00:00,84097.65,84102.29,84081.5,84083.7,47255
1770615060,2026-02-09T11:01:00,84078.55,84096.4,84075.23,84086.2,14510
1770615120,2026-02-09T11:02:00,84084.09,84091.61,84072.0,84089.0,19098
1770615180,2026-02-09T11:03:00,84080.23,84082.35,84064.78,84076.65,104818
1770615240,2026-02-09T11:04:00,84077.73,84077.73,84053.6,84061.6,18312
1770615300,2026-02-09T11:05:00,84061.6,84090.62,84058.07,84079.96,68129
1770615360,2026-02-09T11:06:00,84080.35,84093.7,84075.21,84088.11,73378
1770615420,2026-02-09T11:07:00,84088.11,84092.68,84083.64,84087.27,23791
1770615480,2026-02-09T11:08:00,84085.92,84089.52,84060.74,84060.74,21957
1770615540,2026-02-09T11:09:00,84061.97,84077.08,84055.04,84055.04,59084
1770615600,2026-02-09T11:10:00,84058.81,84079.59,84058.08,84073.14,33608
1770615660,2026-02-09T11:11:00,84070.99,84082.96,84059.36,84072.14,23066
1770615720,2026-02-09T11:12:00,84070.52,84083.99,84059.42,84074.42,15007
1770615780,2026-02-09T11:13:00,84075.65,84090.44,84067.4,84087.3,28981
1770615840,2026-02-09T11:14:00,84085.08,84085.08,84055.83,84072.04,22206
1770615900,2026-02-09T11:15:00,84074.95,84075.76,84048.98,84052.12,82524
1770615960,2026-02-09T11:16:00,84047.87,84067.95,84046.37,84060.35,38098
1770616020,2026-02-09T11:17:00,84060.06,84069.88,84052.73,84066.09,76445
1770616080,2026-02-09T11:18:00,84065.74,84072.17,84060.46,84064.75,138965
1770616140,2026-02-09T11:19:00,84066.39,84074.4,84059.46,84062.8,33657
1770616200,2026-02-09T11:20:00,84064.02,84080.98,84062.77,84062.77,255077
1770616260,2026-02-09T11:21:00,84063.09,84070.6,84050.83,84069.97,27619
1770616320,2026-02-09T11:22:00,84065.78,84079.71,84053.89,84075.71,51722
1770616380,2026-02-09T11:23:00,84075.6,84084.19,84063.21,84082.64,291845
1770616440,2026-02-09T11:24:00,84081.24,84082.88,84066.36,84069.75,71426
1770616500,2026-02-09T11:25:00,84079.15,84092.04,84074.81,84078.37,194456
1770616560,2026-02-09T11:26:00,84079.71,84080.57,84050.25,84055.94,71422
1770616620,2026-02-09T11:27:00,84056.85,84079.13,84053.56,84055.3,67147
1770616680,2026-02-09T11:28:00,84055.64,84063.35,84040.44,84048.96,63467
1770616740,2026-02-09T11:29:00,84045.67,84062.1,84045.67,84048.86,42322
1770616800,2026-02-09T11:30:00,84048.86,84061.67,84035.73,84038.52,26973
1770616860,2026-02-09T11:31:00,84039.75,84041.56,84012.79,84027.57,53944
1770616920,2026-02-09T11:32:00,84024.34,84033.12,83996.64,84008.59,46534
1770616980,2026-02-09T11:33:00,84002.77,84021.84,83999.12,84005.81,65722
1770617040,2026-02-09T11:34:00,84009.58,84031.24,84009.58,84024.45,68838
1770617100,2026-02-09T11:35:00,84024.91,84033.76,84015.37,84023.76,72409
1770617160,2026-02-09T11:36:00,84023.76,84025.48,84008.67,84018.04,70766
1770617220,2026-02-09T11:37:00,84019.2,84033.6,84009.97,84024.39,33667
1770617280,2026-02-09T11:38:00,84027.49,84053.29,84025.68,84051.28,24026
1770617340,2026-02-09T11:39:00,84051.08,84073.18,84051.08,84057.11,65542
1770617400,2026-02-09T11:40:00,84056.57,84071.03,84053.79,84069.63,163219
1770617460,2026-02-09T11:41:00,84067.79,84084.6,84067.79,84080.63,121810
1770617520,2026-02-09T11:42:00,84080.01,84083.53,84063.06,84072.91,15749
1770617580,2026-02-09T11:43:00,84069.07,84076.16,84050.45,84076.16,14723
1770617640,2026-02-09T11:44:00,84078.25,84078.25,84040.42,84044.97,13891
1770617700,2026-02-09T11:45:00,84044.69,84045.78,84020.81,84032.71,37967
1770617760,2026-02-09T11:46:00,84033.25,84034.47,83998.58,84020.24,38376
1770617820,2026-02-09T11:47:00,84021.46,84021.46,83996.65,84006.6,26616
1770617880,2026-02-09T11:48:00,84006.6,84033.29,84004.36,84023.28,54018
1770617940,2026-02-09T11:49:00,84017.25,84024.86,84009.41,84015.13,21780
1770618000,2026-02-09T11:50:00,84015.8,84019.43,84006.71,84009.44,39814
1770618060,2026-02-09T11:51:00,84009.22,84014.96,83997.35,84005.37,34821
1770618120,2026-02-09T11:52:00,84005.37,84010.99,83988.55,84001.53,53515
1770618180,2026-02-09T11:53:00,83998.35,83998.35,83973.08,83983.9,35182
1770618240,2026-02-09T11:54:00,83983.9,83989.52,83979.41,83981.81,20761
1770618300,2026-02-09T11:55:00,83982.18,83992.46,83969.22,83978.61,26040
1770618360,2026-02-09T11:56:00,83979.49,83989.17,83973.49,83983.48,22418
1770618420,2026-02-09T11:57:00,83983.48,83985.11,83966.59,83977.75,11628
1770618480,2026-02-09T11:58:00,83978.22,83992.4,83974.96,83991.59,9115
1770618540,2026-02-09T11:59:00,83987.58,83998.35,83986.35,83995.88,12667
1770618600,2026-02-09T12:00:00,83997.72,84001.2,83980.95,83990.15,42485
1770618660,2026-02-09T12:01:00,83989.22,83999.01,83979.9,83997.75,50800
1770618720,2026-02-09T12:02:00,83999.45,84003.04,83979.77,83981.32,104070
1770618780,2026-02-09T12:03:00,83976.43,83996.74,83975.41,83994.92,92592
1770618840,2026-02-09T12:04:00,83997.09,84004.12,83987.67,84004.0,27534
1770618900,2026-02-09T12:05:00,83996.45,84005.43,83990.37,83998.01,32802
1770618960,2026-02-09T12:06:00,84000.19,84015.73,83997.85,84015.1,23438
1770619020,2026-02-09T12:07:00,84015.28,84033.29,84012.85,84032.91,27181
1770619080,2026-02-09T12:08:00,84032.38,84035.96,84018.17,84030.73,14427
1770619140,2026-02-09T12:09:00,84030.03,84046.12,84025.45,84042.12,9895
1770619200,2026-02-09T12:10:00,84041.74,84053.68,84040.75,84053.68,14176
1770619260,2026-02-09T12:11:00,84048.09,84053.87,84042.77,84049.0,13133
1770619320,2026-02-09T12:12:00,84050.19,84069.2,84050.19,84066.76,49696
1770619380,2026-02-09T12:13:00,84062.88,84065.73,84037.1,84051.39,49399
1770619440,2026-02-09T12:14:00,84053.5,84059.38,84041.36,84041.36,14094
1770619500,2026-02-09T12:15:00,84042.06,84060.05,84042.06,84047.91,16112
1770619560,2026-02-09T12:16:00,84046.07,84056.41,84035.2,84048.99,38356
1770619620,2026-02-09T12:17:00,84048.99,84053.57,84033.09,84053.47,13663
1770619680,2026-02-09T12:18:00,84046.12,84056.04,84041.71,84055.08,13815
1770619740,2026-02-09T12:19:00,84056.02,84057.41,84040.67,84045.09,19958
1770619800,2026-02-09T12:20:00,84046.84,84060.57,84038.83,84056.19,20974
1770619860,2026-02-09T12:21:00,84055.66,84068.64,84051.18,84058.4,15207
1770619920,2026-02-09T12:22:00,84059.53,84071.12,84055.09,84058.98,12896
1770619980,2026-02-09T12:23:00,84058.98,84071.84,84056.93,84063.01,10403
1770620040,2026-02-09T12:24:00,84061.88,84071.03,84057.86,84064.83,57152
1770620100,2026-02-09T12:25:00,84063.47,84069.13,84056.84,84063.85,55028
1770620160,2026-02-09T12:26:00,84064.4,84065.23,84042.67,84046.41,16861
1770620220,2026-02-09T12:27:00,84044.55,84051.98,84031.74,84047.61,12623
1770620280,2026-02-09T12:28:00,84046.48,84059.4,84037.58,84040.48,14544
1770620340,2026-02-09T12:29:00,84035.67,84048.84,84021.65,84031.59,42406
1770620400,2026-02-09T12:30:00,84032.52,84032.99,83993.6,83993.86,25886
1770620460,2026-02-09T12:31:00,83997.3,83997.3,83968.56,83971.53,23816
1770620520,2026-02-09T12:32:00,83975.8,83986.02,83968.91,83981.73,54005
1770620580,2026-02-09T12:33:00,83979.05,84000.66,83970.19,83994.18,17551
1770620640,2026-02-09T12:34:00,83988.33,84000.15,83986.05,83994.07,7623
1770620700,2026-02-09T12:35:00,83993.8,84022.91,83987.09,84012.74,27166
1770620760,2026-02-09T12:36:00,84011.69,84015.29,83996.34,83996.34,11100
1770620820,2026-02-09T12:37:00,83997.19,84011.57,83991.03,84001.0,11823
1770620880,2026-02-09T12:38:00,84003.77,84008.54,83994.72,84000.16,5460
1770620940,2026-02-09T12:39:00,83999.1,84004.13,83982.13,83994.6,15963
1770621000,2026-02-09T12:40:00,83993.9,84000.01,83984.32,83993.63,9289
1770621060,2026-02-09T12:41:00,83992.53,84005.22,83985.76,83985.81,21015
1770621120,2026-02-09T12:42:00,83990.07,83998.92,83980.47,83985.31,16950
1770621180,2026-02-09T12:43:00,83984.68,83985.97,83975.52,83983.05,36227
1770621240,2026-02-09T12:44:00,83976.76,83988.81,83970.45,83982.64,11284
1770621300,2026-02-09T12:45:00,83980.85,83984.13,83967.19,83984.13,13177
1770621360,2026-02-09T12:46:00,83985.69,83993.77,83974.16,83989.61,29073
1770621420,2026-02-09T12:47:00,83981.95,83987.45,83968.82,83968.82,24613
1770621480,2026-02-09T12:48:00,83968.12,83979.02,83965.14,83966.79,31639
1770621540,2026-02-09T12:49:00,83965.38,83980.48,83962.43,83974.24,13133
1770621600,2026-02-09T12:50:00,83976.66,83981.08,83965.55,83979.52,26161
1770621660,2026-02-09T12:51:00,83982.1,83988.87,83974.1,83987.95,33652
1770621720,2026-02-09T12:52:00,83989.12,83989.12,83948.64,83949.0,10819
1770621780,2026-02-09T12:53:00,83948.65,83966.14,83943.94,83944.69,14437
1770621840,2026-02-09T12:54:00,83944.58,83953.95,83937.63,83941.83,15011
1770621900,2026-02-09T12:55:00,83941.48,83943.65,83928.67,83938.0,13179
1770621960,2026-02-09T12:56:00,83938.5,83947.68,83932.01,83941.06,22277
1770622020,2026-02-09T12:57:00,83934.66,83955.56,83934.18,83954.94,9279
1770622080,2026-02-09T12:58:00,83956.37,83967.59,83950.24,83967.4,14411
1770622140,2026-02-09T12:59:00,83967.27,83984.75,83959.43,83984.75,15126
1770622200,2026-02-09T13:00:00,83985.24,83990.26,83974.17,83990.26,28837
1770622260,2026-02-09T13:01:00,83989.95,84000.51,83983.13,83989.34,28209
1770622320,2026-02-09T13:02:00,83990.93,84005.94,83986.19,84005.94,22372
1770622380,2026-02-09T13:03:00,84004.5,84004.5,83994.42,84003.7,17659
1770622440,2026-02-09T13:04:00,84004.93,84007.98,83988.83,84002.58,13268
1770622500,2026-02-09T13:05:00,84002.0,84006.27,83983.51,84004.87,32148
1770622560,2026-02-09T13:06:00,84003.13,84008.6,83988.73,83994.79,32148
1770622620,2026-02-09T13:07:00,83994.09,84006.23,83988.63,83999.73,10676
1770622680,2026-02-09T13:08:00,84000.12,84013.21,83997.44,84011.76,19171
1770622740,2026-02-09T13:09:00,84012.12,84033.62,84005.73,84031.84,21397
1770622800,2026-02-09T13:10:00,84031.56,84047.66,84026.67,84042.98,28793
1770622860,2026-02-09T13:11:00,84042.63,84044.09,84019.77,84021.55,28283
1770622920,2026-02-09T13:12:00,84019.11,84028.35,84004.61,84015.87,201511
1770622980,2026-02-09T13:13:00,84015.87,84023.4,84008.12,84019.13,11996
1770623040,2026-02-09T13:14:00,84019.25,84025.84,84012.01,84018.44,9416
1770623100,2026-02-09T13:15:00,84015.46,84033.78,84012.9,84020.65,12819
1770623160,2026-02-09T13:16:00,84021.12,84033.23,84018.12,84026.31,13955
1770623220,2026-02-09T13:17:00,84028.53,84035.34,84018.26,84027.33,15679
1770623280,2026-02-09T13:18:00,84023.81,84036.73,84018.54,84036.73,7837
1770623340,2026-02-09T13:19:00,84037.72,84046.42,84034.07,84045.5,12587
1770623400,2026-02-09T13:20:00,84047.13,84051.18,84036.44,84051.18,20094
1770623460,2026-02-09T13:21:00,84049.99,84049.99,84021.9,84026.11,12958
1770623520,2026-02-09T13:22:00,84028.18,84028.18,84005.51,84016.35,10104
1770623580,2026-02-09T13:23:00,84015.45,84021.92,84008.92,84020.91,6550
1770623640,2026-02-09T13:24:00,84016.49,84017.21,84006.78,84014.74,13006
1770623700,2026-02-09T13:25:00,84013.64,84015.44,83986.86,83986.86,19654
1770623760,2026-02-09T13:26:00,83986.86,84004.67,83986.86,83989.26,21593
1770623820,2026-02-09T13:27:00,83989.49,84015.79,83989.49,84011.88,18764
1770623880,2026-02-09T13:28:00,84010.2,84011.41,83996.07,83998.56,12536
1770623940,2026-02-09T13:29:00,84000.58,84000.58,83980.19,83984.74,12463
1770624000,2026-02-09T13:30:00,83988.65,83998.25,83983.78,83996.59,8483
1770624060,2026-02-09T13:31:00,83996.94,84003.42,83993.82,84001.5,7134
1770624120,2026-02-09T13:32:00,84003.23,84003.23,83981.56,83993.98,11773
1770624180,2026-02-09T13:33:00,83993.68,84027.05,83992.05,84026.51,7267
1770624240,2026-02-09T13:34:00,84027.86,84032.68,84016.63,84027.71,7556
1770624300,2026-02-09T13:35:00,84021.87,84035.35,84021.33,84030.03,10487
1770624360,2026-02-09T13:36:00,84030.03,84034.92,84022.63,84034.92,12316
1770624420,2026-02-09T13:37:00,84030.71,84037.71,84022.24,84028.55,14875
1770624480,2026-02-09T13:38:00,84028.72,84035.35,84024.05,84033.96,32203
1770624540,2026-02-09T13:39:00,84036.82,84039.44,84026.89,84030.41,14824
1770624600,2026-02-09T13:40:00,84030.12,84042.49,84022.47,84036.34,16276
1770624660,2026-02-09T13:41:00,84034.52,84045.94,84032.13,84044.7,14965
1770624720,2026-02-09T13:42:00,84044.34,84049.45,84035.25,84040.36,7683
1770624780,2026-02-09T13:43:00,84041.58,84047.86,84033.43,84038.7,7771
1770624840,2026-02-09T13:44:00,84039.34,84046.36,84028.09,84046.36,23806
1770624900,2026-02-09T13:45:00,84046.01,84046.01,84035.19,84035.22,12919
1770624960,2026-02-09T13:46:00,84032.65,84039.88,84023.07,84023.07,22574
1770625020,2026-02-09T13:47:00,84023.09,84038.66,84020.48,84032.27,9013
1770625080,2026-02-09T13:48:00,84034.52,84040.87,84023.45,84023.45,11396
1770625140,2026-02-09T13:49:00,84029.19,84029.94,84014.8,84028.61,12987
1770625200,2026-02-09T13:50:00,84027.89,84027.89,84013.48,84013.91,12563
1770625260,2026-02-09T13:51:00,84016.29,84027.0,84006.39,84016.06,14293
1770625320,2026-02-09T13:52:00,84015.93,84025.86,84005.25,84014.09,46508
1770625380,2026-02-09T13:53:00,84018.25,84034.8,84014.73,84028.03,13152
1770625440,2026-02-09T13:54:00,84026.6,84032.91,84007.23,84007.23,7282
1770625500,2026-02-09T13:55:00,84008.52,84028.04,84007.64,84016.81,10195
1770625560,2026-02-09T13:56:00,84021.79,84031.4,84014.86,84031.29,36145
1770625620,2026-02-09T13:57:00,84029.35,84044.05,84021.06,84031.16,31212
1770625680,2026-02-09T13:58:00,84036.96,84038.55,84016.04,84022.02,11585
1770625740,2026-02-09T13:59:00,84021.22,84024.76,84005.2,84005.2,14962
1770625800,2026-02-09T14:00:00,84011.67,84021.51,84009.36,84019.24,52961
1770625860,2026-02-09T14:01:00,84017.85,84030.33,84016.82,84024.81,9068
1770625920,2026-02-09T14:02:00,84023.5,84027.48,84010.99,84024.19,11330
1770625980,2026-02-09T14:03:00,84027.62,84033.78,84014.19,84014.19,16303
1770626040,2026-02-09T14:04:00,84014.19,84014.19,83989.49,84003.5,9978
1770626100,2026-02-09T14:05:00,84001.12,84006.91,83975.57,83987.74,7616
1770626160,2026-02-09T14:06:00,83988.42,83995.13,83976.39,83994.28,14637
1770626220,2026-02-09T14:07:00,83996.56,84002.17,83986.27,83999.65,14808
1770626280,2026-02-09T14:08:00,83997.86,84002.38,83982.91,83990.27,30269
1770626340,2026-02-09T14:09:00,83991.67,83999.48,83983.29,83993.41,28798
1770626400,2026-02-09T14:10:00,83995.29,84015.18,83992.93,84012.15,18342
1770626460,2026-02-09T14:11:00,84012.84,84014.88,83999.7,84002.35,19605
1770626520,2026-02-09T14:12:00,83999.98,84016.76,83992.09,84002.3,25330
1770626580,2026-02-09T14:13:00,84000.86,84007.75,83995.48,83996.03,24032
1770626640,2026-02-09T14:14:00,84000.65,84002.67,83989.86,83997.25,14694
1770626700,2026-02-09T14:15:00,83999.06,84006.21,83989.62,84000.33,27960
1770626760,2026-02-09T14:16:00,83999.89,84017.31,83997.34,84011.21,13569
1770626820,2026-02-09T14:17:00,84016.21,84026.29,84008.75,84012.64,14634
1770626880,2026-02-09T14:18:00,84013.0,84013.0,83996.85,84010.05,13473
1770626940,2026-02-09T14:19:00,84009.35,84022.4,84006.31,84016.15,16044
1770627000,2026-02-09T14:20:00,84016.24,84031.56,84013.3,84027.67,91322
1770627060,2026-02-09T14:21:00,84030.31,84035.93,84020.26,84029.74,20310
1770627120,2026-02-09T14:22:00,84030.02,84042.58,84023.65,84040.05,22796
1770627180,2026-02-09T14:23:00,84045.79,84058.9,84038.88,84056.85,12914
1770627240,2026-02-09T14:24:00,84052.11,84056.83,84039.47,84039.47,14435
1770627300,2026-02-09T14:25:00,84043.92,84049.14,84032.52,84037.5,49134
1770627360,2026-02-09T14:26:00,84038.58,84052.36,84038.58,84048.59,20655
1770627420,2026-02-09T14:27:00,84048.59,84048.59,84037.71,84041.64,46789
1770627480,2026-02-09T14:28:00,84041.29,84053.01,84036.07,84042.31,27142
1770627540,2026-02-09T14:29:00,84041.08,84051.41,84038.3,84040.58,12348
1770627600,2026-02-09T14:30:00,84041.72,84051.31,84032.97,84037.65,26948
1770627660,2026-02-09T14:31:00,84037.43,84037.43,84022.71,84029.99,9901
1770627720,2026-02-09T14:32:00,84031.13,84035.67,84014.49,84016.96,62396
1770627780,2026-02-09T14:33:00,84018.99,84025.77,84005.54,84017.3,14676
1770627840,2026-02-09T14:34:00,84020.68,84029.02,84016.43,84025.28,16821
1770627900,2026-02-09T14:35:00,84024.69,84031.64,84016.37,84017.53,20165
1770627960,2026-02-09T14:36:00,84016.76,84028.07,84012.06,84028.07,28142
1770628020,2026-02-09T14:37:00,84026.78,84026.78,84014.19,84022.87,43680
1770628080,2026-02-09T14:38:00,84022.7,84022.7,83995.83,84008.56,34654
1770628140,2026-02-09T14:39:00,84008.76,84023.4,84006.68,84022.25,9459
1770628200,2026-02-09T14:40:00,84022.35,84022.35,84001.78,84008.82,36405
1770628260,2026-02-09T14:41:00,84011.47,84011.47,83982.73,83987.56,27710
1770628320,2026-02-09T14:42:00,83989.19,83997.84,83980.15,83991.28,17076
1770628380,2026-02-09T14:43:00,83990.34,84005.15,83987.54,83998.08,15103
1770628440,2026-02-09T14:44:00,83995.19,84003.22,83988.27,83991.88,15362
1770628500,2026-02-09T14:45:00,83990.54,84011.22,83986.43,84001.48,18835
1770628560,2026-02-09T14:46:00,84001.59,84005.82,83993.16,84000.62,11628
1770628620,2026-02-09T14:47:00,84004.78,84022.3,84000.25,84018.11,14011
1770628680,2026-02-09T14:48:00,84023.3,84042.98,84012.83,84040.46,25810
1770628740,2026-02-09T14:49:00,84039.26,84043.23,84016.02,84016.02,21322
1770628800,2026-02-09T14:50:00,84021.61,84034.08,84018.3,84030.41,14681
1770628860,2026-02-09T14:51:00,84032.21,84036.55,84019.12,84023.24,24732
1770628920,2026-02-09T14:52:00,84017.31,84036.38,84013.99,84023.51,24651
1770628980,2026-02-09T14:53:00,84021.53,84026.58,83978.01,83978.01,47842
1770629040,2026-02-09T14:54:00,83978.52,84025.34,83978.21,84008.01,34831
1770629100,2026-02-09T14:55:00,84017.4,84023.33,84008.63,84015.97,20237
1770629160,2026-02-09T14:56:00,84019.74,84031.26,84010.2,84028.55,22490
1770629220,2026-02-09T14:57:00,84030.08,84037.97,84022.07,84033.48,80761
1770629280,2026-02-09T14:58:00,84033.37,84040.48,84017.84,84025.13,15752
1770629340,2026-02-09T14:59:00,84024.19,84035.81,84016.84,84022.32,17035
1770629400,2026-02-09T15:00:00,84025.87,84060.72,84025.87,84044.81,55026
1770629460,2026-02-09T15:01:00,84041.3,84058.73,84028.42,84050.55,28663
1770629520,2026-02-09T15:02:00,84055.64,84060.91,84043.55,84044.11,57574
1770629580,2026-02-09T15:03:00,84045.69,84053.89,84034.06,84050.93,29908
1770629640,2026-02-09T15:04:00,84051.32,84068.67,84045.22,84064.58,27790
1770629700,2026-02-09T15:05:00,84063.15,84083.21,84061.5,84072.5,16727
1770629760,2026-02-09T15:06:00,84065.39,84079.49,84065.39,84069.64,18312
1770629820,2026-02-09T15:07:00,84072.09,84081.5,84053.3,84070.26,31843
1770629880,2026-02-09T15:08:00,84069.09,84072.03,84057.11,84064.33,23282
1770629940,2026-02-09T15:09:00,84068.18,84080.46,84064.87,84069.43,28404
1770630000,2026-02-09T15:10:00,84070.94,84082.99,84065.05,84071.8,41730
1770630060,2026-02-09T15:11:00,84071.87,84075.09,84040.72,84050.32,33796
1770630120,2026-02-09T15:12:00,84050.32,84063.62,84048.96,84056.08,23609
1770630180,2026-02-09T15:13:00,84054.53,84060.91,84044.36,84050.81,20305
1770630240,2026-02-09T15:14:00,84061.01,84070.89,84049.21,84066.76,27173
1770630300,2026-02-09T15:15:00,84062.75,84065.01,84052.89,84065.01,22707
1770630360,2026-02-09T15:16:00,84061.61,84065.85,84044.5,84050.21,33288
1770630420,2026-02-09T15:17:00,84053.44,84073.14,84052.72,84070.13,17899
1770630480,2026-02-09T15:18:00,84068.4,84078.09,84061.66,84068.06,31927
1770630540,2026-02-09T15:19:00,84069.9,84074.71,84056.54,84072.28,35073
1770630600,2026-02-09T15:20:00,84072.45,84074.27,84055.54,84068.08,24891
1770630660,2026-02-09T15:21:00,84070.35,84074.07,84049.69,84060.49,38262
1770630720,2026-02-09T15:22:00,84062.22,84070.39,84049.33,84060.07,22120
1770630780,2026-02-09T15:23:00,84062.56,84070.26,84048.91,84069.05,38452
1770630840,2026-02-09T15:24:00,84069.27,84069.61,84034.91,84047.06,38381
1770630900,2026-02-09T15:25:00,84043.78,84057.6,84030.09,84032.3,67400
1770630960,2026-02-09T15:26:00,84031.04,84049.72,84028.45,84048.82,24476
1770631020,2026-02-09T15:27:00,84050.48,84067.01,84039.09,84062.47,41273
1770631080,2026-02-09T15:28:00,84057.05,84079.97,84032.02,84079.97,34369
1770631140,2026-02-09T15:29:00,84062.82,84069.57,84016.11,84043.49,45062
1770695100,2026-02-10T09:15:00,84210.0,84217.39,84063.47,84214.22,222596
1770695160,2026-02-10T09:16:00,84207.36,84301.52,84204.3,84271.67,126818
1770695220,2026-02-10T09:17:00,84269.57,84280.42,84253.09,84253.09,123902
1770695280,2026-02-10T09:18:00,84246.59,84276.21,84242.61,84265.25,97246
1770695340,2026-02-10T09:19:00,84270.65,84270.65,84226.63,84230.39,56404
1770695400,2026-02-10T09:20:00,84227.58,84249.34,84214.0,84217.01,56752
1770695460,2026-02-10T09:21:00,84214.75,84216.63,84183.54,84197.07,46362
1770695520,2026-02-10T09:22:00,84195.52,84215.22,84192.79,84193.78,88921
1770695580,2026-02-10T09:23:00,84190.82,84194.14,84151.48,84187.93,56012
1770695640,2026-02-10T09:24:00,84184.2,84219.95,84180.82,84217.44,43122
1770695700,2026-02-10T09:25:00,84225.97,84230.94,84207.37,84221.35,48281
1770695760,2026-02-10T09:26:00,84222.01,84247.79,84209.57,84247.79,40326
1770695820,2026-02-10T09:27:00,84247.31,84254.84,84221.25,84231.81,88217
1770695880,2026-02-10T09:28:00,84231.61,84255.08,84230.38,84253.1,53753
1770695940,2026-02-10T09:29:00,84251.74,84252.77,84223.31,84250.26,56884
1770696000,2026-02-10T09:30:00,84250.04,84271.97,84250.04,84253.77,32920
1770696060,2026-02-10T09:31:00,84250.75,84262.47,84224.17,84224.17,40776
1770696120,2026-02-10T09:32:00,84224.28,84251.96,84224.28,84247.82,56554
1770696180,2026-02-10T09:33:00,84251.33,84299.51,84251.33,84299.51,440871
1770696240,2026-02-10T09:34:00,84293.07,84336.81,84293.07,84330.59,167264
1770696300,2026-02-10T09:35:00,84325.14,84349.9,84324.59,84349.43,386745
1770696360,2026-02-10T09:36:00,84348.67,84350.13,84326.08,84333.72,74750
1770696420,2026-02-10T09:37:00,84335.19,84339.84,84306.78,84311.45,68815
1770696480,2026-02-10T09:38:00,84315.36,84325.73,84310.2,84324.03,91252
1770696540,2026-02-10T09:39:00,84323.05,84323.05,84297.75,84312.26,38556
1770696600,2026-02-10T09:40:00,84310.51,84325.55,84304.13,84313.05,52815
1770696660,2026-02-10T09:41:00,84319.3,84326.59,84306.18,84325.34,32571
1770696720,2026-02-10T09:42:00,84323.82,84350.35,84323.7,84345.87,321539
1770696780,2026-02-10T09:43:00,84344.85,84348.96,84328.71,84340.1,40377
1770696840,2026-02-10T09:44:00,84337.7,84348.8,84332.35,84337.02,57585
1770696900,2026-02-10T09:45:00,84337.22,84350.75,84333.39,84339.96,89871
1770696960,2026-02-10T09:46:00,84341.69,84343.21,84332.22,84332.69,79793
1770697020,2026-02-10T09:47:00,84330.33,84368.03,84326.97,84358.88,180282
1770697080,2026-02-10T09:48:00,84359.73,84375.31,84352.63,84362.22,89703
1770697140,2026-02-10T09:49:00,84361.95,84370.6,84325.52,84327.05,151723
1770697200,2026-02-10T09:50:00,84327.95,84327.95,84309.6,84318.8,81011
1770697260,2026-02-10T09:51:00,84319.38,84337.54,84306.3,84337.54,2534936
1770697320,2026-02-10T09:52:00,84335.54,84350.27,84334.19,84334.88,85297
1770697380,2026-02-10T09:53:00,84335.73,84339.06,84312.38,84312.38,45135
1770697440,2026-02-10T09:54:00,84312.15,84315.12,84282.95,84289.27,45085
1770697500,2026-02-10T09:55:00,84290.42,84295.23,84274.99,84292.17,76124
1770697560,2026-02-10T09:56:00,84292.61,84337.21,84285.37,84337.21,1567300
1770697620,2026-02-10T09:57:00,84336.34,84339.97,84320.62,84334.89,53152
1770697680,2026-02-10T09:58:00,84334.89,84339.33,84323.43,84329.44,185002
1770697740,2026-02-10T09:59:00,84331.68,84348.6,84322.58,84343.94,118045
1770697800,2026-02-10T10:00:00,84346.04,84368.07,84343.88,84368.07,53790
1770697860,2026-02-10T10:01:00,84368.77,84368.77,84339.69,84344.43,62707
1770697920,2026-02-10T10:02:00,84342.29,84371.82,84334.87,84371.82,96339
1770697980,2026-02-10T10:03:00,84371.54,84378.88,84359.45,84376.9,52824
1770698040,2026-02-10T10:04:00,84376.68,84376.68,84358.44,84368.79,55562
1770698100,2026-02-10T10:05:00,84368.09,84383.22,84359.79,84369.8,1028847
1770698160,2026-02-10T10:06:00,84364.2,84392.17,84364.2,84386.15,4910123
1770698220,2026-02-10T10:07:00,84386.98,84400.13,84375.65,84386.74,49349
1770698280,2026-02-10T10:08:00,84385.44,84386.03,84365.88,84371.04,56317
1770698340,2026-02-10T10:09:00,84371.69,84375.01,84354.8,84363.86,35014
1770698400,2026-02-10T10:10:00,84369.98,84369.98,84345.0,84345.42,31808
1770698460,2026-02-10T10:11:00,84351.68,84358.13,84334.96,84339.68,61673
1770698520,2026-02-10T10:12:00,84335.39,84347.13,84310.31,84347.13,510871
1770698580,2026-02-10T10:13:00,84347.36,84350.67,84319.61,84326.74,196326
1770698640,2026-02-10T10:14:00,84326.38,84331.6,84316.28,84320.36,573400
1770698700,2026-02-10T10:15:00,84320.3,84358.89,84318.9,84358.89,89272
1770698760,2026-02-10T10:16:00,84359.04,84391.55,84358.25,84391.55,221204
1770698820,2026-02-10T10:17:00,84392.15,84394.74,84372.62,84378.26,183595
1770698880,2026-02-10T10:18:00,84383.25,84394.47,84379.89,84390.52,52423
1770698940,2026-02-10T10:19:00,84390.31,84413.18,84390.31,84398.49,4374870
1770699000,2026-02-10T10:20:00,84394.33,84399.26,84375.64,84381.96,506515
1770699060,2026-02-10T10:21:00,84382.09,84396.89,84372.99,84386.23,71083
1770699120,2026-02-10T10:22:00,84388.88,84398.7,84382.74,84390.32,140284
1770699180,2026-02-10T10:23:00,84391.22,84399.11,84379.19,84399.11,39618
1770699240,2026-02-10T10:24:00,84398.78,84398.78,84381.3,84391.26,33374
1770699300,2026-02-10T10:25:00,84393.71,84405.81,84383.52,84400.9,26883
1770699360,2026-02-10T10:26:00,84404.96,84412.07,84393.54,84400.79,25897
1770699420,2026-02-10T10:27:00,84397.6,84406.91,84385.57,84385.75,18970
1770699480,2026-02-10T10:28:00,84385.75,84396.54,84382.38,84392.2,30912
1770699540,2026-02-10T10:29:00,84391.71,84403.11,84389.43,84398.33,603665
1770699600,2026-02-10T10:30:00,84398.15,84402.76,84382.63,84394.97,23094
1770699660,2026-02-10T10:31:00,84394.93,84411.53,84387.73,84395.83,30567
1770699720,2026-02-10T10:32:00,84398.89,84406.76,84394.36,84406.76,87922
1770699780,2026-02-10T10:33:00,84412.77,84430.0,84404.94,84428.62,39165
1770699840,2026-02-10T10:34:00,84428.18,84446.64,84428.18,84439.09,46161
1770699900,2026-02-10T10:35:00,84438.29,84440.35,84424.59,84436.46,51760
1770699960,2026-02-10T10:36:00,84435.24,84439.01,84426.96,84436.2,45125
1770700020,2026-02-10T10:37:00,84434.7,84444.57,84425.95,84436.6,54909
1770700080,2026-02-10T10:38:00,84437.46,84438.99,84420.94,84423.81,23456
1770700140,2026-02-10T10:39:00,84423.71,84447.37,84422.69,84424.85,33816
1770700200,2026-02-10T10:40:00,84427.63,84429.24,84393.1,84396.62,79395
1770700260,2026-02-10T10:41:00,84392.51,84394.62,84360.22,84389.24,41886
1770700320,2026-02-10T10:42:00,84391.64,84409.1,84390.06,84392.82,48600
1770700380,2026-02-10T10:43:00,84394.88,84403.19,84388.55,84397.34,75265
1770700440,2026-02-10T10:44:00,84398.06,84404.94,84393.27,84404.94,39072
1770700500,2026-02-10T10:45:00,84404.94,84409.44,84387.07,84409.44,60991
1770700560,2026-02-10T10:46:00,84408.15,84419.62,84390.38,84417.12,54559
1770700620,2026-02-10T10:47:00,84419.58,84435.42,84419.58,84429.45,36415
1770700680,2026-02-10T10:48:00,84433.78,84445.94,84428.74,84436.21,40803
1770700740,2026-02-10T10:49:00,84437.08,84440.78,84401.01,84401.01,36909
1770700800,2026-02-10T10:50:00,84396.19,84427.96,84396.19,84424.05,48380
1770700860,2026-02-10T10:51:00,84425.94,84428.73,84404.04,84404.04,25242
1770700920,2026-02-10T10:52:00,84404.04,84408.1,84379.43,84384.56,24138
1770700980,2026-02-10T10:53:00,84387.37,84397.24,84381.13,84397.24,18366
1770701040,2026-02-10T10:54:00,84399.03,84401.17,84385.84,84393.82,31337
1770701100,2026-02-10T10:55:00,84393.52,84405.95,84393.52,84400.33,27971
1770701160,2026-02-10T10:56:00,84399.05,84406.48,84393.57,84400.97,13601
1770701220,2026-02-10T10:57:00,84400.94,84402.28,84385.13,84385.13,1042514
1770701280,2026-02-10T10:58:00,84383.99,84394.94,84381.37,84382.85,551125
1770701340,2026-02-10T10:59:00,84387.58,84406.04,84387.58,84401.16,55411
1770701400,2026-02-10T11:00:00,84395.43,84402.81,84383.78,84400.86,93431
1770701460,2026-02-10T11:01:00,84401.55,84416.4,84398.27,84404.56,31062
1770701520,2026-02-10T11:02:00,84409.61,84424.1,84408.61,84414.55,50637
1770701580,2026-02-10T11:03:00,84416.07,84423.17,84413.31,84416.02,26347
1770701640,2026-02-10T11:04:00,84416.02,84425.7,84409.37,84409.52,18256
1770701700,2026-02-10T11:05:00,84409.81,84425.66,84405.19,84416.56,32455
1770701760,2026-02-10T11:06:00,84415.31,84430.64,84412.85,84422.37,49246
1770701820,2026-02-10T11:07:00,84423.98,84423.98,84401.23,84409.1,30524
1770701880,2026-02-10T11:08:00,84409.0,84414.19,84397.46,84409.43,30354
1770701940,2026-02-10T11:09:00,84409.13,84412.33,84389.0,84389.0,21983
1770702000,2026-02-10T11:10:00,84390.01,84395.86,84382.05,84388.41,30944
1770702060,2026-02-10T11:11:00,84389.19,84398.98,84382.79,84392.27,168806
1770702120,2026-02-10T11:12:00,84397.5,84401.88,84382.47,84382.47,45660
1770702180,2026-02-10T11:13:00,84384.45,84399.6,84382.35,84397.87,64933
1770702240,2026-02-10T11:14:00,84400.73,84403.26,84389.64,84389.64,38561
1770702300,2026-02-10T11:15:00,84385.09,84401.28,84384.08,84396.93,83735
1770702360,2026-02-10T11:16:00,84389.68,84405.25,84384.96,84390.71,41973
1770702420,2026-02-10T11:17:00,84391.01,84399.19,84384.32,84393.95,29791
1770702480,2026-02-10T11:18:00,84393.18,84394.18,84379.21,84381.53,36617
1770702540,2026-02-10T11:19:00,84381.51,84392.68,84373.09,84392.36,53043
1770702600,2026-02-10T11:20:00,84393.4,84394.69,84370.06,84370.06,18995
1770702660,2026-02-10T11:21:00,84375.19,84390.24,84374.31,84379.11,86557
1770702720,2026-02-10T11:22:00,84379.86,84402.38,84377.08,84387.65,39493
1770702780,2026-02-10T11:23:00,84385.92,84391.31,84367.02,84382.12,45299
1770702840,2026-02-10T11:24:00,84380.28,84381.71,84365.73,84372.06,37366
1770702900,2026-02-10T11:25:00,84370.04,84371.86,84349.41,84357.35,27613
1770702960,2026-02-10T11:26:00,84357.19,84364.06,84345.26,84364.06,39226
1770703020,2026-02-10T11:27:00,84365.51,84381.25,84364.2,84376.79,286338
1770703080,2026-02-10T11:28:00,84378.25,84390.37,84371.2,84372.42,66149
1770703140,2026-02-10T11:29:00,84371.52,84392.41,84364.95,84367.63,52780
1770703200,2026-02-10T11:30:00,84371.79,84398.31,84369.81,84398.31,80398
1770703260,2026-02-10T11:31:00,84397.5,84398.11,84380.62,84388.12,35740
1770703320,2026-02-10T11:32:00,84389.82,84397.31,84386.33,84386.33,175963
1770703380,2026-02-10T11:33:00,84387.88,84391.49,84378.81,84384.94,37386
1770703440,2026-02-10T11:34:00,84384.94,84395.85,84371.96,84382.8,59540
1770703500,2026-02-10T11:35:00,84382.38,84399.3,84379.05,84389.29,56176
1770703560,2026-02-10T11:36:00,84395.08,84395.78,84361.69,84371.22,48353
1770703620,2026-02-10T11:37:00,84372.24,84372.24,84337.04,84342.28,46252
1770703680,2026-02-10T11:38:00,84337.33,84372.13,84337.33,84372.13,51082
1770703740,2026-02-10T11:39:00,84371.41,84381.6,84365.0,84372.08,48712
1770703800,2026-02-10T11:40:00,84372.88,84382.85,84365.14,84369.56,51424
1770703860,2026-02-10T11:41:00,84369.85,84382.63,84369.6,84372.03,31517
1770703920,2026-02-10T11:42:00,84372.03,84372.03,84355.93,84364.78,69785
1770703980,2026-02-10T11:43:00,84356.48,84374.12,84348.28,84363.69,44835
1770704040,2026-02-10T11:44:00,84363.93,84369.43,84353.37,84364.27,46367
1770704100,2026-02-10T11:45:00,84366.28,84369.58,84356.9,84366.8,84362
1770704160,2026-02-10T11:46:00,84361.29,84376.39,84359.02,84367.32,57647
1770704220,2026-02-10T11:47:00,84367.46,84373.4,84349.89,84358.61,57507
1770704280,2026-02-10T11:48:00,84354.75,84363.97,84349.95,84354.38,1072358
1770704340,2026-02-10T11:49:00,84354.07,84370.08,84353.86,84368.95,84334
1770704400,2026-02-10T11:50:00,84371.16,84371.16,84349.03,84350.23,31218
1770704460,2026-02-10T11:51:00,84349.92,84352.69,84336.82,84346.87,24690
1770704520,2026-02-10T11:52:00,84346.23,84363.03,84345.56,84360.62,2549136
1770704580,2026-02-10T11:53:00,84360.82,84382.31,84357.03,84378.52,24381
1770704640,2026-02-10T11:54:00,84384.02,84399.23,84378.96,84388.98,29233
1770704700,2026-02-10T11:55:00,84388.98,84390.23,84372.38,84383.24,27496
1770704760,2026-02-10T11:56:00,84384.87,84386.85,84363.52,84382.22,36489
1770704820,2026-02-10T11:57:00,84376.88,84380.87,84372.06,84380.43,17502
1770704880,2026-02-10T11:58:00,84380.77,84389.14,84374.33,84382.76,18862
1770704940,2026-02-10T11:59:00,84383.45,84399.21,84383.45,84395.01,16753
1770705000,2026-02-10T12:00:00,84392.86,84404.08,84385.54,84402.37,230727
1770705060,2026-02-10T12:01:00,84402.98,84404.45,84386.15,84387.97,22553
1770705120,2026-02-10T12:02:00,84387.48,84400.15,84376.09,84377.41,26421
1770705180,2026-02-10T12:03:00,84381.49,84393.92,84377.66,84388.27,49261
1770705240,2026-02-10T12:04:00,84388.08,84399.74,84383.64,84388.23,49364
1770705300,2026-02-10T12:05:00,84389.47,84398.39,84384.03,84389.24,40920
1770705360,2026-02-10T12:06:00,84389.0,84391.72,84370.64,84373.64,54097
1770705420,2026-02-10T12:07:00,84373.05,84383.05,84366.14,84380.48,43529
1770705480,2026-02-10T12:08:00,84380.02,84386.72,84375.06,84381.33,19469
1770705540,2026-02-10T12:09:00,84381.15,84381.15,84358.08,84366.45,28972
1770705600,2026-02-10T12:10:00,84367.24,84368.42,84348.11,84360.53,19372
1770705660,2026-02-10T12:11:00,84355.99,84367.94,84355.99,84367.24,61111
1770705720,2026-02-10T12:12:00,84369.02,84381.6,84366.84,84375.1,208456
1770705780,2026-02-10T12:13:00,84375.1,84395.23,84365.78,84388.64,28194
1770705840,2026-02-10T12:14:00,84388.15,84394.43,84373.69,84381.55,32064
1770705900,2026-02-10T12:15:00,84382.07,84387.33,84370.68,84378.23,36517
1770705960,2026-02-10T12:16:00,84376.8,84388.5,84372.11,84386.62,35869
1770706020,2026-02-10T12:17:00,84387.83,84404.92,84383.08,84400.83,95215
1770706080,2026-02-10T12:18:00,84401.48,84408.25,84397.58,84397.58,88649
1770706140,2026-02-10T12:19:00,84398.77,84405.56,84389.64,84394.12,50880
1770706200,2026-02-10T12:20:00,84395.11,84400.42,84382.03,84389.9,39469
1770706260,2026-02-10T12:21:00,84391.84,84392.57,84368.79,84376.08,49919
1770706320,2026-02-10T12:22:00,84376.59,84382.99,84369.62,84379.17,51983
1770706380,2026-02-10T12:23:00,84378.4,84380.84,84364.84,84369.65,128201
1770706440,2026-02-10T12:24:00,84368.79,84375.47,84350.85,84367.43,57298
1770706500,2026-02-10T12:25:00,84368.32,84371.55,84357.36,84361.67,32552
1770706560,2026-02-10T12:26:00,84361.37,84371.05,84357.62,84369.15,62533
1770706620,2026-02-10T12:27:00,84369.15,84374.15,84359.3,84363.81,126346
1770706680,2026-02-10T12:28:00,84363.81,84370.02,84357.98,84358.25,20672
1770706740,2026-02-10T12:29:00,84356.82,84369.11,84356.82,84360.68,32045
1770706800,2026-02-10T12:30:00,84358.94,84365.87,84347.35,84347.35,23654
1770706860,2026-02-10T12:31:00,84346.08,84352.08,84340.59,84351.51,53575
1770706920,2026-02-10T12:32:00,84352.02,84367.21,84351.19,84357.84,30933
1770706980,2026-02-10T12:33:00,84357.15,84360.02,84348.75,84348.75,37498
1770707040,2026-02-10T12:34:00,84350.22,84355.17,84345.52,84347.52,33522
1770707100,2026-02-10T12:35:00,84343.31,84364.03,84343.31,84354.14,30552
1770707160,2026-02-10T12:36:00,84353.61,84369.68,84348.97,84348.97,45487
1770707220,2026-02-10T12:37:00,84348.67,84358.86,84348.67,84354.75,25487
1770707280,2026-02-10T12:38:00,84354.75,84363.24,84336.59,84341.25,65111
1770707340,2026-02-10T12:39:00,84337.98,84367.82,84337.37,84361.05,46972
1770707400,2026-02-10T12:40:00,84360.53,84366.55,84350.18,84366.55,31088
1770707460,2026-02-10T12:41:00,84369.93,84377.74,84360.89,84371.92,26918
1770707520,2026-02-10T12:42:00,84373.85,84378.41,84366.26,84377.98,37434
1770707580,2026-02-10T12:43:00,84377.98,84384.78,84369.77,84375.27,20951
1770707640,2026-02-10T12:44:00,84375.62,84393.72,84372.82,84390.44,16838
1770707700,2026-02-10T12:45:00,84395.04,84401.45,84387.16,84387.16,25252
1770707760,2026-02-10T12:46:00,84389.13,84415.08,84388.27,84414.41,77613
1770707820,2026-02-10T12:47:00,84408.8,84432.31,84408.26,84428.32,36218
1770707880,2026-02-10T12:48:00,84428.83,84456.27,84425.5,84452.03,27922
1770707940,2026-02-10T12:49:00,84452.03,84460.83,84445.56,84459.92,21315
1770708000,2026-02-10T12:50:00,84460.45,84465.17,84450.07,84465.17,19328
1770708060,2026-02-10T12:51:00,84461.3,84476.86,84460.25,84472.39,22795
1770708120,2026-02-10T12:52:00,84475.81,84482.95,84450.92,84462.39,50072
1770708180,2026-02-10T12:53:00,84461.04,84461.04,84433.2,84441.35,20534
1770708240,2026-02-10T12:54:00,84441.17,84448.01,84437.32,84438.09,47316
1770708300,2026-02-10T12:55:00,84438.78,84443.51,84421.92,84425.84,13516
1770708360,2026-02-10T12:56:00,84427.49,84448.26,84426.37,84438.15,77886
1770708420,2026-02-10T12:57:00,84447.12,84452.52,84439.65,84443.67,51049
1770708480,2026-02-10T12:58:00,84440.46,84453.54,84436.62,84438.74,60649
1770708540,2026-02-10T12:59:00,84438.1,84446.14,84412.77,84414.45,66232
1770708600,2026-02-10T13:00:00,84412.02,84427.1,84376.72,84385.79,2391796
1770708660,2026-02-10T13:01:00,84381.48,84391.58,84366.52,84366.52,32357
1770708720,2026-02-10T13:02:00,84365.88,84377.55,84354.84,84372.01,837453
1770708780,2026-02-10T13:03:00,84371.01,84381.37,84364.87,84376.18,49056
1770708840,2026-02-10T13:04:00,84376.12,84387.82,84367.05,84387.82,27703
1770708900,2026-02-10T13:05:00,84390.86,84403.09,84371.53,84398.14,48819
1770708960,2026-02-10T13:06:00,84405.36,84428.54,84405.36,84428.54,19587
1770709020,2026-02-10T13:07:00,84429.94,84438.75,84413.42,84413.42,33955
1770709080,2026-02-10T13:08:00,84415.35,84436.46,84414.44,84431.49,29682
1770709140,2026-02-10T13:09:00,84431.19,84441.82,84419.03,84430.81,27802
1770709200,2026-02-10T13:10:00,84430.01,84440.19,84409.26,84419.48,35570
1770709260,2026-02-10T13:11:00,84420.18,84433.45,84418.65,84428.82,29318
1770709320,2026-02-10T13:12:00,84429.46,84441.24,84426.32,84430.4,17464
1770709380,2026-02-10T13:13:00,84431.81,84440.9,84427.0,84438.69,19398
1770709440,2026-02-10T13:14:00,84437.98,84441.38,84424.47,84435.59,71791
1770709500,2026-02-10T13:15:00,84437.08,84456.58,84430.23,84448.69,20553
1770709560,2026-02-10T13:16:00,84450.36,84455.19,84431.68,84438.03,32738
1770709620,2026-02-10T13:17:00,84438.05,84438.05,84398.29,84399.71,15864
1770709680,2026-02-10T13:18:00,84399.45,84399.45,84372.34,84375.99,60994
1770709740,2026-02-10T13:19:00,84372.51,84372.51,84329.52,84333.08,45969
1770709800,2026-02-10T13:20:00,84332.53,84353.21,84331.86,84341.35,16971
1770709860,2026-02-10T13:21:00,84339.2,84355.85,84336.85,84339.31,42829
1770709920,2026-02-10T13:22:00,84339.36,84340.25,84292.45,84298.76,64207
1770709980,2026-02-10T13:23:00,84299.06,84302.94,84272.64,84285.13,56397
1770710040,2026-02-10T13:24:00,84280.31,84294.65,84275.89,84283.23,31617
1770710100,2026-02-10T13:25:00,84284.76,84317.14,84275.95,84312.92,22481
1770710160,2026-02-10T13:26:00,84311.31,84331.53,84309.63,84324.21,8062
1770710220,2026-02-10T13:27:00,84325.96,84345.06,84324.54,84344.29,40366
1770710280,2026-02-10T13:28:00,84345.85,84352.51,84326.02,84340.25,213381
1770710340,2026-02-10T13:29:00,84340.64,84351.26,84308.24,84308.24,37847
1770710400,2026-02-10T13:30:00,84302.28,84302.59,84259.87,84262.5,15504
1770710460,2026-02-10T13:31:00,84251.49,84254.52,84229.88,84229.88,44556
1770710520,2026-02-10T13:32:00,84229.16,84259.54,84225.54,84247.44,54152
1770710580,2026-02-10T13:33:00,84255.06,84261.49,84242.86,84249.95,29723
1770710640,2026-02-10T13:34:00,84251.07,84263.52,84249.3,84254.13,23770
1770710700,2026-02-10T13:35:00,84261.28,84261.28,84231.7,84237.04,17489
1770710760,2026-02-10T13:36:00,84237.73,84248.7,84236.96,84244.76,10060
1770710820,2026-02-10T13:37:00,84245.02,84257.01,84237.17,84241.2,14490
1770710880,2026-02-10T13:38:00,84241.14,84260.89,84234.43,84260.89,342015
1770710940,2026-02-10T13:39:00,84261.5,84263.32,84241.91,84262.68,12518
1770711000,2026-02-10T13:40:00,84263.03,84283.78,84258.21,84283.78,13519
1770711060,2026-02-10T13:41:00,84284.29,84284.29,84269.89,84273.4,15763
1770711120,2026-02-10T13:42:00,84277.91,84277.91,84257.17,84260.51,22120
1770711180,2026-02-10T13:43:00,84262.49,84266.37,84251.47,84260.9,19208
1770711240,2026-02-10T13:44:00,84263.91,84271.75,84255.69,84269.65,8074
1770711300,2026-02-10T13:45:00,84269.46,84285.37,84266.52,84280.61,25242
1770711360,2026-02-10T13:46:00,84281.41,84288.2,84274.59,84277.06,17157
1770711420,2026-02-10T13:47:00,84277.06,84277.06,84244.81,84246.38,13197
1770711480,2026-02-10T13:48:00,84246.48,84254.69,84242.11,84243.17,28853
1770711540,2026-02-10T13:49:00,84244.15,84251.87,84237.08,84248.29,31353
1770711600,2026-02-10T13:50:00,84250.71,84259.99,84248.5,84253.79,15069
1770711660,2026-02-10T13:51:00,84257.31,84281.41,84253.22,84275.16,29513
1770711720,2026-02-10T13:52:00,84275.16,84297.16,84274.4,84288.81,23342
1770711780,2026-02-10T13:53:00,84289.16,84292.04,84274.36,84277.53,23951
1770711840,2026-02-10T13:54:00,84279.86,84295.16,84276.38,84293.01,14151
1770711900,2026-02-10T13:55:00,84289.38,84289.8,84270.46,84273.93,36503
1770711960,2026-02-10T13:56:00,84267.16,84269.0,84227.45,84227.45,18186
1770712020,2026-02-10T13:57:00,84229.76,84248.68,84227.26,84228.75,31711
1770712080,2026-02-10T13:58:00,84229.31,84242.64,84227.19,84230.92,7668
1770712140,2026-02-10T13:59:00,84230.88,84230.88,84206.09,84208.07,9870
1770712200,2026-02-10T14:00:00,84209.41,84214.5,84179.84,84189.81,25826
1770712260,2026-02-10T14:01:00,84189.92,84190.64,84178.2,84181.85,12393
1770712320,2026-02-10T14:02:00,84185.24,84185.24,84161.67,84168.38,31128
1770712380,2026-02-10T14:03:00,84169.23,84170.8,84157.12,84170.8,72839
1770712440,2026-02-10T14:04:00,84169.71,84181.91,84166.27,84174.37,10887
1770712500,2026-02-10T14:05:00,84176.29,84188.7,84165.01,84185.13,12045
1770712560,2026-02-10T14:06:00,84186.82,84219.69,84186.82,84209.97,26368
1770712620,2026-02-10T14:07:00,84209.97,84239.03,84207.86,84232.47,53853
1770712680,2026-02-10T14:08:00,84234.61,84249.97,84221.92,84221.92,23437
1770712740,2026-02-10T14:09:00,84220.95,84226.21,84211.49,84215.77,12454
1770712800,2026-02-10T14:10:00,84215.77,84215.77,84201.73,84202.9,12825
1770712860,2026-02-10T14:11:00,84203.19,84207.5,84179.79,84183.4,26469
1770712920,2026-02-10T14:12:00,84175.83,84195.47,84175.17,84195.47,23200
1770712980,2026-02-10T14:13:00,84196.04,84217.34,84192.49,84217.34,16268
1770713040,2026-02-10T14:14:00,84218.25,84227.83,84205.26,84224.51,16601
1770713100,2026-02-10T14:15:00,84225.9,84249.33,84225.85,84247.68,11711
1770713160,2026-02-10T14:16:00,84248.04,84260.21,84242.66,84259.87,33749
1770713220,2026-02-10T14:17:00,84260.33,84288.65,84260.06,84288.65,42274
1770713280,2026-02-10T14:18:00,84287.8,84294.63,84275.54,84290.65,41887
1770713340,2026-02-10T14:19:00,84292.3,84298.99,84281.74,84298.96,17514
1770713400,2026-02-10T14:20:00,84298.97,84301.27,84261.2,84269.48,18020
1770713460,2026-02-10T14:21:00,84270.73,84274.46,84262.81,84270.71,10519
1770713520,2026-02-10T14:22:00,84272.94,84274.78,84256.13,84265.35,16768
1770713580,2026-02-10T14:23:00,84261.66,84261.66,84238.73,84242.95,39863
1770713640,2026-02-10T14:24:00,84246.82,84255.29,84240.16,84249.95,10819
1770713700,2026-02-10T14:25:00,84245.67,84256.96,84240.98,84251.74,41346
1770713760,2026-02-10T14:26:00,84250.37,84272.4,84243.13,84258.24,9659
1770713820,2026-02-10T14:27:00,84259.91,84264.44,84241.03,84241.03,40846
1770713880,2026-02-10T14:28:00,84241.13,84251.38,84231.64,84251.07,15066
1770713940,2026-02-10T14:29:00,84250.3,84259.1,84241.02,84246.33,38820
1770714000,2026-02-10T14:30:00,84246.05,84253.12,84240.87,84251.51,28157
1770714060,2026-02-10T14:31:00,84248.8,84256.22,84233.49,84240.18,36828
1770714120,2026-02-10T14:32:00,84239.18,84258.88,84235.04,84258.24,23076
1770714180,2026-02-10T14:33:00,84258.59,84261.18,84242.03,84242.54,18701
1770714240,2026-02-10T14:34:00,84241.71,84267.96,84241.41,84251.5,21594
1770714300,2026-02-10T14:35:00,84251.76,84257.31,84239.78,84257.31,34862
1770714360,2026-02-10T14:36:00,84257.66,84263.77,84247.39,84261.64,24706
1770714420,2026-02-10T14:37:00,84261.0,84265.28,84252.51,84257.0,16355
1770714480,2026-02-10T14:38:00,84257.0,84257.0,84231.62,84236.97,16605
1770714540,2026-02-10T14:39:00,84237.08,84246.8,84229.03,84230.25,1688452
1770714600,2026-02-10T14:40:00,84227.74,84239.96,84223.42,84229.64,28755
1770714660,2026-02-10T14:41:00,84230.64,84233.62,84212.83,84216.79,24583
1770714720,2026-02-10T14:42:00,84217.56,84218.89,84196.5,84209.15,11279
1770714780,2026-02-10T14:43:00,84208.14,84208.7,84196.75,84198.56,23177
1770714840,2026-02-10T14:44:00,84203.48,84224.37,84198.68,84223.18,21923
1770714900,2026-02-10T14:45:00,84222.43,84256.11,84219.03,84251.52,29977
1770714960,2026-02-10T14:46:00,84250.26,84265.8,84243.74,84258.16,26007
1770715020,2026-02-10T14:47:00,84259.92,84278.8,84259.92,84270.2,29056
1770715080,2026-02-10T14:48:00,84271.34,84280.22,84258.95,84262.14,47572
1770715140,2026-02-10T14:49:00,84263.01,84269.66,84252.4,84265.01,18229
1770715200,2026-02-10T14:50:00,84265.14,84274.07,84260.43,84264.96,136613
1770715260,2026-02-10T14:51:00,84267.18,84270.29,84254.75,84269.64,12180
1770715320,2026-02-10T14:52:00,84270.57,84296.16,84270.39,84280.29,26835
1770715380,2026-02-10T14:53:00,84283.38,84299.56,84279.48,84286.09,15180
1770715440,2026-02-10T14:54:00,84285.96,84299.3,84280.77,84296.3,21054
1770715500,2026-02-10T14:55:00,84292.56,84296.41,84276.91,84286.12,19285
1770715560,2026-02-10T14:56:00,84286.57,84290.08,84276.89,84290.08,15124
1770715620,2026-02-10T14:57:00,84290.53,84300.49,84284.89,84292.06,18469
1770715680,2026-02-10T14:58:00,84290.89,84304.74,84284.4,84301.41,32355
1770715740,2026-02-10T14:59:00,84303.55,84323.02,84301.0,84314.18,30299
1770715800,2026-02-10T15:00:00,84319.86,84343.22,84298.39,84313.04,94318
1770715860,2026-02-10T15:01:00,84311.89,84381.21,84309.15,84381.21,36415
1770715920,2026-02-10T15:02:00,84382.73,84392.12,84344.82,84344.82,43133
1770715980,2026-02-10T15:03:00,84343.03,84345.61,84310.6,84330.13,48707
1770716040,2026-02-10T15:04:00,84332.6,84344.81,84324.31,84338.23,54733
1770716100,2026-02-10T15:05:00,84338.39,84352.37,84331.29,84333.03,59083
1770716160,2026-02-10T15:06:00,84329.21,84330.41,84265.96,84269.12,71886
1770716220,2026-02-10T15:07:00,84266.79,84310.26,84266.79,84300.79,73210
1770716280,2026-02-10T15:08:00,84297.94,84361.56,84297.94,84361.56,30041
1770716340,2026-02-10T15:09:00,84365.45,84377.29,84354.97,84367.79,80512
1770716400,2026-02-10T15:10:00,84358.54,84358.93,84295.54,84295.64,85142
1770716460,2026-02-10T15:11:00,84298.3,84298.3,84272.95,84294.96,33496
1770716520,2026-02-10T15:12:00,84296.01,84313.47,84288.56,84298.78,126653
1770716580,2026-02-10T15:13:00,84290.71,84291.34,84268.2,84273.85,53720
1770716640,2026-02-10T15:14:00,84274.07,84281.07,84266.11,84277.72,56368
1770716700,2026-02-10T15:15:00,84274.6,84277.25,84251.22,84254.27,46580
1770716760,2026-02-10T15:16:00,84253.32,84290.06,84242.66,84281.28,71055
1770716820,2026-02-10T15:17:00,84279.4,84286.81,84227.55,84227.55,50328
1770716880,2026-02-10T15:18:00,84223.67,84230.93,84211.58,84218.52,36020
1770716940,2026-02-10T15:19:00,84220.64,84231.04,84216.88,84217.61,35684
1770717000,2026-02-10T15:20:00,84218.53,84229.4,84195.08,84202.36,60116
1770717060,2026-02-10T15:21:00,84208.67,84215.15,84203.51,84211.49,32443
1770717120,2026-02-10T15:22:00,84212.14,84235.35,84209.87,84217.42,40982
1770717180,2026-02-10T15:23:00,84219.51,84220.57,84201.13,84201.13,36035
1770717240,2026-02-10T15:24:00,84203.7,84207.46,84196.22,84199.56,38680
1770717300,2026-02-10T15:25:00,84198.82,84201.77,84184.37,84194.59,41564
1770717360,2026-02-10T15:26:00,84190.96,84211.74,84190.96,84211.74,30616
1770717420,2026-02-10T15:27:00,84207.41,84230.49,84199.47,84215.99,53287
1770717480,2026-02-10T15:28:00,84219.55,84221.46,84196.31,84206.75,55099
1770717540,2026-02-10T15:29:00,84212.63,84231.68,84189.8,84225.38,59133
1770781500,2026-02-11T09:15:00,84339.15,84487.34,84231.83,84389.53,308645
1770781560,2026-02-11T09:16:00,84382.55,84412.16,84372.72,84392.72,193488
1770781620,2026-02-11T09:17:00,84397.87,84450.23,84397.87,84437.37,2408970
1770781680,2026-02-11T09:18:00,84439.4,84458.14,84428.66,84432.55,828294
1770781740,2026-02-11T09:19:00,84433.99,84439.43,84405.13,84409.91,129264
1770781800,2026-02-11T09:20:00,84410.92,84425.03,84382.94,84382.94,94975
1770781860,2026-02-11T09:21:00,84385.96,84419.91,84385.96,84415.42,91984
1770781920,2026-02-11T09:22:00,84416.9,84425.33,84405.53,84405.53,84007
1770781980,2026-02-11T09:23:00,84401.68,84405.44,84374.44,84376.2,58610
1770782040,2026-02-11T09:24:00,84379.63,84384.55,84352.56,84369.6,48624
1770782100,2026-02-11T09:25:00,84362.92,84397.14,84351.11,84391.24,48382
1770782160,2026-02-11T09:26:00,84390.65,84390.65,84366.41,84373.04,32375
1770782220,2026-02-11T09:27:00,84377.51,84379.18,84348.31,84348.31,66892
1770782280,2026-02-11T09:28:00,84348.6,84357.01,84339.97,84343.54,2196617
1770782340,2026-02-11T09:29:00,84341.06,84353.18,84337.41,84342.76,66693
1770782400,2026-02-11T09:30:00,84344.55,84358.11,84327.84,84336.19,3062881
1770782460,2026-02-11T09:31:00,84341.08,84341.87,84318.61,84325.9,49934
1770782520,2026-02-11T09:32:00,84322.06,84328.91,84293.63,84303.72,345070
1770782580,2026-02-11T09:33:00,84304.61,84304.61,84282.25,84282.25,240184
1770782640,2026-02-11T09:34:00,84283.12,84305.97,84279.33,84292.39,27187
1770782700,2026-02-11T09:35:00,84300.79,84305.84,84279.55,84281.15,60562
1770782760,2026-02-11T09:36:00,84278.5,84285.59,84263.19,84283.31,34303
1770782820,2026-02-11T09:37:00,84282.53,84291.82,84266.24,84268.47,721946
1770782880,2026-02-11T09:38:00,84268.69,84270.12,84224.33,84237.96,30947
1770782940,2026-02-11T09:39:00,84237.24,84240.35,84212.24,84214.53,24046
1770783000,2026-02-11T09:40:00,84214.75,84238.81,84175.29,84175.29,27057
1770783060,2026-02-11T09:41:00,84173.74,84229.45,84173.72,84197.9,27817
1770783120,2026-02-11T09:42:00,84199.84,84236.74,84177.17,84195.85,30386
1770783180,2026-02-11T09:43:00,84196.55,84237.86,84190.11,84234.37,22246
1770783240,2026-02-11T09:44:00,84232.75,84248.17,84215.01,84221.64,27013
1770783300,2026-02-11T09:45:00,84218.62,84221.56,84201.82,84205.92,18630
1770783360,2026-02-11T09:46:00,84206.91,84257.49,84206.91,84225.0,26171
1770783420,2026-02-11T09:47:00,84221.23,84254.71,84213.53,84217.74,27595
1770783480,2026-02-11T09:48:00,84216.33,84264.3,84209.3,84211.85,18633
1770783540,2026-02-11T09:49:00,84241.94,84250.2,84219.19,84226.11,27559
1770783600,2026-02-11T09:50:00,84224.45,84224.45,84192.53,84202.62,28986
1770783660,2026-02-11T09:51:00,84198.39,84218.53,84195.39,84211.35,26646
1770783720,2026-02-11T09:52:00,84213.24,84238.61,84200.62,84236.96,22817
1770783780,2026-02-11T09:53:00,84244.06,84277.5,84227.95,84277.5,21969
1770783840,2026-02-11T09:54:00,84275.32,84288.99,84267.21,84271.95,28135
1770783900,2026-02-11T09:55:00,84271.42,84294.48,84261.24,84291.83,23769
1770783960,2026-02-11T09:56:00,84287.57,84312.41,84266.91,84277.99,21118
1770784020,2026-02-11T09:57:00,84279.45,84293.92,84271.72,84293.2,23506
1770784080,2026-02-11T09:58:00,84290.03,84290.49,84271.22,84280.57,22854
1770784140,2026-02-11T09:59:00,84279.8,84288.68,84270.45,84284.78,35883
1770784200,2026-02-11T10:00:00,84279.85,84281.55,84206.52,84236.53,35822
1770784260,2026-02-11T10:01:00,84239.3,84243.91,84183.38,84219.03,50121
1770784320,2026-02-11T10:02:00,84219.15,84219.15,84150.12,84178.53,28949
1770784380,2026-02-11T10:03:00,84179.64,84228.28,84172.66,84174.09,21930
1770784440,2026-02-11T10:04:00,84168.67,84214.98,84152.09,84189.17,13743
1770784500,2026-02-11T10:05:00,84186.25,84196.14,84150.53,84172.08,29717
1770784560,2026-02-11T10:06:00,84169.11,84198.84,84146.37,84185.94,21259
1770784620,2026-02-11T10:07:00,84182.54,84197.31,84179.5,84186.99,20047
1770784680,2026-02-11T10:08:00,84185.32,84208.69,84185.32,84202.35,11132
1770784740,2026-02-11T10:09:00,84197.8,84209.81,84191.87,84200.7,28061
1770784800,2026-02-11T10:10:00,84203.22,84232.97,84198.91,84231.55,32711
1770784860,2026-02-11T10:11:00,84231.55,84233.36,84207.36,84212.45,22384
1770784920,2026-02-11T10:12:00,84212.15,84212.15,84199.66,84202.31,35025
1770784980,2026-02-11T10:13:00,84204.46,84204.46,84168.35,84178.5,90204
1770785040,2026-02-11T10:14:00,84177.65,84187.12,84175.37,84184.91,9859
1770785100,2026-02-11T10:15:00,84187.08,84208.45,84181.72,84203.34,16275
1770785160,2026-02-11T10:16:00,84199.89,84235.89,84196.66,84234.67,18798
1770785220,2026-02-11T10:17:00,84235.02,84256.59,84235.02,84255.13,7422
1770785280,2026-02-11T10:18:00,84256.21,84301.71,84254.9,84301.71,10561
1770785340,2026-02-11T10:19:00,84302.99,84316.67,84270.21,84314.37,22255
1770785400,2026-02-11T10:20:00,84315.3,84318.49,84278.03,84280.21,188541
1770785460,2026-02-11T10:21:00,84280.52,84327.97,84275.08,84304.35,15571
1770785520,2026-02-11T10:22:00,84302.5,84302.5,84280.13,84286.27,15031
1770785580,2026-02-11T10:23:00,84286.71,84320.06,84284.66,84319.55,12620
1770785640,2026-02-11T10:24:00,84317.55,84327.65,84311.03,84314.08,20802
1770785700,2026-02-11T10:25:00,84314.08,84321.84,84311.34,84318.06,18854
1770785760,2026-02-11T10:26:00,84313.87,84334.64,84304.34,84316.07,23155
1770785820,2026-02-11T10:27:00,84314.24,84323.43,84305.54,84311.95,7893
1770785880,2026-02-11T10:28:00,84309.26,84317.54,84298.43,84310.9,11537
1770785940,2026-02-11T10:29:00,84309.3,84336.35,84309.07,84336.19,31067
1770786000,2026-02-11T10:30:00,84335.62,84341.65,84326.02,84334.12,1101606
1770786060,2026-02-11T10:31:00,84331.35,84364.91,84331.04,84364.04,34417
1770786120,2026-02-11T10:32:00,84362.96,84362.96,84301.19,84346.88,20581
1770786180,2026-02-11T10:33:00,84345.8,84349.96,84327.81,84333.2,29794
1770786240,2026-02-11T10:34:00,84333.64,84338.43,84311.36,84317.5,31095
1770786300,2026-02-11T10:35:00,84316.14,84321.59,84298.59,84320.05,40989
1770786360,2026-02-11T10:36:00,84320.23,84333.68,84307.03,84333.68,16355
1770786420,2026-02-11T10:37:00,84331.78,84348.72,84327.41,84345.5,19053
1770786480,2026-02-11T10:38:00,84346.19,84362.95,84345.68,84362.95,29698
1770786540,2026-02-11T10:39:00,84362.07,84382.56,84358.58,84365.21,36279
1770786600,2026-02-11T10:40:00,84365.13,84370.14,84356.58,84363.22,51326
1770786660,2026-02-11T10:41:00,84363.36,84374.75,84359.66,84363.87,19649
1770786720,2026-02-11T10:42:00,84367.61,84381.08,84367.61,84370.88,18071
1770786780,2026-02-11T10:43:00,84371.25,84373.77,84350.75,84370.55,22242
1770786840,2026-02-11T10:44:00,84364.89,84371.5,84340.41,84344.1,61250
1770786900,2026-02-11T10:45:00,84342.77,84362.32,84333.59,84359.5,17900
1770786960,2026-02-11T10:46:00,84361.09,84365.15,84317.33,84361.85,10888
1770787020,2026-02-11T10:47:00,84362.38,84373.58,84323.08,84372.7,40676
1770787080,2026-02-11T10:48:00,84374.0,84376.23,84330.55,84340.5,15807
1770787140,2026-02-11T10:49:00,84344.41,84375.69,84341.57,84373.42,30672
1770787200,2026-02-11T10:50:00,84373.4,84374.5,84337.77,84373.05,12440
1770787260,2026-02-11T10:51:00,84374.81,84382.01,84338.67,84373.2,20198
1770787320,2026-02-11T10:52:00,84371.67,84376.3,84327.08,84362.24,15339
1770787380,2026-02-11T10:53:00,84361.47,84363.73,84325.86,84329.31,45689
1770787440,2026-02-11T10:54:00,84328.48,84339.66,84312.84,84315.09,44015
1770787500,2026-02-11T10:55:00,84316.72,84317.16,84300.64,84303.59,16387
1770787560,2026-02-11T10:56:00,84308.06,84319.03,84305.39,84313.76,149756
1770787620,2026-02-11T10:57:00,84313.76,84317.9,84305.0,84310.36,23930
1770787680,2026-02-11T10:58:00,84310.36,84312.97,84291.79,84304.5,17187
1770787740,2026-02-11T10:59:00,84300.77,84329.58,84299.35,84323.09,14848
1770787800,2026-02-11T11:00:00,84322.33,84327.5,84283.26,84321.83,32015
1770787860,2026-02-11T11:01:00,84319.85,84323.61,84280.84,84311.86,20819
1770787920,2026-02-11T11:02:00,84313.25,84317.91,84276.7,84306.85,31623
1770787980,2026-02-11T11:03:00,84303.75,84321.57,84283.34,84302.1,17982
1770788040,2026-02-11T11:04:00,84300.86,84329.82,84300.86,84329.36,89818
1770788100,2026-02-11T11:05:00,84327.56,84336.39,84323.7,84332.56,28468
1770788160,2026-02-11T11:06:00,84330.9,84341.42,84315.28,84318.97,31989
1770788220,2026-02-11T11:07:00,84317.9,84318.18,84268.8,84268.8,39173
1770788280,2026-02-11T11:08:00,84268.98,84272.99,84238.34,84246.17,37054
1770788340,2026-02-11T11:09:00,84245.36,84254.33,84210.84,84251.34,17762
1770788400,2026-02-11T11:10:00,84251.95,84269.24,84235.87,84235.87,39723
1770788460,2026-02-11T11:11:00,84236.06,84255.94,84225.03,84225.03,37649
1770788520,2026-02-11T11:12:00,84226.52,84249.45,84222.05,84246.33,28085
1770788580,2026-02-11T11:13:00,84244.75,84288.34,84239.8,84288.34,23871
1770788640,2026-02-11T11:14:00,84287.65,84299.39,84287.65,84294.78,16268
1770788700,2026-02-11T11:15:00,84295.61,84314.08,84295.61,84302.18,26685
1770788760,2026-02-11T11:16:00,84299.01,84327.24,84299.01,84312.65,36385
1770788820,2026-02-11T11:17:00,84312.65,84312.65,84301.36,84301.85,16558
1770788880,2026-02-11T11:18:00,84298.46,84308.05,84293.7,84295.57,19793
1770788940,2026-02-11T11:19:00,84294.54,84294.54,84275.67,84276.59,34201
1770789000,2026-02-11T11:20:00,84277.55,84292.79,84255.35,84261.16,28636
1770789060,2026-02-11T11:21:00,84262.4,84268.61,84254.28,84264.47,17968
1770789120,2026-02-11T11:22:00,84266.39,84268.72,84255.58,84261.4,23083
1770789180,2026-02-11T11:23:00,84258.44,84295.36,84258.44,84295.36,9111
1770789240,2026-02-11T11:24:00,84298.47,84302.49,84283.78,84285.26,8500
1770789300,2026-02-11T11:25:00,84285.61,84295.86,84284.88,84285.96,13381
1770789360,2026-02-11T11:26:00,84286.54,84297.45,84272.63,84294.74,10923
1770789420,2026-02-11T11:27:00,84294.31,84310.69,84286.87,84304.63,15722
1770789480,2026-02-11T11:28:00,84301.8,84319.67,84285.51,84312.57,19840
1770789540,2026-02-11T11:29:00,84312.57,84312.57,84269.92,84299.4,20592
1770789600,2026-02-11T11:30:00,84300.63,84301.33,84252.93,84273.65,6462
1770789660,2026-02-11T11:31:00,84272.96,84296.54,84272.96,84283.21,14900
1770789720,2026-02-11T11:32:00,84283.21,84309.07,84283.21,84304.14,14998
1770789780,2026-02-11T11:33:00,84307.95,84359.96,84307.95,84352.94,177087
1770789840,2026-02-11T11:34:00,84351.95,84352.09,84311.37,84347.11,66297
1770789900,2026-02-11T11:35:00,84347.16,84352.22,84326.68,84332.5,22453
1770789960,2026-02-11T11:36:00,84333.36,84363.17,84331.35,84339.29,10823
1770790020,2026-02-11T11:37:00,84337.41,84348.09,84328.66,84340.62,11582
1770790080,2026-02-11T11:38:00,84343.16,84351.15,84309.01,84326.54,12021
1770790140,2026-02-11T11:39:00,84324.54,84327.54,84311.69,84311.69,9307
1770790200,2026-02-11T11:40:00,84311.05,84320.41,84308.71,84313.2,75083
1770790260,2026-02-11T11:41:00,84312.68,84314.15,84299.98,84303.27,9965
1770790320,2026-02-11T11:42:00,84302.7,84310.31,84295.68,84304.24,34405
1770790380,2026-02-11T11:43:00,84304.24,84314.56,84294.32,84303.63,55107
1770790440,2026-02-11T11:44:00,84302.54,84313.56,84285.26,84290.76,23638
1770790500,2026-02-11T11:45:00,84289.47,84289.47,84257.99,84263.63,27330
1770790560,2026-02-11T11:46:00,84261.75,84296.92,84252.77,84263.73,11052
1770790620,2026-02-11T11:47:00,84263.6,84289.32,84262.94,84287.19,32010
1770790680,2026-02-11T11:48:00,84287.19,84306.16,84259.71,84292.25,9407
1770790740,2026-02-11T11:49:00,84291.77,84301.27,84259.55,84300.79,14633
1770790800,2026-02-11T11:50:00,84300.79,84300.79,84262.2,84279.7,15668
1770790860,2026-02-11T11:51:00,84279.66,84305.77,84263.93,84293.78,10270
1770790920,2026-02-11T11:52:00,84292.77,84298.71,84254.77,84258.34,54162
1770790980,2026-02-11T11:53:00,84261.76,84273.19,84245.01,84259.56,30005
1770791040,2026-02-11T11:54:00,84259.07,84306.5,84259.07,84283.78,14185
1770791100,2026-02-11T11:55:00,84262.82,84289.26,84250.14,84289.16,15735
1770791160,2026-02-11T11:56:00,84288.08,84293.1,84245.95,84271.88,8987
1770791220,2026-02-11T11:57:00,84299.39,84300.53,84261.16,84289.85,10349
1770791280,2026-02-11T11:58:00,84290.74,84316.14,84282.62,84304.58,11730
1770791340,2026-02-11T11:59:00,84300.09,84304.79,84224.48,84227.54,25626
1770791400,2026-02-11T12:00:00,84226.22,84279.04,84217.96,84236.66,14522
1770791460,2026-02-11T12:01:00,84266.01,84275.45,84248.21,84260.0,10751
1770791520,2026-02-11T12:02:00,84260.99,84288.67,84249.78,84283.31,23983
1770791580,2026-02-11T12:03:00,84286.37,84291.61,84277.34,84280.43,8107
1770791640,2026-02-11T12:04:00,84277.55,84286.93,84275.19,84279.48,14129
1770791700,2026-02-11T12:05:00,84276.73,84279.24,84244.72,84245.27,88563
1770791760,2026-02-11T12:06:00,84250.78,84281.75,84245.61,84251.53,11992
1770791820,2026-02-11T12:07:00,84252.8,84261.03,84224.94,84246.27,14342
1770791880,2026-02-11T12:08:00,84249.92,84255.01,84192.95,84233.94,26122
1770791940,2026-02-11T12:09:00,84234.52,84239.76,84198.68,84239.76,11270
1770792000,2026-02-11T12:10:00,84244.04,84259.71,84228.45,84257.28,37466
1770792060,2026-02-11T12:11:00,84245.45,84275.72,84235.04,84275.26,15426
1770792120,2026-02-11T12:12:00,84275.82,84298.79,84242.02,84296.94,61178
1770792180,2026-02-11T12:13:00,84294.3,84302.1,84258.45,84280.69,16068
1770792240,2026-02-11T12:14:00,84279.48,84283.76,84271.65,84276.55,9936
1770792300,2026-02-11T12:15:00,84274.74,84275.29,84259.27,84266.38,17135
1770792360,2026-02-11T12:16:00,84265.5,84265.5,84237.4,84254.63,20416
1770792420,2026-02-11T12:17:00,84253.11,84256.11,84226.97,84227.73,10818
1770792480,2026-02-11T12:18:00,84229.47,84242.73,84218.94,84226.51,18576
1770792540,2026-02-11T12:19:00,84226.67,84254.02,84213.82,84240.07,17874
1770792600,2026-02-11T12:20:00,84240.65,84253.99,84212.41,84246.09,15477
1770792660,2026-02-11T12:21:00,84244.2,84260.16,84208.62,84233.46,51759
1770792720,2026-02-11T12:22:00,84237.87,84242.65,84209.59,84209.59,11883
1770792780,2026-02-11T12:23:00,84210.55,84236.94,84206.16,84226.74,12727
1770792840,2026-02-11T12:24:00,84225.88,84231.03,84217.02,84226.26,9832
1770792900,2026-02-11T12:25:00,84225.33,84226.73,84212.27,84212.27,14254
1770792960,2026-02-11T12:26:00,84212.13,84221.44,84212.13,84213.11,10089
1770793020,2026-02-11T12:27:00,84213.11,84235.4,84211.37,84235.4,149886
1770793080,2026-02-11T12:28:00,84237.29,84238.12,84215.52,84217.07,6450
1770793140,2026-02-11T12:29:00,84217.84,84229.34,84215.67,84219.01,7295
1770793200,2026-02-11T12:30:00,84222.73,84227.2,84211.78,84222.09,7958
1770793260,2026-02-11T12:31:00,84225.09,84235.36,84219.47,84232.43,36926
1770793320,2026-02-11T12:32:00,84234.15,84234.97,84207.14,84212.39,33113
1770793380,2026-02-11T12:33:00,84212.71,84217.73,84197.2,84199.77,17135
1770793440,2026-02-11T12:34:00,84199.03,84208.95,84182.45,84184.97,18520
1770793500,2026-02-11T12:35:00,84188.93,84198.99,84184.29,84194.93,88824
1770793560,2026-02-11T12:36:00,84192.41,84202.16,84189.58,84192.19,19501
1770793620,2026-02-11T12:37:00,84192.19,84193.88,84153.66,84153.97,13887
1770793680,2026-02-11T12:38:00,84153.68,84163.48,84151.38,84159.61,9934
1770793740,2026-02-11T12:39:00,84157.71,84157.71,84142.92,84151.91,17493
1770793800,2026-02-11T12:40:00,84153.87,84156.22,84141.25,84152.43,7679
1770793860,2026-02-11T12:41:00,84151.85,84177.41,84151.85,84168.39,15436
1770793920,2026-02-11T12:42:00,84166.34,84173.93,84081.25,84084.67,23790
1770793980,2026-02-11T12:43:00,84087.81,84133.52,84087.81,84092.32,39694
1770794040,2026-02-11T12:44:00,84092.51,84123.06,84092.51,84118.7,196228
1770794100,2026-02-11T12:45:00,84123.32,84123.32,84104.39,84112.36,18721
1770794160,2026-02-11T12:46:00,84104.38,84110.78,84099.1,84110.73,7559
1770794220,2026-02-11T12:47:00,84110.6,84114.38,84100.47,84108.49,28242
1770794280,2026-02-11T12:48:00,84111.38,84159.98,84106.74,84116.28,18406
1770794340,2026-02-11T12:49:00,84115.14,84151.7,84108.6,84142.79,24091
1770794400,2026-02-11T12:50:00,84142.65,84181.76,84141.18,84177.45,38691
1770794460,2026-02-11T12:51:00,84174.56,84188.64,84155.62,84159.55,12584
1770794520,2026-02-11T12:52:00,84163.01,84169.47,84147.19,84148.79,11739
1770794580,2026-02-11T12:53:00,84148.01,84165.11,84144.03,84162.74,9169
1770794640,2026-02-11T12:54:00,84160.68,84180.52,84159.63,84177.44,10320
1770794700,2026-02-11T12:55:00,84174.62,84193.01,84171.23,84175.8,16058
1770794760,2026-02-11T12:56:00,84175.12,84186.65,84173.78,84184.41,13488
1770794820,2026-02-11T12:57:00,84185.39,84211.32,84185.39,84201.47,35138
1770794880,2026-02-11T12:58:00,84201.88,84214.5,84198.85,84208.58,36078
1770794940,2026-02-11T12:59:00,84207.12,84209.64,84177.32,84180.31,15126
1770795000,2026-02-11T13:00:00,84178.34,84187.79,84160.92,84177.86,23864
1770795060,2026-02-11T13:01:00,84178.0,84178.0,84136.49,84146.85,25076
1770795120,2026-02-11T13:02:00,84146.65,84152.29,84119.92,84128.07,17610
1770795180,2026-02-11T13:03:00,84126.9,84150.57,84124.89,84142.64,13595
1770795240,2026-02-11T13:04:00,84142.64,84151.52,84134.71,84135.57,20943
1770795300,2026-02-11T13:05:00,84138.72,84155.46,84137.73,84149.02,12579
1770795360,2026-02-11T13:06:00,84149.59,84175.33,84144.98,84171.28,23287
1770795420,2026-02-11T13:07:00,84171.28,84181.8,84168.79,84181.8,28724
1770795480,2026-02-11T13:08:00,84181.8,84191.31,84169.28,84181.55,9734
1770795540,2026-02-11T13:09:00,84181.47,84182.61,84169.89,84176.34,12375
1770795600,2026-02-11T13:10:00,84174.25,84179.06,84166.21,84179.06,19999
1770795660,2026-02-11T13:11:00,84177.34,84182.6,84154.29,84163.56,9335
1770795720,2026-02-11T13:12:00,84166.83,84189.36,84162.48,84189.36,5586
1770795780,2026-02-11T13:13:00,84188.66,84190.77,84172.62,84175.78,14270
1770795840,2026-02-11T13:14:00,84175.83,84175.83,84149.57,84159.57,509755
1770795900,2026-02-11T13:15:00,84160.47,84176.91,84159.62,84176.66,7379
1770795960,2026-02-11T13:16:00,84176.66,84178.65,84155.05,84161.12,15023
1770796020,2026-02-11T13:17:00,84162.41,84172.37,84159.26,84167.59,8682
1770796080,2026-02-11T13:18:00,84167.29,84173.18,84148.7,84165.35,9556
1770796140,2026-02-11T13:19:00,84165.4,84184.4,84157.91,84171.06,16719
1770796200,2026-02-11T13:20:00,84174.61,84205.67,84174.09,84179.58,16754
1770796260,2026-02-11T13:21:00,84184.33,84200.78,84184.33,84196.86,9170
1770796320,2026-02-11T13:22:00,84198.27,84201.58,84176.96,84182.59,26049
1770796380,2026-02-11T13:23:00,84185.17,84194.0,84167.67,84167.67,9637
1770796440,2026-02-11T13:24:00,84168.75,84172.78,84150.02,84172.1,25882
1770796500,2026-02-11T13:25:00,84171.81,84193.76,84171.81,84184.77,12767
1770796560,2026-02-11T13:26:00,84183.79,84203.9,84182.88,84197.11,11159
1770796620,2026-02-11T13:27:00,84198.55,84206.78,84179.81,84188.24,10392
1770796680,2026-02-11T13:28:00,84189.48,84215.64,84184.44,84209.31,15522
1770796740,2026-02-11T13:29:00,84209.43,84223.78,84206.36,84222.43,36188
1770796800,2026-02-11T13:30:00,84223.32,84236.93,84220.56,84222.89,10904
1770796860,2026-02-11T13:31:00,84223.37,84242.74,84221.84,84239.92,10836
1770796920,2026-02-11T13:32:00,84238.54,84238.54,84189.93,84236.67,8282
1770796980,2026-02-11T13:33:00,84233.56,84243.62,84220.99,84243.62,12268
1770797040,2026-02-11T13:34:00,84243.82,84248.51,84215.68,84218.31,23740
1770797100,2026-02-11T13:35:00,84217.83,84256.52,84217.08,84247.89,8789
1770797160,2026-02-11T13:36:00,84248.56,84250.24,84226.21,84228.02,22859
1770797220,2026-02-11T13:37:00,84227.85,84247.84,84227.85,84246.51,12225
1770797280,2026-02-11T13:38:00,84247.18,84254.17,84229.14,84237.62,10035
1770797340,2026-02-11T13:39:00,84242.81,84281.23,84241.04,84241.6,110456
1770797400,2026-02-11T13:40:00,84248.26,84265.96,84239.43,84258.48,12613
1770797460,2026-02-11T13:41:00,84257.08,84282.13,84257.08,84276.99,8931
1770797520,2026-02-11T13:42:00,84274.84,84290.13,84267.38,84286.56,11194
1770797580,2026-02-11T13:43:00,84290.35,84301.37,84279.81,84283.47,15158
1770797640,2026-02-11T13:44:00,84283.9,84288.9,84236.39,84236.39,9764
1770797700,2026-02-11T13:45:00,84235.55,84263.73,84227.89,84242.78,12106
1770797760,2026-02-11T13:46:00,84240.14,84254.84,84240.14,84254.84,8474
1770797820,2026-02-11T13:47:00,84252.17,84254.69,84219.06,84227.49,10354
1770797880,2026-02-11T13:48:00,84224.52,84235.96,84214.14,84225.91,26646
1770797940,2026-02-11T13:49:00,84228.55,84234.61,84199.67,84199.67,9490
1770798000,2026-02-11T13:50:00,84201.31,84202.14,84186.31,84186.31,14366
1770798060,2026-02-11T13:51:00,84186.94,84190.49,84151.85,84151.85,14630
1770798120,2026-02-11T13:52:00,84151.33,84200.65,84147.34,84166.55,13046
1770798180,2026-02-11T13:53:00,84164.05,84201.75,84156.62,84156.62,7469
1770798240,2026-02-11T13:54:00,84156.1,84179.56,84156.1,84177.61,10114
1770798300,2026-02-11T13:55:00,84176.85,84188.39,84176.75,84182.9,59426
1770798360,2026-02-11T13:56:00,84184.38,84184.68,84153.31,84178.91,89128
1770798420,2026-02-11T13:57:00,84179.51,84203.33,84176.28,84194.61,8121
1770798480,2026-02-11T13:58:00,84194.82,84196.54,84159.45,84196.54,10699
1770798540,2026-02-11T13:59:00,84193.02,84203.22,84158.63,84175.36,14827
1770798600,2026-02-11T14:00:00,84174.2,84180.72,84155.68,84156.78,15697
1770798660,2026-02-11T14:01:00,84154.93,84172.12,84151.48,84172.12,21005
1770798720,2026-02-11T14:02:00,84171.22,84228.58,84170.91,84222.05,93433
1770798780,2026-02-11T14:03:00,84218.5,84229.37,84208.3,84208.3,43470
1770798840,2026-02-11T14:04:00,84206.71,84216.2,84182.49,84202.84,20025
1770798900,2026-02-11T14:05:00,84204.39,84210.15,84183.92,84185.74,13704
1770798960,2026-02-11T14:06:00,84183.24,84228.69,84183.24,84216.36,121905
1770799020,2026-02-11T14:07:00,84214.95,84214.95,84178.89,84192.59,16964
1770799080,2026-02-11T14:08:00,84191.89,84209.43,84184.91,84209.43,11056
1770799140,2026-02-11T14:09:00,84207.12,84213.83,84173.02,84188.76,170723
1770799200,2026-02-11T14:10:00,84188.36,84224.84,84188.36,84224.84,21744
1770799260,2026-02-11T14:11:00,84223.21,84249.22,84223.21,84245.44,183992
1770799320,2026-02-11T14:12:00,84243.53,84249.55,84209.16,84223.48,35341
1770799380,2026-02-11T14:13:00,84223.48,84230.95,84214.79,84230.95,21533
1770799440,2026-02-11T14:14:00,84230.48,84254.35,84229.08,84252.6,13900
1770799500,2026-02-11T14:15:00,84253.04,84280.76,84249.35,84279.44,62094
1770799560,2026-02-11T14:16:00,84273.92,84274.66,84251.73,84274.53,53595
1770799620,2026-02-11T14:17:00,84272.28,84278.92,84263.68,84268.29,53179
1770799680,2026-02-11T14:18:00,84269.64,84295.22,84269.37,84287.47,27834
1770799740,2026-02-11T14:19:00,84287.6,84288.88,84245.17,84278.11,343434
1770799800,2026-02-11T14:20:00,84274.36,84279.52,84253.05,84256.33,10599
1770799860,2026-02-11T14:21:00,84256.99,84258.47,84239.45,84252.44,21426
1770799920,2026-02-11T14:22:00,84252.44,84252.44,84221.48,84236.97,9239
1770799980,2026-02-11T14:23:00,84235.95,84235.95,84213.27,84217.24,18745
1770800040,2026-02-11T14:24:00,84212.38,84212.38,84198.46,84210.6,11502
1770800100,2026-02-11T14:25:00,84211.97,84216.47,84203.31,84212.03,15009
1770800160,2026-02-11T14:26:00,84210.56,84218.02,84201.19,84217.31,11006
1770800220,2026-02-11T14:27:00,84216.39,84233.26,84215.87,84223.83,132939
1770800280,2026-02-11T14:28:00,84223.73,84243.13,84220.69,84242.9,317110
1770800340,2026-02-11T14:29:00,84242.3,84245.66,84223.55,84223.55,24217
1770800400,2026-02-11T14:30:00,84223.96,84223.96,84191.42,84191.65,31072
1770800460,2026-02-11T14:31:00,84189.19,84210.42,84174.11,84203.63,27425
1770800520,2026-02-11T14:32:00,84203.58,84220.37,84203.58,84210.42,18846
1770800580,2026-02-11T14:33:00,84208.54,84222.1,84206.91,84210.02,37360
1770800640,2026-02-11T14:34:00,84208.78,84241.64,84205.21,84237.32,9860
1770800700,2026-02-11T14:35:00,84240.55,84240.55,84205.25,84230.6,14273
1770800760,2026-02-11T14:36:00,84231.2,84233.98,84219.21,84228.11,9139
1770800820,2026-02-11T14:37:00,84226.12,84234.87,84218.89,84222.47,25923
1770800880,2026-02-11T14:38:00,84222.12,84233.05,84219.25,84224.49,14605
1770800940,2026-02-11T14:39:00,84221.87,84223.4,84204.45,84208.65,19704
1770801000,2026-02-11T14:40:00,84213.12,84216.04,84199.56,84212.01,28214
1770801060,2026-02-11T14:41:00,84210.96,84210.96,84186.7,84188.55,12561
1770801120,2026-02-11T14:42:00,84197.53,84209.94,84165.77,84174.77,73652
1770801180,2026-02-11T14:43:00,84175.9,84222.86,84175.9,84202.58,69570
1770801240,2026-02-11T14:44:00,84203.09,84208.61,84199.02,84207.45,14738
1770801300,2026-02-11T14:45:00,84205.12,84223.57,84205.12,84213.67,12447
1770801360,2026-02-11T14:46:00,84218.28,84244.46,84204.69,84240.08,21362
1770801420,2026-02-11T14:47:00,84240.69,84243.09,84194.37,84202.78,78930
1770801480,2026-02-11T14:48:00,84219.6,84224.79,84182.94,84204.89,50874
1770801540,2026-02-11T14:49:00,84204.75,84216.77,84196.75,84205.23,14275
1770801600,2026-02-11T14:50:00,84205.64,84207.3,84195.09,84200.12,30472
1770801660,2026-02-11T14:51:00,84205.51,84222.09,84204.61,84213.04,25108
1770801720,2026-02-11T14:52:00,84213.62,84226.82,84213.38,84218.49,9384
1770801780,2026-02-11T14:53:00,84219.09,84229.52,84209.27,84219.83,24692
1770801840,2026-02-11T14:54:00,84217.44,84222.71,84183.97,84202.09,14617
1770801900,2026-02-11T14:55:00,84202.39,84234.88,84194.19,84232.56,16253
1770801960,2026-02-11T14:56:00,84228.06,84236.05,84217.32,84227.36,19544
1770802020,2026-02-11T14:57:00,84228.54,84246.0,84222.86,84234.5,16012
1770802080,2026-02-11T14:58:00,84233.22,84233.22,84193.09,84203.71,32711
1770802140,2026-02-11T14:59:00,84202.79,84207.98,84191.26,84191.26,19648
1770802200,2026-02-11T15:00:00,84199.82,84275.11,84199.82,84269.43,162494
1770802260,2026-02-11T15:01:00,84268.2,84269.71,84257.14,84260.61,51184
1770802320,2026-02-11T15:02:00,84264.04,84269.35,84228.99,84232.8,92881
1770802380,2026-02-11T15:03:00,84228.09,84261.75,84228.09,84240.39,74456
1770802440,2026-02-11T15:04:00,84239.77,84263.75,84208.35,84216.62,39222
1770802500,2026-02-11T15:05:00,84233.06,84250.57,84213.19,84233.94,47343
1770802560,2026-02-11T15:06:00,84231.68,84247.01,84228.4,84238.66,23538
1770802620,2026-02-11T15:07:00,84237.58,84238.0,84202.9,84209.22,134107
1770802680,2026-02-11T15:08:00,84209.67,84249.92,84206.05,84249.35,43032
1770802740,2026-02-11T15:09:00,84249.0,84262.46,84216.88,84218.11,66077
1770802800,2026-02-11T15:10:00,84216.15,84236.69,84212.73,84229.54,47430
1770802860,2026-02-11T15:11:00,84230.15,84234.24,84219.3,84229.85,32053
1770802920,2026-02-11T15:12:00,84228.62,84239.8,84227.46,84233.76,29467
1770802980,2026-02-11T15:13:00,84238.72,84252.07,84225.87,84228.8,46893
1770803040,2026-02-11T15:14:00,84233.59,84262.74,84232.94,84249.6,172606
1770803100,2026-02-11T15:15:00,84253.6,84256.57,84231.65,84246.57,65562
1770803160,2026-02-11T15:16:00,84245.29,84249.22,84231.78,84244.91,39736
1770803220,2026-02-11T15:17:00,84245.21,84251.46,84232.66,84232.66,22779
1770803280,2026-02-11T15:18:00,84233.27,84238.57,84220.59,84232.89,19431
1770803340,2026-02-11T15:19:00,84230.8,84236.93,84223.07,84234.51,25024
1770803400,2026-02-11T15:20:00,84233.49,84244.74,84231.11,84244.74,16955
1770803460,2026-02-11T15:21:00,84243.9,84244.47,84222.11,84224.98,21104
1770803520,2026-02-11T15:22:00,84238.06,84244.68,84230.75,84241.15,26153
1770803580,2026-02-11T15:23:00,84240.9,84240.9,84209.16,84223.54,34061
1770803640,2026-02-11T15:24:00,84222.8,84227.57,84194.98,84202.3,43336
1770803700,2026-02-11T15:25:00,84200.5,84234.91,84199.8,84213.97,33244
1770803760,2026-02-11T15:26:00,84215.07,84218.21,84188.74,84197.92,53793
1770803820,2026-02-11T15:27:00,84192.07,84225.18,84192.07,84219.48,42436
1770803880,2026-02-11T15:28:00,84219.16,84226.99,84187.91,84215.69,97490
1770803940,2026-02-11T15:29:00,84213.87,84229.03,84196.1,84197.97,28885
1770867900,2026-02-12T09:15:00,83968.43,84061.62,83901.94,83966.6,280729
1770867960,2026-02-12T09:16:00,83944.15,84006.61,83887.9,83893.53,208078
1770868020,2026-02-12T09:17:00,83916.25,83941.72,83876.07,83934.49,161611
1770868080,2026-02-12T09:18:00,83931.33,83931.33,83881.83,83911.88,134360
1770868140,2026-02-12T09:19:00,83911.18,83928.76,83898.14,83905.07,114629
1770868200,2026-02-12T09:20:00,83904.48,83904.48,83864.16,83891.82,101392
1770868260,2026-02-12T09:21:00,83893.77,83911.63,83860.53,83911.63,80866
1770868320,2026-02-12T09:22:00,83904.39,83927.68,83844.75,83849.07,89530
1770868380,2026-02-12T09:23:00,83867.11,83883.33,83826.35,83850.9,2465930
1770868440,2026-02-12T09:24:00,83850.05,83879.45,83843.87,83875.08,68105
1770868500,2026-02-12T09:25:00,83872.7,83874.94,83852.3,83866.75,76240
1770868560,2026-02-12T09:26:00,83863.1,83864.14,83817.68,83826.11,76002
1770868620,2026-02-12T09:27:00,83827.29,83854.67,83817.31,83845.65,109184
1770868680,2026-02-12T09:28:00,83848.39,83850.42,83826.51,83839.46,66508
1770868740,2026-02-12T09:29:00,83840.23,83852.37,83825.94,83836.52,68455
1770868800,2026-02-12T09:30:00,83831.76,83844.4,83815.51,83825.73,62515
1770868860,2026-02-12T09:31:00,83816.13,83849.23,83795.79,83808.77,51956
1770868920,2026-02-12T09:32:00,83809.14,83843.43,83795.65,83805.17,63834
1770868980,2026-02-12T09:33:00,83803.58,83856.8,83803.58,83856.8,138646
1770869040,2026-02-12T09:34:00,83860.73,83862.16,83811.42,83857.32,105784
1770869100,2026-02-12T09:35:00,83862.73,83873.59,83830.86,83833.0,77698
1770869160,2026-02-12T09:36:00,83833.13,83873.28,83828.68,83860.51,89504
1770869220,2026-02-12T09:37:00,83857.41,83857.82,83816.4,83851.21,53957
1770869280,2026-02-12T09:38:00,83849.59,83851.71,83801.57,83845.97,59449
1770869340,2026-02-12T09:39:00,83852.19,83867.98,83828.96,83867.8,55188
1770869400,2026-02-12T09:40:00,83865.55,83871.02,83817.96,83867.26,82312
1770869460,2026-02-12T09:41:00,83867.96,83872.68,83835.61,83851.82,1598568
1770869520,2026-02-12T09:42:00,83844.44,83870.76,83824.23,83852.3,46829
1770869580,2026-02-12T09:43:00,83851.75,83853.37,83828.22,83851.58,45263
1770869640,2026-02-12T09:44:00,83849.55,83881.44,83827.81,83878.35,61807
1770869700,2026-02-12T09:45:00,83877.58,83892.7,83835.56,83891.79,56014
1770869760,2026-02-12T09:46:00,83890.68,83890.68,83828.9,83838.59,74588
1770869820,2026-02-12T09:47:00,83844.13,83846.96,83804.84,83806.2,35606
1770869880,2026-02-12T09:48:00,83816.89,83902.72,83816.89,83902.72,38044
1770869940,2026-02-12T09:49:00,83902.62,83936.87,83882.22,83890.17,66661
1770870000,2026-02-12T09:50:00,83890.2,83947.36,83890.2,83904.69,48992
1770870060,2026-02-12T09:51:00,83906.55,83934.43,83893.85,83907.29,43712
1770870120,2026-02-12T09:52:00,83910.05,83926.79,83901.06,83915.99,49940
1770870180,2026-02-12T09:53:00,83916.93,83940.89,83904.35,83930.8,57117
1770870240,2026-02-12T09:54:00,83934.31,83938.32,83891.49,83917.92,27867
1770870300,2026-02-12T09:55:00,83917.27,83923.17,83897.9,83903.87,46676
1770870360,2026-02-12T09:56:00,83906.45,83947.87,83902.9,83934.75,28405
1770870420,2026-02-12T09:57:00,83937.41,83949.86,83932.71,83938.58,54933
1770870480,2026-02-12T09:58:00,83938.84,83938.84,83913.13,83917.6,27772
1770870540,2026-02-12T09:59:00,83919.95,83942.05,83910.71,83915.25,28919
1770870600,2026-02-12T10:00:00,83911.16,83945.1,83908.64,83935.47,67194
1770870660,2026-02-12T10:01:00,83935.43,83935.43,83901.69,83923.91,79626
1770870720,2026-02-12T10:02:00,83928.74,83929.15,83877.79,83884.88,33310
1770870780,2026-02-12T10:03:00,83890.42,83953.88,83883.98,83943.28,44427
1770870840,2026-02-12T10:04:00,83939.48,83958.18,83920.24,83926.6,59132
1770870900,2026-02-12T10:05:00,83929.72,83959.28,83918.94,83926.45,58505
1770870960,2026-02-12T10:06:00,83924.85,83949.97,83921.65,83935.66,41127
1770871020,2026-02-12T10:07:00,83933.3,83933.3,83882.07,83905.2,35245
1770871080,2026-02-12T10:08:00,83904.11,83904.11,83862.69,83870.17,111204
1770871140,2026-02-12T10:09:00,83872.47,83909.31,83864.81,83909.19,40573
1770871200,2026-02-12T10:10:00,83906.88,83917.12,83876.94,83908.06,27089
1770871260,2026-02-12T10:11:00,83906.51,83926.72,83905.66,83923.99,43477
1770871320,2026-02-12T10:12:00,83924.12,83939.83,83919.56,83939.06,20783
1770871380,2026-02-12T10:13:00,83939.02,83970.53,83939.02,83968.18,27211
1770871440,2026-02-12T10:14:00,83967.53,83978.58,83952.99,83976.24,37214
1770871500,2026-02-12T10:15:00,83970.94,83991.76,83964.64,83979.44,27224
1770871560,2026-02-12T10:16:00,83978.33,83989.44,83946.1,83946.1,47009
1770871620,2026-02-12T10:17:00,83946.57,83973.49,83934.66,83948.26,134245
1770871680,2026-02-12T10:18:00,83945.33,83957.06,83918.9,83938.17,46192
1770871740,2026-02-12T10:19:00,83939.8,83954.72,83932.6,83954.72,29308
1770871800,2026-02-12T10:20:00,83956.42,83977.2,83945.06,83977.2,30379
1770871860,2026-02-12T10:21:00,83977.41,83985.31,83941.02,83958.06,26880
1770871920,2026-02-12T10:22:00,83955.53,83975.37,83952.96,83975.37,536481
1770871980,2026-02-12T10:23:00,83960.82,83967.64,83936.93,83963.74,44946
1770872040,2026-02-12T10:24:00,83963.3,83972.67,83945.98,83949.57,24559
1770872100,2026-02-12T10:25:00,83950.36,83952.42,83921.81,83926.08,39783
1770872160,2026-02-12T10:26:00,83926.61,83928.68,83910.15,83925.73,24236
1770872220,2026-02-12T10:27:00,83926.43,83933.6,83910.3,83930.17,31450
1770872280,2026-02-12T10:28:00,83926.28,83943.14,83912.37,83925.37,25847
1770872340,2026-02-12T10:29:00,83923.67,83944.02,83922.33,83939.66,39675
1770872400,2026-02-12T10:30:00,83927.81,83932.52,83901.49,83925.32,33396
1770872460,2026-02-12T10:31:00,83925.68,83931.18,83907.82,83920.24,23822
1770872520,2026-02-12T10:32:00,83920.62,83932.04,83910.97,83912.53,31533
1770872580,2026-02-12T10:33:00,83914.27,83932.47,83904.77,83927.17,368101
1770872640,2026-02-12T10:34:00,83925.94,83936.54,83924.37,83936.54,31266
1770872700,2026-02-12T10:35:00,83936.16,83941.86,83925.0,83925.0,19215
1770872760,2026-02-12T10:36:00,83925.59,83929.39,83907.54,83911.51,69568
1770872820,2026-02-12T10:37:00,83912.57,83917.23,83891.43,83892.37,327108
1770872880,2026-02-12T10:38:00,83892.37,83898.62,83877.31,83890.8,31271
1770872940,2026-02-12T10:39:00,83890.8,83898.06,83875.79,83891.98,21026
1770873000,2026-02-12T10:40:00,83893.45,83902.18,83880.96,83890.96,23500
1770873060,2026-02-12T10:41:00,83886.81,83906.87,83876.22,83906.87,15920
1770873120,2026-02-12T10:42:00,83908.05,83912.76,83898.54,83905.24,21788
1770873180,2026-02-12T10:43:00,83903.45,83916.32,83893.13,83900.56,23671
1770873240,2026-02-12T10:44:00,83894.1,83898.79,83885.07,83893.27,39345
1770873300,2026-02-12T10:45:00,83895.13,83909.37,83890.3,83907.76,27672
1770873360,2026-02-12T10:46:00,83907.05,83912.16,83892.25,83902.05,30165
1770873420,2026-02-12T10:47:00,83896.03,83900.7,83874.89,83875.71,37827
1770873480,2026-02-12T10:48:00,83874.71,83900.96,83869.97,83896.26,21870
1770873540,2026-02-12T10:49:00,83892.51,83896.17,83873.36,83880.88,93389
1770873600,2026-02-12T10:50:00,83878.25,83884.98,83861.33,83873.06,24135
1770873660,2026-02-12T10:51:00,83868.38,83871.58,83856.0,83859.29,24916
1770873720,2026-02-12T10:52:00,83855.74,83878.07,83855.74,83866.31,25119
1770873780,2026-02-12T10:53:00,83866.49,83875.41,83857.23,83873.69,21327
1770873840,2026-02-12T10:54:00,83871.45,83875.26,83859.66,83867.25,18831
1770873900,2026-02-12T10:55:00,83865.76,83889.98,83865.76,83877.22,19659
1770873960,2026-02-12T10:56:00,83872.75,83882.78,83867.56,83879.7,30614
1770874020,2026-02-12T10:57:00,83881.94,83890.31,83866.26,83882.68,2552167
1770874080,2026-02-12T10:58:00,83885.98,83899.6,83873.53,83876.74,16203
1770874140,2026-02-12T10:59:00,83874.16,83885.22,83868.38,83872.65,8703
1770874200,2026-02-12T11:00:00,83865.21,83884.51,83862.62,83884.51,32049
1770874260,2026-02-12T11:01:00,83885.67,83899.24,83876.91,83899.24,34256
1770874320,2026-02-12T11:02:00,83898.0,83898.0,83879.76,83897.11,26036
1770874380,2026-02-12T11:03:00,83895.09,83904.65,83885.7,83892.87,54812
1770874440,2026-02-12T11:04:00,83894.51,83895.63,83883.66,83889.77,16506
1770874500,2026-02-12T11:05:00,83890.12,83898.08,83882.38,83898.08,24163
1770874560,2026-02-12T11:06:00,83898.81,83908.9,83885.14,83888.63,43797
1770874620,2026-02-12T11:07:00,83890.76,83890.76,83853.85,83859.57,31681
1770874680,2026-02-12T11:08:00,83859.57,83889.07,83857.66,83886.4,22490
1770874740,2026-02-12T11:09:00,83882.8,83893.74,83875.61,83880.12,21215
1770874800,2026-02-12T11:10:00,83879.81,83890.07,83862.37,83879.77,44208
1770874860,2026-02-12T11:11:00,83879.14,83894.13,83848.94,83862.62,21434
1770874920,2026-02-12T11:12:00,83870.1,83900.87,83852.38,83895.88,15375
1770874980,2026-02-12T11:13:00,83891.32,83899.81,83850.14,83856.35,15980
1770875040,2026-02-12T11:14:00,83855.03,83875.64,83840.77,83866.29,14241
1770875100,2026-02-12T11:15:00,83862.28,83863.01,83822.57,83857.4,21006
1770875160,2026-02-12T11:16:00,83852.88,83852.88,83820.44,83830.0,27720
1770875220,2026-02-12T11:17:00,83828.05,83829.38,83811.87,83811.87,29276
1770875280,2026-02-12T11:18:00,83817.26,83818.19,83798.27,83813.29,96835
1770875340,2026-02-12T11:19:00,83813.12,83823.07,83804.56,83816.91,17245
1770875400,2026-02-12T11:20:00,83820.51,83824.77,83793.99,83798.66,30717
1770875460,2026-02-12T11:21:00,83799.42,83809.72,83796.51,83798.62,64326
1770875520,2026-02-12T11:22:00,83801.38,83807.88,83782.3,83787.38,35379
1770875580,2026-02-12T11:23:00,83788.68,83794.17,83780.67,83786.84,16594
1770875640,2026-02-12T11:24:00,83788.46,83808.97,83780.98,83796.39,16181
1770875700,2026-02-12T11:25:00,83795.24,83810.46,83784.91,83810.06,36192
1770875760,2026-02-12T11:26:00,83807.72,83813.34,83790.91,83793.7,29896
1770875820,2026-02-12T11:27:00,83793.91,83798.29,83779.93,83785.1,31231
1770875880,2026-02-12T11:28:00,83782.38,83788.89,83771.02,83780.0,21311
1770875940,2026-02-12T11:29:00,83783.18,83796.07,83782.44,83791.85,23979
1770876000,2026-02-12T11:30:00,83789.72,83798.9,83781.57,83781.57,27658
1770876060,2026-02-12T11:31:00,83788.65,83789.97,83749.65,83755.03,23287
1770876120,2026-02-12T11:32:00,83753.09,83763.22,83735.43,83756.43,269276
1770876180,2026-02-12T11:33:00,83754.73,83772.54,83738.62,83767.63,72157
1770876240,2026-02-12T11:34:00,83769.53,83774.16,83728.81,83753.7,16330
1770876300,2026-02-12T11:35:00,83756.39,83765.67,83725.55,83750.81,92574
1770876360,2026-02-12T11:36:00,83742.18,83756.36,83728.93,83750.2,51364
1770876420,2026-02-12T11:37:00,83749.97,83750.53,83711.24,83718.77,31373
1770876480,2026-02-12T11:38:00,83721.21,83758.1,83717.88,83725.85,30620
1770876540,2026-02-12T11:39:00,83723.77,83761.18,83714.79,83729.16,16440
1770876600,2026-02-12T11:40:00,83729.37,83766.11,83727.28,83737.9,21203
1770876660,2026-02-12T11:41:00,83740.82,83775.96,83737.21,83772.76,27349
1770876720,2026-02-12T11:42:00,83770.86,83776.95,83752.22,83772.9,32318
1770876780,2026-02-12T11:43:00,83772.88,83796.79,83771.24,83779.56,96061
1770876840,2026-02-12T11:44:00,83778.31,83778.31,83760.23,83766.57,123417
1770876900,2026-02-12T11:45:00,83771.17,83795.5,83769.97,83777.61,3427125
1770876960,2026-02-12T11:46:00,83778.75,83790.27,83767.01,83789.36,17511
1770877020,2026-02-12T11:47:00,83785.61,83789.23,83763.56,83766.36,15489
1770877080,2026-02-12T11:48:00,83765.86,83770.34,83758.4,83763.99,17576
1770877140,2026-02-12T11:49:00,83764.84,83775.5,83757.14,83768.07,15055
1770877200,2026-02-12T11:50:00,83763.0,83768.83,83740.69,83740.69,18607
1770877260,2026-02-12T11:51:00,83745.53,83745.56,83703.28,83717.65,18995
1770877320,2026-02-12T11:52:00,83718.94,83721.21,83708.63,83709.57,88851
1770877380,2026-02-12T11:53:00,83712.95,83731.34,83706.57,83731.34,20673
1770877440,2026-02-12T11:54:00,83731.29,83731.72,83709.48,83709.75,25269
1770877500,2026-02-12T11:55:00,83709.27,83722.38,83690.95,83719.63,104471
1770877560,2026-02-12T11:56:00,83724.6,83724.6,83702.64,83716.7,15102
1770877620,2026-02-12T11:57:00,83717.16,83731.14,83714.56,83725.26,14098
1770877680,2026-02-12T11:58:00,83726.31,83757.84,83724.11,83757.84,119945
1770877740,2026-02-12T11:59:00,83763.68,83782.41,83763.68,83764.87,102684
1770877800,2026-02-12T12:00:00,83767.23,83781.55,83767.23,83773.27,16138
1770877860,2026-02-12T12:01:00,83772.87,83779.8,83756.49,83759.0,12910
1770877920,2026-02-12T12:02:00,83759.4,83762.95,83738.31,83738.31,7223
1770877980,2026-02-12T12:03:00,83738.55,83739.32,83707.12,83715.78,18240
1770878040,2026-02-12T12:04:00,83718.61,83732.46,83707.2,83724.42,20050
1770878100,2026-02-12T12:05:00,83729.41,83745.66,83725.86,83745.66,11580
1770878160,2026-02-12T12:06:00,83747.98,83756.45,83730.86,83735.44,112875
1770878220,2026-02-12T12:07:00,83738.5,83760.33,83730.59,83749.4,10533
1770878280,2026-02-12T12:08:00,83747.47,83765.24,83737.24,83749.08,16169
1770878340,2026-02-12T12:09:00,83749.24,83780.56,83742.1,83780.56,24151
1770878400,2026-02-12T12:10:00,83781.39,83781.39,83750.42,83764.6,10835
1770878460,2026-02-12T12:11:00,83766.12,83789.06,83762.97,83774.71,22509
1770878520,2026-02-12T12:12:00,83775.28,83780.44,83763.04,83763.04,9099
1770878580,2026-02-12T12:13:00,83766.31,83795.77,83766.16,83767.8,9696
1770878640,2026-02-12T12:14:00,83770.12,83788.3,83757.85,83786.27,11290
1770878700,2026-02-12T12:15:00,83787.26,83800.85,83770.46,83781.9,39158
1770878760,2026-02-12T12:16:00,83781.86,83814.41,83773.04,83778.07,17557
1770878820,2026-02-12T12:17:00,83781.61,83815.05,83770.83,83811.07,21525
1770878880,2026-02-12T12:18:00,83811.88,83819.64,83790.71,83791.02,15676
1770878940,2026-02-12T12:19:00,83790.79,83822.07,83783.09,83811.82,13933
1770879000,2026-02-12T12:20:00,83796.29,83819.47,83780.64,83787.07,28662
1770879060,2026-02-12T12:21:00,83786.33,83813.2,83777.56,83799.24,20147
1770879120,2026-02-12T12:22:00,83798.83,83821.48,83788.24,83788.24,22180
1770879180,2026-02-12T12:23:00,83787.69,83810.09,83781.39,83793.69,14671
1770879240,2026-02-12T12:24:00,83791.53,83799.24,83788.66,83792.52,15645
1770879300,2026-02-12T12:25:00,83790.43,83793.52,83779.37,83779.37,9976
1770879360,2026-02-12T12:26:00,83781.07,83789.54,83770.23,83772.41,9869
1770879420,2026-02-12T12:27:00,83776.0,83797.24,83765.52,83776.46,27715
1770879480,2026-02-12T12:28:00,83771.6,83803.85,83765.44,83775.68,126370
1770879540,2026-02-12T12:29:00,83777.54,83787.55,83760.94,83760.94,15826
1770879600,2026-02-12T12:30:00,83766.71,83800.9,83761.96,83784.84,21910
1770879660,2026-02-12T12:31:00,83775.36,83799.54,83769.87,83771.57,19949
1770879720,2026-02-12T12:32:00,83770.75,83820.61,83770.75,83793.17,10024
1770879780,2026-02-12T12:33:00,83793.53,83823.32,83788.99,83813.87,17294
1770879840,2026-02-12T12:34:00,83810.08,83833.91,83790.68,83820.65,23296
1770879900,2026-02-12T12:35:00,83806.08,83813.88,83777.19,83812.39,59992
1770879960,2026-02-12T12:36:00,83810.64,83817.29,83781.9,83814.67,13668
1770880020,2026-02-12T12:37:00,83815.54,83820.64,83777.59,83802.38,15734
1770880080,2026-02-12T12:38:00,83808.01,83808.88,83789.32,83789.32,10590
1770880140,2026-02-12T12:39:00,83788.97,83807.33,83788.27,83803.3,26261
1770880200,2026-02-12T12:40:00,83805.06,83810.38,83790.26,83793.09,15430
1770880260,2026-02-12T12:41:00,83790.02,83805.06,83785.44,83793.71,15828
1770880320,2026-02-12T12:42:00,83795.79,83808.92,83789.64,83808.92,18862
1770880380,2026-02-12T12:43:00,83812.8,83827.39,83806.77,83810.3,15074
1770880440,2026-02-12T12:44:00,83810.0,83833.43,83805.46,83819.14,18751
1770880500,2026-02-12T12:45:00,83817.02,83853.26,83816.87,83853.26,52389
1770880560,2026-02-12T12:46:00,83848.99,83862.84,83816.98,83828.5,85957
1770880620,2026-02-12T12:47:00,83822.67,83827.18,83814.26,83815.18,14338
1770880680,2026-02-12T12:48:00,83816.21,83826.13,83810.55,83819.67,26098
1770880740,2026-02-12T12:49:00,83814.68,83821.98,83790.87,83818.51,95546
1770880800,2026-02-12T12:50:00,83818.38,83826.44,83808.88,83826.36,21615
1770880860,2026-02-12T12:51:00,83827.71,83843.5,83821.98,83837.64,19675
1770880920,2026-02-12T12:52:00,83835.66,83839.32,83822.64,83823.64,21421
1770880980,2026-02-12T12:53:00,83821.86,83842.31,83821.86,83831.98,5968
1770881040,2026-02-12T12:54:00,83833.95,83846.34,83829.06,83845.62,11139
1770881100,2026-02-12T12:55:00,83841.69,83854.33,83829.87,83834.53,10623
1770881160,2026-02-12T12:56:00,83836.62,83849.98,83832.18,83846.19,15876
1770881220,2026-02-12T12:57:00,83845.51,83861.39,83836.84,83848.05,25700
1770881280,2026-02-12T12:58:00,83851.02,83863.02,83846.54,83862.31,18892
1770881340,2026-02-12T12:59:00,83857.17,83857.17,83843.33,83852.47,10813
1770881400,2026-02-12T13:00:00,83853.15,83863.3,83847.88,83855.43,17433
1770881460,2026-02-12T13:01:00,83855.85,83859.73,83845.27,83847.88,11262
1770881520,2026-02-12T13:02:00,83845.02,83858.41,83831.66,83847.58,23111
1770881580,2026-02-12T13:03:00,83848.87,83863.45,83845.37,83857.08,22168
1770881640,2026-02-12T13:04:00,83852.92,83858.83,83844.11,83848.15,25651
1770881700,2026-02-12T13:05:00,83848.83,83856.89,83840.18,83840.18,22875
1770881760,2026-02-12T13:06:00,83841.24,83844.19,83810.1,83828.6,11801
1770881820,2026-02-12T13:07:00,83829.19,83839.89,83794.62,83794.62,8599
1770881880,2026-02-12T13:08:00,83794.8,83824.79,83783.87,83783.87,13078
1770881940,2026-02-12T13:09:00,83786.22,83808.06,83775.25,83786.19,65904
1770882000,2026-02-12T13:10:00,83792.0,83806.81,83781.4,83804.69,22773
1770882060,2026-02-12T13:11:00,83803.66,83804.33,83774.18,83775.19,29695
1770882120,2026-02-12T13:12:00,83776.95,83804.97,83774.41,83794.89,17988
1770882180,2026-02-12T13:13:00,83795.19,83809.64,83767.49,83794.2,12963
1770882240,2026-02-12T13:14:00,83788.68,83810.47,83769.91,83803.12,14489
1770882300,2026-02-12T13:15:00,83801.22,83807.2,83767.13,83776.54,14813
1770882360,2026-02-12T13:16:00,83777.54,83811.37,83777.54,83811.29,13750
1770882420,2026-02-12T13:17:00,83808.19,83824.89,83788.4,83816.28,13723
1770882480,2026-02-12T13:18:00,83815.76,83871.97,83798.54,83871.97,46180
1770882540,2026-02-12T13:19:00,83872.73,83887.49,83830.33,83830.33,15811
1770882600,2026-02-12T13:20:00,83832.47,83836.55,83790.38,83790.38,15779
1770882660,2026-02-12T13:21:00,83789.21,83808.57,83764.11,83807.59,82644
1770882720,2026-02-12T13:22:00,83806.18,83821.07,83784.2,83804.01,12517
1770882780,2026-02-12T13:23:00,83806.12,83842.16,83806.12,83841.73,8910
1770882840,2026-02-12T13:24:00,83842.48,83870.52,83842.26,83866.86,7897
1770882900,2026-02-12T13:25:00,83867.39,83890.82,83864.8,83890.05,23853
1770882960,2026-02-12T13:26:00,83891.99,83912.45,83891.99,83906.25,20910
1770883020,2026-02-12T13:27:00,83914.43,83929.87,83895.44,83902.49,24089
1770883080,2026-02-12T13:28:00,83909.69,83931.35,83882.63,83882.63,12895
1770883140,2026-02-12T13:29:00,83883.87,83901.56,83837.66,83864.73,32766
1770883200,2026-02-12T13:30:00,83866.53,83876.0,83836.85,83845.07,34693
1770883260,2026-02-12T13:31:00,83840.64,83847.06,83808.73,83810.53,18367
1770883320,2026-02-12T13:32:00,83807.64,83841.93,83807.64,83826.71,15823
1770883380,2026-02-12T13:33:00,83826.09,83857.95,83818.83,83831.26,11825
1770883440,2026-02-12T13:34:00,83829.87,83857.6,83825.13,83827.68,11647
1770883500,2026-02-12T13:35:00,83828.25,83837.96,83825.67,83832.02,15593
1770883560,2026-02-12T13:36:00,83831.43,83831.43,83808.43,83811.13,8230
1770883620,2026-02-12T13:37:00,83814.53,83863.23,83809.39,83843.16,18038
1770883680,2026-02-12T13:38:00,83844.71,83882.46,83840.78,83842.18,7316
1770883740,2026-02-12T13:39:00,83849.04,83886.75,83838.55,83858.58,22502
1770883800,2026-02-12T13:40:00,83863.16,83889.74,83857.2,83887.07,18183
1770883860,2026-02-12T13:41:00,83885.63,83888.67,83817.32,83834.23,13005
1770883920,2026-02-12T13:42:00,83829.73,83839.07,83818.26,83827.11,17438
1770883980,2026-02-12T13:43:00,83827.69,83843.08,83807.06,83807.23,15362
1770884040,2026-02-12T13:44:00,83808.11,83836.28,83801.95,83817.53,68585
1770884100,2026-02-12T13:45:00,83822.2,83825.7,83799.19,83804.13,153562
1770884160,2026-02-12T13:46:00,83807.98,83817.8,83797.4,83811.42,16694
1770884220,2026-02-12T13:47:00,83814.21,83825.06,83786.79,83813.39,27440
1770884280,2026-02-12T13:48:00,83813.03,83829.53,83753.76,83753.76,32887
1770884340,2026-02-12T13:49:00,83754.19,83778.13,83727.17,83727.17,46548
1770884400,2026-02-12T13:50:00,83727.19,83756.16,83721.37,83732.21,47020
1770884460,2026-02-12T13:51:00,83733.8,83749.96,83719.83,83742.97,51839
1770884520,2026-02-12T13:52:00,83739.24,83743.94,83694.3,83702.39,28106
1770884580,2026-02-12T13:53:00,83702.95,83710.19,83684.08,83702.16,109878
1770884640,2026-02-12T13:54:00,83700.62,83753.64,83687.16,83741.17,108829
1770884700,2026-02-12T13:55:00,83740.46,83761.01,83719.2,83719.2,24879
1770884760,2026-02-12T13:56:00,83719.13,83755.51,83716.41,83729.12,27724
1770884820,2026-02-12T13:57:00,83731.51,83754.24,83722.24,83745.94,25280
1770884880,2026-02-12T13:58:00,83745.19,83747.37,83715.58,83724.27,40040
1770884940,2026-02-12T13:59:00,83723.56,83730.04,83716.79,83717.96,15473
1770885000,2026-02-12T14:00:00,83717.24,83729.65,83698.96,83700.59,12960
1770885060,2026-02-12T14:01:00,83705.51,83728.61,83690.59,83714.41,22053
1770885120,2026-02-12T14:02:00,83711.29,83717.7,83687.46,83703.52,15025
1770885180,2026-02-12T14:03:00,83698.99,83714.6,83682.22,83705.2,18695
1770885240,2026-02-12T14:04:00,83706.09,83730.23,83704.28,83725.99,15128
1770885300,2026-02-12T14:05:00,83718.38,83738.35,83712.55,83719.23,334221
1770885360,2026-02-12T14:06:00,83716.35,83740.32,83709.91,83736.68,13120
1770885420,2026-02-12T14:07:00,83736.33,83743.55,83709.45,83727.43,24600
1770885480,2026-02-12T14:08:00,83723.99,83746.23,83714.93,83736.47,21686
1770885540,2026-02-12T14:09:00,83739.59,83743.34,83708.42,83725.17,18288
1770885600,2026-02-12T14:10:00,83727.26,83739.34,83695.48,83721.86,17848
1770885660,2026-02-12T14:11:00,83721.76,83739.35,83718.68,83732.11,19087
1770885720,2026-02-12T14:12:00,83730.95,83751.22,83730.95,83748.1,27194
1770885780,2026-02-12T14:13:00,83746.42,83749.67,83715.25,83716.22,18476
1770885840,2026-02-12T14:14:00,83718.68,83740.77,83714.48,83739.74,14747
1770885900,2026-02-12T14:15:00,83732.66,83741.28,83708.58,83730.08,13457
1770885960,2026-02-12T14:16:00,83728.87,83728.87,83713.5,83720.95,13365
1770886020,2026-02-12T14:17:00,83717.17,83726.02,83694.48,83724.22,23590
1770886080,2026-02-12T14:18:00,83721.92,83722.79,83690.79,83716.01,13156
1770886140,2026-02-12T14:19:00,83712.68,83719.72,83674.88,83695.98,17866
1770886200,2026-02-12T14:20:00,83695.5,83737.47,83691.39,83737.47,21377
1770886260,2026-02-12T14:21:00,83738.21,83752.37,83723.29,83744.94,14303
1770886320,2026-02-12T14:22:00,83745.93,83783.7,83743.02,83761.51,88870
1770886380,2026-02-12T14:23:00,83769.09,83792.14,83759.8,83767.96,33006
1770886440,2026-02-12T14:24:00,83766.78,83799.6,83766.78,83783.51,55341
1770886500,2026-02-12T14:25:00,83785.16,83802.77,83758.93,83762.55,36865
1770886560,2026-02-12T14:26:00,83764.66,83784.01,83758.98,83759.14,34618
1770886620,2026-02-12T14:27:00,83756.44,83767.2,83727.43,83742.9,16355
1770886680,2026-02-12T14:28:00,83741.61,83769.89,83725.35,83757.43,20166
1770886740,2026-02-12T14:29:00,83754.05,83772.99,83736.52,83759.37,29593
1770886800,2026-02-12T14:30:00,83755.25,83755.25,83724.13,83735.34,19975
1770886860,2026-02-12T14:31:00,83737.33,83770.32,83737.33,83763.21,22323
1770886920,2026-02-12T14:32:00,83768.66,83773.73,83740.44,83740.44,14881
1770886980,2026-02-12T14:33:00,83743.79,83759.81,83738.24,83748.19,23210
1770887040,2026-02-12T14:34:00,83749.7,83770.87,83727.83,83757.78,31316
1770887100,2026-02-12T14:35:00,83757.26,83769.58,83726.15,83749.7,31632
1770887160,2026-02-12T14:36:00,83750.98,83771.65,83732.39,83746.58,33321
1770887220,2026-02-12T14:37:00,83746.61,83751.96,83699.81,83739.24,22976
1770887280,2026-02-12T14:38:00,83734.69,83737.4,83672.96,83675.02,17539
1770887340,2026-02-12T14:39:00,83676.44,83690.79,83668.31,83680.43,100977
1770887400,2026-02-12T14:40:00,83684.01,83729.38,83680.62,83721.6,21729
1770887460,2026-02-12T14:41:00,83721.73,83721.73,83708.98,83714.86,7616
1770887520,2026-02-12T14:42:00,83714.47,83731.7,83692.52,83692.52,14171
1770887580,2026-02-12T14:43:00,83695.06,83728.44,83673.65,83673.65,19853
1770887640,2026-02-12T14:44:00,83673.68,83681.74,83647.57,83656.52,51115
1770887700,2026-02-12T14:45:00,83654.4,83684.76,83645.43,83650.99,39381
1770887760,2026-02-12T14:46:00,83648.28,83665.15,83623.46,83636.6,126493
1770887820,2026-02-12T14:47:00,83635.89,83635.89,83555.25,83561.4,179823
1770887880,2026-02-12T14:48:00,83565.38,83580.0,83549.99,83562.54,66171
1770887940,2026-02-12T14:49:00,83562.7,83563.0,83516.67,83554.12,33123
1770888000,2026-02-12T14:50:00,83556.88,83593.28,83521.94,83591.97,116743
1770888060,2026-02-12T14:51:00,83591.04,83593.47,83529.87,83556.59,70773
1770888120,2026-02-12T14:52:00,83558.19,83581.68,83550.59,83574.91,39972
1770888180,2026-02-12T14:53:00,83570.58,83591.69,83549.6,83562.69,25274
1770888240,2026-02-12T14:54:00,83559.99,83587.19,83557.74,83584.53,27339
1770888300,2026-02-12T14:55:00,83581.36,83607.23,83581.36,83592.31,17610
1770888360,2026-02-12T14:56:00,83591.19,83610.55,83587.75,83591.59,68858
1770888420,2026-02-12T14:57:00,83585.41,83620.16,83578.54,83607.23,20896
1770888480,2026-02-12T14:58:00,83607.77,83610.4,83598.48,83605.13,21812
1770888540,2026-02-12T14:59:00,83605.05,83624.72,83600.25,83620.57,35799
1770888600,2026-02-12T15:00:00,83620.09,83644.08,83607.71,83644.08,104279
1770888660,2026-02-12T15:01:00,83644.4,83658.64,83634.01,83652.64,50239
1770888720,2026-02-12T15:02:00,83655.91,83709.18,83655.91,83709.18,59851
1770888780,2026-02-12T15:03:00,83710.45,83773.38,83690.47,83756.05,98552
1770888840,2026-02-12T15:04:00,83754.14,83774.05,83702.44,83727.75,2035573
1770888900,2026-02-12T15:05:00,83714.23,83726.37,83633.43,83641.5,885294
1770888960,2026-02-12T15:06:00,83635.44,83656.39,83620.41,83646.79,372357
1770889020,2026-02-12T15:07:00,83649.05,83662.79,83618.23,83620.1,618381
1770889080,2026-02-12T15:08:00,83618.76,83687.47,83618.76,83687.47,56675
1770889140,2026-02-12T15:09:00,83689.98,83762.67,83689.98,83715.91,671405
1770889200,2026-02-12T15:10:00,83708.14,83722.0,83696.23,83696.88,64901
1770889260,2026-02-12T15:11:00,83692.07,83701.7,83666.25,83672.78,77881
1770889320,2026-02-12T15:12:00,83673.5,83702.87,83663.69,83697.16,45445
1770889380,2026-02-12T15:13:00,83689.38,83717.93,83651.23,83651.23,226827
1770889440,2026-02-12T15:14:00,83662.33,83674.97,83629.89,83674.4,419635
1770889500,2026-02-12T15:15:00,83671.26,83687.59,83663.46,83663.46,4444432
1770889560,2026-02-12T15:16:00,83664.6,83702.21,83618.29,83702.21,302218
1770889620,2026-02-12T15:17:00,83692.55,83720.72,83664.02,83665.26,888085
1770889680,2026-02-12T15:18:00,83661.78,83667.63,83638.09,83662.08,28975
1770889740,2026-02-12T15:19:00,83662.07,83677.43,83651.27,83660.79,88391
1770889800,2026-02-12T15:20:00,83659.31,83672.51,83646.58,83651.46,59541
1770889860,2026-02-12T15:21:00,83650.49,83662.57,83642.02,83647.77,49682
1770889920,2026-02-12T15:22:00,83649.22,83664.07,83646.06,83647.58,47922
1770889980,2026-02-12T15:23:00,83650.7,83650.7,83628.09,83628.38,54109
1770890040,2026-02-12T15:24:00,83630.2,83636.57,83600.29,83615.17,90918
1770890100,2026-02-12T15:25:00,83616.3,83638.49,83616.3,83631.16,53193
1770890160,2026-02-12T15:26:00,83635.73,83639.21,83617.32,83633.9,50412
1770890220,2026-02-12T15:27:00,83638.58,83643.08,83599.59,83604.59,54522
1770890280,2026-02-12T15:28:00,83617.16,83648.59,83604.39,83626.23,34321
1770890340,2026-02-12T15:29:00,83620.64,83655.68,83617.3,83620.64,48654
1770954300,2026-02-13T09:15:00,82902.73,83079.7,82846.85,82955.96,418148
1770954360,2026-02-13T09:16:00,82938.59,82956.02,82905.13,82938.21,221851
1770954420,2026-02-13T09:17:00,82932.76,83013.52,82932.76,83005.88,153293
1770954480,2026-02-13T09:18:00,83001.61,83061.04,82992.18,83033.28,115667
1770954540,2026-02-13T09:19:00,83032.77,83044.05,82965.08,82989.06,103688
1770954600,2026-02-13T09:20:00,82992.11,82998.58,82952.7,82998.58,91387
1770954660,2026-02-13T09:21:00,83002.91,83012.27,82963.76,82963.76,130148
1770954720,2026-02-13T09:22:00,82961.96,82979.22,82938.12,82939.96,88790
1770954780,2026-02-13T09:23:00,82949.05,82991.2,82943.22,82991.2,84839
1770954840,2026-02-13T09:24:00,82990.12,83012.77,82969.8,83009.06,84779
1770954900,2026-02-13T09:25:00,83012.96,83019.97,82981.11,82986.8,75904
1770954960,2026-02-13T09:26:00,82978.77,83025.55,82960.96,82975.09,66664
1770955020,2026-02-13T09:27:00,82970.06,82999.24,82970.06,82992.55,158678
1770955080,2026-02-13T09:28:00,82987.03,82998.32,82972.7,82988.78,65638
1770955140,2026-02-13T09:29:00,82985.24,82993.22,82972.62,82983.69,66274
1770955200,2026-02-13T09:30:00,82985.33,82985.33,82908.98,82921.27,115260
1770955260,2026-02-13T09:31:00,82922.99,82951.02,82914.07,82914.07,55960
1770955320,2026-02-13T09:32:00,82919.46,82919.46,82882.13,82895.68,82065
1770955380,2026-02-13T09:33:00,82897.78,82926.24,82893.27,82905.5,71399
1770955440,2026-02-13T09:34:00,82912.25,82912.25,82863.76,82864.68,78469
1770955500,2026-02-13T09:35:00,82870.52,82876.04,82847.02,82855.51,82378
1770955560,2026-02-13T09:36:00,82856.39,82857.38,82827.32,82840.88,62648
1770955620,2026-02-13T09:37:00,82840.91,82851.25,82827.96,82836.84,54540
1770955680,2026-02-13T09:38:00,82840.13,82862.29,82840.13,82843.33,48214
1770955740,2026-02-13T09:39:00,82838.03,82845.36,82818.48,82826.6,81963
1770955800,2026-02-13T09:40:00,82829.42,82833.17,82791.52,82819.59,213826
1770955860,2026-02-13T09:41:00,82826.58,82873.42,82817.77,82867.93,160137
1770955920,2026-02-13T09:42:00,82877.23,82897.99,82873.53,82876.63,68420
1770955980,2026-02-13T09:43:00,82878.52,82904.67,82878.52,82904.67,71275
1770956040,2026-02-13T09:44:00,82907.55,82917.2,82882.59,82910.13,44642
1770956100,2026-02-13T09:45:00,82902.13,82916.71,82881.8,82906.32,485078
1770956160,2026-02-13T09:46:00,82906.26,82928.17,82885.66,82906.3,47617
1770956220,2026-02-13T09:47:00,82906.3,82909.78,82870.51,82872.15,44944
1770956280,2026-02-13T09:48:00,82884.73,82900.85,82872.69,82872.69,546387
1770956340,2026-02-13T09:49:00,82878.01,82883.06,82847.45,82859.95,51651
1770956400,2026-02-13T09:50:00,82855.89,82865.69,82832.13,82839.61,46868
1770956460,2026-02-13T09:51:00,82841.03,82865.99,82824.86,82859.78,52951
1770956520,2026-02-13T09:52:00,82858.24,82898.24,82858.24,82893.06,39811
1770956580,2026-02-13T09:53:00,82906.46,82919.95,82895.75,82914.57,30128
1770956640,2026-02-13T09:54:00,82911.05,82926.9,82887.22,82887.22,43669
1770956700,2026-02-13T09:55:00,82889.66,82889.66,82863.88,82864.64,40203
1770956760,2026-02-13T09:56:00,82866.39,82866.39,82819.37,82825.7,45375
1770956820,2026-02-13T09:57:00,82830.35,82837.99,82809.88,82820.37,35512
1770956880,2026-02-13T09:58:00,82820.41,82831.51,82800.83,82817.7,32249
1770956940,2026-02-13T09:59:00,82816.38,82835.98,82806.03,82827.07,41608
1770957000,2026-02-13T10:00:00,82830.75,82852.44,82820.61,82838.15,37501
1770957060,2026-02-13T10:01:00,82839.85,82873.9,82837.95,82873.9,32584
1770957120,2026-02-13T10:02:00,82876.52,82876.84,82848.68,82855.48,36365
1770957180,2026-02-13T10:03:00,82854.27,82871.32,82848.14,82857.73,53438
1770957240,2026-02-13T10:04:00,82858.48,82873.11,82844.85,82873.11,33795
1770957300,2026-02-13T10:05:00,82875.09,82890.09,82863.41,82865.57,23687
1770957360,2026-02-13T10:06:00,82865.36,82869.28,82846.5,82851.42,141614
1770957420,2026-02-13T10:07:00,82852.73,82868.88,82844.0,82851.93,1416829
1770957480,2026-02-13T10:08:00,82849.45,82852.43,82832.79,82838.31,167640
1770957540,2026-02-13T10:09:00,82838.81,82852.26,82829.05,82849.0,21892
1770957600,2026-02-13T10:10:00,82849.41,82849.41,82814.23,82820.18,31449
1770957660,2026-02-13T10:11:00,82819.6,82838.14,82814.49,82833.86,28318
1770957720,2026-02-13T10:12:00,82833.54,82862.58,82827.25,82859.42,28674
1770957780,2026-02-13T10:13:00,82861.88,82876.18,82850.78,82850.78,32193
1770957840,2026-02-13T10:14:00,82850.8,82851.25,82826.69,82835.03,34101
1770957900,2026-02-13T10:15:00,82832.35,82834.86,82808.54,82818.67,33562
1770957960,2026-02-13T10:16:00,82819.09,82835.34,82807.79,82808.73,49897
1770958020,2026-02-13T10:17:00,82812.47,82814.13,82771.75,82794.87,26504
1770958080,2026-02-13T10:18:00,82794.13,82822.69,82788.03,82822.69,40633
1770958140,2026-02-13T10:19:00,82819.49,82823.85,82804.28,82810.41,32739
1770958200,2026-02-13T10:20:00,82812.5,82845.55,82802.83,82838.43,44744
1770958260,2026-02-13T10:21:00,82838.1,82838.1,82818.05,82819.9,41821
1770958320,2026-02-13T10:22:00,82817.12,82831.89,82799.75,82801.85,28226
1770958380,2026-02-13T10:23:00,82803.05,82848.42,82795.32,82834.93,61987
1770958440,2026-02-13T10:24:00,82835.71,82846.66,82828.91,82832.54,119619
1770958500,2026-02-13T10:25:00,82836.68,82863.71,82833.31,82855.82,45164
1770958560,2026-02-13T10:26:00,82853.92,82868.51,82842.41,82855.86,46125
1770958620,2026-02-13T10:27:00,82863.9,82876.19,82850.62,82876.19,27526
1770958680,2026-02-13T10:28:00,82879.63,82879.63,82851.43,82851.43,39523
1770958740,2026-02-13T10:29:00,82851.72,82874.17,82848.32,82871.47,34428
1770958800,2026-02-13T10:30:00,82864.48,82915.64,82864.48,82906.55,87705
1770958860,2026-02-13T10:31:00,82903.14,82903.14,82864.85,82889.85,50517
1770958920,2026-02-13T10:32:00,82897.91,82920.88,82892.01,82901.75,1120558
1770958980,2026-02-13T10:33:00,82897.6,82929.72,82895.02,82920.74,68526
1770959040,2026-02-13T10:34:00,82919.34,82950.07,82914.33,82933.05,88034
1770959100,2026-02-13T10:35:00,82935.95,82950.74,82915.77,82942.5,51350
1770959160,2026-02-13T10:36:00,82940.85,82944.04,82911.41,82917.45,36953
1770959220,2026-02-13T10:37:00,82919.23,82940.28,82906.74,82936.24,586060
1770959280,2026-02-13T10:38:00,82935.25,82943.77,82921.99,82943.42,45831
1770959340,2026-02-13T10:39:00,82947.65,82971.94,82944.93,82965.82,106129
1770959400,2026-02-13T10:40:00,82962.56,82967.89,82943.58,82966.85,52495
1770959460,2026-02-13T10:41:00,82966.38,82967.32,82939.52,82948.09,22768
1770959520,2026-02-13T10:42:00,82948.57,82981.99,82937.85,82972.04,41699
1770959580,2026-02-13T10:43:00,82969.74,82980.87,82958.76,82961.11,4198773
1770959640,2026-02-13T10:44:00,82961.11,82969.99,82946.14,82949.29,207738
1770959700,2026-02-13T10:45:00,82946.13,82950.62,82928.92,82928.92,68299
1770959760,2026-02-13T10:46:00,82928.67,82935.64,82915.42,82932.42,47368
1770959820,2026-02-13T10:47:00,82934.95,82935.99,82909.95,82920.31,47249
1770959880,2026-02-13T10:48:00,82920.31,82929.52,82911.84,82924.3,35740
1770959940,2026-02-13T10:49:00,82922.14,82926.75,82893.27,82895.56,269050
1770960000,2026-02-13T10:50:00,82896.31,82896.31,82847.16,82859.83,44698
1770960060,2026-02-13T10:51:00,82863.68,82892.41,82858.63,82880.26,39493
1770960120,2026-02-13T10:52:00,82882.54,82916.34,82882.54,82916.34,44505
1770960180,2026-02-13T10:53:00,82921.03,82923.6,82901.82,82905.57,40956
1770960240,2026-02-13T10:54:00,82905.94,82906.91,82895.09,82895.81,24162
1770960300,2026-02-13T10:55:00,82900.43,82927.65,82898.07,82926.89,23493
1770960360,2026-02-13T10:56:00,82926.89,82954.98,82925.53,82945.6,12355
1770960420,2026-02-13T10:57:00,82943.55,82943.55,82921.12,82928.11,29354
1770960480,2026-02-13T10:58:00,82926.51,82938.68,82914.19,82920.36,270489
1770960540,2026-02-13T10:59:00,82925.84,82931.91,82914.25,82914.63,30605
1770960600,2026-02-13T11:00:00,82917.17,82917.18,82892.97,82914.89,24152
1770960660,2026-02-13T11:01:00,82914.89,82924.13,82900.16,82900.16,66415
1770960720,2026-02-13T11:02:00,82900.72,82903.26,82864.67,82866.21,45976
1770960780,2026-02-13T11:03:00,82865.3,82886.53,82860.86,82886.53,32387
1770960840,2026-02-13T11:04:00,82891.56,82891.73,82849.17,82861.33,110378
1770960900,2026-02-13T11:05:00,82860.43,82867.57,82845.04,82846.09,24073
1770960960,2026-02-13T11:06:00,82846.4,82862.68,82844.5,82847.69,12168
1770961020,2026-02-13T11:07:00,82851.2,82851.2,82832.02,82832.02,20276
1770961080,2026-02-13T11:08:00,82827.48,82851.54,82825.99,82843.9,1069965
1770961140,2026-02-13T11:09:00,82843.9,82843.9,82821.4,82821.4,23257
1770961200,2026-02-13T11:10:00,82828.43,82847.57,82827.77,82847.57,29510
1770961260,2026-02-13T11:11:00,82847.6,82865.2,82840.97,82853.65,33382
1770961320,2026-02-13T11:12:00,82855.56,82865.24,82852.4,82852.4,30831
1770961380,2026-02-13T11:13:00,82855.98,82866.25,82854.73,82859.47,46199
1770961440,2026-02-13T11:14:00,82858.2,82881.94,82856.24,82880.17,873412
1770961500,2026-02-13T11:15:00,82886.48,82891.81,82863.23,82872.3,88169
1770961560,2026-02-13T11:16:00,82872.25,82873.14,82850.3,82850.3,39910
1770961620,2026-02-13T11:17:00,82851.34,82852.43,82830.84,82836.61,33949
1770961680,2026-02-13T11:18:00,82839.43,82841.94,82806.54,82808.13,16541
1770961740,2026-02-13T11:19:00,82810.76,82822.61,82804.14,82819.27,19058
1770961800,2026-02-13T11:20:00,82818.2,82824.37,82807.54,82816.87,25798
1770961860,2026-02-13T11:21:00,82818.36,82829.68,82812.12,82828.66,26310
1770961920,2026-02-13T11:22:00,82826.32,82829.41,82803.54,82811.88,14480
1770961980,2026-02-13T11:23:00,82814.11,82823.32,82807.65,82823.08,26448
1770962040,2026-02-13T11:24:00,82823.39,82837.19,82806.55,82818.58,37453
1770962100,2026-02-13T11:25:00,82819.31,82838.49,82817.62,82833.67,37032
1770962160,2026-02-13T11:26:00,82833.11,82860.36,82821.22,82860.36,56542
1770962220,2026-02-13T11:27:00,82860.96,82867.68,82849.42,82856.1,22045
1770962280,2026-02-13T11:28:00,82858.72,82867.83,82838.25,82858.68,15332
1770962340,2026-02-13T11:29:00,82857.19,82884.66,82850.94,82876.75,19445
1770962400,2026-02-13T11:30:00,82881.49,82881.49,82837.67,82837.67,12550
1770962460,2026-02-13T11:31:00,82837.93,82851.13,82826.63,82839.72,13972
1770962520,2026-02-13T11:32:00,82841.96,82844.66,82818.83,82828.04,16723
1770962580,2026-02-13T11:33:00,82828.01,82848.39,82820.77,82839.92,14937
1770962640,2026-02-13T11:34:00,82838.71,82838.71,82809.49,82809.49,23589
1770962700,2026-02-13T11:35:00,82811.36,82816.54,82796.72,82813.65,27297
1770962760,2026-02-13T11:36:00,82810.81,82819.92,82806.91,82807.58,12286
1770962820,2026-02-13T11:37:00,82805.53,82820.22,82801.32,82818.53,18886
1770962880,2026-02-13T11:38:00,82822.32,82834.66,82813.4,82813.4,31719
1770962940,2026-02-13T11:39:00,82814.13,82820.26,82804.32,82816.31,46437
1770963000,2026-02-13T11:40:00,82816.48,82825.63,82806.62,82818.43,17443
1770963060,2026-02-13T11:41:00,82819.87,82823.06,82801.05,82817.71,42641
1770963120,2026-02-13T11:42:00,82819.11,82833.76,82810.28,82824.32,24500
1770963180,2026-02-13T11:43:00,82823.4,82840.88,82822.64,82840.88,43860
1770963240,2026-02-13T11:44:00,82838.65,82877.29,82835.55,82873.24,24699
1770963300,2026-02-13T11:45:00,82877.32,82885.81,82869.16,82878.89,35052
1770963360,2026-02-13T11:46:00,82878.35,82879.24,82857.31,82868.75,69047
1770963420,2026-02-13T11:47:00,82869.81,82877.27,82860.66,82876.11,51277
1770963480,2026-02-13T11:48:00,82877.24,82885.56,82862.47,82865.13,29927
1770963540,2026-02-13T11:49:00,82864.35,82864.35,82845.26,82846.71,18107
1770963600,2026-02-13T11:50:00,82848.42,82868.01,82846.55,82859.26,55039
1770963660,2026-02-13T11:51:00,82860.79,82872.75,82855.8,82865.81,14449
1770963720,2026-02-13T11:52:00,82867.15,82873.66,82846.48,82856.72,21333
1770963780,2026-02-13T11:53:00,82853.92,82870.15,82853.92,82868.22,24604
1770963840,2026-02-13T11:54:00,82870.41,82877.07,82851.9,82858.36,16164
1770963900,2026-02-13T11:55:00,82857.16,82865.09,82846.35,82865.09,19302
1770963960,2026-02-13T11:56:00,82866.04,82876.2,82851.08,82870.77,25621
1770964020,2026-02-13T11:57:00,82871.18,82879.59,82857.87,82876.81,12344
1770964080,2026-02-13T11:58:00,82876.31,82882.64,82865.01,82865.16,23364
1770964140,2026-02-13T11:59:00,82863.78,82881.27,82855.4,82881.27,43582
1770964200,2026-02-13T12:00:00,82883.4,82895.75,82876.75,82876.75,44075
1770964260,2026-02-13T12:01:00,82877.4,82893.0,82875.32,82889.58,12478
1770964320,2026-02-13T12:02:00,82891.49,82910.01,82882.42,82910.01,18323
1770964380,2026-02-13T12:03:00,82906.98,82909.56,82890.87,82900.74,14789
1770964440,2026-02-13T12:04:00,82893.11,82900.77,82871.96,82873.66,34100
1770964500,2026-02-13T12:05:00,82872.67,82899.47,82872.67,82896.13,23312
1770964560,2026-02-13T12:06:00,82900.54,82927.74,82893.5,82927.29,28163
1770964620,2026-02-13T12:07:00,82932.2,82936.28,82908.92,82918.29,25402
1770964680,2026-02-13T12:08:00,82918.29,82923.6,82912.21,82915.88,21097
1770964740,2026-02-13T12:09:00,82913.95,82933.13,82912.05,82929.34,25709
1770964800,2026-02-13T12:10:00,82929.96,82929.96,82904.63,82912.78,15758
1770964860,2026-02-13T12:11:00,82914.63,82936.15,82909.84,82929.69,37860
1770964920,2026-02-13T12:12:00,82931.74,82953.18,82909.83,82919.29,38545
1770964980,2026-02-13T12:13:00,82919.94,82925.19,82905.09,82917.87,44093
1770965040,2026-02-13T12:14:00,82920.83,82940.23,82904.21,82935.49,32864
1770965100,2026-02-13T12:15:00,82933.98,82943.49,82922.74,82923.83,13130
1770965160,2026-02-13T12:16:00,82922.04,82923.87,82901.06,82901.06,19891
1770965220,2026-02-13T12:17:00,82906.34,82906.78,82880.71,82893.34,34193
1770965280,2026-02-13T12:18:00,82894.33,82922.46,82886.71,82919.68,39555
1770965340,2026-02-13T12:19:00,82918.62,82928.97,82908.56,82928.12,45564
1770965400,2026-02-13T12:20:00,82925.68,82947.95,82921.05,82947.95,23841
1770965460,2026-02-13T12:21:00,82953.55,82957.98,82932.47,82936.18,40147
1770965520,2026-02-13T12:22:00,82936.74,82947.66,82925.7,82947.29,13108
1770965580,2026-02-13T12:23:00,82948.23,82963.2,82944.96,82949.69,24311
1770965640,2026-02-13T12:24:00,82951.01,82965.79,82948.21,82963.78,17072
1770965700,2026-02-13T12:25:00,82963.04,82973.6,82958.27,82970.87,23958
1770965760,2026-02-13T12:26:00,82972.96,82994.73,82956.05,82984.44,11490
1770965820,2026-02-13T12:27:00,82984.27,83038.75,82984.27,83038.75,29445
1770965880,2026-02-13T12:28:00,83038.3,83038.3,83001.36,83002.49,24046
1770965940,2026-02-13T12:29:00,83002.3,83005.12,82982.97,82991.15,39687
1770966000,2026-02-13T12:30:00,82990.04,82990.04,82971.77,82972.32,21653
1770966060,2026-02-13T12:31:00,82974.17,82982.56,82963.65,82963.65,36044
1770966120,2026-02-13T12:32:00,82966.42,82975.77,82956.37,82969.7,64114
1770966180,2026-02-13T12:33:00,82968.3,82991.19,82962.56,82985.1,24133
1770966240,2026-02-13T12:34:00,82981.12,83035.69,82981.12,83033.19,43341
1770966300,2026-02-13T12:35:00,83032.98,83035.17,83008.04,83008.04,16883
1770966360,2026-02-13T12:36:00,83011.49,83012.68,82987.04,82992.49,28698
1770966420,2026-02-13T12:37:00,82994.73,82994.95,82971.35,82987.59,47243
1770966480,2026-02-13T12:38:00,82987.1,82987.25,82972.52,82987.19,32023
1770966540,2026-02-13T12:39:00,82986.29,82995.87,82973.68,82993.84,18600
1770966600,2026-02-13T12:40:00,82994.6,82998.59,82979.38,82983.48,23512
1770966660,2026-02-13T12:41:00,82985.1,82987.34,82961.29,82961.87,23246
1770966720,2026-02-13T12:42:00,82961.04,82974.94,82950.95,82972.51,20762
1770966780,2026-02-13T12:43:00,82968.3,82971.69,82958.98,82967.64,10090
1770966840,2026-02-13T12:44:00,82968.96,82983.53,82968.96,82975.09,8576
1770966900,2026-02-13T12:45:00,82975.39,82996.04,82970.99,82991.58,9659
1770966960,2026-02-13T12:46:00,82991.1,83007.91,82990.3,82993.74,23528
1770967020,2026-02-13T12:47:00,82994.02,82994.02,82967.05,82971.13,58044
1770967080,2026-02-13T12:48:00,82971.98,82980.37,82946.03,82949.93,40778
1770967140,2026-02-13T12:49:00,82949.23,82958.54,82925.43,82925.43,14744
1770967200,2026-02-13T12:50:00,82927.29,82927.71,82898.97,82902.27,22188
1770967260,2026-02-13T12:51:00,82903.81,82924.84,82898.84,82921.54,14347
1770967320,2026-02-13T12:52:00,82920.3,82920.3,82899.81,82902.91,11670
1770967380,2026-02-13T12:53:00,82902.42,82904.34,82878.19,82884.19,21453
1770967440,2026-02-13T12:54:00,82884.87,82885.29,82870.67,82882.06,40924
1770967500,2026-02-13T12:55:00,82881.93,82884.94,82856.54,82859.52,25964
1770967560,2026-02-13T12:56:00,82861.44,82862.67,82848.87,82853.56,16144
1770967620,2026-02-13T12:57:00,82851.11,82877.82,82844.25,82877.76,16391
1770967680,2026-02-13T12:58:00,82867.33,82882.72,82818.28,82825.87,169371
1770967740,2026-02-13T12:59:00,82832.96,82850.99,82823.24,82837.18,51751
1770967800,2026-02-13T13:00:00,82836.31,82857.96,82836.31,82854.05,13197
1770967860,2026-02-13T13:01:00,82851.32,82862.72,82844.94,82852.9,13642
1770967920,2026-02-13T13:02:00,82851.13,82853.71,82824.79,82829.0,21579
1770967980,2026-02-13T13:03:00,82829.28,82838.29,82819.66,82838.29,26248
1770968040,2026-02-13T13:04:00,82838.57,82838.57,82824.18,82830.37,79693
1770968100,2026-02-13T13:05:00,82829.91,82841.71,82821.78,82834.77,20834
1770968160,2026-02-13T13:06:00,82834.49,82835.6,82808.95,82814.04,20406
1770968220,2026-02-13T13:07:00,82815.35,82816.93,82796.9,82808.75,35583
1770968280,2026-02-13T13:08:00,82809.55,82825.48,82809.55,82813.81,75190
1770968340,2026-02-13T13:09:00,82816.3,82855.46,82816.3,82855.46,45261
1770968400,2026-02-13T13:10:00,82857.74,82892.73,82857.74,82862.39,302251
1770968460,2026-02-13T13:11:00,82862.39,82909.15,82862.35,82909.15,37689
1770968520,2026-02-13T13:12:00,82911.03,82944.77,82911.03,82938.74,22785
1770968580,2026-02-13T13:13:00,82932.23,82948.17,82926.42,82938.01,15621
1770968640,2026-02-13T13:14:00,82935.16,82947.85,82923.43,82944.87,16819
1770968700,2026-02-13T13:15:00,82944.87,82975.17,82944.87,82967.34,33769
1770968760,2026-02-13T13:16:00,82968.48,82968.48,82934.53,82940.02,23785
1770968820,2026-02-13T13:17:00,82940.77,82942.69,82927.36,82937.7,5951
1770968880,2026-02-13T13:18:00,82942.58,82966.3,82933.66,82966.3,11247
1770968940,2026-02-13T13:19:00,82968.72,82983.32,82966.19,82980.8,30309
1770969000,2026-02-13T13:20:00,82980.05,82981.51,82935.52,82937.29,17513
1770969060,2026-02-13T13:21:00,82933.97,82935.03,82921.23,82934.4,18908
1770969120,2026-02-13T13:22:00,82934.36,82937.62,82920.33,82935.94,15408
1770969180,2026-02-13T13:23:00,82934.26,82934.26,82880.88,82896.56,13837
1770969240,2026-02-13T13:24:00,82896.34,82899.14,82881.38,82881.38,16500
1770969300,2026-02-13T13:25:00,82879.76,82881.83,82856.95,82861.2,19570
1770969360,2026-02-13T13:26:00,82858.03,82868.31,82846.33,82850.3,11433
1770969420,2026-02-13T13:27:00,82850.87,82850.87,82835.93,82848.45,9423
1770969480,2026-02-13T13:28:00,82846.67,82860.04,82844.05,82859.84,514163
1770969540,2026-02-13T13:29:00,82861.53,82877.16,82860.73,82864.46,8923
1770969600,2026-02-13T13:30:00,82865.19,82875.22,82848.53,82859.19,12589
1770969660,2026-02-13T13:31:00,82860.03,82872.1,82830.78,82830.78,20645
1770969720,2026-02-13T13:32:00,82830.17,82835.45,82788.13,82802.59,143895
1770969780,2026-02-13T13:33:00,82806.55,82876.14,82806.24,82876.14,141948
1770969840,2026-02-13T13:34:00,82872.38,82878.54,82836.35,82838.43,89895
1770969900,2026-02-13T13:35:00,82835.23,82855.07,82834.3,82841.75,11026
1770969960,2026-02-13T13:36:00,82841.75,82850.26,82830.48,82839.16,33543
1770970020,2026-02-13T13:37:00,82839.3,82865.4,82838.97,82859.52,34211
1770970080,2026-02-13T13:38:00,82857.03,82860.99,82831.34,82835.52,15264
1770970140,2026-02-13T13:39:00,82836.68,82845.55,82825.45,82843.88,14149
1770970200,2026-02-13T13:40:00,82844.47,82853.67,82831.78,82843.49,7097
1770970260,2026-02-13T13:41:00,82835.66,82847.48,82824.52,82847.48,15695
1770970320,2026-02-13T13:42:00,82846.55,82861.52,82841.74,82848.7,10182
1770970380,2026-02-13T13:43:00,82848.14,82850.17,82825.26,82832.39,11763
1770970440,2026-02-13T13:44:00,82831.5,82836.37,82811.33,82815.38,21540
1770970500,2026-02-13T13:45:00,82817.3,82817.64,82772.91,82772.91,40311
1770970560,2026-02-13T13:46:00,82771.05,82790.9,82767.02,82769.75,107000
1770970620,2026-02-13T13:47:00,82772.58,82774.55,82747.72,82748.53,28020
1770970680,2026-02-13T13:48:00,82750.6,82755.65,82738.99,82741.83,20024
1770970740,2026-02-13T13:49:00,82748.38,82748.38,82715.27,82722.94,29698
1770970800,2026-02-13T13:50:00,82726.89,82740.09,82718.2,82721.26,36858
1770970860,2026-02-13T13:51:00,82721.84,82726.61,82698.48,82709.29,24343
1770970920,2026-02-13T13:52:00,82710.36,82743.27,82707.99,82739.01,17851
1770970980,2026-02-13T13:53:00,82736.03,82742.42,82719.77,82738.33,12440
1770971040,2026-02-13T13:54:00,82738.22,82758.87,82732.07,82758.87,17310
1770971100,2026-02-13T13:55:00,82757.25,82785.25,82757.25,82782.08,7590
1770971160,2026-02-13T13:56:00,82779.26,82781.54,82762.15,82766.83,18933
1770971220,2026-02-13T13:57:00,82771.37,82788.75,82765.89,82787.32,81121
1770971280,2026-02-13T13:58:00,82787.01,82811.92,82786.89,82807.41,3230554
1770971340,2026-02-13T13:59:00,82807.47,82812.35,82780.03,82780.91,33183
1770971400,2026-02-13T14:00:00,82779.7,82795.1,82750.26,82763.31,37693
1770971460,2026-02-13T14:01:00,82761.19,82767.53,82751.25,82758.47,18614
1770971520,2026-02-13T14:02:00,82756.77,82783.67,82751.66,82782.75,18314
1770971580,2026-02-13T14:03:00,82783.88,82794.87,82771.9,82792.34,39467
1770971640,2026-02-13T14:04:00,82792.9,82803.04,82781.95,82788.2,17908
1770971700,2026-02-13T14:05:00,82783.15,82812.43,82775.85,82797.7,34656
1770971760,2026-02-13T14:06:00,82799.7,82817.76,82795.39,82798.72,43651
1770971820,2026-02-13T14:07:00,82798.43,82801.13,82779.96,82792.62,13900
1770971880,2026-02-13T14:08:00,82791.04,82794.92,82748.04,82754.41,20850
1770971940,2026-02-13T14:09:00,82753.23,82758.25,82742.73,82751.63,17330
1770972000,2026-02-13T14:10:00,82750.33,82753.2,82733.8,82751.51,18345
1770972060,2026-02-13T14:11:00,82752.9,82777.29,82746.2,82775.28,16017
1770972120,2026-02-13T14:12:00,82776.49,82791.66,82771.94,82788.27,15255
1770972180,2026-02-13T14:13:00,82788.27,82793.43,82783.61,82787.31,23188
1770972240,2026-02-13T14:14:00,82787.01,82802.61,82783.13,82800.86,11273
1770972300,2026-02-13T14:15:00,82804.73,82817.31,82792.88,82796.26,14582
1770972360,2026-02-13T14:16:00,82792.83,82807.19,82791.48,82804.77,7717
1770972420,2026-02-13T14:17:00,82802.52,82813.28,82772.25,82775.82,14733
1770972480,2026-02-13T14:18:00,82776.61,82799.85,82771.29,82783.25,14620
1770972540,2026-02-13T14:19:00,82783.96,82784.23,82760.91,82780.05,25919
1770972600,2026-02-13T14:20:00,82780.35,82807.1,82777.51,82796.76,16248
1770972660,2026-02-13T14:21:00,82795.87,82795.87,82770.78,82774.88,21331
1770972720,2026-02-13T14:22:00,82770.23,82772.65,82757.95,82760.88,14153
1770972780,2026-02-13T14:23:00,82760.13,82770.85,82747.74,82758.35,25852
1770972840,2026-02-13T14:24:00,82760.82,82780.87,82752.98,82779.8,26664
1770972900,2026-02-13T14:25:00,82782.31,82808.7,82782.31,82802.51,21894
1770972960,2026-02-13T14:26:00,82801.08,82808.99,82788.75,82796.57,19065
1770973020,2026-02-13T14:27:00,82796.57,82799.69,82785.97,82786.28,26789
1770973080,2026-02-13T14:28:00,82788.58,82809.6,82784.4,82806.96,126420
1770973140,2026-02-13T14:29:00,82809.94,82813.7,82793.09,82797.35,16064
1770973200,2026-02-13T14:30:00,82798.09,82809.34,82790.45,82792.06,13360
1770973260,2026-02-13T14:31:00,82788.83,82795.57,82775.51,82791.7,14834
1770973320,2026-02-13T14:32:00,82790.38,82793.79,82778.43,82785.58,14355
1770973380,2026-02-13T14:33:00,82785.95,82788.23,82765.43,82773.27,41856
1770973440,2026-02-13T14:34:00,82769.84,82774.34,82742.0,82743.41,36925
1770973500,2026-02-13T14:35:00,82741.87,82763.27,82740.36,82755.89,37673
1770973560,2026-02-13T14:36:00,82755.82,82761.73,82725.5,82730.0,15241
1770973620,2026-02-13T14:37:00,82728.77,82734.19,82706.93,82713.01,24243
1770973680,2026-02-13T14:38:00,82713.43,82716.78,82706.3,82713.97,30952
1770973740,2026-02-13T14:39:00,82715.13,82752.88,82715.0,82746.92,29174
1770973800,2026-02-13T14:40:00,82748.44,82752.58,82723.23,82733.09,18386
1770973860,2026-02-13T14:41:00,82731.39,82750.71,82722.76,82724.63,95443
1770973920,2026-02-13T14:42:00,82721.71,82739.71,82714.45,82739.71,24532
1770973980,2026-02-13T14:43:00,82740.58,82755.18,82728.97,82744.08,21175
1770974040,2026-02-13T14:44:00,82744.35,82759.66,82733.06,82742.89,25857
1770974100,2026-02-13T14:45:00,82744.2,82755.4,82741.1,82747.87,14093
1770974160,2026-02-13T14:46:00,82751.04,82758.79,82725.02,82742.42,25504
1770974220,2026-02-13T14:47:00,82741.73,82742.6,82729.17,82738.95,14932
1770974280,2026-02-13T14:48:00,82733.5,82743.21,82723.33,82743.15,180823
1770974340,2026-02-13T14:49:00,82744.76,82745.55,82725.42,82736.85,18134
1770974400,2026-02-13T14:50:00,82734.45,82746.09,82721.2,82722.88,24351
1770974460,2026-02-13T14:51:00,82728.67,82750.54,82720.83,82747.09,17195
1770974520,2026-02-13T14:52:00,82746.01,82762.13,82744.24,82751.81,21254
1770974580,2026-02-13T14:53:00,82748.43,82763.05,82744.11,82761.58,17504
1770974640,2026-02-13T14:54:00,82762.82,82766.77,82751.02,82751.02,37671
1770974700,2026-02-13T14:55:00,82753.5,82759.95,82741.37,82755.56,30466
1770974760,2026-02-13T14:56:00,82755.13,82771.96,82751.07,82763.97,29674
1770974820,2026-02-13T14:57:00,82769.6,82774.02,82758.53,82771.1,31108
1770974880,2026-02-13T14:58:00,82769.96,82783.45,82752.28,82766.82,24305
1770974940,2026-02-13T14:59:00,82765.35,82771.79,82758.33,82767.46,19788
1770975000,2026-02-13T15:00:00,82768.1,82778.43,82682.86,82686.1,80081
1770975060,2026-02-13T15:01:00,82694.01,82709.46,82664.19,82673.37,150009
1770975120,2026-02-13T15:02:00,82668.06,82707.24,82667.97,82706.87,34266
1770975180,2026-02-13T15:03:00,82712.56,82714.89,82690.03,82697.29,49831
1770975240,2026-02-13T15:04:00,82699.5,82707.46,82674.45,82682.5,45936
1770975300,2026-02-13T15:05:00,82681.29,82692.82,82670.81,82686.21,34535
1770975360,2026-02-13T15:06:00,82682.87,82684.86,82639.25,82644.62,68614
1770975420,2026-02-13T15:07:00,82645.55,82652.43,82628.45,82632.15,51362
1770975480,2026-02-13T15:08:00,82632.92,82649.87,82617.85,82617.85,28022
1770975540,2026-02-13T15:09:00,82621.63,82640.54,82614.5,82638.59,40043
1770975600,2026-02-13T15:10:00,82635.72,82670.41,82635.72,82657.22,34230
1770975660,2026-02-13T15:11:00,82655.65,82660.96,82645.66,82651.86,36369
1770975720,2026-02-13T15:12:00,82651.81,82652.35,82621.77,82621.77,45134
1770975780,2026-02-13T15:13:00,82625.91,82636.39,82619.46,82626.35,42801
1770975840,2026-02-13T15:14:00,82649.09,82649.09,82615.25,82620.38,52164
1770975900,2026-02-13T15:15:00,82619.92,82628.24,82607.24,82628.24,60058
1770975960,2026-02-13T15:16:00,82627.53,82634.39,82613.01,82616.48,71229
1770976020,2026-02-13T15:17:00,82618.67,82629.68,82610.78,82618.14,41042
1770976080,2026-02-13T15:18:00,82617.06,82638.83,82612.31,82632.01,42904
1770976140,2026-02-13T15:19:00,82636.28,82652.25,82632.4,82652.22,42254
1770976200,2026-02-13T15:20:00,82653.08,82664.87,82641.65,82661.27,25352
1770976260,2026-02-13T15:21:00,82661.06,82661.06,82625.1,82640.33,48040
1770976320,2026-02-13T15:22:00,82648.93,82654.04,82619.37,82624.72,56394
1770976380,2026-02-13T15:23:00,82620.35,82629.95,82597.74,82609.76,79714
1770976440,2026-02-13T15:24:00,82611.9,82611.9,82536.59,82603.83,105593
1770976500,2026-02-13T15:25:00,82605.77,82606.3,82571.84,82597.37,71846
1770976560,2026-02-13T15:26:00,82610.25,82614.54,82542.52,82549.65,38297
1770976620,2026-02-13T15:27:00,82557.77,82577.43,82534.55,82554.12,127835
1770976680,2026-02-13T15:28:00,82561.68,82589.99,82548.77,82589.99,50887
1770976740,2026-02-13T15:29:00,82596.51,82617.94,82569.66,82591.27,44773
1771213500,2026-02-16T09:15:00,82480.4,82537.57,82276.95,82499.88,191389
1771213560,2026-02-16T09:16:00,82486.29,82587.47,82465.85,82551.06,133322
1771213620,2026-02-16T09:17:00,82539.65,82552.19,82527.99,82543.72,78255
1771213680,2026-02-16T09:18:00,82543.03,82586.82,82532.58,82550.96,91284
1771213740,2026-02-16T09:19:00,82551.88,82610.75,82550.0,82610.75,68322
1771213800,2026-02-16T09:20:00,82615.44,82643.55,82586.05,82616.52,90116
1771213860,2026-02-16T09:21:00,82610.56,82630.34,82600.67,82614.18,65999
1771213920,2026-02-16T09:22:00,82615.26,82655.04,82611.68,82638.87,93534
1771213980,2026-02-16T09:23:00,82636.78,82682.24,82636.78,82680.46,72089
1771214040,2026-02-16T09:24:00,82671.16,82682.61,82625.37,82648.74,60271
1771214100,2026-02-16T09:25:00,82641.86,82649.75,82612.78,82612.78,48234
1771214160,2026-02-16T09:26:00,82613.56,82620.78,82583.19,82587.47,58474
1771214220,2026-02-16T09:27:00,82581.12,82584.12,82552.73,82575.1,40544
1771214280,2026-02-16T09:28:00,82579.23,82633.75,82577.28,82630.13,49868
1771214340,2026-02-16T09:29:00,82630.24,82638.12,82602.02,82611.2,38256
1771214400,2026-02-16T09:30:00,82608.0,82698.2,82608.0,82691.22,53539
1771214460,2026-02-16T09:31:00,82691.45,82726.0,82685.38,82704.62,62401
1771214520,2026-02-16T09:32:00,82703.63,82720.37,82697.39,82697.39,55771
1771214580,2026-02-16T09:33:00,82704.64,82752.61,82704.32,82749.76,42165
1771214640,2026-02-16T09:34:00,82746.23,82786.4,82745.27,82768.59,1581323
1771214700,2026-02-16T09:35:00,82770.33,82773.75,82743.53,82758.14,125368
1771214760,2026-02-16T09:36:00,82756.49,82756.49,82712.27,82723.66,47570
1771214820,2026-02-16T09:37:00,82720.31,82720.31,82681.31,82688.1,51190
1771214880,2026-02-16T09:38:00,82684.06,82689.73,82670.54,82670.54,42369
1771214940,2026-02-16T09:39:00,82676.07,82697.06,82661.4,82697.06,65624
1771215000,2026-02-16T09:40:00,82699.14,82700.09,82639.42,82647.88,36952
1771215060,2026-02-16T09:41:00,82647.08,82647.08,82619.81,82642.77,50738
1771215120,2026-02-16T09:42:00,82642.59,82675.25,82638.07,82665.42,33633
1771215180,2026-02-16T09:43:00,82661.88,82661.88,82604.06,82604.06,26305
1771215240,2026-02-16T09:44:00,82597.07,82602.59,82563.65,82578.23,34403
1771215300,2026-02-16T09:45:00,82577.14,82587.62,82559.98,82567.57,110417
1771215360,2026-02-16T09:46:00,82569.26,82609.22,82557.26,82606.88,58174
1771215420,2026-02-16T09:47:00,82606.55,82608.68,82587.63,82604.57,435047
1771215480,2026-02-16T09:48:00,82614.33,82614.33,82567.55,82576.61,47315
1771215540,2026-02-16T09:49:00,82573.47,82578.17,82547.13,82561.87,27090
1771215600,2026-02-16T09:50:00,82564.48,82572.48,82541.3,82547.25,22212
1771215660,2026-02-16T09:51:00,82546.95,82550.88,82509.97,82526.59,37103
1771215720,2026-02-16T09:52:00,82520.61,82524.82,82503.2,82515.84,26998
1771215780,2026-02-16T09:53:00,82515.47,82583.52,82515.47,82574.6,29269
1771215840,2026-02-16T09:54:00,82572.52,82607.95,82566.03,82602.46,39672
1771215900,2026-02-16T09:55:00,82603.5,82636.77,82591.34,82635.86,34610
1771215960,2026-02-16T09:56:00,82636.15,82644.33,82624.51,82633.41,27029
1771216020,2026-02-16T09:57:00,82632.14,82689.74,82632.14,82687.18,37802
1771216080,2026-02-16T09:58:00,82688.22,82699.66,82675.48,82675.48,47525
1771216140,2026-02-16T09:59:00,82674.89,82701.35,82669.59,82696.3,15906
1771216200,2026-02-16T10:00:00,82694.56,82739.19,82694.38,82707.5,33437
1771216260,2026-02-16T10:01:00,82710.59,82772.77,82710.59,82770.08,22887
1771216320,2026-02-16T10:02:00,82765.51,82805.83,82761.44,82789.94,47042
1771216380,2026-02-16T10:03:00,82789.26,82817.88,82788.49,82799.57,16008
1771216440,2026-02-16T10:04:00,82800.88,82801.83,82778.99,82800.89,21542
1771216500,2026-02-16T10:05:00,82799.84,82812.28,82795.2,82803.5,22843
1771216560,2026-02-16T10:06:00,82806.64,82815.73,82782.78,82784.29,182835
1771216620,2026-02-16T10:07:00,82783.66,82783.66,82752.57,82760.36,48457
1771216680,2026-02-16T10:08:00,82761.19,82765.14,82740.94,82746.63,22402
1771216740,2026-02-16T10:09:00,82746.81,82768.18,82746.81,82764.69,44653
1771216800,2026-02-16T10:10:00,82764.62,82770.51,82754.53,82758.16,38092
1771216860,2026-02-16T10:11:00,82758.82,82782.46,82752.25,82777.84,30611
1771216920,2026-02-16T10:12:00,82777.4,82848.98,82777.4,82844.09,41069
1771216980,2026-02-16T10:13:00,82845.82,82884.78,82845.82,82871.21,31901
1771217040,2026-02-16T10:14:00,82873.0,82879.22,82826.18,82852.65,41587
1771217100,2026-02-16T10:15:00,82854.05,82905.13,82854.05,82866.43,27638
1771217160,2026-02-16T10:16:00,82863.99,82865.46,82834.89,82843.87,25707
1771217220,2026-02-16T10:17:00,82848.6,82863.27,82841.17,82853.08,18552
1771217280,2026-02-16T10:18:00,82854.29,82877.17,82849.96,82867.8,32009
1771217340,2026-02-16T10:19:00,82865.04,82881.6,82858.77,82868.83,27039
1771217400,2026-02-16T10:20:00,82866.83,82873.17,82841.21,82841.21,25862
1771217460,2026-02-16T10:21:00,82842.37,82854.75,82826.89,82840.71,82048
1771217520,2026-02-16T10:22:00,82841.15,82851.08,82835.78,82842.29,13450
1771217580,2026-02-16T10:23:00,82843.25,82847.92,82810.16,82820.12,11742
1771217640,2026-02-16T10:24:00,82823.5,82825.65,82799.67,82802.24,18179
1771217700,2026-02-16T10:25:00,82804.18,82810.0,82787.65,82791.53,16786
1771217760,2026-02-16T10:26:00,82790.09,82805.79,82784.95,82784.95,12078
1771217820,2026-02-16T10:27:00,82784.52,82798.45,82777.64,82798.45,27728
1771217880,2026-02-16T10:28:00,82797.8,82798.47,82778.14,82781.31,1519567
1771217940,2026-02-16T10:29:00,82779.9,82813.95,82779.9,82799.08,28208
1771218000,2026-02-16T10:30:00,82798.3,82805.19,82770.09,82773.05,27848
1771218060,2026-02-16T10:31:00,82772.81,82799.77,82771.29,82799.61,14966
1771218120,2026-02-16T10:32:00,82800.29,82814.72,82792.19,82814.72,80335
1771218180,2026-02-16T10:33:00,82812.4,82829.29,82812.4,82822.29,74209
1771218240,2026-02-16T10:34:00,82821.04,82834.33,82807.75,82813.26,22231
1771218300,2026-02-16T10:35:00,82814.9,82825.25,82802.76,82816.55,19223
1771218360,2026-02-16T10:36:00,82816.64,82831.33,82807.25,82826.29,13312
1771218420,2026-02-16T10:37:00,82828.84,82832.28,82807.86,82814.87,12417
1771218480,2026-02-16T10:38:00,82814.23,82816.51,82781.06,82781.06,29286
1771218540,2026-02-16T10:39:00,82782.62,82798.07,82782.62,82792.02,25373
1771218600,2026-02-16T10:40:00,82791.82,82813.34,82790.64,82809.48,22504
1771218660,2026-02-16T10:41:00,82809.86,82833.93,82805.8,82830.5,18446
1771218720,2026-02-16T10:42:00,82827.23,82831.33,82792.7,82793.92,19564
1771218780,2026-02-16T10:43:00,82789.88,82793.4,82768.44,82787.29,18497
1771218840,2026-02-16T10:44:00,82785.93,82793.51,82772.96,82786.24,27344
1771218900,2026-02-16T10:45:00,82786.91,82790.95,82779.93,82785.0,15868
1771218960,2026-02-16T10:46:00,82782.22,82782.3,82764.92,82774.62,43003
1771219020,2026-02-16T10:47:00,82773.98,82793.64,82773.98,82789.48,21376
1771219080,2026-02-16T10:48:00,82791.05,82814.79,82778.84,82782.18,136921
1771219140,2026-02-16T10:49:00,82779.6,82785.02,82746.8,82757.17,194511
1771219200,2026-02-16T10:50:00,82758.53,82760.96,82727.49,82731.19,1290590
1771219260,2026-02-16T10:51:00,82729.98,82749.45,82722.01,82749.45,15083
1771219320,2026-02-16T10:52:00,82747.18,82764.85,82746.76,82751.33,90659
1771219380,2026-02-16T10:53:00,82751.02,82754.83,82732.11,82746.49,54500
1771219440,2026-02-16T10:54:00,82744.04,82750.03,82729.45,82730.09,62498
1771219500,2026-02-16T10:55:00,82727.24,82745.91,82718.63,82734.5,41675
1771219560,2026-02-16T10:56:00,82734.42,82743.05,82720.18,82737.18,52863
1771219620,2026-02-16T10:57:00,82739.59,82745.21,82734.36,82739.25,11134
1771219680,2026-02-16T10:58:00,82742.52,82761.22,82742.47,82756.54,25965
1771219740,2026-02-16T10:59:00,82752.72,82770.35,82752.72,82765.61,360831
1771219800,2026-02-16T11:00:00,82766.16,82774.1,82754.2,82759.81,28166
1771219860,2026-02-16T11:01:00,82757.1,82758.03,82731.16,82738.04,20318
1771219920,2026-02-16T11:02:00,82734.76,82741.23,82721.11,82732.88,60685
1771219980,2026-02-16T11:03:00,82733.05,82750.97,82725.85,82750.97,14108
1771220040,2026-02-16T11:04:00,82749.61,82785.5,82738.87,82782.53,43471
1771220100,2026-02-16T11:05:00,82784.67,82800.06,82778.51,82783.2,87075
1771220160,2026-02-16T11:06:00,82779.98,82795.68,82765.28,82790.48,3446952
1771220220,2026-02-16T11:07:00,82790.89,82806.75,82780.34,82801.29,43065
1771220280,2026-02-16T11:08:00,82801.18,82801.42,82787.29,82797.21,21608
1771220340,2026-02-16T11:09:00,82796.63,82796.63,82780.87,82795.61,36486
1771220400,2026-02-16T11:10:00,82796.62,82796.62,82785.85,82786.09,36396
1771220460,2026-02-16T11:11:00,82785.67,82792.08,82764.42,82772.64,25247
1771220520,2026-02-16T11:12:00,82771.48,82785.67,82765.16,82785.67,26497
1771220580,2026-02-16T11:13:00,82789.51,82794.03,82776.77,82792.07,21647
1771220640,2026-02-16T11:14:00,82789.33,82802.51,82786.48,82790.91,10939
1771220700,2026-02-16T11:15:00,82791.53,82803.03,82779.94,82803.03,31914
1771220760,2026-02-16T11:16:00,82804.45,82807.67,82784.38,82788.87,17590
1771220820,2026-02-16T11:17:00,82789.78,82802.79,82781.36,82794.53,141832
1771220880,2026-02-16T11:18:00,82794.89,82814.76,82791.21,82812.1,54208
1771220940,2026-02-16T11:19:00,82814.52,82816.58,82797.98,82801.19,44796
1771221000,2026-02-16T11:20:00,82796.8,82809.18,82790.9,82803.61,567709
1771221060,2026-02-16T11:21:00,82805.56,82808.62,82792.67,82801.67,28922
1771221120,2026-02-16T11:22:00,82801.32,82810.71,82797.34,82801.91,23785
1771221180,2026-02-16T11:23:00,82800.16,82803.75,82789.53,82798.42,13332
1771221240,2026-02-16T11:24:00,82803.61,82822.73,82795.98,82807.59,38115
1771221300,2026-02-16T11:25:00,82809.7,82823.17,82778.82,82784.69,309957
1771221360,2026-02-16T11:26:00,82787.84,82787.84,82764.06,82771.38,17958
1771221420,2026-02-16T11:27:00,82771.52,82781.47,82764.39,82771.73,13747
1771221480,2026-02-16T11:28:00,82772.37,82779.18,82749.82,82753.89,11211
1771221540,2026-02-16T11:29:00,82754.31,82754.31,82721.58,82731.19,22685
1771221600,2026-02-16T11:30:00,82736.56,82750.32,82733.9,82738.4,14260
1771221660,2026-02-16T11:31:00,82739.62,82760.17,82730.77,82757.02,83494
1771221720,2026-02-16T11:32:00,82760.08,82762.5,82748.78,82762.49,37302
1771221780,2026-02-16T11:33:00,82762.86,82777.39,82759.49,82770.56,26621
1771221840,2026-02-16T11:34:00,82770.89,82777.3,82750.74,82753.93,38009
1771221900,2026-02-16T11:35:00,82751.81,82758.59,82728.13,82729.15,1380545
1771221960,2026-02-16T11:36:00,82727.13,82755.47,82723.91,82755.47,43398
1771222020,2026-02-16T11:37:00,82755.46,82773.38,82753.12,82757.32,25008
1771222080,2026-02-16T11:38:00,82758.14,82777.2,82755.45,82777.2,25511
1771222140,2026-02-16T11:39:00,82777.2,82786.62,82768.56,82774.21,32669
1771222200,2026-02-16T11:40:00,82772.13,82780.95,82756.67,82772.12,34965
1771222260,2026-02-16T11:41:00,82771.93,82772.91,82751.7,82770.36,19407
1771222320,2026-02-16T11:42:00,82768.97,82781.48,82763.79,82781.48,21357
1771222380,2026-02-16T11:43:00,82779.55,82783.04,82759.02,82759.02,27583
1771222440,2026-02-16T11:44:00,82763.05,82770.79,82744.7,82755.57,46875
1771222500,2026-02-16T11:45:00,82756.07,82756.28,82742.0,82744.2,16463
1771222560,2026-02-16T11:46:00,82741.24,82741.24,82698.69,82703.34,519549
1771222620,2026-02-16T11:47:00,82710.17,82739.96,82705.91,82734.41,53103
1771222680,2026-02-16T11:48:00,82735.1,82738.91,82715.1,82725.68,8488
1771222740,2026-02-16T11:49:00,82725.04,82744.01,82717.21,82740.05,26969
1771222800,2026-02-16T11:50:00,82735.35,82738.13,82718.52,82734.93,7426
1771222860,2026-02-16T11:51:00,82726.56,82730.43,82719.23,82725.88,16513
1771222920,2026-02-16T11:52:00,82729.04,82742.35,82722.46,82736.27,19835
1771222980,2026-02-16T11:53:00,82734.55,82735.59,82717.12,82717.12,18425
1771223040,2026-02-16T11:54:00,82716.41,82736.44,82714.46,82714.93,41182
1771223100,2026-02-16T11:55:00,82717.87,82735.6,82716.18,82729.71,10969
1771223160,2026-02-16T11:56:00,82735.15,82744.45,82722.92,82741.89,16759
1771223220,2026-02-16T11:57:00,82743.25,82758.42,82738.27,82745.72,17695
1771223280,2026-02-16T11:58:00,82746.24,82767.49,82746.24,82757.91,16385
1771223340,2026-02-16T11:59:00,82759.88,82769.91,82757.66,82765.38,33741
1771223400,2026-02-16T12:00:00,82767.86,82786.8,82767.86,82779.76,28196
1771223460,2026-02-16T12:01:00,82779.91,82791.04,82772.33,82777.52,21758
1771223520,2026-02-16T12:02:00,82775.9,82804.61,82775.26,82802.25,38019
1771223580,2026-02-16T12:03:00,82794.38,82806.52,82792.6,82797.59,19617
1771223640,2026-02-16T12:04:00,82801.25,82809.06,82793.91,82805.95,25865
1771223700,2026-02-16T12:05:00,82805.37,82805.77,82793.8,82797.3,26440
1771223760,2026-02-16T12:06:00,82803.74,82808.41,82790.36,82791.95,18787
1771223820,2026-02-16T12:07:00,82792.76,82812.6,82787.83,82803.45,12180
1771223880,2026-02-16T12:08:00,82805.11,82822.45,82802.63,82820.54,17500
1771223940,2026-02-16T12:09:00,82819.06,82822.09,82804.88,82818.86,25533
1771224000,2026-02-16T12:10:00,82818.03,82842.22,82808.31,82838.69,147575
1771224060,2026-02-16T12:11:00,82838.69,82859.6,82838.69,82849.59,33535
1771224120,2026-02-16T12:12:00,82848.42,82856.69,82837.78,82848.66,26079
1771224180,2026-02-16T12:13:00,82846.0,82852.25,82836.55,82843.08,23211
1771224240,2026-02-16T12:14:00,82843.09,82854.91,82836.92,82842.74,124548
1771224300,2026-02-16T12:15:00,82840.89,82840.89,82798.97,82798.97,628065
1771224360,2026-02-16T12:16:00,82798.16,82814.3,82790.05,82812.12,51138
1771224420,2026-02-16T12:17:00,82813.51,82852.01,82813.27,82851.18,35812
1771224480,2026-02-16T12:18:00,82853.98,82886.4,82853.98,82884.47,37840
1771224540,2026-02-16T12:19:00,82884.59,82901.39,82883.51,82893.63,9304
1771224600,2026-02-16T12:20:00,82895.0,82902.5,82875.48,82878.76,14385
1771224660,2026-02-16T12:21:00,82878.66,82883.41,82867.25,82869.84,9612
1771224720,2026-02-16T12:22:00,82873.88,82878.62,82852.95,82874.86,18729
1771224780,2026-02-16T12:23:00,82874.86,82879.78,82864.0,82877.24,17501
1771224840,2026-02-16T12:24:00,82878.38,82891.72,82873.68,82885.71,10381
1771224900,2026-02-16T12:25:00,82886.59,82887.33,82867.7,82877.6,539505
1771224960,2026-02-16T12:26:00,82879.26,82906.51,82873.84,82906.09,13565
1771225020,2026-02-16T12:27:00,82906.18,82921.51,82904.58,82915.45,13533
1771225080,2026-02-16T12:28:00,82916.42,82926.31,82907.16,82918.73,11011
1771225140,2026-02-16T12:29:00,82920.37,82932.37,82915.6,82930.78,16144
1771225200,2026-02-16T12:30:00,82934.29,82965.32,82934.29,82961.85,22614
1771225260,2026-02-16T12:31:00,82959.14,82982.71,82959.14,82967.88,828638
1771225320,2026-02-16T12:32:00,82966.12,82969.62,82930.14,82947.65,22120
1771225380,2026-02-16T12:33:00,82948.76,82970.39,82937.0,82970.39,13768
1771225440,2026-02-16T12:34:00,82970.39,82980.78,82963.54,82963.54,6016588
1771225500,2026-02-16T12:35:00,82969.12,82970.34,82955.58,82961.64,15364
1771225560,2026-02-16T12:36:00,82963.31,82980.83,82963.31,82974.08,50634
1771225620,2026-02-16T12:37:00,82974.7,82974.7,82940.99,82943.51,18854
1771225680,2026-02-16T12:38:00,82944.57,82958.39,82932.22,82940.17,9369
1771225740,2026-02-16T12:39:00,82936.04,82947.3,82925.44,82928.59,12539
1771225800,2026-02-16T12:40:00,82929.38,82936.96,82913.93,82926.46,18497
1771225860,2026-02-16T12:41:00,82926.46,82946.34,82925.32,82941.72,9004
1771225920,2026-02-16T12:42:00,82939.88,82981.95,82929.83,82965.6,116567
1771225980,2026-02-16T12:43:00,82960.1,82966.32,82943.61,82945.28,17639
1771226040,2026-02-16T12:44:00,82945.28,82955.08,82942.12,82954.42,12023
1771226100,2026-02-16T12:45:00,82954.26,82959.35,82937.37,82941.45,14174
1771226160,2026-02-16T12:46:00,82942.91,82942.91,82917.56,82920.41,172168
1771226220,2026-02-16T12:47:00,82922.17,82956.36,82915.11,82935.3,79978
1771226280,2026-02-16T12:48:00,82936.93,82937.97,82898.86,82898.86,38987
1771226340,2026-02-16T12:49:00,82901.98,82911.61,82837.73,82848.66,232110
1771226400,2026-02-16T12:50:00,82850.49,82884.1,82844.41,82879.44,60499
1771226460,2026-02-16T12:51:00,82881.48,82881.78,82867.4,82870.82,27485
1771226520,2026-02-16T12:52:00,82870.43,82894.98,82866.98,82886.13,14226
1771226580,2026-02-16T12:53:00,82885.15,82905.37,82885.15,82901.78,13076
1771226640,2026-02-16T12:54:00,82901.78,82911.23,82895.29,82906.48,13205
1771226700,2026-02-16T12:55:00,82905.33,82923.86,82905.33,82920.37,25746
1771226760,2026-02-16T12:56:00,82921.27,82922.25,82888.54,82889.74,16986
1771226820,2026-02-16T12:57:00,82888.23,82896.31,82881.37,82881.37,12577
1771226880,2026-02-16T12:58:00,82879.81,82882.68,82858.06,82858.06,23455
1771226940,2026-02-16T12:59:00,82860.16,82871.12,82852.98,82871.12,12586
1771227000,2026-02-16T13:00:00,82872.76,82898.15,82868.78,82897.25,33785
1771227060,2026-02-16T13:01:00,82898.16,82933.09,82888.58,82931.53,14332
1771227120,2026-02-16T13:02:00,82927.53,82934.96,82922.32,82928.57,13842
1771227180,2026-02-16T13:03:00,82929.11,82939.33,82922.52,82931.6,76309
1771227240,2026-02-16T13:04:00,82926.91,82934.16,82922.23,82923.32,15947
1771227300,2026-02-16T13:05:00,82923.14,82923.18,82906.93,82912.32,15012
1771227360,2026-02-16T13:06:00,82912.9,82926.61,82898.27,82900.39,8367
1771227420,2026-02-16T13:07:00,82900.09,82910.18,82899.69,82906.72,14740
1771227480,2026-02-16T13:08:00,82907.07,82926.45,82899.64,82926.45,67041
1771227540,2026-02-16T13:09:00,82925.81,82933.29,82917.3,82931.04,14712
1771227600,2026-02-16T13:10:00,82929.49,82953.88,82927.97,82935.6,18887
1771227660,2026-02-16T13:11:00,82942.34,82950.7,82939.24,82949.64,15480
1771227720,2026-02-16T13:12:00,82946.25,82953.58,82919.36,82919.36,414853
1771227780,2026-02-16T13:13:00,82918.96,82932.28,82915.4,82929.66,20756
1771227840,2026-02-16T13:14:00,82929.18,82934.78,82917.27,82920.15,4266
1771227900,2026-02-16T13:15:00,82920.07,82922.18,82905.79,82908.02,5829
1771227960,2026-02-16T13:16:00,82908.79,82923.25,82908.79,82914.64,21028
1771228020,2026-02-16T13:17:00,82915.71,82919.69,82901.16,82901.34,21655
1771228080,2026-02-16T13:18:00,82902.46,82907.08,82888.09,82891.06,32771
1771228140,2026-02-16T13:19:00,82893.51,82900.06,82888.42,82896.1,625158
1771228200,2026-02-16T13:20:00,82895.65,82909.72,82887.79,82909.72,13913
1771228260,2026-02-16T13:21:00,82909.72,82916.42,82893.76,82894.81,9308
1771228320,2026-02-16T13:22:00,82891.0,82927.65,82881.46,82927.65,15310
1771228380,2026-02-16T13:23:00,82923.82,82932.15,82912.86,82915.34,9961
1771228440,2026-02-16T13:24:00,82914.04,82929.42,82913.32,82925.32,15560
1771228500,2026-02-16T13:25:00,82926.0,82932.77,82911.72,82913.76,18611
1771228560,2026-02-16T13:26:00,82917.39,82919.68,82902.22,82919.55,26074
1771228620,2026-02-16T13:27:00,82921.81,82932.13,82914.41,82914.41,17362
1771228680,2026-02-16T13:28:00,82914.41,82938.82,82914.41,82935.95,45959
1771228740,2026-02-16T13:29:00,82935.53,82952.27,82925.8,82952.27,15646
1771228800,2026-02-16T13:30:00,82951.96,82952.66,82922.24,82923.76,29682
1771228860,2026-02-16T13:31:00,82922.46,82922.46,82897.59,82898.46,14653
1771228920,2026-02-16T13:32:00,82900.58,82901.63,82886.61,82895.21,12065
1771228980,2026-02-16T13:33:00,82897.66,82926.01,82891.34,82920.71,14479
1771229040,2026-02-16T13:34:00,82921.26,82936.48,82914.83,82927.13,9559
1771229100,2026-02-16T13:35:00,82926.51,82946.8,82925.49,82942.39,19670
1771229160,2026-02-16T13:36:00,82942.43,82957.13,82938.69,82947.66,16393
1771229220,2026-02-16T13:37:00,82947.18,82957.13,82947.18,82952.69,8996
1771229280,2026-02-16T13:38:00,82951.8,82967.86,82934.56,82942.45,17642
1771229340,2026-02-16T13:39:00,82941.27,82974.17,82939.32,82973.1,12501
1771229400,2026-02-16T13:40:00,82973.1,82974.89,82949.65,82959.32,13964
1771229460,2026-02-16T13:41:00,82959.02,82979.98,82959.02,82974.72,5989
1771229520,2026-02-16T13:42:00,82973.89,82977.62,82962.18,82969.75,12999
1771229580,2026-02-16T13:43:00,82969.11,82978.9,82959.64,82978.23,16907
1771229640,2026-02-16T13:44:00,82980.2,82981.54,82968.5,82973.61,7905
1771229700,2026-02-16T13:45:00,82974.89,82989.36,82968.82,82972.06,11746
1771229760,2026-02-16T13:46:00,82970.29,82970.29,82955.21,82966.56,37205
1771229820,2026-02-16T13:47:00,82957.88,82958.42,82944.17,82951.66,8017
1771229880,2026-02-16T13:48:00,82953.29,82956.29,82939.14,82942.57,13059
1771229940,2026-02-16T13:49:00,82944.23,82957.24,82940.06,82940.06,10345
1771230000,2026-02-16T13:50:00,82938.68,82975.91,82938.68,82965.31,10413
1771230060,2026-02-16T13:51:00,82967.12,82970.18,82956.42,82965.82,7462
1771230120,2026-02-16T13:52:00,82971.27,82971.92,82932.47,82938.11,13840
1771230180,2026-02-16T13:53:00,82941.24,82941.24,82924.5,82924.5,12009
1771230240,2026-02-16T13:54:00,82925.88,82931.22,82904.74,82904.74,20870
1771230300,2026-02-16T13:55:00,82908.69,82908.69,82869.59,82874.1,21404
1771230360,2026-02-16T13:56:00,82873.38,82880.62,82846.94,82849.11,22535
1771230420,2026-02-16T13:57:00,82846.47,82868.47,82836.34,82859.93,34510
1771230480,2026-02-16T13:58:00,82863.75,82897.61,82861.13,82897.61,23633
1771230540,2026-02-16T13:59:00,82898.88,82898.88,82883.85,82890.9,11280
1771230600,2026-02-16T14:00:00,82891.16,82921.49,82891.16,82915.39,21442
1771230660,2026-02-16T14:01:00,82918.03,82936.65,82912.0,82936.65,9386
1771230720,2026-02-16T14:02:00,82936.66,82960.1,82936.66,82956.28,10130
1771230780,2026-02-16T14:03:00,82956.81,82963.19,82922.06,82925.57,16644
1771230840,2026-02-16T14:04:00,82923.96,82950.59,82923.96,82934.35,19203
1771230900,2026-02-16T14:05:00,82934.7,82939.71,82910.31,82910.76,12485
1771230960,2026-02-16T14:06:00,82910.51,82910.51,82896.33,82900.97,14091
1771231020,2026-02-16T14:07:00,82899.46,82933.48,82898.64,82926.54,9135
1771231080,2026-02-16T14:08:00,82923.87,82931.95,82891.56,82905.97,9428
1771231140,2026-02-16T14:09:00,82905.97,82907.08,82887.83,82903.39,31147
1771231200,2026-02-16T14:10:00,82901.65,82902.6,82884.49,82900.79,26073
1771231260,2026-02-16T14:11:00,82900.79,82909.73,82885.53,82907.78,25449
1771231320,2026-02-16T14:12:00,82913.84,82934.91,82913.84,82922.44,55222
1771231380,2026-02-16T14:13:00,82923.04,82952.69,82915.6,82947.22,32613
1771231440,2026-02-16T14:14:00,82945.55,82951.47,82934.6,82934.6,22535
1771231500,2026-02-16T14:15:00,82933.55,82957.41,82933.55,82950.46,17540
1771231560,2026-02-16T14:16:00,82951.91,82970.87,82951.76,82963.02,45585
1771231620,2026-02-16T14:17:00,82955.17,82971.41,82948.51,82960.56,24933
1771231680,2026-02-16T14:18:00,82963.38,82963.38,82934.29,82942.71,20174
1771231740,2026-02-16T14:19:00,82943.36,82947.83,82931.18,82938.7,13187
1771231800,2026-02-16T14:20:00,82943.41,82967.73,82940.71,82964.32,19692
1771231860,2026-02-16T14:21:00,82964.32,82965.3,82938.15,82954.5,5541
1771231920,2026-02-16T14:22:00,82950.11,82971.92,82949.6,82959.8,12956
1771231980,2026-02-16T14:23:00,82961.55,82966.72,82949.29,82959.19,13981
1771232040,2026-02-16T14:24:00,82959.19,82970.6,82952.45,82968.49,19489
1771232100,2026-02-16T14:25:00,82965.32,82990.69,82962.86,82984.74,12016
1771232160,2026-02-16T14:26:00,82986.3,82991.94,82975.01,82991.12,15264
1771232220,2026-02-16T14:27:00,82993.7,83021.92,82991.38,83011.41,18207
1771232280,2026-02-16T14:28:00,83011.67,83066.47,83011.21,83056.56,20120
1771232340,2026-02-16T14:29:00,83058.81,83098.62,83056.1,83097.06,26190
1771232400,2026-02-16T14:30:00,83095.01,83116.16,83093.85,83109.45,21267
1771232460,2026-02-16T14:31:00,83109.49,83123.37,83108.23,83114.45,20382
1771232520,2026-02-16T14:32:00,83115.8,83135.54,83097.39,83117.02,18172
1771232580,2026-02-16T14:33:00,83117.02,83152.26,83114.56,83149.4,16082
1771232640,2026-02-16T14:34:00,83148.24,83182.4,83142.11,83182.4,26966
1771232700,2026-02-16T14:35:00,83186.18,83212.01,83179.98,83185.96,36908
1771232760,2026-02-16T14:36:00,83184.21,83201.96,83177.41,83201.09,16603
1771232820,2026-02-16T14:37:00,83201.97,83204.33,83180.51,83192.77,10168
1771232880,2026-02-16T14:38:00,83186.92,83187.61,83139.34,83147.88,22360
1771232940,2026-02-16T14:39:00,83147.65,83152.25,83136.0,83141.04,14362
1771233000,2026-02-16T14:40:00,83140.86,83158.97,83138.98,83145.18,13297
1771233060,2026-02-16T14:41:00,83144.4,83146.88,83133.74,83135.39,367721
1771233120,2026-02-16T14:42:00,83136.62,83157.61,83135.37,83157.61,15449
1771233180,2026-02-16T14:43:00,83157.63,83157.63,83121.4,83141.44,17923
1771233240,2026-02-16T14:44:00,83148.4,83171.5,83144.89,83171.5,13904
1771233300,2026-02-16T14:45:00,83172.68,83177.39,83148.71,83148.71,9609
1771233360,2026-02-16T14:46:00,83148.71,83174.33,83148.71,83158.05,18784
1771233420,2026-02-16T14:47:00,83158.16,83180.17,83158.16,83166.73,109236
1771233480,2026-02-16T14:48:00,83170.03,83206.35,83168.73,83205.34,193215
1771233540,2026-02-16T14:49:00,83210.65,83241.95,83210.65,83226.71,28202
1771233600,2026-02-16T14:50:00,83226.41,83239.66,83215.74,83223.29,25990
1771233660,2026-02-16T14:51:00,83225.76,83231.82,83212.34,83218.58,45377
1771233720,2026-02-16T14:52:00,83219.92,83219.92,83179.44,83187.53,31548
1771233780,2026-02-16T14:53:00,83186.54,83189.77,83155.96,83176.59,12565
1771233840,2026-02-16T14:54:00,83175.84,83197.1,83175.84,83183.86,20505
1771233900,2026-02-16T14:55:00,83188.88,83199.79,83179.3,83199.69,23952
1771233960,2026-02-16T14:56:00,83197.58,83210.21,83196.64,83206.22,18628
1771234020,2026-02-16T14:57:00,83207.34,83211.03,83190.27,83192.01,17624
1771234080,2026-02-16T14:58:00,83191.23,83228.66,83188.22,83219.11,17929
1771234140,2026-02-16T14:59:00,83221.04,83223.77,83208.83,83221.81,14193
1771234200,2026-02-16T15:00:00,83222.17,83261.62,83222.17,83253.94,55389
1771234260,2026-02-16T15:01:00,83250.78,83276.33,83247.57,83276.33,23708
1771234320,2026-02-16T15:02:00,83276.9,83298.33,83266.53,83270.09,32525
1771234380,2026-02-16T15:03:00,83268.23,83272.62,83245.87,83251.6,15336
1771234440,2026-02-16T15:04:00,83259.05,83299.98,83259.05,83292.52,39389
1771234500,2026-02-16T15:05:00,83292.98,83298.22,83270.2,83279.95,27720
1771234560,2026-02-16T15:06:00,83283.08,83302.81,83281.59,83298.56,31886
1771234620,2026-02-16T15:07:00,83298.61,83326.1,83298.61,83317.12,16509
1771234680,2026-02-16T15:08:00,83315.41,83315.41,83293.32,83308.06,14408
1771234740,2026-02-16T15:09:00,83308.14,83311.74,83294.63,83306.35,18789
1771234800,2026-02-16T15:10:00,83303.48,83333.49,83303.48,83325.66,169058
1771234860,2026-02-16T15:11:00,83326.07,83327.32,83309.96,83318.68,25301
1771234920,2026-02-16T15:12:00,83318.08,83325.58,83296.9,83309.33,49531
1771234980,2026-02-16T15:13:00,83304.67,83308.37,83293.19,83300.54,19644
1771235040,2026-02-16T15:14:00,83314.01,83321.08,83296.66,83303.9,34546
1771235100,2026-02-16T15:15:00,83308.0,83308.0,83278.29,83286.16,29686
1771235160,2026-02-16T15:16:00,83286.43,83293.61,83269.15,83285.75,24720
1771235220,2026-02-16T15:17:00,83287.82,83296.21,83278.76,83291.82,18989
1771235280,2026-02-16T15:18:00,83291.03,83299.21,83268.31,83284.53,206911
1771235340,2026-02-16T15:19:00,83283.56,83287.95,83271.78,83284.49,48565
1771235400,2026-02-16T15:20:00,83281.47,83287.25,83271.04,83274.48,73019
1771235460,2026-02-16T15:21:00,83273.71,83297.57,83273.39,83282.32,24262
1771235520,2026-02-16T15:22:00,83284.07,83294.14,83274.56,83284.58,19166
1771235580,2026-02-16T15:23:00,83279.06,83305.58,83274.73,83305.58,59894
1771235640,2026-02-16T15:24:00,83304.61,83321.32,83298.49,83307.55,645909
1771235700,2026-02-16T15:25:00,83305.21,83312.06,83285.86,83304.19,83334
1771235760,2026-02-16T15:26:00,83299.34,83317.01,83289.7,83292.18,56603
1771235820,2026-02-16T15:27:00,83293.18,83302.52,83278.34,83291.22,56126
1771235880,2026-02-16T15:28:00,83297.54,83307.1,83269.87,83269.87,34877
1771235940,2026-02-16T15:29:00,83273.51,83312.87,83251.14,83294.49,46736
1771299900,2026-02-17T09:15:00,83197.67,83265.44,83039.01,83084.81,258371
1771299960,2026-02-17T09:16:00,83083.12,83091.53,83057.5,83077.55,126159
1771300020,2026-02-17T09:17:00,83082.97,83093.82,83063.84,83091.38,211935
1771300080,2026-02-17T09:18:00,83087.7,83128.58,83084.84,83121.44,112158
1771300140,2026-02-17T09:19:00,83118.07,83137.44,83099.29,83137.44,90842
1771300200,2026-02-17T09:20:00,83125.45,83125.45,83043.95,83044.37,77339
1771300260,2026-02-17T09:21:00,83033.86,83061.1,83021.73,83038.47,90301
1771300320,2026-02-17T09:22:00,83043.93,83114.06,83037.16,83098.55,47838
1771300380,2026-02-17T09:23:00,83096.48,83111.03,83050.89,83051.58,70150
1771300440,2026-02-17T09:24:00,83055.98,83061.21,83011.56,83022.41,44412
1771300500,2026-02-17T09:25:00,83009.16,83033.3,82987.43,83033.03,75218
1771300560,2026-02-17T09:26:00,83034.11,83066.96,83034.11,83041.41,72096
1771300620,2026-02-17T09:27:00,83041.51,83055.13,83017.67,83018.13,88656
1771300680,2026-02-17T09:28:00,83016.06,83060.3,83016.06,83060.28,56402
1771300740,2026-02-17T09:29:00,83055.15,83069.45,83045.54,83050.82,54806
1771300800,2026-02-17T09:30:00,83052.27,83070.06,83030.71,83070.06,75313
1771300860,2026-02-17T09:31:00,83068.31,83068.31,83037.84,83055.37,76216
1771300920,2026-02-17T09:32:00,83051.13,83096.46,83028.65,83096.46,96275
1771300980,2026-02-17T09:33:00,83089.79,83142.94,83089.79,83140.78,96758
1771301040,2026-02-17T09:34:00,83145.23,83145.23,83105.6,83133.86,95250
1771301100,2026-02-17T09:35:00,83128.6,83128.6,83098.83,83108.08,65875
1771301160,2026-02-17T09:36:00,83103.74,83106.31,83068.47,83070.76,55387
1771301220,2026-02-17T09:37:00,83061.48,83091.77,83053.96,83087.51,48372
1771301280,2026-02-17T09:38:00,83086.31,83121.75,83078.21,83118.12,47384
1771301340,2026-02-17T09:39:00,83128.05,83156.62,83121.39,83152.58,56497
1771301400,2026-02-17T09:40:00,83149.56,83151.82,83112.39,83125.8,48785
1771301460,2026-02-17T09:41:00,83126.78,83127.4,83109.42,83124.95,39816
1771301520,2026-02-17T09:42:00,83120.11,83160.73,83106.64,83146.88,33513
1771301580,2026-02-17T09:43:00,83147.6,83187.42,83145.59,83172.95,39765
1771301640,2026-02-17T09:44:00,83176.55,83228.22,83173.89,83228.22,39934
1771301700,2026-02-17T09:45:00,83227.2,83241.84,83218.4,83239.21,40053
1771301760,2026-02-17T09:46:00,83236.76,83251.62,83230.75,83244.81,300291
1771301820,2026-02-17T09:47:00,83241.12,83249.48,83213.27,83216.1,43883
1771301880,2026-02-17T09:48:00,83222.83,83235.14,83212.42,83216.74,79743
1771301940,2026-02-17T09:49:00,83216.72,83235.69,83204.37,83228.98,22435
1771302000,2026-02-17T09:50:00,83230.25,83231.82,83199.09,83231.82,36379
1771302060,2026-02-17T09:51:00,83233.4,83249.08,83226.39,83245.81,91554
1771302120,2026-02-17T09:52:00,83249.45,83287.91,83246.35,83278.18,34674
1771302180,2026-02-17T09:53:00,83274.02,83311.23,83274.02,83303.52,22093
1771302240,2026-02-17T09:54:00,83302.78,83307.68,83289.4,83306.77,84934
1771302300,2026-02-17T09:55:00,83304.25,83308.88,83289.75,83291.53,35186
1771302360,2026-02-17T09:56:00,83293.44,83293.44,83272.35,83275.19,40300
1771302420,2026-02-17T09:57:00,83273.85,83311.59,83265.58,83308.63,45713
1771302480,2026-02-17T09:58:00,83307.55,83340.42,83301.51,83331.23,43310
1771302540,2026-02-17T09:59:00,83335.15,83335.15,83301.3,83316.75,38633
1771302600,2026-02-17T10:00:00,83317.63,83317.63,83288.96,83293.94,138670
1771302660,2026-02-17T10:01:00,83293.34,83317.92,83293.34,83304.08,73876
1771302720,2026-02-17T10:02:00,83305.79,83305.79,83262.23,83285.85,46833
1771302780,2026-02-17T10:03:00,83281.56,83298.36,83281.21,83287.29,40865
1771302840,2026-02-17T10:04:00,83284.47,83297.78,83282.3,83290.92,50058
1771302900,2026-02-17T10:05:00,83297.58,83303.73,83286.1,83303.06,42416
1771302960,2026-02-17T10:06:00,83305.61,83320.88,83296.24,83314.26,50914
1771303020,2026-02-17T10:07:00,83316.27,83323.34,83302.6,83308.29,70514
1771303080,2026-02-17T10:08:00,83307.77,83326.52,83296.51,83322.01,36470
1771303140,2026-02-17T10:09:00,83324.58,83328.82,83307.16,83316.6,34932
1771303200,2026-02-17T10:10:00,83312.22,83315.18,83299.32,83308.08,54800
1771303260,2026-02-17T10:11:00,83306.09,83316.35,83294.96,83315.95,30557
1771303320,2026-02-17T10:12:00,83315.37,83340.14,83313.95,83332.91,52775
1771303380,2026-02-17T10:13:00,83332.87,83360.39,83329.73,83354.01,40101
1771303440,2026-02-17T10:14:00,83353.96,83361.28,83340.39,83348.52,32817
1771303500,2026-02-17T10:15:00,83350.21,83351.84,83322.34,83322.47,23632
1771303560,2026-02-17T10:16:00,83324.64,83344.88,83320.1,83334.87,24167
1771303620,2026-02-17T10:17:00,83329.94,83351.33,83324.8,83342.35,22008
1771303680,2026-02-17T10:18:00,83343.67,83363.78,83333.96,83358.9,231387
1771303740,2026-02-17T10:19:00,83358.33,83404.01,83358.33,83401.48,25930
1771303800,2026-02-17T10:20:00,83400.55,83416.04,83397.77,83406.43,52566
1771303860,2026-02-17T10:21:00,83409.24,83422.2,83392.38,83397.7,41793
1771303920,2026-02-17T10:22:00,83400.47,83407.55,83392.67,83404.99,54534
1771303980,2026-02-17T10:23:00,83402.55,83402.55,83383.15,83393.0,45787
1771304040,2026-02-17T10:24:00,83394.49,83406.44,83377.37,83406.44,24397
1771304100,2026-02-17T10:25:00,83407.03,83414.11,83399.31,83401.12,24987
1771304160,2026-02-17T10:26:00,83401.12,83450.79,83400.48,83447.48,36643
1771304220,2026-02-17T10:27:00,83447.68,83479.66,83438.51,83477.86,24507
1771304280,2026-02-17T10:28:00,83476.02,83490.44,83464.46,83488.2,34699
1771304340,2026-02-17T10:29:00,83490.65,83505.74,83475.98,83493.16,33366
1771304400,2026-02-17T10:30:00,83493.16,83516.41,83487.21,83505.43,84152
1771304460,2026-02-17T10:31:00,83507.66,83523.22,83493.2,83497.01,750473
1771304520,2026-02-17T10:32:00,83496.35,83520.14,83491.77,83508.91,137874
1771304580,2026-02-17T10:33:00,83501.64,83502.78,83487.58,83489.41,65540
1771304640,2026-02-17T10:34:00,83490.61,83493.25,83441.58,83459.5,45453
1771304700,2026-02-17T10:35:00,83458.69,83463.02,83439.79,83443.56,30382
1771304760,2026-02-17T10:36:00,83448.1,83456.57,83441.04,83445.12,29132
1771304820,2026-02-17T10:37:00,83450.66,83451.0,83432.66,83437.58,26810
1771304880,2026-02-17T10:38:00,83435.78,83438.53,83394.29,83413.73,39940
1771304940,2026-02-17T10:39:00,83409.46,83421.09,83403.6,83409.26,37018
1771305000,2026-02-17T10:40:00,83404.93,83420.86,83390.65,83406.5,35372
1771305060,2026-02-17T10:41:00,83407.36,83417.93,83389.78,83390.27,89237
1771305120,2026-02-17T10:42:00,83391.55,83399.36,83377.79,83377.79,54253
1771305180,2026-02-17T10:43:00,83377.64,83382.54,83332.33,83333.16,22037
1771305240,2026-02-17T10:44:00,83329.31,83329.31,83298.0,83303.34,24197
1771305300,2026-02-17T10:45:00,83304.48,83322.48,83292.08,83322.48,21420
1771305360,2026-02-17T10:46:00,83320.34,83322.05,83286.9,83288.56,17502
1771305420,2026-02-17T10:47:00,83288.09,83295.9,83255.5,83255.5,22360
1771305480,2026-02-17T10:48:00,83261.29,83297.81,83255.02,83297.81,23642
1771305540,2026-02-17T10:49:00,83297.7,83315.58,83294.64,83296.32,19467
1771305600,2026-02-17T10:50:00,83297.87,83299.14,83272.08,83291.04,64092
1771305660,2026-02-17T10:51:00,83291.99,83295.43,83269.68,83278.74,19268
1771305720,2026-02-17T10:52:00,83278.74,83294.1,83275.19,83291.94,28949
1771305780,2026-02-17T10:53:00,83291.61,83297.66,83272.76,83276.0,85094
1771305840,2026-02-17T10:54:00,83273.73,83297.37,83269.77,83292.82,44371
1771305900,2026-02-17T10:55:00,83292.12,83305.92,83292.12,83302.62,15000
1771305960,2026-02-17T10:56:00,83304.32,83318.92,83302.0,83304.06,13433
1771306020,2026-02-17T10:57:00,83304.55,83305.3,83287.91,83297.68,24279
1771306080,2026-02-17T10:58:00,83296.63,83320.37,83296.63,83313.94,13501
1771306140,2026-02-17T10:59:00,83318.62,83339.11,83315.57,83335.7,19997
1771306200,2026-02-17T11:00:00,83333.4,83339.2,83309.06,83321.71,26500
1771306260,2026-02-17T11:01:00,83319.14,83347.92,83318.37,83339.31,23752
1771306320,2026-02-17T11:02:00,83341.83,83343.3,83315.1,83336.55,14029
1771306380,2026-02-17T11:03:00,83336.65,83339.53,83311.13,83315.71,19135
1771306440,2026-02-17T11:04:00,83312.18,83331.34,83304.93,83330.19,12381
1771306500,2026-02-17T11:05:00,83330.25,83341.57,83315.71,83319.4,27534
1771306560,2026-02-17T11:06:00,83322.23,83324.4,83293.08,83297.47,76221
1771306620,2026-02-17T11:07:00,83297.22,83312.22,83293.46,83312.22,17994
1771306680,2026-02-17T11:08:00,83313.31,83344.89,83310.84,83344.89,18160
1771306740,2026-02-17T11:09:00,83344.77,83348.34,83312.36,83330.94,13029
1771306800,2026-02-17T11:10:00,83330.94,83334.18,83307.58,83312.42,15041
1771306860,2026-02-17T11:11:00,83311.6,83331.35,83309.57,83330.09,12479
1771306920,2026-02-17T11:12:00,83330.04,83349.92,83330.04,83342.39,25620
1771306980,2026-02-17T11:13:00,83340.19,83341.15,83325.81,83326.29,20433
1771307040,2026-02-17T11:14:00,83328.1,83342.78,83325.0,83342.78,17754
1771307100,2026-02-17T11:15:00,83342.63,83345.64,83329.68,83344.98,18849
1771307160,2026-02-17T11:16:00,83345.18,83371.92,83343.29,83360.04,21189
1771307220,2026-02-17T11:17:00,83358.4,83369.8,83351.78,83369.8,13008
1771307280,2026-02-17T11:18:00,83371.42,83387.6,83371.21,83379.14,29788
1771307340,2026-02-17T11:19:00,83375.04,83376.52,83356.07,83365.04,16348
1771307400,2026-02-17T11:20:00,83365.11,83396.42,83365.11,83396.42,9836
1771307460,2026-02-17T11:21:00,83394.64,83398.78,83371.31,83375.14,14009
1771307520,2026-02-17T11:22:00,83374.84,83390.55,83374.84,83382.79,11399
1771307580,2026-02-17T11:23:00,83384.83,83398.25,83380.72,83387.57,17385
1771307640,2026-02-17T11:24:00,83386.78,83393.92,83380.67,83388.53,220476
1771307700,2026-02-17T11:25:00,83390.21,83394.3,83375.24,83377.57,17605
1771307760,2026-02-17T11:26:00,83378.73,83393.64,83375.9,83387.29,37121
1771307820,2026-02-17T11:27:00,83388.07,83401.28,83388.07,83393.34,36878
1771307880,2026-02-17T11:28:00,83392.99,83421.57,83389.64,83415.37,18435
1771307940,2026-02-17T11:29:00,83413.92,83421.73,83408.92,83421.28,15581
1771308000,2026-02-17T11:30:00,83423.83,83427.23,83398.76,83411.83,21257
1771308060,2026-02-17T11:31:00,83412.13,83420.06,83403.4,83410.25,29571
1771308120,2026-02-17T11:32:00,83407.77,83424.21,83390.75,83424.21,93180
1771308180,2026-02-17T11:33:00,83421.9,83502.88,83421.9,83498.8,68771
1771308240,2026-02-17T11:34:00,83499.4,83511.55,83492.12,83500.67,16842
1771308300,2026-02-17T11:35:00,83499.09,83512.46,83493.48,83502.86,17894
1771308360,2026-02-17T11:36:00,83503.18,83529.37,83492.37,83529.37,29455
1771308420,2026-02-17T11:37:00,83528.54,83560.15,83527.92,83555.4,27840
1771308480,2026-02-17T11:38:00,83555.66,83587.66,83550.39,83569.38,37929
1771308540,2026-02-17T11:39:00,83568.59,83570.02,83549.27,83552.46,23405
1771308600,2026-02-17T11:40:00,83550.79,83558.6,83522.06,83526.62,20976
1771308660,2026-02-17T11:41:00,83526.33,83535.37,83510.6,83511.49,15216
1771308720,2026-02-17T11:42:00,83507.88,83511.04,83471.71,83471.71,56443
1771308780,2026-02-17T11:43:00,83470.51,83486.64,83468.97,83486.64,12577
1771308840,2026-02-17T11:44:00,83487.89,83514.9,83483.89,83506.03,22612
1771308900,2026-02-17T11:45:00,83514.83,83544.32,83513.57,83541.36,27027
1771308960,2026-02-17T11:46:00,83540.36,83559.26,83537.35,83558.73,19502
1771309020,2026-02-17T11:47:00,83559.91,83562.15,83530.04,83549.98,9089
1771309080,2026-02-17T11:48:00,83549.85,83568.12,83547.41,83554.79,25108
1771309140,2026-02-17T11:49:00,83551.58,83572.78,83547.37,83560.56,20145
1771309200,2026-02-17T11:50:00,83563.88,83565.76,83548.84,83557.62,33168
1771309260,2026-02-17T11:51:00,83561.04,83564.38,83545.36,83546.68,22232
1771309320,2026-02-17T11:52:00,83554.23,83575.69,83552.63,83572.48,21436
1771309380,2026-02-17T11:53:00,83570.8,83572.6,83561.79,83564.41,15796
1771309440,2026-02-17T11:54:00,83561.89,83569.91,83555.13,83559.77,14338
1771309500,2026-02-17T11:55:00,83561.5,83564.23,83551.08,83561.11,14252
1771309560,2026-02-17T11:56:00,83561.75,83562.1,83551.72,83559.1,19854
1771309620,2026-02-17T11:57:00,83559.37,83567.96,83539.77,83539.77,30490
1771309680,2026-02-17T11:58:00,83536.95,83536.95,83511.11,83527.8,24707
1771309740,2026-02-17T11:59:00,83529.31,83550.92,83519.58,83527.31,18622
1771309800,2026-02-17T12:00:00,83527.31,83548.82,83527.31,83531.56,37726
1771309860,2026-02-17T12:01:00,83531.56,83548.42,83527.08,83547.01,20966
1771309920,2026-02-17T12:02:00,83546.78,83557.71,83532.11,83533.11,29297
1771309980,2026-02-17T12:03:00,83533.11,83553.56,83529.1,83529.1,10861
1771310040,2026-02-17T12:04:00,83528.66,83536.18,83513.64,83521.08,39198
1771310100,2026-02-17T12:05:00,83518.43,83534.12,83510.21,83531.6,9840
1771310160,2026-02-17T12:06:00,83529.04,83533.1,83512.61,83525.11,9171
1771310220,2026-02-17T12:07:00,83525.11,83532.2,83513.52,83527.52,9214
1771310280,2026-02-17T12:08:00,83527.18,83539.82,83520.58,83524.74,16811
1771310340,2026-02-17T12:09:00,83524.74,83524.93,83511.53,83513.99,26634
1771310400,2026-02-17T12:10:00,83513.99,83536.84,83511.54,83518.09,12245
1771310460,2026-02-17T12:11:00,83518.3,83518.97,83493.57,83495.69,15864
1771310520,2026-02-17T12:12:00,83497.49,83510.0,83494.98,83502.27,20478
1771310580,2026-02-17T12:13:00,83504.55,83512.59,83501.63,83510.57,9164
1771310640,2026-02-17T12:14:00,83508.43,83513.99,83489.14,83493.74,18319
1771310700,2026-02-17T12:15:00,83493.74,83522.82,83493.74,83522.82,23974
1771310760,2026-02-17T12:16:00,83522.15,83530.62,83517.96,83524.37,18721
1771310820,2026-02-17T12:17:00,83524.98,83541.38,83524.18,83533.85,20784
1771310880,2026-02-17T12:18:00,83537.41,83551.3,83537.41,83551.11,16257
1771310940,2026-02-17T12:19:00,83549.96,83564.06,83541.42,83553.65,26684
1771311000,2026-02-17T12:20:00,83551.41,83580.77,83551.41,83568.73,17477
1771311060,2026-02-17T12:21:00,83569.49,83571.54,83549.85,83550.91,17422
1771311120,2026-02-17T12:22:00,83553.66,83558.54,83544.46,83544.46,12103
1771311180,2026-02-17T12:23:00,83547.3,83578.72,83545.85,83574.15,12030
1771311240,2026-02-17T12:24:00,83573.42,83583.38,83567.35,83574.24,19307
1771311300,2026-02-17T12:25:00,83573.43,83586.43,83573.02,83576.84,9504
1771311360,2026-02-17T12:26:00,83575.81,83588.89,83566.26,83569.02,18513
1771311420,2026-02-17T12:27:00,83571.29,83571.29,83551.21,83554.13,8102
1771311480,2026-02-17T12:28:00,83553.32,83553.32,83522.27,83528.84,10709
1771311540,2026-02-17T12:29:00,83529.32,83536.37,83520.85,83525.56,27248
1771311600,2026-02-17T12:30:00,83526.78,83534.62,83502.04,83502.72,32476
1771311660,2026-02-17T12:31:00,83503.29,83528.41,83502.11,83527.7,24688
1771311720,2026-02-17T12:32:00,83527.02,83534.49,83521.52,83528.06,10962
1771311780,2026-02-17T12:33:00,83529.28,83534.71,83516.24,83518.72,23870
1771311840,2026-02-17T12:34:00,83518.53,83527.97,83506.71,83516.41,14823
1771311900,2026-02-17T12:35:00,83519.0,83524.77,83513.3,83524.77,10407
1771311960,2026-02-17T12:36:00,83521.82,83536.57,83519.35,83524.63,11403
1771312020,2026-02-17T12:37:00,83523.82,83523.82,83497.75,83502.8,14614
1771312080,2026-02-17T12:38:00,83503.28,83509.24,83486.23,83491.0,15791
1771312140,2026-02-17T12:39:00,83490.54,83515.18,83489.29,83513.13,139342
1771312200,2026-02-17T12:40:00,83510.12,83525.09,83509.29,83517.92,6351
1771312260,2026-02-17T12:41:00,83517.57,83520.55,83504.78,83511.67,11672
1771312320,2026-02-17T12:42:00,83509.13,83514.47,83502.56,83514.47,10723
1771312380,2026-02-17T12:43:00,83512.71,83518.53,83507.74,83512.47,22616
1771312440,2026-02-17T12:44:00,83512.37,83517.42,83505.94,83517.42,7116
1771312500,2026-02-17T12:45:00,83517.76,83531.47,83513.62,83523.64,7646
1771312560,2026-02-17T12:46:00,83524.41,83536.15,83518.38,83523.0,6455
1771312620,2026-02-17T12:47:00,83520.74,83532.41,83518.18,83521.82,10186
1771312680,2026-02-17T12:48:00,83521.28,83529.05,83514.04,83521.44,7865
1771312740,2026-02-17T12:49:00,83521.13,83530.9,83518.61,83526.13,5415
1771312800,2026-02-17T12:50:00,83526.13,83531.02,83514.75,83518.37,12643
1771312860,2026-02-17T12:51:00,83518.68,83526.19,83513.09,83526.16,16314
1771312920,2026-02-17T12:52:00,83527.47,83539.75,83517.97,83538.26,11714
1771312980,2026-02-17T12:53:00,83538.02,83585.1,83536.22,83585.1,42476
1771313040,2026-02-17T12:54:00,83585.0,83585.0,83560.69,83564.05,12276
1771313100,2026-02-17T12:55:00,83564.05,83567.34,83555.25,83556.68,17243
1771313160,2026-02-17T12:56:00,83558.45,83561.27,83542.45,83544.99,10248
1771313220,2026-02-17T12:57:00,83534.55,83535.03,83509.36,83509.36,120657
1771313280,2026-02-17T12:58:00,83512.61,83514.53,83499.26,83512.7,22079
1771313340,2026-02-17T12:59:00,83512.7,83522.69,83510.51,83511.4,13684
1771313400,2026-02-17T13:00:00,83510.34,83520.64,83506.02,83506.02,9538
1771313460,2026-02-17T13:01:00,83505.4,83511.09,83487.34,83505.81,66859
1771313520,2026-02-17T13:02:00,83504.6,83509.83,83495.95,83504.46,60176
1771313580,2026-02-17T13:03:00,83504.63,83505.62,83490.31,83496.0,10963
1771313640,2026-02-17T13:04:00,83497.92,83502.71,83455.49,83455.49,15723
1771313700,2026-02-17T13:05:00,83451.8,83461.72,83440.88,83454.22,23035
1771313760,2026-02-17T13:06:00,83455.1,83487.97,83454.99,83487.97,12469
1771313820,2026-02-17T13:07:00,83498.03,83534.32,83498.03,83528.24,49731
1771313880,2026-02-17T13:08:00,83529.25,83563.91,83527.06,83556.24,53128
1771313940,2026-02-17T13:09:00,83553.32,83587.47,83551.24,83578.96,59378
1771314000,2026-02-17T13:10:00,83580.21,83581.72,83564.94,83566.45,87784
1771314060,2026-02-17T13:11:00,83567.58,83567.6,83544.79,83544.79,16467
1771314120,2026-02-17T13:12:00,83543.21,83562.69,83542.74,83552.1,17510
1771314180,2026-02-17T13:13:00,83551.63,83551.63,83505.07,83505.07,17951
1771314240,2026-02-17T13:14:00,83503.87,83507.91,83482.81,83498.03,13099
1771314300,2026-02-17T13:15:00,83499.38,83504.29,83474.31,83478.31,28518
1771314360,2026-02-17T13:16:00,83478.15,83485.85,83464.92,83474.88,19900
1771314420,2026-02-17T13:17:00,83474.88,83494.99,83469.66,83479.73,39132
1771314480,2026-02-17T13:18:00,83479.84,83498.09,83479.84,83498.09,14877
1771314540,2026-02-17T13:19:00,83495.4,83519.44,83494.49,83507.88,20791
1771314600,2026-02-17T13:20:00,83508.18,83515.87,83495.81,83515.01,12471
1771314660,2026-02-17T13:21:00,83511.96,83536.44,83506.67,83528.56,28935
1771314720,2026-02-17T13:22:00,83529.67,83546.44,83529.58,83546.44,24815
1771314780,2026-02-17T13:23:00,83544.8,83553.91,83528.5,83530.38,16769
1771314840,2026-02-17T13:24:00,83528.87,83531.48,83512.01,83531.48,11224
1771314900,2026-02-17T13:25:00,83529.7,83530.66,83509.14,83517.31,9920
1771314960,2026-02-17T13:26:00,83517.31,83525.61,83504.46,83517.93,23470
1771315020,2026-02-17T13:27:00,83516.82,83524.11,83512.69,83524.11,12832
1771315080,2026-02-17T13:28:00,83524.11,83529.04,83513.51,83521.3,22660
1771315140,2026-02-17T13:29:00,83520.39,83526.14,83509.37,83515.63,10244
1771315200,2026-02-17T13:30:00,83514.73,83534.6,83510.14,83534.6,14056
1771315260,2026-02-17T13:31:00,83536.06,83555.66,83533.11,83555.66,10299
1771315320,2026-02-17T13:32:00,83555.74,83563.93,83547.46,83563.93,17128
1771315380,2026-02-17T13:33:00,83565.39,83581.51,83562.68,83580.09,9351
1771315440,2026-02-17T13:34:00,83579.21,83582.81,83548.52,83550.04,23313
1771315500,2026-02-17T13:35:00,83553.05,83569.93,83553.05,83569.36,17939
1771315560,2026-02-17T13:36:00,83569.36,83593.65,83564.59,83590.83,24272
1771315620,2026-02-17T13:37:00,83592.97,83598.0,83571.4,83582.14,20541
1771315680,2026-02-17T13:38:00,83582.97,83582.97,83527.52,83527.57,12396
1771315740,2026-02-17T13:39:00,83526.36,83546.04,83516.93,83535.73,14621
1771315800,2026-02-17T13:40:00,83534.97,83546.78,83522.79,83546.78,26601
1771315860,2026-02-17T13:41:00,83546.87,83560.83,83534.5,83555.99,9991
1771315920,2026-02-17T13:42:00,83553.17,83561.64,83544.21,83557.15,24043
1771315980,2026-02-17T13:43:00,83557.15,83563.28,83548.34,83552.18,7112
1771316040,2026-02-17T13:44:00,83552.18,83563.09,83543.03,83543.03,17740
1771316100,2026-02-17T13:45:00,83543.23,83555.58,83540.66,83550.88,8990
1771316160,2026-02-17T13:46:00,83550.0,83554.01,83522.33,83528.35,56086
1771316220,2026-02-17T13:47:00,83532.19,83545.94,83508.02,83508.02,11951
1771316280,2026-02-17T13:48:00,83500.93,83516.83,83489.49,83506.05,27472
1771316340,2026-02-17T13:49:00,83504.99,83512.42,83494.41,83496.1,13975
1771316400,2026-02-17T13:50:00,83492.85,83505.75,83486.02,83492.68,7731
1771316460,2026-02-17T13:51:00,83493.86,83493.94,83481.04,83481.21,10182
1771316520,2026-02-17T13:52:00,83483.5,83517.87,83482.04,83504.19,15992
1771316580,2026-02-17T13:53:00,83507.97,83520.16,83500.64,83515.09,7993
1771316640,2026-02-17T13:54:00,83513.68,83516.6,83488.88,83488.88,9276
1771316700,2026-02-17T13:55:00,83488.89,83494.79,83470.62,83470.62,7678
1771316760,2026-02-17T13:56:00,83469.56,83470.04,83439.88,83441.56,17379
1771316820,2026-02-17T13:57:00,83441.45,83444.89,83396.9,83396.9,10732
1771316880,2026-02-17T13:58:00,83396.07,83401.82,83381.27,83387.24,10587
1771316940,2026-02-17T13:59:00,83390.07,83396.58,83383.49,83387.26,28859
1771317000,2026-02-17T14:00:00,83387.66,83402.1,83385.71,83390.77,26039
1771317060,2026-02-17T14:01:00,83391.88,83448.9,83391.88,83448.9,37903
1771317120,2026-02-17T14:02:00,83451.19,83451.19,83427.26,83446.91,12851
1771317180,2026-02-17T14:03:00,83449.62,83485.16,83448.76,83470.38,6069
1771317240,2026-02-17T14:04:00,83468.71,83482.77,83460.29,83461.52,12556
1771317300,2026-02-17T14:05:00,83463.01,83491.36,83460.98,83481.47,19419
1771317360,2026-02-17T14:06:00,83482.88,83484.85,83460.88,83472.51,16691
1771317420,2026-02-17T14:07:00,83472.51,83480.1,83466.32,83479.41,10130
1771317480,2026-02-17T14:08:00,83477.9,83481.48,83468.81,83469.1,16827
1771317540,2026-02-17T14:09:00,83469.1,83480.57,83445.44,83445.66,13172
1771317600,2026-02-17T14:10:00,83442.86,83447.13,83401.66,83403.29,21322
1771317660,2026-02-17T14:11:00,83401.34,83412.49,83393.39,83409.61,17526
1771317720,2026-02-17T14:12:00,83410.73,83410.73,83363.73,83377.45,12600
1771317780,2026-02-17T14:13:00,83375.23,83375.23,83298.29,83302.07,35200
1771317840,2026-02-17T14:14:00,83300.94,83311.8,83293.61,83303.32,18112
1771317900,2026-02-17T14:15:00,83304.09,83305.94,83284.26,83302.44,19582
1771317960,2026-02-17T14:16:00,83302.44,83378.01,83301.04,83378.01,36580
1771318020,2026-02-17T14:17:00,83378.01,83387.83,83357.59,83361.74,9966
1771318080,2026-02-17T14:18:00,83353.58,83375.28,83351.66,83372.43,7130
1771318140,2026-02-17T14:19:00,83372.43,83397.75,83372.43,83379.33,7191
1771318200,2026-02-17T14:20:00,83382.14,83384.23,83376.54,83380.43,4455
1771318260,2026-02-17T14:21:00,83381.61,83399.84,83377.98,83397.28,9410
1771318320,2026-02-17T14:22:00,83399.74,83404.11,83376.76,83389.41,12930
1771318380,2026-02-17T14:23:00,83389.41,83393.05,83369.38,83383.24,9744
1771318440,2026-02-17T14:24:00,83384.44,83391.46,83378.47,83378.47,8684
1771318500,2026-02-17T14:25:00,83381.6,83383.4,83371.22,83377.2,5665
1771318560,2026-02-17T14:26:00,83377.29,83383.91,83367.59,83383.59,14056
1771318620,2026-02-17T14:27:00,83383.59,83402.32,83368.39,83368.39,12697
1771318680,2026-02-17T14:28:00,83368.19,83379.2,83346.87,83346.87,17956
1771318740,2026-02-17T14:29:00,83348.28,83352.71,83331.92,83340.38,21729
1771318800,2026-02-17T14:30:00,83340.2,83348.8,83332.03,83336.42,9119
1771318860,2026-02-17T14:31:00,83335.32,83339.43,83321.75,83321.75,76849
1771318920,2026-02-17T14:32:00,83320.7,83356.04,83320.7,83354.61,10686
1771318980,2026-02-17T14:33:00,83352.8,83365.25,83338.35,83365.25,12517
1771319040,2026-02-17T14:34:00,83363.69,83372.81,83361.3,83370.91,10220
1771319100,2026-02-17T14:35:00,83369.68,83381.89,83366.17,83379.25,11166
1771319160,2026-02-17T14:36:00,83380.01,83385.89,83374.13,83383.39,29754
1771319220,2026-02-17T14:37:00,83383.39,83399.94,83383.39,83390.66,38847
1771319280,2026-02-17T14:38:00,83392.54,83424.7,83392.54,83419.56,42877
1771319340,2026-02-17T14:39:00,83421.27,83457.62,83421.27,83453.84,24841
1771319400,2026-02-17T14:40:00,83455.71,83487.8,83452.17,83471.03,24453
1771319460,2026-02-17T14:41:00,83473.74,83474.22,83437.58,83448.48,12923
1771319520,2026-02-17T14:42:00,83446.97,83478.25,83446.97,83468.71,12121
1771319580,2026-02-17T14:43:00,83469.88,83487.39,83468.79,83476.36,16327
1771319640,2026-02-17T14:44:00,83474.27,83474.27,83452.75,83452.75,12964
1771319700,2026-02-17T14:45:00,83453.16,83457.23,83430.73,83435.38,8909
1771319760,2026-02-17T14:46:00,83436.05,83441.52,83420.31,83421.1,321655
1771319820,2026-02-17T14:47:00,83423.56,83432.63,83423.56,83430.55,9374
1771319880,2026-02-17T14:48:00,83424.16,83433.02,83405.51,83416.14,16626
1771319940,2026-02-17T14:49:00,83416.14,83423.78,83402.65,83410.9,11395
1771320000,2026-02-17T14:50:00,83410.9,83417.64,83395.99,83405.42,10234
1771320060,2026-02-17T14:51:00,83407.46,83418.17,83399.58,83413.26,13360
1771320120,2026-02-17T14:52:00,83415.37,83424.15,83408.01,83418.05,12005
1771320180,2026-02-17T14:53:00,83416.28,83417.25,83394.13,83415.09,21706
1771320240,2026-02-17T14:54:00,83415.25,83423.76,83411.91,83421.28,118432
1771320300,2026-02-17T14:55:00,83421.78,83436.77,83417.78,83420.84,32804
1771320360,2026-02-17T14:56:00,83420.07,83420.16,83364.58,83369.14,21365
1771320420,2026-02-17T14:57:00,83368.09,83376.23,83363.81,83372.81,9603
1771320480,2026-02-17T14:58:00,83373.51,83399.98,83373.51,83399.34,12384
1771320540,2026-02-17T14:59:00,83400.74,83417.39,83395.72,83401.75,8028
1771320600,2026-02-17T15:00:00,83428.89,83467.37,83415.42,83465.55,28041
1771320660,2026-02-17T15:01:00,83465.82,83515.16,83456.95,83504.3,17910
1771320720,2026-02-17T15:02:00,83507.29,83519.39,83441.49,83446.44,18098
1771320780,2026-02-17T15:03:00,83446.9,83448.82,83421.94,83430.17,12380
1771320840,2026-02-17T15:04:00,83428.2,83428.2,83402.28,83409.07,82222
1771320900,2026-02-17T15:05:00,83407.96,83415.44,83374.1,83413.76,24219
1771320960,2026-02-17T15:06:00,83413.76,83467.21,83413.2,83461.91,17544
1771321020,2026-02-17T15:07:00,83460.04,83491.01,83459.54,83490.33,13921
1771321080,2026-02-17T15:08:00,83487.79,83492.45,83469.02,83472.86,28926
1771321140,2026-02-17T15:09:00,83473.32,83504.65,83463.73,83503.11,25910
1771321200,2026-02-17T15:10:00,83506.07,83506.07,83435.82,83435.82,23095
1771321260,2026-02-17T15:11:00,83434.97,83438.6,83416.03,83424.97,25656
1771321320,2026-02-17T15:12:00,83425.42,83451.21,83423.72,83448.91,17808
1771321380,2026-02-17T15:13:00,83447.27,83460.28,83438.6,83441.52,17712
1771321440,2026-02-17T15:14:00,83457.76,83461.32,83437.63,83446.54,47322
1771321500,2026-02-17T15:15:00,83446.45,83453.25,83433.45,83448.59,25368
1771321560,2026-02-17T15:16:00,83449.93,83463.84,83438.59,83461.06,28107
1771321620,2026-02-17T15:17:00,83461.63,83468.7,83454.48,83464.53,23247
1771321680,2026-02-17T15:18:00,83464.36,83467.09,83449.11,83452.32,14785
1771321740,2026-02-17T15:19:00,83450.03,83451.72,83426.57,83429.46,29402
1771321800,2026-02-17T15:20:00,83428.76,83471.54,83422.58,83471.54,30771
1771321860,2026-02-17T15:21:00,83470.54,83481.77,83454.5,83477.47,123168
1771321920,2026-02-17T15:22:00,83478.97,83479.71,83451.81,83461.6,18071
1771321980,2026-02-17T15:23:00,83457.86,83471.69,83457.86,83463.81,37960
1771322040,2026-02-17T15:24:00,83463.93,83467.57,83448.62,83456.41,25529
1771322100,2026-02-17T15:25:00,83462.65,83464.87,83450.96,83452.16,33236
1771322160,2026-02-17T15:26:00,83455.97,83468.24,83443.99,83448.16,18124
1771322220,2026-02-17T15:27:00,83450.58,83467.71,83444.53,83452.49,30819
1771322280,2026-02-17T15:28:00,83458.94,83469.48,83451.33,83468.21,31878
1771322340,2026-02-17T15:29:00,83456.03,83472.06,83422.2,83434.1,41315
1771386300,2026-02-18T09:15:00,83553.59,83603.56,83400.11,83422.56,243092
1771386360,2026-02-18T09:16:00,83410.07,83455.65,83398.83,83442.91,113159
1771386420,2026-02-18T09:17:00,83440.13,83481.26,83440.13,83458.66,127968
1771386480,2026-02-18T09:18:00,83465.27,83475.16,83444.01,83463.22,433324
1771386540,2026-02-18T09:19:00,83463.52,83523.21,83461.72,83505.38,184547
1771386600,2026-02-18T09:20:00,83508.15,83509.63,83452.57,83452.57,97898
1771386660,2026-02-18T09:21:00,83452.4,83464.08,83420.76,83445.23,82171
1771386720,2026-02-18T09:22:00,83447.58,83449.83,83421.22,83428.63,49811
1771386780,2026-02-18T09:23:00,83429.04,83441.41,83388.71,83390.69,76480
1771386840,2026-02-18T09:24:00,83396.33,83418.63,83364.52,83364.52,72879
1771386900,2026-02-18T09:25:00,83365.74,83418.74,83353.54,83415.37,46193
1771386960,2026-02-18T09:26:00,83415.67,83431.3,83415.67,83424.84,72355
1771387020,2026-02-18T09:27:00,83427.87,83462.95,83420.73,83456.51,48879
1771387080,2026-02-18T09:28:00,83455.75,83465.89,83418.68,83426.83,40781
1771387140,2026-02-18T09:29:00,83425.18,83437.19,83404.18,83427.64,59195
1771387200,2026-02-18T09:30:00,83427.99,83435.65,83400.17,83421.14,48254
1771387260,2026-02-18T09:31:00,83425.93,83426.28,83381.45,83381.45,113835
1771387320,2026-02-18T09:32:00,83381.15,83426.26,83378.64,83426.26,626664
1771387380,2026-02-18T09:33:00,83428.48,83457.58,83428.48,83441.42,37765
1771387440,2026-02-18T09:34:00,83443.54,83460.28,83428.01,83458.67,60756
1771387500,2026-02-18T09:35:00,83457.15,83471.86,83418.82,83449.71,58707
1771387560,2026-02-18T09:36:00,83451.04,83467.25,83437.33,83467.09,45944
1771387620,2026-02-18T09:37:00,83467.69,83479.88,83466.1,83470.08,66521
1771387680,2026-02-18T09:38:00,83470.18,83478.87,83461.26,83468.66,50297
1771387740,2026-02-18T09:39:00,83469.09,83477.27,83445.66,83448.94,120008
1771387800,2026-02-18T09:40:00,83446.04,83481.79,83439.62,83461.87,62049
1771387860,2026-02-18T09:41:00,83464.48,83497.94,83453.93,83463.28,55600
1771387920,2026-02-18T09:42:00,83463.32,83485.54,83439.99,83443.65,139693
1771387980,2026-02-18T09:43:00,83440.72,83476.83,83437.9,83454.19,55419
1771388040,2026-02-18T09:44:00,83454.69,83497.14,83448.1,83463.8,119193
1771388100,2026-02-18T09:45:00,83463.31,83466.84,83439.94,83446.0,63822
1771388160,2026-02-18T09:46:00,83450.06,83466.96,83431.08,83437.43,46895
1771388220,2026-02-18T09:47:00,83434.32,83434.32,83389.08,83425.32,63231
1771388280,2026-02-18T09:48:00,83429.16,83431.05,83401.89,83403.31,51929
1771388340,2026-02-18T09:49:00,83401.11,83439.47,83394.64,83399.21,15583
1771388400,2026-02-18T09:50:00,83401.65,83433.96,83386.0,83399.3,30760
1771388460,2026-02-18T09:51:00,83399.7,83444.67,83394.1,83394.1,37274
1771388520,2026-02-18T09:52:00,83394.52,83431.61,83387.46,83393.26,28207
1771388580,2026-02-18T09:53:00,83383.14,83412.83,83364.61,83380.16,43564
1771388640,2026-02-18T09:54:00,83376.99,83384.19,83342.02,83373.7,53091
1771388700,2026-02-18T09:55:00,83372.55,83372.55,83272.66,83274.56,54768
1771388760,2026-02-18T09:56:00,83275.36,83297.91,83262.84,83297.51,56482
1771388820,2026-02-18T09:57:00,83297.41,83297.41,83221.02,83229.65,55222
1771388880,2026-02-18T09:58:00,83230.02,83277.67,83228.99,83233.68,65771
1771388940,2026-02-18T09:59:00,83231.1,83249.29,83196.22,83246.52,42954
1771389000,2026-02-18T10:00:00,83244.12,83246.47,83189.03,83200.57,51465
1771389060,2026-02-18T10:01:00,83201.26,83250.12,83182.56,83209.83,44986
1771389120,2026-02-18T10:02:00,83204.13,83214.86,83196.36,83206.2,36749
1771389180,2026-02-18T10:03:00,83208.01,83223.61,83200.07,83217.98,35865
1771389240,2026-02-18T10:04:00,83217.53,83245.83,83209.79,83245.83,1304833
1771389300,2026-02-18T10:05:00,83248.14,83266.3,83240.92,83256.27,74177
1771389360,2026-02-18T10:06:00,83255.01,83272.1,83255.01,83263.88,82235
1771389420,2026-02-18T10:07:00,83265.32,83266.77,83223.96,83223.96,1560881
1771389480,2026-02-18T10:08:00,83221.71,83224.43,83200.8,83215.47,61269
1771389540,2026-02-18T10:09:00,83214.56,83238.22,83214.56,83232.23,32542
1771389600,2026-02-18T10:10:00,83232.25,83238.84,83207.76,83223.48,38187
1771389660,2026-02-18T10:11:00,83226.64,83256.73,83224.55,83256.73,27825
1771389720,2026-02-18T10:12:00,83255.34,83269.82,83251.26,83266.92,31649
1771389780,2026-02-18T10:13:00,83269.08,83270.78,83249.17,83255.51,33040
1771389840,2026-02-18T10:14:00,83257.14,83260.34,83235.96,83235.96,48037
1771389900,2026-02-18T10:15:00,83236.32,83247.15,83232.4,83235.27,26777
1771389960,2026-02-18T10:16:00,83234.78,83237.85,83196.47,83204.39,25318
1771390020,2026-02-18T10:17:00,83203.03,83207.54,83169.27,83175.05,30867
1771390080,2026-02-18T10:18:00,83174.85,83256.69,83174.71,83255.75,82126
1771390140,2026-02-18T10:19:00,83257.7,83275.03,83257.7,83271.06,32998
1771390200,2026-02-18T10:20:00,83271.01,83271.01,83237.98,83241.62,320254
1771390260,2026-02-18T10:21:00,83242.31,83244.03,83214.21,83214.21,61506
1771390320,2026-02-18T10:22:00,83214.16,83251.54,83201.38,83226.46,47004
1771390380,2026-02-18T10:23:00,83226.06,83252.43,83224.56,83245.71,74164
1771390440,2026-02-18T10:24:00,83245.8,83263.46,83242.39,83253.94,37513
1771390500,2026-02-18T10:25:00,83254.9,83254.9,83236.9,83238.9,67077
1771390560,2026-02-18T10:26:00,83237.65,83237.65,83186.07,83216.11,178363
1771390620,2026-02-18T10:27:00,83219.09,83225.41,83181.5,83191.38,204185
1771390680,2026-02-18T10:28:00,83191.38,83208.5,83163.62,83208.5,47270
1771390740,2026-02-18T10:29:00,83211.48,83228.67,83184.21,83228.67,31604
1771390800,2026-02-18T10:30:00,83235.72,83236.24,83203.05,83207.93,25701
1771390860,2026-02-18T10:31:00,83206.61,83254.98,83198.91,83223.74,58052
1771390920,2026-02-18T10:32:00,83220.56,83238.37,83214.06,83236.14,35152
1771390980,2026-02-18T10:33:00,83237.04,83255.87,83236.04,83255.27,19299
1771391040,2026-02-18T10:34:00,83255.31,83262.9,83251.07,83251.63,23820
1771391100,2026-02-18T10:35:00,83254.79,83273.81,83252.64,83268.87,41271
1771391160,2026-02-18T10:36:00,83267.62,83288.66,83259.58,83286.35,44708
1771391220,2026-02-18T10:37:00,83283.33,83305.65,83252.77,83284.21,40418
1771391280,2026-02-18T10:38:00,83283.99,83288.13,83215.07,83215.07,61071
1771391340,2026-02-18T10:39:00,83215.92,83265.78,83206.53,83206.53,26298
1771391400,2026-02-18T10:40:00,83240.94,83242.31,83185.83,83193.68,17873
1771391460,2026-02-18T10:41:00,83193.96,83221.07,83176.15,83221.07,27970
1771391520,2026-02-18T10:42:00,83221.69,83238.76,83201.79,83230.77,24894
1771391580,2026-02-18T10:43:00,83229.24,83234.07,83218.98,83225.72,25798
1771391640,2026-02-18T10:44:00,83223.99,83226.88,83209.02,83213.7,30157
1771391700,2026-02-18T10:45:00,83212.27,83226.15,83205.78,83226.15,82643
1771391760,2026-02-18T10:46:00,83222.95,83243.52,83220.29,83243.52,16407
1771391820,2026-02-18T10:47:00,83250.21,83261.41,83247.7,83259.56,17141
1771391880,2026-02-18T10:48:00,83265.19,83284.05,83265.19,83282.39,37949
1771391940,2026-02-18T10:49:00,83282.39,83292.78,83280.25,83285.33,18889
1771392000,2026-02-18T10:50:00,83285.51,83304.97,83280.51,83304.42,38839
1771392060,2026-02-18T10:51:00,83302.95,83302.95,83279.09,83286.74,38625
1771392120,2026-02-18T10:52:00,83285.58,83290.83,83275.59,83290.07,49765
1771392180,2026-02-18T10:53:00,83288.84,83316.72,83287.56,83315.81,43715
1771392240,2026-02-18T10:54:00,83315.57,83330.32,83311.82,83319.5,25522
1771392300,2026-02-18T10:55:00,83319.62,83323.84,83308.32,83308.5,24605
1771392360,2026-02-18T10:56:00,83307.42,83331.74,83307.42,83331.74,46063
1771392420,2026-02-18T10:57:00,83332.55,83353.43,83323.69,83343.48,64063
1771392480,2026-02-18T10:58:00,83346.99,83375.16,83338.72,83375.16,45194
1771392540,2026-02-18T10:59:00,83375.2,83387.02,83345.84,83348.25,32286
1771392600,2026-02-18T11:00:00,83350.78,83391.82,83347.64,83390.44,91773
1771392660,2026-02-18T11:01:00,83390.69,83395.8,83351.58,83363.26,25999
1771392720,2026-02-18T11:02:00,83361.57,83377.17,83361.36,83368.17,30612
1771392780,2026-02-18T11:03:00,83372.38,83372.38,83350.41,83355.7,23244
1771392840,2026-02-18T11:04:00,83356.55,83384.56,83339.37,83373.65,40401
1771392900,2026-02-18T11:05:00,83371.62,83379.52,83330.02,83336.27,51948
1771392960,2026-02-18T11:06:00,83334.1,83359.0,83322.29,83329.68,168634
1771393020,2026-02-18T11:07:00,83326.73,83363.62,83321.77,83331.4,45722
1771393080,2026-02-18T11:08:00,83329.0,83358.88,83328.0,83352.79,29792
1771393140,2026-02-18T11:09:00,83353.14,83361.83,83350.18,83361.83,26607
1771393200,2026-02-18T11:10:00,83358.43,83364.11,83352.22,83359.08,16251
1771393260,2026-02-18T11:11:00,83358.59,83363.01,83351.14,83358.22,13463
1771393320,2026-02-18T11:12:00,83361.06,83362.61,83301.77,83333.45,48453
1771393380,2026-02-18T11:13:00,83330.4,83347.56,83309.1,83310.04,43592
1771393440,2026-02-18T11:14:00,83308.12,83362.12,83308.12,83330.62,33204
1771393500,2026-02-18T11:15:00,83332.97,83358.43,83308.8,83342.07,21782
1771393560,2026-02-18T11:16:00,83345.6,83346.45,83319.04,83319.3,34589
1771393620,2026-02-18T11:17:00,83319.56,83323.94,83306.34,83311.6,21689
1771393680,2026-02-18T11:18:00,83311.74,83331.73,83300.44,83300.44,21836
1771393740,2026-02-18T11:19:00,83290.05,83324.04,83280.58,83290.87,23823
1771393800,2026-02-18T11:20:00,83291.89,83324.68,83291.89,83324.68,36075
1771393860,2026-02-18T11:21:00,83324.68,83344.36,83302.96,83306.27,27380
1771393920,2026-02-18T11:22:00,83336.72,83342.89,83309.0,83330.84,872216
1771393980,2026-02-18T11:23:00,83331.02,83345.97,83326.25,83326.25,45709
1771394040,2026-02-18T11:24:00,83326.24,83332.3,83297.01,83329.38,71229
1771394100,2026-02-18T11:25:00,83329.48,83330.03,83294.7,83294.7,106321
1771394160,2026-02-18T11:26:00,83293.87,83327.52,83277.87,83323.76,61075
1771394220,2026-02-18T11:27:00,83324.51,83331.95,83289.73,83304.53,151221
1771394280,2026-02-18T11:28:00,83304.38,83340.94,83304.38,83317.21,140230
1771394340,2026-02-18T11:29:00,83317.21,83350.78,83306.85,83328.89,127898
1771394400,2026-02-18T11:30:00,83326.98,83342.42,83311.16,83342.42,75696
1771394460,2026-02-18T11:31:00,83343.95,83360.38,83318.11,83318.79,15731
1771394520,2026-02-18T11:32:00,83317.35,83361.59,83315.77,83331.6,26992
1771394580,2026-02-18T11:33:00,83331.78,83372.53,83326.79,83357.59,25253
1771394640,2026-02-18T11:34:00,83357.15,83417.76,83354.14,83402.05,32764
1771394700,2026-02-18T11:35:00,83405.23,83416.5,83399.04,83408.71,24407
1771394760,2026-02-18T11:36:00,83411.6,83411.82,83388.75,83390.88,26669
1771394820,2026-02-18T11:37:00,83385.24,83386.95,83371.79,83385.04,15425
1771394880,2026-02-18T11:38:00,83387.85,83396.39,83353.4,83353.4,35390
1771394940,2026-02-18T11:39:00,83354.91,83379.06,83344.32,83362.9,9980
1771395000,2026-02-18T11:40:00,83360.89,83386.3,83342.43,83342.43,15669
1771395060,2026-02-18T11:41:00,83341.38,83355.4,83320.84,83345.04,20198
1771395120,2026-02-18T11:42:00,83344.05,83344.05,83287.3,83287.3,32434
1771395180,2026-02-18T11:43:00,83289.28,83320.32,83279.2,83317.49,41634
1771395240,2026-02-18T11:44:00,83317.8,83331.13,83310.49,83329.9,9583
1771395300,2026-02-18T11:45:00,83328.39,83332.52,83303.28,83305.81,17200
1771395360,2026-02-18T11:46:00,83306.17,83336.55,83300.29,83333.82,21307
1771395420,2026-02-18T11:47:00,83337.8,83339.0,83301.48,83321.17,14150
1771395480,2026-02-18T11:48:00,83320.54,83328.04,83312.92,83316.58,11988
1771395540,2026-02-18T11:49:00,83319.21,83325.28,83314.93,83319.55,23391
1771395600,2026-02-18T11:50:00,83321.77,83344.61,83319.59,83344.31,16008
1771395660,2026-02-18T11:51:00,83344.33,83349.48,83329.74,83342.15,13795
1771395720,2026-02-18T11:52:00,83342.15,83342.21,83314.47,83339.76,18173
1771395780,2026-02-18T11:53:00,83340.69,83350.59,83312.84,83317.19,13903
1771395840,2026-02-18T11:54:00,83318.1,83370.28,83316.58,83369.94,24379
1771395900,2026-02-18T11:55:00,83369.98,83370.86,83320.71,83341.91,13279
1771395960,2026-02-18T11:56:00,83343.67,83350.62,83328.78,83350.62,14292
1771396020,2026-02-18T11:57:00,83349.56,83361.84,83349.09,83354.54,38582
1771396080,2026-02-18T11:58:00,83353.35,83364.75,83336.64,83364.75,27246
1771396140,2026-02-18T11:59:00,83364.2,83383.55,83351.21,83358.09,33165
1771396200,2026-02-18T12:00:00,83359.55,83395.58,83347.01,83391.68,24542
1771396260,2026-02-18T12:01:00,83392.07,83423.77,83388.56,83423.77,104068
1771396320,2026-02-18T12:02:00,83421.83,83421.83,83384.99,83410.8,66045
1771396380,2026-02-18T12:03:00,83412.89,83412.89,83365.15,83399.3,16592
1771396440,2026-02-18T12:04:00,83399.5,83409.16,83371.6,83377.51,86945
1771396500,2026-02-18T12:05:00,83379.92,83395.14,83374.95,83393.0,25172
1771396560,2026-02-18T12:06:00,83393.46,83398.92,83391.57,83395.33,20287
1771396620,2026-02-18T12:07:00,83397.37,83415.92,83392.82,83404.03,19731
1771396680,2026-02-18T12:08:00,83403.77,83422.26,83403.77,83420.24,32101
1771396740,2026-02-18T12:09:00,83414.61,83434.08,83410.74,83423.96,19571
1771396800,2026-02-18T12:10:00,83422.83,83428.9,83397.84,83398.99,18736
1771396860,2026-02-18T12:11:00,83399.79,83434.05,83393.8,83400.85,15434
1771396920,2026-02-18T12:12:00,83410.61,83433.54,83390.66,83402.75,53814
1771396980,2026-02-18T12:13:00,83401.75,83430.66,83394.03,83398.94,54591
1771397040,2026-02-18T12:14:00,83400.74,83406.11,83390.32,83390.32,32644
1771397100,2026-02-18T12:15:00,83393.28,83430.77,83392.19,83400.9,91481
1771397160,2026-02-18T12:16:00,83402.55,83450.07,83401.83,83436.57,24214
1771397220,2026-02-18T12:17:00,83434.76,83439.89,83415.22,83423.59,50263
1771397280,2026-02-18T12:18:00,83423.17,83432.66,83406.56,83408.47,17774
1771397340,2026-02-18T12:19:00,83410.75,83433.7,83394.97,83429.88,20304
1771397400,2026-02-18T12:20:00,83429.06,83430.55,83396.18,83402.72,38051
1771397460,2026-02-18T12:21:00,83403.95,83441.89,83401.22,83435.77,26437
1771397520,2026-02-18T12:22:00,83436.19,83445.89,83404.46,83406.81,30564
1771397580,2026-02-18T12:23:00,83409.69,83447.48,83409.69,83447.48,15979
1771397640,2026-02-18T12:24:00,83450.55,83458.62,83449.73,83449.8,16492
1771397700,2026-02-18T12:25:00,83448.74,83452.43,83417.88,83417.88,14472
1771397760,2026-02-18T12:26:00,83417.99,83420.6,83374.25,83374.25,20386
1771397820,2026-02-18T12:27:00,83374.47,83401.21,83368.78,83383.41,35237
1771397880,2026-02-18T12:28:00,83383.0,83426.82,83378.96,83426.82,23538
1771397940,2026-02-18T12:29:00,83429.9,83437.45,83419.58,83426.77,21006
1771398000,2026-02-18T12:30:00,83428.59,83441.0,83411.71,83441.0,20208
1771398060,2026-02-18T12:31:00,83441.73,83445.5,83407.95,83418.62,15513
1771398120,2026-02-18T12:32:00,83419.32,83458.45,83411.22,83424.7,10200
1771398180,2026-02-18T12:33:00,83424.52,83456.67,83419.05,83456.03,15118
1771398240,2026-02-18T12:34:00,83456.3,83463.34,83424.42,83429.64,23816
1771398300,2026-02-18T12:35:00,83430.59,83476.02,83430.59,83469.26,38712
1771398360,2026-02-18T12:36:00,83469.26,83473.56,83437.57,83439.89,13259
1771398420,2026-02-18T12:37:00,83438.55,83490.64,83435.13,83453.83,93373
1771398480,2026-02-18T12:38:00,83453.51,83488.17,83446.05,83477.81,17708
1771398540,2026-02-18T12:39:00,83482.08,83495.09,83452.49,83487.82,26278
1771398600,2026-02-18T12:40:00,83487.56,83489.5,83429.24,83429.24,16137
1771398660,2026-02-18T12:41:00,83429.52,83457.37,83425.93,83440.76,14602
1771398720,2026-02-18T12:42:00,83441.58,83463.2,83440.44,83463.2,13932
1771398780,2026-02-18T12:43:00,83464.09,83468.19,83427.66,83466.27,16334
1771398840,2026-02-18T12:44:00,83466.14,83470.27,83433.55,83453.63,317278
1771398900,2026-02-18T12:45:00,83454.41,83469.07,83430.39,83462.1,17486
1771398960,2026-02-18T12:46:00,83462.19,83468.87,83457.1,83457.58,66322
1771399020,2026-02-18T12:47:00,83461.24,83465.83,83448.46,83448.46,16502
1771399080,2026-02-18T12:48:00,83448.69,83450.38,83437.9,83437.9,18971
1771399140,2026-02-18T12:49:00,83437.61,83441.78,83418.81,83422.37,15280
1771399200,2026-02-18T12:50:00,83422.31,83427.45,83408.99,83408.99,21735
1771399260,2026-02-18T12:51:00,83408.08,83414.4,83404.64,83411.46,16865
1771399320,2026-02-18T12:52:00,83411.46,83417.92,83402.45,83417.92,8872
1771399380,2026-02-18T12:53:00,83418.21,83443.7,83417.11,83438.69,25720
1771399440,2026-02-18T12:54:00,83438.39,83452.55,83434.8,83439.06,17418
1771399500,2026-02-18T12:55:00,83434.21,83445.47,83432.26,83432.83,15333
1771399560,2026-02-18T12:56:00,83433.79,83433.79,83423.01,83429.31,45268
1771399620,2026-02-18T12:57:00,83429.73,83449.33,83427.5,83444.93,16313
1771399680,2026-02-18T12:58:00,83443.63,83462.21,83442.99,83455.17,11644
1771399740,2026-02-18T12:59:00,83455.17,83461.3,83448.3,83461.3,9886
1771399800,2026-02-18T13:00:00,83460.6,83472.0,83454.87,83472.0,20467
1771399860,2026-02-18T13:01:00,83470.19,83491.65,83464.15,83489.02,16359
1771399920,2026-02-18T13:02:00,83493.82,83494.39,83458.4,83462.41,11689
1771399980,2026-02-18T13:03:00,83462.41,83462.41,83435.73,83452.33,8929
1771400040,2026-02-18T13:04:00,83453.23,83476.15,83452.92,83476.15,187562
1771400100,2026-02-18T13:05:00,83476.96,83491.26,83468.01,83490.17,9525
1771400160,2026-02-18T13:06:00,83490.17,83493.44,83483.53,83492.54,223365
1771400220,2026-02-18T13:07:00,83492.07,83492.39,83481.06,83481.59,30821
1771400280,2026-02-18T13:08:00,83481.59,83495.14,83455.96,83462.27,16100
1771400340,2026-02-18T13:09:00,83455.08,83487.5,83454.11,83479.97,8403
1771400400,2026-02-18T13:10:00,83480.73,83485.34,83434.28,83435.21,36486
1771400460,2026-02-18T13:11:00,83436.1,83447.63,83416.39,83417.39,9550
1771400520,2026-02-18T13:12:00,83413.79,83454.47,83409.04,83454.47,19452
1771400580,2026-02-18T13:13:00,83453.14,83459.56,83419.48,83436.78,39214
1771400640,2026-02-18T13:14:00,83437.34,83467.16,83422.26,83442.6,20665
1771400700,2026-02-18T13:15:00,83447.57,83484.14,83446.21,83484.14,19145
1771400760,2026-02-18T13:16:00,83484.4,83499.16,83463.93,83463.93,11631
1771400820,2026-02-18T13:17:00,83461.59,83492.63,83461.21,83478.96,13432
1771400880,2026-02-18T13:18:00,83477.28,83480.56,83466.15,83473.45,10579
1771400940,2026-02-18T13:19:00,83474.25,83512.22,83469.74,83471.5,13967
1771401000,2026-02-18T13:20:00,83473.36,83496.87,83470.67,83490.85,16600
1771401060,2026-02-18T13:21:00,83484.9,83525.59,83484.9,83487.58,23867
1771401120,2026-02-18T13:22:00,83485.76,83535.82,83480.78,83528.48,15344
1771401180,2026-02-18T13:23:00,83528.48,83539.87,83518.99,83539.87,17405
1771401240,2026-02-18T13:24:00,83541.85,83542.23,83511.21,83521.68,21278
1771401300,2026-02-18T13:25:00,83523.9,83524.36,83460.24,83462.3,11207
1771401360,2026-02-18T13:26:00,83489.69,83492.25,83430.32,83437.01,32757
1771401420,2026-02-18T13:27:00,83438.75,83454.5,83428.34,83429.35,18006
1771401480,2026-02-18T13:28:00,83433.98,83436.97,83394.81,83394.81,15422
1771401540,2026-02-18T13:29:00,83396.68,83449.11,83396.31,83449.11,65211
1771401600,2026-02-18T13:30:00,83443.41,83443.41,83411.17,83420.41,35879
1771401660,2026-02-18T13:31:00,83411.67,83456.94,83411.67,83421.38,51275
1771401720,2026-02-18T13:32:00,83421.91,83450.71,83416.38,83450.71,17421
1771401780,2026-02-18T13:33:00,83450.82,83451.67,83420.73,83447.95,12630
1771401840,2026-02-18T13:34:00,83448.0,83456.25,83425.0,83425.0,9254
1771401900,2026-02-18T13:35:00,83424.29,83458.77,83420.44,83454.54,25947
1771401960,2026-02-18T13:36:00,83455.99,83455.99,83396.27,83413.7,28416
1771402020,2026-02-18T13:37:00,83411.15,83447.25,83403.4,83404.12,26265
1771402080,2026-02-18T13:38:00,83406.5,83442.2,83406.5,83440.87,13355
1771402140,2026-02-18T13:39:00,83442.38,83445.66,83407.77,83431.96,15545
1771402200,2026-02-18T13:40:00,83433.0,83447.97,83404.53,83447.86,8074
1771402260,2026-02-18T13:41:00,83443.86,83450.07,83402.28,83405.05,14089
1771402320,2026-02-18T13:42:00,83403.06,83419.37,83403.06,83404.51,33684
1771402380,2026-02-18T13:43:00,83405.51,83418.41,83405.51,83416.42,13379
1771402440,2026-02-18T13:44:00,83414.45,83415.95,83404.64,83415.95,19397
1771402500,2026-02-18T13:45:00,83415.95,83448.49,83413.8,83447.9,17941
1771402560,2026-02-18T13:46:00,83448.25,83454.87,83442.86,83442.88,16100
1771402620,2026-02-18T13:47:00,83443.2,83453.01,83416.12,83418.07,14177
1771402680,2026-02-18T13:48:00,83416.11,83477.75,83412.53,83441.75,7830
1771402740,2026-02-18T13:49:00,83441.6,83482.82,83434.63,83449.12,8013
1771402800,2026-02-18T13:50:00,83449.12,83470.91,83444.44,83470.26,29312
1771402860,2026-02-18T13:51:00,83470.3,83495.99,83465.33,83493.13,7387
1771402920,2026-02-18T13:52:00,83494.24,83497.93,83431.86,83446.19,43170
1771402980,2026-02-18T13:53:00,83446.51,83448.43,83369.41,83388.35,58550
1771403040,2026-02-18T13:54:00,83392.65,83392.65,83342.39,83342.54,28403
1771403100,2026-02-18T13:55:00,83344.75,83376.28,83327.05,83330.51,16727
1771403160,2026-02-18T13:56:00,83331.52,83382.39,83326.35,83382.39,15209
1771403220,2026-02-18T13:57:00,83388.2,83397.71,83356.78,83391.29,39103
1771403280,2026-02-18T13:58:00,83393.55,83429.7,83389.41,83390.48,10874
1771403340,2026-02-18T13:59:00,83396.26,83434.26,83393.05,83404.31,191351
1771403400,2026-02-18T14:00:00,83404.83,83441.78,83403.9,83431.93,15756
1771403460,2026-02-18T14:01:00,83431.26,83431.89,83407.38,83413.12,7851
1771403520,2026-02-18T14:02:00,83413.61,83430.21,83394.43,83430.21,8144
1771403580,2026-02-18T14:03:00,83430.64,83441.83,83400.59,83400.68,20087
1771403640,2026-02-18T14:04:00,83402.27,83440.49,83402.27,83413.11,19198
1771403700,2026-02-18T14:05:00,83413.61,83457.39,83410.24,83455.43,17769
1771403760,2026-02-18T14:06:00,83455.43,83456.18,83429.57,83437.59,6429
1771403820,2026-02-18T14:07:00,83439.42,83442.77,83432.54,83442.77,5837
1771403880,2026-02-18T14:08:00,83445.29,83460.06,83442.27,83459.68,61386
1771403940,2026-02-18T14:09:00,83461.02,83467.61,83423.23,83467.61,15547
1771404000,2026-02-18T14:10:00,83468.85,83475.46,83435.79,83473.26,37143
1771404060,2026-02-18T14:11:00,83472.12,83501.77,83459.9,83501.77,20644
1771404120,2026-02-18T14:12:00,83501.68,83525.1,83474.43,83525.1,11116
1771404180,2026-02-18T14:13:00,83525.29,83537.84,83492.23,83532.54,10694
1771404240,2026-02-18T14:14:00,83536.38,83538.32,83497.92,83521.95,21634
1771404300,2026-02-18T14:15:00,83522.05,83545.51,83522.05,83543.74,30705
1771404360,2026-02-18T14:16:00,83544.13,83544.13,83509.97,83530.91,11880
1771404420,2026-02-18T14:17:00,83531.3,83551.8,83527.31,83551.8,12867
1771404480,2026-02-18T14:18:00,83550.74,83555.32,83521.43,83540.8,18857
1771404540,2026-02-18T14:19:00,83541.44,83582.88,83537.84,83581.83,40191
1771404600,2026-02-18T14:20:00,83583.61,83602.02,83567.94,83591.06,26113
1771404660,2026-02-18T14:21:00,83591.26,83631.85,83591.26,83592.56,73384
1771404720,2026-02-18T14:22:00,83593.16,83646.18,83593.16,83612.32,28017
1771404780,2026-02-18T14:23:00,83612.32,83639.69,83612.32,83639.69,33154
1771404840,2026-02-18T14:24:00,83638.99,83640.72,83624.08,83637.58,35141
1771404900,2026-02-18T14:25:00,83638.19,83647.81,83602.81,83602.87,23542
1771404960,2026-02-18T14:26:00,83602.69,83638.59,83597.85,83631.27,15591
1771405020,2026-02-18T14:27:00,83642.96,83661.68,83642.96,83654.89,47937
1771405080,2026-02-18T14:28:00,83654.89,83654.92,83623.07,83629.23,20716
1771405140,2026-02-18T14:29:00,83628.46,83631.31,83619.89,83629.46,11942
1771405200,2026-02-18T14:30:00,83629.46,83635.83,83621.54,83625.09,11499
1771405260,2026-02-18T14:31:00,83623.34,83628.15,83597.94,83604.6,17888
1771405320,2026-02-18T14:32:00,83604.32,83621.53,83604.32,83618.95,15946
1771405380,2026-02-18T14:33:00,83619.18,83649.02,83608.24,83608.48,60742
1771405440,2026-02-18T14:34:00,83607.02,83632.98,83601.63,83611.8,61181
1771405500,2026-02-18T14:35:00,83614.46,83623.11,83614.46,83619.33,10907
1771405560,2026-02-18T14:36:00,83619.14,83657.41,83617.79,83628.54,11794
1771405620,2026-02-18T14:37:00,83630.85,83657.02,83609.89,83617.69,16737
1771405680,2026-02-18T14:38:00,83640.89,83645.47,83611.93,83621.42,23659
1771405740,2026-02-18T14:39:00,83622.3,83625.18,83608.9,83614.63,14772
1771405800,2026-02-18T14:40:00,83611.48,83621.14,83602.24,83613.36,31356
1771405860,2026-02-18T14:41:00,83610.64,83623.25,83605.71,83623.16,14806
1771405920,2026-02-18T14:42:00,83620.5,83624.03,83597.56,83599.68,29185
1771405980,2026-02-18T14:43:00,83599.68,83599.88,83583.06,83591.26,11936
1771406040,2026-02-18T14:44:00,83591.19,83638.69,83591.19,83602.25,15303
1771406100,2026-02-18T14:45:00,83599.54,83623.39,83581.54,83589.33,48232
1771406160,2026-02-18T14:46:00,83589.63,83614.76,83583.17,83592.25,34863
1771406220,2026-02-18T14:47:00,83586.75,83622.09,83581.93,83607.95,20038
1771406280,2026-02-18T14:48:00,83609.5,83616.48,83563.55,83615.87,41200
1771406340,2026-02-18T14:49:00,83617.36,83625.77,83576.2,83625.32,29651
1771406400,2026-02-18T14:50:00,83625.61,83633.39,83590.64,83633.39,35327
1771406460,2026-02-18T14:51:00,83632.76,83650.16,83605.92,83628.69,37074
1771406520,2026-02-18T14:52:00,83631.27,83642.69,83625.64,83636.28,55677
1771406580,2026-02-18T14:53:00,83637.05,83638.44,83607.99,83607.99,22237
1771406640,2026-02-18T14:54:00,83610.96,83648.42,83609.07,83637.9,28381
1771406700,2026-02-18T14:55:00,83641.39,83659.91,83639.89,83656.43,47174
1771406760,2026-02-18T14:56:00,83657.14,83672.86,83632.6,83663.3,42961
1771406820,2026-02-18T14:57:00,83663.54,83674.52,83631.94,83672.89,14276
1771406880,2026-02-18T14:58:00,83670.26,83670.26,83651.76,83651.76,17087
1771406940,2026-02-18T14:59:00,83651.76,83653.46,83639.39,83642.15,38615
1771407000,2026-02-18T15:00:00,83660.34,83758.74,83660.34,83753.21,372199
1771407060,2026-02-18T15:01:00,83756.89,83768.55,83720.57,83742.29,33523
1771407120,2026-02-18T15:02:00,83738.34,83745.05,83721.94,83732.52,29715
1771407180,2026-02-18T15:03:00,83730.81,83734.89,83715.14,83726.27,29568
1771407240,2026-02-18T15:04:00,83726.27,83726.27,83713.89,83721.9,68905
1771407300,2026-02-18T15:05:00,83721.9,83731.39,83689.09,83691.6,30613
1771407360,2026-02-18T15:06:00,83692.02,83729.44,83690.75,83706.2,21925
1771407420,2026-02-18T15:07:00,83709.74,83751.77,83701.36,83747.45,27476
1771407480,2026-02-18T15:08:00,83747.04,83753.91,83704.92,83704.92,28597
1771407540,2026-02-18T15:09:00,83707.38,83758.91,83707.38,83742.4,29994
1771407600,2026-02-18T15:10:00,83747.03,83765.81,83729.02,83742.23,49665
1771407660,2026-02-18T15:11:00,83741.42,83766.2,83728.19,83728.25,30457
1771407720,2026-02-18T15:12:00,83727.59,83763.88,83723.88,83760.13,68593
1771407780,2026-02-18T15:13:00,83762.37,83764.43,83741.43,83746.87,50050
1771407840,2026-02-18T15:14:00,83749.7,83749.7,83732.23,83739.0,98311
1771407900,2026-02-18T15:15:00,83739.86,83745.34,83732.37,83737.95,37752
1771407960,2026-02-18T15:16:00,83740.72,83746.54,83728.77,83746.54,38297
1771408020,2026-02-18T15:17:00,83746.28,83753.69,83726.52,83730.07,45131
1771408080,2026-02-18T15:18:00,83731.48,83770.05,83729.13,83738.92,52526
1771408140,2026-02-18T15:19:00,83738.11,83761.37,83732.97,83751.14,48001
1771408200,2026-02-18T15:20:00,83748.97,83750.51,83727.44,83727.44,260061
1771408260,2026-02-18T15:21:00,83727.32,83737.26,83721.48,83727.5,96362
1771408320,2026-02-18T15:22:00,83726.7,83742.5,83726.7,83741.08,62549
1771408380,2026-02-18T15:23:00,83739.37,83748.02,83724.39,83724.39,97057
1771408440,2026-02-18T15:24:00,83724.99,83740.66,83719.52,83724.22,52903
1771408500,2026-02-18T15:25:00,83723.49,83732.42,83706.16,83717.29,57463
1771408560,2026-02-18T15:26:00,83719.04,83728.92,83705.87,83707.08,90279
1771408620,2026-02-18T15:27:00,83706.84,83727.08,83701.49,83723.66,85524
1771408680,2026-02-18T15:28:00,83722.44,83725.55,83706.97,83714.35,98198
1771408740,2026-02-18T15:29:00,83710.07,83719.46,83671.55,83691.01,71586
1771472700,2026-02-19T09:15:00,83969.82,83979.36,83825.13,83836.5,287574
1771472760,2026-02-19T09:16:00,83849.47,83850.18,83785.21,83797.76,216627
1771472820,2026-02-19T09:17:00,83793.5,83907.68,83776.94,83874.02,113101
1771472880,2026-02-19T09:18:00,83868.08,83884.56,83837.57,83882.96,86740
1771472940,2026-02-19T09:19:00,83884.61,83884.61,83831.19,83832.91,91956
1771473000,2026-02-19T09:20:00,83832.82,83876.45,83821.32,83872.52,64420
1771473060,2026-02-19T09:21:00,83874.86,83903.56,83864.13,83876.61,71033
1771473120,2026-02-19T09:22:00,83876.97,83897.87,83866.17,83867.14,51600
1771473180,2026-02-19T09:23:00,83872.66,83877.21,83820.51,83843.22,59070
1771473240,2026-02-19T09:24:00,83842.21,83842.21,83805.84,83816.2,40963
1771473300,2026-02-19T09:25:00,83811.99,83811.99,83769.13,83772.53,58155
1771473360,2026-02-19T09:26:00,83773.7,83777.07,83749.71,83754.05,55573
1771473420,2026-02-19T09:27:00,83754.97,83765.36,83734.16,83755.67,34783
1771473480,2026-02-19T09:28:00,83756.12,83759.06,83673.47,83674.26,71592
1771473540,2026-02-19T09:29:00,83674.74,83733.96,83672.47,83697.45,39630
1771473600,2026-02-19T09:30:00,83696.33,83704.89,83652.25,83662.73,41466
1771473660,2026-02-19T09:31:00,83660.11,83711.85,83658.59,83687.32,50611
1771473720,2026-02-19T09:32:00,83690.24,83702.92,83641.36,83666.6,28786
1771473780,2026-02-19T09:33:00,83663.35,83695.81,83650.6,83651.18,38988
1771473840,2026-02-19T09:34:00,83652.39,83685.92,83629.05,83629.05,44678
1771473900,2026-02-19T09:35:00,83631.34,83706.82,83631.21,83658.6,37954
1771473960,2026-02-19T09:36:00,83658.81,83677.57,83644.44,83672.95,35414
1771474020,2026-02-19T09:37:00,83674.94,83690.22,83576.5,83616.02,54456
1771474080,2026-02-19T09:38:00,83612.59,83623.52,83567.69,83567.69,45937
1771474140,2026-02-19T09:39:00,83567.68,83620.09,83564.65,83615.27,47906
1771474200,2026-02-19T09:40:00,83618.66,83626.27,83581.8,83586.79,48898
1771474260,2026-02-19T09:41:00,83584.89,83625.99,83581.77,83604.75,64506
1771474320,2026-02-19T09:42:00,83600.57,83609.9,83594.38,83597.19,38081
1771474380,2026-02-19T09:43:00,83597.59,83600.89,83579.73,83580.01,38459
1771474440,2026-02-19T09:44:00,83580.57,83599.6,83562.04,83598.16,39779
1771474500,2026-02-19T09:45:00,83597.97,83598.33,83564.62,83597.63,23864
1771474560,2026-02-19T09:46:00,83598.49,83613.64,83562.95,83613.64,26136
1771474620,2026-02-19T09:47:00,83616.45,83643.54,83584.76,83625.95,27796
1771474680,2026-02-19T09:48:00,83610.07,83673.61,83607.08,83636.89,24104
1771474740,2026-02-19T09:49:00,83640.62,83700.46,83636.71,83663.03,26543
1771474800,2026-02-19T09:50:00,83661.43,83682.04,83634.2,83635.66,38787
1771474860,2026-02-19T09:51:00,83636.9,83677.9,83625.18,83648.24,33034
1771474920,2026-02-19T09:52:00,83651.22,83660.65,83615.46,83617.19,32793
1771474980,2026-02-19T09:53:00,83616.03,83623.67,83608.46,83618.87,23430
1771475040,2026-02-19T09:54:00,83618.27,83631.24,83599.8,83601.71,22600
1771475100,2026-02-19T09:55:00,83601.58,83621.92,83596.46,83614.13,29728
1771475160,2026-02-19T09:56:00,83614.16,83614.66,83592.79,83595.58,30448
1771475220,2026-02-19T09:57:00,83594.37,83605.37,83592.68,83597.42,14931
1771475280,2026-02-19T09:58:00,83597.95,83599.96,83559.87,83559.87,21065
1771475340,2026-02-19T09:59:00,83563.68,83586.87,83556.19,83583.67,14113
1771475400,2026-02-19T10:00:00,83583.15,83592.34,83556.75,83587.3,17142
1771475460,2026-02-19T10:01:00,83587.29,83609.79,83554.63,83584.14,37181
1771475520,2026-02-19T10:02:00,83583.58,83583.86,83537.7,83575.25,24111
1771475580,2026-02-19T10:03:00,83577.18,83603.41,83565.74,83589.36,15545
1771475640,2026-02-19T10:04:00,83588.42,83628.33,83578.9,83616.72,17225
1771475700,2026-02-19T10:05:00,83616.26,83634.34,83608.68,83631.9,18369
1771475760,2026-02-19T10:06:00,83631.75,83659.44,83624.37,83659.22,32738
1771475820,2026-02-19T10:07:00,83656.29,83656.29,83603.62,83626.02,28794
1771475880,2026-02-19T10:08:00,83625.14,83635.96,83587.93,83600.5,29139
1771475940,2026-02-19T10:09:00,83605.49,83624.37,83591.64,83617.58,24764
1771476000,2026-02-19T10:10:00,83616.61,83632.54,83581.61,83624.65,15937
1771476060,2026-02-19T10:11:00,83625.06,83625.06,83558.26,83566.05,21692
1771476120,2026-02-19T10:12:00,83569.72,83592.55,83561.94,83590.08,21391
1771476180,2026-02-19T10:13:00,83588.84,83595.42,83545.32,83568.61,26974
1771476240,2026-02-19T10:14:00,83574.38,83574.38,83512.48,83544.84,27514
1771476300,2026-02-19T10:15:00,83550.8,83553.61,83505.18,83508.56,25641
1771476360,2026-02-19T10:16:00,83508.56,83527.69,83502.51,83511.09,18081
1771476420,2026-02-19T10:17:00,83509.91,83525.96,83507.05,83524.04,30261
1771476480,2026-02-19T10:18:00,83523.66,83558.33,83523.51,83555.45,35249
1771476540,2026-02-19T10:19:00,83557.28,83561.82,83504.78,83538.74,12752
1771476600,2026-02-19T10:20:00,83535.88,83535.96,83484.92,83487.86,33810
1771476660,2026-02-19T10:21:00,83488.8,83526.78,83481.58,83485.23,25397
1771476720,2026-02-19T10:22:00,83480.86,83516.86,83475.36,83493.72,38282
1771476780,2026-02-19T10:23:00,83507.61,83547.41,83507.61,83547.41,21581
1771476840,2026-02-19T10:24:00,83549.37,83551.36,83493.2,83494.85,8775
1771476900,2026-02-19T10:25:00,83495.35,83525.4,83478.16,83483.92,16116
1771476960,2026-02-19T10:26:00,83480.16,83513.06,83472.22,83509.92,61343
1771477020,2026-02-19T10:27:00,83509.31,83509.52,83454.13,83454.83,13890
1771477080,2026-02-19T10:28:00,83453.23,83495.67,83431.1,83493.86,41932
1771477140,2026-02-19T10:29:00,83486.5,83505.74,83456.84,83478.44,16783
1771477200,2026-02-19T10:30:00,83477.84,83486.23,83460.52,83460.52,17913
1771477260,2026-02-19T10:31:00,83458.7,83487.35,83458.7,83485.47,43513
1771477320,2026-02-19T10:32:00,83485.23,83501.71,83485.23,83498.64,8667
1771477380,2026-02-19T10:33:00,83498.87,83509.24,83490.13,83502.7,78749
1771477440,2026-02-19T10:34:00,83503.41,83503.41,83453.92,83481.9,18199
1771477500,2026-02-19T10:35:00,83484.29,83491.83,83431.91,83463.26,13553
1771477560,2026-02-19T10:36:00,83466.26,83466.26,83422.37,83440.62,13898
1771477620,2026-02-19T10:37:00,83421.03,83436.73,83406.03,83424.62,24834
1771477680,2026-02-19T10:38:00,83421.52,83429.21,83378.01,83421.75,13937
1771477740,2026-02-19T10:39:00,83399.73,83399.73,83383.01,83389.74,12415
1771477800,2026-02-19T10:40:00,83387.78,83392.6,83365.49,83377.82,15858
1771477860,2026-02-19T10:41:00,83376.94,83415.61,83376.06,83415.61,18802
1771477920,2026-02-19T10:42:00,83414.76,83431.23,83390.66,83431.23,12608
1771477980,2026-02-19T10:43:00,83431.43,83459.25,83401.82,83454.17,29835
1771478040,2026-02-19T10:44:00,83453.11,83464.21,83426.85,83457.8,21108
1771478100,2026-02-19T10:45:00,83458.91,83461.65,83432.31,83438.95,13816
1771478160,2026-02-19T10:46:00,83431.68,83441.96,83425.66,83430.6,186332
1771478220,2026-02-19T10:47:00,83430.6,83431.34,83412.61,83413.0,14653
1771478280,2026-02-19T10:48:00,83412.32,83416.04,83395.58,83400.36,11491
1771478340,2026-02-19T10:49:00,83397.91,83419.29,83397.91,83410.75,19773
1771478400,2026-02-19T10:50:00,83410.94,83420.29,83388.01,83420.29,15988
1771478460,2026-02-19T10:51:00,83419.72,83435.48,83405.09,83411.8,14565
1771478520,2026-02-19T10:52:00,83407.09,83452.48,83407.09,83443.6,16610
1771478580,2026-02-19T10:53:00,83443.73,83448.36,83407.98,83414.94,14420
1771478640,2026-02-19T10:54:00,83419.19,83447.88,83413.77,83422.74,40606
1771478700,2026-02-19T10:55:00,83418.9,83448.92,83414.15,83436.05,60407
1771478760,2026-02-19T10:56:00,83435.64,83435.64,83386.25,83393.78,31104
1771478820,2026-02-19T10:57:00,83394.54,83447.35,83393.88,83412.85,11670
1771478880,2026-02-19T10:58:00,83415.86,83457.29,83407.14,83452.24,77044
1771478940,2026-02-19T10:59:00,83452.65,83467.39,83419.5,83419.5,50547
1771479000,2026-02-19T11:00:00,83419.19,83463.66,83407.98,83418.34,23256
1771479060,2026-02-19T11:01:00,83419.64,83480.44,83414.5,83416.05,71856
1771479120,2026-02-19T11:02:00,83417.94,83430.08,83398.71,83401.15,10580
1771479180,2026-02-19T11:03:00,83401.97,83451.5,83398.79,83449.92,20686
1771479240,2026-02-19T11:04:00,83450.02,83467.35,83417.67,83432.11,31472
1771479300,2026-02-19T11:05:00,83431.08,83454.83,83415.99,83415.99,12563
1771479360,2026-02-19T11:06:00,83417.88,83440.26,83417.31,83438.03,30868
1771479420,2026-02-19T11:07:00,83439.75,83466.1,83439.74,83460.26,37939
1771479480,2026-02-19T11:08:00,83460.25,83474.85,83458.08,83460.52,13099
1771479540,2026-02-19T11:09:00,83454.34,83456.19,83418.48,83418.82,15521
1771479600,2026-02-19T11:10:00,83419.15,83430.19,83418.89,83426.26,11238
1771479660,2026-02-19T11:11:00,83426.31,83448.18,83426.31,83440.46,8056
1771479720,2026-02-19T11:12:00,83432.73,83438.13,83427.2,83428.4,6764
1771479780,2026-02-19T11:13:00,83429.29,83429.87,83395.37,83395.49,20767
1771479840,2026-02-19T11:14:00,83395.2,83396.43,83370.68,83373.93,15992
1771479900,2026-02-19T11:15:00,83373.67,83387.12,83371.57,83379.81,14714
1771479960,2026-02-19T11:16:00,83383.64,83383.64,83351.26,83365.07,10824
1771480020,2026-02-19T11:17:00,83361.86,83385.66,83356.25,83385.36,6377
1771480080,2026-02-19T11:18:00,83384.31,83384.66,83353.01,83354.56,13418
1771480140,2026-02-19T11:19:00,83353.87,83353.87,83341.81,83344.97,9391
1771480200,2026-02-19T11:20:00,83342.02,83343.32,83322.02,83322.77,7591
1771480260,2026-02-19T11:21:00,83325.13,83335.14,83325.13,83328.66,9770
1771480320,2026-02-19T11:22:00,83331.6,83336.16,83325.63,83331.73,12797
1771480380,2026-02-19T11:23:00,83331.18,83331.18,83285.93,83288.59,15356
1771480440,2026-02-19T11:24:00,83289.17,83289.85,83252.21,83262.2,14803
1771480500,2026-02-19T11:25:00,83260.37,83279.7,83257.03,83275.65,21880
1771480560,2026-02-19T11:26:00,83275.36,83284.21,83271.18,83284.21,8462
1771480620,2026-02-19T11:27:00,83284.21,83284.21,83251.64,83255.56,10354
1771480680,2026-02-19T11:28:00,83257.4,83289.14,83254.03,83287.63,38267
1771480740,2026-02-19T11:29:00,83285.51,83292.27,83279.73,83285.7,6936
1771480800,2026-02-19T11:30:00,83283.61,83287.83,83271.7,83284.69,9505
1771480860,2026-02-19T11:31:00,83280.31,83288.98,83266.19,83269.52,6593
1771480920,2026-02-19T11:32:00,83270.75,83282.65,83270.69,83282.65,5782
1771480980,2026-02-19T11:33:00,83282.65,83284.03,83277.31,83284.03,12929
1771481040,2026-02-19T11:34:00,83281.64,83284.94,83269.5,83269.5,12233
1771481100,2026-02-19T11:35:00,83271.57,83272.49,83248.55,83254.54,10260
1771481160,2026-02-19T11:36:00,83253.67,83256.33,83219.93,83222.89,43942
1771481220,2026-02-19T11:37:00,83224.91,83247.37,83224.91,83235.56,9567
1771481280,2026-02-19T11:38:00,83235.56,83251.76,83235.48,83246.85,17119
1771481340,2026-02-19T11:39:00,83246.97,83259.8,83240.37,83257.2,19501
1771481400,2026-02-19T11:40:00,83256.96,83259.16,83250.16,83256.65,25296
1771481460,2026-02-19T11:41:00,83253.68,83253.68,83231.99,83232.73,14755
1771481520,2026-02-19T11:42:00,83232.32,83232.88,83212.05,83216.12,7232
1771481580,2026-02-19T11:43:00,83213.78,83231.4,83207.73,83226.51,6756
1771481640,2026-02-19T11:44:00,83225.8,83252.75,83204.29,83252.75,11098
1771481700,2026-02-19T11:45:00,83252.65,83252.65,83200.61,83200.67,54899
1771481760,2026-02-19T11:46:00,83200.81,83214.19,83195.91,83198.95,16645
1771481820,2026-02-19T11:47:00,83198.59,83213.22,83185.79,83211.94,7791
1771481880,2026-02-19T11:48:00,83207.92,83210.78,83190.53,83199.55,9853
1771481940,2026-02-19T11:49:00,83198.33,83200.88,83191.52,83195.81,16767
1771482000,2026-02-19T11:50:00,83195.81,83199.56,83160.15,83176.06,15685
1771482060,2026-02-19T11:51:00,83181.41,83206.3,83161.61,83170.71,15381
1771482120,2026-02-19T11:52:00,83172.52,83199.65,83152.27,83185.24,13777
1771482180,2026-02-19T11:53:00,83187.22,83187.96,83147.92,83185.58,18666
1771482240,2026-02-19T11:54:00,83184.54,83195.72,83151.72,83180.41,46137
1771482300,2026-02-19T11:55:00,83181.32,83198.7,83156.44,83196.52,6832
1771482360,2026-02-19T11:56:00,83162.65,83193.56,83156.88,83180.07,23368
1771482420,2026-02-19T11:57:00,83170.77,83173.18,83160.93,83164.62,15427
1771482480,2026-02-19T11:58:00,83164.62,83175.17,83163.99,83169.65,9669
1771482540,2026-02-19T11:59:00,83174.97,83185.84,83168.1,83176.8,6602
1771482600,2026-02-19T12:00:00,83176.8,83198.97,83148.03,83151.82,6872
1771482660,2026-02-19T12:01:00,83153.21,83158.33,83138.41,83150.14,19611
1771482720,2026-02-19T12:02:00,83152.57,83173.32,83147.16,83161.72,24763
1771482780,2026-02-19T12:03:00,83159.24,83179.69,83125.88,83151.91,27526
1771482840,2026-02-19T12:04:00,83147.33,83176.01,83143.01,83175.94,14327
1771482900,2026-02-19T12:05:00,83176.03,83181.62,83138.4,83147.36,11175
1771482960,2026-02-19T12:06:00,83147.02,83176.47,83143.88,83147.69,9282
1771483020,2026-02-19T12:07:00,83147.89,83175.01,83140.38,83141.21,15007
1771483080,2026-02-19T12:08:00,83130.18,83158.2,83125.42,83130.26,41339
1771483140,2026-02-19T12:09:00,83130.22,83148.9,83114.88,83121.26,14966
1771483200,2026-02-19T12:10:00,83119.43,83119.43,83079.89,83086.43,37702
1771483260,2026-02-19T12:11:00,83086.94,83087.45,83073.77,83073.92,10430
1771483320,2026-02-19T12:12:00,83073.73,83073.73,83033.98,83041.84,24675
1771483380,2026-02-19T12:13:00,83042.65,83042.65,83009.19,83013.17,16029
1771483440,2026-02-19T12:14:00,83014.43,83024.4,82996.68,82998.79,10905
1771483500,2026-02-19T12:15:00,82998.66,82998.66,82965.88,82971.39,26027
1771483560,2026-02-19T12:16:00,82976.19,82979.45,82953.21,82963.56,16078
1771483620,2026-02-19T12:17:00,82962.88,82994.99,82943.49,82991.45,69760
1771483680,2026-02-19T12:18:00,82998.23,83039.56,82987.91,83004.27,59769
1771483740,2026-02-19T12:19:00,83006.99,83042.0,83000.3,83008.96,56242
1771483800,2026-02-19T12:20:00,83008.76,83038.33,82981.87,83023.5,61680
1771483860,2026-02-19T12:21:00,83023.77,83090.46,83021.11,83089.4,13322
1771483920,2026-02-19T12:22:00,83091.71,83091.71,83056.54,83067.0,15408
1771483980,2026-02-19T12:23:00,83066.0,83098.64,83064.07,83093.69,13771
1771484040,2026-02-19T12:24:00,83093.47,83115.59,83093.47,83100.49,8320
1771484100,2026-02-19T12:25:00,83098.6,83100.36,83079.28,83088.43,12982
1771484160,2026-02-19T12:26:00,83084.88,83085.19,83045.77,83053.39,16299
1771484220,2026-02-19T12:27:00,83055.24,83073.11,83043.84,83065.46,14844
1771484280,2026-02-19T12:28:00,83067.31,83077.87,83061.08,83074.12,12141
1771484340,2026-02-19T12:29:00,83074.12,83091.15,83072.52,83074.95,8943
1771484400,2026-02-19T12:30:00,83075.61,83075.61,83060.77,83075.55,7598
1771484460,2026-02-19T12:31:00,83074.6,83083.91,83040.77,83078.54,8827
1771484520,2026-02-19T12:32:00,83078.31,83078.31,83026.62,83054.35,9175
1771484580,2026-02-19T12:33:00,83052.6,83054.57,83009.34,83009.34,13282
1771484640,2026-02-19T12:34:00,83006.29,83054.2,83003.49,83021.28,4962
1771484700,2026-02-19T12:35:00,83020.7,83056.4,83018.94,83047.0,5481
1771484760,2026-02-19T12:36:00,83051.67,83055.02,83000.99,83032.71,5207
1771484820,2026-02-19T12:37:00,83031.5,83034.95,82971.81,83006.53,58584
1771484880,2026-02-19T12:38:00,83006.45,83035.67,83000.36,83034.66,47584
1771484940,2026-02-19T12:39:00,83029.24,83030.97,82942.3,82979.02,121436
1771485000,2026-02-19T12:40:00,82979.39,82991.97,82953.08,82980.11,11139
1771485060,2026-02-19T12:41:00,82976.81,82977.07,82899.63,82948.24,8126
1771485120,2026-02-19T12:42:00,82949.28,82949.28,82890.97,82895.37,26282
1771485180,2026-02-19T12:43:00,82889.39,82917.99,82887.85,82895.14,11342
1771485240,2026-02-19T12:44:00,82895.24,82926.6,82887.52,82926.6,11737
1771485300,2026-02-19T12:45:00,82926.15,82926.15,82896.77,82908.57,23024
1771485360,2026-02-19T12:46:00,82907.87,82913.34,82904.98,82913.03,4489
1771485420,2026-02-19T12:47:00,82913.45,82915.71,82871.6,82880.53,6071
1771485480,2026-02-19T12:48:00,82871.53,82915.59,82864.29,82878.66,8153
1771485540,2026-02-19T12:49:00,82878.12,82936.8,82875.81,82900.1,11219
1771485600,2026-02-19T12:50:00,82900.42,82930.34,82896.82,82930.34,6631
1771485660,2026-02-19T12:51:00,82923.59,82939.56,82906.92,82937.6,12825
1771485720,2026-02-19T12:52:00,82938.82,82974.97,82937.58,82953.19,11141
1771485780,2026-02-19T12:53:00,82954.47,83010.71,82953.11,82977.88,11297
1771485840,2026-02-19T12:54:00,82976.6,82982.18,82931.51,82965.64,7664
1771485900,2026-02-19T12:55:00,82972.63,82990.8,82949.09,82988.86,15914
1771485960,2026-02-19T12:56:00,82987.56,82990.14,82952.53,82952.53,7251
1771486020,2026-02-19T12:57:00,82953.22,82982.43,82950.51,82970.54,6937
1771486080,2026-02-19T12:58:00,82970.54,82970.54,82953.89,82955.52,5770
1771486140,2026-02-19T12:59:00,82955.52,82965.35,82945.21,82959.06,17204
1771486200,2026-02-19T13:00:00,82957.37,82971.19,82935.05,82935.08,19080
1771486260,2026-02-19T13:01:00,82940.23,82973.42,82933.43,82963.24,13734
1771486320,2026-02-19T13:02:00,82963.84,82963.84,82926.76,82938.76,9678
1771486380,2026-02-19T13:03:00,82940.16,82977.22,82932.52,82938.77,3275
1771486440,2026-02-19T13:04:00,82935.54,82975.97,82931.2,82966.21,5928
1771486500,2026-02-19T13:05:00,82964.31,83003.83,82959.89,82999.1,8461
1771486560,2026-02-19T13:06:00,83010.19,83017.59,82972.97,82974.41,6716
1771486620,2026-02-19T13:07:00,82973.22,83020.2,82970.89,83018.96,13375
1771486680,2026-02-19T13:08:00,83021.84,83051.11,83014.59,83045.08,10848
1771486740,2026-02-19T13:09:00,83045.08,83074.67,83024.04,83045.17,72915
1771486800,2026-02-19T13:10:00,83047.25,83076.49,83044.93,83056.37,7161
1771486860,2026-02-19T13:11:00,83056.78,83071.55,83025.31,83029.53,8190
1771486920,2026-02-19T13:12:00,83031.57,83072.04,83016.14,83025.62,30555
1771486980,2026-02-19T13:13:00,83021.74,83038.36,83016.8,83038.32,9080
1771487040,2026-02-19T13:14:00,83027.35,83037.75,83019.43,83037.57,9998
1771487100,2026-02-19T13:15:00,83036.05,83036.05,82956.86,82956.86,9492
1771487160,2026-02-19T13:16:00,82954.08,83000.72,82952.93,82983.23,12465
1771487220,2026-02-19T13:17:00,82981.27,83011.09,82961.84,82963.36,5702
1771487280,2026-02-19T13:18:00,82961.19,83011.23,82957.25,82975.33,6895
1771487340,2026-02-19T13:19:00,82984.21,82984.21,82963.58,82972.67,4047
1771487400,2026-02-19T13:20:00,82965.29,83007.27,82960.03,82979.58,14118
1771487460,2026-02-19T13:21:00,82983.37,83046.34,82980.95,83046.34,19137
1771487520,2026-02-19T13:22:00,83052.66,83061.7,83019.24,83056.17,11002
1771487580,2026-02-19T13:23:00,83058.45,83072.54,83026.16,83045.1,14491
1771487640,2026-02-19T13:24:00,83042.03,83087.79,83041.47,83064.3,13529
1771487700,2026-02-19T13:25:00,83063.08,83079.98,83063.08,83071.54,3999
1771487760,2026-02-19T13:26:00,83071.54,83071.79,83017.6,83020.36,16443
1771487820,2026-02-19T13:27:00,83018.63,83018.63,82985.82,82996.25,15951
1771487880,2026-02-19T13:28:00,82996.44,83011.49,82986.36,83011.49,14713
1771487940,2026-02-19T13:29:00,83005.65,83047.99,82997.77,83041.24,4358
1771488000,2026-02-19T13:30:00,83041.14,83044.36,82992.0,83002.43,10382
1771488060,2026-02-19T13:31:00,83001.9,83001.9,82931.61,82932.38,31251
1771488120,2026-02-19T13:32:00,82933.1,82963.69,82913.53,82917.28,12814
1771488180,2026-02-19T13:33:00,82920.98,82934.4,82883.1,82893.32,246249
1771488240,2026-02-19T13:34:00,82892.8,82945.98,82874.88,82925.58,114889
1771488300,2026-02-19T13:35:00,82942.71,82942.71,82892.87,82929.23,143192
1771488360,2026-02-19T13:36:00,82932.41,82946.66,82894.81,82923.56,7320
1771488420,2026-02-19T13:37:00,82926.02,82968.8,82923.36,82967.35,10893
1771488480,2026-02-19T13:38:00,82967.35,82983.36,82964.06,82980.1,6498
1771488540,2026-02-19T13:39:00,82980.37,82984.36,82971.36,82975.86,28217
1771488600,2026-02-19T13:40:00,82976.24,82985.21,82971.06,82974.52,12447
1771488660,2026-02-19T13:41:00,82975.68,82990.93,82975.27,82989.33,11873
1771488720,2026-02-19T13:42:00,82989.11,82989.11,82966.0,82966.11,13844
1771488780,2026-02-19T13:43:00,82967.44,82969.38,82957.56,82962.43,14322
1771488840,2026-02-19T13:44:00,82965.56,82980.72,82961.86,82970.66,113595
1771488900,2026-02-19T13:45:00,82970.66,82979.13,82968.59,82969.57,11149
1771488960,2026-02-19T13:46:00,82969.49,82969.49,82953.94,82957.2,5831
1771489020,2026-02-19T13:47:00,82958.81,82962.11,82952.25,82957.11,5611
1771489080,2026-02-19T13:48:00,82953.15,82953.16,82907.36,82922.81,21640
1771489140,2026-02-19T13:49:00,82919.57,82941.73,82907.28,82941.0,16564
1771489200,2026-02-19T13:50:00,82942.5,82946.11,82904.23,82939.67,18827
1771489260,2026-02-19T13:51:00,82939.97,82943.33,82907.11,82936.08,6613
1771489320,2026-02-19T13:52:00,82934.16,82940.73,82887.59,82888.42,8016
1771489380,2026-02-19T13:53:00,82889.9,82891.95,82857.73,82885.44,16285
1771489440,2026-02-19T13:54:00,82887.26,82917.5,82887.26,82889.79,36954
1771489500,2026-02-19T13:55:00,82888.9,82922.58,82883.86,82886.44,7987
1771489560,2026-02-19T13:56:00,82892.36,82914.41,82865.08,82865.08,17521
1771489620,2026-02-19T13:57:00,82865.28,82886.12,82849.59,82854.43,7192
1771489680,2026-02-19T13:58:00,82851.45,82879.58,82830.66,82834.66,14538
1771489740,2026-02-19T13:59:00,82833.59,82865.27,82827.04,82827.04,11040
1771489800,2026-02-19T14:00:00,82827.12,82873.1,82819.94,82832.65,7862
1771489860,2026-02-19T14:01:00,82832.1,82860.68,82809.5,82836.83,132425
1771489920,2026-02-19T14:02:00,82836.5,82836.55,82788.57,82811.2,34117
1771489980,2026-02-19T14:03:00,82811.8,82827.01,82807.14,82807.14,10436
1771490040,2026-02-19T14:04:00,82810.29,82810.94,82794.44,82797.17,11135
1771490100,2026-02-19T14:05:00,82797.17,82797.4,82777.74,82788.11,15197
1771490160,2026-02-19T14:06:00,82789.34,82804.81,82778.9,82800.33,42661
1771490220,2026-02-19T14:07:00,82802.78,82837.5,82799.99,82812.94,22368
1771490280,2026-02-19T14:08:00,82834.5,82842.77,82806.06,82807.06,16673
1771490340,2026-02-19T14:09:00,82805.56,82851.42,82805.38,82826.41,10540
1771490400,2026-02-19T14:10:00,82826.44,82888.34,82826.44,82857.06,11753
1771490460,2026-02-19T14:11:00,82862.47,82868.75,82822.69,82845.13,6424
1771490520,2026-02-19T14:12:00,82847.68,82852.87,82832.61,82834.36,8297
1771490580,2026-02-19T14:13:00,82834.36,82851.32,82832.03,82847.79,7081
1771490640,2026-02-19T14:14:00,82850.93,82889.35,82850.93,82852.14,24351
1771490700,2026-02-19T14:15:00,82849.31,82881.61,82841.17,82861.54,117615
1771490760,2026-02-19T14:16:00,82862.39,82923.83,82856.35,82915.4,29847
1771490820,2026-02-19T14:17:00,82903.66,82932.09,82893.06,82932.09,21012
1771490880,2026-02-19T14:18:00,82931.24,82949.95,82911.32,82915.83,10729
1771490940,2026-02-19T14:19:00,82913.45,82951.95,82898.01,82946.47,7861
1771491000,2026-02-19T14:20:00,82948.03,82983.58,82936.77,82938.99,15361
1771491060,2026-02-19T14:21:00,82938.82,82957.72,82913.1,82913.1,119360
1771491120,2026-02-19T14:22:00,82908.26,82937.41,82887.9,82887.9,74345
1771491180,2026-02-19T14:23:00,82888.61,82899.53,82851.92,82894.3,45215
1771491240,2026-02-19T14:24:00,82893.75,82922.83,82875.01,82888.81,26578
1771491300,2026-02-19T14:25:00,82884.17,82900.46,82860.66,82886.02,7852
1771491360,2026-02-19T14:26:00,82882.8,82882.8,82844.93,82875.25,7194
1771491420,2026-02-19T14:27:00,82874.27,82875.37,82820.79,82847.24,6293
1771491480,2026-02-19T14:28:00,82844.36,82862.55,82819.15,82823.02,17679
1771491540,2026-02-19T14:29:00,82819.96,82827.22,82774.58,82777.55,11203
1771491600,2026-02-19T14:30:00,82777.85,82842.36,82777.85,82830.86,8198
1771491660,2026-02-19T14:31:00,82831.04,82848.7,82830.09,82842.55,6451
1771491720,2026-02-19T14:32:00,82842.58,82857.11,82840.6,82855.7,25113
1771491780,2026-02-19T14:33:00,82857.28,82863.62,82841.88,82845.2,6510
1771491840,2026-02-19T14:34:00,82845.2,82854.53,82838.9,82853.02,11769
1771491900,2026-02-19T14:35:00,82849.86,82880.92,82842.08,82851.69,16673
1771491960,2026-02-19T14:36:00,82848.64,82886.95,82837.05,82868.48,5779
1771492020,2026-02-19T14:37:00,82868.48,82879.78,82840.48,82866.64,14198
1771492080,2026-02-19T14:38:00,82865.17,82872.35,82824.6,82865.15,11430
1771492140,2026-02-19T14:39:00,82862.69,82863.09,82829.35,82838.91,4408
1771492200,2026-02-19T14:40:00,82837.97,82877.65,82834.48,82837.15,5727
1771492260,2026-02-19T14:41:00,82839.41,82850.61,82794.99,82795.17,6113
1771492320,2026-02-19T14:42:00,82796.45,82834.84,82770.53,82778.96,19544
1771492380,2026-02-19T14:43:00,82780.94,82799.47,82730.53,82736.98,23321
1771492440,2026-02-19T14:44:00,82730.05,82760.67,82704.61,82706.04,29992
1771492500,2026-02-19T14:45:00,82706.33,82715.44,82661.96,82665.02,43778
1771492560,2026-02-19T14:46:00,82671.86,82693.44,82645.52,82649.69,30042
1771492620,2026-02-19T14:47:00,82649.76,82664.23,82640.69,82655.79,17935
1771492680,2026-02-19T14:48:00,82654.15,82654.47,82591.07,82597.12,34581
1771492740,2026-02-19T14:49:00,82595.24,82678.73,82588.06,82676.13,32899
1771492800,2026-02-19T14:50:00,82674.31,82693.14,82672.97,82684.49,15335
1771492860,2026-02-19T14:51:00,82680.81,82693.15,82669.65,82689.92,20597
1771492920,2026-02-19T14:52:00,82685.99,82706.52,82671.89,82671.89,30923
1771492980,2026-02-19T14:53:00,82670.46,82711.44,82652.3,82652.3,24561
1771493040,2026-02-19T14:54:00,82654.73,82698.62,82649.0,82679.03,21856
1771493100,2026-02-19T14:55:00,82681.8,82705.64,82657.38,82687.12,23482
1771493160,2026-02-19T14:56:00,82687.28,82697.56,82647.5,82667.34,20803
1771493220,2026-02-19T14:57:00,82663.71,82707.78,82651.59,82690.46,34349
1771493280,2026-02-19T14:58:00,82694.6,82721.31,82667.9,82713.31,27063
1771493340,2026-02-19T14:59:00,82714.14,82727.95,82667.81,82667.81,40621
1771493400,2026-02-19T15:00:00,82672.96,82694.16,82612.39,82640.06,40674
1771493460,2026-02-19T15:01:00,82640.42,82640.42,82504.34,82507.86,187299
1771493520,2026-02-19T15:02:00,82506.4,82560.25,82490.34,82560.25,124306
1771493580,2026-02-19T15:03:00,82588.25,82679.96,82588.25,82646.9,733753
1771493640,2026-02-19T15:04:00,82638.06,82652.77,82606.91,82642.78,48455
1771493700,2026-02-19T15:05:00,82651.03,82659.25,82626.34,82641.36,34934
1771493760,2026-02-19T15:06:00,82642.22,82642.22,82512.3,82529.75,488412
1771493820,2026-02-19T15:07:00,82530.88,82532.41,82479.11,82495.43,200001
1771493880,2026-02-19T15:08:00,82502.13,82523.51,82450.03,82519.84,89321
1771493940,2026-02-19T15:09:00,82513.5,82594.73,82474.95,82571.49,42472
1771494000,2026-02-19T15:10:00,82572.25,82621.97,82572.25,82612.35,74662
1771494060,2026-02-19T15:11:00,82618.16,82621.5,82556.02,82556.97,238354
1771494120,2026-02-19T15:12:00,82551.25,82581.82,82532.57,82559.85,44346
1771494180,2026-02-19T15:13:00,82550.73,82551.16,82461.37,82461.37,66324
1771494240,2026-02-19T15:14:00,82484.3,82484.3,82419.78,82455.04,106865
1771494300,2026-02-19T15:15:00,82459.77,82464.02,82422.57,82449.32,124012
1771494360,2026-02-19T15:16:00,82450.92,82454.71,82400.9,82437.78,29793
1771494420,2026-02-19T15:17:00,82418.42,82418.44,82359.02,82410.81,39115
1771494480,2026-02-19T15:18:00,82406.62,82416.21,82343.05,82376.28,165685
1771494540,2026-02-19T15:19:00,82379.27,82379.77,82316.88,82323.51,56229
1771494600,2026-02-19T15:20:00,82314.86,82320.75,82280.77,82289.2,95106
1771494660,2026-02-19T15:21:00,82293.86,82338.64,82264.2,82338.64,62771
1771494720,2026-02-19T15:22:00,82335.78,82341.29,82273.69,82304.52,27354
1771494780,2026-02-19T15:23:00,82304.83,82313.6,82277.22,82310.31,65917
1771494840,2026-02-19T15:24:00,82310.29,82314.03,82290.19,82296.97,34924
1771494900,2026-02-19T15:25:00,82297.27,82322.72,82289.79,82309.26,90355
1771494960,2026-02-19T15:26:00,82315.54,82321.09,82296.16,82309.8,177329
1771495020,2026-02-19T15:27:00,82303.44,82316.7,82284.99,82307.35,76236
1771495080,2026-02-19T15:28:00,82312.62,82326.28,82275.83,82316.54,435730
1771495140,2026-02-19T15:29:00,82317.07,82363.0,82313.94,82348.18,49315
1771559100,2026-02-20T09:15:00,82272.49,82499.1,82206.21,82486.37,203372
1771559160,2026-02-20T09:16:00,82484.82,82550.27,82477.8,82506.06,96646
1771559220,2026-02-20T09:17:00,82505.0,82505.95,82413.49,82417.15,83643
1771559280,2026-02-20T09:18:00,82416.68,82434.27,82341.64,82400.53,94992
1771559340,2026-02-20T09:19:00,82401.0,82452.29,82384.47,82444.54,60161
1771559400,2026-02-20T09:20:00,82449.78,82490.47,82425.19,82478.12,71374
1771559460,2026-02-20T09:21:00,82478.46,82542.85,82475.31,82500.29,58359
1771559520,2026-02-20T09:22:00,82503.37,82515.53,82491.03,82501.45,38290
1771559580,2026-02-20T09:23:00,82505.6,82522.08,82457.81,82460.59,42177
1771559640,2026-02-20T09:24:00,82455.19,82457.82,82378.2,82378.2,76452
1771559700,2026-02-20T09:25:00,82383.77,82387.37,82325.13,82326.19,54437
1771559760,2026-02-20T09:26:00,82327.92,82358.79,82327.92,82344.09,52373
1771559820,2026-02-20T09:27:00,82342.66,82355.42,82333.51,82350.79,39274
1771559880,2026-02-20T09:28:00,82352.68,82352.68,82314.34,82314.34,31367
1771559940,2026-02-20T09:29:00,82310.08,82312.47,82227.78,82227.83,49891
1771560000,2026-02-20T09:30:00,82227.52,82348.87,82227.52,82348.87,60546
1771560060,2026-02-20T09:31:00,82352.25,82368.35,82304.47,82304.47,50555
1771560120,2026-02-20T09:32:00,82303.77,82369.5,82300.24,82369.5,39410
1771560180,2026-02-20T09:33:00,82371.26,82446.18,82371.26,82446.18,52444
1771560240,2026-02-20T09:34:00,82447.06,82494.76,82433.52,82480.71,49464
1771560300,2026-02-20T09:35:00,82481.77,82514.29,82477.6,82496.76,43649
1771560360,2026-02-20T09:36:00,82498.7,82529.83,82491.14,82524.08,39321
1771560420,2026-02-20T09:37:00,82520.67,82521.89,82482.81,82512.11,37984
1771560480,2026-02-20T09:38:00,82510.63,82514.13,82458.39,82460.17,36065
1771560540,2026-02-20T09:39:00,82463.86,82484.42,82463.86,82481.77,31533
1771560600,2026-02-20T09:40:00,82483.27,82484.2,82434.18,82442.05,20693
1771560660,2026-02-20T09:41:00,82447.09,82464.94,82433.94,82437.11,24701
1771560720,2026-02-20T09:42:00,82433.11,82497.13,82429.75,82495.47,23324
1771560780,2026-02-20T09:43:00,82496.4,82522.86,82493.76,82517.07,16200
1771560840,2026-02-20T09:44:00,82519.72,82535.81,82510.39,82521.03,23786
1771560900,2026-02-20T09:45:00,82521.03,82540.09,82510.44,82538.67,15078
1771560960,2026-02-20T09:46:00,82538.92,82561.04,82535.58,82552.93,16814
1771561020,2026-02-20T09:47:00,82552.54,82587.25,82548.81,82580.39,23362
1771561080,2026-02-20T09:48:00,82578.44,82619.96,82571.82,82615.42,31909
1771561140,2026-02-20T09:49:00,82612.03,82628.72,82595.48,82617.34,30456
1771561200,2026-02-20T09:50:00,82617.66,82654.47,82617.66,82643.16,23078
1771561260,2026-02-20T09:51:00,82645.92,82660.48,82637.45,82654.75,20660
1771561320,2026-02-20T09:52:00,82656.53,82662.2,82605.06,82605.7,53491
1771561380,2026-02-20T09:53:00,82609.79,82613.73,82596.64,82608.8,19750
1771561440,2026-02-20T09:54:00,82605.95,82605.95,82572.36,82601.34,316611
1771561500,2026-02-20T09:55:00,82601.52,82601.98,82577.76,82597.7,26196
1771561560,2026-02-20T09:56:00,82600.85,82656.39,82600.85,82656.39,33404
1771561620,2026-02-20T09:57:00,82655.11,82667.78,82643.38,82661.72,38556
1771561680,2026-02-20T09:58:00,82662.02,82665.2,82632.36,82641.38,18023
1771561740,2026-02-20T09:59:00,82646.98,82661.23,82633.19,82658.6,20070
1771561800,2026-02-20T10:00:00,82659.12,82670.21,82632.38,82636.62,31641
1771561860,2026-02-20T10:01:00,82634.0,82651.22,82629.66,82639.22,18417
1771561920,2026-02-20T10:02:00,82636.25,82636.68,82608.37,82612.23,13064
1771561980,2026-02-20T10:03:00,82609.92,82632.65,82579.31,82584.89,23215
1771562040,2026-02-20T10:04:00,82582.61,82594.84,82576.18,82591.27,19517
1771562100,2026-02-20T10:05:00,82592.97,82625.83,82591.3,82604.71,18569
1771562160,2026-02-20T10:06:00,82605.53,82647.85,82605.53,82637.97,19590
1771562220,2026-02-20T10:07:00,82638.43,82638.43,82605.21,82605.21,25487
1771562280,2026-02-20T10:08:00,82603.92,82607.19,82545.48,82545.48,33250
1771562340,2026-02-20T10:09:00,82544.82,82544.82,82502.68,82514.47,29060
1771562400,2026-02-20T10:10:00,82522.55,82552.65,82516.9,82551.8,38250
1771562460,2026-02-20T10:11:00,82553.02,82594.2,82545.88,82593.54,33576
1771562520,2026-02-20T10:12:00,82597.73,82611.71,82583.23,82592.91,11927
1771562580,2026-02-20T10:13:00,82589.56,82606.63,82570.53,82570.96,15537
1771562640,2026-02-20T10:14:00,82567.3,82568.55,82529.49,82544.51,36308
1771562700,2026-02-20T10:15:00,82545.29,82602.91,82545.29,82602.71,18249
1771562760,2026-02-20T10:16:00,82602.47,82659.24,82599.79,82659.24,41098
1771562820,2026-02-20T10:17:00,82660.16,82677.05,82651.09,82669.7,16927
1771562880,2026-02-20T10:18:00,82673.08,82733.89,82669.49,82729.58,34695
1771562940,2026-02-20T10:19:00,82732.72,82747.32,82728.15,82731.54,47202
1771563000,2026-02-20T10:20:00,82733.27,82742.39,82716.22,82721.55,61991
1771563060,2026-02-20T10:21:00,82722.84,82729.9,82718.94,82724.3,20618
1771563120,2026-02-20T10:22:00,82723.98,82774.8,82723.94,82764.7,21021
1771563180,2026-02-20T10:23:00,82766.51,82768.58,82749.02,82749.02,10591
1771563240,2026-02-20T10:24:00,82750.69,82766.36,82743.44,82759.18,14050
1771563300,2026-02-20T10:25:00,82760.34,82777.42,82760.34,82774.84,20598
1771563360,2026-02-20T10:26:00,82773.14,82830.33,82761.07,82828.61,45944
1771563420,2026-02-20T10:27:00,82828.76,82834.56,82815.37,82815.37,42250
1771563480,2026-02-20T10:28:00,82813.35,82815.71,82793.59,82793.59,11593
1771563540,2026-02-20T10:29:00,82791.62,82791.62,82771.36,82780.67,17138
1771563600,2026-02-20T10:30:00,82785.87,82851.93,82784.71,82840.66,209380
1771563660,2026-02-20T10:31:00,82839.89,82845.21,82829.84,82833.79,15386
1771563720,2026-02-20T10:32:00,82832.98,82854.88,82832.98,82837.61,25344
1771563780,2026-02-20T10:33:00,82838.65,82846.1,82828.25,82836.58,19175
1771563840,2026-02-20T10:34:00,82834.74,82838.3,82823.35,82833.62,26499
1771563900,2026-02-20T10:35:00,82834.07,82851.45,82832.53,82837.65,24665
1771563960,2026-02-20T10:36:00,82837.01,82845.29,82830.85,82845.29,12115
1771564020,2026-02-20T10:37:00,82844.67,82849.59,82828.79,82828.79,12987
1771564080,2026-02-20T10:38:00,82828.96,82829.7,82812.37,82820.3,14732
1771564140,2026-02-20T10:39:00,82826.2,82840.29,82824.61,82840.29,14568
1771564200,2026-02-20T10:40:00,82844.4,82908.85,82837.31,82907.13,20000
1771564260,2026-02-20T10:41:00,82907.13,82934.64,82903.6,82926.24,13892
1771564320,2026-02-20T10:42:00,82924.48,82930.28,82898.51,82910.8,16676
1771564380,2026-02-20T10:43:00,82910.16,82915.76,82900.66,82909.05,12157
1771564440,2026-02-20T10:44:00,82909.08,82929.05,82907.45,82921.2,15773
1771564500,2026-02-20T10:45:00,82921.2,82943.03,82917.85,82942.51,18343
1771564560,2026-02-20T10:46:00,82944.78,82946.0,82905.94,82923.89,24475
1771564620,2026-02-20T10:47:00,82923.89,82925.08,82895.68,82895.68,31846
1771564680,2026-02-20T10:48:00,82890.89,82899.6,82880.07,82890.95,21249
1771564740,2026-02-20T10:49:00,82889.22,82898.47,82876.23,82894.33,14171
1771564800,2026-02-20T10:50:00,82891.01,82898.72,82860.24,82865.02,7519
1771564860,2026-02-20T10:51:00,82861.21,82872.32,82855.7,82868.27,7077
1771564920,2026-02-20T10:52:00,82868.27,82893.03,82866.49,82889.41,14249
1771564980,2026-02-20T10:53:00,82889.4,82898.94,82875.54,82877.6,12771
1771565040,2026-02-20T10:54:00,82881.48,82895.21,82876.11,82881.54,7668
1771565100,2026-02-20T10:55:00,82882.7,82888.23,82878.51,82885.75,12600
1771565160,2026-02-20T10:56:00,82886.45,82895.44,82885.04,82888.43,13850
1771565220,2026-02-20T10:57:00,82890.09,82892.67,82884.14,82886.24,9520
1771565280,2026-02-20T10:58:00,82886.7,82887.3,82850.51,82851.91,12446
1771565340,2026-02-20T10:59:00,82852.1,82878.96,82847.39,82874.11,10565
1771565400,2026-02-20T11:00:00,82874.42,82884.2,82868.68,82884.2,43595
1771565460,2026-02-20T11:01:00,82883.52,82884.9,82855.5,82862.7,52117
1771565520,2026-02-20T11:02:00,82862.86,82866.39,82828.47,82840.06,49739
1771565580,2026-02-20T11:03:00,82839.73,82843.22,82831.53,82838.52,22354
1771565640,2026-02-20T11:04:00,82832.99,82850.45,82828.48,82841.76,52275
1771565700,2026-02-20T11:05:00,82847.58,82865.4,82844.19,82861.97,62939
1771565760,2026-02-20T11:06:00,82860.91,82874.27,82842.9,82842.9,43049
1771565820,2026-02-20T11:07:00,82844.52,82844.52,82836.8,82837.5,27942
1771565880,2026-02-20T11:08:00,82836.85,82840.97,82813.11,82828.97,40529
1771565940,2026-02-20T11:09:00,82828.97,82831.64,82810.56,82810.56,13321
1771566000,2026-02-20T11:10:00,82810.14,82822.75,82810.14,82819.18,11273
1771566060,2026-02-20T11:11:00,82818.45,82824.36,82800.76,82820.89,23209
1771566120,2026-02-20T11:12:00,82819.58,82845.26,82819.58,82845.26,88634
1771566180,2026-02-20T11:13:00,82845.26,82857.88,82811.37,82815.23,139173
1771566240,2026-02-20T11:14:00,82813.53,82813.53,82787.45,82790.78,15424
1771566300,2026-02-20T11:15:00,82791.09,82849.81,82790.98,82845.35,26957
1771566360,2026-02-20T11:16:00,82842.15,82845.43,82826.11,82837.4,13087
1771566420,2026-02-20T11:17:00,82835.35,82839.24,82814.08,82824.14,16797
1771566480,2026-02-20T11:18:00,82824.74,82838.08,82815.16,82838.08,12731
1771566540,2026-02-20T11:19:00,82838.28,82850.43,82836.24,82842.83,9739
1771566600,2026-02-20T11:20:00,82842.83,82849.73,82838.42,82841.93,26084
1771566660,2026-02-20T11:21:00,82841.82,82860.5,82837.12,82840.65,18772
1771566720,2026-02-20T11:22:00,82841.39,82841.39,82808.45,82808.45,22287
1771566780,2026-02-20T11:23:00,82809.24,82813.66,82793.81,82795.31,8613
1771566840,2026-02-20T11:24:00,82800.31,82818.82,82797.31,82815.58,17149
1771566900,2026-02-20T11:25:00,82817.88,82819.46,82805.75,82818.63,15063
1771566960,2026-02-20T11:26:00,82818.63,82836.82,82818.42,82836.7,15103
1771567020,2026-02-20T11:27:00,82838.15,82854.64,82838.15,82848.14,23395
1771567080,2026-02-20T11:28:00,82847.25,82892.14,82847.25,82892.14,39362
1771567140,2026-02-20T11:29:00,82895.47,82902.32,82877.0,82878.53,10618
1771567200,2026-02-20T11:30:00,82878.22,82897.6,82867.11,82895.79,26467
1771567260,2026-02-20T11:31:00,82894.61,82913.89,82894.09,82910.33,9835
1771567320,2026-02-20T11:32:00,82908.33,82908.33,82873.37,82878.18,13368
1771567380,2026-02-20T11:33:00,82880.77,82881.37,82856.8,82879.6,18371
1771567440,2026-02-20T11:34:00,82881.09,82893.32,82875.43,82888.77,11384
1771567500,2026-02-20T11:35:00,82888.48,82897.8,82882.25,82886.01,17581
1771567560,2026-02-20T11:36:00,82886.01,82899.94,82878.35,82899.94,14908
1771567620,2026-02-20T11:37:00,82899.86,82918.86,82894.63,82917.0,15270
1771567680,2026-02-20T11:38:00,82917.78,82928.87,82911.57,82912.69,68916
1771567740,2026-02-20T11:39:00,82913.32,82932.02,82913.27,82921.66,27177
1771567800,2026-02-20T11:40:00,82919.48,82934.48,82918.81,82929.27,13080
1771567860,2026-02-20T11:41:00,82928.24,82945.23,82922.78,82935.08,24786
1771567920,2026-02-20T11:42:00,82934.78,82943.0,82916.54,82924.53,57288
1771567980,2026-02-20T11:43:00,82923.02,82928.49,82911.25,82922.05,91249
1771568040,2026-02-20T11:44:00,82922.05,82928.19,82920.16,82925.78,22630
1771568100,2026-02-20T11:45:00,82921.54,82946.32,82920.9,82941.67,32666
1771568160,2026-02-20T11:46:00,82941.67,82973.77,82937.83,82972.48,22184
1771568220,2026-02-20T11:47:00,82973.79,82974.39,82941.7,82948.86,7711
1771568280,2026-02-20T11:48:00,82948.08,82951.42,82900.48,82900.48,15597
1771568340,2026-02-20T11:49:00,82902.65,82903.71,82887.1,82893.64,7417
1771568400,2026-02-20T11:50:00,82889.48,82893.66,82874.83,82874.83,7958
1771568460,2026-02-20T11:51:00,82875.32,82901.68,82874.92,82896.63,6899
1771568520,2026-02-20T11:52:00,82896.12,82908.82,82891.86,82898.55,9812
1771568580,2026-02-20T11:53:00,82899.92,82911.96,82893.7,82893.7,318211
1771568640,2026-02-20T11:54:00,82893.01,82895.13,82862.44,82869.58,17971
1771568700,2026-02-20T11:55:00,82869.58,82873.81,82859.92,82863.43,18167
1771568760,2026-02-20T11:56:00,82863.44,82893.08,82863.44,82893.08,17923
1771568820,2026-02-20T11:57:00,82893.68,82919.67,82883.76,82918.59,33897
1771568880,2026-02-20T11:58:00,82918.59,82946.21,82915.22,82946.21,35151
1771568940,2026-02-20T11:59:00,82943.59,82943.62,82921.24,82923.0,32576
1771569000,2026-02-20T12:00:00,82921.1,82926.83,82913.22,82923.39,14217
1771569060,2026-02-20T12:01:00,82922.18,82922.18,82871.79,82874.08,16874
1771569120,2026-02-20T12:02:00,82873.04,82880.46,82864.69,82875.34,10747
1771569180,2026-02-20T12:03:00,82875.11,82883.09,82866.31,82870.74,16779
1771569240,2026-02-20T12:04:00,82873.42,82884.17,82857.08,82884.17,17977
1771569300,2026-02-20T12:05:00,82882.39,82885.23,82865.58,82873.01,6923
1771569360,2026-02-20T12:06:00,82877.19,82882.49,82865.74,82875.24,362688
1771569420,2026-02-20T12:07:00,82874.66,82883.62,82871.97,82883.62,11429
1771569480,2026-02-20T12:08:00,82883.62,82899.34,82883.62,82897.76,5024
1771569540,2026-02-20T12:09:00,82894.9,82899.53,82880.02,82892.97,38445
1771569600,2026-02-20T12:10:00,82893.51,82908.76,82891.4,82894.79,39980
1771569660,2026-02-20T12:11:00,82899.6,82915.67,82893.71,82914.5,8644
1771569720,2026-02-20T12:12:00,82914.17,82915.94,82898.77,82900.77,1149471
1771569780,2026-02-20T12:13:00,82905.46,82912.08,82899.45,82911.91,15331
1771569840,2026-02-20T12:14:00,82912.87,82929.88,82911.72,82926.8,11992
1771569900,2026-02-20T12:15:00,82926.8,82970.72,82920.38,82970.72,26906
1771569960,2026-02-20T12:16:00,82967.69,82997.74,82963.06,82995.72,29814
1771570020,2026-02-20T12:17:00,82992.92,83023.98,82986.27,83005.1,11120
1771570080,2026-02-20T12:18:00,82999.68,83037.47,82990.97,83035.89,17155
1771570140,2026-02-20T12:19:00,83036.28,83044.9,83028.1,83029.34,15559
1771570200,2026-02-20T12:20:00,83029.52,83068.56,83029.52,83046.21,97586
1771570260,2026-02-20T12:21:00,83045.96,83068.63,83042.08,83066.43,15539
1771570320,2026-02-20T12:22:00,83066.96,83080.03,83057.31,83080.03,23771
1771570380,2026-02-20T12:23:00,83080.65,83086.74,83071.98,83080.19,15027
1771570440,2026-02-20T12:24:00,83080.57,83090.56,83072.5,83083.16,36412
1771570500,2026-02-20T12:25:00,83083.22,83092.54,83070.16,83082.1,22343
1771570560,2026-02-20T12:26:00,83083.85,83125.55,83081.1,83125.55,28286
1771570620,2026-02-20T12:27:00,83124.38,83132.08,83092.88,83095.93,17535
1771570680,2026-02-20T12:28:00,83094.51,83118.77,83090.44,83105.84,13022
1771570740,2026-02-20T12:29:00,83106.81,83112.53,83085.96,83088.04,16480
1771570800,2026-02-20T12:30:00,83095.56,83108.58,83093.75,83096.2,9349
1771570860,2026-02-20T12:31:00,83092.24,83113.19,83091.02,83113.19,14062
1771570920,2026-02-20T12:32:00,83113.89,83113.89,83094.74,83097.92,8935
1771570980,2026-02-20T12:33:00,83097.92,83097.92,83061.15,83063.36,13148
1771571040,2026-02-20T12:34:00,83062.65,83069.08,83055.34,83057.59,19894
1771571100,2026-02-20T12:35:00,83057.88,83074.04,83055.36,83065.5,9509
1771571160,2026-02-20T12:36:00,83064.86,83078.33,83059.73,83060.8,13392
1771571220,2026-02-20T12:37:00,83060.5,83072.51,83040.47,83042.66,17998
1771571280,2026-02-20T12:38:00,83040.75,83053.62,83039.27,83043.48,15267
1771571340,2026-02-20T12:39:00,83043.06,83044.96,83022.23,83026.38,21154
1771571400,2026-02-20T12:40:00,83023.25,83030.7,83018.94,83030.24,14082
1771571460,2026-02-20T12:41:00,83032.14,83032.94,83018.04,83018.04,22371
1771571520,2026-02-20T12:42:00,83018.67,83018.67,82998.66,83000.6,7690
1771571580,2026-02-20T12:43:00,83000.6,83005.11,82958.22,82959.62,32629
1771571640,2026-02-20T12:44:00,82953.32,82959.55,82937.96,82938.19,29957
1771571700,2026-02-20T12:45:00,82938.68,82942.02,82924.35,82934.9,13177
1771571760,2026-02-20T12:46:00,82934.2,82934.2,82889.25,82896.94,18412
1771571820,2026-02-20T12:47:00,82894.16,82920.74,82890.35,82918.9,9773
1771571880,2026-02-20T12:48:00,82918.25,82965.76,82915.67,82964.87,22495
1771571940,2026-02-20T12:49:00,82965.57,82986.75,82951.07,82954.9,144335
1771572000,2026-02-20T12:50:00,82952.96,82959.29,82937.66,82943.55,13315
1771572060,2026-02-20T12:51:00,82942.96,82960.54,82942.96,82955.41,18460
1771572120,2026-02-20T12:52:00,82955.1,82958.62,82947.67,82956.35,14248
1771572180,2026-02-20T12:53:00,82958.38,82960.81,82920.4,82926.26,21832
1771572240,2026-02-20T12:54:00,82931.31,82953.21,82930.54,82952.32,7718
1771572300,2026-02-20T12:55:00,82956.48,82964.32,82946.21,82949.47,3976
1771572360,2026-02-20T12:56:00,82945.6,82950.8,82892.07,82902.45,14391
1771572420,2026-02-20T12:57:00,82900.68,82905.94,82858.15,82858.15,25237
1771572480,2026-02-20T12:58:00,82856.61,82859.23,82836.33,82855.08,17704
1771572540,2026-02-20T12:59:00,82857.48,82893.67,82857.48,82893.48,14315
1771572600,2026-02-20T13:00:00,82892.56,82934.9,82886.58,82933.83,34547
1771572660,2026-02-20T13:01:00,82933.01,82942.02,82926.98,82932.16,11372
1771572720,2026-02-20T13:02:00,82931.72,82941.37,82897.68,82898.64,18282
1771572780,2026-02-20T13:03:00,82898.64,82899.73,82878.35,82879.79,29628
1771572840,2026-02-20T13:04:00,82879.79,82891.33,82876.68,82884.91,21043
1771572900,2026-02-20T13:05:00,82885.58,82886.88,82865.86,82867.75,9719
1771572960,2026-02-20T13:06:00,82870.78,82874.42,82849.37,82849.58,6888
1771573020,2026-02-20T13:07:00,82849.49,82849.49,82825.9,82825.9,22268
1771573080,2026-02-20T13:08:00,82824.87,82835.4,82809.57,82817.86,21194
1771573140,2026-02-20T13:09:00,82817.2,82821.85,82798.57,82798.83,29982
1771573200,2026-02-20T13:10:00,82799.71,82809.41,82778.96,82780.46,16108
1771573260,2026-02-20T13:11:00,82778.57,82778.57,82723.58,82730.33,19020
1771573320,2026-02-20T13:12:00,82726.41,82735.68,82718.01,82735.68,528113
1771573380,2026-02-20T13:13:00,82730.81,82758.79,82727.92,82758.79,13795
1771573440,2026-02-20T13:14:00,82759.7,82775.95,82757.28,82766.23,20970
1771573500,2026-02-20T13:15:00,82765.74,82765.74,82721.43,82721.43,43395
1771573560,2026-02-20T13:16:00,82722.13,82741.22,82710.94,82741.22,50443
1771573620,2026-02-20T13:17:00,82740.04,82778.99,82740.02,82746.76,27065
1771573680,2026-02-20T13:18:00,82746.66,82760.0,82734.17,82739.78,8501
1771573740,2026-02-20T13:19:00,82736.72,82737.32,82717.54,82735.5,26714
1771573800,2026-02-20T13:20:00,82736.41,82754.45,82727.24,82735.76,15878
1771573860,2026-02-20T13:21:00,82734.04,82737.31,82691.02,82693.91,8198
1771573920,2026-02-20T13:22:00,82695.06,82737.4,82695.06,82735.15,12636
1771573980,2026-02-20T13:23:00,82734.85,82735.19,82702.39,82716.45,14744
1771574040,2026-02-20T13:24:00,82716.52,82744.78,82713.94,82740.64,21130
1771574100,2026-02-20T13:25:00,82740.84,82747.51,82715.06,82736.77,16495
1771574160,2026-02-20T13:26:00,82736.29,82763.16,82736.29,82757.02,11058
1771574220,2026-02-20T13:27:00,82756.89,82772.38,82751.16,82772.38,11502
1771574280,2026-02-20T13:28:00,82771.77,82824.52,82768.64,82814.95,9110
1771574340,2026-02-20T13:29:00,82813.86,82825.75,82803.66,82822.44,3926
1771574400,2026-02-20T13:30:00,82821.71,82852.25,82811.09,82839.38,19682
1771574460,2026-02-20T13:31:00,82838.56,82867.74,82838.29,82853.2,37962
1771574520,2026-02-20T13:32:00,82853.2,82879.33,82853.2,82877.96,10842
1771574580,2026-02-20T13:33:00,82877.6,82883.32,82853.89,82859.36,12231
1771574640,2026-02-20T13:34:00,82859.33,82888.01,82851.06,82888.01,6011
1771574700,2026-02-20T13:35:00,82892.3,82941.74,82885.96,82935.81,19180
1771574760,2026-02-20T13:36:00,82936.15,82936.15,82872.22,82873.85,8440
1771574820,2026-02-20T13:37:00,82871.43,82876.26,82851.54,82854.93,12450
1771574880,2026-02-20T13:38:00,82858.29,82879.18,82858.29,82868.79,46174
1771574940,2026-02-20T13:39:00,82867.75,82867.75,82839.95,82844.62,10744
1771575000,2026-02-20T13:40:00,82844.62,82854.57,82840.38,82840.82,4983
1771575060,2026-02-20T13:41:00,82842.26,82842.32,82820.17,82828.68,8593
1771575120,2026-02-20T13:42:00,82821.31,82824.04,82789.17,82799.62,10024
1771575180,2026-02-20T13:43:00,82799.88,82849.79,82799.88,82849.79,9961
1771575240,2026-02-20T13:44:00,82848.97,82856.32,82835.51,82839.17,10387
1771575300,2026-02-20T13:45:00,82840.37,82875.76,82840.37,82851.98,54841
1771575360,2026-02-20T13:46:00,82851.98,82855.05,82832.39,82833.14,5353
1771575420,2026-02-20T13:47:00,82833.43,82838.71,82824.33,82830.4,1640501
1771575480,2026-02-20T13:48:00,82831.81,82842.27,82822.93,82836.81,12411
1771575540,2026-02-20T13:49:00,82837.18,82852.06,82824.86,82851.51,15596
1771575600,2026-02-20T13:50:00,82852.67,82863.43,82849.68,82855.98,7638
1771575660,2026-02-20T13:51:00,82854.82,82861.29,82843.2,82843.78,16524
1771575720,2026-02-20T13:52:00,82844.59,82851.73,82833.8,82835.97,4623
1771575780,2026-02-20T13:53:00,82838.36,82843.44,82828.01,82843.44,6490
1771575840,2026-02-20T13:54:00,82841.8,82843.45,82817.04,82817.06,16204
1771575900,2026-02-20T13:55:00,82816.19,82831.64,82805.21,82824.56,15129
1771575960,2026-02-20T13:56:00,82824.56,82840.67,82822.74,82840.67,1009058
1771576020,2026-02-20T13:57:00,82838.23,82866.18,82835.62,82859.17,21126
1771576080,2026-02-20T13:58:00,82864.31,82922.33,82864.31,82920.29,36978
1771576140,2026-02-20T13:59:00,82920.14,82926.4,82908.11,82919.22,21846
1771576200,2026-02-20T14:00:00,82919.94,82932.88,82908.11,82927.06,26970
1771576260,2026-02-20T14:01:00,82924.95,82956.0,82922.93,82944.45,199907
1771576320,2026-02-20T14:02:00,82945.0,82945.79,82909.07,82912.34,27870
1771576380,2026-02-20T14:03:00,82911.43,82932.21,82908.77,82909.22,13544
1771576440,2026-02-20T14:04:00,82909.62,82919.63,82906.32,82906.32,26022
1771576500,2026-02-20T14:05:00,82905.45,82905.48,82856.82,82874.78,1535327
1771576560,2026-02-20T14:06:00,82874.27,82891.62,82874.27,82891.62,18776
1771576620,2026-02-20T14:07:00,82887.77,82913.27,82874.81,82911.72,19063
1771576680,2026-02-20T14:08:00,82909.45,82918.0,82901.67,82902.4,8051
1771576740,2026-02-20T14:09:00,82904.44,82906.32,82893.27,82901.51,11622
1771576800,2026-02-20T14:10:00,82902.09,82910.61,82901.05,82903.08,15956
1771576860,2026-02-20T14:11:00,82902.66,82924.23,82898.27,82912.92,15089
1771576920,2026-02-20T14:12:00,82912.42,82916.49,82901.22,82910.64,21124
1771576980,2026-02-20T14:13:00,82908.66,82919.64,82901.44,82919.64,17103
1771577040,2026-02-20T14:14:00,82921.23,82926.68,82904.52,82906.72,17132
1771577100,2026-02-20T14:15:00,82906.72,82963.32,82906.72,82956.13,19972
1771577160,2026-02-20T14:16:00,82956.89,82987.15,82956.89,82985.56,20996
1771577220,2026-02-20T14:17:00,82984.1,82995.75,82976.07,82995.75,15964
1771577280,2026-02-20T14:18:00,82998.35,83017.92,82993.66,83017.92,32732
1771577340,2026-02-20T14:19:00,83022.14,83029.26,83002.37,83027.38,23417
1771577400,2026-02-20T14:20:00,83026.16,83027.26,82992.43,83002.35,22366
1771577460,2026-02-20T14:21:00,83004.76,83036.31,82996.43,83035.81,16750
1771577520,2026-02-20T14:22:00,83037.56,83043.48,83006.33,83008.28,6747
1771577580,2026-02-20T14:23:00,83008.28,83008.28,82981.75,82981.75,22405
1771577640,2026-02-20T14:24:00,82983.42,82983.79,82943.5,82943.5,8443
1771577700,2026-02-20T14:25:00,82943.19,82950.04,82933.34,82944.29,11034
1771577760,2026-02-20T14:26:00,82940.14,82950.89,82903.95,82903.95,13902
1771577820,2026-02-20T14:27:00,82903.95,82929.33,82901.0,82907.29,7828
1771577880,2026-02-20T14:28:00,82905.02,82908.88,82888.54,82896.47,14874
1771577940,2026-02-20T14:29:00,82896.47,82935.46,82896.47,82915.1,1036708
1771578000,2026-02-20T14:30:00,82910.38,82920.53,82893.74,82911.69,38040
1771578060,2026-02-20T14:31:00,82915.02,82934.03,82909.87,82918.8,24710
1771578120,2026-02-20T14:32:00,82918.8,82937.5,82907.67,82918.05,19096
1771578180,2026-02-20T14:33:00,82916.53,82932.26,82913.17,82924.39,11327
1771578240,2026-02-20T14:34:00,82929.79,82937.25,82916.87,82920.6,11346
1771578300,2026-02-20T14:35:00,82920.6,82964.95,82914.14,82959.54,16087
1771578360,2026-02-20T14:36:00,82958.18,82972.86,82947.34,82955.05,151898
1771578420,2026-02-20T14:37:00,82954.5,82969.03,82953.57,82955.59,7754
1771578480,2026-02-20T14:38:00,82952.86,82953.83,82922.96,82933.03,10016
1771578540,2026-02-20T14:39:00,82933.03,82964.1,82924.27,82961.29,89293
1771578600,2026-02-20T14:40:00,82957.06,82979.99,82956.84,82965.71,6934
1771578660,2026-02-20T14:41:00,82964.66,82979.84,82953.39,82967.74,5273
1771578720,2026-02-20T14:42:00,82968.42,82978.87,82962.36,82976.34,9344
1771578780,2026-02-20T14:43:00,82976.34,82991.58,82971.11,82986.18,7897
1771578840,2026-02-20T14:44:00,82987.66,83037.22,82984.2,83022.01,36204
1771578900,2026-02-20T14:45:00,83022.69,83046.63,83019.3,83046.08,15779
1771578960,2026-02-20T14:46:00,83046.08,83061.82,83042.02,83060.8,12095
1771579020,2026-02-20T14:47:00,83061.0,83061.0,83032.08,83041.77,7841
1771579080,2026-02-20T14:48:00,83041.52,83076.5,83040.98,83071.73,33646
1771579140,2026-02-20T14:49:00,83070.13,83086.96,83068.71,83085.47,21435
1771579200,2026-02-20T14:50:00,83086.52,83086.52,83042.04,83045.06,8877
1771579260,2026-02-20T14:51:00,83040.19,83040.19,82983.63,83004.34,17524
1771579320,2026-02-20T14:52:00,83002.03,83036.84,82998.0,83036.84,10202
1771579380,2026-02-20T14:53:00,83037.59,83037.59,82996.17,82999.78,11777
1771579440,2026-02-20T14:54:00,83000.18,83018.15,82998.03,83016.11,8502
1771579500,2026-02-20T14:55:00,83017.16,83041.04,83012.97,83040.58,9177
1771579560,2026-02-20T14:56:00,83040.58,83043.32,83011.48,83013.09,12827
1771579620,2026-02-20T14:57:00,83012.75,83018.85,83004.65,83009.62,15653
1771579680,2026-02-20T14:58:00,83007.69,83027.02,83005.41,83027.02,16775
1771579740,2026-02-20T14:59:00,83027.63,83045.79,83026.87,83045.79,35418
1771579800,2026-02-20T15:00:00,83059.85,83070.86,82991.7,82992.4,61883
1771579860,2026-02-20T15:01:00,82991.44,82998.59,82981.23,82986.44,33608
1771579920,2026-02-20T15:02:00,82987.54,82996.49,82941.56,82944.31,34671
1771579980,2026-02-20T15:03:00,82946.24,82954.96,82940.24,82952.0,9186
1771580040,2026-02-20T15:04:00,82952.2,82952.2,82900.7,82907.83,120102
1771580100,2026-02-20T15:05:00,82904.35,82904.35,82885.79,82885.79,67844
1771580160,2026-02-20T15:06:00,82878.99,82878.99,82849.67,82856.96,25391
1771580220,2026-02-20T15:07:00,82856.33,82856.33,82823.9,82827.65,21408
1771580280,2026-02-20T15:08:00,82824.35,82833.26,82816.27,82829.77,21560
1771580340,2026-02-20T15:09:00,82832.59,82852.45,82826.79,82830.54,26596
1771580400,2026-02-20T15:10:00,82829.9,82838.16,82802.34,82803.23,832746
1771580460,2026-02-20T15:11:00,82807.17,82825.45,82802.89,82805.11,33085
1771580520,2026-02-20T15:12:00,82801.9,82801.9,82781.66,82786.04,22939
1771580580,2026-02-20T15:13:00,82789.13,82798.68,82785.26,82791.41,77980
1771580640,2026-02-20T15:14:00,82798.22,82809.6,82789.03,82795.57,37092
1771580700,2026-02-20T15:15:00,82797.05,82808.31,82793.27,82799.58,37601
1771580760,2026-02-20T15:16:00,82799.15,82812.13,82792.18,82805.17,32739
1771580820,2026-02-20T15:17:00,82805.58,82808.35,82789.97,82794.81,22814
1771580880,2026-02-20T15:18:00,82800.55,82802.85,82784.55,82791.73,55008
1771580940,2026-02-20T15:19:00,82792.27,82796.72,82750.42,82756.15,39441
1771581000,2026-02-20T15:20:00,82756.96,82760.66,82716.24,82719.68,34882
1771581060,2026-02-20T15:21:00,82720.38,82734.71,82705.02,82711.04,43734
1771581120,2026-02-20T15:22:00,82713.62,82795.97,82713.62,82790.83,51519
1771581180,2026-02-20T15:23:00,82791.24,82797.44,82766.44,82776.14,45625
1771581240,2026-02-20T15:24:00,82777.3,82792.62,82765.33,82788.56,37363
1771581300,2026-02-20T15:25:00,82797.52,82827.47,82797.52,82827.47,27050
1771581360,2026-02-20T15:26:00,82826.58,82827.92,82764.95,82764.95,125762
1771581420,2026-02-20T15:27:00,82764.96,82808.18,82761.74,82804.15,50896
1771581480,2026-02-20T15:28:00,82792.74,82844.92,82792.53,82835.42,792808
1771581540,2026-02-20T15:29:00,82834.43,82848.12,82794.82,82794.82,35616
1771818300,2026-02-23T09:15:00,82906.83,83155.89,82906.83,83068.55,243476
1771818360,2026-02-23T09:16:00,83062.66,83166.67,83039.57,83149.81,162786
1771818420,2026-02-23T09:17:00,83154.27,83250.12,83119.11,83248.75,178521
1771818480,2026-02-23T09:18:00,83247.73,83270.15,83198.77,83231.37,103234
1771818540,2026-02-23T09:19:00,83236.42,83275.0,83226.37,83248.82,140969
1771818600,2026-02-23T09:20:00,83251.02,83340.72,83251.02,83333.39,76241
1771818660,2026-02-23T09:21:00,83334.39,83354.99,83314.69,83318.3,62293
1771818720,2026-02-23T09:22:00,83305.94,83328.12,83292.62,83312.08,69705
1771818780,2026-02-23T09:23:00,83310.76,83355.73,83296.46,83355.73,73201
1771818840,2026-02-23T09:24:00,83359.91,83387.56,83343.22,83376.65,62938
1771818900,2026-02-23T09:25:00,83369.96,83391.31,83355.36,83385.19,55808
1771818960,2026-02-23T09:26:00,83386.36,83439.07,83383.45,83409.62,59178
1771819020,2026-02-23T09:27:00,83403.85,83433.14,83403.6,83430.98,64647
1771819080,2026-02-23T09:28:00,83442.44,83470.06,83434.46,83436.91,52742
1771819140,2026-02-23T09:29:00,83435.67,83442.23,83411.57,83442.23,52834
1771819200,2026-02-23T09:30:00,83442.19,83486.15,83442.19,83477.25,52720
1771819260,2026-02-23T09:31:00,83479.5,83479.57,83412.61,83414.67,31753
1771819320,2026-02-23T09:32:00,83412.14,83416.27,83377.24,83404.2,58323
1771819380,2026-02-23T09:33:00,83402.59,83404.47,83371.84,83390.82,71353
1771819440,2026-02-23T09:34:00,83389.61,83391.18,83363.68,83376.09,39798
1771819500,2026-02-23T09:35:00,83377.13,83433.16,83374.08,83403.72,77976
1771819560,2026-02-23T09:36:00,83402.62,83406.77,83375.52,83405.91,27201
1771819620,2026-02-23T09:37:00,83409.82,83429.45,83401.74,83415.46,29326
1771819680,2026-02-23T09:38:00,83413.36,83447.27,83381.3,83381.3,46801
1771819740,2026-02-23T09:39:00,83379.56,83381.12,83328.72,83330.24,45117
1771819800,2026-02-23T09:40:00,83327.39,83330.6,83298.88,83298.88,53518
1771819860,2026-02-23T09:41:00,83298.18,83325.76,83281.51,83325.76,81340
1771819920,2026-02-23T09:42:00,83326.86,83338.33,83319.55,83332.33,53631
1771819980,2026-02-23T09:43:00,83330.71,83345.3,83325.38,83338.28,34160
1771820040,2026-02-23T09:44:00,83337.43,83356.31,83330.12,83337.14,330611
1771820100,2026-02-23T09:45:00,83336.64,83359.83,83324.2,83359.83,1042638
1771820160,2026-02-23T09:46:00,83357.89,83363.42,83318.6,83325.71,43657
1771820220,2026-02-23T09:47:00,83322.8,83373.49,83322.61,83358.87,34199
1771820280,2026-02-23T09:48:00,83357.66,83393.66,83345.6,83375.24,27067
1771820340,2026-02-23T09:49:00,83375.2,83405.75,83373.89,83379.04,50739
1771820400,2026-02-23T09:50:00,83378.75,83380.98,83340.11,83349.24,41230
1771820460,2026-02-23T09:51:00,83348.9,83384.22,83348.87,83378.88,31937
1771820520,2026-02-23T09:52:00,83376.76,83381.72,83364.71,83371.61,27056
1771820580,2026-02-23T09:53:00,83368.63,83369.97,83294.0,83296.17,40230
1771820640,2026-02-23T09:54:00,83296.17,83296.82,83268.4,83290.73,39163
1771820700,2026-02-23T09:55:00,83290.55,83313.86,83275.73,83313.86,32907
1771820760,2026-02-23T09:56:00,83312.35,83356.34,83311.37,83350.94,43085
1771820820,2026-02-23T09:57:00,83352.55,83354.26,83334.54,83338.19,22251
1771820880,2026-02-23T09:58:00,83337.62,83340.49,83308.25,83326.15,33336
1771820940,2026-02-23T09:59:00,83327.2,83339.2,83323.01,83332.61,40309
1771821000,2026-02-23T10:00:00,83327.47,83334.57,83298.03,83304.56,24395
1771821060,2026-02-23T10:01:00,83299.76,83330.49,83299.25,83323.53,189380
1771821120,2026-02-23T10:02:00,83324.42,83337.52,83310.71,83327.01,34171
1771821180,2026-02-23T10:03:00,83332.2,83346.95,83322.83,83331.97,30907
1771821240,2026-02-23T10:04:00,83335.93,83335.93,83313.14,83330.42,30500
1771821300,2026-02-23T10:05:00,83332.98,83350.84,83319.1,83332.49,41285
1771821360,2026-02-23T10:06:00,83331.78,83340.04,83311.56,83333.09,128507
1771821420,2026-02-23T10:07:00,83333.91,83335.32,83299.5,83301.88,1036284
1771821480,2026-02-23T10:08:00,83302.31,83333.21,83302.31,83307.44,15313
1771821540,2026-02-23T10:09:00,83308.35,83325.33,83302.5,83320.68,2021115
1771821600,2026-02-23T10:10:00,83320.27,83328.24,83307.07,83322.0,27208
1771821660,2026-02-23T10:11:00,83318.99,83332.09,83301.98,83303.4,27564
1771821720,2026-02-23T10:12:00,83304.15,83304.91,83279.75,83293.0,41095
1771821780,2026-02-23T10:13:00,83285.53,83289.83,83256.29,83258.55,37197
1771821840,2026-02-23T10:14:00,83258.46,83278.43,83241.93,83278.43,43752
1771821900,2026-02-23T10:15:00,83283.1,83310.94,83280.64,83293.26,61282
1771821960,2026-02-23T10:16:00,83291.56,83295.74,83273.63,83294.62,30842
1771822020,2026-02-23T10:17:00,83296.13,83323.51,83295.48,83323.1,26641
1771822080,2026-02-23T10:18:00,83321.95,83331.81,83316.58,83326.9,31704
1771822140,2026-02-23T10:19:00,83329.23,83344.5,83317.07,83329.33,41272
1771822200,2026-02-23T10:20:00,83330.21,83335.73,83310.8,83319.06,30942
1771822260,2026-02-23T10:21:00,83311.75,83327.34,83300.82,83314.93,27063
1771822320,2026-02-23T10:22:00,83318.09,83333.77,83305.32,83332.87,29398
1771822380,2026-02-23T10:23:00,83333.15,83334.1,83322.46,83330.68,31358
1771822440,2026-02-23T10:24:00,83330.38,83336.47,83314.62,83319.33,20713
1771822500,2026-02-23T10:25:00,83319.47,83323.81,83285.72,83292.89,28425
1771822560,2026-02-23T10:26:00,83292.54,83304.41,83290.86,83304.41,15346
1771822620,2026-02-23T10:27:00,83300.62,83303.57,83263.33,83269.61,38958
1771822680,2026-02-23T10:28:00,83269.61,83273.48,83248.69,83248.69,24855
1771822740,2026-02-23T10:29:00,83249.51,83249.51,83225.15,83243.97,26894
1771822800,2026-02-23T10:30:00,83246.27,83262.45,83242.07,83245.15,17136
1771822860,2026-02-23T10:31:00,83245.15,83245.57,83222.26,83230.37,43249
1771822920,2026-02-23T10:32:00,83232.33,83233.3,83211.74,83226.24,25068
1771822980,2026-02-23T10:33:00,83225.12,83232.96,83209.52,83232.96,19324
1771823040,2026-02-23T10:34:00,83232.94,83243.96,83225.03,83235.13,23601
1771823100,2026-02-23T10:35:00,83235.17,83249.1,83231.29,83243.06,16008
1771823160,2026-02-23T10:36:00,83241.31,83259.08,83239.22,83239.92,19049
1771823220,2026-02-23T10:37:00,83240.15,83245.55,83212.79,83212.79,21122
1771823280,2026-02-23T10:38:00,83212.08,83217.51,83196.95,83205.16,20116
1771823340,2026-02-23T10:39:00,83206.24,83213.66,83195.15,83212.81,20339
1771823400,2026-02-23T10:40:00,83212.66,83212.66,83187.21,83187.21,15513
1771823460,2026-02-23T10:41:00,83187.27,83192.1,83169.85,83172.6,39232
1771823520,2026-02-23T10:42:00,83173.75,83179.35,83166.8,83175.6,30269
1771823580,2026-02-23T10:43:00,83183.82,83187.59,83155.77,83155.77,64755
1771823640,2026-02-23T10:44:00,83151.13,83151.28,83107.14,83107.14,29457
1771823700,2026-02-23T10:45:00,83105.36,83122.19,83098.84,83099.74,92135
1771823760,2026-02-23T10:46:00,83098.38,83101.56,83075.98,83080.99,50164
1771823820,2026-02-23T10:47:00,83083.28,83111.38,83079.47,83109.43,30900
1771823880,2026-02-23T10:48:00,83110.12,83116.9,83106.62,83110.84,38731
1771823940,2026-02-23T10:49:00,83111.64,83127.45,83100.44,83100.44,54093
1771824000,2026-02-23T10:50:00,83098.64,83110.98,83095.28,83107.69,38447
1771824060,2026-02-23T10:51:00,83109.67,83150.27,83106.76,83149.78,26824
1771824120,2026-02-23T10:52:00,83151.11,83155.93,83134.83,83134.83,32453
1771824180,2026-02-23T10:53:00,83135.58,83173.12,83130.93,83170.25,304449
1771824240,2026-02-23T10:54:00,83170.2,83177.63,83150.4,83152.91,47813
1771824300,2026-02-23T10:55:00,83152.67,83153.97,83138.95,83139.9,29786
1771824360,2026-02-23T10:56:00,83140.57,83152.13,83136.74,83143.94,44267
1771824420,2026-02-23T10:57:00,83146.27,83166.31,83145.46,83164.39,62201
1771824480,2026-02-23T10:58:00,83163.5,83165.69,83154.51,83156.05,12927
1771824540,2026-02-23T10:59:00,83154.98,83156.49,83144.06,83144.42,20783
1771824600,2026-02-23T11:00:00,83144.39,83171.08,83141.21,83159.72,23149
1771824660,2026-02-23T11:01:00,83159.82,83176.43,83158.11,83169.26,22454
1771824720,2026-02-23T11:02:00,83169.3,83190.4,83168.73,83190.4,19822
1771824780,2026-02-23T11:03:00,83190.58,83212.34,83190.58,83209.27,25523
1771824840,2026-02-23T11:04:00,83208.85,83210.04,83192.81,83200.83,80408
1771824900,2026-02-23T11:05:00,83199.23,83201.43,83175.88,83175.88,112444
1771824960,2026-02-23T11:06:00,83176.42,83177.94,83132.7,83138.5,31241
1771825020,2026-02-23T11:07:00,83134.65,83138.61,83106.86,83119.56,21805
1771825080,2026-02-23T11:08:00,83120.07,83149.05,83115.19,83147.79,68227
1771825140,2026-02-23T11:09:00,83149.33,83185.8,83136.6,83184.15,28133
1771825200,2026-02-23T11:10:00,83184.91,83221.62,83184.91,83218.39,22628
1771825260,2026-02-23T11:11:00,83217.86,83219.02,83207.55,83211.49,16318
1771825320,2026-02-23T11:12:00,83209.51,83211.46,83187.0,83194.25,10469
1771825380,2026-02-23T11:13:00,83191.0,83214.05,83185.07,83214.05,30900
1771825440,2026-02-23T11:14:00,83216.71,83244.48,83215.95,83239.93,38149
1771825500,2026-02-23T11:15:00,83240.98,83245.15,83228.16,83231.98,26137
1771825560,2026-02-23T11:16:00,83231.49,83241.08,83226.74,83230.07,39292
1771825620,2026-02-23T11:17:00,83231.03,83233.2,83218.65,83231.16,26527
1771825680,2026-02-23T11:18:00,83230.9,83230.9,83191.12,83197.81,53889
1771825740,2026-02-23T11:19:00,83196.36,83204.97,83180.91,83180.91,31891
1771825800,2026-02-23T11:20:00,83181.32,83190.6,83173.0,83179.52,53534
1771825860,2026-02-23T11:21:00,83177.83,83178.36,83164.18,83177.0,16678
1771825920,2026-02-23T11:22:00,83178.71,83179.7,83143.0,83145.76,16514
1771825980,2026-02-23T11:23:00,83145.76,83156.77,83131.97,83134.9,12730
1771826040,2026-02-23T11:24:00,83134.9,83141.77,83127.81,83141.13,18568
1771826100,2026-02-23T11:25:00,83141.13,83145.66,83131.1,83139.07,20451
1771826160,2026-02-23T11:26:00,83138.39,83139.71,83115.83,83122.36,23645
1771826220,2026-02-23T11:27:00,83122.47,83123.93,83106.95,83123.93,17471
1771826280,2026-02-23T11:28:00,83126.68,83138.2,83123.69,83136.77,21578
1771826340,2026-02-23T11:29:00,83136.77,83149.69,83136.09,83141.72,24907
1771826400,2026-02-23T11:30:00,83140.12,83140.15,83115.35,83117.36,62205
1771826460,2026-02-23T11:31:00,83117.65,83130.15,83116.66,83122.41,43614
1771826520,2026-02-23T11:32:00,83126.36,83135.86,83118.85,83135.4,22076
1771826580,2026-02-23T11:33:00,83135.4,83143.98,83128.15,83133.92,12473
1771826640,2026-02-23T11:34:00,83133.92,83142.18,83122.74,83124.47,52297
1771826700,2026-02-23T11:35:00,83123.07,83129.19,83112.84,83125.57,24159
1771826760,2026-02-23T11:36:00,83125.72,83165.29,83125.72,83163.45,32198
1771826820,2026-02-23T11:37:00,83161.6,83168.22,83146.15,83151.66,25288
1771826880,2026-02-23T11:38:00,83155.84,83168.51,83155.84,83165.6,19931
1771826940,2026-02-23T11:39:00,83165.45,83175.84,83157.41,83175.84,24425
1771827000,2026-02-23T11:40:00,83175.84,83176.72,83155.78,83155.78,33913
1771827060,2026-02-23T11:41:00,83158.14,83173.8,83155.79,83157.02,25734
1771827120,2026-02-23T11:42:00,83158.4,83178.68,83158.02,83173.73,18280
1771827180,2026-02-23T11:43:00,83176.01,83176.59,83158.62,83162.03,42477
1771827240,2026-02-23T11:44:00,83161.92,83172.93,83159.54,83168.91,31169
1771827300,2026-02-23T11:45:00,83168.91,83185.32,83157.36,83157.78,47983
1771827360,2026-02-23T11:46:00,83158.17,83163.95,83143.74,83157.8,14612
1771827420,2026-02-23T11:47:00,83157.86,83158.92,83149.07,83158.72,28848
1771827480,2026-02-23T11:48:00,83162.82,83162.82,83118.67,83124.37,26498
1771827540,2026-02-23T11:49:00,83124.37,83124.37,83069.65,83104.01,62655
1771827600,2026-02-23T11:50:00,83105.29,83107.56,83080.56,83080.56,36618
1771827660,2026-02-23T11:51:00,83077.13,83090.33,83062.82,83090.33,28763
1771827720,2026-02-23T11:52:00,83090.67,83121.81,83083.47,83115.42,35874
1771827780,2026-02-23T11:53:00,83115.76,83155.42,83114.86,83150.05,20670
1771827840,2026-02-23T11:54:00,83151.61,83167.74,83151.61,83156.91,25946
1771827900,2026-02-23T11:55:00,83157.11,83163.94,83136.7,83150.27,14548
1771827960,2026-02-23T11:56:00,83150.06,83172.59,83150.06,83162.86,43855
1771828020,2026-02-23T11:57:00,83164.07,83170.96,83157.81,83157.82,13427
1771828080,2026-02-23T11:58:00,83154.76,83166.33,83135.26,83135.26,24578
1771828140,2026-02-23T11:59:00,83135.61,83140.09,83129.13,83131.35,17212
1771828200,2026-02-23T12:00:00,83130.68,83135.14,83119.3,83120.72,8056
1771828260,2026-02-23T12:01:00,83122.05,83134.01,83110.54,83130.54,14395
1771828320,2026-02-23T12:02:00,83131.36,83160.27,83127.04,83159.32,21574
1771828380,2026-02-23T12:03:00,83160.2,83165.38,83154.99,83155.75,11430
1771828440,2026-02-23T12:04:00,83156.8,83158.15,83143.78,83154.4,14409
1771828500,2026-02-23T12:05:00,83155.63,83162.37,83153.91,83159.78,14287
1771828560,2026-02-23T12:06:00,83160.41,83179.89,83160.41,83179.89,37529
1771828620,2026-02-23T12:07:00,83182.47,83184.36,83171.55,83183.67,14630
1771828680,2026-02-23T12:08:00,83183.67,83193.5,83177.62,83192.97,28349
1771828740,2026-02-23T12:09:00,83191.86,83197.57,83175.45,83175.45,26826
1771828800,2026-02-23T12:10:00,83174.54,83179.38,83152.29,83155.04,14948
1771828860,2026-02-23T12:11:00,83155.04,83172.21,83136.96,83169.55,96019
1771828920,2026-02-23T12:12:00,83169.96,83180.93,83163.69,83176.18,16173
1771828980,2026-02-23T12:13:00,83179.32,83187.89,83167.78,83167.78,25946
1771829040,2026-02-23T12:14:00,83164.87,83164.87,83139.81,83152.44,15253
1771829100,2026-02-23T12:15:00,83157.83,83170.01,83151.18,83163.9,21869
1771829160,2026-02-23T12:16:00,83163.59,83173.42,83156.16,83172.12,58643
1771829220,2026-02-23T12:17:00,83172.65,83215.84,83170.24,83213.56,14836
1771829280,2026-02-23T12:18:00,83213.58,83218.5,83189.69,83189.69,28486
1771829340,2026-02-23T12:19:00,83188.88,83195.42,83184.02,83190.42,20605
1771829400,2026-02-23T12:20:00,83190.62,83198.67,83179.31,83181.64,19792
1771829460,2026-02-23T12:21:00,83180.86,83180.86,83167.84,83167.84,33634
1771829520,2026-02-23T12:22:00,83167.84,83170.55,83141.69,83141.69,11350
1771829580,2026-02-23T12:23:00,83141.89,83141.89,83121.81,83128.76,7623
1771829640,2026-02-23T12:24:00,83128.99,83136.53,83119.54,83120.15,8558
1771829700,2026-02-23T12:25:00,83124.31,83137.62,83116.54,83116.54,10354
1771829760,2026-02-23T12:26:00,83115.78,83130.33,83113.71,83118.81,21617
1771829820,2026-02-23T12:27:00,83117.0,83117.0,83103.26,83109.35,11510
1771829880,2026-02-23T12:28:00,83108.39,83119.15,83102.45,83113.7,46332
1771829940,2026-02-23T12:29:00,83113.7,83128.45,83113.51,83119.6,14375
1771830000,2026-02-23T12:30:00,83120.6,83123.24,83096.73,83097.91,19778
1771830060,2026-02-23T12:31:00,83097.91,83097.91,83069.17,83089.06,18043
1771830120,2026-02-23T12:32:00,83089.13,83111.64,83086.24,83108.7,60965
1771830180,2026-02-23T12:33:00,83109.15,83115.79,83097.59,83097.59,13878
1771830240,2026-02-23T12:34:00,83097.59,83124.28,83097.59,83120.66,17578
1771830300,2026-02-23T12:35:00,83120.05,83133.73,83116.78,83122.85,28071
1771830360,2026-02-23T12:36:00,83124.05,83138.83,83124.05,83130.44,67313
1771830420,2026-02-23T12:37:00,83135.54,83143.21,83121.8,83140.03,100691
1771830480,2026-02-23T12:38:00,83140.03,83147.78,83124.81,83125.93,9733
1771830540,2026-02-23T12:39:00,83132.37,83149.45,83130.25,83146.06,36944
1771830600,2026-02-23T12:40:00,83146.51,83158.41,83143.74,83152.18,50079
1771830660,2026-02-23T12:41:00,83152.71,83182.12,83142.08,83171.93,21968
1771830720,2026-02-23T12:42:00,83169.76,83185.35,83169.29,83183.69,11224
1771830780,2026-02-23T12:43:00,83183.2,83197.77,83175.52,83196.19,56387
1771830840,2026-02-23T12:44:00,83196.84,83205.67,83192.06,83199.36,35173
1771830900,2026-02-23T12:45:00,83211.25,83228.11,83206.11,83223.65,76117
1771830960,2026-02-23T12:46:00,83224.29,83239.32,83224.29,83229.91,19494
1771831020,2026-02-23T12:47:00,83230.05,83231.04,83178.44,83178.44,12002
1771831080,2026-02-23T12:48:00,83178.68,83198.77,83178.38,83188.13,39132
1771831140,2026-02-23T12:49:00,83189.37,83190.35,83156.85,83156.85,20718
1771831200,2026-02-23T12:50:00,83155.94,83171.43,83141.06,83141.63,31530
1771831260,2026-02-23T12:51:00,83141.39,83144.33,83119.49,83119.49,25652
1771831320,2026-02-23T12:52:00,83117.51,83117.51,83094.86,83107.63,529030
1771831380,2026-02-23T12:53:00,83105.19,83118.16,83095.04,83095.04,21820
1771831440,2026-02-23T12:54:00,83094.84,83116.15,83081.13,83116.15,138697
1771831500,2026-02-23T12:55:00,83116.24,83128.43,83108.93,83115.56,9092
1771831560,2026-02-23T12:56:00,83114.35,83119.53,83091.33,83098.59,61977
1771831620,2026-02-23T12:57:00,83095.96,83117.67,83095.96,83097.96,21743
1771831680,2026-02-23T12:58:00,83096.25,83112.32,83089.77,83094.83,21244
1771831740,2026-02-23T12:59:00,83094.13,83099.05,83068.22,83072.61,11424
1771831800,2026-02-23T13:00:00,83072.61,83082.56,83064.79,83077.99,19108
1771831860,2026-02-23T13:01:00,83079.72,83084.04,83072.54,83074.2,13223
1771831920,2026-02-23T13:02:00,83080.0,83080.24,83063.67,83067.84,6520
1771831980,2026-02-23T13:03:00,83068.9,83069.14,83054.97,83063.22,28006
1771832040,2026-02-23T13:04:00,83061.66,83077.81,83061.58,83068.87,12890
1771832100,2026-02-23T13:05:00,83068.87,83103.09,83067.64,83096.92,8210
1771832160,2026-02-23T13:06:00,83100.26,83104.21,83087.58,83104.21,9849
1771832220,2026-02-23T13:07:00,83095.83,83103.3,83090.51,83096.81,8503
1771832280,2026-02-23T13:08:00,83094.88,83111.4,83092.43,83110.3,10570
1771832340,2026-02-23T13:09:00,83110.14,83125.95,83110.14,83119.82,17262
1771832400,2026-02-23T13:10:00,83119.21,83131.81,83118.05,83128.41,11361
1771832460,2026-02-23T13:11:00,83128.68,83146.58,83127.0,83127.22,16217
1771832520,2026-02-23T13:12:00,83123.81,83135.88,83116.06,83116.22,23494
1771832580,2026-02-23T13:13:00,83116.33,83121.13,83093.77,83093.77,40573
1771832640,2026-02-23T13:14:00,83093.72,83093.77,83078.23,83087.73,22088
1771832700,2026-02-23T13:15:00,83087.08,83087.08,83053.59,83056.4,13644
1771832760,2026-02-23T13:16:00,83056.4,83058.47,83045.73,83051.05,58953
1771832820,2026-02-23T13:17:00,83048.81,83081.26,83042.01,83081.26,59065
1771832880,2026-02-23T13:18:00,83082.46,83117.75,83080.82,83116.34,10914
1771832940,2026-02-23T13:19:00,83115.19,83133.3,83102.83,83104.23,19143
1771833000,2026-02-23T13:20:00,83103.63,83125.93,83103.63,83125.93,9247
1771833060,2026-02-23T13:21:00,83125.88,83126.78,83111.99,83119.4,9745
1771833120,2026-02-23T13:22:00,83121.03,83122.39,83094.8,83096.18,36042
1771833180,2026-02-23T13:23:00,83108.96,83120.96,83095.21,83120.96,21764
1771833240,2026-02-23T13:24:00,83120.93,83151.1,83120.93,83131.63,50800
1771833300,2026-02-23T13:25:00,83134.52,83148.73,83131.97,83135.32,13967
1771833360,2026-02-23T13:26:00,83135.32,83156.51,83128.4,83154.76,22022
1771833420,2026-02-23T13:27:00,83152.77,83162.65,83144.09,83144.09,16136
1771833480,2026-02-23T13:28:00,83145.46,83164.41,83143.95,83159.84,20222
1771833540,2026-02-23T13:29:00,83158.97,83174.12,83153.79,83172.9,22078
1771833600,2026-02-23T13:30:00,83171.34,83196.15,83169.68,83191.95,31746
1771833660,2026-02-23T13:31:00,83194.81,83211.21,83178.32,83178.32,23284
1771833720,2026-02-23T13:32:00,83173.64,83177.69,83156.02,83156.02,21416
1771833780,2026-02-23T13:33:00,83159.17,83159.17,83126.45,83133.77,38095
1771833840,2026-02-23T13:34:00,83133.15,83140.46,83113.59,83113.59,11861
1771833900,2026-02-23T13:35:00,83115.22,83120.16,83101.3,83103.93,13550
1771833960,2026-02-23T13:36:00,83103.66,83117.42,83096.92,83110.38,14639
1771834020,2026-02-23T13:37:00,83110.18,83121.98,83097.49,83103.77,9431
1771834080,2026-02-23T13:38:00,83102.96,83104.16,83082.36,83093.82,9130
1771834140,2026-02-23T13:39:00,83093.98,83107.87,83092.54,83097.94,13247
1771834200,2026-02-23T13:40:00,83100.52,83101.09,83068.53,83073.51,17781
1771834260,2026-02-23T13:41:00,83066.14,83070.22,83053.34,83069.66,17248
1771834320,2026-02-23T13:42:00,83062.99,83114.64,83061.96,83112.59,12248
1771834380,2026-02-23T13:43:00,83114.1,83143.31,83111.68,83141.79,17386
1771834440,2026-02-23T13:44:00,83141.79,83161.48,83139.63,83158.93,10322
1771834500,2026-02-23T13:45:00,83163.07,83168.85,83142.34,83146.88,7530
1771834560,2026-02-23T13:46:00,83145.63,83162.85,83143.52,83157.48,7879
1771834620,2026-02-23T13:47:00,83157.18,83167.14,83123.32,83124.88,18833
1771834680,2026-02-23T13:48:00,83123.65,83127.42,83116.01,83119.91,10364
1771834740,2026-02-23T13:49:00,83122.54,83137.48,83119.84,83123.4,28164
1771834800,2026-02-23T13:50:00,83119.46,83131.73,83110.87,83127.49,6384
1771834860,2026-02-23T13:51:00,83127.34,83131.16,83117.3,83122.39,13899
1771834920,2026-02-23T13:52:00,83122.27,83122.57,83100.66,83104.73,5820
1771834980,2026-02-23T13:53:00,83105.43,83126.31,83099.82,83118.0,13627
1771835040,2026-02-23T13:54:00,83117.96,83124.27,83102.64,83102.64,13389
1771835100,2026-02-23T13:55:00,83102.64,83112.31,83098.48,83098.48,12785
1771835160,2026-02-23T13:56:00,83098.86,83115.53,83097.01,83110.25,5961
1771835220,2026-02-23T13:57:00,83108.81,83108.81,83071.14,83071.14,28999
1771835280,2026-02-23T13:58:00,83070.73,83073.69,83062.62,83068.55,40635
1771835340,2026-02-23T13:59:00,83068.02,83087.12,83068.02,83068.52,1020016
1771835400,2026-02-23T14:00:00,83067.64,83081.5,83062.75,83067.95,9408
1771835460,2026-02-23T14:01:00,83067.95,83076.15,83050.89,83051.92,15098
1771835520,2026-02-23T14:02:00,83051.8,83053.42,83037.53,83037.53,26974
1771835580,2026-02-23T14:03:00,83037.06,83037.06,82987.56,82994.12,23749
1771835640,2026-02-23T14:04:00,82992.61,83011.51,82979.28,83011.51,41200
1771835700,2026-02-23T14:05:00,83012.65,83019.46,83000.58,83012.76,351668
1771835760,2026-02-23T14:06:00,83012.23,83015.18,83003.9,83011.0,15357
1771835820,2026-02-23T14:07:00,83012.66,83058.98,83012.66,83058.66,40015
1771835880,2026-02-23T14:08:00,83058.49,83061.84,83032.92,83033.32,29194
1771835940,2026-02-23T14:09:00,83035.71,83038.82,83025.65,83032.41,27949
1771836000,2026-02-23T14:10:00,83033.44,83033.44,83021.85,83023.42,32392
1771836060,2026-02-23T14:11:00,83022.61,83022.61,82996.37,82998.3,29437
1771836120,2026-02-23T14:12:00,82995.38,83004.45,82984.61,83004.45,22845
1771836180,2026-02-23T14:13:00,83003.96,83032.0,82999.15,83032.0,12443
1771836240,2026-02-23T14:14:00,83032.67,83048.49,83032.67,83041.83,14161
1771836300,2026-02-23T14:15:00,83041.83,83067.79,83040.82,83059.08,22889
1771836360,2026-02-23T14:16:00,83058.48,83064.28,83035.17,83038.13,23000
1771836420,2026-02-23T14:17:00,83036.91,83038.64,83017.73,83029.83,18336
1771836480,2026-02-23T14:18:00,83029.83,83075.12,83029.83,83072.64,16090
1771836540,2026-02-23T14:19:00,83074.11,83079.18,83063.13,83074.67,14944
1771836600,2026-02-23T14:20:00,83074.5,83076.87,83062.7,83071.94,8147
1771836660,2026-02-23T14:21:00,83072.14,83085.92,83068.17,83068.17,12663
1771836720,2026-02-23T14:22:00,83067.45,83098.01,83059.25,83092.69,24777
1771836780,2026-02-23T14:23:00,83093.29,83097.15,83083.23,83097.15,14122
1771836840,2026-02-23T14:24:00,83097.35,83111.45,83097.35,83101.61,14432
1771836900,2026-02-23T14:25:00,83101.22,83117.79,83101.22,83104.32,15273
1771836960,2026-02-23T14:26:00,83101.85,83106.74,83090.23,83099.76,17873
1771837020,2026-02-23T14:27:00,83096.3,83100.31,83078.91,83097.63,15212
1771837080,2026-02-23T14:28:00,83097.63,83134.09,83092.45,83134.09,15037
1771837140,2026-02-23T14:29:00,83135.95,83184.97,83135.95,83184.97,27973
1771837200,2026-02-23T14:30:00,83186.26,83271.72,83186.26,83271.72,49987
1771837260,2026-02-23T14:31:00,83270.96,83300.8,83270.23,83279.09,31497
1771837320,2026-02-23T14:32:00,83276.72,83276.72,83224.72,83228.97,14966
1771837380,2026-02-23T14:33:00,83227.88,83227.88,83188.44,83193.57,23562
1771837440,2026-02-23T14:34:00,83195.79,83240.6,83192.66,83234.71,28126
1771837500,2026-02-23T14:35:00,83233.96,83270.78,83233.96,83257.2,75193
1771837560,2026-02-23T14:36:00,83257.37,83257.37,83196.97,83201.53,25545
1771837620,2026-02-23T14:37:00,83202.15,83215.21,83198.11,83206.43,21315
1771837680,2026-02-23T14:38:00,83209.59,83215.14,83194.78,83209.87,21441
1771837740,2026-02-23T14:39:00,83206.19,83222.34,83202.9,83209.88,59598
1771837800,2026-02-23T14:40:00,83206.77,83221.26,83202.54,83205.75,24181
1771837860,2026-02-23T14:41:00,83208.33,83215.24,83202.69,83208.52,24197
1771837920,2026-02-23T14:42:00,83207.64,83227.9,83203.61,83222.97,32470
1771837980,2026-02-23T14:43:00,83221.03,83222.46,83207.68,83212.02,949070
1771838040,2026-02-23T14:44:00,83211.86,83211.86,83159.98,83177.63,19053
1771838100,2026-02-23T14:45:00,83177.73,83188.48,83168.34,83183.65,13199
1771838160,2026-02-23T14:46:00,83187.38,83221.56,83184.26,83219.9,23809
1771838220,2026-02-23T14:47:00,83220.73,83236.46,83217.08,83224.51,24621
1771838280,2026-02-23T14:48:00,83223.85,83243.7,83218.97,83222.44,10339
1771838340,2026-02-23T14:49:00,83217.3,83265.22,83217.3,83261.09,41646
1771838400,2026-02-23T14:50:00,83260.66,83260.66,83236.3,83236.3,11688
1771838460,2026-02-23T14:51:00,83235.21,83241.54,83223.86,83228.55,12612
1771838520,2026-02-23T14:52:00,83228.2,83230.67,83208.39,83208.39,19637
1771838580,2026-02-23T14:53:00,83207.74,83207.74,83190.0,83193.26,16737
1771838640,2026-02-23T14:54:00,83194.44,83202.61,83184.07,83193.64,30139
1771838700,2026-02-23T14:55:00,83194.39,83209.26,83185.2,83193.36,27374
1771838760,2026-02-23T14:56:00,83194.42,83197.45,83175.43,83183.02,49967
1771838820,2026-02-23T14:57:00,83183.37,83208.45,83182.33,83198.15,24934
1771838880,2026-02-23T14:58:00,83197.56,83197.56,83169.66,83173.08,14120
1771838940,2026-02-23T14:59:00,83174.37,83188.07,83166.9,83168.47,27322
1771839000,2026-02-23T15:00:00,83168.67,83251.82,83168.67,83251.82,136485
1771839060,2026-02-23T15:01:00,83255.15,83279.84,83248.97,83266.77,32167
1771839120,2026-02-23T15:02:00,83264.89,83305.61,83264.89,83300.51,97347
1771839180,2026-02-23T15:03:00,83298.6,83318.17,83295.84,83318.17,24102
1771839240,2026-02-23T15:04:00,83318.33,83322.26,83294.34,83294.36,27238
1771839300,2026-02-23T15:05:00,83296.74,83336.52,83296.74,83333.05,52868
1771839360,2026-02-23T15:06:00,83326.22,83347.7,83323.95,83333.75,25299
1771839420,2026-02-23T15:07:00,83335.03,83346.86,83305.69,83314.83,77666
1771839480,2026-02-23T15:08:00,83319.95,83319.95,83289.3,83291.22,46828
1771839540,2026-02-23T15:09:00,83289.33,83295.12,83278.51,83285.36,37548
1771839600,2026-02-23T15:10:00,83275.43,83281.28,83269.31,83273.13,63512
1771839660,2026-02-23T15:11:00,83273.4,83293.29,83270.98,83289.48,41510
1771839720,2026-02-23T15:12:00,83287.6,83296.02,83275.36,83288.28,44932
1771839780,2026-02-23T15:13:00,83291.85,83300.82,83280.32,83286.83,43961
1771839840,2026-02-23T15:14:00,83295.18,83295.6,83276.85,83279.78,69366
1771839900,2026-02-23T15:15:00,83274.5,83308.4,83273.07,83308.4,78036
1771839960,2026-02-23T15:16:00,83309.18,83323.98,83302.48,83302.48,25310
1771840020,2026-02-23T15:17:00,83302.44,83310.74,83292.83,83298.16,79516
1771840080,2026-02-23T15:18:00,83297.88,83309.99,83287.49,83293.76,36280
1771840140,2026-02-23T15:19:00,83296.76,83310.61,83294.23,83301.84,30102
1771840200,2026-02-23T15:20:00,83303.49,83306.52,83279.67,83286.25,54208
1771840260,2026-02-23T15:21:00,83286.29,83300.54,83277.69,83290.19,44669
1771840320,2026-02-23T15:22:00,83290.84,83303.61,83261.36,83270.67,36505
1771840380,2026-02-23T15:23:00,83267.95,83282.61,83264.64,83276.24,40499
1771840440,2026-02-23T15:24:00,83277.67,83304.38,83271.16,83304.38,73958
1771840500,2026-02-23T15:25:00,83304.68,83319.01,83291.85,83294.76,60035
1771840560,2026-02-23T15:26:00,83294.48,83330.52,83293.73,83319.49,47449
1771840620,2026-02-23T15:27:00,83314.33,83315.49,83282.24,83287.8,48018
1771840680,2026-02-23T15:28:00,83299.1,83304.02,83271.63,83273.15,57922
1771840740,2026-02-23T15:29:00,83279.26,83293.51,83236.46,83290.81,85163
1771904700,2026-02-24T09:15:00,83052.54,83079.51,82882.1,82894.25,258448
1771904760,2026-02-24T09:16:00,82885.27,82962.16,82880.46,82952.51,125592
1771904820,2026-02-24T09:17:00,82957.57,82984.64,82877.95,82886.96,107903
1771904880,2026-02-24T09:18:00,82882.71,82883.66,82814.38,82821.74,120521
1771904940,2026-02-24T09:19:00,82812.68,82821.52,82782.45,82790.08,106074
1771905000,2026-02-24T09:20:00,82789.15,82822.84,82789.15,82803.91,117182
1771905060,2026-02-24T09:21:00,82805.25,82832.41,82785.16,82785.16,68041
1771905120,2026-02-24T09:22:00,82774.13,82774.31,82725.3,82732.44,100798
1771905180,2026-02-24T09:23:00,82736.48,82781.28,82732.99,82743.71,72906
1771905240,2026-02-24T09:24:00,82748.57,82764.68,82743.02,82762.48,67100
1771905300,2026-02-24T09:25:00,82760.21,82771.72,82715.02,82717.32,56568
1771905360,2026-02-24T09:26:00,82720.02,82739.42,82705.41,82734.84,60776
1771905420,2026-02-24T09:27:00,82737.88,82784.1,82720.35,82781.55,73106
1771905480,2026-02-24T09:28:00,82783.55,82784.14,82732.42,82734.01,74495
1771905540,2026-02-24T09:29:00,82739.3,82749.94,82701.14,82709.92,79507
1771905600,2026-02-24T09:30:00,82707.34,82710.72,82650.93,82651.5,46040
1771905660,2026-02-24T09:31:00,82654.31,82683.55,82647.4,82671.14,62228
1771905720,2026-02-24T09:32:00,82670.99,82673.56,82629.77,82636.55,51823
1771905780,2026-02-24T09:33:00,82635.75,82635.75,82588.45,82606.48,68499
1771905840,2026-02-24T09:34:00,82606.75,82610.16,82584.17,82591.34,64126
1771905900,2026-02-24T09:35:00,82589.11,82605.92,82577.88,82596.91,52974
1771905960,2026-02-24T09:36:00,82596.51,82631.48,82593.36,82618.76,535664
1771906020,2026-02-24T09:37:00,82618.39,82633.93,82604.95,82604.95,57597
1771906080,2026-02-24T09:38:00,82601.81,82601.81,82565.54,82566.55,59164
1771906140,2026-02-24T09:39:00,82566.35,82583.24,82561.25,82564.38,28828
1771906200,2026-02-24T09:40:00,82558.94,82581.03,82556.0,82580.19,32673
1771906260,2026-02-24T09:41:00,82579.2,82587.16,82574.4,82579.24,40149
1771906320,2026-02-24T09:42:00,82573.04,82580.8,82541.85,82550.01,48656
1771906380,2026-02-24T09:43:00,82546.86,82552.7,82481.53,82489.78,75813
1771906440,2026-02-24T09:44:00,82496.58,82536.14,82494.85,82530.19,56429
1771906500,2026-02-24T09:45:00,82531.29,82560.69,82530.15,82553.13,36286
1771906560,2026-02-24T09:46:00,82553.51,82565.93,82542.96,82565.93,71807
1771906620,2026-02-24T09:47:00,82562.42,82607.04,82543.01,82607.04,45430
1771906680,2026-02-24T09:48:00,82607.42,82636.94,82606.37,82636.94,36375
1771906740,2026-02-24T09:49:00,82632.94,82636.9,82612.56,82620.33,35601
1771906800,2026-02-24T09:50:00,82614.35,82615.23,82557.62,82557.62,27977
1771906860,2026-02-24T09:51:00,82550.88,82555.2,82536.34,82539.01,38751
1771906920,2026-02-24T09:52:00,82538.51,82540.49,82508.08,82517.95,22938
1771906980,2026-02-24T09:53:00,82516.31,82541.73,82506.27,82541.73,16255
1771907040,2026-02-24T09:54:00,82541.78,82579.26,82539.22,82567.18,222135
1771907100,2026-02-24T09:55:00,82566.53,82595.52,82566.53,82586.2,24520
1771907160,2026-02-24T09:56:00,82585.31,82585.31,82565.76,82582.64,23400
1771907220,2026-02-24T09:57:00,82583.23,82584.53,82567.18,82576.88,22289
1771907280,2026-02-24T09:58:00,82577.26,82585.01,82572.14,82578.31,14150
1771907340,2026-02-24T09:59:00,82574.15,82591.28,82574.15,82579.27,28233
1771907400,2026-02-24T10:00:00,82579.53,82587.98,82576.14,82587.33,28651
1771907460,2026-02-24T10:01:00,82587.04,82614.42,82581.46,82614.42,44737
1771907520,2026-02-24T10:02:00,82613.36,82619.88,82573.23,82573.23,32993
1771907580,2026-02-24T10:03:00,82575.84,82576.47,82558.48,82570.95,29377
1771907640,2026-02-24T10:04:00,82570.05,82576.45,82562.74,82576.45,211173
1771907700,2026-02-24T10:05:00,82576.25,82602.0,82576.25,82590.02,22375
1771907760,2026-02-24T10:06:00,82588.14,82606.26,82571.9,82605.57,33510
1771907820,2026-02-24T10:07:00,82601.82,82618.42,82595.65,82615.85,16195
1771907880,2026-02-24T10:08:00,82618.17,82635.18,82613.44,82632.5,21492
1771907940,2026-02-24T10:09:00,82628.69,82632.09,82590.52,82592.4,19688
1771908000,2026-02-24T10:10:00,82591.47,82592.0,82568.08,82575.87,19871
1771908060,2026-02-24T10:11:00,82577.34,82577.34,82543.41,82543.69,15664
1771908120,2026-02-24T10:12:00,82544.6,82547.31,82519.31,82519.31,23720
1771908180,2026-02-24T10:13:00,82519.01,82519.42,82493.81,82500.21,45385
1771908240,2026-02-24T10:14:00,82498.16,82501.8,82478.13,82478.13,27043
1771908300,2026-02-24T10:15:00,82479.8,82501.98,82468.43,82500.35,25203
1771908360,2026-02-24T10:16:00,82501.31,82517.26,82492.24,82500.72,32340
1771908420,2026-02-24T10:17:00,82502.97,82505.0,82459.36,82467.24,18815
1771908480,2026-02-24T10:18:00,82466.84,82497.3,82451.69,82497.3,30501
1771908540,2026-02-24T10:19:00,82494.34,82538.11,82494.34,82530.82,68979
1771908600,2026-02-24T10:20:00,82531.01,82584.39,82528.79,82579.1,16874
1771908660,2026-02-24T10:21:00,82578.56,82578.56,82545.2,82550.8,26850
1771908720,2026-02-24T10:22:00,82551.8,82552.73,82531.76,82535.47,9741
1771908780,2026-02-24T10:23:00,82534.66,82534.66,82516.96,82517.99,19273
1771908840,2026-02-24T10:24:00,82518.95,82520.39,82500.57,82502.36,11881
1771908900,2026-02-24T10:25:00,82500.46,82520.89,82495.08,82509.13,20114
1771908960,2026-02-24T10:26:00,82509.07,82523.39,82507.11,82518.33,30868
1771909020,2026-02-24T10:27:00,82518.15,82531.12,82516.71,82528.02,13473
1771909080,2026-02-24T10:28:00,82529.06,82537.78,82513.33,82521.33,18259
1771909140,2026-02-24T10:29:00,82525.69,82530.29,82514.93,82522.97,16876
1771909200,2026-02-24T10:30:00,82524.02,82541.88,82512.7,82534.34,68611
1771909260,2026-02-24T10:31:00,82533.89,82550.1,82531.9,82547.56,162161
1771909320,2026-02-24T10:32:00,82545.04,82563.14,82538.29,82554.17,30276
1771909380,2026-02-24T10:33:00,82552.34,82554.08,82527.17,82541.98,18698
1771909440,2026-02-24T10:34:00,82541.56,82542.4,82523.43,82533.19,82043
1771909500,2026-02-24T10:35:00,82533.15,82555.68,82533.0,82542.53,21591
1771909560,2026-02-24T10:36:00,82543.76,82548.95,82527.73,82544.98,80541
1771909620,2026-02-24T10:37:00,82544.98,82554.38,82537.53,82551.03,35219
1771909680,2026-02-24T10:38:00,82552.13,82558.49,82546.03,82553.6,46808
1771909740,2026-02-24T10:39:00,82555.36,82561.21,82544.58,82558.9,11845
1771909800,2026-02-24T10:40:00,82560.33,82560.33,82533.81,82534.45,43035
1771909860,2026-02-24T10:41:00,82533.85,82542.3,82514.46,82542.15,20199
1771909920,2026-02-24T10:42:00,82541.26,82559.67,82537.33,82558.9,68364
1771909980,2026-02-24T10:43:00,82558.76,82571.18,82558.13,82570.23,18767
1771910040,2026-02-24T10:44:00,82569.35,82569.35,82532.59,82535.29,25683
1771910100,2026-02-24T10:45:00,82537.0,82537.0,82513.41,82517.44,43766
1771910160,2026-02-24T10:46:00,82518.47,82526.96,82501.87,82503.22,17008
1771910220,2026-02-24T10:47:00,82503.9,82507.34,82492.7,82504.61,16258
1771910280,2026-02-24T10:48:00,82504.75,82505.62,82451.08,82457.19,60626
1771910340,2026-02-24T10:49:00,82459.12,82462.53,82441.52,82452.38,36532
1771910400,2026-02-24T10:50:00,82446.1,82448.94,82430.58,82447.24,19590
1771910460,2026-02-24T10:51:00,82446.85,82468.51,82445.53,82467.91,8586
1771910520,2026-02-24T10:52:00,82466.8,82466.8,82436.82,82437.5,25447
1771910580,2026-02-24T10:53:00,82436.86,82436.86,82410.99,82417.42,20605
1771910640,2026-02-24T10:54:00,82416.59,82432.16,82416.59,82423.09,22087
1771910700,2026-02-24T10:55:00,82422.07,82435.42,82417.93,82435.42,27063
1771910760,2026-02-24T10:56:00,82432.8,82452.68,82431.89,82434.97,28069
1771910820,2026-02-24T10:57:00,82432.51,82435.72,82412.0,82415.99,23786
1771910880,2026-02-24T10:58:00,82416.36,82431.9,82414.17,82431.9,20802
1771910940,2026-02-24T10:59:00,82431.6,82437.51,82419.32,82437.51,16870
1771911000,2026-02-24T11:00:00,82438.13,82456.47,82434.01,82455.85,23590
1771911060,2026-02-24T11:01:00,82459.28,82473.42,82455.96,82468.85,22276
1771911120,2026-02-24T11:02:00,82467.78,82478.31,82465.06,82476.22,20717
1771911180,2026-02-24T11:03:00,82474.09,82491.62,82469.0,82486.16,14783
1771911240,2026-02-24T11:04:00,82483.66,82490.3,82479.26,82489.74,25580
1771911300,2026-02-24T11:05:00,82490.5,82490.5,82469.65,82472.86,18268
1771911360,2026-02-24T11:06:00,82472.04,82479.34,82466.78,82477.46,29378
1771911420,2026-02-24T11:07:00,82479.04,82489.86,82471.03,82488.51,95209
1771911480,2026-02-24T11:08:00,82489.68,82530.55,82489.68,82528.31,14125
1771911540,2026-02-24T11:09:00,82527.5,82537.49,82512.55,82518.23,22811
1771911600,2026-02-24T11:10:00,82519.12,82533.79,82514.46,82517.71,9948
1771911660,2026-02-24T11:11:00,82518.49,82550.44,82518.49,82550.44,16356
1771911720,2026-02-24T11:12:00,82549.5,82573.16,82549.5,82573.16,28109
1771911780,2026-02-24T11:13:00,82572.55,82574.49,82549.23,82559.98,31817
1771911840,2026-02-24T11:14:00,82560.33,82561.99,82550.88,82556.23,981014
1771911900,2026-02-24T11:15:00,82555.96,82558.11,82542.91,82556.47,22903
1771911960,2026-02-24T11:16:00,82552.83,82553.99,82535.33,82536.81,36593
1771912020,2026-02-24T11:17:00,82536.5,82553.3,82536.5,82549.87,325578
1771912080,2026-02-24T11:18:00,82548.98,82558.09,82540.07,82556.78,61003
1771912140,2026-02-24T11:19:00,82557.23,82578.3,82557.23,82572.88,56752
1771912200,2026-02-24T11:20:00,82572.88,82583.25,82565.5,82582.44,15496
1771912260,2026-02-24T11:21:00,82581.92,82589.06,82571.2,82571.2,11682
1771912320,2026-02-24T11:22:00,82571.2,82589.04,82570.49,82582.85,9093
1771912380,2026-02-24T11:23:00,82586.05,82586.05,82548.27,82550.32,17270
1771912440,2026-02-24T11:24:00,82549.71,82554.58,82543.26,82543.29,17134
1771912500,2026-02-24T11:25:00,82543.18,82553.68,82542.22,82546.72,42210
1771912560,2026-02-24T11:26:00,82547.94,82574.26,82547.05,82570.57,22643
1771912620,2026-02-24T11:27:00,82570.14,82581.67,82565.1,82577.02,21315
1771912680,2026-02-24T11:28:00,82575.81,82575.81,82558.22,82564.06,24401
1771912740,2026-02-24T11:29:00,82563.71,82579.29,82563.7,82579.29,18889
1771912800,2026-02-24T11:30:00,82575.73,82588.4,82575.14,82584.87,22914
1771912860,2026-02-24T11:31:00,82585.39,82590.68,82573.5,82573.94,50805
1771912920,2026-02-24T11:32:00,82578.75,82587.94,82564.51,82567.29,34899
1771912980,2026-02-24T11:33:00,82566.38,82572.22,82541.17,82547.9,27357
1771913040,2026-02-24T11:34:00,82548.52,82548.77,82537.86,82544.88,40101
1771913100,2026-02-24T11:35:00,82549.57,82555.24,82544.76,82544.76,40892
1771913160,2026-02-24T11:36:00,82543.96,82553.75,82538.71,82538.71,15170
1771913220,2026-02-24T11:37:00,82538.71,82562.99,82538.71,82562.99,30724
1771913280,2026-02-24T11:38:00,82563.04,82590.56,82561.27,82587.91,78777
1771913340,2026-02-24T11:39:00,82584.86,82600.01,82584.86,82600.01,23494
1771913400,2026-02-24T11:40:00,82600.05,82611.14,82594.45,82611.14,21932
1771913460,2026-02-24T11:41:00,82609.3,82611.97,82583.48,82583.48,14928
1771913520,2026-02-24T11:42:00,82582.16,82582.16,82559.57,82565.35,20680
1771913580,2026-02-24T11:43:00,82566.12,82566.12,82546.78,82555.84,63926
1771913640,2026-02-24T11:44:00,82555.87,82555.87,82536.0,82536.41,29917
1771913700,2026-02-24T11:45:00,82535.31,82538.0,82525.85,82527.51,37355
1771913760,2026-02-24T11:46:00,82526.18,82526.18,82506.74,82517.05,80748
1771913820,2026-02-24T11:47:00,82517.75,82522.48,82509.94,82513.59,31238
1771913880,2026-02-24T11:48:00,82514.07,82514.07,82489.65,82495.06,35953
1771913940,2026-02-24T11:49:00,82494.87,82519.65,82490.06,82504.79,123744
1771914000,2026-02-24T11:50:00,82509.31,82514.93,82495.0,82495.0,16849
1771914060,2026-02-24T11:51:00,82495.18,82509.18,82489.96,82502.65,14839
1771914120,2026-02-24T11:52:00,82504.68,82515.46,82497.02,82510.95,30547
1771914180,2026-02-24T11:53:00,82511.68,82516.35,82491.31,82516.35,27236
1771914240,2026-02-24T11:54:00,82517.37,82518.11,82501.76,82501.76,42815
1771914300,2026-02-24T11:55:00,82500.72,82511.45,82498.83,82507.03,20441
1771914360,2026-02-24T11:56:00,82507.52,82507.98,82484.63,82490.71,56418
1771914420,2026-02-24T11:57:00,82490.16,82492.24,82480.38,82484.37,55770
1771914480,2026-02-24T11:58:00,82481.28,82483.94,82471.9,82472.96,22915
1771914540,2026-02-24T11:59:00,82472.78,82472.78,82439.4,82440.76,99521
1771914600,2026-02-24T12:00:00,82442.17,82444.81,82423.74,82437.63,81149
1771914660,2026-02-24T12:01:00,82437.63,82437.63,82413.08,82422.73,32364
1771914720,2026-02-24T12:02:00,82421.39,82422.65,82408.61,82410.43,20609
1771914780,2026-02-24T12:03:00,82410.45,82418.14,82384.61,82395.5,35096
1771914840,2026-02-24T12:04:00,82396.07,82403.26,82389.85,82397.6,20508
1771914900,2026-02-24T12:05:00,82397.36,82433.94,82395.03,82433.94,63033
1771914960,2026-02-24T12:06:00,82431.9,82443.21,82427.13,82441.75,33509
1771915020,2026-02-24T12:07:00,82441.74,82441.85,82422.31,82427.68,23733
1771915080,2026-02-24T12:08:00,82425.79,82433.41,82414.75,82414.75,34507
1771915140,2026-02-24T12:09:00,82413.27,82416.24,82389.6,82403.96,62246
1771915200,2026-02-24T12:10:00,82401.21,82403.67,82376.3,82376.3,34541
1771915260,2026-02-24T12:11:00,82377.63,82384.24,82359.54,82361.4,38052
1771915320,2026-02-24T12:12:00,82362.64,82368.69,82349.4,82363.93,28610
1771915380,2026-02-24T12:13:00,82363.8,82407.14,82363.8,82407.14,76318
1771915440,2026-02-24T12:14:00,82405.47,82426.49,82404.33,82413.58,77602
1771915500,2026-02-24T12:15:00,82415.17,82415.17,82388.01,82388.89,33201
1771915560,2026-02-24T12:16:00,82389.63,82396.67,82372.27,82374.52,15816
1771915620,2026-02-24T12:17:00,82376.87,82383.43,82367.88,82378.71,51444
1771915680,2026-02-24T12:18:00,82376.79,82387.75,82372.25,82385.67,13492
1771915740,2026-02-24T12:19:00,82385.39,82387.03,82339.4,82351.94,27194
1771915800,2026-02-24T12:20:00,82357.95,82358.67,82338.04,82339.58,19886
1771915860,2026-02-24T12:21:00,82342.17,82346.38,82326.44,82326.95,17045
1771915920,2026-02-24T12:22:00,82326.87,82330.18,82312.18,82316.86,49877
1771915980,2026-02-24T12:23:00,82317.44,82319.95,82297.17,82299.15,19115
1771916040,2026-02-24T12:24:00,82299.85,82300.24,82269.07,82274.91,14470
1771916100,2026-02-24T12:25:00,82277.19,82301.66,82270.53,82300.11,25745
1771916160,2026-02-24T12:26:00,82300.39,82300.43,82281.68,82282.25,70742
1771916220,2026-02-24T12:27:00,82284.6,82284.6,82264.47,82279.32,13943
1771916280,2026-02-24T12:28:00,82276.48,82285.61,82274.63,82285.6,14145
1771916340,2026-02-24T12:29:00,82285.6,82310.53,82285.6,82298.17,50033
1771916400,2026-02-24T12:30:00,82298.88,82303.2,82285.67,82301.59,346532
1771916460,2026-02-24T12:31:00,82302.88,82303.44,82291.42,82301.81,26499
1771916520,2026-02-24T12:32:00,82301.81,82310.4,82296.9,82301.73,14890
1771916580,2026-02-24T12:33:00,82301.09,82302.39,82267.17,82273.16,20721
1771916640,2026-02-24T12:34:00,82269.41,82295.71,82269.41,82290.07,16777
1771916700,2026-02-24T12:35:00,82291.43,82305.2,82284.68,82305.2,30868
1771916760,2026-02-24T12:36:00,82304.36,82320.13,82297.13,82297.13,23397
1771916820,2026-02-24T12:37:00,82297.13,82305.63,82296.32,82303.29,13323
1771916880,2026-02-24T12:38:00,82303.63,82312.1,82296.99,82309.45,25411
1771916940,2026-02-24T12:39:00,82309.75,82311.15,82277.9,82279.52,23351
1771917000,2026-02-24T12:40:00,82281.34,82286.62,82271.08,82276.48,15976
1771917060,2026-02-24T12:41:00,82276.59,82279.08,82255.62,82256.78,22049
1771917120,2026-02-24T12:42:00,82256.16,82257.63,82242.9,82247.6,14855
1771917180,2026-02-24T12:43:00,82244.25,82249.72,82236.03,82244.86,31510
1771917240,2026-02-24T12:44:00,82250.44,82250.44,82233.38,82241.47,24274
1771917300,2026-02-24T12:45:00,82240.96,82243.76,82208.51,82223.5,15336
1771917360,2026-02-24T12:46:00,82221.52,82225.48,82191.08,82191.59,36805
1771917420,2026-02-24T12:47:00,82192.44,82192.44,82139.92,82148.72,39396
1771917480,2026-02-24T12:48:00,82146.08,82158.58,82137.01,82148.96,55248
1771917540,2026-02-24T12:49:00,82147.56,82159.1,82143.84,82145.62,63284
1771917600,2026-02-24T12:50:00,82145.56,82148.03,82134.16,82144.81,16079
1771917660,2026-02-24T12:51:00,82144.43,82166.28,82139.97,82160.71,31654
1771917720,2026-02-24T12:52:00,82161.02,82161.61,82144.31,82155.31,34678
1771917780,2026-02-24T12:53:00,82151.78,82174.08,82147.21,82172.15,28755
1771917840,2026-02-24T12:54:00,82172.31,82173.04,82158.98,82169.72,15841
1771917900,2026-02-24T12:55:00,82169.62,82191.37,82169.62,82187.66,23442
1771917960,2026-02-24T12:56:00,82186.97,82201.04,82186.97,82188.93,33861
1771918020,2026-02-24T12:57:00,82193.54,82196.39,82179.85,82181.73,19455
1771918080,2026-02-24T12:58:00,82182.95,82191.65,82163.43,82166.97,21543
1771918140,2026-02-24T12:59:00,82167.25,82195.11,82164.05,82182.15,30453
1771918200,2026-02-24T13:00:00,82183.48,82192.82,82155.63,82172.39,39691
1771918260,2026-02-24T13:01:00,82169.72,82202.05,82169.72,82193.85,27409
1771918320,2026-02-24T13:02:00,82193.62,82201.88,82172.14,82201.88,18600
1771918380,2026-02-24T13:03:00,82199.16,82235.74,82199.16,82232.6,11042
1771918440,2026-02-24T13:04:00,82235.82,82250.41,82235.82,82246.16,21510
1771918500,2026-02-24T13:05:00,82244.05,82244.05,82211.74,82226.77,17367
1771918560,2026-02-24T13:06:00,82224.84,82228.43,82216.99,82222.65,10086
1771918620,2026-02-24T13:07:00,82222.65,82223.29,82212.2,82214.54,22482
1771918680,2026-02-24T13:08:00,82212.54,82238.81,82209.87,82237.01,63886
1771918740,2026-02-24T13:09:00,82236.89,82240.17,82225.63,82225.95,56489
1771918800,2026-02-24T13:10:00,82225.95,82231.58,82219.61,82231.58,17850
1771918860,2026-02-24T13:11:00,82230.4,82236.01,82221.55,82236.01,1341076
1771918920,2026-02-24T13:12:00,82236.2,82260.07,82231.07,82254.58,34120
1771918980,2026-02-24T13:13:00,82257.17,82276.42,82252.6,82264.63,30081
1771919040,2026-02-24T13:14:00,82261.24,82274.68,82251.16,82251.16,32922
1771919100,2026-02-24T13:15:00,82249.46,82253.04,82216.35,82216.35,24065
1771919160,2026-02-24T13:16:00,82216.71,82225.1,82203.4,82205.76,24178
1771919220,2026-02-24T13:17:00,82205.38,82216.86,82197.99,82216.86,63081
1771919280,2026-02-24T13:18:00,82217.26,82238.86,82215.6,82233.59,20512
1771919340,2026-02-24T13:19:00,82233.03,82237.37,82217.36,82223.63,38143
1771919400,2026-02-24T13:20:00,82227.64,82239.59,82221.61,82225.5,39672
1771919460,2026-02-24T13:21:00,82225.5,82225.5,82208.13,82213.16,25846
1771919520,2026-02-24T13:22:00,82214.23,82214.56,82199.62,82206.61,20258
1771919580,2026-02-24T13:23:00,82204.95,82208.7,82194.75,82194.87,12828
1771919640,2026-02-24T13:24:00,82193.71,82197.18,82157.49,82157.49,17067
1771919700,2026-02-24T13:25:00,82153.81,82162.18,82144.06,82153.32,35140
1771919760,2026-02-24T13:26:00,82153.09,82176.14,82153.09,82174.7,23395
1771919820,2026-02-24T13:27:00,82175.6,82187.87,82172.28,82187.22,12536
1771919880,2026-02-24T13:28:00,82181.54,82190.36,82162.83,82162.83,55926
1771919940,2026-02-24T13:29:00,82163.38,82165.64,82106.28,82106.3,27709
1771920000,2026-02-24T13:30:00,82106.57,82106.79,82060.05,82062.48,22233
1771920060,2026-02-24T13:31:00,82063.77,82065.34,82016.62,82017.77,18533
1771920120,2026-02-24T13:32:00,82016.63,82017.25,81974.11,81982.57,52518
1771920180,2026-02-24T13:33:00,81981.49,81993.05,81967.0,81993.05,21033
1771920240,2026-02-24T13:34:00,81994.04,81997.78,81968.32,81974.91,43246
1771920300,2026-02-24T13:35:00,81970.3,81978.13,81966.03,81974.79,26024
1771920360,2026-02-24T13:36:00,81972.81,81977.87,81934.73,81940.76,38582
1771920420,2026-02-24T13:37:00,81941.06,81985.27,81938.1,81985.27,24668
1771920480,2026-02-24T13:38:00,81985.45,82046.69,81985.45,82046.69,27376
1771920540,2026-02-24T13:39:00,82045.16,82095.17,82045.16,82092.25,24963
1771920600,2026-02-24T13:40:00,82092.26,82095.96,82072.06,82073.41,25707
1771920660,2026-02-24T13:41:00,82074.48,82075.48,82041.72,82041.72,20964
1771920720,2026-02-24T13:42:00,82044.14,82053.51,82033.9,82050.18,31584
1771920780,2026-02-24T13:43:00,82050.47,82053.0,82031.06,82043.53,16142
1771920840,2026-02-24T13:44:00,82048.53,82057.32,82041.17,82057.32,16061
1771920900,2026-02-24T13:45:00,82057.32,82080.73,82053.23,82079.56,15792
1771920960,2026-02-24T13:46:00,82078.31,82079.52,82053.1,82063.35,36132
1771921020,2026-02-24T13:47:00,82063.05,82065.17,82048.39,82053.62,212204
1771921080,2026-02-24T13:48:00,82049.51,82049.51,82035.76,82044.05,12811
1771921140,2026-02-24T13:49:00,82047.63,82049.25,82033.6,82043.49,12942
1771921200,2026-02-24T13:50:00,82042.43,82047.04,82034.42,82045.01,19796
1771921260,2026-02-24T13:51:00,82043.53,82054.08,82031.39,82053.73,731717
1771921320,2026-02-24T13:52:00,82054.25,82063.09,82052.15,82058.6,10883
1771921380,2026-02-24T13:53:00,82059.45,82069.38,82058.63,82061.29,17313
1771921440,2026-02-24T13:54:00,82061.99,82078.75,82061.99,82076.22,19224
1771921500,2026-02-24T13:55:00,82071.87,82149.05,82067.37,82146.61,27728
1771921560,2026-02-24T13:56:00,82148.0,82176.3,82144.96,82172.14,28344
1771921620,2026-02-24T13:57:00,82167.87,82193.95,82166.64,82193.95,28694
1771921680,2026-02-24T13:58:00,82194.18,82201.8,82169.79,82169.79,27987
1771921740,2026-02-24T13:59:00,82172.71,82195.41,82172.71,82184.57,481741
1771921800,2026-02-24T14:00:00,82183.58,82195.6,82175.4,82187.9,22472
1771921860,2026-02-24T14:01:00,82188.86,82198.4,82120.42,82120.68,115168
1771921920,2026-02-24T14:02:00,82127.62,82170.53,82127.62,82168.41,45756
1771921980,2026-02-24T14:03:00,82168.02,82168.37,82136.83,82141.62,23168
1771922040,2026-02-24T14:04:00,82141.26,82144.25,82121.66,82123.08,17252
1771922100,2026-02-24T14:05:00,82123.58,82124.16,82103.53,82118.77,16539
1771922160,2026-02-24T14:06:00,82119.66,82132.69,82110.96,82132.69,20952
1771922220,2026-02-24T14:07:00,82132.7,82167.08,82132.7,82145.64,34470
1771922280,2026-02-24T14:08:00,82150.26,82177.46,82148.94,82162.25,13961
1771922340,2026-02-24T14:09:00,82163.59,82211.62,82163.47,82208.5,29349
1771922400,2026-02-24T14:10:00,82209.21,82214.03,82176.64,82205.47,33960
1771922460,2026-02-24T14:11:00,82201.59,82277.18,82201.59,82245.23,71014
1771922520,2026-02-24T14:12:00,82246.18,82291.78,82241.9,82274.66,35759
1771922580,2026-02-24T14:13:00,82283.25,82283.25,82251.97,82281.92,26390
1771922640,2026-02-24T14:14:00,82278.79,82320.36,82278.79,82283.85,25557
1771922700,2026-02-24T14:15:00,82285.21,82324.66,82282.89,82322.82,31785
1771922760,2026-02-24T14:16:00,82321.4,82333.79,82301.77,82326.44,861422
1771922820,2026-02-24T14:17:00,82311.89,82311.89,82248.43,82282.49,25964
1771922880,2026-02-24T14:18:00,82283.79,82306.33,82276.09,82290.53,14825
1771922940,2026-02-24T14:19:00,82293.92,82301.62,82256.21,82289.31,15304
1771923000,2026-02-24T14:20:00,82290.38,82291.69,82239.84,82241.84,15324
1771923060,2026-02-24T14:21:00,82241.42,82284.01,82229.19,82248.94,32800
1771923120,2026-02-24T14:22:00,82248.94,82252.47,82222.63,82224.57,33224
1771923180,2026-02-24T14:23:00,82224.46,82226.59,82186.25,82186.25,21212
1771923240,2026-02-24T14:24:00,82188.77,82188.77,82126.72,82156.44,25334
1771923300,2026-02-24T14:25:00,82189.28,82217.33,82170.47,82212.44,17891
1771923360,2026-02-24T14:26:00,82214.39,82216.0,82197.85,82212.17,17905
1771923420,2026-02-24T14:27:00,82215.7,82217.69,82177.63,82213.83,21550
1771923480,2026-02-24T14:28:00,82215.02,82236.41,82190.56,82198.32,53256
1771923540,2026-02-24T14:29:00,82200.54,82215.86,82194.0,82195.46,15430
1771923600,2026-02-24T14:30:00,82194.46,82196.76,82166.04,82173.74,18994
1771923660,2026-02-24T14:31:00,82171.13,82201.33,82171.13,82193.63,24039
1771923720,2026-02-24T14:32:00,82190.79,82193.68,82168.09,82178.17,17398
1771923780,2026-02-24T14:33:00,82177.93,82177.93,82138.88,82159.21,16873
1771923840,2026-02-24T14:34:00,82159.25,82162.03,82131.04,82134.65,385740
1771923900,2026-02-24T14:35:00,82131.8,82182.06,82131.71,82182.06,20367
1771923960,2026-02-24T14:36:00,82182.66,82184.87,82170.25,82179.11,39539
1771924020,2026-02-24T14:37:00,82181.99,82197.09,82180.09,82196.46,21743
1771924080,2026-02-24T14:38:00,82198.21,82236.13,82195.2,82233.36,33602
1771924140,2026-02-24T14:39:00,82233.44,82238.5,82224.93,82224.93,20922
1771924200,2026-02-24T14:40:00,82224.45,82245.67,82222.25,82233.8,19618
1771924260,2026-02-24T14:41:00,82235.61,82241.24,82223.52,82223.58,23581
1771924320,2026-02-24T14:42:00,82225.98,82234.37,82215.93,82226.05,11956
1771924380,2026-02-24T14:43:00,82226.44,82228.83,82192.79,82192.79,19090
1771924440,2026-02-24T14:44:00,82193.81,82193.81,82117.46,82117.87,17908
1771924500,2026-02-24T14:45:00,82113.45,82116.08,82068.14,82072.06,27147
1771924560,2026-02-24T14:46:00,82071.34,82126.72,82045.99,82118.71,35776
1771924620,2026-02-24T14:47:00,82117.62,82121.35,82105.86,82112.62,11474
1771924680,2026-02-24T14:48:00,82110.58,82126.11,82105.42,82113.8,14655
1771924740,2026-02-24T14:49:00,82113.8,82149.18,82101.46,82147.13,81672
1771924800,2026-02-24T14:50:00,82131.69,82195.6,82131.69,82169.51,50837
1771924860,2026-02-24T14:51:00,82162.69,82191.43,82162.0,82176.06,67541
1771924920,2026-02-24T14:52:00,82176.6,82209.23,82176.6,82183.92,30075
1771924980,2026-02-24T14:53:00,82183.03,82193.91,82152.76,82171.57,65931
1771925040,2026-02-24T14:54:00,82170.36,82210.19,82160.6,82172.16,22648
1771925100,2026-02-24T14:55:00,82169.85,82207.58,82163.7,82167.49,16486
1771925160,2026-02-24T14:56:00,82167.14,82216.45,82163.78,82207.03,33265
1771925220,2026-02-24T14:57:00,82203.17,82229.94,82198.24,82204.57,23079
1771925280,2026-02-24T14:58:00,82188.75,82221.29,82169.22,82194.2,61139
1771925340,2026-02-24T14:59:00,82196.85,82232.47,82194.63,82216.11,24803
1771925400,2026-02-24T15:00:00,82217.76,82269.02,82217.76,82232.54,113656
1771925460,2026-02-24T15:01:00,82230.92,82238.87,82216.48,82218.78,50791
1771925520,2026-02-24T15:02:00,82217.49,82217.49,82161.91,82170.06,43550
1771925580,2026-02-24T15:03:00,82166.37,82175.52,82157.15,82157.15,31565
1771925640,2026-02-24T15:04:00,82154.46,82163.14,82137.48,82137.59,24157
1771925700,2026-02-24T15:05:00,82136.49,82176.73,82122.81,82176.73,34766
1771925760,2026-02-24T15:06:00,82177.79,82212.49,82167.47,82208.35,161734
1771925820,2026-02-24T15:07:00,82207.21,82212.47,82152.68,82160.7,28966
1771925880,2026-02-24T15:08:00,82161.14,82184.76,82140.86,82180.61,29646
1771925940,2026-02-24T15:09:00,82178.78,82199.21,82151.61,82189.34,80752
1771926000,2026-02-24T15:10:00,82181.84,82195.67,82152.72,82188.12,65526
1771926060,2026-02-24T15:11:00,82183.96,82209.56,82181.04,82206.81,41391
1771926120,2026-02-24T15:12:00,82209.53,82227.95,82204.73,82204.73,51559
1771926180,2026-02-24T15:13:00,82208.16,82228.89,82202.41,82215.64,89199
1771926240,2026-02-24T15:14:00,82220.09,82222.68,82205.96,82210.09,82728
1771926300,2026-02-24T15:15:00,82208.02,82215.61,82184.64,82214.08,100459
1771926360,2026-02-24T15:16:00,82210.09,82214.91,82198.32,82214.59,65994
1771926420,2026-02-24T15:17:00,82213.87,82234.99,82210.09,82226.33,33040
1771926480,2026-02-24T15:18:00,82226.53,82247.35,82206.97,82241.22,103969
1771926540,2026-02-24T15:19:00,82244.42,82256.06,82239.92,82251.82,59293
1771926600,2026-02-24T15:20:00,82252.87,82267.13,82239.65,82264.99,50752
1771926660,2026-02-24T15:21:00,82261.46,82268.08,82226.58,82228.16,47472
1771926720,2026-02-24T15:22:00,82231.08,82264.26,82229.89,82256.97,69010
1771926780,2026-02-24T15:23:00,82256.61,82268.23,82236.9,82236.9,64999
1771926840,2026-02-24T15:24:00,82240.41,82268.27,82240.41,82268.27,54765
1771926900,2026-02-24T15:25:00,82270.59,82277.12,82260.18,82270.35,52370
1771926960,2026-02-24T15:26:00,82268.26,82280.6,82255.31,82263.8,40994
1771927020,2026-02-24T15:27:00,82260.31,82299.87,82246.75,82285.66,45735
1771927080,2026-02-24T15:28:00,82286.07,82332.86,82282.44,82326.46,39233
1771927140,2026-02-24T15:29:00,82326.4,82342.42,82281.9,82323.31,60332
1771991100,2026-02-25T09:15:00,82530.12,82784.71,82488.26,82650.22,422279
1771991160,2026-02-25T09:16:00,82652.94,82688.73,82604.53,82618.92,170806
1771991220,2026-02-25T09:17:00,82629.13,82702.59,82621.78,82632.37,173154
1771991280,2026-02-25T09:18:00,82634.83,82666.32,82626.92,82645.04,111686
1771991340,2026-02-25T09:19:00,82649.04,82699.02,82628.32,82699.02,118328
1771991400,2026-02-25T09:20:00,82696.13,82738.98,82696.13,82714.8,128278
1771991460,2026-02-25T09:21:00,82710.19,82717.71,82681.96,82704.51,86563
1771991520,2026-02-25T09:22:00,82705.29,82752.03,82698.45,82702.44,94740
1771991580,2026-02-25T09:23:00,82701.9,82739.46,82688.81,82732.56,64068
1771991640,2026-02-25T09:24:00,82738.33,82738.33,82702.16,82735.57,110237
1771991700,2026-02-25T09:25:00,82736.72,82736.75,82709.42,82731.07,125561
1771991760,2026-02-25T09:26:00,82731.74,82772.08,82719.1,82771.6,59700
1771991820,2026-02-25T09:27:00,82771.31,82807.25,82766.91,82798.77,69706
1771991880,2026-02-25T09:28:00,82800.11,82800.11,82762.07,82764.19,61420
1771991940,2026-02-25T09:29:00,82759.66,82771.79,82752.24,82759.81,135573
1771992000,2026-02-25T09:30:00,82763.54,82763.54,82712.74,82741.78,112430
1771992060,2026-02-25T09:31:00,82735.12,82740.22,82703.11,82707.48,65551
1771992120,2026-02-25T09:32:00,82714.3,82734.54,82681.98,82730.35,72988
1771992180,2026-02-25T09:33:00,82733.26,82744.21,82711.51,82721.8,108613
1771992240,2026-02-25T09:34:00,82725.6,82748.9,82712.36,82742.03,53122
1771992300,2026-02-25T09:35:00,82741.76,82749.87,82725.89,82741.27,92909
1771992360,2026-02-25T09:36:00,82746.43,82757.68,82731.63,82735.0,35467
1771992420,2026-02-25T09:37:00,82734.19,82769.36,82733.6,82755.31,64585
1771992480,2026-02-25T09:38:00,82749.5,82753.36,82714.7,82718.76,65658
1771992540,2026-02-25T09:39:00,82717.86,82735.71,82712.81,82725.95,41327
1771992600,2026-02-25T09:40:00,82724.32,82751.97,82713.65,82742.51,56010
1771992660,2026-02-25T09:41:00,82741.6,82756.17,82722.95,82723.37,44586
1771992720,2026-02-25T09:42:00,82725.74,82726.69,82708.6,82714.25,57158
1771992780,2026-02-25T09:43:00,82722.78,82722.78,82686.28,82700.76,33844
1771992840,2026-02-25T09:44:00,82700.0,82702.22,82689.7,82689.86,49345
1771992900,2026-02-25T09:45:00,82688.43,82713.46,82678.28,82713.05,45926
1771992960,2026-02-25T09:46:00,82714.25,82737.1,82714.25,82737.1,47723
1771993020,2026-02-25T09:47:00,82733.44,82764.4,82728.03,82743.72,35488
1771993080,2026-02-25T09:48:00,82745.43,82748.79,82717.64,82747.78,32826
1771993140,2026-02-25T09:49:00,82746.24,82746.24,82708.63,82708.63,37632
1771993200,2026-02-25T09:50:00,82701.64,82729.2,82701.09,82703.05,42676
1771993260,2026-02-25T09:51:00,82705.63,82735.18,82704.69,82720.52,37065
1771993320,2026-02-25T09:52:00,82726.48,82749.33,82724.47,82737.25,41755
1771993380,2026-02-25T09:53:00,82737.18,82737.18,82692.41,82700.71,44970
1771993440,2026-02-25T09:54:00,82703.14,82703.14,82664.43,82690.46,29262
1771993500,2026-02-25T09:55:00,82691.23,82728.21,82691.23,82712.51,43578
1771993560,2026-02-25T09:56:00,82713.17,82740.5,82713.17,82735.39,41881
1771993620,2026-02-25T09:57:00,82735.39,82794.94,82735.09,82793.96,68949
1771993680,2026-02-25T09:58:00,82794.8,82807.69,82768.95,82788.09,30573
1771993740,2026-02-25T09:59:00,82786.86,82801.83,82782.78,82791.08,23486
1771993800,2026-02-25T10:00:00,82794.22,82803.97,82772.59,82803.59,36912
1771993860,2026-02-25T10:01:00,82801.73,82815.7,82796.37,82797.93,42989
1771993920,2026-02-25T10:02:00,82798.02,82810.43,82789.77,82810.43,23310
1771993980,2026-02-25T10:03:00,82810.59,82841.96,82807.38,82824.55,29937
1771994040,2026-02-25T10:04:00,82825.96,82857.99,82822.42,82833.01,32161
1771994100,2026-02-25T10:05:00,82860.33,82880.89,82834.47,82847.22,90671
1771994160,2026-02-25T10:06:00,82851.47,82885.43,82849.61,82881.06,39350
1771994220,2026-02-25T10:07:00,82880.14,82887.9,82844.07,82852.61,39904
1771994280,2026-02-25T10:08:00,82847.03,82871.81,82844.68,82870.89,51179
1771994340,2026-02-25T10:09:00,82871.13,82908.12,82868.37,82896.5,58323
1771994400,2026-02-25T10:10:00,82896.83,82902.14,82845.62,82877.1,83577
1771994460,2026-02-25T10:11:00,82877.6,82884.65,82838.97,82876.65,23685
1771994520,2026-02-25T10:12:00,82875.64,82881.08,82839.41,82853.01,41726
1771994580,2026-02-25T10:13:00,82857.18,82890.18,82857.18,82880.26,38699
1771994640,2026-02-25T10:14:00,82871.1,82900.28,82865.05,82896.86,35986
1771994700,2026-02-25T10:15:00,82896.75,82911.71,82891.44,82910.38,29728
1771994760,2026-02-25T10:16:00,82911.33,82928.59,82893.99,82906.45,43413
1771994820,2026-02-25T10:17:00,82906.72,82956.45,82906.72,82948.52,33593
1771994880,2026-02-25T10:18:00,82950.83,82957.91,82910.62,82912.91,30194
1771994940,2026-02-25T10:19:00,82913.94,82931.01,82897.11,82916.91,33202
1771995000,2026-02-25T10:20:00,82914.71,82921.37,82864.92,82868.39,42005
1771995060,2026-02-25T10:21:00,82868.31,82897.86,82862.98,82893.95,39263
1771995120,2026-02-25T10:22:00,82891.96,82894.99,82876.55,82889.49,109878
1771995180,2026-02-25T10:23:00,82886.17,82891.35,82874.89,82874.89,26849
1771995240,2026-02-25T10:24:00,82875.22,82876.89,82865.45,82869.37,42483
1771995300,2026-02-25T10:25:00,82865.65,82885.05,82860.9,82861.51,47457
1771995360,2026-02-25T10:26:00,82859.77,82897.44,82859.77,82897.44,24046
1771995420,2026-02-25T10:27:00,82896.35,82901.32,82853.95,82853.95,48025
1771995480,2026-02-25T10:28:00,82855.63,82877.47,82850.75,82873.12,33416
1771995540,2026-02-25T10:29:00,82877.22,82881.3,82860.4,82868.6,112822
1771995600,2026-02-25T10:30:00,82867.07,82896.67,82858.55,82860.44,24508
1771995660,2026-02-25T10:31:00,82854.67,82899.38,82846.73,82867.91,45285
1771995720,2026-02-25T10:32:00,82865.04,82911.49,82860.04,82911.49,65326
1771995780,2026-02-25T10:33:00,82912.44,82920.3,82864.13,82874.86,65538
1771995840,2026-02-25T10:34:00,82877.19,82898.97,82874.29,82895.97,96911
1771995900,2026-02-25T10:35:00,82896.0,82900.61,82886.46,82892.26,45286
1771995960,2026-02-25T10:36:00,82893.23,82911.83,82893.23,82897.03,57056
1771996020,2026-02-25T10:37:00,82903.75,82908.9,82870.31,82871.54,28204
1771996080,2026-02-25T10:38:00,82870.59,82877.78,82839.13,82846.03,38586
1771996140,2026-02-25T10:39:00,82848.05,82864.69,82839.16,82863.58,96404
1771996200,2026-02-25T10:40:00,82863.5,82863.5,82831.49,82831.49,36191
1771996260,2026-02-25T10:41:00,82831.57,82847.35,82826.38,82845.01,54889
1771996320,2026-02-25T10:42:00,82844.69,82845.26,82814.26,82814.38,34065
1771996380,2026-02-25T10:43:00,82812.42,82828.13,82808.38,82826.28,17332
1771996440,2026-02-25T10:44:00,82826.28,82826.84,82803.67,82804.67,44874
1771996500,2026-02-25T10:45:00,82806.34,82823.92,82796.55,82817.78,30401
1771996560,2026-02-25T10:46:00,82819.9,82837.17,82809.26,82830.36,36128
1771996620,2026-02-25T10:47:00,82830.64,82831.63,82768.32,82768.32,43685
1771996680,2026-02-25T10:48:00,82770.23,82812.81,82752.65,82811.09,340139
1771996740,2026-02-25T10:49:00,82810.22,82815.24,82767.62,82788.85,30641
1771996800,2026-02-25T10:50:00,82786.99,82809.9,82781.23,82809.9,35134
1771996860,2026-02-25T10:51:00,82804.39,82833.1,82803.92,82818.6,1525959
1771996920,2026-02-25T10:52:00,82819.12,82832.78,82816.21,82822.66,26115
1771996980,2026-02-25T10:53:00,82822.0,82823.95,82796.65,82817.48,27365
1771997040,2026-02-25T10:54:00,82818.79,82818.79,82796.56,82797.8,32932
1771997100,2026-02-25T10:55:00,82798.6,82813.7,82793.71,82807.52,39522
1771997160,2026-02-25T10:56:00,82808.39,82808.81,82773.63,82802.85,49526
1771997220,2026-02-25T10:57:00,82800.64,82819.97,82790.58,82792.79,168127
1771997280,2026-02-25T10:58:00,82792.51,82822.13,82781.65,82817.97,22579
1771997340,2026-02-25T10:59:00,82817.15,82828.57,82769.03,82796.44,53011
1771997400,2026-02-25T11:00:00,82802.53,82820.71,82783.67,82804.5,23809
1771997460,2026-02-25T11:01:00,82798.22,82833.06,82795.1,82832.28,37251
1771997520,2026-02-25T11:02:00,82829.21,82840.51,82808.78,82808.88,169408
1771997580,2026-02-25T11:03:00,82806.84,82836.1,82799.89,82824.5,16473
1771997640,2026-02-25T11:04:00,82824.61,82826.15,82773.68,82775.05,31346
1771997700,2026-02-25T11:05:00,82777.61,82807.91,82771.02,82803.63,37687
1771997760,2026-02-25T11:06:00,82804.3,82815.35,82795.32,82809.29,27036
1771997820,2026-02-25T11:07:00,82805.05,82832.62,82803.64,82828.51,33191
1771997880,2026-02-25T11:08:00,82830.71,82837.95,82807.99,82810.88,25063
1771997940,2026-02-25T11:09:00,82811.15,82814.85,82795.03,82801.62,23890
1771998000,2026-02-25T11:10:00,82800.4,82811.88,82799.91,82810.04,29048
1771998060,2026-02-25T11:11:00,82808.58,82821.08,82806.2,82813.46,24208
1771998120,2026-02-25T11:12:00,82815.67,82820.33,82795.36,82800.96,29860
1771998180,2026-02-25T11:13:00,82799.01,82799.01,82745.46,82750.06,17512
1771998240,2026-02-25T11:14:00,82749.08,82791.24,82739.39,82759.25,54893
1771998300,2026-02-25T11:15:00,82757.16,82788.47,82743.94,82784.37,19592
1771998360,2026-02-25T11:16:00,82787.38,82798.26,82754.75,82785.71,12795
1771998420,2026-02-25T11:17:00,82784.95,82786.33,82734.3,82734.3,24780
1771998480,2026-02-25T11:18:00,82734.49,82759.63,82718.9,82757.14,29557
1771998540,2026-02-25T11:19:00,82757.26,82763.11,82724.81,82730.98,46668
1771998600,2026-02-25T11:20:00,82731.2,82756.89,82716.08,82755.2,28309
1771998660,2026-02-25T11:21:00,82755.7,82760.13,82720.43,82731.42,21329
1771998720,2026-02-25T11:22:00,82732.5,82740.82,82727.73,82734.99,21237
1771998780,2026-02-25T11:23:00,82735.07,82740.53,82698.02,82698.02,29175
1771998840,2026-02-25T11:24:00,82698.16,82754.08,82698.16,82733.01,29796
1771998900,2026-02-25T11:25:00,82731.62,82749.13,82726.06,82745.82,20628
1771998960,2026-02-25T11:26:00,82745.85,82761.26,82745.85,82760.43,29962
1771999020,2026-02-25T11:27:00,82756.53,82758.14,82737.36,82747.46,21289
1771999080,2026-02-25T11:28:00,82749.06,82768.75,82744.6,82767.09,21875
1771999140,2026-02-25T11:29:00,82759.71,82775.12,82756.49,82761.62,29297
1771999200,2026-02-25T11:30:00,82762.66,82766.36,82739.47,82741.11,31476
1771999260,2026-02-25T11:31:00,82736.59,82769.62,82735.78,82735.78,16326
1771999320,2026-02-25T11:32:00,82736.0,82746.71,82706.43,82746.71,17117
1771999380,2026-02-25T11:33:00,82747.19,82755.85,82741.49,82749.71,24665
1771999440,2026-02-25T11:34:00,82749.02,82761.48,82714.32,82719.78,18800
1771999500,2026-02-25T11:35:00,82717.94,82739.46,82712.57,82732.64,28591
1771999560,2026-02-25T11:36:00,82733.69,82743.66,82727.05,82727.05,30756
1771999620,2026-02-25T11:37:00,82732.05,82739.63,82721.77,82721.77,16896
1771999680,2026-02-25T11:38:00,82722.6,82733.47,82719.75,82732.96,14551
1771999740,2026-02-25T11:39:00,82733.45,82733.74,82721.38,82727.62,17433
1771999800,2026-02-25T11:40:00,82727.21,82728.21,82665.29,82700.46,73780
1771999860,2026-02-25T11:41:00,82698.49,82703.27,82645.81,82696.4,232044
1771999920,2026-02-25T11:42:00,82695.29,82703.57,82654.87,82677.91,20313
1771999980,2026-02-25T11:43:00,82681.75,82701.66,82660.0,82660.0,10120
1772000040,2026-02-25T11:44:00,82659.94,82685.9,82659.94,82672.59,32152
1772000100,2026-02-25T11:45:00,82679.0,82752.96,82679.0,82715.17,26460
1772000160,2026-02-25T11:46:00,82719.37,82764.8,82716.31,82761.15,21827
1772000220,2026-02-25T11:47:00,82762.72,82773.35,82737.79,82737.79,17068
1772000280,2026-02-25T11:48:00,82740.86,82770.58,82728.87,82765.39,20580
1772000340,2026-02-25T11:49:00,82765.14,82766.34,82727.18,82745.43,59677
1772000400,2026-02-25T11:50:00,82742.59,82785.63,82739.64,82780.17,18341
1772000460,2026-02-25T11:51:00,82780.38,82785.61,82741.02,82764.24,23329
1772000520,2026-02-25T11:52:00,82767.3,82767.3,82724.59,82724.59,17701
1772000580,2026-02-25T11:53:00,82724.56,82762.25,82722.65,82745.23,27127
1772000640,2026-02-25T11:54:00,82738.98,82745.59,82721.41,82736.48,16558
1772000700,2026-02-25T11:55:00,82734.93,82734.93,82712.55,82728.52,21444
1772000760,2026-02-25T11:56:00,82729.81,82732.29,82680.44,82680.62,20977
1772000820,2026-02-25T11:57:00,82681.71,82708.03,82665.85,82706.16,91839
1772000880,2026-02-25T11:58:00,82707.35,82707.35,82645.86,82686.75,62100
1772000940,2026-02-25T11:59:00,82683.25,82683.25,82646.86,82653.16,41925
1772001000,2026-02-25T12:00:00,82657.27,82694.75,82655.14,82692.34,20245
1772001060,2026-02-25T12:01:00,82691.35,82692.25,82677.34,82692.25,12885
1772001120,2026-02-25T12:02:00,82690.02,82703.64,82686.1,82693.51,16220
1772001180,2026-02-25T12:03:00,82694.68,82724.94,82691.38,82721.67,220267
1772001240,2026-02-25T12:04:00,82719.74,82733.3,82713.7,82730.03,19704
1772001300,2026-02-25T12:05:00,82730.77,82739.35,82719.42,82739.35,24900
1772001360,2026-02-25T12:06:00,82739.19,82739.19,82718.2,82721.12,10287
1772001420,2026-02-25T12:07:00,82721.25,82721.31,82698.23,82708.76,34776
1772001480,2026-02-25T12:08:00,82706.23,82708.82,82695.39,82703.41,15452
1772001540,2026-02-25T12:09:00,82705.37,82711.62,82696.61,82707.77,12281
1772001600,2026-02-25T12:10:00,82705.62,82708.81,82698.65,82702.83,15124
1772001660,2026-02-25T12:11:00,82703.39,82707.95,82693.55,82700.72,15765
1772001720,2026-02-25T12:12:00,82699.18,82712.75,82696.15,82710.85,29645
1772001780,2026-02-25T12:13:00,82712.08,82713.67,82693.4,82697.66,26314
1772001840,2026-02-25T12:14:00,82695.79,82695.79,82661.12,82688.6,19388
1772001900,2026-02-25T12:15:00,82686.83,82698.37,82683.97,82694.01,22073
1772001960,2026-02-25T12:16:00,82694.15,82702.58,82686.94,82700.7,23458
1772002020,2026-02-25T12:17:00,82694.02,82720.32,82694.02,82720.32,32070
1772002080,2026-02-25T12:18:00,82720.41,82737.1,82712.53,82729.73,33713
1772002140,2026-02-25T12:19:00,82725.86,82730.57,82707.56,82709.65,23427
1772002200,2026-02-25T12:20:00,82708.61,82713.6,82694.49,82702.58,59927
1772002260,2026-02-25T12:21:00,82702.19,82710.18,82666.73,82670.38,24306
1772002320,2026-02-25T12:22:00,82668.52,82668.52,82650.88,82659.55,18707
1772002380,2026-02-25T12:23:00,82659.33,82683.48,82651.66,82683.48,14321
1772002440,2026-02-25T12:24:00,82684.23,82698.93,82658.02,82691.69,17753
1772002500,2026-02-25T12:25:00,82691.54,82695.79,82645.01,82646.38,207261
1772002560,2026-02-25T12:26:00,82641.46,82676.74,82638.92,82673.27,28123
1772002620,2026-02-25T12:27:00,82673.54,82680.83,82630.61,82632.69,25023
1772002680,2026-02-25T12:28:00,82631.72,82665.81,82620.34,82640.5,17990
1772002740,2026-02-25T12:29:00,82635.63,82661.77,82625.55,82657.92,17565
1772002800,2026-02-25T12:30:00,82659.39,82670.97,82629.22,82640.66,38307
1772002860,2026-02-25T12:31:00,82657.78,82663.66,82634.49,82634.49,74540
1772002920,2026-02-25T12:32:00,82630.31,82662.76,82587.08,82587.08,179515
1772002980,2026-02-25T12:33:00,82579.91,82591.3,82558.43,82559.01,28583
1772003040,2026-02-25T12:34:00,82558.78,82558.78,82477.18,82486.63,46868
1772003100,2026-02-25T12:35:00,82487.52,82498.79,82446.8,82454.57,32715
1772003160,2026-02-25T12:36:00,82454.24,82457.46,82383.32,82383.32,36061
1772003220,2026-02-25T12:37:00,82385.4,82409.42,82369.84,82409.42,27616
1772003280,2026-02-25T12:38:00,82410.63,82476.04,82410.63,82455.69,577426
1772003340,2026-02-25T12:39:00,82457.18,82457.18,82440.78,82451.03,19265
1772003400,2026-02-25T12:40:00,82450.17,82456.58,82423.69,82427.11,21796
1772003460,2026-02-25T12:41:00,82430.39,82469.54,82421.95,82463.6,16115
1772003520,2026-02-25T12:42:00,82463.11,82464.11,82406.46,82439.57,49596
1772003580,2026-02-25T12:43:00,82440.7,82447.05,82394.7,82428.32,332699
1772003640,2026-02-25T12:44:00,82429.54,82432.8,82374.73,82393.39,26284
1772003700,2026-02-25T12:45:00,82396.9,82397.49,82322.64,82333.07,31014
1772003760,2026-02-25T12:46:00,82332.63,82372.95,82332.63,82342.15,24968
1772003820,2026-02-25T12:47:00,82344.42,82352.21,82304.77,82304.77,21972
1772003880,2026-02-25T12:48:00,82304.81,82331.07,82287.51,82290.89,37719
1772003940,2026-02-25T12:49:00,82291.31,82304.89,82269.89,82280.96,31810
1772004000,2026-02-25T12:50:00,82274.39,82317.02,82234.78,82264.76,31080
1772004060,2026-02-25T12:51:00,82261.17,82299.34,82251.73,82282.27,22307
1772004120,2026-02-25T12:52:00,82281.4,82345.35,82281.4,82345.35,24437
1772004180,2026-02-25T12:53:00,82344.8,82346.41,82326.6,82328.86,11876
1772004240,2026-02-25T12:54:00,82328.86,82330.76,82285.19,82285.21,23278
1772004300,2026-02-25T12:55:00,82284.25,82332.58,82274.3,82316.58,24170
1772004360,2026-02-25T12:56:00,82312.94,82342.06,82296.35,82300.66,15014
1772004420,2026-02-25T12:57:00,82297.16,82315.15,82287.54,82314.11,17917
1772004480,2026-02-25T12:58:00,82308.55,82311.12,82254.2,82254.2,20513
1772004540,2026-02-25T12:59:00,82256.81,82292.73,82249.01,82292.73,14763
1772004600,2026-02-25T13:00:00,82290.94,82292.89,82207.98,82257.88,27232
1772004660,2026-02-25T13:01:00,82259.06,82268.3,82205.77,82227.11,37639
1772004720,2026-02-25T13:02:00,82227.36,82232.95,82185.93,82211.42,191790
1772004780,2026-02-25T13:03:00,82209.21,82226.55,82167.76,82189.88,29125
1772004840,2026-02-25T13:04:00,82188.81,82247.83,82187.2,82247.83,72849
1772004900,2026-02-25T13:05:00,82252.69,82252.69,82212.12,82212.12,42543
1772004960,2026-02-25T13:06:00,82214.45,82280.12,82188.15,82251.69,46329
1772005020,2026-02-25T13:07:00,82246.68,82264.1,82234.74,82258.86,20639
1772005080,2026-02-25T13:08:00,82261.18,82276.57,82233.77,82243.03,15921
1772005140,2026-02-25T13:09:00,82244.8,82283.15,82238.38,82238.38,32082
1772005200,2026-02-25T13:10:00,82242.35,82280.57,82231.12,82254.26,17123
1772005260,2026-02-25T13:11:00,82248.15,82296.09,82245.33,82260.31,41015
1772005320,2026-02-25T13:12:00,82259.6,82297.33,82259.6,82267.66,20026
1772005380,2026-02-25T13:13:00,82268.68,82302.88,82250.84,82278.27,46599
1772005440,2026-02-25T13:14:00,82275.74,82278.07,82240.55,82245.49,9139
1772005500,2026-02-25T13:15:00,82247.39,82266.32,82224.58,82232.82,18979
1772005560,2026-02-25T13:16:00,82232.32,82288.97,82232.15,82251.09,21773
1772005620,2026-02-25T13:17:00,82254.4,82280.99,82253.91,82278.98,44501
1772005680,2026-02-25T13:18:00,82278.43,82285.55,82270.36,82283.93,27764
1772005740,2026-02-25T13:19:00,82283.93,82299.83,82283.23,82296.78,42397
1772005800,2026-02-25T13:20:00,82292.28,82320.21,82292.28,82297.28,19139
1772005860,2026-02-25T13:21:00,82298.83,82308.49,82272.51,82276.09,12263
1772005920,2026-02-25T13:22:00,82277.78,82280.48,82271.31,82274.97,11548
1772005980,2026-02-25T13:23:00,82274.81,82274.81,82253.88,82254.47,29542
1772006040,2026-02-25T13:24:00,82253.52,82253.84,82214.78,82219.61,21131
1772006100,2026-02-25T13:25:00,82218.63,82227.28,82214.8,82220.16,24241
1772006160,2026-02-25T13:26:00,82218.18,82219.7,82180.39,82181.94,22924
1772006220,2026-02-25T13:27:00,82178.03,82178.03,82140.91,82161.09,32561
1772006280,2026-02-25T13:28:00,82162.82,82207.95,82161.13,82197.8,14855
1772006340,2026-02-25T13:29:00,82198.32,82230.48,82197.56,82230.48,8973
1772006400,2026-02-25T13:30:00,82230.38,82269.77,82229.88,82269.77,30457
1772006460,2026-02-25T13:31:00,82268.71,82292.64,82263.12,82263.28,19680
1772006520,2026-02-25T13:32:00,82267.16,82269.96,82231.91,82235.28,16164
1772006580,2026-02-25T13:33:00,82235.69,82236.26,82220.41,82235.97,26530
1772006640,2026-02-25T13:34:00,82235.33,82240.04,82229.62,82233.79,14223
1772006700,2026-02-25T13:35:00,82233.53,82254.89,82229.34,82254.89,31499
1772006760,2026-02-25T13:36:00,82259.74,82263.67,82248.88,82257.71,21171
1772006820,2026-02-25T13:37:00,82257.71,82269.27,82253.09,82265.86,14529
1772006880,2026-02-25T13:38:00,82270.06,82278.5,82249.89,82251.43,15025
1772006940,2026-02-25T13:39:00,82249.72,82251.99,82233.2,82245.8,11386
1772007000,2026-02-25T13:40:00,82244.53,82249.89,82231.04,82231.04,10287
1772007060,2026-02-25T13:41:00,82230.75,82246.48,82230.75,82239.43,10977
1772007120,2026-02-25T13:42:00,82239.66,82249.51,82229.75,82234.6,12862
1772007180,2026-02-25T13:43:00,82237.65,82241.72,82231.01,82238.3,17649
1772007240,2026-02-25T13:44:00,82236.97,82249.72,82230.19,82230.19,20602
1772007300,2026-02-25T13:45:00,82229.49,82229.49,82197.34,82202.14,13625
1772007360,2026-02-25T13:46:00,82205.12,82216.04,82190.01,82197.56,31563
1772007420,2026-02-25T13:47:00,82198.05,82219.04,82191.54,82214.05,32540
1772007480,2026-02-25T13:48:00,82217.5,82241.56,82216.92,82241.56,16188
1772007540,2026-02-25T13:49:00,82239.77,82246.48,82236.9,82243.9,7339
1772007600,2026-02-25T13:50:00,82245.51,82262.02,82242.49,82255.42,489421
1772007660,2026-02-25T13:51:00,82255.77,82256.15,82241.52,82248.04,16682
1772007720,2026-02-25T13:52:00,82248.41,82251.53,82237.85,82243.08,24872
1772007780,2026-02-25T13:53:00,82245.77,82260.37,82244.33,82260.37,14977
1772007840,2026-02-25T13:54:00,82261.3,82271.63,82258.52,82262.26,7949
1772007900,2026-02-25T13:55:00,82263.34,82271.09,82251.8,82263.28,15512
1772007960,2026-02-25T13:56:00,82261.77,82262.18,82247.69,82249.95,9093
1772008020,2026-02-25T13:57:00,82252.08,82252.08,82242.47,82251.36,12171
1772008080,2026-02-25T13:58:00,82255.51,82270.7,82254.46,82270.7,16088
1772008140,2026-02-25T13:59:00,82265.16,82269.75,82257.96,82262.62,11957
1772008200,2026-02-25T14:00:00,82266.47,82270.22,82227.23,82227.45,20770
1772008260,2026-02-25T14:01:00,82229.27,82249.8,82213.59,82248.47,18564
1772008320,2026-02-25T14:02:00,82250.94,82251.9,82222.07,82226.91,21341
1772008380,2026-02-25T14:03:00,82227.16,82228.71,82179.08,82182.72,15986
1772008440,2026-02-25T14:04:00,82182.32,82185.41,82173.37,82179.65,19834
1772008500,2026-02-25T14:05:00,82185.35,82200.54,82179.72,82193.75,19231
1772008560,2026-02-25T14:06:00,82196.84,82196.84,82159.95,82159.95,21777
1772008620,2026-02-25T14:07:00,82161.79,82163.53,82132.63,82146.22,262379
1772008680,2026-02-25T14:08:00,82146.26,82186.38,82146.26,82184.08,19913
1772008740,2026-02-25T14:09:00,82184.08,82184.73,82138.69,82147.9,12190
1772008800,2026-02-25T14:10:00,82147.9,82167.42,82147.9,82167.42,31318
1772008860,2026-02-25T14:11:00,82167.12,82218.06,82167.12,82215.42,26549
1772008920,2026-02-25T14:12:00,82211.21,82239.66,82211.21,82236.53,23902
1772008980,2026-02-25T14:13:00,82236.53,82244.46,82207.0,82207.41,15273
1772009040,2026-02-25T14:14:00,82206.87,82225.79,82206.87,82221.96,18746
1772009100,2026-02-25T14:15:00,82225.27,82241.25,82213.58,82238.14,20899
1772009160,2026-02-25T14:16:00,82238.53,82251.03,82228.65,82246.58,18547
1772009220,2026-02-25T14:17:00,82247.87,82277.27,82247.87,82275.91,26648
1772009280,2026-02-25T14:18:00,82277.42,82309.34,82273.93,82309.34,24185
1772009340,2026-02-25T14:19:00,82309.5,82362.95,82309.3,82360.78,94566
1772009400,2026-02-25T14:20:00,82362.63,82362.67,82335.15,82358.75,26580
1772009460,2026-02-25T14:21:00,82361.97,82362.39,82335.57,82346.62,29626
1772009520,2026-02-25T14:22:00,82347.88,82376.97,82347.74,82357.77,27498
1772009580,2026-02-25T14:23:00,82359.04,82360.21,82323.12,82325.87,31554
1772009640,2026-02-25T14:24:00,82321.56,82322.03,82271.22,82280.15,31603
1772009700,2026-02-25T14:25:00,82278.24,82284.6,82251.53,82263.79,46257
1772009760,2026-02-25T14:26:00,82262.75,82273.28,82253.44,82259.6,16046
1772009820,2026-02-25T14:27:00,82261.27,82261.39,82229.58,82233.1,23089
1772009880,2026-02-25T14:28:00,82232.81,82232.81,82195.53,82198.93,29076
1772009940,2026-02-25T14:29:00,82197.17,82207.7,82189.71,82189.71,24557
1772010000,2026-02-25T14:30:00,82191.7,82210.73,82188.78,82210.73,55858
1772010060,2026-02-25T14:31:00,82212.05,82293.79,82211.27,82281.43,55219
1772010120,2026-02-25T14:32:00,82283.33,82284.16,82268.32,82269.62,16638
1772010180,2026-02-25T14:33:00,82268.03,82273.48,82262.13,82266.4,34544
1772010240,2026-02-25T14:34:00,82266.28,82281.73,82261.89,82281.24,12570
1772010300,2026-02-25T14:35:00,82285.21,82306.7,82282.56,82305.92,17574
1772010360,2026-02-25T14:36:00,82306.64,82308.22,82283.07,82295.53,18624
1772010420,2026-02-25T14:37:00,82296.59,82304.8,82286.31,82298.17,25051
1772010480,2026-02-25T14:38:00,82302.07,82302.07,82286.12,82288.19,16380
1772010540,2026-02-25T14:39:00,82291.33,82304.69,82281.47,82301.27,12134
1772010600,2026-02-25T14:40:00,82299.06,82299.08,82278.97,82278.97,17626
1772010660,2026-02-25T14:41:00,82277.13,82285.1,82271.98,82284.17,12177
1772010720,2026-02-25T14:42:00,82285.46,82291.87,82244.57,82248.73,22016
1772010780,2026-02-25T14:43:00,82244.56,82275.41,82216.04,82227.53,17634
1772010840,2026-02-25T14:44:00,82227.8,82271.92,82227.8,82267.15,18529
1772010900,2026-02-25T14:45:00,82269.83,82280.16,82259.83,82261.9,38231
1772010960,2026-02-25T14:46:00,82262.08,82266.09,82205.25,82239.18,27355
1772011020,2026-02-25T14:47:00,82240.43,82247.25,82206.35,82209.4,46460
1772011080,2026-02-25T14:48:00,82205.25,82233.02,82199.87,82203.27,25263
1772011140,2026-02-25T14:49:00,82202.93,82220.1,82174.59,82207.2,18474
1772011200,2026-02-25T14:50:00,82209.62,82218.99,82202.95,82202.95,37753
1772011260,2026-02-25T14:51:00,82185.3,82206.52,82167.01,82206.52,60485
1772011320,2026-02-25T14:52:00,82206.37,82209.11,82152.67,82158.76,37291
1772011380,2026-02-25T14:53:00,82157.81,82193.59,82144.86,82186.7,20124
1772011440,2026-02-25T14:54:00,82188.7,82233.62,82164.81,82203.21,32627
1772011500,2026-02-25T14:55:00,82209.29,82269.97,82209.29,82254.59,56838
1772011560,2026-02-25T14:56:00,82255.83,82261.65,82219.63,82219.63,19520
1772011620,2026-02-25T14:57:00,82214.1,82237.87,82186.97,82203.79,35788
1772011680,2026-02-25T14:58:00,82200.7,82249.28,82198.48,82232.73,26956
1772011740,2026-02-25T14:59:00,82226.82,82271.7,82205.23,82227.59,34361
1772011800,2026-02-25T15:00:00,82237.5,82362.89,82237.5,82357.69,84908
1772011860,2026-02-25T15:01:00,82357.39,82357.39,82296.02,82310.35,34905
1772011920,2026-02-25T15:02:00,82315.37,82362.38,82311.83,82361.24,32508
1772011980,2026-02-25T15:03:00,82364.38,82364.38,82321.16,82346.21,34692
1772012040,2026-02-25T15:04:00,82345.71,82363.54,82342.34,82344.58,45996
1772012100,2026-02-25T15:05:00,82342.2,82342.2,82269.84,82269.84,32515
1772012160,2026-02-25T15:06:00,82265.84,82294.33,82264.11,82294.33,16827
1772012220,2026-02-25T15:07:00,82293.59,82332.98,82292.61,82311.07,25308
1772012280,2026-02-25T15:08:00,82308.71,82351.43,82290.77,82312.64,30057
1772012340,2026-02-25T15:09:00,82311.77,82311.77,82252.0,82284.72,38269
1772012400,2026-02-25T15:10:00,82280.11,82291.83,82267.47,82273.03,34194
1772012460,2026-02-25T15:11:00,82269.16,82269.97,82213.16,82244.33,45556
1772012520,2026-02-25T15:12:00,82241.79,82261.33,82236.0,82236.0,54718
1772012580,2026-02-25T15:13:00,82235.56,82268.45,82222.94,82248.12,35283
1772012640,2026-02-25T15:14:00,82251.07,82272.76,82231.13,82266.89,53907
1772012700,2026-02-25T15:15:00,82260.42,82275.95,82239.07,82268.99,27422
1772012760,2026-02-25T15:16:00,82265.18,82297.08,82243.45,82248.87,31373
1772012820,2026-02-25T15:17:00,82255.78,82273.08,82246.84,82267.48,805968
1772012880,2026-02-25T15:18:00,82264.17,82264.17,82248.51,82254.07,98785
1772012940,2026-02-25T15:19:00,82251.51,82272.75,82248.5,82268.81,70944
1772013000,2026-02-25T15:20:00,82266.72,82272.42,82256.93,82263.41,65071
1772013060,2026-02-25T15:21:00,82261.22,82278.76,82245.0,82253.62,38800
1772013120,2026-02-25T15:22:00,82253.01,82272.38,82244.35,82250.58,18015
1772013180,2026-02-25T15:23:00,82244.24,82285.48,82244.24,82280.12,52821
1772013240,2026-02-25T15:24:00,82281.53,82282.87,82239.89,82242.83,60439
1772013300,2026-02-25T15:25:00,82244.04,82299.31,82240.75,82297.34,130461
1772013360,2026-02-25T15:26:00,82295.8,82302.31,82266.1,82292.35,49193
1772013420,2026-02-25T15:27:00,82297.94,82304.89,82287.42,82292.29,66081
1772013480,2026-02-25T15:28:00,82297.79,82303.16,82271.71,82290.6,45807
1772013540,2026-02-25T15:29:00,82293.83,82302.39,82252.68,82274.98,39989
1772077500,2026-02-26T09:15:00,82418.78,82579.16,82404.65,82563.47,3364572
1772077560,2026-02-26T09:16:00,82560.53,82560.53,82482.34,82484.59,1049956
1772077620,2026-02-26T09:17:00,82480.95,82498.99,82430.83,82498.99,597365
1772077680,2026-02-26T09:18:00,82480.85,82480.85,82410.13,82411.59,295009
1772077740,2026-02-26T09:19:00,82409.86,82480.11,82404.57,82424.32,135675
1772077800,2026-02-26T09:20:00,82426.77,82465.14,82426.77,82441.81,136371
1772077860,2026-02-26T09:21:00,82440.59,82444.46,82361.75,82366.37,106633
1772077920,2026-02-26T09:22:00,82364.67,82364.67,82288.37,82309.06,157082
1772077980,2026-02-26T09:23:00,82313.8,82338.95,82304.22,82335.32,120672
1772078040,2026-02-26T09:24:00,82334.51,82346.97,82291.05,82310.03,86936
1772078100,2026-02-26T09:25:00,82311.47,82341.22,82247.06,82247.9,168454
1772078160,2026-02-26T09:26:00,82255.18,82298.52,82244.99,82282.74,47544
1772078220,2026-02-26T09:27:00,82285.67,82343.56,82274.84,82343.56,39604
1772078280,2026-02-26T09:28:00,82338.78,82340.22,82276.93,82293.9,52559
1772078340,2026-02-26T09:29:00,82300.03,82304.26,82264.97,82296.26,61521
1772078400,2026-02-26T09:30:00,82300.9,82346.63,82293.84,82340.27,34339
1772078460,2026-02-26T09:31:00,82347.61,82347.74,82291.73,82300.44,63606
1772078520,2026-02-26T09:32:00,82300.0,82323.69,82295.94,82323.69,30870
1772078580,2026-02-26T09:33:00,82323.19,82329.34,82311.35,82328.93,27623
1772078640,2026-02-26T09:34:00,82327.34,82360.41,82324.72,82355.71,28655
1772078700,2026-02-26T09:35:00,82358.24,82371.64,82349.21,82367.49,45583
1772078760,2026-02-26T09:36:00,82369.14,82398.79,82357.8,82391.81,40770
1772078820,2026-02-26T09:37:00,82395.31,82417.08,82391.61,82409.35,38901
1772078880,2026-02-26T09:38:00,82411.98,82439.7,82411.61,82435.45,40103
1772078940,2026-02-26T09:39:00,82439.11,82466.22,82428.67,82436.21,27541
1772079000,2026-02-26T09:40:00,82443.31,82493.8,82436.13,82487.56,29951
1772079060,2026-02-26T09:41:00,82485.63,82499.77,82448.35,82448.35,32059
1772079120,2026-02-26T09:42:00,82451.5,82465.3,82441.11,82462.36,40456
1772079180,2026-02-26T09:43:00,82461.21,82499.43,82455.68,82499.43,252608
1772079240,2026-02-26T09:44:00,82498.93,82499.37,82466.02,82488.17,28289
1772079300,2026-02-26T09:45:00,82490.82,82539.11,82485.13,82510.34,30131
1772079360,2026-02-26T09:46:00,82506.81,82508.26,82456.94,82461.93,32843
1772079420,2026-02-26T09:47:00,82458.42,82515.29,82454.92,82465.54,29576
1772079480,2026-02-26T09:48:00,82460.39,82508.79,82460.39,82503.62,29841
1772079540,2026-02-26T09:49:00,82505.54,82513.35,82495.33,82498.54,28142
1772079600,2026-02-26T09:50:00,82497.87,82508.78,82473.15,82477.34,41627
1772079660,2026-02-26T09:51:00,82480.58,82480.58,82439.75,82440.64,32581
1772079720,2026-02-26T09:52:00,82440.65,82472.24,82437.92,82449.16,21128
1772079780,2026-02-26T09:53:00,82454.34,82454.34,82397.52,82421.02,29900
1772079840,2026-02-26T09:54:00,82424.89,82424.89,82328.26,82330.18,1387305
1772079900,2026-02-26T09:55:00,82332.24,82343.66,82287.32,82343.66,34408
1772079960,2026-02-26T09:56:00,82341.98,82369.33,82314.24,82318.88,16879
1772080020,2026-02-26T09:57:00,82318.69,82377.42,82318.69,82325.65,21536
1772080080,2026-02-26T09:58:00,82322.89,82360.03,82306.99,82306.99,20171
1772080140,2026-02-26T09:59:00,82306.12,82365.45,82294.85,82365.45,18808
1772080200,2026-02-26T10:00:00,82363.86,82383.62,82337.54,82383.62,25180
1772080260,2026-02-26T10:01:00,82384.06,82395.57,82350.68,82395.36,16460
1772080320,2026-02-26T10:02:00,82398.33,82408.42,82384.27,82393.33,19751
1772080380,2026-02-26T10:03:00,82399.44,82439.56,82397.88,82437.76,27621
1772080440,2026-02-26T10:04:00,82432.84,82468.72,82428.28,82468.02,29986
1772080500,2026-02-26T10:05:00,82446.63,82493.14,82429.85,82493.14,30579
1772080560,2026-02-26T10:06:00,82490.8,82517.85,82461.43,82517.19,22192
1772080620,2026-02-26T10:07:00,82518.72,82529.42,82516.36,82517.25,8494
1772080680,2026-02-26T10:08:00,82518.15,82529.49,82512.49,82512.49,20543
1772080740,2026-02-26T10:09:00,82510.92,82516.06,82493.05,82515.48,21320
1772080800,2026-02-26T10:10:00,82512.79,82536.24,82512.58,82535.03,13663
1772080860,2026-02-26T10:11:00,82534.25,82550.28,82509.93,82511.33,20634
1772080920,2026-02-26T10:12:00,82503.84,82537.75,82495.03,82529.63,17112
1772080980,2026-02-26T10:13:00,82529.94,82535.82,82496.22,82529.17,20228
1772081040,2026-02-26T10:14:00,82531.12,82537.0,82519.35,82523.98,17682
1772081100,2026-02-26T10:15:00,82525.96,82532.23,82480.25,82507.56,32005
1772081160,2026-02-26T10:16:00,82509.11,82509.33,82448.37,82478.03,24292
1772081220,2026-02-26T10:17:00,82477.93,82491.59,82476.06,82481.62,13981
1772081280,2026-02-26T10:18:00,82482.13,82501.2,82482.13,82497.35,23101
1772081340,2026-02-26T10:19:00,82496.69,82511.78,82488.31,82511.78,22442
1772081400,2026-02-26T10:20:00,82512.05,82518.11,82460.37,82460.37,19611
1772081460,2026-02-26T10:21:00,82458.35,82479.35,82433.33,82468.83,33101
1772081520,2026-02-26T10:22:00,82467.44,82486.47,82431.46,82451.02,28659
1772081580,2026-02-26T10:23:00,82450.34,82450.34,82424.29,82443.84,43579
1772081640,2026-02-26T10:24:00,82444.65,82450.31,82425.7,82425.76,38315
1772081700,2026-02-26T10:25:00,82424.12,82432.38,82416.14,82432.38,19433
1772081760,2026-02-26T10:26:00,82434.89,82466.02,82430.33,82462.25,21815
1772081820,2026-02-26T10:27:00,82461.2,82465.53,82447.36,82450.7,24612
1772081880,2026-02-26T10:28:00,82451.02,82458.39,82421.4,82421.86,26287
1772081940,2026-02-26T10:29:00,82420.43,82420.43,82352.61,82375.26,728560
1772082000,2026-02-26T10:30:00,82371.64,82416.65,82366.82,82407.58,21816
1772082060,2026-02-26T10:31:00,82405.15,82405.15,82382.64,82392.05,19471
1772082120,2026-02-26T10:32:00,82394.12,82417.38,82385.49,82409.96,12887
1772082180,2026-02-26T10:33:00,82408.35,82425.88,82391.86,82425.88,22648
1772082240,2026-02-26T10:34:00,82426.19,82447.84,82406.82,82439.46,58174
1772082300,2026-02-26T10:35:00,82445.3,82461.04,82381.79,82407.31,22981
1772082360,2026-02-26T10:36:00,82420.67,82428.26,82372.57,82376.11,25731
1772082420,2026-02-26T10:37:00,82378.0,82432.1,82368.16,82414.08,904056
1772082480,2026-02-26T10:38:00,82412.2,82425.0,82368.55,82401.03,28652
1772082540,2026-02-26T10:39:00,82399.77,82406.03,82373.41,82380.88,26165
1772082600,2026-02-26T10:40:00,82380.88,82397.16,82364.08,82367.52,18656
1772082660,2026-02-26T10:41:00,82367.6,82404.94,82361.11,82376.94,18723
1772082720,2026-02-26T10:42:00,82377.62,82415.35,82374.73,82415.35,37473
1772082780,2026-02-26T10:43:00,82415.04,82448.63,82389.96,82444.63,26086
1772082840,2026-02-26T10:44:00,82445.39,82447.66,82383.91,82418.75,15066
1772082900,2026-02-26T10:45:00,82418.11,82431.55,82384.75,82423.27,20586
1772082960,2026-02-26T10:46:00,82425.36,82428.64,82389.35,82403.8,13634
1772083020,2026-02-26T10:47:00,82403.8,82433.59,82396.1,82426.52,26178
1772083080,2026-02-26T10:48:00,82427.54,82449.59,82427.54,82442.35,28656
1772083140,2026-02-26T10:49:00,82442.1,82481.79,82437.37,82441.72,17448
1772083200,2026-02-26T10:50:00,82436.2,82466.77,82435.9,82464.32,12211
1772083260,2026-02-26T10:51:00,82437.86,82454.53,82429.46,82449.06,21122
1772083320,2026-02-26T10:52:00,82447.82,82457.54,82399.91,82430.41,35202
1772083380,2026-02-26T10:53:00,82427.84,82434.04,82399.13,82405.67,27532
1772083440,2026-02-26T10:54:00,82407.04,82427.43,82386.2,82414.79,33345
1772083500,2026-02-26T10:55:00,82394.07,82405.84,82362.55,82392.61,135171
1772083560,2026-02-26T10:56:00,82392.17,82392.17,82330.13,82330.13,68189
1772083620,2026-02-26T10:57:00,82329.96,82385.67,82326.73,82358.54,19099
1772083680,2026-02-26T10:58:00,82353.22,82387.71,82353.22,82376.89,19291
1772083740,2026-02-26T10:59:00,82377.58,82377.58,82329.15,82348.38,19160
1772083800,2026-02-26T11:00:00,82340.58,82372.66,82302.7,82302.7,36674
1772083860,2026-02-26T11:01:00,82308.58,82338.75,82303.75,82311.38,26033
1772083920,2026-02-26T11:02:00,82308.92,82345.29,82296.8,82318.96,18205
1772083980,2026-02-26T11:03:00,82320.61,82372.23,82320.61,82372.23,30528
1772084040,2026-02-26T11:04:00,82372.9,82412.73,82372.83,82411.05,26844
1772084100,2026-02-26T11:05:00,82411.47,82412.43,82377.82,82379.56,16076
1772084160,2026-02-26T11:06:00,82379.65,82382.43,82350.45,82350.62,22180
1772084220,2026-02-26T11:07:00,82353.54,82390.85,82350.09,82353.35,22663
1772084280,2026-02-26T11:08:00,82352.12,82394.66,82339.5,82392.92,22965
1772084340,2026-02-26T11:09:00,82393.61,82394.21,82345.33,82374.93,45966
1772084400,2026-02-26T11:10:00,82373.32,82398.93,82339.14,82398.93,42698
1772084460,2026-02-26T11:11:00,82402.58,82410.53,82372.79,82399.21,40733
1772084520,2026-02-26T11:12:00,82399.81,82403.28,82360.48,82386.27,32621
1772084580,2026-02-26T11:13:00,82388.37,82393.24,82367.69,82393.24,33725
1772084640,2026-02-26T11:14:00,82403.99,82424.6,82387.7,82411.18,24177
1772084700,2026-02-26T11:15:00,82410.03,82417.51,82402.5,82402.69,24399
1772084760,2026-02-26T11:16:00,82405.1,82411.3,82360.29,82390.76,15380
1772084820,2026-02-26T11:17:00,82393.71,82404.06,82369.61,82390.31,33244
1772084880,2026-02-26T11:18:00,82393.39,82448.97,82389.47,82412.58,40069
1772084940,2026-02-26T11:19:00,82413.19,82432.1,82413.19,82428.88,24589
1772085000,2026-02-26T11:20:00,82428.93,82434.31,82393.22,82400.3,19367
1772085060,2026-02-26T11:21:00,82400.69,82434.91,82385.47,82396.13,14619
1772085120,2026-02-26T11:22:00,82400.79,82434.29,82400.79,82428.95,18217
1772085180,2026-02-26T11:23:00,82428.16,82441.81,82418.24,82427.55,12097
1772085240,2026-02-26T11:24:00,82427.55,82446.75,82419.33,82446.75,24552
1772085300,2026-02-26T11:25:00,82445.39,82497.68,82435.49,82497.68,38866
1772085360,2026-02-26T11:26:00,82497.18,82549.98,82492.58,82540.08,19645
1772085420,2026-02-26T11:27:00,82540.31,82540.31,82475.71,82475.71,47508
1772085480,2026-02-26T11:28:00,82481.69,82495.84,82425.52,82425.52,109220
1772085540,2026-02-26T11:29:00,82420.62,82461.9,82409.58,82414.07,38785
1772085600,2026-02-26T11:30:00,82412.22,82442.74,82389.22,82389.22,139469
1772085660,2026-02-26T11:31:00,82390.39,82438.85,82384.98,82417.51,87794
1772085720,2026-02-26T11:32:00,82417.54,82426.4,82363.52,82379.25,81268
1772085780,2026-02-26T11:33:00,82380.5,82397.78,82380.5,82395.74,26439
1772085840,2026-02-26T11:34:00,82394.64,82394.64,82378.15,82387.48,51262
1772085900,2026-02-26T11:35:00,82387.88,82392.61,82376.05,82380.78,23636
1772085960,2026-02-26T11:36:00,82381.68,82381.68,82351.49,82360.89,58699
1772086020,2026-02-26T11:37:00,82362.2,82377.07,82331.29,82332.0,27311
1772086080,2026-02-26T11:38:00,82329.85,82351.74,82317.22,82340.35,47233
1772086140,2026-02-26T11:39:00,82338.92,82339.64,82290.76,82339.36,2043833
1772086200,2026-02-26T11:40:00,82332.06,82336.13,82235.33,82236.01,33063
1772086260,2026-02-26T11:41:00,82234.28,82263.62,82211.18,82260.89,22769
1772086320,2026-02-26T11:42:00,82261.23,82261.23,82179.39,82213.54,22525
1772086380,2026-02-26T11:43:00,82219.3,82219.3,82162.97,82199.16,32970
1772086440,2026-02-26T11:44:00,82207.23,82222.01,82171.86,82171.86,24032
1772086500,2026-02-26T11:45:00,82167.36,82212.58,82161.04,82189.21,34922
1772086560,2026-02-26T11:46:00,82188.94,82238.33,82185.38,82238.33,10889
1772086620,2026-02-26T11:47:00,82237.19,82237.19,82201.12,82236.6,16272
1772086680,2026-02-26T11:48:00,82243.55,82287.06,82243.14,82280.95,29206
1772086740,2026-02-26T11:49:00,82280.95,82295.39,82251.29,82251.29,46292
1772086800,2026-02-26T11:50:00,82247.27,82303.7,82247.27,82252.8,34137
1772086860,2026-02-26T11:51:00,82255.33,82288.72,82243.78,82281.34,17037
1772086920,2026-02-26T11:52:00,82285.36,82299.18,82256.26,82258.59,22056
1772086980,2026-02-26T11:53:00,82256.88,82278.12,82194.06,82197.78,44462
1772087040,2026-02-26T11:54:00,82200.17,82227.89,82182.83,82227.89,13998
1772087100,2026-02-26T11:55:00,82227.67,82229.67,82177.9,82177.9,20140
1772087160,2026-02-26T11:56:00,82180.61,82201.17,82148.9,82148.9,56407
1772087220,2026-02-26T11:57:00,82154.55,82168.43,82131.44,82131.56,164660
1772087280,2026-02-26T11:58:00,82133.7,82184.16,82130.33,82184.16,72629
1772087340,2026-02-26T11:59:00,82184.62,82189.78,82133.15,82169.29,12144
1772087400,2026-02-26T12:00:00,82168.52,82190.81,82139.35,82188.78,73810
1772087460,2026-02-26T12:01:00,82190.41,82190.41,82141.03,82143.23,18372
1772087520,2026-02-26T12:02:00,82143.34,82210.36,82142.22,82200.38,13678
1772087580,2026-02-26T12:03:00,82190.95,82203.61,82166.41,82168.01,17961
1772087640,2026-02-26T12:04:00,82168.93,82224.06,82168.9,82224.06,29843
1772087700,2026-02-26T12:05:00,82225.92,82233.83,82220.57,82221.66,12433
1772087760,2026-02-26T12:06:00,82221.66,82237.07,82204.75,82237.07,24657
1772087820,2026-02-26T12:07:00,82233.13,82264.97,82216.05,82237.28,15884
1772087880,2026-02-26T12:08:00,82241.17,82252.34,82210.54,82220.43,31718
1772087940,2026-02-26T12:09:00,82228.66,82251.92,82213.18,82236.88,17017
1772088000,2026-02-26T12:10:00,82236.6,82252.62,82204.5,82242.85,34974
1772088060,2026-02-26T12:11:00,82236.53,82243.18,82199.92,82218.28,19133
1772088120,2026-02-26T12:12:00,82218.1,82246.91,82198.85,82246.91,35614
1772088180,2026-02-26T12:13:00,82243.58,82243.58,82177.25,82177.25,26944
1772088240,2026-02-26T12:14:00,82177.9,82196.4,82172.58,82174.36,59357
1772088300,2026-02-26T12:15:00,82177.02,82226.11,82172.53,82226.11,31592
1772088360,2026-02-26T12:16:00,82220.94,82234.83,82193.02,82204.83,23200
1772088420,2026-02-26T12:17:00,82204.22,82210.13,82181.79,82182.22,26052
1772088480,2026-02-26T12:18:00,82181.87,82203.23,82162.97,82182.41,13865
1772088540,2026-02-26T12:19:00,82179.28,82179.28,82124.39,82134.4,33247
1772088600,2026-02-26T12:20:00,82135.26,82138.07,82118.57,82123.42,23588
1772088660,2026-02-26T12:21:00,82119.37,82136.57,82068.71,82074.6,15368
1772088720,2026-02-26T12:22:00,82075.44,82119.78,82011.18,82011.18,66707
1772088780,2026-02-26T12:23:00,82013.95,82033.18,81983.96,82028.49,49612
1772088840,2026-02-26T12:24:00,82026.97,82114.62,82026.97,82103.85,23696
1772088900,2026-02-26T12:25:00,82111.35,82136.55,82076.87,82136.55,26295
1772088960,2026-02-26T12:26:00,82146.06,82146.06,82090.36,82122.62,12929
1772089020,2026-02-26T12:27:00,82123.19,82125.13,82084.01,82097.16,62477
1772089080,2026-02-26T12:28:00,82092.98,82101.44,82064.18,82074.52,30039
1772089140,2026-02-26T12:29:00,82073.39,82092.23,82060.36,82089.72,11679
1772089200,2026-02-26T12:30:00,82096.3,82138.2,82091.74,82130.09,56103
1772089260,2026-02-26T12:31:00,82129.35,82129.35,82111.3,82117.98,33117
1772089320,2026-02-26T12:32:00,82119.72,82124.46,82099.06,82105.79,65321
1772089380,2026-02-26T12:33:00,82105.31,82122.25,82081.39,82112.1,15335
1772089440,2026-02-26T12:34:00,82108.64,82117.89,82096.9,82107.15,11307
1772089500,2026-02-26T12:35:00,82105.98,82124.24,82087.42,82117.08,23243
1772089560,2026-02-26T12:36:00,82117.51,82139.11,82111.55,82117.29,31984
1772089620,2026-02-26T12:37:00,82115.82,82134.96,82115.82,82122.84,15271
1772089680,2026-02-26T12:38:00,82129.93,82144.59,82115.85,82136.86,54361
1772089740,2026-02-26T12:39:00,82137.67,82144.71,82096.69,82138.11,13555
1772089800,2026-02-26T12:40:00,82136.46,82138.74,82098.38,82126.01,11388
1772089860,2026-02-26T12:41:00,82128.89,82182.91,82119.46,82182.91,30434
1772089920,2026-02-26T12:42:00,82185.53,82191.91,82139.58,82169.23,31388
1772089980,2026-02-26T12:43:00,82169.23,82185.63,82159.86,82172.04,18797
1772090040,2026-02-26T12:44:00,82174.61,82185.04,82165.3,82178.83,8551
1772090100,2026-02-26T12:45:00,82177.24,82184.21,82146.86,82146.86,17139
1772090160,2026-02-26T12:46:00,82146.76,82148.6,82114.7,82146.22,12326
1772090220,2026-02-26T12:47:00,82149.12,82169.73,82124.11,82169.31,17145
1772090280,2026-02-26T12:48:00,82159.59,82167.32,82119.7,82154.34,12265
1772090340,2026-02-26T12:49:00,82156.85,82166.71,82127.31,82164.67,78807
1772090400,2026-02-26T12:50:00,82167.7,82168.84,82107.36,82117.03,19699
1772090460,2026-02-26T12:51:00,82118.35,82153.9,82112.22,82150.09,18799
1772090520,2026-02-26T12:52:00,82146.29,82155.68,82106.67,82129.49,11994
1772090580,2026-02-26T12:53:00,82131.08,82133.5,82086.74,82105.0,13558
1772090640,2026-02-26T12:54:00,82106.24,82106.24,82072.72,82081.86,12915
1772090700,2026-02-26T12:55:00,82081.04,82081.22,82043.09,82050.07,25875
1772090760,2026-02-26T12:56:00,82045.65,82052.47,82025.67,82033.66,15180
1772090820,2026-02-26T12:57:00,82034.08,82045.24,82017.81,82045.24,53434
1772090880,2026-02-26T12:58:00,82043.95,82043.95,82027.94,82032.82,33050
1772090940,2026-02-26T12:59:00,82030.17,82034.3,82000.44,82012.44,64665
1772091000,2026-02-26T13:00:00,82012.09,82074.19,82012.09,82069.17,56307
1772091060,2026-02-26T13:01:00,82069.31,82097.63,82069.31,82092.35,27140
1772091120,2026-02-26T13:02:00,82090.74,82107.16,82084.79,82096.65,7156
1772091180,2026-02-26T13:03:00,82095.23,82095.81,82079.29,82092.57,12904
1772091240,2026-02-26T13:04:00,82090.82,82135.05,82089.92,82133.36,33920
1772091300,2026-02-26T13:05:00,82133.36,82142.13,82128.44,82142.13,12313
1772091360,2026-02-26T13:06:00,82147.48,82147.48,82079.55,82106.06,13156
1772091420,2026-02-26T13:07:00,82105.05,82115.34,82078.55,82083.76,11400
1772091480,2026-02-26T13:08:00,82085.8,82101.83,82069.01,82072.01,22769
1772091540,2026-02-26T13:09:00,82074.63,82074.63,82054.98,82064.72,30742
1772091600,2026-02-26T13:10:00,82063.11,82097.9,82053.1,82095.31,33805
1772091660,2026-02-26T13:11:00,82093.35,82094.4,82041.03,82066.69,12702
1772091720,2026-02-26T13:12:00,82062.62,82080.96,82056.8,82059.99,6026
1772091780,2026-02-26T13:13:00,82059.49,82096.6,82051.63,82087.08,43891
1772091840,2026-02-26T13:14:00,82085.31,82093.51,82051.59,82074.93,35126
1772091900,2026-02-26T13:15:00,82076.36,82085.01,82044.5,82049.52,16495
1772091960,2026-02-26T13:16:00,82048.67,82077.66,82038.04,82039.06,35464
1772092020,2026-02-26T13:17:00,82038.12,82052.58,81970.47,82010.23,23418
1772092080,2026-02-26T13:18:00,82015.5,82024.98,81973.75,82015.24,27260
1772092140,2026-02-26T13:19:00,82015.61,82052.15,82004.11,82050.98,28945
1772092200,2026-02-26T13:20:00,82051.5,82056.14,82016.9,82034.0,12524
1772092260,2026-02-26T13:21:00,82030.14,82041.76,82004.3,82004.3,17500
1772092320,2026-02-26T13:22:00,82013.15,82043.86,82009.57,82036.94,16540
1772092380,2026-02-26T13:23:00,82038.19,82092.75,82038.19,82084.21,9328
1772092440,2026-02-26T13:24:00,82088.81,82100.23,82084.22,82097.87,10556
1772092500,2026-02-26T13:25:00,82096.0,82110.8,82095.69,82105.69,21631
1772092560,2026-02-26T13:26:00,82105.77,82118.47,82101.84,82116.92,8340
1772092620,2026-02-26T13:27:00,82116.33,82153.38,82096.14,82136.52,26524
1772092680,2026-02-26T13:28:00,82136.95,82142.0,82064.23,82099.86,22689
1772092740,2026-02-26T13:29:00,82100.09,82107.67,82083.32,82107.67,16520
1772092800,2026-02-26T13:30:00,82107.0,82107.0,82048.51,82096.69,20435
1772092860,2026-02-26T13:31:00,82098.12,82132.62,82081.79,82129.04,17059
1772092920,2026-02-26T13:32:00,82128.56,82141.49,82095.35,82123.67,22597
1772092980,2026-02-26T13:33:00,82123.53,82125.61,82057.2,82066.65,14722
1772093040,2026-02-26T13:34:00,82060.82,82099.92,82055.33,82061.28,29707
1772093100,2026-02-26T13:35:00,82075.1,82099.52,82062.6,82068.63,64265
1772093160,2026-02-26T13:36:00,82068.35,82124.01,82068.35,82116.84,16904
1772093220,2026-02-26T13:37:00,82116.99,82127.02,82111.39,82112.59,25672
1772093280,2026-02-26T13:38:00,82112.59,82112.59,82087.74,82088.88,14161
1772093340,2026-02-26T13:39:00,82088.68,82096.72,82082.02,82091.86,9227
1772093400,2026-02-26T13:40:00,82090.51,82136.28,82084.17,82084.17,10110
1772093460,2026-02-26T13:41:00,82081.58,82117.85,82072.75,82092.34,8799
1772093520,2026-02-26T13:42:00,82090.23,82128.17,82084.93,82088.27,15313
1772093580,2026-02-26T13:43:00,82084.02,82126.32,82067.42,82068.55,10291
1772093640,2026-02-26T13:44:00,82067.54,82116.5,82067.54,82072.51,13078
1772093700,2026-02-26T13:45:00,82072.86,82127.9,82072.86,82122.01,16147
1772093760,2026-02-26T13:46:00,82122.77,82124.35,82061.98,82079.72,235905
1772093820,2026-02-26T13:47:00,82077.83,82084.79,82026.72,82026.73,18714
1772093880,2026-02-26T13:48:00,82026.71,82052.44,82019.21,82048.94,20413
1772093940,2026-02-26T13:49:00,82052.93,82060.01,82033.17,82033.17,43192
1772094000,2026-02-26T13:50:00,82032.81,82070.19,82026.69,82035.66,34719
1772094060,2026-02-26T13:51:00,82033.63,82111.5,82031.64,82047.77,8514
1772094120,2026-02-26T13:52:00,82045.72,82121.85,82039.8,82114.85,15955
1772094180,2026-02-26T13:53:00,82117.3,82146.72,82095.47,82140.54,17664
1772094240,2026-02-26T13:54:00,82140.87,82147.15,82115.9,82128.15,13974
1772094300,2026-02-26T13:55:00,82137.63,82156.85,82137.63,82153.68,11768
1772094360,2026-02-26T13:56:00,82158.1,82165.17,82153.37,82156.32,24734
1772094420,2026-02-26T13:57:00,82155.85,82160.85,82131.82,82137.78,19001
1772094480,2026-02-26T13:58:00,82135.99,82159.95,82104.5,82105.95,15846
1772094540,2026-02-26T13:59:00,82105.03,82151.56,82092.14,82133.03,22240
1772094600,2026-02-26T14:00:00,82134.15,82139.91,82100.94,82137.28,18969
1772094660,2026-02-26T14:01:00,82139.14,82154.89,82100.89,82150.62,120499
1772094720,2026-02-26T14:02:00,82149.66,82149.66,82096.73,82132.49,44152
1772094780,2026-02-26T14:03:00,82130.0,82138.4,82052.01,82058.97,43995
1772094840,2026-02-26T14:04:00,82065.04,82100.14,82046.26,82061.12,36269
1772094900,2026-02-26T14:05:00,82060.64,82083.99,82054.83,82065.53,17583
1772094960,2026-02-26T14:06:00,82065.54,82065.93,82037.63,82037.63,18954
1772095020,2026-02-26T14:07:00,82038.23,82043.67,82007.23,82034.17,15829
1772095080,2026-02-26T14:08:00,82034.17,82093.41,82009.27,82093.41,30425
1772095140,2026-02-26T14:09:00,82093.75,82124.08,82057.34,82107.79,17920
1772095200,2026-02-26T14:10:00,82097.83,82152.12,82094.36,82152.12,18936
1772095260,2026-02-26T14:11:00,82152.1,82152.1,82101.67,82116.54,21154
1772095320,2026-02-26T14:12:00,82118.17,82170.06,82117.7,82169.03,14673
1772095380,2026-02-26T14:13:00,82173.33,82175.29,82136.23,82157.03,15397
1772095440,2026-02-26T14:14:00,82154.92,82167.16,82135.95,82140.74,16983
1772095500,2026-02-26T14:15:00,82142.05,82197.62,82141.34,82195.6,16951
1772095560,2026-02-26T14:16:00,82194.71,82195.95,82159.36,82159.36,12507
1772095620,2026-02-26T14:17:00,82164.99,82168.54,82136.71,82136.71,8582
1772095680,2026-02-26T14:18:00,82139.86,82150.9,82119.12,82150.9,9442
1772095740,2026-02-26T14:19:00,82150.38,82151.19,82136.1,82142.98,10507
1772095800,2026-02-26T14:20:00,82144.29,82155.37,82140.17,82140.17,13726
1772095860,2026-02-26T14:21:00,82139.16,82164.26,82082.8,82088.05,63597
1772095920,2026-02-26T14:22:00,82088.05,82130.42,82084.29,82090.67,17179
1772095980,2026-02-26T14:23:00,82089.76,82114.16,82079.41,82113.39,11173
1772096040,2026-02-26T14:24:00,82113.95,82122.0,82070.54,82072.38,18201
1772096100,2026-02-26T14:25:00,82069.45,82121.36,82069.45,82119.83,16850
1772096160,2026-02-26T14:26:00,82119.92,82121.13,82067.85,82088.57,15346
1772096220,2026-02-26T14:27:00,82088.35,82125.87,82073.21,82074.73,10710
1772096280,2026-02-26T14:28:00,82074.8,82154.28,82074.8,82150.12,37759
1772096340,2026-02-26T14:29:00,82151.43,82163.35,82099.77,82130.5,25654
1772096400,2026-02-26T14:30:00,82129.73,82144.82,82092.06,82129.29,60952
1772096460,2026-02-26T14:31:00,82128.83,82134.69,82075.72,82086.55,56768
1772096520,2026-02-26T14:32:00,82082.16,82140.62,82078.23,82116.62,73410
1772096580,2026-02-26T14:33:00,82114.32,82153.72,82114.32,82143.57,28480
1772096640,2026-02-26T14:34:00,82143.86,82211.36,82143.86,82209.14,59204
1772096700,2026-02-26T14:35:00,82209.85,82243.31,82164.36,82169.73,67568
1772096760,2026-02-26T14:36:00,82173.47,82222.73,82170.99,82214.62,24878
1772096820,2026-02-26T14:37:00,82217.28,82256.09,82215.37,82243.57,29706
1772096880,2026-02-26T14:38:00,82241.81,82243.86,82199.08,82243.09,76847
1772096940,2026-02-26T14:39:00,82242.13,82253.36,82199.23,82232.72,71304
1772097000,2026-02-26T14:40:00,82232.54,82290.88,82232.54,82259.72,152914
1772097060,2026-02-26T14:41:00,82261.99,82299.07,82261.27,82298.27,129115
1772097120,2026-02-26T14:42:00,82302.31,82312.43,82291.97,82303.93,26936
1772097180,2026-02-26T14:43:00,82305.62,82333.73,82295.34,82333.73,92679
1772097240,2026-02-26T14:44:00,82333.5,82362.88,82298.83,82361.04,106368
1772097300,2026-02-26T14:45:00,82370.98,82412.44,82320.81,82349.67,56375
1772097360,2026-02-26T14:46:00,82343.3,82384.18,82332.63,82377.54,77916
1772097420,2026-02-26T14:47:00,82368.82,82404.79,82363.74,82363.74,74243
1772097480,2026-02-26T14:48:00,82366.1,82368.41,82323.93,82330.66,36835
1772097540,2026-02-26T14:49:00,82325.66,82362.07,82320.11,82320.52,35282
1772097600,2026-02-26T14:50:00,82326.14,82372.95,82324.78,82328.03,29887
1772097660,2026-02-26T14:51:00,82318.82,82332.49,82299.76,82321.15,19907
1772097720,2026-02-26T14:52:00,82321.51,82321.51,82256.97,82293.8,94988
1772097780,2026-02-26T14:53:00,82295.06,82348.76,82282.23,82348.76,21175
1772097840,2026-02-26T14:54:00,82344.29,82348.65,82327.21,82339.7,23973
1772097900,2026-02-26T14:55:00,82337.48,82355.13,82312.97,82352.87,29303
1772097960,2026-02-26T14:56:00,82351.72,82352.51,82272.97,82274.26,22762
1772098020,2026-02-26T14:57:00,82273.14,82315.53,82269.25,82293.61,26063
1772098080,2026-02-26T14:58:00,82292.28,82309.84,82267.75,82267.75,16390
1772098140,2026-02-26T14:59:00,82283.25,82308.34,82267.7,82298.27,20935
1772098200,2026-02-26T15:00:00,82307.29,82352.91,82280.18,82350.73,110600
1772098260,2026-02-26T15:01:00,82354.33,82376.44,82338.24,82338.24,48950
1772098320,2026-02-26T15:02:00,82337.41,82337.41,82204.29,82204.29,278966
1772098380,2026-02-26T15:03:00,82209.0,82290.44,82189.86,82286.97,283308
1772098440,2026-02-26T15:04:00,82293.6,82314.43,82233.11,82242.51,57024
1772098500,2026-02-26T15:05:00,82235.34,82293.75,82227.78,82287.13,57979
1772098560,2026-02-26T15:06:00,82287.44,82312.11,82254.69,82299.97,44481
1772098620,2026-02-26T15:07:00,82301.23,82301.23,82250.93,82258.46,48657
1772098680,2026-02-26T15:08:00,82254.01,82293.62,82217.34,82293.41,34480
1772098740,2026-02-26T15:09:00,82270.43,82308.43,82263.07,82267.84,40782
1772098800,2026-02-26T15:10:00,82264.68,82293.99,82245.9,82248.18,71233
1772098860,2026-02-26T15:11:00,82254.88,82276.88,82239.89,82258.29,50047
1772098920,2026-02-26T15:12:00,82261.93,82275.73,82231.71,82262.22,32781
1772098980,2026-02-26T15:13:00,82256.45,82291.15,82232.14,82232.14,43071
1772099040,2026-02-26T15:14:00,82231.59,82231.59,82181.36,82205.37,159050
1772099100,2026-02-26T15:15:00,82206.74,82267.55,82198.07,82267.55,471405
1772099160,2026-02-26T15:16:00,82280.65,82280.65,82234.83,82251.19,169018
1772099220,2026-02-26T15:17:00,82255.09,82287.01,82239.41,82258.71,92535
1772099280,2026-02-26T15:18:00,82262.72,82262.95,82237.92,82244.34,43103
1772099340,2026-02-26T15:19:00,82243.82,82259.69,82234.03,82239.6,45427
1772099400,2026-02-26T15:20:00,82238.45,82256.84,82238.45,82251.64,55833
1772099460,2026-02-26T15:21:00,82255.62,82281.71,82237.29,82257.83,51398
1772099520,2026-02-26T15:22:00,82252.63,82252.63,82225.08,82233.96,36256
1772099580,2026-02-26T15:23:00,82242.32,82281.9,82242.32,82270.05,101601
1772099640,2026-02-26T15:24:00,82269.57,82276.14,82246.38,82246.38,65872
1772099700,2026-02-26T15:25:00,82244.54,82271.39,82244.19,82258.11,52281
1772099760,2026-02-26T15:26:00,82259.3,82265.43,82224.46,82232.11,58388
1772099820,2026-02-26T15:27:00,82230.9,82247.54,82225.12,82235.39,181824
1772099880,2026-02-26T15:28:00,82238.57,82248.23,82205.99,82241.68,90292
1772099940,2026-02-26T15:29:00,82241.41,82279.33,82230.55,82230.55,35820
1772163900,2026-02-27T09:15:00,82220.48,82246.17,81969.6,81984.12,344322
1772163960,2026-02-27T09:16:00,81978.64,82014.95,81939.67,81985.94,151002
1772164020,2026-02-27T09:17:00,81983.94,82010.44,81966.49,81966.49,152203
1772164080,2026-02-27T09:18:00,81977.72,81977.72,81883.99,81893.91,107084
1772164140,2026-02-27T09:19:00,81896.61,81975.03,81896.61,81925.55,76650
1772164200,2026-02-27T09:20:00,81924.41,81961.79,81893.52,81958.8,85975
1772164260,2026-02-27T09:21:00,81956.18,81998.96,81956.18,81962.84,49711
1772164320,2026-02-27T09:22:00,81966.61,82010.97,81963.59,82007.45,77092
1772164380,2026-02-27T09:23:00,82007.75,82013.11,81982.91,82007.77,54987
1772164440,2026-02-27T09:24:00,82007.11,82018.23,81963.29,81963.29,68776
1772164500,2026-02-27T09:25:00,81962.13,82032.47,81955.89,82011.12,74575
1772164560,2026-02-27T09:26:00,82020.04,82021.55,81951.8,81964.33,49737
1772164620,2026-02-27T09:27:00,81960.35,81968.98,81927.68,81949.8,40922
1772164680,2026-02-27T09:28:00,81952.18,81962.85,81932.17,81938.1,35765
1772164740,2026-02-27T09:29:00,81936.64,81938.98,81867.57,81870.34,65688
1772164800,2026-02-27T09:30:00,81871.38,81901.12,81871.38,81897.18,53319
1772164860,2026-02-27T09:31:00,81896.32,81901.37,81875.86,81899.44,56576
1772164920,2026-02-27T09:32:00,81896.34,81940.84,81895.92,81926.86,50804
1772164980,2026-02-27T09:33:00,81926.96,81933.65,81894.99,81894.99,38666
1772165040,2026-02-27T09:34:00,81896.41,81911.1,81890.25,81896.5,44674
1772165100,2026-02-27T09:35:00,81896.87,81900.04,81871.65,81877.43,32180
1772165160,2026-02-27T09:36:00,81876.61,81879.45,81847.28,81853.02,71210
1772165220,2026-02-27T09:37:00,81854.35,81877.02,81852.4,81871.8,78552
1772165280,2026-02-27T09:38:00,81869.78,81888.37,81866.73,81887.48,41708
1772165340,2026-02-27T09:39:00,81887.38,81937.19,81885.94,81936.41,52063
1772165400,2026-02-27T09:40:00,81937.55,81943.08,81907.31,81911.52,28263
1772165460,2026-02-27T09:41:00,81914.48,81914.48,81894.97,81899.8,23350
1772165520,2026-02-27T09:42:00,81895.7,81901.18,81869.28,81873.49,40348
1772165580,2026-02-27T09:43:00,81866.2,81889.98,81857.95,81889.17,24109
1772165640,2026-02-27T09:44:00,81884.83,81898.16,81880.2,81890.88,43080
1772165700,2026-02-27T09:45:00,81894.51,81894.51,81852.06,81860.04,61175
1772165760,2026-02-27T09:46:00,81860.34,81876.8,81845.65,81873.91,432304
1772165820,2026-02-27T09:47:00,81867.73,81881.14,81866.47,81874.58,47246
1772165880,2026-02-27T09:48:00,81875.08,81876.56,81851.3,81857.33,25147
1772165940,2026-02-27T09:49:00,81858.63,81860.51,81834.69,81849.08,33223
1772166000,2026-02-27T09:50:00,81839.61,81839.61,81807.49,81822.35,55298
1772166060,2026-02-27T09:51:00,81822.35,81853.11,81812.87,81852.48,20049
1772166120,2026-02-27T09:52:00,81855.81,81868.91,81826.4,81830.52,31529
1772166180,2026-02-27T09:53:00,81832.14,81834.77,81809.06,81831.19,28440
1772166240,2026-02-27T09:54:00,81829.22,81829.22,81813.21,81818.02,36789
1772166300,2026-02-27T09:55:00,81812.87,81849.36,81812.87,81844.62,26648
1772166360,2026-02-27T09:56:00,81848.57,81848.57,81832.57,81832.57,21127
1772166420,2026-02-27T09:57:00,81834.91,81835.86,81792.21,81801.6,16588
1772166480,2026-02-27T09:58:00,81804.14,81807.9,81795.51,81799.55,29353
1772166540,2026-02-27T09:59:00,81805.01,81824.16,81795.32,81795.32,26085
1772166600,2026-02-27T10:00:00,81798.38,81800.77,81778.51,81793.33,29647
1772166660,2026-02-27T10:01:00,81796.84,81803.95,81785.1,81790.63,473798
1772166720,2026-02-27T10:02:00,81785.4,81792.75,81782.38,81787.92,19233
1772166780,2026-02-27T10:03:00,81789.04,81794.47,81766.88,81794.47,36115
1772166840,2026-02-27T10:04:00,81795.54,81807.01,81776.87,81777.31,206171
1772166900,2026-02-27T10:05:00,81776.47,81782.13,81755.14,81758.85,45489
1772166960,2026-02-27T10:06:00,81757.25,81757.61,81733.51,81739.65,516478
1772167020,2026-02-27T10:07:00,81741.64,81764.26,81727.0,81761.45,109833
1772167080,2026-02-27T10:08:00,81761.0,81773.09,81756.0,81757.18,14635
1772167140,2026-02-27T10:09:00,81763.62,81765.82,81741.88,81763.27,17191
1772167200,2026-02-27T10:10:00,81760.68,81774.93,81757.64,81774.93,235989
1772167260,2026-02-27T10:11:00,81773.77,81797.91,81771.75,81792.27,35934
1772167320,2026-02-27T10:12:00,81792.37,81792.37,81772.41,81790.74,60087
1772167380,2026-02-27T10:13:00,81789.98,81793.06,81774.25,81780.42,34184
1772167440,2026-02-27T10:14:00,81779.81,81781.61,81758.99,81760.74,15009
1772167500,2026-02-27T10:15:00,81761.51,81771.6,81750.62,81752.34,220711
1772167560,2026-02-27T10:16:00,81751.78,81752.54,81721.86,81727.03,36715
1772167620,2026-02-27T10:17:00,81731.33,81738.25,81714.01,81714.29,21644
1772167680,2026-02-27T10:18:00,81712.31,81723.7,81704.2,81717.87,21957
1772167740,2026-02-27T10:19:00,81717.63,81720.35,81692.43,81702.61,29044
1772167800,2026-02-27T10:20:00,81702.68,81708.95,81689.4,81689.4,23377
1772167860,2026-02-27T10:21:00,81688.35,81693.77,81680.52,81689.26,19281
1772167920,2026-02-27T10:22:00,81690.29,81694.38,81673.38,81691.71,36145
1772167980,2026-02-27T10:23:00,81697.6,81756.86,81697.6,81749.97,29259
1772168040,2026-02-27T10:24:00,81745.59,81757.96,81742.04,81749.08,24927
1772168100,2026-02-27T10:25:00,81751.44,81772.87,81751.44,81768.04,28203
1772168160,2026-02-27T10:26:00,81777.52,81783.63,81772.56,81772.56,11743
1772168220,2026-02-27T10:27:00,81773.8,81773.81,81760.4,81760.88,12003
1772168280,2026-02-27T10:28:00,81762.15,81804.39,81760.5,81804.39,45662
1772168340,2026-02-27T10:29:00,81800.52,81808.39,81779.83,81786.21,15392
1772168400,2026-02-27T10:30:00,81789.34,81796.48,81773.91,81774.71,16203
1772168460,2026-02-27T10:31:00,81774.71,81799.59,81774.03,81791.28,280010
1772168520,2026-02-27T10:32:00,81798.8,81822.25,81790.13,81817.82,21260
1772168580,2026-02-27T10:33:00,81818.37,81826.57,81803.9,81813.79,19269
1772168640,2026-02-27T10:34:00,81813.92,81813.92,81781.05,81788.04,15827
1772168700,2026-02-27T10:35:00,81790.19,81804.39,81781.73,81804.39,10965
1772168760,2026-02-27T10:36:00,81805.79,81820.56,81803.05,81820.56,51429
1772168820,2026-02-27T10:37:00,81820.74,81845.95,81817.19,81844.16,56684
1772168880,2026-02-27T10:38:00,81844.05,81852.1,81820.75,81824.11,26510
1772168940,2026-02-27T10:39:00,81824.18,81824.18,81808.85,81812.16,84271
1772169000,2026-02-27T10:40:00,81809.7,81817.98,81789.28,81796.86,29246
1772169060,2026-02-27T10:41:00,81797.17,81798.96,81766.68,81772.32,57169
1772169120,2026-02-27T10:42:00,81773.33,81779.34,81766.35,81775.51,16595
1772169180,2026-02-27T10:43:00,81777.89,81782.29,81752.64,81766.38,29768
1772169240,2026-02-27T10:44:00,81767.81,81772.51,81750.14,81752.48,121335
1772169300,2026-02-27T10:45:00,81752.76,81758.09,81736.09,81742.05,14696
1772169360,2026-02-27T10:46:00,81738.29,81743.3,81733.17,81739.23,34755
1772169420,2026-02-27T10:47:00,81736.44,81770.07,81731.79,81766.63,49513
1772169480,2026-02-27T10:48:00,81767.98,81768.45,81752.93,81765.12,47304
1772169540,2026-02-27T10:49:00,81767.69,81787.39,81767.69,81780.13,37045
1772169600,2026-02-27T10:50:00,81784.0,81789.04,81761.78,81764.49,11837
1772169660,2026-02-27T10:51:00,81765.59,81777.75,81755.61,81756.66,11946
1772169720,2026-02-27T10:52:00,81755.73,81757.99,81740.79,81747.58,9925
1772169780,2026-02-27T10:53:00,81746.45,81752.56,81726.65,81732.46,15575
1772169840,2026-02-27T10:54:00,81730.15,81752.69,81717.69,81740.75,40548
1772169900,2026-02-27T10:55:00,81739.67,81747.61,81732.46,81740.08,12605
1772169960,2026-02-27T10:56:00,81735.85,81742.71,81724.72,81731.62,50653
1772170020,2026-02-27T10:57:00,81731.62,81736.98,81724.01,81730.84,14464
1772170080,2026-02-27T10:58:00,81730.84,81738.89,81723.11,81725.17,12548
1772170140,2026-02-27T10:59:00,81725.77,81733.59,81719.7,81723.74,54711
1772170200,2026-02-27T11:00:00,81719.57,81742.52,81719.57,81735.55,22622
1772170260,2026-02-27T11:01:00,81738.89,81748.63,81730.81,81738.02,40392
1772170320,2026-02-27T11:02:00,81738.02,81742.43,81729.34,81730.37,8417
1772170380,2026-02-27T11:03:00,81730.52,81756.13,81730.52,81750.52,12425
1772170440,2026-02-27T11:04:00,81751.45,81766.82,81750.12,81766.82,9603
1772170500,2026-02-27T11:05:00,81767.5,81791.58,81766.76,81773.87,66937
1772170560,2026-02-27T11:06:00,81772.01,81786.09,81765.83,81773.17,15425
1772170620,2026-02-27T11:07:00,81768.01,81788.35,81767.42,81784.29,9008
1772170680,2026-02-27T11:08:00,81783.08,81798.76,81774.22,81786.66,9453
1772170740,2026-02-27T11:09:00,81782.06,81818.73,81782.06,81817.21,19381
1772170800,2026-02-27T11:10:00,81818.72,81820.05,81791.41,81796.48,36224
1772170860,2026-02-27T11:11:00,81796.48,81796.98,81781.85,81788.56,24974
1772170920,2026-02-27T11:12:00,81788.41,81791.56,81777.39,81779.43,63610
1772170980,2026-02-27T11:13:00,81778.76,81783.57,81764.38,81779.12,43749
1772171040,2026-02-27T11:14:00,81776.83,81800.36,81774.73,81790.1,13505
1772171100,2026-02-27T11:15:00,81796.96,81820.11,81789.83,81789.83,30155
1772171160,2026-02-27T11:16:00,81789.87,81807.69,81787.3,81807.69,8673
1772171220,2026-02-27T11:17:00,81807.69,81807.69,81789.95,81804.15,17451
1772171280,2026-02-27T11:18:00,81804.76,81805.71,81791.89,81798.89,21208
1772171340,2026-02-27T11:19:00,81791.14,81791.14,81768.86,81777.99,50023
1772171400,2026-02-27T11:20:00,81778.03,81792.82,81772.14,81789.74,67596
1772171460,2026-02-27T11:21:00,81792.39,81792.39,81754.9,81770.44,203695
1772171520,2026-02-27T11:22:00,81770.14,81786.5,81770.14,81785.22,12242
1772171580,2026-02-27T11:23:00,81784.33,81784.33,81745.9,81745.9,14240
1772171640,2026-02-27T11:24:00,81745.9,81765.08,81741.22,81764.75,9452
1772171700,2026-02-27T11:25:00,81762.44,81765.4,81738.97,81749.54,15999
1772171760,2026-02-27T11:26:00,81747.57,81753.74,81724.96,81732.25,20351
1772171820,2026-02-27T11:27:00,81734.1,81735.41,81713.18,81718.25,21661
1772171880,2026-02-27T11:28:00,81719.46,81734.82,81713.18,81731.44,17812
1772171940,2026-02-27T11:29:00,81733.92,81741.94,81729.42,81729.42,20907
1772172000,2026-02-27T11:30:00,81730.72,81737.29,81707.32,81709.48,17287
1772172060,2026-02-27T11:31:00,81706.22,81721.51,81695.51,81702.59,61301
1772172120,2026-02-27T11:32:00,81701.3,81704.5,81669.24,81679.73,34878
1772172180,2026-02-27T11:33:00,81679.53,81684.19,81666.34,81675.58,42065
1772172240,2026-02-27T11:34:00,81676.64,81677.28,81658.8,81660.93,18928
1772172300,2026-02-27T11:35:00,81660.29,81669.68,81642.52,81668.59,14954
1772172360,2026-02-27T11:36:00,81668.19,81668.49,81643.96,81648.38,15976
1772172420,2026-02-27T11:37:00,81639.1,81643.08,81620.67,81628.51,16738
1772172480,2026-02-27T11:38:00,81629.72,81652.98,81625.2,81650.91,10520
1772172540,2026-02-27T11:39:00,81650.35,81656.52,81647.11,81653.48,11081
1772172600,2026-02-27T11:40:00,81657.22,81674.35,81644.16,81674.21,14825
1772172660,2026-02-27T11:41:00,81674.21,81679.7,81662.57,81673.67,11754
1772172720,2026-02-27T11:42:00,81674.15,81674.15,81647.96,81658.65,61392
1772172780,2026-02-27T11:43:00,81660.42,81671.83,81634.54,81671.83,14904
1772172840,2026-02-27T11:44:00,81671.92,81689.05,81671.92,81687.9,8416
1772172900,2026-02-27T11:45:00,81688.05,81715.84,81684.62,81708.36,9473
1772172960,2026-02-27T11:46:00,81711.04,81711.04,81696.45,81704.67,15261
1772173020,2026-02-27T11:47:00,81704.23,81710.86,81694.64,81701.31,8636
1772173080,2026-02-27T11:48:00,81706.47,81706.47,81688.88,81696.41,9037
1772173140,2026-02-27T11:49:00,81696.61,81709.22,81687.0,81706.2,11693
1772173200,2026-02-27T11:50:00,81709.42,81716.71,81695.16,81702.84,7366
1772173260,2026-02-27T11:51:00,81701.14,81719.52,81690.5,81717.28,10213
1772173320,2026-02-27T11:52:00,81715.55,81747.12,81712.1,81736.17,7270
1772173380,2026-02-27T11:53:00,81735.7,81735.95,81718.53,81724.76,9142
1772173440,2026-02-27T11:54:00,81724.95,81728.51,81717.37,81722.86,10673
1772173500,2026-02-27T11:55:00,81722.6,81740.04,81717.79,81736.67,28069
1772173560,2026-02-27T11:56:00,81735.8,81743.25,81719.52,81719.52,12162
1772173620,2026-02-27T11:57:00,81719.65,81727.29,81698.02,81718.72,13359
1772173680,2026-02-27T11:58:00,81718.9,81752.24,81718.9,81750.02,11763
1772173740,2026-02-27T11:59:00,81752.41,81754.89,81735.76,81743.15,25129
1772173800,2026-02-27T12:00:00,81741.17,81763.52,81741.17,81757.43,27941
1772173860,2026-02-27T12:01:00,81761.07,81777.87,81756.02,81772.6,12138
1772173920,2026-02-27T12:02:00,81771.65,81783.6,81768.03,81779.52,18720
1772173980,2026-02-27T12:03:00,81783.39,81789.45,81766.67,81772.61,11867
1772174040,2026-02-27T12:04:00,81768.1,81773.91,81733.83,81739.03,9579
1772174100,2026-02-27T12:05:00,81738.78,81762.78,81736.25,81740.56,26846
1772174160,2026-02-27T12:06:00,81742.32,81755.35,81738.15,81744.13,405789
1772174220,2026-02-27T12:07:00,81744.13,81751.53,81712.85,81714.51,13445
1772174280,2026-02-27T12:08:00,81714.68,81714.68,81682.8,81692.67,11624
1772174340,2026-02-27T12:09:00,81691.53,81694.87,81680.87,81687.34,6149
1772174400,2026-02-27T12:10:00,81687.57,81687.67,81676.58,81682.43,11006
1772174460,2026-02-27T12:11:00,81683.23,81697.98,81677.46,81693.45,17036
1772174520,2026-02-27T12:12:00,81695.49,81699.14,81678.7,81678.7,18995
1772174580,2026-02-27T12:13:00,81678.54,81684.27,81665.02,81665.62,13348
1772174640,2026-02-27T12:14:00,81665.88,81680.59,81659.5,81663.56,27634
1772174700,2026-02-27T12:15:00,81662.71,81672.69,81657.08,81665.94,171155
1772174760,2026-02-27T12:16:00,81668.49,81668.68,81645.87,81650.68,191777
1772174820,2026-02-27T12:17:00,81649.45,81649.96,81636.55,81645.58,8906
1772174880,2026-02-27T12:18:00,81647.06,81656.67,81642.45,81650.38,4537
1772174940,2026-02-27T12:19:00,81654.89,81660.86,81644.7,81646.16,47657
1772175000,2026-02-27T12:20:00,81646.1,81692.48,81640.4,81687.06,19084
1772175060,2026-02-27T12:21:00,81685.43,81688.69,81653.33,81657.36,33058
1772175120,2026-02-27T12:22:00,81656.58,81658.62,81620.27,81620.51,38825
1772175180,2026-02-27T12:23:00,81620.67,81621.39,81600.67,81607.75,18110
1772175240,2026-02-27T12:24:00,81609.62,81614.92,81595.96,81610.37,7083
1772175300,2026-02-27T12:25:00,81612.04,81640.47,81612.04,81631.69,26684
1772175360,2026-02-27T12:26:00,81634.81,81664.26,81633.47,81664.26,39007
1772175420,2026-02-27T12:27:00,81665.32,81710.77,81663.6,81710.14,8792
1772175480,2026-02-27T12:28:00,81710.84,81735.43,81704.32,81731.7,17212
1772175540,2026-02-27T12:29:00,81731.7,81735.09,81699.93,81699.93,21341
1772175600,2026-02-27T12:30:00,81696.9,81704.17,81688.26,81689.23,25604
1772175660,2026-02-27T12:31:00,81690.04,81701.69,81686.27,81697.2,67912
1772175720,2026-02-27T12:32:00,81696.81,81732.21,81692.64,81713.19,19621
1772175780,2026-02-27T12:33:00,81716.73,81720.93,81697.83,81702.51,29031
1772175840,2026-02-27T12:34:00,81704.34,81705.7,81671.92,81673.69,36178
1772175900,2026-02-27T12:35:00,81673.46,81676.67,81659.28,81660.34,13433
1772175960,2026-02-27T12:36:00,81660.34,81669.12,81656.69,81665.8,15571
1772176020,2026-02-27T12:37:00,81666.1,81666.1,81646.08,81656.22,40399
1772176080,2026-02-27T12:38:00,81655.36,81675.11,81651.42,81659.26,43346
1772176140,2026-02-27T12:39:00,81658.66,81658.66,81642.22,81643.99,10416
1772176200,2026-02-27T12:40:00,81638.95,81651.07,81623.34,81627.13,5098
1772176260,2026-02-27T12:41:00,81625.65,81640.48,81625.45,81638.02,9426
1772176320,2026-02-27T12:42:00,81640.43,81643.55,81626.63,81633.19,14048
1772176380,2026-02-27T12:43:00,81634.09,81645.54,81611.03,81617.48,11969
1772176440,2026-02-27T12:44:00,81611.45,81626.74,81609.27,81625.73,16740
1772176500,2026-02-27T12:45:00,81626.42,81640.21,81616.75,81638.36,13303
1772176560,2026-02-27T12:46:00,81638.64,81675.37,81638.06,81669.45,10022
1772176620,2026-02-27T12:47:00,81672.11,81675.35,81628.32,81630.26,14614
1772176680,2026-02-27T12:48:00,81626.7,81632.18,81604.35,81608.04,16663
1772176740,2026-02-27T12:49:00,81603.88,81619.87,81589.21,81619.87,11350
1772176800,2026-02-27T12:50:00,81621.12,81658.6,81619.61,81656.68,16153
1772176860,2026-02-27T12:51:00,81658.63,81664.65,81651.31,81656.12,9507
1772176920,2026-02-27T12:52:00,81654.73,81662.14,81646.38,81652.92,8267
1772176980,2026-02-27T12:53:00,81654.35,81664.64,81652.46,81655.01,18373
1772177040,2026-02-27T12:54:00,81653.69,81653.96,81625.28,81626.14,7658
1772177100,2026-02-27T12:55:00,81625.43,81641.69,81624.26,81635.54,11610
1772177160,2026-02-27T12:56:00,81636.77,81638.83,81617.1,81619.21,538465
1772177220,2026-02-27T12:57:00,81615.94,81624.0,81598.69,81599.42,29442
1772177280,2026-02-27T12:58:00,81599.91,81624.19,81597.32,81618.54,27290
1772177340,2026-02-27T12:59:00,81618.14,81620.46,81605.49,81613.27,32954
1772177400,2026-02-27T13:00:00,81609.64,81626.87,81605.2,81605.2,13980
1772177460,2026-02-27T13:01:00,81606.12,81620.26,81593.85,81620.11,20306
1772177520,2026-02-27T13:02:00,81621.65,81621.65,81612.53,81619.36,22651
1772177580,2026-02-27T13:03:00,81619.72,81625.77,81612.31,81614.8,17013
1772177640,2026-02-27T13:04:00,81614.43,81615.87,81606.49,81612.43,12951
1772177700,2026-02-27T13:05:00,81613.79,81636.34,81609.93,81633.34,9198
1772177760,2026-02-27T13:06:00,81633.68,81651.74,81633.68,81642.9,9632
1772177820,2026-02-27T13:07:00,81641.15,81675.97,81641.15,81672.04,8804
1772177880,2026-02-27T13:08:00,81670.64,81677.66,81653.99,81668.6,9495
1772177940,2026-02-27T13:09:00,81666.49,81671.91,81659.78,81665.21,8634
1772178000,2026-02-27T13:10:00,81666.12,81667.8,81637.59,81644.03,7200
1772178060,2026-02-27T13:11:00,81643.38,81656.3,81638.44,81654.05,4294
1772178120,2026-02-27T13:12:00,81654.07,81659.45,81652.14,81657.92,10280
1772178180,2026-02-27T13:13:00,81657.73,81662.71,81644.3,81644.3,10160
1772178240,2026-02-27T13:14:00,81644.28,81654.46,81639.16,81639.16,7657
1772178300,2026-02-27T13:15:00,81639.75,81655.16,81639.75,81648.06,16091
1772178360,2026-02-27T13:16:00,81647.05,81656.49,81630.4,81633.17,8627
1772178420,2026-02-27T13:17:00,81635.45,81635.45,81613.42,81617.96,16200
1772178480,2026-02-27T13:18:00,81618.0,81625.59,81612.91,81612.91,12996
1772178540,2026-02-27T13:19:00,81613.35,81632.12,81613.35,81625.79,21161
1772178600,2026-02-27T13:20:00,81624.34,81628.88,81614.51,81620.29,7695
1772178660,2026-02-27T13:21:00,81620.9,81627.32,81602.53,81625.8,5984
1772178720,2026-02-27T13:22:00,81628.61,81630.35,81614.61,81624.69,8373
1772178780,2026-02-27T13:23:00,81624.69,81633.39,81619.69,81619.69,18493
1772178840,2026-02-27T13:24:00,81621.62,81627.13,81619.99,81621.2,4230
1772178900,2026-02-27T13:25:00,81621.2,81640.88,81620.58,81639.9,17533
1772178960,2026-02-27T13:26:00,81641.06,81660.81,81641.06,81643.51,12586
1772179020,2026-02-27T13:27:00,81644.92,81657.71,81638.9,81640.73,5699
1772179080,2026-02-27T13:28:00,81640.73,81655.97,81639.37,81655.97,23513
1772179140,2026-02-27T13:29:00,81656.41,81676.86,81650.73,81672.05,30319
1772179200,2026-02-27T13:30:00,81672.17,81672.17,81655.2,81658.74,4824
1772179260,2026-02-27T13:31:00,81658.74,81659.74,81644.75,81651.74,4882
1772179320,2026-02-27T13:32:00,81651.02,81661.47,81649.34,81657.21,4258
1772179380,2026-02-27T13:33:00,81657.21,81666.01,81652.64,81657.43,6595
1772179440,2026-02-27T13:34:00,81658.6,81664.44,81639.14,81642.59,19624
1772179500,2026-02-27T13:35:00,81641.41,81651.17,81626.01,81651.17,15591
1772179560,2026-02-27T13:36:00,81648.31,81664.85,81632.88,81663.21,27741
1772179620,2026-02-27T13:37:00,81663.0,81677.66,81650.56,81650.56,13596
1772179680,2026-02-27T13:38:00,81643.2,81656.67,81625.82,81652.86,13535
1772179740,2026-02-27T13:39:00,81653.31,81661.46,81649.48,81654.9,7348
1772179800,2026-02-27T13:40:00,81654.9,81680.21,81654.73,81674.14,18007
1772179860,2026-02-27T13:41:00,81677.68,81707.03,81677.47,81707.03,11174
1772179920,2026-02-27T13:42:00,81706.62,81713.15,81686.16,81686.16,12483
1772179980,2026-02-27T13:43:00,81686.2,81700.24,81686.2,81692.24,10512
1772180040,2026-02-27T13:44:00,81696.96,81698.23,81666.85,81668.82,13037
1772180100,2026-02-27T13:45:00,81669.31,81689.16,81669.31,81676.88,6385
1772180160,2026-02-27T13:46:00,81677.32,81691.45,81677.32,81689.36,11260
1772180220,2026-02-27T13:47:00,81690.08,81719.58,81690.08,81717.65,15390
1772180280,2026-02-27T13:48:00,81716.44,81730.77,81711.58,81725.18,125577
1772180340,2026-02-27T13:49:00,81726.34,81748.82,81726.34,81744.24,16336
1772180400,2026-02-27T13:50:00,81743.85,81751.54,81716.54,81716.54,16713
1772180460,2026-02-27T13:51:00,81716.3,81733.5,81716.19,81732.69,16772
1772180520,2026-02-27T13:52:00,81728.71,81737.19,81715.72,81736.84,14182
1772180580,2026-02-27T13:53:00,81736.79,81743.5,81726.54,81731.17,9279
1772180640,2026-02-27T13:54:00,81729.29,81738.91,81719.15,81730.21,8203
1772180700,2026-02-27T13:55:00,81733.54,81778.63,81733.54,81778.63,11370
1772180760,2026-02-27T13:56:00,81781.33,81804.5,81781.17,81797.68,21275
1772180820,2026-02-27T13:57:00,81798.74,81805.63,81793.84,81802.23,15356
1772180880,2026-02-27T13:58:00,81798.83,81811.49,81787.58,81803.28,8729
1772180940,2026-02-27T13:59:00,81802.18,81816.77,81795.69,81808.37,13341
1772181000,2026-02-27T14:00:00,81809.36,81841.19,81809.36,81833.47,22526
1772181060,2026-02-27T14:01:00,81836.81,81839.39,81822.93,81837.45,10056
1772181120,2026-02-27T14:02:00,81837.45,81838.0,81784.12,81784.52,29629
1772181180,2026-02-27T14:03:00,81785.51,81785.51,81760.69,81763.65,20047
1772181240,2026-02-27T14:04:00,81767.23,81781.84,81753.6,81755.2,10658
1772181300,2026-02-27T14:05:00,81755.5,81757.46,81738.74,81753.52,539125
1772181360,2026-02-27T14:06:00,81754.99,81754.99,81721.91,81726.84,14660
1772181420,2026-02-27T14:07:00,81728.07,81737.03,81725.9,81730.03,7887
1772181480,2026-02-27T14:08:00,81730.48,81762.29,81719.07,81762.29,17634
1772181540,2026-02-27T14:09:00,81767.0,81774.53,81746.66,81760.91,155509
1772181600,2026-02-27T14:10:00,81760.76,81791.56,81760.44,81780.77,8506
1772181660,2026-02-27T14:11:00,81781.05,81781.26,81768.06,81775.42,7274
1772181720,2026-02-27T14:12:00,81774.73,81777.31,81757.91,81764.57,5963
1772181780,2026-02-27T14:13:00,81763.18,81764.66,81732.87,81738.69,17733
1772181840,2026-02-27T14:14:00,81736.81,81745.32,81734.63,81744.43,16661
1772181900,2026-02-27T14:15:00,81744.89,81753.61,81744.89,81751.1,6208
1772181960,2026-02-27T14:16:00,81751.1,81752.22,81733.1,81734.7,7046
1772182020,2026-02-27T14:17:00,81735.42,81747.4,81732.55,81747.4,6616
1772182080,2026-02-27T14:18:00,81747.4,81748.48,81729.83,81729.83,8253
1772182140,2026-02-27T14:19:00,81728.73,81742.97,81727.32,81738.47,7245
1772182200,2026-02-27T14:20:00,81739.04,81751.06,81736.38,81749.92,6611
1772182260,2026-02-27T14:21:00,81749.95,81760.07,81742.15,81748.1,9717
1772182320,2026-02-27T14:22:00,81748.09,81755.36,81716.51,81716.58,14292
1772182380,2026-02-27T14:23:00,81725.15,81741.62,81724.85,81734.89,5672
1772182440,2026-02-27T14:24:00,81734.13,81741.12,81723.14,81723.14,24563
1772182500,2026-02-27T14:25:00,81724.62,81726.33,81705.32,81709.93,11225
1772182560,2026-02-27T14:26:00,81702.86,81715.27,81693.18,81698.26,11227
1772182620,2026-02-27T14:27:00,81696.17,81696.34,81668.77,81677.76,15655
1772182680,2026-02-27T14:28:00,81677.0,81680.36,81646.45,81649.09,10687
1772182740,2026-02-27T14:29:00,81650.28,81654.73,81631.84,81637.6,13377
1772182800,2026-02-27T14:30:00,81636.87,81646.95,81627.62,81637.5,21639
1772182860,2026-02-27T14:31:00,81640.67,81667.49,81638.4,81662.14,13023
1772182920,2026-02-27T14:32:00,81661.99,81664.51,81623.14,81623.14,11383
1772182980,2026-02-27T14:33:00,81623.78,81627.79,81611.14,81619.47,12297
1772183040,2026-02-27T14:34:00,81622.31,81638.02,81617.83,81632.67,13007
1772183100,2026-02-27T14:35:00,81637.1,81672.89,81635.26,81663.02,18986
1772183160,2026-02-27T14:36:00,81662.44,81675.97,81662.44,81670.12,9094
1772183220,2026-02-27T14:37:00,81672.52,81674.49,81661.31,81664.91,13008
1772183280,2026-02-27T14:38:00,81661.18,81670.88,81654.86,81654.86,5566
1772183340,2026-02-27T14:39:00,81657.02,81660.05,81639.8,81641.39,13446
1772183400,2026-02-27T14:40:00,81642.4,81659.05,81639.65,81639.65,25593
1772183460,2026-02-27T14:41:00,81638.11,81642.69,81623.99,81625.57,13641
1772183520,2026-02-27T14:42:00,81625.9,81640.03,81621.31,81639.75,49543
1772183580,2026-02-27T14:43:00,81641.34,81641.34,81623.26,81636.37,19213
1772183640,2026-02-27T14:44:00,81635.73,81644.25,81621.1,81626.89,13041
1772183700,2026-02-27T14:45:00,81627.31,81634.2,81623.75,81629.33,12123
1772183760,2026-02-27T14:46:00,81630.78,81634.92,81616.6,81631.86,12710
1772183820,2026-02-27T14:47:00,81630.12,81637.86,81614.23,81621.98,19369
1772183880,2026-02-27T14:48:00,81624.11,81654.87,81622.38,81650.16,13783
1772183940,2026-02-27T14:49:00,81650.16,81663.94,81641.81,81663.94,40957
1772184000,2026-02-27T14:50:00,81666.05,81672.49,81653.74,81659.3,49205
1772184060,2026-02-27T14:51:00,81659.6,81672.5,81654.63,81665.21,12774
1772184120,2026-02-27T14:52:00,81665.88,81670.8,81641.02,81643.96,13556
1772184180,2026-02-27T14:53:00,81645.8,81658.19,81619.88,81657.64,13497
1772184240,2026-02-27T14:54:00,81658.59,81658.59,81631.88,81644.3,17278
1772184300,2026-02-27T14:55:00,81649.31,81656.97,81637.51,81644.32,16139
1772184360,2026-02-27T14:56:00,81644.77,81651.92,81630.46,81651.57,18275
1772184420,2026-02-27T14:57:00,81649.91,81660.54,81635.68,81660.54,37580
1772184480,2026-02-27T14:58:00,81655.86,81675.78,81655.86,81666.74,17186
1772184540,2026-02-27T14:59:00,81667.52,81692.22,81667.52,81686.73,15967
1772184600,2026-02-27T15:00:00,81681.74,81686.63,81448.65,81457.37,129704
1772184660,2026-02-27T15:01:00,81449.15,81449.15,81399.82,81415.23,158690
1772184720,2026-02-27T15:02:00,81415.68,81427.99,81355.96,81384.3,58946
1772184780,2026-02-27T15:03:00,81382.02,81384.81,81309.27,81323.61,88497
1772184840,2026-02-27T15:04:00,81315.01,81316.5,81293.82,81298.17,103946
1772184900,2026-02-27T15:05:00,81295.99,81321.61,81220.13,81227.51,91277
1772184960,2026-02-27T15:06:00,81230.61,81234.29,81189.72,81193.61,66175
1772185020,2026-02-27T15:07:00,81195.48,81204.19,81178.73,81204.19,122838
1772185080,2026-02-27T15:08:00,81196.46,81214.76,81159.15,81167.76,54308
1772185140,2026-02-27T15:09:00,81168.69,81251.12,81166.14,81242.56,82382
1772185200,2026-02-27T15:10:00,81246.75,81319.5,81243.3,81314.54,71695
1772185260,2026-02-27T15:11:00,81315.85,81315.85,81272.61,81280.56,48104
1772185320,2026-02-27T15:12:00,81280.86,81287.91,81229.87,81230.81,110333
1772185380,2026-02-27T15:13:00,81233.01,81277.31,81232.83,81268.15,57485
1772185440,2026-02-27T15:14:00,81269.54,81272.79,81235.13,81247.4,109406
1772185500,2026-02-27T15:15:00,81238.41,81278.97,81238.41,81262.83,59785
1772185560,2026-02-27T15:16:00,81254.71,81310.62,81252.51,81307.41,61357
1772185620,2026-02-27T15:17:00,81307.03,81315.71,81277.76,81286.82,60765
1772185680,2026-02-27T15:18:00,81280.57,81305.07,81271.33,81287.83,59560
1772185740,2026-02-27T15:19:00,81290.66,81295.26,81259.55,81261.71,88225
1772185800,2026-02-27T15:20:00,81257.32,81285.18,81257.02,81270.76,61254
1772185860,2026-02-27T15:21:00,81267.43,81281.95,81259.2,81269.52,67056
1772185920,2026-02-27T15:22:00,81268.56,81269.98,81231.8,81236.27,97016
1772185980,2026-02-27T15:23:00,81235.58,81264.14,81233.32,81240.8,70957
1772186040,2026-02-27T15:24:00,81246.54,81260.88,81236.34,81248.35,112083
1772186100,2026-02-27T15:25:00,81242.75,81270.63,81242.75,81264.72,78144
1772186160,2026-02-27T15:26:00,81259.57,81277.1,81242.2,81242.2,71806
1772186220,2026-02-27T15:27:00,81247.36,81278.19,81241.83,81256.84,98017
1772186280,2026-02-27T15:28:00,81262.89,81304.12,81248.4,81280.55,152120
1772186340,2026-02-27T15:29:00,81272.2,81334.27,81272.2,81316.53,143884
