Epoch,Timestamp,Open,High,Low,Close,Volume
1788234300,2026-09-01T09:15:00,76994.11,77083.49,76849.24,76855.4,289509
1788234360,2026-09-01T09:16:00,76844.79,76891.19,76838.14,76863.39,222937
1788234420,2026-09-01T09:17:00,76864.5,76884.96,76835.79,76884.96,177839
1788234480,2026-09-01T09:18:00,76878.26,76892.58,76856.08,76866.06,199238
1788234540,2026-09-01T09:19:00,76867.66,76894.78,76860.07,76878.59,138942
1788234600,2026-09-01T09:20:00,76868.16,76897.37,76860.78,76869.96,118648
1788234660,2026-09-01T09:21:00,76872.75,76923.33,76872.75,76902.23,69974
1788234720,2026-09-01T09:22:00,76904.09,76908.18,76874.85,76878.97,83044
1788234780,2026-09-01T09:23:00,76884.27,76891.92,76866.14,76874.53,91907
1788234840,2026-09-01T09:24:00,76872.35,76880.98,76851.11,76871.05,79568
1788234900,2026-09-01T09:25:00,76866.64,76894.55,76852.47,76885.6,57661
1788234960,2026-09-01T09:26:00,76886.18,76931.98,76886.18,76922.22,40229
1788235020,2026-09-01T09:27:00,76919.26,76936.76,76909.49,76918.44,40458
1788235080,2026-09-01T09:28:00,76919.18,76937.61,76905.2,76928.94,55709
1788235140,2026-09-01T09:29:00,76931.62,76952.68,76927.33,76943.41,45602
1788235200,2026-09-01T09:30:00,76939.08,76966.35,76931.03,76931.03,38500
1788235260,2026-09-01T09:31:00,76935.68,76946.84,76930.18,76936.74,43145
1788235320,2026-09-01T09:32:00,76938.47,76965.87,76930.94,76953.97,38096
1788235380,2026-09-01T09:33:00,76951.71,76987.52,76945.53,76973.97,28210
1788235440,2026-09-01T09:34:00,76975.62,76978.4,76945.59,76958.62,27516
1788235500,2026-09-01T09:35:00,76949.87,76959.82,76932.8,76946.88,33654
1788235560,2026-09-01T09:36:00,76945.87,76946.56,76909.1,76917.77,73089
1788235620,2026-09-01T09:37:00,76918.55,76918.55,76879.62,76879.62,28579
1788235680,2026-09-01T09:38:00,76880.31,76905.38,76880.31,76900,37421
1788235740,2026-09-01T09:39:00,76899.51,76900.09,76861.2,76865.38,33846
1788235800,2026-09-01T09:40:00,76866.11,76875.95,76853.37,76862.3,50677
1788235860,2026-09-01T09:41:00,76863.94,76893.43,76854.86,76893.43,46238
1788235920,2026-09-01T09:42:00,76891.8,76892.21,76862.13,76872.53,30068
1788235980,2026-09-01T09:43:00,76870.6,76875.19,76836.26,76837.73,35062
1788236040,2026-09-01T09:44:00,76841.41,76847.1,76817.63,76831.38,32068
1788236100,2026-09-01T09:45:00,76829.17,76835.05,76815.64,76827.12,50188
1788236160,2026-09-01T09:46:00,76822.87,76830.6,76801.23,76801.23,23077
1788236220,2026-09-01T09:47:00,76805.41,76807.52,76770.73,76781.37,54242
1788236280,2026-09-01T09:48:00,76775.3,76789.46,76764.26,76774.9,121933
1788236340,2026-09-01T09:49:00,76781.34,76807.96,76779.07,76805.71,21799
1788236400,2026-09-01T09:50:00,76809.94,76819.97,76793.18,76819.97,23978
1788236460,2026-09-01T09:51:00,76823.84,76824.56,76803.5,76812.05,23360
1788236520,2026-09-01T09:52:00,76811.14,76835.75,76804.95,76833.53,22461
1788236580,2026-09-01T09:53:00,76827.34,76844.84,76825.66,76833.4,20442
1788236640,2026-09-01T09:54:00,76835.78,76835.78,76807.91,76807.91,19720
1788236700,2026-09-01T09:55:00,76805.34,76831.86,76803.52,76824.44,24512
1788236760,2026-09-01T09:56:00,76822.02,76833.39,76804.57,76805.66,21257
1788236820,2026-09-01T09:57:00,76805.33,76815.22,76793.79,76813.84,18794
1788236880,2026-09-01T09:58:00,76810.81,76814.95,76781.29,76789.76,29228
1788236940,2026-09-01T09:59:00,76790.09,76807.8,76788.14,76800.79,25665
1788237000,2026-09-01T10:00:00,76804.26,76812.87,76800.93,76803.7,21398
1788237060,2026-09-01T10:01:00,76803.87,76807.26,76792.07,76801.24,24196
1788237120,2026-09-01T10:02:00,76801.86,76817.84,76799.03,76811.69,14120
1788237180,2026-09-01T10:03:00,76811.25,76835.4,76811.25,76830.19,20611
1788237240,2026-09-01T10:04:00,76829.11,76856.53,76827.28,76848.76,21296
1788237300,2026-09-01T10:05:00,76853.58,76854.57,76839.56,76846.31,120423
1788237360,2026-09-01T10:06:00,76846.31,76846.31,76817.65,76823.95,22624
1788237420,2026-09-01T10:07:00,76824,76856.69,76817.04,76856.69,52965
1788237480,2026-09-01T10:08:00,76851.56,76858.31,76828.14,76834.11,13672
1788237540,2026-09-01T10:09:00,76835.4,76859.47,76832.83,76851.7,18686
1788237600,2026-09-01T10:10:00,76851.21,76859.45,76843.26,76847.52,21058
1788237660,2026-09-01T10:11:00,76851.77,76873.38,76849.7,76862.63,69729
1788237720,2026-09-01T10:12:00,76866.49,76877.21,76857.61,76870.04,18630
1788237780,2026-09-01T10:13:00,76871.94,76874.33,76856.93,76862.02,19992
1788237840,2026-09-01T10:14:00,76860.76,76883.61,76860.35,76878.41,11616
1788237900,2026-09-01T10:15:00,76873.65,76920.28,76870.62,76909.92,20800
1788237960,2026-09-01T10:16:00,76907.96,76923.59,76907.75,76909.79,19118
1788238020,2026-09-01T10:17:00,76911.58,76930.01,76904.78,76928.31,21700
1788238080,2026-09-01T10:18:00,76927.88,76937.65,76925.29,76927.14,16129
1788238140,2026-09-01T10:19:00,76934.55,76935.64,76922.7,76929.55,10161
1788238200,2026-09-01T10:20:00,76923.15,76928.71,76904.51,76912.44,13610
1788238260,2026-09-01T10:21:00,76914.27,76936.43,76913.65,76934.15,13479
1788238320,2026-09-01T10:22:00,76928.49,76946.81,76928.49,76940.21,17048
1788238380,2026-09-01T10:23:00,76950.79,76953.09,76941.88,76950.64,15297
1788238440,2026-09-01T10:24:00,76951.72,76969.76,76943.32,76965.03,28033
1788238500,2026-09-01T10:25:00,76966.24,76971.81,76939.53,76939.53,12537
1788238560,2026-09-01T10:26:00,76940.02,76958.32,76939.05,76948.69,12396
1788238620,2026-09-01T10:27:00,76948.83,76966.44,76942.83,76946.4,9956
1788238680,2026-09-01T10:28:00,76950.72,76963.75,76936.19,76963.75,11876
1788238740,2026-09-01T10:29:00,76961.84,76967.27,76955.04,76962.34,11409
1788238800,2026-09-01T10:30:00,76958.11,76993.6,76958.11,76991.3,34244
1788238860,2026-09-01T10:31:00,76991.58,77000.65,76981.6,76985.44,13135
1788238920,2026-09-01T10:32:00,76980.77,77001.91,76980.77,76995.41,15921
1788238980,2026-09-01T10:33:00,76994.59,77001,76979.43,76983.26,9960
1788239040,2026-09-01T10:34:00,76983.37,76987.19,76966.4,76984.86,19214
1788239100,2026-09-01T10:35:00,76983.03,76986.06,76967.71,76971.01,38914
1788239160,2026-09-01T10:36:00,76968.43,76983.18,76952.64,76983.18,16753
1788239220,2026-09-01T10:37:00,76981.25,77000.43,76981.25,76989.85,11222
1788239280,2026-09-01T10:38:00,76986.83,76995.86,76978.39,76993.54,17161
1788239340,2026-09-01T10:39:00,76993.96,77002.23,76989.51,76994.74,14159
1788239400,2026-09-01T10:40:00,76996.49,76996.96,76970.05,76970.05,19051
1788239460,2026-09-01T10:41:00,76975.3,76978.5,76958.89,76967.47,15946
1788239520,2026-09-01T10:42:00,76965.58,76980.5,76959.63,76975.97,18357
1788239580,2026-09-01T10:43:00,76974.14,76986.21,76972.49,76978.63,10520
1788239640,2026-09-01T10:44:00,76981.2,76982.45,76971.08,76973.43,10347
1788239700,2026-09-01T10:45:00,76963.62,76977.53,76962.42,76968.52,12923
1788239760,2026-09-01T10:46:00,76968.44,76979.07,76968.44,76975.39,17722
1788239820,2026-09-01T10:47:00,76975.39,76980.24,76965.31,76970.69,18949
1788239880,2026-09-01T10:48:00,76970.08,76984.17,76970.08,76981.87,10073
1788239940,2026-09-01T10:49:00,76983.4,76983.58,76967.39,76979.66,44780
1788240000,2026-09-01T10:50:00,76976.44,77004.48,76967.87,77003.04,21696
1788240060,2026-09-01T10:51:00,77001.76,77013.78,76994.58,77000.5,20165
1788240120,2026-09-01T10:52:00,77002.02,77024.71,77001.89,77023.52,22274
1788240180,2026-09-01T10:53:00,77025.2,77057.51,77020.17,77057.51,15649
1788240240,2026-09-01T10:54:00,77054.43,77066.61,77038.66,77038.66,15446
1788240300,2026-09-01T10:55:00,77038.16,77047.68,77028.88,77046.52,42584
1788240360,2026-09-01T10:56:00,77047.23,77052.32,77010.93,77010.93,35090
1788240420,2026-09-01T10:57:00,77010.57,77043.02,76991.66,77025.88,32563
1788240480,2026-09-01T10:58:00,77028.56,77036.87,77022.38,77028.44,22580
1788240540,2026-09-01T10:59:00,77024.62,77037.51,77021.25,77026.1,25279
1788240600,2026-09-01T11:00:00,77030.03,77051.96,77026.71,77034.74,17325
1788240660,2026-09-01T11:01:00,77033.53,77040.41,77029.07,77034.32,10367
1788240720,2026-09-01T11:02:00,77035.28,77036.01,77009.72,77010.35,13760
1788240780,2026-09-01T11:03:00,77013.94,77024.31,77006.92,77009.88,10139
1788240840,2026-09-01T11:04:00,77010.48,77037.08,77005.87,77033.53,53605
1788240900,2026-09-01T11:05:00,77034.56,77037.03,77003.69,77016.82,14546
1788240960,2026-09-01T11:06:00,77018.06,77031.51,77013.52,77027.79,9540
1788241020,2026-09-01T11:07:00,77027.14,77055.49,77022.02,77054.97,29748
1788241080,2026-09-01T11:08:00,77054.97,77072.91,77047.22,77072.91,25245
1788241140,2026-09-01T11:09:00,77075.73,77089.05,77068.77,77071.71,22834
1788241200,2026-09-01T11:10:00,77066.4,77085.27,77066.4,77083.93,36137
1788241260,2026-09-01T11:11:00,77083.57,77114.97,77077.79,77104.24,38759
1788241320,2026-09-01T11:12:00,77105.24,77113.52,77091.77,77110.81,89375
1788241380,2026-09-01T11:13:00,77112.15,77132.86,77109.03,77122.6,33462
1788241440,2026-09-01T11:14:00,77123.38,77125.22,77106.51,77114.98,12397
1788241500,2026-09-01T11:15:00,77113.9,77156.72,77112.86,77156.1,72760
1788241560,2026-09-01T11:16:00,77155.51,77159.86,77147.29,77155.6,129906
1788241620,2026-09-01T11:17:00,77155.6,77161.36,77146.21,77149.22,40920
1788241680,2026-09-01T11:18:00,77149.51,77161.35,77140.93,77157.07,58741
1788241740,2026-09-01T11:19:00,77158.24,77173.63,77144.41,77166.65,44549
1788241800,2026-09-01T11:20:00,77167.7,77192.54,77162.97,77191.29,32223
1788241860,2026-09-01T11:21:00,77183.86,77193.92,77180.25,77190.91,39182
1788241920,2026-09-01T11:22:00,77190.01,77193.24,77173.84,77186.29,6720
1788241980,2026-09-01T11:23:00,77188.32,77194.07,77175.94,77179.84,24354
1788242040,2026-09-01T11:24:00,77179.84,77183.84,77172.59,77179.23,20978
1788242100,2026-09-01T11:25:00,77180.6,77183.64,77169.15,77174.78,12653
1788242160,2026-09-01T11:26:00,77174.39,77174.39,77162.28,77166.44,46197
1788242220,2026-09-01T11:27:00,77172.57,77187.04,77170.87,77185.24,12338
1788242280,2026-09-01T11:28:00,77183.7,77199.58,77182.02,77199.02,12345
1788242340,2026-09-01T11:29:00,77200.54,77213.26,77191.47,77198.66,26350
1788242400,2026-09-01T11:30:00,77196.3,77228.64,77196.3,77228.04,20679
1788242460,2026-09-01T11:31:00,77226.22,77231.57,77212.66,77214.11,75202
1788242520,2026-09-01T11:32:00,77216.98,77217.53,77201.52,77213.25,12915
1788242580,2026-09-01T11:33:00,77212.39,77221.3,77209.91,77213.96,9684
1788242640,2026-09-01T11:34:00,77213.03,77217.78,77190.28,77190.28,13898
1788242700,2026-09-01T11:35:00,77193.99,77197.13,77162.15,77165.85,44864
1788242760,2026-09-01T11:36:00,77166.16,77167.21,77154.01,77157.74,31624
1788242820,2026-09-01T11:37:00,77160.68,77169.94,77156.67,77169.94,37036
1788242880,2026-09-01T11:38:00,77171.69,77173.59,77150.86,77159.26,28192
1788242940,2026-09-01T11:39:00,77160.48,77162.36,77149.09,77156.25,12895
1788243000,2026-09-01T11:40:00,77154.79,77157.52,77114.35,77114.35,15314
1788243060,2026-09-01T11:41:00,77115.74,77157.91,77112.63,77156.82,20457
1788243120,2026-09-01T11:42:00,77157.74,77173.25,77157.5,77157.85,47998
1788243180,2026-09-01T11:43:00,77157.61,77164.59,77154.39,77154.39,15514
1788243240,2026-09-01T11:44:00,77154.74,77172.68,77154.74,77169.23,23835
1788243300,2026-09-01T11:45:00,77169.23,77183.35,77163.72,77165.05,21354
1788243360,2026-09-01T11:46:00,77166.51,77171.99,77147.76,77156.75,13674
1788243420,2026-09-01T11:47:00,77159.32,77165.44,77151.98,77160.66,89726
1788243480,2026-09-01T11:48:00,77156.9,77160.68,77148.34,77149.52,18222
1788243540,2026-09-01T11:49:00,77152.09,77154.79,77137.65,77137.65,11989
1788243600,2026-09-01T11:50:00,77135.69,77166.59,77135.69,77160.31,13113
1788243660,2026-09-01T11:51:00,77160.8,77174.64,77156.56,77170.75,27327
1788243720,2026-09-01T11:52:00,77177.62,77186.31,77160.96,77168.55,571987
1788243780,2026-09-01T11:53:00,77168.55,77175.16,77154.44,77155.95,135952
1788243840,2026-09-01T11:54:00,77155.95,77173.33,77155.95,77172.29,7677
1788243900,2026-09-01T11:55:00,77172.09,77201.11,77172.09,77198.95,261831
1788243960,2026-09-01T11:56:00,77200.99,77201.97,77184.75,77192.37,15733
1788244020,2026-09-01T11:57:00,77192.55,77206.58,77192.55,77203.14,1419823
1788244080,2026-09-01T11:58:00,77200.26,77201.56,77175.15,77191.9,60565
1788244140,2026-09-01T11:59:00,77192.03,77192.75,77172.13,77175.01,10744
1788244200,2026-09-01T12:00:00,77173.65,77188.84,77168.26,77168.26,352745
1788244260,2026-09-01T12:01:00,77170.5,77175.42,77156.25,77166.36,43383
1788244320,2026-09-01T12:02:00,77166.36,77183.38,77162.5,77179.99,22198
1788244380,2026-09-01T12:03:00,77176.61,77195.53,77176.61,77195.53,31681
1788244440,2026-09-01T12:04:00,77194.71,77201.26,77187.17,77201.14,23344
1788244500,2026-09-01T12:05:00,77198.01,77220.56,77196.1,77220.56,295245
1788244560,2026-09-01T12:06:00,77221.26,77228.17,77210.91,77221.06,75700
1788244620,2026-09-01T12:07:00,77221.06,77223.63,77208.18,77214.9,23364
1788244680,2026-09-01T12:08:00,77212.69,77222.61,77207.67,77215.17,17199
1788244740,2026-09-01T12:09:00,77214.97,77223.91,77210.89,77221.94,13169
1788244800,2026-09-01T12:10:00,77225.62,77229.28,77219.85,77226.9,7923
1788244860,2026-09-01T12:11:00,77226.9,77231.87,77218.63,77225.37,17483
1788244920,2026-09-01T12:12:00,77224.85,77226.62,77215.31,77224.35,8452
1788244980,2026-09-01T12:13:00,77226.62,77229.27,77204.75,77208.79,18427
1788245040,2026-09-01T12:14:00,77208.05,77208.05,77187.46,77192.67,14862
1788245100,2026-09-01T12:15:00,77192.67,77195.12,77181.13,77187.97,13701
1788245160,2026-09-01T12:16:00,77182.9,77192.77,77168.18,77176.88,116551
1788245220,2026-09-01T12:17:00,77176.7,77178.65,77160.81,77165.86,13882
1788245280,2026-09-01T12:18:00,77166.91,77176.1,77159.43,77176.1,57703
1788245340,2026-09-01T12:19:00,77174.66,77178.5,77167.03,77173.47,10386
1788245400,2026-09-01T12:20:00,77174.05,77182.84,77162.63,77182.84,12952
1788245460,2026-09-01T12:21:00,77182.98,77182.98,77165.28,77170.43,7680
1788245520,2026-09-01T12:22:00,77168.65,77174.52,77163.06,77168.45,23147
1788245580,2026-09-01T12:23:00,77167.83,77171.86,77150.01,77153.27,7336
1788245640,2026-09-01T12:24:00,77149.84,77159.08,77132.42,77134.86,358587
1788245700,2026-09-01T12:25:00,77136.86,77153.34,77127.13,77152.51,97154
1788245760,2026-09-01T12:26:00,77149.38,77168.56,77149.13,77151.07,11263
1788245820,2026-09-01T12:27:00,77153.93,77168.2,77148.36,77160.55,14668
1788245880,2026-09-01T12:28:00,77159.99,77174.38,77157.91,77168.8,20803
1788245940,2026-09-01T12:29:00,77167.99,77172.54,77159.47,77170.38,25835
1788246000,2026-09-01T12:30:00,77171.75,77178.3,77160.13,77177.25,16482
1788246060,2026-09-01T12:31:00,77176.58,77187.67,77174.8,77183.92,12402
1788246120,2026-09-01T12:32:00,77181.62,77185.7,77171.61,77174.26,19788
1788246180,2026-09-01T12:33:00,77174.5,77176.25,77145.9,77147.18,15580
1788246240,2026-09-01T12:34:00,77146.67,77159.21,77146.67,77158.51,26051
1788246300,2026-09-01T12:35:00,77160.61,77167.51,77153.9,77165.32,195836
1788246360,2026-09-01T12:36:00,77168.11,77172.35,77156.53,77156.77,29282
1788246420,2026-09-01T12:37:00,77155.06,77165.84,77148.96,77163.99,17018
1788246480,2026-09-01T12:38:00,77166.45,77168.53,77144.84,77157.01,115700
1788246540,2026-09-01T12:39:00,77155.34,77162.91,77148.83,77156.93,26239
1788246600,2026-09-01T12:40:00,77157.96,77175.06,77154.91,77172.47,20517
1788246660,2026-09-01T12:41:00,77171.56,77173.96,77162,77165.42,24825
1788246720,2026-09-01T12:42:00,77159.1,77183.79,77156.26,77175.88,98495
1788246780,2026-09-01T12:43:00,77175.49,77182.08,77165.75,77166.61,8146
1788246840,2026-09-01T12:44:00,77169.79,77175.95,77165.33,77175.78,9371
1788246900,2026-09-01T12:45:00,77178.54,77191.14,77167.87,77169.82,11970
1788246960,2026-09-01T12:46:00,77169.72,77172.53,77159.66,77168.15,11746
1788247020,2026-09-01T12:47:00,77169.1,77169.51,77158.04,77162.2,4746
1788247080,2026-09-01T12:48:00,77162.2,77172.38,77160.91,77160.91,4892
1788247140,2026-09-01T12:49:00,77160.33,77165.47,77156.6,77158.4,6447
1788247200,2026-09-01T12:50:00,77157.22,77161.19,77144.17,77145.13,8868
1788247260,2026-09-01T12:51:00,77145.13,77147.78,77125.63,77130.77,10819
1788247320,2026-09-01T12:52:00,77131.44,77138.65,77123.5,77135.09,7457
1788247380,2026-09-01T12:53:00,77137.99,77139.7,77116.93,77123.48,16205
1788247440,2026-09-01T12:54:00,77123.48,77125.96,77100.92,77100.92,6565
1788247500,2026-09-01T12:55:00,77098.99,77099.57,77088.91,77098.14,5612
1788247560,2026-09-01T12:56:00,77096.62,77103.93,77083.37,77083.57,8251
1788247620,2026-09-01T12:57:00,77086.24,77093.07,77080.08,77090.56,7066
1788247680,2026-09-01T12:58:00,77090.24,77102.99,77086.74,77097.61,36592
1788247740,2026-09-01T12:59:00,77098.23,77106.81,77091.83,77099.47,11401
1788247800,2026-09-01T13:00:00,77099.91,77105,77085.92,77085.92,41173
1788247860,2026-09-01T13:01:00,77086.3,77096.11,77073.53,77078.64,212527
1788247920,2026-09-01T13:02:00,77078.37,77087.01,77073.17,77085.05,18360
1788247980,2026-09-01T13:03:00,77082.07,77085.93,77065.77,77073.31,5228
1788248040,2026-09-01T13:04:00,77073.21,77076.84,77062.76,77076.84,5394
1788248100,2026-09-01T13:05:00,77076.84,77076.84,77041.11,77044.79,9138
1788248160,2026-09-01T13:06:00,77048.19,77055.33,77032.7,77036.74,14496
1788248220,2026-09-01T13:07:00,77036.29,77036.52,77017.47,77028.82,8533
1788248280,2026-09-01T13:08:00,77030.62,77044.91,77030.62,77031.21,22790
1788248340,2026-09-01T13:09:00,77031.49,77041.97,77030.33,77036.29,7794
1788248400,2026-09-01T13:10:00,77034.62,77036.92,77015.36,77015.36,16510
1788248460,2026-09-01T13:11:00,77014.57,77014.57,76988.3,76993.79,57230
1788248520,2026-09-01T13:12:00,76993.39,76993.39,76970.29,76978.35,11872
1788248580,2026-09-01T13:13:00,76977.02,76979.08,76967.45,76969.93,30996
1788248640,2026-09-01T13:14:00,76971.44,76971.44,76955.67,76955.67,20345
1788248700,2026-09-01T13:15:00,76955.87,76956.5,76939.83,76939.83,58854
1788248760,2026-09-01T13:16:00,76939.83,76943.85,76931.9,76932.85,44203
1788248820,2026-09-01T13:17:00,76932,76939.04,76925.65,76934.02,60460
1788248880,2026-09-01T13:18:00,76932.78,76940.98,76928.82,76938.18,32875
1788248940,2026-09-01T13:19:00,76936.78,76952.68,76932.8,76950.4,21386
1788249000,2026-09-01T13:20:00,76948.88,76953.42,76941.3,76953.2,16858
1788249060,2026-09-01T13:21:00,76955.43,76982.63,76955.43,76978.29,15222
1788249120,2026-09-01T13:22:00,76978.74,76984.84,76973.78,76984.43,10005
1788249180,2026-09-01T13:23:00,76985.5,76985.5,76958.08,76968.86,13306
1788249240,2026-09-01T13:24:00,76968.91,76976.32,76960.35,76975.52,16649
1788249300,2026-09-01T13:25:00,76974.91,76983.65,76971.79,76975.84,8967
1788249360,2026-09-01T13:26:00,76976.64,76986.34,76973.21,76977.4,13978
1788249420,2026-09-01T13:27:00,76979.62,76979.62,76958.07,76964.27,28981
1788249480,2026-09-01T13:28:00,76962.63,76962.63,76942.15,76948.51,11234
1788249540,2026-09-01T13:29:00,76950.36,76954.74,76942.25,76953.42,37314
1788249600,2026-09-01T13:30:00,76953.65,76968.43,76952.51,76967.67,12927
1788249660,2026-09-01T13:31:00,76967.67,76996.71,76967.67,76992.51,25811
1788249720,2026-09-01T13:32:00,76993.08,77005.87,76989.09,76997.11,85038
1788249780,2026-09-01T13:33:00,76991.18,76999.41,76985.64,76994.23,23155
1788249840,2026-09-01T13:34:00,76994.54,76995.83,76983.84,76988.81,11697
1788249900,2026-09-01T13:35:00,76992.65,77008.85,76989.82,77005.05,14094
1788249960,2026-09-01T13:36:00,77004.77,77008.48,76976.96,76976.96,16897
1788250020,2026-09-01T13:37:00,76976.96,76978.2,76944.52,76945.22,19512
1788250080,2026-09-01T13:38:00,76945.13,76952.39,76935.65,76938.31,9676
1788250140,2026-09-01T13:39:00,76938.44,76944.96,76914.63,76928.78,27436
1788250200,2026-09-01T13:40:00,76927.54,76927.54,76892.86,76893.84,25601
1788250260,2026-09-01T13:41:00,76894.13,76896.57,76881.03,76881.23,9363
1788250320,2026-09-01T13:42:00,76888,76894.97,76880.39,76894.41,47075
1788250380,2026-09-01T13:43:00,76896.24,76905.14,76885.41,76902.57,14227
1788250440,2026-09-01T13:44:00,76899.77,76922.29,76897.46,76914.57,10420
1788250500,2026-09-01T13:45:00,76916.09,76916.82,76898.07,76903.9,21670
1788250560,2026-09-01T13:46:00,76911.29,76911.29,76888.13,76890.17,7043
1788250620,2026-09-01T13:47:00,76891.59,76894.76,76861.38,76866.64,9312
1788250680,2026-09-01T13:48:00,76867.98,76873.43,76862.85,76865.72,15780
1788250740,2026-09-01T13:49:00,76866.17,76875.57,76864.14,76875.32,6782
1788250800,2026-09-01T13:50:00,76873.06,76873.06,76800.05,76800.05,34246
1788250860,2026-09-01T13:51:00,76802.05,76806.61,76766.82,76770.72,21248
1788250920,2026-09-01T13:52:00,76771.45,76791.96,76766.84,76785.04,10296
1788250980,2026-09-01T13:53:00,76784.13,76789.23,76775.64,76780.64,16796
1788251040,2026-09-01T13:54:00,76780.64,76788.51,76773.03,76785.76,10717
1788251100,2026-09-01T13:55:00,76787.85,76787.85,76770.29,76778.76,13606
1788251160,2026-09-01T13:56:00,76775.76,76787.93,76768.57,76783.1,19525
1788251220,2026-09-01T13:57:00,76786.81,76818.16,76786.81,76818.16,30089
1788251280,2026-09-01T13:58:00,76818.8,76841.7,76818.8,76835.59,12338
1788251340,2026-09-01T13:59:00,76833.17,76833.95,76810.92,76810.92,14351
1788251400,2026-09-01T14:00:00,76811.77,76815.88,76782.95,76785.53,14857
1788251460,2026-09-01T14:01:00,76784.41,76802.19,76780.41,76791.48,12329
1788251520,2026-09-01T14:02:00,76791.15,76791.7,76756.89,76761.69,9361
1788251580,2026-09-01T14:03:00,76759.88,76760.93,76739.29,76743.55,17841
1788251640,2026-09-01T14:04:00,76743.11,76756.81,76730.22,76756.81,18278
1788251700,2026-09-01T14:05:00,76753.96,76756.5,76729.77,76754.63,16604
1788251760,2026-09-01T14:06:00,76754.14,76757.37,76738.7,76741.15,13797
1788251820,2026-09-01T14:07:00,76745.57,76749.02,76725.74,76725.74,10954
1788251880,2026-09-01T14:08:00,76730.11,76735.45,76697.36,76697.36,19630
1788251940,2026-09-01T14:09:00,76692.8,76701.57,76663.78,76667.66,18360
1788252000,2026-09-01T14:10:00,76669.02,76689.12,76669.02,76688.33,14692
1788252060,2026-09-01T14:11:00,76685.11,76718.61,76683.01,76712.95,14404
1788252120,2026-09-01T14:12:00,76711.35,76716.44,76694.39,76694.39,23168
1788252180,2026-09-01T14:13:00,76694.58,76697.69,76679.71,76685.93,15334
1788252240,2026-09-01T14:14:00,76683.03,76701.66,76678.39,76698.95,12664
1788252300,2026-09-01T14:15:00,76698.95,76707.35,76695.29,76697.79,24460
1788252360,2026-09-01T14:16:00,76696.07,76701.23,76689.41,76695.07,7844
1788252420,2026-09-01T14:17:00,76694.96,76698.29,76671.97,76684.87,32512
1788252480,2026-09-01T14:18:00,76684.11,76685.42,76668.85,76683.24,12335
1788252540,2026-09-01T14:19:00,76683.69,76699.72,76674.89,76691.17,11942
1788252600,2026-09-01T14:20:00,76691.17,76701.83,76686.41,76693.54,15096
1788252660,2026-09-01T14:21:00,76696.19,76702.04,76687.57,76688.77,13116
1788252720,2026-09-01T14:22:00,76688.37,76689.6,76664.66,76666.47,53862
1788252780,2026-09-01T14:23:00,76665.57,76669.56,76656.4,76664.77,20102
1788252840,2026-09-01T14:24:00,76658.86,76678.7,76656.12,76672.63,21176
1788252900,2026-09-01T14:25:00,76675.41,76694.76,76673.72,76689.01,9994
1788252960,2026-09-01T14:26:00,76688.36,76689.13,76674.27,76678.65,6994
1788253020,2026-09-01T14:27:00,76680.08,76681.41,76661.72,76664.78,29909
1788253080,2026-09-01T14:28:00,76663.19,76670.61,76659.15,76668.43,11855
1788253140,2026-09-01T14:29:00,76668.31,76740.25,76668.31,76740.25,13841
1788253200,2026-09-01T14:30:00,76742.36,76756.37,76714.36,76715.91,47765
1788253260,2026-09-01T14:31:00,76715,76748.23,76705.63,76748.23,9574
1788253320,2026-09-01T14:32:00,76747.69,76765.42,76743.18,76746.98,18835
1788253380,2026-09-01T14:33:00,76747.33,76749.73,76726.09,76727.68,7362
1788253440,2026-09-01T14:34:00,76728.51,76748.54,76719.42,76748.21,15267
1788253500,2026-09-01T14:35:00,76749.08,76765.37,76741.63,76744.57,11492
1788253560,2026-09-01T14:36:00,76743.73,76743.99,76722.58,76723.58,8327
1788253620,2026-09-01T14:37:00,76726.15,76726.15,76708.05,76712.19,14407
1788253680,2026-09-01T14:38:00,76713.73,76724.58,76708.01,76721.46,17772
1788253740,2026-09-01T14:39:00,76722.71,76726.66,76706.14,76707.71,8090
1788253800,2026-09-01T14:40:00,76704.34,76710.92,76675.44,76678.96,11224
1788253860,2026-09-01T14:41:00,76679.41,76693.5,76678.04,76693.5,9032
1788253920,2026-09-01T14:42:00,76694.1,76717.82,76686.77,76714.62,9108
1788253980,2026-09-01T14:43:00,76712.73,76712.73,76693.63,76699.99,7835
1788254040,2026-09-01T14:44:00,76695.75,76701.52,76689.97,76696.72,8084
1788254100,2026-09-01T14:45:00,76693.31,76729.55,76685.32,76728.5,25758
1788254160,2026-09-01T14:46:00,76725.34,76727.24,76710.63,76716.17,13860
1788254220,2026-09-01T14:47:00,76716.17,76720.66,76695.7,76704.4,13955
1788254280,2026-09-01T14:48:00,76706.46,76710.46,76697.21,76700.67,10430
1788254340,2026-09-01T14:49:00,76701.73,76703.99,76680.42,76700.2,9119
1788254400,2026-09-01T14:50:00,76704.98,76732.18,76704.01,76727.94,17206
1788254460,2026-09-01T14:51:00,76726.71,76757.13,76724.25,76757.13,24908
1788254520,2026-09-01T14:52:00,76754.31,76756.47,76726.95,76737.14,9453
1788254580,2026-09-01T14:53:00,76737.8,76744.03,76730.42,76732.72,13870
1788254640,2026-09-01T14:54:00,76730.98,76743.7,76717.19,76743.7,20558
1788254700,2026-09-01T14:55:00,76744.75,76761.51,76738.24,76750.99,16740
1788254760,2026-09-01T14:56:00,76754.85,76782.88,76749.42,76760.76,11211
1788254820,2026-09-01T14:57:00,76754.44,76761.15,76737.53,76737.53,14855
1788254880,2026-09-01T14:58:00,76737.53,76750.74,76734.48,76746.15,11034
1788254940,2026-09-01T14:59:00,76745.94,76754.56,76739.54,76751.75,12725
1788255000,2026-09-01T15:00:00,76747.87,76747.87,76732.09,76735.23,22000
1788255060,2026-09-01T15:01:00,76734.79,76746.77,76725.49,76744.48,28777
1788255120,2026-09-01T15:02:00,76742.71,76744.05,76726.43,76730.96,19000
1788255180,2026-09-01T15:03:00,76730.51,76730.51,76705,76708.66,42767
1788255240,2026-09-01T15:04:00,76710.88,76728.67,76707.53,76728.67,16032
1788255300,2026-09-01T15:05:00,76728.09,76749.02,76715.28,76745.22,39784
1788255360,2026-09-01T15:06:00,76748.15,76755.49,76734.42,76749.43,41306
1788255420,2026-09-01T15:07:00,76746.08,76751.49,76714.42,76722.4,32657
1788255480,2026-09-01T15:08:00,76726.47,76733.73,76717.93,76723.02,19944
1788255540,2026-09-01T15:09:00,76723.67,76728.36,76703.74,76711.67,28899
1788255600,2026-09-01T15:10:00,76712.26,76734.58,76706.1,76720.82,25811
1788255660,2026-09-01T15:11:00,76721.47,76734.25,76699.87,76715.31,18848
1788255720,2026-09-01T15:12:00,76720.25,76738.04,76681.54,76685.48,58411
1788255780,2026-09-01T15:13:00,76699.34,76723.82,76698.71,76723.07,20208
1788255840,2026-09-01T15:14:00,76726.31,76755.09,76718.61,76718.68,30329
1788255900,2026-09-01T15:15:00,76725.18,76725.18,76725.18,76725.18,30329
1788255960,2026-09-01T15:16:00,76725.18,76725.18,76725.18,76725.18,30329
1788256020,2026-09-01T15:17:00,76725.18,76725.18,76725.18,76725.18,30329
1788256080,2026-09-01T15:18:00,76725.18,76725.18,76725.18,76725.18,30329
1788256140,2026-09-01T15:19:00,76725.18,76725.18,76725.18,76725.18,30329
1788256200,2026-09-01T15:20:00,76725.18,76725.18,76725.18,76725.18,30329
1788256260,2026-09-01T15:21:00,76725.18,76725.18,76725.18,76725.18,30329
1788256320,2026-09-01T15:22:00,76725.18,76725.18,76725.18,76725.18,30329
1788256380,2026-09-01T15:23:00,76725.18,76725.18,76725.18,76725.18,30329
1788256440,2026-09-01T15:24:00,76725.18,76725.18,76725.18,76725.18,30329
1788256500,2026-09-01T15:25:00,76725.18,76725.18,76725.18,76725.18,30329
1788256560,2026-09-01T15:26:00,76725.18,76725.18,76725.18,76725.18,30329
1788256620,2026-09-01T15:27:00,76725.18,76725.18,76725.18,76725.18,30329
1788256680,2026-09-01T15:28:00,76725.18,76944.28,76725.18,76944.28,30329
1788256740,2026-09-01T15:29:00,76944.28,76944.28,76944.28,76944.28,30329
1788320700,2026-09-02T09:15:00,76471.32,76521.67,76196.07,76262.29,257370
1788320760,2026-09-02T09:16:00,76260.43,76270.35,76207.25,76207.25,161222
1788320820,2026-09-02T09:17:00,76203.72,76241.22,76192.94,76229.5,103081
1788320880,2026-09-02T09:18:00,76227.98,76270.4,76227.98,76260.55,87238
1788320940,2026-09-02T09:19:00,76251.29,76262.43,76220.28,76225.08,79697
1788321000,2026-09-02T09:20:00,76224.43,76245.27,76208.4,76243.99,93639
1788321060,2026-09-02T09:21:00,76251.6,76254.51,76184.33,76217.5,84630
1788321120,2026-09-02T09:22:00,76209.73,76218.59,76181.53,76188.54,60142
1788321180,2026-09-02T09:23:00,76189.46,76206.87,76157.48,76161.91,60258
1788321240,2026-09-02T09:24:00,76161.6,76181.1,76135.72,76181.1,67357
1788321300,2026-09-02T09:25:00,76185.38,76228.83,76183.38,76223.53,40533
1788321360,2026-09-02T09:26:00,76225.51,76262.48,76217.34,76259.93,81518
1788321420,2026-09-02T09:27:00,76260.67,76282.97,76258.81,76269.26,50365
1788321480,2026-09-02T09:28:00,76266.94,76269.59,76229.35,76240.51,47765
1788321540,2026-09-02T09:29:00,76236.01,76264.98,76233.1,76261.55,42110
1788321600,2026-09-02T09:30:00,76258.1,76286.67,76245.94,76245.94,60980
1788321660,2026-09-02T09:31:00,76252.76,76263.06,76235.03,76257.52,46150
1788321720,2026-09-02T09:32:00,76254,76273.22,76247.74,76263.26,23881
1788321780,2026-09-02T09:33:00,76265.4,76297.89,76263.11,76297.89,33576
1788321840,2026-09-02T09:34:00,76297.04,76341.94,76296.07,76341.94,38507
1788321900,2026-09-02T09:35:00,76340.03,76356.04,76301.87,76327.15,37308
1788321960,2026-09-02T09:36:00,76328.9,76328.9,76305.03,76326.09,30363
1788322020,2026-09-02T09:37:00,76323.31,76349.6,76313.52,76332.02,26301
1788322080,2026-09-02T09:38:00,76331.81,76338.64,76308.11,76313.07,20820
1788322140,2026-09-02T09:39:00,76314.18,76321.12,76286.48,76295.17,71141
1788322200,2026-09-02T09:40:00,76290.33,76310.39,76281.33,76305.19,42376
1788322260,2026-09-02T09:41:00,76307.96,76335.47,76303.28,76330.59,32624
1788322320,2026-09-02T09:42:00,76330.59,76350.83,76329.47,76337.53,24179
1788322380,2026-09-02T09:43:00,76336.02,76365.52,76335.77,76345.84,33244
1788322440,2026-09-02T09:44:00,76347.37,76356.37,76337.47,76341.45,17043
1788322500,2026-09-02T09:45:00,76337.03,76344.54,76323.8,76324.23,18730
1788322560,2026-09-02T09:46:00,76329.45,76329.45,76305.22,76311.24,21577
1788322620,2026-09-02T09:47:00,76310.82,76317.65,76287.22,76290.46,521744
1788322680,2026-09-02T09:48:00,76291.69,76303.69,76283.16,76300.23,29578
1788322740,2026-09-02T09:49:00,76299,76326.84,76293.87,76320.71,31232
1788322800,2026-09-02T09:50:00,76319.37,76359.35,76309.39,76355.34,31701
1788322860,2026-09-02T09:51:00,76356.57,76361.8,76321.71,76326.74,54577
1788322920,2026-09-02T09:52:00,76326.73,76337.66,76311.72,76312.34,20687
1788322980,2026-09-02T09:53:00,76313.9,76329.07,76305.89,76326.11,38078
1788323040,2026-09-02T09:54:00,76326.41,76327.79,76298.04,76303.43,18050
1788323100,2026-09-02T09:55:00,76307.57,76322.11,76300.91,76320.57,28991
1788323160,2026-09-02T09:56:00,76322.14,76350.16,76316.58,76339.26,25098
1788323220,2026-09-02T09:57:00,76339.68,76359.96,76337.64,76347.4,26831
1788323280,2026-09-02T09:58:00,76345.01,76382.75,76344.27,76382.75,129750
1788323340,2026-09-02T09:59:00,76385.44,76396.89,76380.23,76382.5,233360
1788323400,2026-09-02T10:00:00,76383.3,76391.72,76356.17,76364.54,68471
1788323460,2026-09-02T10:01:00,76364.12,76377.46,76359.61,76368.73,16033
1788323520,2026-09-02T10:02:00,76362.87,76393.4,76362.69,76384.11,18974
1788323580,2026-09-02T10:03:00,76384.55,76395.14,76368.24,76383.88,32756
1788323640,2026-09-02T10:04:00,76382.62,76388.86,76372.26,76373.64,697118
1788323700,2026-09-02T10:05:00,76376.77,76391.92,76366.04,76374.8,222960
1788323760,2026-09-02T10:06:00,76378.05,76391.17,76372.16,76382.04,30981
1788323820,2026-09-02T10:07:00,76384.26,76392.14,76376.87,76376.87,19736
1788323880,2026-09-02T10:08:00,76381.69,76386.97,76345.19,76345.19,20156
1788323940,2026-09-02T10:09:00,76351.54,76356.57,76326.63,76344,41204
1788324000,2026-09-02T10:10:00,76344.24,76360.94,76337.7,76356.02,9933
1788324060,2026-09-02T10:11:00,76351.43,76366.03,76339.94,76347.08,17194
1788324120,2026-09-02T10:12:00,76343.73,76359.27,76341.27,76355.52,13417
1788324180,2026-09-02T10:13:00,76351.87,76380.4,76350.13,76380.4,27290
1788324240,2026-09-02T10:14:00,76376.69,76377.53,76344.69,76344.69,11633
1788324300,2026-09-02T10:15:00,76344.15,76357.36,76336.9,76356.44,14819
1788324360,2026-09-02T10:16:00,76356.44,76366.16,76352.7,76362.06,9227
1788324420,2026-09-02T10:17:00,76364.53,76370.95,76356.68,76366.63,11202
1788324480,2026-09-02T10:18:00,76359.03,76375.6,76358.32,76375.6,11604
1788324540,2026-09-02T10:19:00,76379.89,76401.19,76372.1,76396.77,15315
1788324600,2026-09-02T10:20:00,76396.21,76419.53,76396.21,76418.03,543290
1788324660,2026-09-02T10:21:00,76419.01,76450.22,76408.54,76446.7,15694
1788324720,2026-09-02T10:22:00,76447.82,76465.6,76445.64,76459.64,17763
1788324780,2026-09-02T10:23:00,76456.22,76462.07,76443.66,76449.62,21784
1788324840,2026-09-02T10:24:00,76448.36,76451.65,76437.21,76448.37,37122
1788324900,2026-09-02T10:25:00,76447.36,76455.5,76441.42,76455.32,7433
1788324960,2026-09-02T10:26:00,76450.6,76457.34,76443.67,76454.41,17791
1788325020,2026-09-02T10:27:00,76453.69,76463.19,76450.18,76453.87,16132
1788325080,2026-09-02T10:28:00,76460.96,76465.62,76456.58,76461.13,7310
1788325140,2026-09-02T10:29:00,76457.86,76483.14,76457.86,76478.36,18656
1788325200,2026-09-02T10:30:00,76475.1,76494.69,76473.47,76492.09,33174
1788325260,2026-09-02T10:31:00,76494.34,76532.93,76489.66,76506.89,39907
1788325320,2026-09-02T10:32:00,76507.61,76510.58,76489.28,76505.4,39873
1788325380,2026-09-02T10:33:00,76500.11,76503.9,76484.63,76490.29,14613
1788325440,2026-09-02T10:34:00,76490.48,76494.17,76473.99,76476.61,26712
1788325500,2026-09-02T10:35:00,76478.33,76483.8,76463.63,76463.81,20474
1788325560,2026-09-02T10:36:00,76464.27,76466.28,76452.43,76457.49,14842
1788325620,2026-09-02T10:37:00,76457.32,76467.24,76454.14,76454.14,18604
1788325680,2026-09-02T10:38:00,76454.01,76460.32,76434.74,76441.71,17515
1788325740,2026-09-02T10:39:00,76441.12,76447.11,76408.07,76410.14,25158
1788325800,2026-09-02T10:40:00,76409.3,76433.34,76406.17,76426.89,15550
1788325860,2026-09-02T10:41:00,76428.14,76432.9,76410.19,76416.59,11145
1788325920,2026-09-02T10:42:00,76419.84,76426.03,76405.84,76422.04,9829
1788325980,2026-09-02T10:43:00,76426.54,76430.41,76410.27,76410.27,7066
1788326040,2026-09-02T10:44:00,76412.56,76412.56,76401.46,76404.25,13050
1788326100,2026-09-02T10:45:00,76404.25,76417.24,76390.29,76397.24,18173
1788326160,2026-09-02T10:46:00,76399.32,76405.11,76383.87,76389.41,21333
1788326220,2026-09-02T10:47:00,76389.48,76398.56,76381.52,76390.42,21535
1788326280,2026-09-02T10:48:00,76390.41,76413.5,76390.41,76412.08,13683
1788326340,2026-09-02T10:49:00,76411.58,76421.41,76402.77,76406.83,37255
1788326400,2026-09-02T10:50:00,76407.67,76420.03,76397.75,76418.62,17864
1788326460,2026-09-02T10:51:00,76418.96,76431.54,76415.92,76423.62,20973
1788326520,2026-09-02T10:52:00,76423.05,76424.1,76370.67,76371.58,61101
1788326580,2026-09-02T10:53:00,76370.97,76379.91,76349.62,76349.62,20433
1788326640,2026-09-02T10:54:00,76353.06,76386.42,76338.6,76381.44,22860
1788326700,2026-09-02T10:55:00,76380.03,76393.83,76379.61,76389.4,7613
1788326760,2026-09-02T10:56:00,76390.04,76420.26,76389.08,76415.51,31172
1788326820,2026-09-02T10:57:00,76416.43,76422.39,76403.72,76408.38,25860
1788326880,2026-09-02T10:58:00,76408.38,76409.81,76397.95,76401.97,14843
1788326940,2026-09-02T10:59:00,76403.5,76410.14,76391.79,76394.71,25738
1788327000,2026-09-02T11:00:00,76395.16,76407.12,76395.16,76402.36,10830
1788327060,2026-09-02T11:01:00,76404.04,76411.06,76380.94,76384.43,10594
1788327120,2026-09-02T11:02:00,76382.12,76382.12,76359.41,76366.94,32699
1788327180,2026-09-02T11:03:00,76364.86,76364.86,76337.97,76344.62,9620
1788327240,2026-09-02T11:04:00,76345.96,76350.2,76318.86,76330.28,8570
1788327300,2026-09-02T11:05:00,76327.41,76334.44,76310.99,76312,13013
1788327360,2026-09-02T11:06:00,76310.63,76318.34,76304.55,76306.63,8131
1788327420,2026-09-02T11:07:00,76304.19,76342.4,76304.19,76331.06,15009
1788327480,2026-09-02T11:08:00,76331.06,76333.9,76320.33,76325.91,5923
1788327540,2026-09-02T11:09:00,76332.86,76332.86,76308.76,76311.2,19695
1788327600,2026-09-02T11:10:00,76310.84,76314.8,76301.51,76309.05,21855
1788327660,2026-09-02T11:11:00,76307.23,76314.32,76304.22,76311.61,14262
1788327720,2026-09-02T11:12:00,76312.44,76321.84,76311.2,76315.4,7028
1788327780,2026-09-02T11:13:00,76314.54,76314.88,76302.65,76312.59,16397
1788327840,2026-09-02T11:14:00,76313.56,76320.02,76307.56,76309.2,8025
1788327900,2026-09-02T11:15:00,76309.8,76321.51,76309.8,76318.78,19038
1788327960,2026-09-02T11:16:00,76318.78,76318.78,76298.11,76302.5,97664
1788328020,2026-09-02T11:17:00,76300.2,76305.51,76296.35,76300.66,16045
1788328080,2026-09-02T11:18:00,76302.16,76325.97,76299.35,76325.97,21164
1788328140,2026-09-02T11:19:00,76329.01,76334.14,76313.82,76320.59,5952
1788328200,2026-09-02T11:20:00,76319.53,76334.19,76315.88,76320.04,9225
1788328260,2026-09-02T11:21:00,76321.57,76321.57,76309.24,76309.68,17972
1788328320,2026-09-02T11:22:00,76317.27,76317.98,76293.37,76293.37,17166
1788328380,2026-09-02T11:23:00,76292.92,76306.52,76292.92,76306.51,15138
1788328440,2026-09-02T11:24:00,76305.35,76308.57,76281.54,76283.88,507883
1788328500,2026-09-02T11:25:00,76283.24,76289.99,76270.66,76287.3,7712
1788328560,2026-09-02T11:26:00,76287.32,76301.2,76284.79,76286.08,9670
1788328620,2026-09-02T11:27:00,76286.8,76290.58,76280.3,76282.72,9504
1788328680,2026-09-02T11:28:00,76285.55,76290.83,76279.77,76286.01,11312
1788328740,2026-09-02T11:29:00,76286.08,76292.95,76272.76,76273.13,12943
1788328800,2026-09-02T11:30:00,76273.91,76277.57,76264.35,76270.98,8518
1788328860,2026-09-02T11:31:00,76273.12,76276.12,76266.33,76270.65,40692
1788328920,2026-09-02T11:32:00,76269.4,76282.23,76266.88,76272.48,15430
1788328980,2026-09-02T11:33:00,76276.54,76278.02,76252.5,76254.37,7123
1788329040,2026-09-02T11:34:00,76252.78,76259.21,76243.12,76259.21,8630
1788329100,2026-09-02T11:35:00,76259.04,76267.75,76254.99,76262.19,21826
1788329160,2026-09-02T11:36:00,76262.24,76265.18,76255.03,76255.09,8375
1788329220,2026-09-02T11:37:00,76254.13,76261.36,76251.93,76255.17,16434
1788329280,2026-09-02T11:38:00,76255.21,76262.19,76245.74,76262.19,9039
1788329340,2026-09-02T11:39:00,76263.64,76279.37,76258,76279.37,12240
1788329400,2026-09-02T11:40:00,76278.57,76286.53,76270.33,76270.33,7814
1788329460,2026-09-02T11:41:00,76269.09,76273.74,76253.06,76259.5,9164
1788329520,2026-09-02T11:42:00,76256.28,76263,76254.73,76259.48,25639
1788329580,2026-09-02T11:43:00,76259.48,76275.13,76250.6,76266.18,13229
1788329640,2026-09-02T11:44:00,76266.18,76271.25,76254.57,76255.85,13927
1788329700,2026-09-02T11:45:00,76256.2,76256.2,76242.85,76249.95,218003
1788329760,2026-09-02T11:46:00,76244.44,76249.72,76237.06,76247.06,23690
1788329820,2026-09-02T11:47:00,76246.63,76249.74,76238.46,76239.75,14388
1788329880,2026-09-02T11:48:00,76237.36,76258.07,76234.59,76256.08,16642
1788329940,2026-09-02T11:49:00,76255.9,76263.88,76246.71,76249.21,10257
1788330000,2026-09-02T11:50:00,76247.79,76258.68,76247.2,76257.06,33400
1788330060,2026-09-02T11:51:00,76257.22,76258.72,76247.05,76249.33,13919
1788330120,2026-09-02T11:52:00,76250.26,76266.61,76247.46,76262.27,25468
1788330180,2026-09-02T11:53:00,76261.37,76270.4,76249.24,76268.4,21644
1788330240,2026-09-02T11:54:00,76272.53,76295.86,76272.53,76295.86,32340
1788330300,2026-09-02T11:55:00,76297.08,76305.88,76286.49,76286.49,52905
1788330360,2026-09-02T11:56:00,76283.43,76294.6,76273.54,76277.4,17344
1788330420,2026-09-02T11:57:00,76278.09,76278.55,76270.09,76271.7,7591
1788330480,2026-09-02T11:58:00,76269.48,76270.01,76252.7,76253.97,22814
1788330540,2026-09-02T11:59:00,76253,76266.51,76248.04,76263.83,15825
1788330600,2026-09-02T12:00:00,76263.67,76273.78,76256.89,76271.64,26533
1788330660,2026-09-02T12:01:00,76272.23,76282.57,76262.25,76281.49,21236
1788330720,2026-09-02T12:02:00,76283.6,76285.65,76266.17,76274.17,10026
1788330780,2026-09-02T12:03:00,76273.69,76281.44,76247.54,76251.03,15058
1788330840,2026-09-02T12:04:00,76253.36,76253.36,76234.98,76238.86,24426
1788330900,2026-09-02T12:05:00,76242.32,76260.11,76237.69,76255.53,18356
1788330960,2026-09-02T12:06:00,76255.09,76268.85,76253.06,76259.91,11773
1788331020,2026-09-02T12:07:00,76261.83,76265.78,76249.93,76251.41,13315
1788331080,2026-09-02T12:08:00,76251.41,76262.52,76250.19,76253.29,5921
1788331140,2026-09-02T12:09:00,76254.23,76272.83,76251.7,76264.69,12038
1788331200,2026-09-02T12:10:00,76265.72,76284.48,76264.22,76277.6,82687
1788331260,2026-09-02T12:11:00,76278.78,76329.44,76272.66,76320.91,26607
1788331320,2026-09-02T12:12:00,76319.65,76338.59,76318.01,76337.42,8594
1788331380,2026-09-02T12:13:00,76337.42,76345.04,76328.87,76339.78,42537
1788331440,2026-09-02T12:14:00,76338.96,76341.96,76329.32,76340.33,17145
1788331500,2026-09-02T12:15:00,76339.57,76350.88,76338.35,76346.05,29403
1788331560,2026-09-02T12:16:00,76344.68,76344.68,76327.57,76336.67,15502
1788331620,2026-09-02T12:17:00,76336.38,76357.66,76336.38,76350.25,19039
1788331680,2026-09-02T12:18:00,76350.19,76351.74,76327.13,76332.65,6008
1788331740,2026-09-02T12:19:00,76333,76333.68,76305.33,76314.41,59132
1788331800,2026-09-02T12:20:00,76313.44,76315.56,76291,76291.46,13510
1788331860,2026-09-02T12:21:00,76288.92,76288.92,76271.66,76272.63,12330
1788331920,2026-09-02T12:22:00,76272.7,76308.31,76271.88,76296.13,8696
1788331980,2026-09-02T12:23:00,76292.27,76295.24,76279.28,76291.7,12738
1788332040,2026-09-02T12:24:00,76291.35,76294.23,76283.93,76292.43,9820
1788332100,2026-09-02T12:25:00,76292.43,76303.76,76292.43,76302.14,6923
1788332160,2026-09-02T12:26:00,76301.04,76314.83,76292.9,76309.97,8298
1788332220,2026-09-02T12:27:00,76309.97,76322.98,76309.48,76316.97,6160
1788332280,2026-09-02T12:28:00,76315.74,76326.45,76311.32,76325.36,15934
1788332340,2026-09-02T12:29:00,76323.21,76336.55,76323.21,76330.19,8439
1788332400,2026-09-02T12:30:00,76330.19,76354.79,76318.75,76354.79,12121
1788332460,2026-09-02T12:31:00,76356.14,76365.84,76347.49,76365.84,12370
1788332520,2026-09-02T12:32:00,76367.65,76388.02,76360.09,76376.23,22237
1788332580,2026-09-02T12:33:00,76373.66,76384.79,76373.66,76382.53,30570
1788332640,2026-09-02T12:34:00,76378.44,76392.04,76374.93,76374.93,7601
1788332700,2026-09-02T12:35:00,76375.45,76407.49,76375.45,76386.54,59012
1788332760,2026-09-02T12:36:00,76385.51,76388.3,76351.71,76370.14,47013
1788332820,2026-09-02T12:37:00,76370.45,76397.5,76370.45,76396.11,217744
1788332880,2026-09-02T12:38:00,76398.11,76403.65,76375.41,76386.22,112176
1788332940,2026-09-02T12:39:00,76383.71,76387.1,76369.31,76377.26,9183
1788333000,2026-09-02T12:40:00,76377.84,76388.81,76377.84,76388.81,19740
1788333060,2026-09-02T12:41:00,76388.55,76399.46,76370.4,76398.39,9354
1788333120,2026-09-02T12:42:00,76400.9,76400.9,76388.69,76399.3,27901
1788333180,2026-09-02T12:43:00,76399.76,76421.1,76392.4,76421.1,21108
1788333240,2026-09-02T12:44:00,76423.17,76427.49,76415.42,76417.38,33316
1788333300,2026-09-02T12:45:00,76416.71,76417.13,76385.8,76385.8,84496
1788333360,2026-09-02T12:46:00,76385.8,76398.35,76379.12,76398.35,70287
1788333420,2026-09-02T12:47:00,76399.78,76406.88,76393.73,76396.25,92859
1788333480,2026-09-02T12:48:00,76395.34,76395.34,76378.79,76383.53,101296
1788333540,2026-09-02T12:49:00,76383.76,76401.8,76383.76,76401.8,3540
1788333600,2026-09-02T12:50:00,76398.57,76409.76,76398.57,76406.6,22792
1788333660,2026-09-02T12:51:00,76406.42,76408.05,76396.77,76405.22,8542
1788333720,2026-09-02T12:52:00,76405.22,76411.36,76404.68,76406.89,4295
1788333780,2026-09-02T12:53:00,76403.99,76412.76,76400.84,76412.28,4607
1788333840,2026-09-02T12:54:00,76412.41,76418.37,76408.45,76417.73,6943
1788333900,2026-09-02T12:55:00,76415.84,76418.24,76399.95,76399.95,9503
1788333960,2026-09-02T12:56:00,76403.46,76408.68,76400.29,76406.55,16649
1788334020,2026-09-02T12:57:00,76402.94,76422.77,76402.62,76419.55,15365
1788334080,2026-09-02T12:58:00,76419.96,76421.27,76411.29,76418.19,8677
1788334140,2026-09-02T12:59:00,76415.78,76430.86,76414.84,76427.04,7328
1788334200,2026-09-02T13:00:00,76427.04,76447.05,76425.89,76443.96,50400
1788334260,2026-09-02T13:01:00,76441.52,76452.74,76438.75,76448.74,73564
1788334320,2026-09-02T13:02:00,76448.74,76457.59,76444.12,76455.85,23721
1788334380,2026-09-02T13:03:00,76455.85,76455.85,76441.8,76444.39,8091
1788334440,2026-09-02T13:04:00,76445.18,76446.46,76428.11,76429.72,5290
1788334500,2026-09-02T13:05:00,76428.66,76430.15,76419.04,76427.98,7873
1788334560,2026-09-02T13:06:00,76426.68,76439.68,76422.03,76429.32,12730
1788334620,2026-09-02T13:07:00,76427.71,76427.71,76403.4,76403.4,9256
1788334680,2026-09-02T13:08:00,76403.23,76409.6,76394.38,76403.89,18468
1788334740,2026-09-02T13:09:00,76402.42,76402.42,76389.67,76389.99,7765
1788334800,2026-09-02T13:10:00,76387.09,76406.45,76385.94,76404.04,6925
1788334860,2026-09-02T13:11:00,76404.34,76432.55,76404.01,76429.18,25175
1788334920,2026-09-02T13:12:00,76429.94,76434.24,76423.6,76432.09,8876
1788334980,2026-09-02T13:13:00,76431.98,76450.56,76431.98,76448.6,5349
1788335040,2026-09-02T13:14:00,76448.5,76454.01,76436.66,76447.39,19800
1788335100,2026-09-02T13:15:00,76451.39,76456.75,76443.65,76444.44,8691
1788335160,2026-09-02T13:16:00,76444.14,76444.14,76425.03,76438.57,6369
1788335220,2026-09-02T13:17:00,76435.72,76451.53,76430.99,76445.43,9991
1788335280,2026-09-02T13:18:00,76445.43,76450.09,76438.53,76447.5,4309
1788335340,2026-09-02T13:19:00,76446.18,76446.18,76433.33,76438.14,9687
1788335400,2026-09-02T13:20:00,76438.5,76444.54,76436.49,76440.59,8757
1788335460,2026-09-02T13:21:00,76440.28,76451,76434.66,76450.83,12008
1788335520,2026-09-02T13:22:00,76451.56,76453.25,76434.94,76439.48,13625
1788335580,2026-09-02T13:23:00,76439.23,76440.92,76430.76,76440.78,23591
1788335640,2026-09-02T13:24:00,76441.69,76450.63,76432.93,76448.69,29409
1788335700,2026-09-02T13:25:00,76448.69,76458,76445.2,76458,9138
1788335760,2026-09-02T13:26:00,76456.19,76467.82,76447.55,76467.82,18648
1788335820,2026-09-02T13:27:00,76465.62,76476.36,76462.37,76474.68,8366
1788335880,2026-09-02T13:28:00,76474,76476.52,76438.34,76445.54,50369
1788335940,2026-09-02T13:29:00,76445.54,76447.59,76440.17,76443.65,7071
1788336000,2026-09-02T13:30:00,76443.43,76447.58,76431.93,76431.93,8844
1788336060,2026-09-02T13:31:00,76431.89,76440.17,76419.73,76419.73,49479
1788336120,2026-09-02T13:32:00,76421.04,76437.17,76420.73,76431.33,11995
1788336180,2026-09-02T13:33:00,76431.74,76440.95,76431.74,76437.82,4674
1788336240,2026-09-02T13:34:00,76437.82,76448.81,76426.22,76444.51,7575
1788336300,2026-09-02T13:35:00,76446.64,76462.28,76446.33,76462.28,3532
1788336360,2026-09-02T13:36:00,76462.85,76474.73,76442.77,76474.73,59668
1788336420,2026-09-02T13:37:00,76474.09,76493.7,76470.14,76484.69,54207
1788336480,2026-09-02T13:38:00,76486.56,76486.56,76448.39,76448.7,27730
1788336540,2026-09-02T13:39:00,76449.61,76449.61,76417.72,76419.79,11961
1788336600,2026-09-02T13:40:00,76419.48,76419.48,76402.07,76403.77,15354
1788336660,2026-09-02T13:41:00,76403.64,76426.25,76399.3,76426.25,6173
1788336720,2026-09-02T13:42:00,76425.61,76431.03,76420.06,76422.86,9048
1788336780,2026-09-02T13:43:00,76422.86,76427.51,76416.99,76419.79,10794
1788336840,2026-09-02T13:44:00,76421.37,76429.49,76414.8,76425.19,96433
1788336900,2026-09-02T13:45:00,76419.84,76442.48,76419.84,76441.38,34039
1788336960,2026-09-02T13:46:00,76437.6,76441.3,76425.94,76427.1,53511
1788337020,2026-09-02T13:47:00,76429.39,76452.79,76425.11,76452.79,36229
1788337080,2026-09-02T13:48:00,76451.87,76457.37,76433.75,76439.74,23394
1788337140,2026-09-02T13:49:00,76439.74,76443.37,76418.91,76423.45,12927
1788337200,2026-09-02T13:50:00,76423.45,76428.19,76402.24,76413.02,26654
1788337260,2026-09-02T13:51:00,76409.77,76410.93,76380.32,76380.86,23552
1788337320,2026-09-02T13:52:00,76380.86,76391.99,76380.86,76387.67,32507
1788337380,2026-09-02T13:53:00,76389.56,76419.29,76386.92,76416.34,26619
1788337440,2026-09-02T13:54:00,76417.48,76423.64,76414,76420.27,9167
1788337500,2026-09-02T13:55:00,76417.4,76423.8,76413.48,76420.32,8448
1788337560,2026-09-02T13:56:00,76421.15,76426.25,76416.13,76425.64,8280
1788337620,2026-09-02T13:57:00,76425.68,76435.3,76423.75,76429.12,10590
1788337680,2026-09-02T13:58:00,76427.9,76432.36,76421.36,76431.91,14196
1788337740,2026-09-02T13:59:00,76432.56,76443.26,76432.56,76439.83,10476
1788337800,2026-09-02T14:00:00,76439.64,76460.75,76439.64,76457.9,10804
1788337860,2026-09-02T14:01:00,76457.74,76480,76453.13,76478.07,112837
1788337920,2026-09-02T14:02:00,76478.07,76486.59,76474.26,76486.08,5998
1788337980,2026-09-02T14:03:00,76486.23,76486.23,76472.03,76481.37,14320
1788338040,2026-09-02T14:04:00,76482.48,76482.48,76457.26,76463.73,8098
1788338100,2026-09-02T14:05:00,76462.93,76463.84,76452.07,76455.85,8961
1788338160,2026-09-02T14:06:00,76457.01,76482.8,76455.27,76482.8,74790
1788338220,2026-09-02T14:07:00,76478.7,76526.59,76478.7,76526.59,52841
1788338280,2026-09-02T14:08:00,76527.32,76527.85,76513.44,76516.19,62686
1788338340,2026-09-02T14:09:00,76516.83,76519.8,76511.18,76517.93,44520
1788338400,2026-09-02T14:10:00,76516.78,76521.98,76509,76514.02,15424
1788338460,2026-09-02T14:11:00,76512.93,76514.89,76500.74,76504.02,26669
1788338520,2026-09-02T14:12:00,76505.6,76518.78,76505.11,76515.35,8899
1788338580,2026-09-02T14:13:00,76515.1,76516.2,76493.96,76493.96,4641
1788338640,2026-09-02T14:14:00,76493.32,76495.56,76482.62,76495.56,7437
1788338700,2026-09-02T14:15:00,76494.12,76495.09,76488.54,76493.83,19034
1788338760,2026-09-02T14:16:00,76493.83,76498.09,76491.45,76493.74,7316
1788338820,2026-09-02T14:17:00,76493.74,76494.46,76474.2,76476.5,50873
1788338880,2026-09-02T14:18:00,76475.21,76481.15,76469.22,76478.93,12694
1788338940,2026-09-02T14:19:00,76478.35,76483.56,76476.95,76481.16,9941
1788339000,2026-09-02T14:20:00,76481.16,76489.17,76474.87,76477.61,13465
1788339060,2026-09-02T14:21:00,76477.95,76491.43,76475.3,76491.43,26924
1788339120,2026-09-02T14:22:00,76490.61,76491.02,76477.99,76479.64,9317
1788339180,2026-09-02T14:23:00,76481.34,76484.94,76472.26,76478.84,12118
1788339240,2026-09-02T14:24:00,76479.12,76481.57,76457.61,76459.2,22582
1788339300,2026-09-02T14:25:00,76457.67,76458.13,76439.14,76451.72,8743
1788339360,2026-09-02T14:26:00,76448.19,76454.4,76442.32,76452.98,14548
1788339420,2026-09-02T14:27:00,76450.43,76466.45,76447.85,76464.56,24437
1788339480,2026-09-02T14:28:00,76464.75,76474.82,76460.56,76474.82,7584
1788339540,2026-09-02T14:29:00,76474.82,76487.7,76472.8,76487.7,38294
1788339600,2026-09-02T14:30:00,76487.7,76507.49,76485.75,76507.45,24856
1788339660,2026-09-02T14:31:00,76507.9,76520.06,76504.24,76512.85,5751
1788339720,2026-09-02T14:32:00,76512.85,76528.15,76508.42,76524.23,11176
1788339780,2026-09-02T14:33:00,76522.23,76535.87,76510.36,76525.6,35895
1788339840,2026-09-02T14:34:00,76529.02,76537.76,76521.53,76531.17,48011
1788339900,2026-09-02T14:35:00,76529.24,76566.19,76528.92,76566.19,41508
1788339960,2026-09-02T14:36:00,76565.97,76567.55,76542.21,76552.95,24635
1788340020,2026-09-02T14:37:00,76552.9,76552.9,76542.61,76545.47,13850
1788340080,2026-09-02T14:38:00,76542.81,76544.33,76505.86,76508.41,19479
1788340140,2026-09-02T14:39:00,76509.88,76529.32,76507.71,76521.24,7355
1788340200,2026-09-02T14:40:00,76523.79,76544.49,76523.12,76540.81,9651
1788340260,2026-09-02T14:41:00,76541,76542.91,76525.22,76526.6,9532
1788340320,2026-09-02T14:42:00,76526.69,76529.74,76506.2,76515.13,14048
1788340380,2026-09-02T14:43:00,76512.1,76513.17,76496.38,76498.82,7321
1788340440,2026-09-02T14:44:00,76495.7,76495.7,76471.98,76473.14,9435
1788340500,2026-09-02T14:45:00,76472.01,76479.02,76466.62,76475.59,19919
1788340560,2026-09-02T14:46:00,76475.29,76483.9,76475.29,76477.8,14166
1788340620,2026-09-02T14:47:00,76479.32,76501.68,76479.32,76497.62,29407
1788340680,2026-09-02T14:48:00,76497.62,76520.91,76496.88,76520.69,19590
1788340740,2026-09-02T14:49:00,76520.99,76533.06,76515.23,76515.69,17982
1788340800,2026-09-02T14:50:00,76515.54,76515.65,76485.55,76487.21,15523
1788340860,2026-09-02T14:51:00,76485.41,76496.93,76477.93,76492.73,22470
1788340920,2026-09-02T14:52:00,76493.76,76496.5,76471.59,76477.1,11259
1788340980,2026-09-02T14:53:00,76477.1,76481.19,76463.68,76467.69,19962
1788341040,2026-09-02T14:54:00,76467.66,76469.2,76457.34,76463.84,12746
1788341100,2026-09-02T14:55:00,76463.19,76465.58,76430.17,76430.17,45416
1788341160,2026-09-02T14:56:00,76432.13,76434.51,76417.34,76425.29,19866
1788341220,2026-09-02T14:57:00,76424.7,76425.26,76411.38,76411.38,13321
1788341280,2026-09-02T14:58:00,76411.75,76430.57,76410.92,76426.86,21828
1788341340,2026-09-02T14:59:00,76427.83,76438.64,76423.54,76426.52,17618
1788341400,2026-09-02T15:00:00,76425.71,76425.71,76407.7,76410.77,23419
1788341460,2026-09-02T15:01:00,76410.52,76417.51,76396.51,76397.16,25686
1788341520,2026-09-02T15:02:00,76395.45,76402.99,76387.27,76402.99,25586
1788341580,2026-09-02T15:03:00,76402.38,76407.98,76387.8,76387.8,33740
1788341640,2026-09-02T15:04:00,76387.86,76387.86,76372.69,76381.7,19355
1788341700,2026-09-02T15:05:00,76380.83,76387.48,76362.99,76381.13,56612
1788341760,2026-09-02T15:06:00,76381.16,76392.5,76375.29,76382.73,26839
1788341820,2026-09-02T15:07:00,76383.28,76384.37,76368.1,76375.99,57864
1788341880,2026-09-02T15:08:00,76375,76378.33,76368.9,76368.95,18275
1788341940,2026-09-02T15:09:00,76371.3,76388.28,76362.47,76379.58,56393
1788342000,2026-09-02T15:10:00,76386.54,76414.16,76386.54,76413.39,22193
1788342060,2026-09-02T15:11:00,76411.37,76453.45,76411.37,76442.11,33257
1788342120,2026-09-02T15:12:00,76438.31,76460.29,76432.67,76435.31,64325
1788342180,2026-09-02T15:13:00,76431.16,76472.49,76431.16,76472.49,50275
1788342240,2026-09-02T15:14:00,76460.68,76490.81,76451.76,76470.7,15114
1788342300,2026-09-02T15:15:00,76469.92,76469.92,76469.92,76469.92,15114
1788342360,2026-09-02T15:16:00,76469.92,76469.92,76469.92,76469.92,15114
1788342420,2026-09-02T15:17:00,76469.92,76469.92,76469.92,76469.92,15114
1788342480,2026-09-02T15:18:00,76469.92,76469.92,76469.92,76469.92,15114
1788342540,2026-09-02T15:19:00,76469.92,76469.92,76469.92,76469.92,15114
1788342600,2026-09-02T15:20:00,76469.92,76469.92,76469.92,76469.92,15114
1788342660,2026-09-02T15:21:00,76469.92,76469.92,76469.92,76469.92,15114
1788342720,2026-09-02T15:22:00,76469.92,76469.92,76469.92,76469.92,15114
1788342780,2026-09-02T15:23:00,76469.92,76469.92,76469.92,76469.92,15114
1788342840,2026-09-02T15:24:00,76469.92,76469.92,76469.92,76469.92,15114
1788342900,2026-09-02T15:25:00,76469.92,76469.92,76469.92,76469.92,15114
1788342960,2026-09-02T15:26:00,76469.92,76469.92,76469.92,76469.92,15114
1788343020,2026-09-02T15:27:00,76469.92,76469.92,76469.92,76469.92,15114
1788343080,2026-09-02T15:28:00,76469.92,76570.35,76469.92,76570.35,15114
1788343140,2026-09-02T15:29:00,76570.35,76570.35,76570.35,76570.35,15114
1788407100,2026-09-03T09:15:00,76724.95,76919.02,76724.95,76794.57,221345
1788407160,2026-09-03T09:16:00,76812.2,76880.72,76808.42,76834.28,162382
1788407220,2026-09-03T09:17:00,76833.64,76833.64,76788.55,76796.95,100487
1788407280,2026-09-03T09:18:00,76797.16,76809.79,76763.58,76767.01,55219
1788407340,2026-09-03T09:19:00,76767.78,76767.78,76736.46,76757.08,81942
1788407400,2026-09-03T09:20:00,76755,76793.02,76749.4,76793.02,62139
1788407460,2026-09-03T09:21:00,76793.05,76820.13,76791.78,76799.46,53606
1788407520,2026-09-03T09:22:00,76798.79,76798.79,76759.14,76787.8,47500
1788407580,2026-09-03T09:23:00,76787.8,76798.36,76759.23,76760.02,96692
1788407640,2026-09-03T09:24:00,76759.16,76759.16,76713.68,76721.62,87642
1788407700,2026-09-03T09:25:00,76726.37,76738.45,76715.21,76727.88,41025
1788407760,2026-09-03T09:26:00,76733.35,76747,76705.02,76713.51,51356
1788407820,2026-09-03T09:27:00,76713.93,76757.6,76708.32,76751.49,65553
1788407880,2026-09-03T09:28:00,76751.3,76770.1,76741.71,76741.71,47770
1788407940,2026-09-03T09:29:00,76743.92,76777.44,76742.44,76777.06,25667
1788408000,2026-09-03T09:30:00,76777.21,76802.27,76777.04,76801.3,26009
1788408060,2026-09-03T09:31:00,76805.77,76813.07,76789.32,76803.06,59445
1788408120,2026-09-03T09:32:00,76800.65,76808.74,76783.44,76788.49,40727
1788408180,2026-09-03T09:33:00,76788.89,76820.47,76786.21,76814.23,22081
1788408240,2026-09-03T09:34:00,76810.64,76832.94,76810.64,76814.84,37135
1788408300,2026-09-03T09:35:00,76820.49,76823.11,76806.86,76819.09,19582
1788408360,2026-09-03T09:36:00,76819.8,76836.11,76813.69,76833.43,35944
1788408420,2026-09-03T09:37:00,76833.89,76835.95,76808.82,76813.93,27011
1788408480,2026-09-03T09:38:00,76816.01,76841.98,76809.4,76837.65,30763
1788408540,2026-09-03T09:39:00,76838.3,76864.07,76831.67,76854.28,29555
1788408600,2026-09-03T09:40:00,76859.27,76885.68,76857.84,76884.41,33395
1788408660,2026-09-03T09:41:00,76882.57,76901.51,76875.01,76893.63,26592
1788408720,2026-09-03T09:42:00,76889.05,76906.82,76870.26,76870.26,24327
1788408780,2026-09-03T09:43:00,76875.79,76897.66,76860.35,76894.03,31752
1788408840,2026-09-03T09:44:00,76894.79,76912.98,76887.84,76891.73,18408
1788408900,2026-09-03T09:45:00,76890.34,76918.1,76889.37,76908.82,286594
1788408960,2026-09-03T09:46:00,76908.19,76915.99,76900.49,76904.73,16602
1788409020,2026-09-03T09:47:00,76902.02,76920.74,76898.02,76913.33,35154
1788409080,2026-09-03T09:48:00,76913.28,76924.48,76877.65,76881.58,47792
1788409140,2026-09-03T09:49:00,76883.66,76907.36,76876.22,76895.47,20415
1788409200,2026-09-03T09:50:00,76897.25,76904.46,76870.16,76882.41,22463
1788409260,2026-09-03T09:51:00,76884.14,76900.3,76882.91,76882.91,19142
1788409320,2026-09-03T09:52:00,76882.91,76895.19,76877.42,76888,38628
1788409380,2026-09-03T09:53:00,76887.04,76888.97,76867.79,76872.08,10040
1788409440,2026-09-03T09:54:00,76873.19,76878.54,76852.47,76852.47,24489
1788409500,2026-09-03T09:55:00,76858.12,76877.2,76846.15,76877.2,22163
1788409560,2026-09-03T09:56:00,76879.91,76884.98,76850.05,76851.69,29931
1788409620,2026-09-03T09:57:00,76852.98,76876.54,76849.56,76871.15,19373
1788409680,2026-09-03T09:58:00,76871.5,76882.97,76865.59,76874.02,29417
1788409740,2026-09-03T09:59:00,76872.27,76880.62,76853.26,76880.62,15754
1788409800,2026-09-03T10:00:00,76880.55,76880.55,76840.61,76853.44,24628
1788409860,2026-09-03T10:01:00,76853.44,76858.05,76822.19,76838.06,14316
1788409920,2026-09-03T10:02:00,76834.57,76862.06,76821.94,76862.06,30324
1788409980,2026-09-03T10:03:00,76865.93,76866.36,76822.32,76851.3,42641
1788410040,2026-09-03T10:04:00,76855.99,76874.32,76836,76874.1,23629
1788410100,2026-09-03T10:05:00,76874.32,76875.75,76839.43,76865.58,20428
1788410160,2026-09-03T10:06:00,76866.61,76871.6,76830.18,76830.18,33151
1788410220,2026-09-03T10:07:00,76834.11,76845.58,76808.41,76823.33,28393
1788410280,2026-09-03T10:08:00,76829.44,76875.83,76826.89,76870.19,66647
1788410340,2026-09-03T10:09:00,76870.93,76880.48,76859.55,76860.09,24490
1788410400,2026-09-03T10:10:00,76856.83,76866.37,76849.51,76855.74,10441
1788410460,2026-09-03T10:11:00,76855.74,76878.91,76835.08,76861.28,20413
1788410520,2026-09-03T10:12:00,76861.46,76861.46,76825.88,76832.8,11809
1788410580,2026-09-03T10:13:00,76832.66,76846.3,76812.65,76815.23,19281
1788410640,2026-09-03T10:14:00,76822.77,76847.87,76805.79,76805.79,19327
1788410700,2026-09-03T10:15:00,76804.74,76835.49,76799.46,76827.51,20896
1788410760,2026-09-03T10:16:00,76826.99,76830.46,76803.68,76820.56,15440
1788410820,2026-09-03T10:17:00,76819.05,76834.84,76799.56,76811.12,10629
1788410880,2026-09-03T10:18:00,76810.32,76839,76805.32,76833.57,20172
1788410940,2026-09-03T10:19:00,76833.57,76851.18,76830.42,76847.41,17357
1788411000,2026-09-03T10:20:00,76847.41,76863.76,76834.68,76860.65,59354
1788411060,2026-09-03T10:21:00,76860.32,76875.04,76838.07,76848.9,20768
1788411120,2026-09-03T10:22:00,76846.58,76858.18,76839.42,76844.16,13693
1788411180,2026-09-03T10:23:00,76841.84,76858.96,76823.62,76851.81,21457
1788411240,2026-09-03T10:24:00,76856.98,76861.93,76826.78,76861.93,16439
1788411300,2026-09-03T10:25:00,76852.34,76858.19,76821.88,76828.81,17341
1788411360,2026-09-03T10:26:00,76829.27,76839.53,76799.46,76799.8,28201
1788411420,2026-09-03T10:27:00,76815.59,76828.62,76798.47,76799.9,10932
1788411480,2026-09-03T10:28:00,76800.12,76832.53,76799.04,76816,14651
1788411540,2026-09-03T10:29:00,76817.64,76824.93,76784.55,76789.27,13370
1788411600,2026-09-03T10:30:00,76813.51,76815.69,76771.25,76785.77,22083
1788411660,2026-09-03T10:31:00,76786.37,76796.9,76756.69,76789.79,12643
1788411720,2026-09-03T10:32:00,76789.53,76802.27,76755.62,76800.32,12122
1788411780,2026-09-03T10:33:00,76776.69,76807.22,76771.94,76798.38,39628
1788411840,2026-09-03T10:34:00,76799.97,76802.6,76788.78,76791.39,14411
1788411900,2026-09-03T10:35:00,76790.99,76792.42,76765.43,76765.43,12400
1788411960,2026-09-03T10:36:00,76768.41,76769.61,76735.54,76753.35,16335
1788412020,2026-09-03T10:37:00,76757.29,76757.29,76719.89,76728.44,30750
1788412080,2026-09-03T10:38:00,76732.3,76760.38,76730.92,76760.38,13713
1788412140,2026-09-03T10:39:00,76760.38,76760.38,76741.82,76757.3,18182
1788412200,2026-09-03T10:40:00,76760.4,76760.4,76719.62,76723.22,10441
1788412260,2026-09-03T10:41:00,76722.52,76741.15,76720.87,76720.87,9234
1788412320,2026-09-03T10:42:00,76723.86,76732.96,76698.2,76721.44,22472
1788412380,2026-09-03T10:43:00,76721.76,76721.76,76691.5,76713.06,18891
1788412440,2026-09-03T10:44:00,76715.09,76755.25,76706.67,76755.25,41755
1788412500,2026-09-03T10:45:00,76768.84,76768.84,76741.78,76741.78,32575
1788412560,2026-09-03T10:46:00,76740.1,76768.23,76735.84,76742.72,16403
1788412620,2026-09-03T10:47:00,76740.53,76761,76738.93,76748.09,15641
1788412680,2026-09-03T10:48:00,76742.98,76782.04,76741.05,76777.42,22347
1788412740,2026-09-03T10:49:00,76775.9,76775.9,76753.76,76761.41,29653
1788412800,2026-09-03T10:50:00,76757.04,76764.65,76750.55,76752.5,14486
1788412860,2026-09-03T10:51:00,76751.87,76758.96,76748.44,76758.47,43842
1788412920,2026-09-03T10:52:00,76759.72,76762.25,76740.78,76750.57,21345
1788412980,2026-09-03T10:53:00,76752.07,76753.1,76729.48,76738.64,15326
1788413040,2026-09-03T10:54:00,76737.65,76745.46,76721.61,76722.83,14317
1788413100,2026-09-03T10:55:00,76724.76,76725.95,76707.58,76718.56,9770
1788413160,2026-09-03T10:56:00,76720.33,76740.29,76719.59,76740.29,22257
1788413220,2026-09-03T10:57:00,76739.78,76749.73,76736.87,76740.17,23384
1788413280,2026-09-03T10:58:00,76741.73,76753.9,76739.27,76744.66,76178
1788413340,2026-09-03T10:59:00,76743.46,76759.57,76733.43,76748.47,24404
1788413400,2026-09-03T11:00:00,76748.18,76758.35,76717.44,76746.84,10554
1788413460,2026-09-03T11:01:00,76749.12,76763.12,76731.25,76737.26,61003
1788413520,2026-09-03T11:02:00,76731.24,76742.74,76718.51,76732.35,16776
1788413580,2026-09-03T11:03:00,76732.43,76741,76729.34,76733.54,34920
1788413640,2026-09-03T11:04:00,76729.45,76733.59,76720.02,76721.46,9735
1788413700,2026-09-03T11:05:00,76720.82,76723.3,76686.58,76692.49,26281
1788413760,2026-09-03T11:06:00,76692.04,76701.5,76685.78,76694.17,7039
1788413820,2026-09-03T11:07:00,76696.89,76700.15,76684.75,76685.48,21613
1788413880,2026-09-03T11:08:00,76690.72,76697.13,76671.85,76671.85,23775
1788413940,2026-09-03T11:09:00,76672.88,76674.18,76640.7,76640.7,30720
1788414000,2026-09-03T11:10:00,76641.34,76658.9,76639.15,76645.38,9401
1788414060,2026-09-03T11:11:00,76646.11,76656.8,76644.04,76656.39,16464
1788414120,2026-09-03T11:12:00,76656.5,76666.8,76652.81,76663.05,10611
1788414180,2026-09-03T11:13:00,76663.45,76668.8,76644.08,76644.08,19754
1788414240,2026-09-03T11:14:00,76642.7,76650.47,76620.92,76628,30710
1788414300,2026-09-03T11:15:00,76633.66,76643.91,76599.63,76638.39,16476
1788414360,2026-09-03T11:16:00,76639.68,76671.01,76632.54,76671.01,12836
1788414420,2026-09-03T11:17:00,76666.18,76694.7,76647.31,76656.83,11999
1788414480,2026-09-03T11:18:00,76658.09,76687.27,76658.09,76674.98,12754
1788414540,2026-09-03T11:19:00,76677.33,76714.17,76674.89,76713.13,10490
1788414600,2026-09-03T11:20:00,76687.08,76729.77,76687.08,76710.89,22952
1788414660,2026-09-03T11:21:00,76708.67,76722,76692.8,76694.04,18433
1788414720,2026-09-03T11:22:00,76699.74,76730.07,76697.47,76729.39,9781
1788414780,2026-09-03T11:23:00,76726.98,76738.91,76723.26,76730.79,16538
1788414840,2026-09-03T11:24:00,76730.68,76730.68,76706.41,76712.09,8867
1788414900,2026-09-03T11:25:00,76713.82,76717.73,76708.48,76710.96,23104
1788414960,2026-09-03T11:26:00,76710.32,76731.94,76709.67,76729.51,20182
1788415020,2026-09-03T11:27:00,76729.21,76751.3,76724.5,76747.53,33116
1788415080,2026-09-03T11:28:00,76746.3,76763.63,76730.8,76739.13,13214
1788415140,2026-09-03T11:29:00,76739.08,76751.81,76738.37,76745.69,10329
1788415200,2026-09-03T11:30:00,76748.32,76772.18,76748.17,76772.18,11633
1788415260,2026-09-03T11:31:00,76772.18,76779.42,76767.79,76772.43,23088
1788415320,2026-09-03T11:32:00,76771.21,76781.16,76758.24,76762.5,18145
1788415380,2026-09-03T11:33:00,76757.66,76768.21,76749.97,76757.3,7523
1788415440,2026-09-03T11:34:00,76757.3,76771.52,76750.38,76764,21796
1788415500,2026-09-03T11:35:00,76764,76790.47,76760.52,76790.47,10532
1788415560,2026-09-03T11:36:00,76791.24,76797.02,76787.76,76790.67,11944
1788415620,2026-09-03T11:37:00,76793.51,76796.54,76780.98,76784.78,19989
1788415680,2026-09-03T11:38:00,76785.47,76791.16,76771.45,76772.64,10761
1788415740,2026-09-03T11:39:00,76770.85,76780.73,76769.26,76775.36,5461
1788415800,2026-09-03T11:40:00,76774.13,76786.17,76760.97,76785.63,33720
1788415860,2026-09-03T11:41:00,76784.62,76786.64,76758.13,76759.01,14624
1788415920,2026-09-03T11:42:00,76763.22,76771.11,76754.46,76768.16,52027
1788415980,2026-09-03T11:43:00,76765.71,76766.92,76750.98,76752.25,11178
1788416040,2026-09-03T11:44:00,76753.37,76776,76751.21,76768.3,29802
1788416100,2026-09-03T11:45:00,76770.12,76791.51,76769.9,76791.51,38024
1788416160,2026-09-03T11:46:00,76793.98,76794.1,76763.03,76764.77,14567
1788416220,2026-09-03T11:47:00,76766.97,76766.97,76747.91,76747.91,339603
1788416280,2026-09-03T11:48:00,76743.41,76769.65,76743.41,76769.65,10750
1788416340,2026-09-03T11:49:00,76769.88,76786,76760.66,76766.06,11095
1788416400,2026-09-03T11:50:00,76765.45,76773.08,76755.52,76762.75,7637
1788416460,2026-09-03T11:51:00,76762.9,76765.65,76743.44,76744.61,7773
1788416520,2026-09-03T11:52:00,76748.53,76781.92,76744.5,76770.25,9180
1788416580,2026-09-03T11:53:00,76770.25,76780.06,76734.3,76734.3,21002
1788416640,2026-09-03T11:54:00,76733.45,76750.91,76731.3,76749.18,6329
1788416700,2026-09-03T11:55:00,76749.48,76750.41,76733.3,76739.83,10320
1788416760,2026-09-03T11:56:00,76739.59,76745.19,76717.51,76738.4,7861
1788416820,2026-09-03T11:57:00,76739.5,76743.82,76728.07,76743.82,11542
1788416880,2026-09-03T11:58:00,76742.99,76750.33,76736.68,76745.15,5356
1788416940,2026-09-03T11:59:00,76745.73,76751.43,76739.06,76747.17,6217
1788417000,2026-09-03T12:00:00,76743.12,76749.73,76734.82,76741.49,9205
1788417060,2026-09-03T12:01:00,76741.49,76741.49,76694.05,76694.34,124001
1788417120,2026-09-03T12:02:00,76695.62,76717.47,76692,76704.07,45207
1788417180,2026-09-03T12:03:00,76701.5,76705.5,76676.39,76682.18,23905
1788417240,2026-09-03T12:04:00,76682.01,76682.44,76630.44,76657.88,177531
1788417300,2026-09-03T12:05:00,76658.64,76678.86,76656.84,76668.11,11583
1788417360,2026-09-03T12:06:00,76666.89,76669.91,76656.97,76668.55,16234
1788417420,2026-09-03T12:07:00,76669.07,76669.3,76649.79,76652.29,10710
1788417480,2026-09-03T12:08:00,76655.19,76661.85,76634.83,76661.03,29259
1788417540,2026-09-03T12:09:00,76659.81,76669.32,76632.92,76639.64,12041
1788417600,2026-09-03T12:10:00,76639.56,76686.76,76639.56,76681.01,11561
1788417660,2026-09-03T12:11:00,76678.23,76678.23,76652.8,76652.8,6075
1788417720,2026-09-03T12:12:00,76652.29,76666.31,76647.11,76651.73,9715
1788417780,2026-09-03T12:13:00,76651.73,76658.82,76625.26,76657.61,8118
1788417840,2026-09-03T12:14:00,76658.38,76683.54,76658.38,76677.54,3121249
1788417900,2026-09-03T12:15:00,76677.86,76677.86,76636.39,76638.59,59644
1788417960,2026-09-03T12:16:00,76638.54,76656.75,76619.33,76653.51,23421
1788418020,2026-09-03T12:17:00,76657.3,76658.99,76617.36,76617.36,33624
1788418080,2026-09-03T12:18:00,76620.48,76629.83,76591.7,76596.26,19785
1788418140,2026-09-03T12:19:00,76600.29,76624.11,76597.93,76600.3,14289
1788418200,2026-09-03T12:20:00,76602.31,76640.51,76596.28,76606.1,23549
1788418260,2026-09-03T12:21:00,76608.07,76621.75,76608.07,76621.75,4022
1788418320,2026-09-03T12:22:00,76618.04,76620.07,76595.66,76595.66,13108
1788418380,2026-09-03T12:23:00,76595.66,76607.13,76585.8,76592.2,63027
1788418440,2026-09-03T12:24:00,76592.2,76593.92,76568.73,76583.37,34488
1788418500,2026-09-03T12:25:00,76581.84,76593.02,76574.19,76583.04,9941
1788418560,2026-09-03T12:26:00,76583.32,76606.06,76583.32,76596.15,34808
1788418620,2026-09-03T12:27:00,76595.5,76597.34,76576.07,76587.65,10482
1788418680,2026-09-03T12:28:00,76584.98,76619.29,76584.02,76602.27,55306
1788418740,2026-09-03T12:29:00,76602.49,76602.53,76563.78,76577.96,62539
1788418800,2026-09-03T12:30:00,76578.21,76594.13,76578.21,76589.01,21054
1788418860,2026-09-03T12:31:00,76589.79,76611.19,76588.21,76605.99,109334
1788418920,2026-09-03T12:32:00,76607.36,76611.87,76598.28,76601.45,25848
1788418980,2026-09-03T12:33:00,76598.07,76613.7,76589.46,76589.46,10966
1788419040,2026-09-03T12:34:00,76586.54,76600.3,76584.9,76595.08,6290
1788419100,2026-09-03T12:35:00,76596.27,76600.16,76575.78,76579.49,18667
1788419160,2026-09-03T12:36:00,76575.95,76586.98,76571.37,76581.26,22123
1788419220,2026-09-03T12:37:00,76585.43,76587.94,76553.38,76575.65,66590
1788419280,2026-09-03T12:38:00,76574.83,76634.57,76571.35,76630.29,65980
1788419340,2026-09-03T12:39:00,76631.59,76632.08,76607.66,76615.7,15040
1788419400,2026-09-03T12:40:00,76613.58,76627.89,76604.67,76627.51,10290
1788419460,2026-09-03T12:41:00,76626.23,76636.21,76618.53,76626.29,14144
1788419520,2026-09-03T12:42:00,76627.02,76628.02,76577.95,76591.86,57972
1788419580,2026-09-03T12:43:00,76599.79,76612.55,76581.32,76587.63,7926
1788419640,2026-09-03T12:44:00,76586.41,76593.16,76579.59,76592.68,9454
1788419700,2026-09-03T12:45:00,76591.12,76619,76590.08,76593.85,11706
1788419760,2026-09-03T12:46:00,76593.78,76608.88,76589.1,76589.1,53128
1788419820,2026-09-03T12:47:00,76594.25,76622.57,76589.03,76621.05,21768
1788419880,2026-09-03T12:48:00,76620.58,76622.33,76599.44,76614.58,13052
1788419940,2026-09-03T12:49:00,76614.78,76627.6,76596.61,76596.61,106088
1788420000,2026-09-03T12:50:00,76593.9,76633.53,76591.67,76633.53,11305
1788420060,2026-09-03T12:51:00,76633.73,76643.76,76610.05,76617.18,10291
1788420120,2026-09-03T12:52:00,76620.66,76647.51,76620.66,76637.27,8506
1788420180,2026-09-03T12:53:00,76636.59,76657.78,76634.55,76656.84,9136
1788420240,2026-09-03T12:54:00,76656.29,76684.63,76637.45,76654.34,56636
1788420300,2026-09-03T12:55:00,76655.51,76667.99,76646.22,76651.59,13986
1788420360,2026-09-03T12:56:00,76649.42,76652.35,76602.73,76626.43,11142
1788420420,2026-09-03T12:57:00,76627.99,76671.69,76627.85,76642,19862
1788420480,2026-09-03T12:58:00,76642.06,76670.48,76615.36,76647.32,14118
1788420540,2026-09-03T12:59:00,76648.68,76650.24,76622.64,76638.82,7792
1788420600,2026-09-03T13:00:00,76638.82,76640.49,76612.57,76640.49,13538
1788420660,2026-09-03T13:01:00,76635.66,76648.06,76608.65,76613.22,17693
1788420720,2026-09-03T13:02:00,76615.92,76644.24,76598.59,76617.31,6688
1788420780,2026-09-03T13:03:00,76618.04,76634.79,76604.13,76605.37,14410
1788420840,2026-09-03T13:04:00,76605.27,76644.83,76604.91,76644.83,159121
1788420900,2026-09-03T13:05:00,76644.58,76659.96,76624.77,76649,11171
1788420960,2026-09-03T13:06:00,76644.4,76662.71,76633.35,76634.51,8158
1788421020,2026-09-03T13:07:00,76637.52,76658.83,76628.37,76629.68,16400
1788421080,2026-09-03T13:08:00,76626.92,76651,76626.24,76636.43,12213
1788421140,2026-09-03T13:09:00,76632.57,76656.22,76618.33,76655.47,12196
1788421200,2026-09-03T13:10:00,76656.4,76660.45,76628.71,76636.84,8654
1788421260,2026-09-03T13:11:00,76657.95,76680.61,76642.75,76680.61,35408
1788421320,2026-09-03T13:12:00,76680.5,76688.31,76653.81,76662.16,15291
1788421380,2026-09-03T13:13:00,76663.7,76683.54,76657.91,76670.22,10740
1788421440,2026-09-03T13:14:00,76667.95,76667.95,76639.21,76661.07,10058
1788421500,2026-09-03T13:15:00,76661.47,76661.53,76638.47,76643.27,7830
1788421560,2026-09-03T13:16:00,76642.44,76671.29,76642.44,76643.37,9980
1788421620,2026-09-03T13:17:00,76646.31,76684.81,76641.24,76660.33,13611
1788421680,2026-09-03T13:18:00,76659.04,76687.9,76657.14,76685.26,24631
1788421740,2026-09-03T13:19:00,76681.17,76688.6,76650.17,76661.38,14194
1788421800,2026-09-03T13:20:00,76661.51,76683.4,76657.01,76664.86,7837
1788421860,2026-09-03T13:21:00,76659.72,76671.33,76656.39,76665.85,8556
1788421920,2026-09-03T13:22:00,76670.69,76675.38,76636.79,76644.42,18719
1788421980,2026-09-03T13:23:00,76638.86,76673.11,76638.86,76652.33,10150
1788422040,2026-09-03T13:24:00,76646.97,76656.54,76600.46,76600.46,11399
1788422100,2026-09-03T13:25:00,76599.29,76615.53,76556.11,76563.47,25566
1788422160,2026-09-03T13:26:00,76562.09,76600.73,76562.09,76594.79,12775
1788422220,2026-09-03T13:27:00,76597.65,76611.45,76597.65,76609.1,10188
1788422280,2026-09-03T13:28:00,76609.1,76617,76606.93,76609.25,6814
1788422340,2026-09-03T13:29:00,76609.03,76626.52,76587.85,76591.92,7256
1788422400,2026-09-03T13:30:00,76587.07,76614.18,76587.07,76608.9,6830
1788422460,2026-09-03T13:31:00,76608.33,76645.78,76608.33,76637.87,28937
1788422520,2026-09-03T13:32:00,76636.58,76639.07,76598.23,76627.39,14137
1788422580,2026-09-03T13:33:00,76626.2,76659.37,76622.29,76658.36,13475
1788422640,2026-09-03T13:34:00,76659.06,76694.26,76659.06,76671.69,42287
1788422700,2026-09-03T13:35:00,76671.58,76673.25,76658.95,76669.84,14092
1788422760,2026-09-03T13:36:00,76669.2,76676.46,76659.56,76659.56,9282
1788422820,2026-09-03T13:37:00,76657.03,76657.03,76611.93,76615.18,10154
1788422880,2026-09-03T13:38:00,76615.05,76642.5,76609.87,76642.25,37933
1788422940,2026-09-03T13:39:00,76641.88,76647.02,76580.91,76602.07,363462
1788423000,2026-09-03T13:40:00,76607.24,76613.52,76557.83,76569.21,156158
1788423060,2026-09-03T13:41:00,76569.01,76640.11,76569.01,76601.24,190417
1788423120,2026-09-03T13:42:00,76601.15,76601.15,76587.74,76593.33,26156
1788423180,2026-09-03T13:43:00,76593.33,76601.15,76585.86,76596.69,24998
1788423240,2026-09-03T13:44:00,76596.21,76596.59,76579.92,76587.82,10283
1788423300,2026-09-03T13:45:00,76585.37,76596.08,76575.3,76575.3,8264
1788423360,2026-09-03T13:46:00,76575.63,76582.03,76566.7,76569.9,7170
1788423420,2026-09-03T13:47:00,76569.87,76574.9,76553,76555.71,4475
1788423480,2026-09-03T13:48:00,76555.71,76574.25,76553.33,76574.01,6793
1788423540,2026-09-03T13:49:00,76572.63,76602.96,76572.2,76602.96,5182
1788423600,2026-09-03T13:50:00,76604.38,76615.38,76596.43,76600.02,9077
1788423660,2026-09-03T13:51:00,76599.63,76615.92,76599.63,76603.76,3496
1788423720,2026-09-03T13:52:00,76604.34,76617.57,76596.66,76596.75,9606
1788423780,2026-09-03T13:53:00,76592.66,76594.93,76566.55,76577.28,11134
1788423840,2026-09-03T13:54:00,76577.28,76593.98,76573.91,76589.39,10125
1788423900,2026-09-03T13:55:00,76589.32,76591.75,76551.84,76557.83,87975
1788423960,2026-09-03T13:56:00,76564.5,76581.63,76559.14,76581.63,243854
1788424020,2026-09-03T13:57:00,76583.75,76627.31,76583.75,76614.55,108407
1788424080,2026-09-03T13:58:00,76614.36,76637.77,76600.78,76633.06,20096
1788424140,2026-09-03T13:59:00,76632.65,76645.35,76605.96,76621.9,23628
1788424200,2026-09-03T14:00:00,76615.89,76627.77,76608.68,76627.28,7597
1788424260,2026-09-03T14:01:00,76624.94,76638.96,76588.55,76589.55,13447
1788424320,2026-09-03T14:02:00,76591.5,76625.33,76572.8,76576.34,13977
1788424380,2026-09-03T14:03:00,76577.44,76649.1,76577.44,76624.51,13441
1788424440,2026-09-03T14:04:00,76622.04,76652.95,76591.55,76591.64,11094
1788424500,2026-09-03T14:05:00,76593.1,76622.94,76593.1,76615.22,31520
1788424560,2026-09-03T14:06:00,76613.81,76620.45,76585.03,76591.35,16910
1788424620,2026-09-03T14:07:00,76594.34,76601.06,76579.49,76580.68,26518
1788424680,2026-09-03T14:08:00,76582.64,76603.39,76580.17,76602,25224
1788424740,2026-09-03T14:09:00,76601.95,76604.52,76588.14,76595.61,18880
1788424800,2026-09-03T14:10:00,76595.61,76606.42,76595.61,76603.22,325526
1788424860,2026-09-03T14:11:00,76603.9,76608.47,76597.43,76597.43,18062
1788424920,2026-09-03T14:12:00,76598.07,76609.82,76598.07,76601.14,14688
1788424980,2026-09-03T14:13:00,76601.14,76611.15,76600.36,76603.76,32382
1788425040,2026-09-03T14:14:00,76603.76,76614.16,76601.33,76602.32,6512
1788425100,2026-09-03T14:15:00,76604.18,76609.23,76578.32,76585.77,65441
1788425160,2026-09-03T14:16:00,76587.21,76595.16,76582.69,76594.35,19557
1788425220,2026-09-03T14:17:00,76594.2,76609.08,76582.79,76609.08,8553
1788425280,2026-09-03T14:18:00,76613.05,76614.4,76568.33,76600.52,6370
1788425340,2026-09-03T14:19:00,76600.4,76605.84,76588.86,76603.7,8689
1788425400,2026-09-03T14:20:00,76603.29,76635.09,76603.29,76634.24,19380
1788425460,2026-09-03T14:21:00,76635.02,76635.44,76603.26,76608.43,9818
1788425520,2026-09-03T14:22:00,76612.22,76630.67,76577.95,76580.28,15982
1788425580,2026-09-03T14:23:00,76580.33,76612.82,76579.13,76608.52,16224
1788425640,2026-09-03T14:24:00,76607.89,76608.13,76585.22,76595.6,46887
1788425700,2026-09-03T14:25:00,76599.07,76619.75,76599.07,76613.9,36164
1788425760,2026-09-03T14:26:00,76617.76,76630.14,76585.44,76619.35,10040
1788425820,2026-09-03T14:27:00,76616.72,76624.34,76586.62,76600.54,45229
1788425880,2026-09-03T14:28:00,76603.21,76657.15,76600.4,76657.15,44308
1788425940,2026-09-03T14:29:00,76659.07,76669.88,76626.32,76649.88,43797
1788426000,2026-09-03T14:30:00,76643.99,76647.97,76613.68,76628.2,16227
1788426060,2026-09-03T14:31:00,76624.26,76633.84,76591.5,76631.67,25231
1788426120,2026-09-03T14:32:00,76634.92,76634.92,76606.5,76613.94,17621
1788426180,2026-09-03T14:33:00,76613.14,76636.87,76601.16,76630.92,10002
1788426240,2026-09-03T14:34:00,76632.88,76633.01,76602.09,76622.83,11709
1788426300,2026-09-03T14:35:00,76623.34,76626.37,76603.47,76604.27,13859
1788426360,2026-09-03T14:36:00,76605.05,76627.74,76593.98,76597.48,161194
1788426420,2026-09-03T14:37:00,76598.71,76634.22,76585.76,76588.97,13172
1788426480,2026-09-03T14:38:00,76588.75,76604.72,76562.18,76579.93,190636
1788426540,2026-09-03T14:39:00,76581.07,76621.38,76567.49,76619.52,116796
1788426600,2026-09-03T14:40:00,76619.45,76622.81,76566.73,76574.49,74573
1788426660,2026-09-03T14:41:00,76575.6,76582.95,76569.12,76578.48,25208
1788426720,2026-09-03T14:42:00,76579.63,76604.77,76575.53,76575.53,17543
1788426780,2026-09-03T14:43:00,76575.89,76603.37,76565.97,76566.2,13647
1788426840,2026-09-03T14:44:00,76565.68,76598.77,76564.79,76584.56,6168
1788426900,2026-09-03T14:45:00,76583.69,76597.16,76577.84,76595.77,18138
1788426960,2026-09-03T14:46:00,76596.24,76596.24,76554.61,76566.13,15146
1788427020,2026-09-03T14:47:00,76565.53,76586.25,76559.63,76573.98,26598
1788427080,2026-09-03T14:48:00,76573.54,76595.03,76572.45,76586.87,14194
1788427140,2026-09-03T14:49:00,76583.4,76597.37,76583.4,76593.35,9515
1788427200,2026-09-03T14:50:00,76595.28,76605.02,76589.3,76599.4,242563
1788427260,2026-09-03T14:51:00,76601.56,76609.18,76584.98,76584.98,18225
1788427320,2026-09-03T14:52:00,76583.9,76599.24,76582.5,76584.2,14227
1788427380,2026-09-03T14:53:00,76584.84,76594.03,76575.39,76575.6,24840
1788427440,2026-09-03T14:54:00,76576.65,76596.32,76576.65,76590.56,26154
1788427500,2026-09-03T14:55:00,76588.7,76588.88,76563.42,76564.62,10222
1788427560,2026-09-03T14:56:00,76564.7,76576.27,76534.41,76534.94,38205
1788427620,2026-09-03T14:57:00,76533.06,76559.27,76513.01,76559.27,239742
1788427680,2026-09-03T14:58:00,76563.73,76583.82,76533.13,76540.98,188834
1788427740,2026-09-03T14:59:00,76541.84,76563.08,76536.64,76558.15,18038
1788427800,2026-09-03T15:00:00,76559.47,76559.47,76529.88,76530.87,27557
1788427860,2026-09-03T15:01:00,76527.11,76563.13,76527.11,76563.02,12913
1788427920,2026-09-03T15:02:00,76558.61,76558.61,76529.18,76536.68,30868
1788427980,2026-09-03T15:03:00,76536.15,76546.18,76526.33,76529.57,18511
1788428040,2026-09-03T15:04:00,76530.7,76532.91,76508.93,76514.82,36391
1788428100,2026-09-03T15:05:00,76513.39,76515.71,76484.4,76506.48,46719
1788428160,2026-09-03T15:06:00,76508.07,76512.72,76482.11,76493.19,30899
1788428220,2026-09-03T15:07:00,76492.38,76511.43,76472.38,76474.8,25381
1788428280,2026-09-03T15:08:00,76475.89,76502.6,76462.92,76496.39,22166
1788428340,2026-09-03T15:09:00,76493.8,76495.35,76471.56,76492.95,37038
1788428400,2026-09-03T15:10:00,76497.6,76554.34,76492.42,76537.17,45261
1788428460,2026-09-03T15:11:00,76542.6,76557.34,76515.55,76516.23,21107
1788428520,2026-09-03T15:12:00,76520.38,76554.48,76496.28,76507.45,87331
1788428580,2026-09-03T15:13:00,76505.04,76558.14,76493.46,76553.82,31952
1788428640,2026-09-03T15:14:00,76552.55,76581.22,76549.01,76554.2,44120
1788428700,2026-09-03T15:15:00,76554.2,76554.2,76554.2,76554.2,44120
1788428760,2026-09-03T15:16:00,76554.2,76554.2,76554.2,76554.2,44120
1788428820,2026-09-03T15:17:00,76554.2,76554.2,76554.2,76554.2,44120
1788428880,2026-09-03T15:18:00,76554.2,76554.2,76554.2,76554.2,44120
1788428940,2026-09-03T15:19:00,76554.2,76554.2,76554.2,76554.2,44120
1788429000,2026-09-03T15:20:00,76554.2,76554.2,76554.2,76554.2,44120
1788429060,2026-09-03T15:21:00,76554.2,76554.2,76554.2,76554.2,44120
1788429120,2026-09-03T15:22:00,76554.2,76554.2,76554.2,76554.2,44120
1788429180,2026-09-03T15:23:00,76554.2,76554.2,76554.2,76554.2,44120
1788429240,2026-09-03T15:24:00,76554.2,76554.2,76554.2,76554.2,44120
1788429300,2026-09-03T15:25:00,76554.2,76554.2,76554.2,76554.2,44120
1788429360,2026-09-03T15:26:00,76554.2,76554.2,76554.2,76554.2,44120
1788429420,2026-09-03T15:27:00,76554.2,76554.2,76554.2,76554.2,44120
1788429480,2026-09-03T15:28:00,76554.2,76554.2,76152.86,76152.86,44120
1788429540,2026-09-03T15:29:00,76152.86,76152.86,76152.86,76152.86,44120
1788493500,2026-09-04T09:15:00,76657.02,76746.8,76590.03,76600.13,115790
1788493560,2026-09-04T09:16:00,76606.09,76691.86,76604.07,76669.12,76814
1788493620,2026-09-04T09:17:00,76673.14,76678.92,76635.71,76646.28,81573
1788493680,2026-09-04T09:18:00,76651.55,76660.43,76636.87,76660.43,32363
1788493740,2026-09-04T09:19:00,76662.49,76681.16,76651.39,76660.97,27904
1788493800,2026-09-04T09:20:00,76657.11,76672.73,76653.85,76664.98,40841
1788493860,2026-09-04T09:21:00,76664.94,76664.94,76612.03,76623.57,33112
1788493920,2026-09-04T09:22:00,76616.71,76619.9,76594.84,76603.03,32270
1788493980,2026-09-04T09:23:00,76603.08,76612.43,76586.83,76609.31,24100
1788494040,2026-09-04T09:24:00,76609.56,76620.21,76603.73,76607.02,27972
1788494100,2026-09-04T09:25:00,76607.31,76632.47,76605.82,76628.31,30655
1788494160,2026-09-04T09:26:00,76627.62,76627.62,76598.22,76598.22,25486
1788494220,2026-09-04T09:27:00,76599.7,76599.7,76573.52,76578,34869
1788494280,2026-09-04T09:28:00,76579.05,76585.16,76550.17,76585.16,25653
1788494340,2026-09-04T09:29:00,76585.11,76596.44,76575.79,76590.11,15847
1788494400,2026-09-04T09:30:00,76585.68,76603.13,76578.69,76578.69,29536
1788494460,2026-09-04T09:31:00,76577.01,76577.01,76548.85,76560.28,26473
1788494520,2026-09-04T09:32:00,76560.7,76567.79,76554.67,76560.12,8160
1788494580,2026-09-04T09:33:00,76560.12,76577.18,76555.93,76573.91,11433
1788494640,2026-09-04T09:34:00,76576.28,76604.57,76576.28,76579.42,25358
1788494700,2026-09-04T09:35:00,76579.12,76583.87,76556.27,76556.27,29709
1788494760,2026-09-04T09:36:00,76556.46,76556.46,76533.15,76540.24,8802
1788494820,2026-09-04T09:37:00,76541.48,76559.09,76541.48,76552.99,12187
1788494880,2026-09-04T09:38:00,76550.42,76560.78,76529.5,76536.26,18815
1788494940,2026-09-04T09:39:00,76536.26,76553.86,76535.76,76549.4,15187
1788495000,2026-09-04T09:40:00,76551.29,76581.53,76551.29,76572.71,11937
1788495060,2026-09-04T09:41:00,76576.23,76582.17,76567.41,76568.5,6779
1788495120,2026-09-04T09:42:00,76568.5,76574.88,76553.13,76563.36,17870
1788495180,2026-09-04T09:43:00,76563.78,76572.07,76559.8,76570.68,24847
1788495240,2026-09-04T09:44:00,76571.36,76579.27,76565.84,76579.21,28457
1788495300,2026-09-04T09:45:00,76577.95,76625.8,76576.83,76625.8,25277
1788495360,2026-09-04T09:46:00,76625.8,76630.68,76620.79,76629.52,18360
1788495420,2026-09-04T09:47:00,76629.34,76629.34,76612.62,76624.56,15975
1788495480,2026-09-04T09:48:00,76627.41,76628.69,76609.29,76614.35,16766
1788495540,2026-09-04T09:49:00,76615.9,76642.06,76612.54,76628.8,43888
1788495600,2026-09-04T09:50:00,76631.69,76650.77,76626.12,76647.71,20468
1788495660,2026-09-04T09:51:00,76647.64,76671.76,76642.87,76669.49,32674
1788495720,2026-09-04T09:52:00,76667.63,76683.34,76653.56,76683.34,16628
1788495780,2026-09-04T09:53:00,76685.06,76702.69,76681.74,76700.52,24908
1788495840,2026-09-04T09:54:00,76700.39,76701.65,76683.97,76697.61,15903
1788495900,2026-09-04T09:55:00,76701.25,76722.26,76697.47,76712.09,17779
1788495960,2026-09-04T09:56:00,76712.34,76717.98,76701.98,76711.53,42264
1788496020,2026-09-04T09:57:00,76709.37,76714.59,76703.02,76705.38,13426
1788496080,2026-09-04T09:58:00,76708.1,76716.06,76705.31,76713.59,11401
1788496140,2026-09-04T09:59:00,76711.66,76712.93,76684.75,76688.9,27583
1788496200,2026-09-04T10:00:00,76688.25,76709.72,76688.25,76709.72,11986
1788496260,2026-09-04T10:01:00,76713.79,76726.73,76713.76,76725.81,20097
1788496320,2026-09-04T10:02:00,76724.86,76731.38,76713.3,76718.36,13464
1788496380,2026-09-04T10:03:00,76718.36,76734.79,76714.31,76732.8,41813
1788496440,2026-09-04T10:04:00,76731.52,76742.75,76722.97,76728.49,13060
1788496500,2026-09-04T10:05:00,76729.42,76729.42,76705.54,76706.87,9209
1788496560,2026-09-04T10:06:00,76708.66,76709.97,76696.61,76698.04,26745
1788496620,2026-09-04T10:07:00,76697.05,76698.2,76682.73,76688.32,7594
1788496680,2026-09-04T10:08:00,76688.32,76700.96,76688.32,76690.8,10984
1788496740,2026-09-04T10:09:00,76687.72,76690.06,76675.19,76678.11,11939
1788496800,2026-09-04T10:10:00,76676.89,76684.02,76665.06,76665.06,10014
1788496860,2026-09-04T10:11:00,76665.34,76676.67,76663.15,76668.31,11993
1788496920,2026-09-04T10:12:00,76667.53,76674.72,76659.77,76663.64,7873
1788496980,2026-09-04T10:13:00,76663.93,76669.87,76648.7,76651.34,12213
1788497040,2026-09-04T10:14:00,76650.89,76655.69,76641.14,76646.37,14269
1788497100,2026-09-04T10:15:00,76646.37,76651.22,76641.87,76644.62,10729
1788497160,2026-09-04T10:16:00,76647.18,76664.33,76644.8,76662.54,12783
1788497220,2026-09-04T10:17:00,76667.85,76668.19,76658.53,76661.67,13798
1788497280,2026-09-04T10:18:00,76658.27,76675.67,76657.54,76675.67,12061
1788497340,2026-09-04T10:19:00,76675.67,76681.76,76661.78,76663.77,14069
1788497400,2026-09-04T10:20:00,76662.37,76686.38,76662.37,76686.38,7560
1788497460,2026-09-04T10:21:00,76686.38,76689.9,76679.02,76681.96,10228
1788497520,2026-09-04T10:22:00,76682.06,76700.44,76682.06,76699.03,3698
1788497580,2026-09-04T10:23:00,76699.73,76700.95,76682.08,76682.24,18508
1788497640,2026-09-04T10:24:00,76682.89,76693.53,76682.73,76688.45,16768
1788497700,2026-09-04T10:25:00,76686.01,76703.91,76686.01,76697.53,11249
1788497760,2026-09-04T10:26:00,76697.53,76705.81,76693.39,76701.12,10066
1788497820,2026-09-04T10:27:00,76698.72,76704.45,76694.42,76702.13,6807
1788497880,2026-09-04T10:28:00,76701.77,76708.32,76697.44,76707.94,7850
1788497940,2026-09-04T10:29:00,76709.22,76721.11,76706,76718.57,20757
1788498000,2026-09-04T10:30:00,76720.43,76741.93,76720.43,76739.37,15093
1788498060,2026-09-04T10:31:00,76737.71,76743.28,76728.45,76737.69,12442
1788498120,2026-09-04T10:32:00,76737.69,76755.59,76737.69,76748.25,12205
1788498180,2026-09-04T10:33:00,76748.25,76748.25,76722.58,76723.15,18469
1788498240,2026-09-04T10:34:00,76725.06,76731.6,76722.57,76723.69,7185
1788498300,2026-09-04T10:35:00,76724.68,76725.86,76710.83,76712.85,15901
1788498360,2026-09-04T10:36:00,76712.85,76713.76,76698.28,76702.63,10924
1788498420,2026-09-04T10:37:00,76699.15,76722.28,76699.1,76720.77,10816
1788498480,2026-09-04T10:38:00,76722.48,76733.49,76722.48,76722.87,16674
1788498540,2026-09-04T10:39:00,76722.93,76733.21,76719.25,76724.8,18613
1788498600,2026-09-04T10:40:00,76724.8,76732.28,76719.05,76728.67,12372
1788498660,2026-09-04T10:41:00,76728.67,76731.94,76708.32,76714.05,9540
1788498720,2026-09-04T10:42:00,76713,76717.47,76696.91,76701.94,7909
1788498780,2026-09-04T10:43:00,76702.35,76710.36,76702.35,76708.42,16185
1788498840,2026-09-04T10:44:00,76709.17,76709.19,76699.64,76706.33,5376
1788498900,2026-09-04T10:45:00,76706.33,76709.9,76701.24,76704.67,5123
1788498960,2026-09-04T10:46:00,76705.7,76716.89,76703.42,76713.4,9096
1788499020,2026-09-04T10:47:00,76714.42,76719.25,76711.48,76714.77,9238
1788499080,2026-09-04T10:48:00,76716.7,76723.46,76705.04,76719.98,6782
1788499140,2026-09-04T10:49:00,76719.98,76721.79,76708.78,76713.15,5980
1788499200,2026-09-04T10:50:00,76715.37,76715.37,76698.64,76704.77,16278
1788499260,2026-09-04T10:51:00,76703.25,76714.14,76701.74,76711.65,11287
1788499320,2026-09-04T10:52:00,76712.21,76716.74,76707.78,76709.2,6762
1788499380,2026-09-04T10:53:00,76710,76719.36,76708.15,76714.42,5006
1788499440,2026-09-04T10:54:00,76710.54,76730.58,76710.54,76726.08,9531
1788499500,2026-09-04T10:55:00,76728.36,76742.71,76727.76,76738.17,163984
1788499560,2026-09-04T10:56:00,76737.41,76742.88,76720.35,76733.28,221666
1788499620,2026-09-04T10:57:00,76737.22,76739.9,76726.83,76735.07,19741
1788499680,2026-09-04T10:58:00,76737.2,76737.94,76723.56,76728.48,10780
1788499740,2026-09-04T10:59:00,76728.48,76754.35,76728.48,76752.78,114065
1788499800,2026-09-04T11:00:00,76749.23,76765.95,76748.38,76761.89,26323
1788499860,2026-09-04T11:01:00,76761.64,76770.65,76755.65,76758.75,6082
1788499920,2026-09-04T11:02:00,76759.66,76765.67,76740.17,76747.58,20229
1788499980,2026-09-04T11:03:00,76748.58,76752.22,76731.38,76737.31,10631
1788500040,2026-09-04T11:04:00,76737.65,76749.41,76732.49,76747.39,14154
1788500100,2026-09-04T11:05:00,76746.01,76757.06,76740.3,76745.74,20331
1788500160,2026-09-04T11:06:00,76745.74,76752.13,76739.04,76739.42,8799
1788500220,2026-09-04T11:07:00,76742.09,76766.39,76740.24,76761.64,18770
1788500280,2026-09-04T11:08:00,76760.11,76771.48,76760.11,76762.94,20028
1788500340,2026-09-04T11:09:00,76762.59,76781.7,76761.79,76774.84,9137
1788500400,2026-09-04T11:10:00,76778.06,76789.94,76775.92,76788.98,33194
1788500460,2026-09-04T11:11:00,76788.83,76792.58,76781.66,76782.88,12824
1788500520,2026-09-04T11:12:00,76782.88,76786.67,76763.37,76768.67,18930
1788500580,2026-09-04T11:13:00,76769.28,76773.74,76754.39,76754.39,13037
1788500640,2026-09-04T11:14:00,76754.65,76757.25,76740.46,76748.31,7501
1788500700,2026-09-04T11:15:00,76748.31,76749.59,76736.39,76745.83,6308
1788500760,2026-09-04T11:16:00,76747.43,76757.64,76745.36,76749.12,57538
1788500820,2026-09-04T11:17:00,76747.25,76760.58,76743.91,76760.58,19343
1788500880,2026-09-04T11:18:00,76763.56,76773.51,76753.65,76770.13,14683
1788500940,2026-09-04T11:19:00,76769.24,76784.42,76769.24,76782.85,10109
1788501000,2026-09-04T11:20:00,76783.67,76789.59,76776.36,76780.49,12232
1788501060,2026-09-04T11:21:00,76779.67,76803.91,76777.48,76803.91,68817
1788501120,2026-09-04T11:22:00,76806.79,76823.74,76806.28,76819.75,13378
1788501180,2026-09-04T11:23:00,76819.75,76827.93,76811.63,76825.28,323764
1788501240,2026-09-04T11:24:00,76825.58,76833.23,76808.85,76812.27,25663
1788501300,2026-09-04T11:25:00,76811.54,76822.98,76797.44,76822.98,9508
1788501360,2026-09-04T11:26:00,76822.98,76834.04,76814.03,76834.04,7364
1788501420,2026-09-04T11:27:00,76834.04,76838.63,76815.55,76838.54,23279
1788501480,2026-09-04T11:28:00,76837.73,76837.73,76821.07,76822.7,24619
1788501540,2026-09-04T11:29:00,76825.19,76825.19,76814.99,76818.22,14886
1788501600,2026-09-04T11:30:00,76819.32,76828.14,76814.23,76815.4,15059
1788501660,2026-09-04T11:31:00,76815.4,76822.02,76807.59,76810.99,24573
1788501720,2026-09-04T11:32:00,76812.01,76820.07,76809.29,76810.33,8691
1788501780,2026-09-04T11:33:00,76814.18,76828.51,76810.97,76828.43,23216
1788501840,2026-09-04T11:34:00,76829.02,76830.56,76816.57,76826.73,37051
1788501900,2026-09-04T11:35:00,76826.73,76827.84,76815.14,76821.83,14629
1788501960,2026-09-04T11:36:00,76823.53,76825.32,76812.93,76823.34,47696
1788502020,2026-09-04T11:37:00,76822.39,76828.46,76809.12,76809.6,16829
1788502080,2026-09-04T11:38:00,76809.2,76852.93,76809.2,76852.2,26790
1788502140,2026-09-04T11:39:00,76852.2,76883.14,76852.2,76867.1,14625
1788502200,2026-09-04T11:40:00,76870.32,76872.64,76859.34,76861.92,11989
1788502260,2026-09-04T11:41:00,76861.65,76864.73,76843.82,76849.18,11886
1788502320,2026-09-04T11:42:00,76847.97,76848.27,76818.75,76829.52,26362
1788502380,2026-09-04T11:43:00,76830.37,76830.37,76804.84,76809.25,20097
1788502440,2026-09-04T11:44:00,76812.15,76814.15,76795.3,76798.51,39922
1788502500,2026-09-04T11:45:00,76802.9,76807.09,76797.6,76797.6,35758
1788502560,2026-09-04T11:46:00,76797.74,76809.44,76794.17,76806.52,10671
1788502620,2026-09-04T11:47:00,76807.57,76814.28,76802.32,76812.89,13149
1788502680,2026-09-04T11:48:00,76812.29,76819.24,76799.65,76807.74,52647
1788502740,2026-09-04T11:49:00,76806.23,76821.53,76806.23,76812.76,19804
1788502800,2026-09-04T11:50:00,76814.34,76834.22,76811.49,76828.77,52763
1788502860,2026-09-04T11:51:00,76830.32,76840.39,76830.32,76834.62,19834
1788502920,2026-09-04T11:52:00,76838.48,76842.37,76830.12,76830.12,29666
1788502980,2026-09-04T11:53:00,76830.31,76832.55,76810.33,76817.28,259685
1788503040,2026-09-04T11:54:00,76817.41,76827.93,76815.95,76824.3,9588
1788503100,2026-09-04T11:55:00,76824.03,76830.83,76819.95,76827.92,14770
1788503160,2026-09-04T11:56:00,76824.32,76825.12,76813.85,76817.52,13521
1788503220,2026-09-04T11:57:00,76815.65,76828.07,76806.65,76819.49,19247
1788503280,2026-09-04T11:58:00,76814.99,76816.63,76802.07,76808.34,3942
1788503340,2026-09-04T11:59:00,76804.5,76808.28,76792.77,76792.77,8212
1788503400,2026-09-04T12:00:00,76791.96,76798.85,76783.02,76784.36,3714
1788503460,2026-09-04T12:01:00,76783,76784.84,76773.82,76774.05,12949
1788503520,2026-09-04T12:02:00,76774.67,76774.67,76762.16,76768.45,32808
1788503580,2026-09-04T12:03:00,76766.3,76770.14,76753.32,76754.02,19946
1788503640,2026-09-04T12:04:00,76753.16,76761.65,76739.66,76741.53,23456
1788503700,2026-09-04T12:05:00,76740.31,76741.47,76729.73,76741.47,17818
1788503760,2026-09-04T12:06:00,76743.59,76752.67,76740.91,76742.28,17552
1788503820,2026-09-04T12:07:00,76741.67,76743.23,76731.34,76740.43,6407
1788503880,2026-09-04T12:08:00,76739.52,76751.18,76737.44,76745.26,10131
1788503940,2026-09-04T12:09:00,76749.82,76774.34,76749.82,76766.67,21720
1788504000,2026-09-04T12:10:00,76766.18,76772.1,76740.64,76743.63,17744
1788504060,2026-09-04T12:11:00,76742.18,76746.18,76721.92,76721.92,6981
1788504120,2026-09-04T12:12:00,76721.92,76730.29,76721.92,76727.38,3157
1788504180,2026-09-04T12:13:00,76726.04,76726.96,76712.7,76718.99,9010
1788504240,2026-09-04T12:14:00,76717.1,76729.38,76714.58,76727.46,6940
1788504300,2026-09-04T12:15:00,76726.24,76729.92,76713.51,76716.86,10687
1788504360,2026-09-04T12:16:00,76713.44,76714.7,76701.16,76705.41,8441
1788504420,2026-09-04T12:17:00,76706.56,76715.54,76703.34,76711.61,10652
1788504480,2026-09-04T12:18:00,76711.78,76730.16,76711.78,76730.05,8138
1788504540,2026-09-04T12:19:00,76730.59,76731.02,76717.87,76717.87,2399
1788504600,2026-09-04T12:20:00,76716.58,76716.58,76696.29,76704.51,12389
1788504660,2026-09-04T12:21:00,76704.51,76705.63,76696.62,76697.8,6822
1788504720,2026-09-04T12:22:00,76697.8,76703.04,76693.84,76703.04,4306
1788504780,2026-09-04T12:23:00,76704.8,76710.72,76695.93,76705.49,14759
1788504840,2026-09-04T12:24:00,76703.92,76716.07,76702.54,76706.96,10161
1788504900,2026-09-04T12:25:00,76699.53,76699.53,76681.15,76696.91,6901
1788504960,2026-09-04T12:26:00,76696.76,76711.47,76691.43,76708.56,7502
1788505020,2026-09-04T12:27:00,76706.98,76715.04,76704.05,76707.81,10523
1788505080,2026-09-04T12:28:00,76705.28,76730.5,76705.28,76726.98,20537
1788505140,2026-09-04T12:29:00,76726.98,76732.74,76723.62,76725.77,8290
1788505200,2026-09-04T12:30:00,76726.24,76726.24,76710.99,76716.06,8006
1788505260,2026-09-04T12:31:00,76716.36,76726.68,76707.26,76719.84,17089
1788505320,2026-09-04T12:32:00,76719.84,76724.32,76708.81,76724.32,24370
1788505380,2026-09-04T12:33:00,76721.45,76727.67,76713.24,76718.19,168144
1788505440,2026-09-04T12:34:00,76721.79,76721.89,76707.33,76715.82,80738
1788505500,2026-09-04T12:35:00,76715.23,76717.86,76706.66,76708.11,5948
1788505560,2026-09-04T12:36:00,76706.66,76710.99,76690.65,76692.89,32757
1788505620,2026-09-04T12:37:00,76692.89,76693.84,76688.29,76689.65,11097
1788505680,2026-09-04T12:38:00,76689.65,76691.12,76683.79,76689.23,8021
1788505740,2026-09-04T12:39:00,76692.14,76701.42,76689.01,76700.22,6559
1788505800,2026-09-04T12:40:00,76705.43,76710.63,76699.71,76707.79,14056
1788505860,2026-09-04T12:41:00,76707.79,76707.79,76696.94,76697.84,10612
1788505920,2026-09-04T12:42:00,76699.76,76699.76,76688.74,76695.58,9861
1788505980,2026-09-04T12:43:00,76695.58,76704.9,76684.65,76684.65,6963
1788506040,2026-09-04T12:44:00,76684.07,76694.26,76681.29,76682.64,4072
1788506100,2026-09-04T12:45:00,76682.64,76685.56,76678.98,76683.7,7472
1788506160,2026-09-04T12:46:00,76683.39,76687.73,76678.09,76678.4,4299
1788506220,2026-09-04T12:47:00,76676.12,76681.41,76674.43,76676.25,4121
1788506280,2026-09-04T12:48:00,76676.82,76688.19,76676.65,76685.84,5083
1788506340,2026-09-04T12:49:00,76685.84,76693.08,76685.84,76691.04,6465
1788506400,2026-09-04T12:50:00,76690.69,76692.96,76686.98,76688.98,3159
1788506460,2026-09-04T12:51:00,76688.98,76696.56,76686.11,76696.56,5165
1788506520,2026-09-04T12:52:00,76696.56,76702.93,76691.92,76692.37,5481
1788506580,2026-09-04T12:53:00,76692.37,76706.54,76692.37,76706.33,6898
1788506640,2026-09-04T12:54:00,76706.33,76707.73,76696.12,76699.91,9996
1788506700,2026-09-04T12:55:00,76700.91,76704.01,76686.85,76687.53,7426
1788506760,2026-09-04T12:56:00,76687.53,76691.55,76681.74,76682.64,5562
1788506820,2026-09-04T12:57:00,76681.72,76682.48,76659.32,76659.32,10091
1788506880,2026-09-04T12:58:00,76659.77,76660.36,76648.92,76655.19,76991
1788506940,2026-09-04T12:59:00,76656.5,76670.71,76654.38,76665.43,11590
1788507000,2026-09-04T13:00:00,76665.43,76689.62,76664.12,76688.4,4117
1788507060,2026-09-04T13:01:00,76687.76,76693.98,76687.76,76692.81,2819
1788507120,2026-09-04T13:02:00,76691.32,76691.32,76670.42,76675.27,3912
1788507180,2026-09-04T13:03:00,76670.97,76683.29,76670.65,76681.72,2864
1788507240,2026-09-04T13:04:00,76681.72,76684.63,76667.67,76667.67,3808
1788507300,2026-09-04T13:05:00,76667.67,76678.48,76666.01,76674.7,2739
1788507360,2026-09-04T13:06:00,76673.09,76682.11,76673.09,76679,4076
1788507420,2026-09-04T13:07:00,76677.39,76684.45,76676.02,76682.35,3290
1788507480,2026-09-04T13:08:00,76682.95,76691.04,76680.04,76689.34,7635
1788507540,2026-09-04T13:09:00,76689.61,76695.48,76683.07,76693.54,9406
1788507600,2026-09-04T13:10:00,76693.89,76721.39,76693.89,76717.05,14159
1788507660,2026-09-04T13:11:00,76717.33,76719.06,76709.97,76711.1,11411
1788507720,2026-09-04T13:12:00,76711.1,76716.78,76706.07,76714.16,26198
1788507780,2026-09-04T13:13:00,76718.01,76718.84,76704.26,76704.26,38454
1788507840,2026-09-04T13:14:00,76710.74,76710.74,76698.32,76699.21,62999
1788507900,2026-09-04T13:15:00,76699.21,76712.08,76695.8,76707.86,80313
1788507960,2026-09-04T13:16:00,76708.46,76716.87,76701.74,76716,57973
1788508020,2026-09-04T13:17:00,76715.71,76735.32,76714.07,76735.32,61058
1788508080,2026-09-04T13:18:00,76735.28,76735.91,76718.44,76721.74,10544
1788508140,2026-09-04T13:19:00,76721.39,76725.79,76715.59,76716.78,159420
1788508200,2026-09-04T13:20:00,76713.33,76724.94,76710.66,76717.21,5619
1788508260,2026-09-04T13:21:00,76719.67,76726.38,76708.75,76716.53,5738
1788508320,2026-09-04T13:22:00,76716.53,76731.25,76712.57,76731.25,7602
1788508380,2026-09-04T13:23:00,76732.78,76733.64,76716.35,76721.94,9837
1788508440,2026-09-04T13:24:00,76721.94,76721.94,76707.75,76721.27,17518
1788508500,2026-09-04T13:25:00,76723.37,76723.37,76698.87,76698.87,12491
1788508560,2026-09-04T13:26:00,76700.2,76708.01,76693.71,76704.58,16751
1788508620,2026-09-04T13:27:00,76706.81,76708.1,76690.85,76690.85,10789
1788508680,2026-09-04T13:28:00,76691.87,76695.16,76680.8,76684.9,3491
1788508740,2026-09-04T13:29:00,76685.05,76687.18,76671.44,76674.82,8846
1788508800,2026-09-04T13:30:00,76674.82,76679.12,76671.36,76679.12,4344
1788508860,2026-09-04T13:31:00,76679.12,76685.16,76671.65,76681.62,6379
1788508920,2026-09-04T13:32:00,76677.91,76677.91,76656.18,76656.6,10049
1788508980,2026-09-04T13:33:00,76649.01,76673.42,76649.01,76671.83,15697
1788509040,2026-09-04T13:34:00,76672.53,76676.93,76654.1,76659.64,8245
1788509100,2026-09-04T13:35:00,76659.35,76674.77,76659.35,76674.77,69900
1788509160,2026-09-04T13:36:00,76674.63,76679.51,76671.56,76672.51,14676
1788509220,2026-09-04T13:37:00,76672.1,76681.43,76672.1,76678.18,3504
1788509280,2026-09-04T13:38:00,76679.57,76686.14,76673.43,76678.19,11652
1788509340,2026-09-04T13:39:00,76679.48,76686.34,76679.26,76684.43,10303
1788509400,2026-09-04T13:40:00,76685.65,76694.51,76682.41,76692.87,43807
1788509460,2026-09-04T13:41:00,76691.32,76692.35,76665.37,76680.2,41099
1788509520,2026-09-04T13:42:00,76681.49,76694.72,76681.49,76685.22,18939
1788509580,2026-09-04T13:43:00,76692.94,76710.7,76691.73,76691.73,21524
1788509640,2026-09-04T13:44:00,76694.45,76703.91,76689.5,76694,21538
1788509700,2026-09-04T13:45:00,76696.78,76707.39,76696.78,76700.19,43598
1788509760,2026-09-04T13:46:00,76700.49,76712.3,76699.5,76702.38,52761
1788509820,2026-09-04T13:47:00,76702.97,76718.14,76701.94,76716.17,50609
1788509880,2026-09-04T13:48:00,76716.17,76717.87,76703.06,76705.71,16226
1788509940,2026-09-04T13:49:00,76705.49,76711.95,76698.54,76707.4,39724
1788510000,2026-09-04T13:50:00,76708.62,76708.62,76691.98,76699.65,22538
1788510060,2026-09-04T13:51:00,76699.47,76702.55,76674.55,76674.55,23332
1788510120,2026-09-04T13:52:00,76668.36,76680.87,76668.36,76680.3,11191
1788510180,2026-09-04T13:53:00,76680.61,76687.72,76675.71,76683.29,9170
1788510240,2026-09-04T13:54:00,76683.64,76685.28,76675.53,76684.9,13488
1788510300,2026-09-04T13:55:00,76685.66,76688.43,76670.54,76675.04,13136
1788510360,2026-09-04T13:56:00,76673.96,76688.88,76673.96,76683.21,5750
1788510420,2026-09-04T13:57:00,76682.42,76691.2,76682.42,76684.31,42169
1788510480,2026-09-04T13:58:00,76684.61,76690.72,76668.1,76668.1,23178
1788510540,2026-09-04T13:59:00,76669.85,76678.4,76668.63,76672.41,28283
1788510600,2026-09-04T14:00:00,76675.51,76683.5,76670.94,76672.31,13808
1788510660,2026-09-04T14:01:00,76673.01,76677.98,76667.11,76675.48,11622
1788510720,2026-09-04T14:02:00,76673.16,76680.24,76670.44,76670.62,13006
1788510780,2026-09-04T14:03:00,76670.62,76677.65,76668.65,76674.15,10793
1788510840,2026-09-04T14:04:00,76674.15,76687.04,76673.85,76683.83,10461
1788510900,2026-09-04T14:05:00,76683.83,76691.93,76682.35,76687,31439
1788510960,2026-09-04T14:06:00,76686.81,76699.54,76685.84,76698.97,17923
1788511020,2026-09-04T14:07:00,76697.69,76702.48,76695.36,76697.25,15172
1788511080,2026-09-04T14:08:00,76698.21,76698.44,76680.48,76687.38,4915
1788511140,2026-09-04T14:09:00,76688.73,76694.61,76680.82,76683.07,8257
1788511200,2026-09-04T14:10:00,76683.12,76692.24,76682.77,76690.31,6959
1788511260,2026-09-04T14:11:00,76693.1,76699.61,76688.3,76697.53,8825
1788511320,2026-09-04T14:12:00,76698.45,76706.03,76696.8,76702.86,15187
1788511380,2026-09-04T14:13:00,76705.6,76711.35,76699.72,76708.93,5520
1788511440,2026-09-04T14:14:00,76708.93,76712.39,76699.33,76701.08,20589
1788511500,2026-09-04T14:15:00,76701.08,76706.08,76694.76,76696.02,30487
1788511560,2026-09-04T14:16:00,76689.92,76692.84,76680.77,76681.46,11113
1788511620,2026-09-04T14:17:00,76678.14,76687.81,76678.14,76679.53,6443
1788511680,2026-09-04T14:18:00,76679.91,76697.48,76676.59,76690.47,13009
1788511740,2026-09-04T14:19:00,76691.47,76692.58,76686.04,76692.51,6794
1788511800,2026-09-04T14:20:00,76690.83,76696.54,76687,76694.81,18120
1788511860,2026-09-04T14:21:00,76694.81,76705.57,76694.81,76705.57,6027
1788511920,2026-09-04T14:22:00,76703.98,76706.26,76693.07,76699.53,6457
1788511980,2026-09-04T14:23:00,76699.53,76702.55,76692.25,76696.3,32242
1788512040,2026-09-04T14:24:00,76690.99,76699.92,76688.83,76697.4,9093
1788512100,2026-09-04T14:25:00,76696.35,76718.33,76688.69,76716.03,16630
1788512160,2026-09-04T14:26:00,76714.81,76722.1,76709.18,76721.08,8690
1788512220,2026-09-04T14:27:00,76721.38,76733.48,76720.45,76726.84,6360
1788512280,2026-09-04T14:28:00,76723.4,76734.33,76723.4,76728.54,8349
1788512340,2026-09-04T14:29:00,76727.22,76733.04,76723.09,76726.37,15695
1788512400,2026-09-04T14:30:00,76723.88,76734.85,76720.03,76734.85,14596
1788512460,2026-09-04T14:31:00,76735.96,76745.86,76731.24,76742.34,12447
1788512520,2026-09-04T14:32:00,76745.73,76746.82,76741.61,76744.45,27793
1788512580,2026-09-04T14:33:00,76746.49,76746.49,76722.64,76726.93,13227
1788512640,2026-09-04T14:34:00,76728.13,76732.44,76724.46,76727.41,7010
1788512700,2026-09-04T14:35:00,76728.12,76728.67,76712.26,76721.27,36737
1788512760,2026-09-04T14:36:00,76722.17,76724.15,76713.68,76716.29,15802
1788512820,2026-09-04T14:37:00,76713.7,76713.7,76694.64,76697.69,12511
1788512880,2026-09-04T14:38:00,76697.69,76700.29,76677.79,76679.22,11947
1788512940,2026-09-04T14:39:00,76681.15,76683,76664.2,76665.06,13279
1788513000,2026-09-04T14:40:00,76665.06,76680.35,76662.3,76680.35,7462
1788513060,2026-09-04T14:41:00,76680.35,76688.49,76677.13,76677.29,20028
1788513120,2026-09-04T14:42:00,76681,76684.04,76673.26,76674.64,14196
1788513180,2026-09-04T14:43:00,76674.64,76680.21,76668.27,76668.83,14507
1788513240,2026-09-04T14:44:00,76668.55,76671.06,76657.02,76659.95,17910
1788513300,2026-09-04T14:45:00,76660.55,76664.86,76649.31,76649.66,24845
1788513360,2026-09-04T14:46:00,76652.08,76656.81,76646.35,76648.99,20510
1788513420,2026-09-04T14:47:00,76651.66,76657.79,76647.41,76649.15,5140
1788513480,2026-09-04T14:48:00,76654.28,76669.07,76654.28,76659.98,18355
1788513540,2026-09-04T14:49:00,76662.57,76663.95,76651.49,76656.56,44130
1788513600,2026-09-04T14:50:00,76656.45,76665.43,76652.4,76654.11,15005
1788513660,2026-09-04T14:51:00,76651.69,76675.42,76651.69,76663.52,12889
1788513720,2026-09-04T14:52:00,76663.52,76672.53,76653.39,76659.84,10174
1788513780,2026-09-04T14:53:00,76657.77,76662.67,76645.73,76651,9916
1788513840,2026-09-04T14:54:00,76650.39,76664.56,76650.39,76657.53,10159
1788513900,2026-09-04T14:55:00,76658.26,76663.56,76641.14,76652.03,14784
1788513960,2026-09-04T14:56:00,76651.54,76655.75,76647.06,76651.22,25511
1788514020,2026-09-04T14:57:00,76648.94,76649.3,76638.37,76643.06,8987
1788514080,2026-09-04T14:58:00,76641.43,76663.16,76639.2,76658.62,80812
1788514140,2026-09-04T14:59:00,76656.54,76656.54,76645.91,76650.55,26423
1788514200,2026-09-04T15:00:00,76650.7,76662.34,76645,76661.99,37446
1788514260,2026-09-04T15:01:00,76660.94,76669.16,76648.2,76648.3,27644
1788514320,2026-09-04T15:02:00,76648.3,76660.29,76644.82,76659.06,52095
1788514380,2026-09-04T15:03:00,76657.92,76662.24,76647.69,76651.77,39791
1788514440,2026-09-04T15:04:00,76653.86,76657.17,76632.87,76632.87,33888
1788514500,2026-09-04T15:05:00,76636.32,76650.86,76623,76646.69,26079
1788514560,2026-09-04T15:06:00,76646.69,76661.36,76643.59,76646.31,16228
1788514620,2026-09-04T15:07:00,76646.31,76662.44,76642.22,76658.14,23508
1788514680,2026-09-04T15:08:00,76658.15,76665.41,76647.25,76649.76,19865
1788514740,2026-09-04T15:09:00,76648.56,76654.64,76639.04,76654.64,24158
1788514800,2026-09-04T15:10:00,76658.91,76658.91,76638.81,76647.77,28764
1788514860,2026-09-04T15:11:00,76646.38,76649.29,76632.57,76646.58,23963
1788514920,2026-09-04T15:12:00,76643.84,76660.33,76628.4,76628.4,66746
1788514980,2026-09-04T15:13:00,76627.61,76670.03,76620.74,76659.49,33478
1788515040,2026-09-04T15:14:00,76667.01,76675.83,76622.97,76647.91,23527
1788515100,2026-09-04T15:15:00,76645.88,76645.88,76645.88,76645.88,23527
1788515160,2026-09-04T15:16:00,76645.88,76645.88,76645.88,76645.88,23527
1788515220,2026-09-04T15:17:00,76645.88,76645.88,76645.88,76645.88,23527
1788515280,2026-09-04T15:18:00,76645.88,76645.88,76645.88,76645.88,23527
1788515340,2026-09-04T15:19:00,76645.88,76645.88,76645.88,76645.88,23527
1788515400,2026-09-04T15:20:00,76645.88,76645.88,76645.88,76645.88,23527
1788515460,2026-09-04T15:21:00,76645.88,76645.88,76645.88,76645.88,23527
1788515520,2026-09-04T15:22:00,76645.88,76645.88,76645.88,76645.88,23527
1788515580,2026-09-04T15:23:00,76645.88,76645.88,76645.88,76645.88,23527
1788515640,2026-09-04T15:24:00,76645.88,76645.88,76645.88,76645.88,23527
1788515700,2026-09-04T15:25:00,76645.88,76645.88,76645.88,76645.88,23527
1788515760,2026-09-04T15:26:00,76645.88,76645.88,76645.88,76645.88,23527
1788515820,2026-09-04T15:27:00,76645.88,76645.88,76645.88,76645.88,23527
1788515880,2026-09-04T15:28:00,76645.88,76645.88,76645.88,76645.88,23527
1788515940,2026-09-04T15:29:00,76645.88,76645.88,76515.43,76515.43,23527
1788752700,2026-09-07T09:15:00,76446.05,76477.19,76314.3,76315.48,154916
1788752760,2026-09-07T09:16:00,76313.84,76339.27,76251.46,76339.27,102293
1788752820,2026-09-07T09:17:00,76344.74,76375.83,76326.53,76351.37,105800
1788752880,2026-09-07T09:18:00,76346.28,76402.92,76345.95,76398.67,83880
1788752940,2026-09-07T09:19:00,76399.1,76422.49,76392.66,76412.58,67601
1788753000,2026-09-07T09:20:00,76416.1,76416.1,76380.44,76385.82,112289
1788753060,2026-09-07T09:21:00,76378.11,76407.79,76375.85,76380.22,44011
1788753120,2026-09-07T09:22:00,76380.7,76406.93,76378.71,76406.93,40131
1788753180,2026-09-07T09:23:00,76406.99,76412.28,76380.88,76380.88,41055
1788753240,2026-09-07T09:24:00,76383.63,76395.4,76359.63,76359.63,49814
1788753300,2026-09-07T09:25:00,76361.74,76361.74,76323.26,76342.71,39713
1788753360,2026-09-07T09:26:00,76344.54,76344.85,76331.29,76331.64,42477
1788753420,2026-09-07T09:27:00,76333.56,76337.22,76311.26,76312.51,27145
1788753480,2026-09-07T09:28:00,76310.65,76319.02,76303.92,76313.31,21952
1788753540,2026-09-07T09:29:00,76311.7,76323.11,76301.94,76310.68,24687
1788753600,2026-09-07T09:30:00,76310.35,76341.24,76301.39,76332.07,35326
1788753660,2026-09-07T09:31:00,76333.63,76334.34,76317.52,76318.35,54203
1788753720,2026-09-07T09:32:00,76318.22,76327.37,76311.72,76324.86,21950
1788753780,2026-09-07T09:33:00,76326.79,76332.18,76313.98,76319.13,31707
1788753840,2026-09-07T09:34:00,76318.22,76332.83,76310.67,76328.44,27186
1788753900,2026-09-07T09:35:00,76328.34,76332.64,76311.98,76322.57,24431
1788753960,2026-09-07T09:36:00,76326.39,76347.82,76324.1,76341.6,47800
1788754020,2026-09-07T09:37:00,76342.63,76352.49,76325.86,76330.95,22899
1788754080,2026-09-07T09:38:00,76332.49,76341.61,76324.11,76332.4,18112
1788754140,2026-09-07T09:39:00,76334.59,76346.63,76326.61,76331.43,47663
1788754200,2026-09-07T09:40:00,76336.17,76349.23,76327.83,76342.59,23444
1788754260,2026-09-07T09:41:00,76338.92,76345.03,76328.86,76333.37,28861
1788754320,2026-09-07T09:42:00,76332.94,76341.07,76326.25,76337.44,28585
1788754380,2026-09-07T09:43:00,76337.92,76356.39,76329.61,76332.9,27315
1788754440,2026-09-07T09:44:00,76329.96,76333.77,76313.6,76321.52,34604
1788754500,2026-09-07T09:45:00,76328.47,76348.33,76324.76,76331.18,22275
1788754560,2026-09-07T09:46:00,76328.58,76340.87,76321.03,76327.43,25871
1788754620,2026-09-07T09:47:00,76326.85,76336.1,76311.14,76320.41,32494
1788754680,2026-09-07T09:48:00,76315.45,76316.35,76291.89,76300.24,23988
1788754740,2026-09-07T09:49:00,76299.35,76305.08,76291.23,76300.12,36701
1788754800,2026-09-07T09:50:00,76301.24,76301.47,76282.7,76287.72,27823
1788754860,2026-09-07T09:51:00,76287.72,76303.29,76281.57,76298.61,35972
1788754920,2026-09-07T09:52:00,76291.95,76303.77,76275.42,76283.52,12424
1788754980,2026-09-07T09:53:00,76285.01,76288.13,76275.31,76279.8,22403
1788755040,2026-09-07T09:54:00,76278.92,76281.59,76260.45,76265.14,21029
1788755100,2026-09-07T09:55:00,76266.69,76275.1,76249.89,76253.07,22039
1788755160,2026-09-07T09:56:00,76260.09,76276.55,76253.12,76276.55,15324
1788755220,2026-09-07T09:57:00,76277.56,76292.93,76271.29,76276.72,31308
1788755280,2026-09-07T09:58:00,76274.98,76281.18,76255.15,76262.53,42448
1788755340,2026-09-07T09:59:00,76255.03,76262.86,76248.77,76255.73,13591
1788755400,2026-09-07T10:00:00,76254.83,76270.57,76248.09,76252.18,22373
1788755460,2026-09-07T10:01:00,76250.33,76261.92,76236.69,76253.72,29920
1788755520,2026-09-07T10:02:00,76254.74,76272.33,76247.6,76258.99,106348
1788755580,2026-09-07T10:03:00,76263,76275.07,76257.07,76267.3,38358
1788755640,2026-09-07T10:04:00,76268.79,76270.44,76255.93,76257.95,30406
1788755700,2026-09-07T10:05:00,76254.99,76268.06,76244.96,76248.52,40648
1788755760,2026-09-07T10:06:00,76249.58,76257.36,76243.95,76250.32,37443
1788755820,2026-09-07T10:07:00,76253.21,76260.56,76249.76,76252.7,18495
1788755880,2026-09-07T10:08:00,76253.29,76273.76,76248.34,76262.78,29200
1788755940,2026-09-07T10:09:00,76262.95,76274.64,76260.75,76261.66,19649
1788756000,2026-09-07T10:10:00,76256.41,76267.66,76256.07,76260.21,24806
1788756060,2026-09-07T10:11:00,76263.06,76263.06,76249.41,76255.08,29857
1788756120,2026-09-07T10:12:00,76257.48,76263.95,76253.33,76257.18,27614
1788756180,2026-09-07T10:13:00,76254.1,76259.44,76238.74,76238.74,40515
1788756240,2026-09-07T10:14:00,76241.35,76242.4,76216.62,76216.62,40750
1788756300,2026-09-07T10:15:00,76221.52,76233.32,76214.46,76223.13,17193
1788756360,2026-09-07T10:16:00,76224.69,76224.69,76180.03,76182.55,35162
1788756420,2026-09-07T10:17:00,76176.65,76176.65,76164.75,76173.32,52993
1788756480,2026-09-07T10:18:00,76170.36,76189.61,76161.43,76185.76,37736
1788756540,2026-09-07T10:19:00,76184.06,76193.36,76180.56,76182.28,17962
1788756600,2026-09-07T10:20:00,76182.38,76193.26,76180.91,76190.11,111951
1788756660,2026-09-07T10:21:00,76191.72,76204.98,76184.76,76200.92,31482
1788756720,2026-09-07T10:22:00,76200.29,76222.91,76198.1,76217.51,24667
1788756780,2026-09-07T10:23:00,76220.25,76220.89,76203.98,76209.81,14703
1788756840,2026-09-07T10:24:00,76211.88,76214.09,76196.46,76201.7,13872
1788756900,2026-09-07T10:25:00,76196.95,76214.92,76196.95,76210.81,24177
1788756960,2026-09-07T10:26:00,76214.48,76216.04,76205.75,76213.86,10007
1788757020,2026-09-07T10:27:00,76213.15,76218.69,76207.19,76214.82,13985
1788757080,2026-09-07T10:28:00,76216.13,76217.81,76199.34,76199.34,15182
1788757140,2026-09-07T10:29:00,76199.66,76217.7,76198.05,76203.35,28269
1788757200,2026-09-07T10:30:00,76206.57,76211.14,76198.46,76203.23,15971
1788757260,2026-09-07T10:31:00,76201.78,76221.14,76196.29,76215.73,33975
1788757320,2026-09-07T10:32:00,76209.49,76220.26,76204.61,76211.96,30779
1788757380,2026-09-07T10:33:00,76213.01,76213.01,76198.48,76200.59,13873
1788757440,2026-09-07T10:34:00,76201.75,76211.85,76192.54,76204.48,11148
1788757500,2026-09-07T10:35:00,76200.14,76209.33,76194.38,76201.69,14338
1788757560,2026-09-07T10:36:00,76201.77,76214.78,76198.09,76203.74,19766
1788757620,2026-09-07T10:37:00,76204,76225.35,76199.62,76221.21,17961
1788757680,2026-09-07T10:38:00,76221.31,76229.14,76212.41,76213.98,19566
1788757740,2026-09-07T10:39:00,76211.57,76217.81,76206.23,76209.15,7367
1788757800,2026-09-07T10:40:00,76208.57,76208.57,76194.33,76203.26,17847
1788757860,2026-09-07T10:41:00,76204.88,76210.97,76198.13,76199.95,24208
1788757920,2026-09-07T10:42:00,76201.86,76208.84,76193.68,76208.11,11614
1788757980,2026-09-07T10:43:00,76207.84,76216.6,76200.99,76214.73,15800
1788758040,2026-09-07T10:44:00,76214.63,76215.01,76197.28,76210.47,26714
1788758100,2026-09-07T10:45:00,76212.1,76221.65,76192.51,76192.7,16021
1788758160,2026-09-07T10:46:00,76201.19,76214.89,76197.56,76210.78,13928
1788758220,2026-09-07T10:47:00,76210.95,76212.28,76199.9,76205.65,9905
1788758280,2026-09-07T10:48:00,76205.68,76207.06,76189.72,76195.63,16003
1788758340,2026-09-07T10:49:00,76196.27,76197.64,76179.12,76180.18,14896
1788758400,2026-09-07T10:50:00,76183.32,76196.09,76173.52,76192.64,16968
1788758460,2026-09-07T10:51:00,76194.07,76197.1,76172.86,76180.18,12813
1788758520,2026-09-07T10:52:00,76182.65,76192.37,76181.64,76185.05,7590
1788758580,2026-09-07T10:53:00,76184.14,76192.15,76177.31,76178.48,10939
1788758640,2026-09-07T10:54:00,76176.55,76184.02,76160.03,76166.44,21942
1788758700,2026-09-07T10:55:00,76163.51,76166.68,76149.12,76163.02,20474
1788758760,2026-09-07T10:56:00,76162.23,76187.18,76157.7,76179.46,24118
1788758820,2026-09-07T10:57:00,76178.1,76178.1,76165.95,76167.57,10712
1788758880,2026-09-07T10:58:00,76163.08,76170.17,76157.45,76162.66,367000
1788758940,2026-09-07T10:59:00,76167.28,76168.97,76160.31,76161.58,16874
1788759000,2026-09-07T11:00:00,76159.57,76162.61,76143.12,76146.98,54296
1788759060,2026-09-07T11:01:00,76146.16,76158.97,76136.57,76158.78,37432
1788759120,2026-09-07T11:02:00,76162.15,76164.08,76142.01,76145.59,25459
1788759180,2026-09-07T11:03:00,76145.16,76152.14,76137.79,76137.79,54743
1788759240,2026-09-07T11:04:00,76141.76,76141.76,76122.8,76131.45,42143
1788759300,2026-09-07T11:05:00,76133.64,76135.42,76121.59,76134.16,39431
1788759360,2026-09-07T11:06:00,76137.11,76137.11,76113.48,76121.14,22843
1788759420,2026-09-07T11:07:00,76121.25,76130.65,76115.17,76126.7,19729
1788759480,2026-09-07T11:08:00,76127.85,76127.85,76107.98,76113.25,16791
1788759540,2026-09-07T11:09:00,76113.43,76121.77,76105.09,76113.64,25426
1788759600,2026-09-07T11:10:00,76114.05,76119.36,76105.95,76106.25,21796
1788759660,2026-09-07T11:11:00,76107.59,76117.1,76102.91,76106.69,15374
1788759720,2026-09-07T11:12:00,76106.57,76116.97,76098.36,76110.04,6871
1788759780,2026-09-07T11:13:00,76108.59,76109.39,76075.93,76085.71,35828
1788759840,2026-09-07T11:14:00,76082.4,76099.5,76082.4,76098.61,18632
1788759900,2026-09-07T11:15:00,76104.14,76104.62,76081.3,76088.11,36779
1788759960,2026-09-07T11:16:00,76089.19,76100.84,76075.97,76092.23,20989
1788760020,2026-09-07T11:17:00,76097.06,76109.66,76093.21,76106.04,137907
1788760080,2026-09-07T11:18:00,76102.03,76110.18,76092.66,76106.88,118545
1788760140,2026-09-07T11:19:00,76106.43,76106.43,76090.52,76097.05,12287
1788760200,2026-09-07T11:20:00,76097.91,76119.53,76093.1,76116.29,31021
1788760260,2026-09-07T11:21:00,76113.98,76122.62,76108.79,76122.62,32437
1788760320,2026-09-07T11:22:00,76121.78,76128.86,76113.31,76128.86,15833
1788760380,2026-09-07T11:23:00,76127.98,76129.75,76110.97,76121.13,12641
1788760440,2026-09-07T11:24:00,76117.82,76124,76109.01,76109.01,11640
1788760500,2026-09-07T11:25:00,76105.77,76108.71,76092.3,76097.59,25180
1788760560,2026-09-07T11:26:00,76096.05,76103.07,76087.56,76088.03,27008
1788760620,2026-09-07T11:27:00,76092.17,76096.2,76085.19,76093.94,216816
1788760680,2026-09-07T11:28:00,76093.94,76102.01,76083.14,76097.29,216551
1788760740,2026-09-07T11:29:00,76098.22,76098.58,76084.28,76086.79,15408
1788760800,2026-09-07T11:30:00,76088.14,76098.54,76081.82,76093.13,44100
1788760860,2026-09-07T11:31:00,76093.13,76093.75,76079.84,76085.34,43635
1788760920,2026-09-07T11:32:00,76087.01,76101.41,76086.38,76095.18,92343
1788760980,2026-09-07T11:33:00,76097.26,76101.87,76088.19,76095.17,15746
1788761040,2026-09-07T11:34:00,76093.24,76101.04,76089.97,76094.71,17533
1788761100,2026-09-07T11:35:00,76094.71,76096.48,76081.62,76093.93,42835
1788761160,2026-09-07T11:36:00,76092.71,76095.94,76082.38,76092.42,16718
1788761220,2026-09-07T11:37:00,76093.27,76100.58,76088.1,76093.79,9467
1788761280,2026-09-07T11:38:00,76092.81,76094.7,76082.07,76083.27,24594
1788761340,2026-09-07T11:39:00,76084.26,76085.89,76078.21,76084.78,28199
1788761400,2026-09-07T11:40:00,76088.13,76088.37,76071.13,76078.53,31115
1788761460,2026-09-07T11:41:00,76078.83,76085.05,76068.48,76079.65,22725
1788761520,2026-09-07T11:42:00,76083.02,76099.81,76071.38,76099.78,121908
1788761580,2026-09-07T11:43:00,76100.08,76107.57,76097.84,76097.84,112172
1788761640,2026-09-07T11:44:00,76097.31,76111.98,76097.31,76111.83,9487
1788761700,2026-09-07T11:45:00,76114.37,76118.31,76107.95,76110.04,15786
1788761760,2026-09-07T11:46:00,76109.47,76113.1,76100.22,76112.52,13655
1788761820,2026-09-07T11:47:00,76112.26,76115.51,76100.58,76109.65,30611
1788761880,2026-09-07T11:48:00,76111.8,76111.8,76092.01,76100.15,14789
1788761940,2026-09-07T11:49:00,76099.17,76104.19,76083.34,76098.72,9533
1788762000,2026-09-07T11:50:00,76101.36,76104.43,76090.9,76096.39,17709
1788762060,2026-09-07T11:51:00,76096.17,76100.39,76081.58,76087.26,1030473
1788762120,2026-09-07T11:52:00,76094.28,76107.68,76091.91,76107.68,35591
1788762180,2026-09-07T11:53:00,76108.14,76112.69,76096.59,76105.28,10414
1788762240,2026-09-07T11:54:00,76103.6,76119.66,76103.51,76108.57,28334
1788762300,2026-09-07T11:55:00,76109.97,76117.91,76098.86,76107.97,11395
1788762360,2026-09-07T11:56:00,76108.93,76114.17,76088.73,76089.12,11195
1788762420,2026-09-07T11:57:00,76089.12,76101.82,76084.34,76101.82,27107
1788762480,2026-09-07T11:58:00,76103,76112.15,76093.88,76102.37,9062
1788762540,2026-09-07T11:59:00,76102.22,76115.9,76102.22,76107.2,13379
1788762600,2026-09-07T12:00:00,76106.26,76113.73,76100.22,76103.78,17446
1788762660,2026-09-07T12:01:00,76107.25,76107.38,76087.23,76100.28,13167
1788762720,2026-09-07T12:02:00,76099.54,76106.03,76094.51,76096.44,7462
1788762780,2026-09-07T12:03:00,76097.09,76106.49,76094.27,76102.39,11674
1788762840,2026-09-07T12:04:00,76102.39,76107.55,76089.08,76100.74,11224
1788762900,2026-09-07T12:05:00,76100.74,76103.4,76085.98,76085.98,30589
1788762960,2026-09-07T12:06:00,76092.48,76104.91,76092.13,76099.44,32440
1788763020,2026-09-07T12:07:00,76099.44,76110.92,76099.44,76106.78,11357
1788763080,2026-09-07T12:08:00,76108.78,76123.91,76104.35,76123.33,17198
1788763140,2026-09-07T12:09:00,76123.02,76138.74,76122.21,76133.9,10381
1788763200,2026-09-07T12:10:00,76129.94,76131.88,76112.33,76113.46,13097
1788763260,2026-09-07T12:11:00,76113.17,76119.08,76105.64,76117.71,10659
1788763320,2026-09-07T12:12:00,76119.26,76125.24,76111.19,76124.57,12068
1788763380,2026-09-07T12:13:00,76124.57,76132.24,76108.91,76111.06,7391
1788763440,2026-09-07T12:14:00,76113.68,76135.59,76111.69,76134.16,127444
1788763500,2026-09-07T12:15:00,76130.5,76133.8,76121.37,76125.49,14953
1788763560,2026-09-07T12:16:00,76123.45,76131.47,76116.09,76117.19,6674
1788763620,2026-09-07T12:17:00,76117.76,76121.98,76105.87,76109.06,9071
1788763680,2026-09-07T12:18:00,76109.63,76113.17,76095.87,76099.34,18174
1788763740,2026-09-07T12:19:00,76099.47,76102.7,76081.22,76082.87,35121
1788763800,2026-09-07T12:20:00,76082.87,76090.24,76077.96,76083.8,12190
1788763860,2026-09-07T12:21:00,76084.12,76085.94,76068.89,76072.76,12933
1788763920,2026-09-07T12:22:00,76072.19,76075.32,76062.95,76066.45,9309
1788763980,2026-09-07T12:23:00,76065.67,76065.78,76051.52,76061.18,7281
1788764040,2026-09-07T12:24:00,76061.18,76073.92,76057.59,76066.51,12663
1788764100,2026-09-07T12:25:00,76067.1,76077.96,76065.1,76070.29,13472
1788764160,2026-09-07T12:26:00,76071.3,76072.49,76059.95,76068.52,16579
1788764220,2026-09-07T12:27:00,76065.3,76071.25,76060.95,76065.54,13001
1788764280,2026-09-07T12:28:00,76063.53,76063.53,76048.23,76053.46,15529
1788764340,2026-09-07T12:29:00,76051.89,76061.06,76042.29,76042.29,28858
1788764400,2026-09-07T12:30:00,76047.6,76050.47,76035.73,76036.2,45744
1788764460,2026-09-07T12:31:00,76035.28,76041.21,76027.25,76035.63,17343
1788764520,2026-09-07T12:32:00,76037.15,76055.08,76033.47,76052.67,5392
1788764580,2026-09-07T12:33:00,76050.6,76056.44,76043.09,76052.9,8683
1788764640,2026-09-07T12:34:00,76053.5,76062.19,76049.57,76053.46,8657
1788764700,2026-09-07T12:35:00,76046.66,76054.18,76021.56,76024.43,34596
1788764760,2026-09-07T12:36:00,76030.09,76042.54,76025.37,76041.53,19124
1788764820,2026-09-07T12:37:00,76041.67,76074.83,76038.77,76069.57,90072
1788764880,2026-09-07T12:38:00,76063.82,76082.4,76059.9,76062.02,14279
1788764940,2026-09-07T12:39:00,76061.9,76079.78,76048.83,76055.96,26770
1788765000,2026-09-07T12:40:00,76056.76,76067.28,76050.83,76061.8,23647
1788765060,2026-09-07T12:41:00,76061.19,76067.8,76044.9,76061.2,27498
1788765120,2026-09-07T12:42:00,76057.99,76069.62,76047.53,76047.53,11605
1788765180,2026-09-07T12:43:00,76049.62,76061.98,76045.93,76055.97,7421
1788765240,2026-09-07T12:44:00,76053.62,76054.54,76041.89,76049.8,25351
1788765300,2026-09-07T12:45:00,76050.11,76050.11,76037.4,76041.85,9839
1788765360,2026-09-07T12:46:00,76041.85,76042.25,76029.18,76038.58,147668
1788765420,2026-09-07T12:47:00,76039.31,76041.94,76021.77,76027.64,127874
1788765480,2026-09-07T12:48:00,76029.97,76034.06,76019.25,76034.06,63200
1788765540,2026-09-07T12:49:00,76033.18,76035.56,76024.23,76028.16,21371
1788765600,2026-09-07T12:50:00,76028.8,76031.02,76005.63,76008.11,14322
1788765660,2026-09-07T12:51:00,76006,76009.21,75996.11,75999.9,17101
1788765720,2026-09-07T12:52:00,76001.43,76009.06,75989.11,75994.4,11434
1788765780,2026-09-07T12:53:00,75995.87,75999.6,75992.77,75996.71,8844
1788765840,2026-09-07T12:54:00,75997.28,75997.28,75984.07,75990.55,7626
1788765900,2026-09-07T12:55:00,75990.65,75994.51,75985.09,75988.03,5472
1788765960,2026-09-07T12:56:00,75986.11,75993.78,75980.69,75991.79,26966
1788766020,2026-09-07T12:57:00,75993.07,75994.01,75983.63,75990.21,23742
1788766080,2026-09-07T12:58:00,75990.24,76006.08,75989.55,75997.68,12278
1788766140,2026-09-07T12:59:00,75997.6,76005.19,75994.49,76002.03,7364
1788766200,2026-09-07T13:00:00,76002.03,76003.07,75990.03,75997.44,5814
1788766260,2026-09-07T13:01:00,75998.01,76006.25,75989.97,75998.85,8697
1788766320,2026-09-07T13:02:00,75998.4,76021.77,75998.4,76006.71,6307
1788766380,2026-09-07T13:03:00,76005.47,76012.89,76002.81,76002.81,745638
1788766440,2026-09-07T13:04:00,76001.32,76007.68,75991.86,76003.33,9964
1788766500,2026-09-07T13:05:00,76003.33,76019.64,75999.71,76007.47,18395
1788766560,2026-09-07T13:06:00,76007.46,76027.81,76007.46,76026.01,8921
1788766620,2026-09-07T13:07:00,76024.21,76033.93,76020.58,76024.57,15464
1788766680,2026-09-07T13:08:00,76025.68,76035.54,76014.96,76024.64,8323
1788766740,2026-09-07T13:09:00,76024.98,76030.32,76011.19,76025.48,9143
1788766800,2026-09-07T13:10:00,76025.48,76033.2,76020.32,76024.24,8999
1788766860,2026-09-07T13:11:00,76023.04,76027.83,76017.24,76018.7,4846
1788766920,2026-09-07T13:12:00,76019.32,76033.64,76016.67,76032.91,19499
1788766980,2026-09-07T13:13:00,76033.08,76033.83,76025.8,76032.54,4011
1788767040,2026-09-07T13:14:00,76030.01,76039.46,76026.75,76028.23,6150
1788767100,2026-09-07T13:15:00,76027.12,76035.23,76019.04,76032.57,10736
1788767160,2026-09-07T13:16:00,76033.27,76035.56,76022.15,76025.93,11369
1788767220,2026-09-07T13:17:00,76026.79,76029.08,76016.39,76026.23,8789
1788767280,2026-09-07T13:18:00,76025.46,76025.7,76014.04,76023.26,17838
1788767340,2026-09-07T13:19:00,76021.58,76035.93,76015.16,76035.93,11941
1788767400,2026-09-07T13:20:00,76036.46,76044.51,76023.98,76038.44,8968
1788767460,2026-09-07T13:21:00,76038.44,76047.09,76038.28,76040.65,10249
1788767520,2026-09-07T13:22:00,76040.65,76052.97,76040.65,76047.87,24211
1788767580,2026-09-07T13:23:00,76048.93,76050.39,76040.14,76041.29,13556
1788767640,2026-09-07T13:24:00,76041.68,76050.45,76034.56,76042.95,8190
1788767700,2026-09-07T13:25:00,76047.72,76055.53,76037.98,76055.53,5969
1788767760,2026-09-07T13:26:00,76055.57,76055.57,76037.37,76052.7,15133
1788767820,2026-09-07T13:27:00,76052.7,76056.07,76041.24,76049.81,7889
1788767880,2026-09-07T13:28:00,76051.8,76055.92,76041.93,76041.93,4178
1788767940,2026-09-07T13:29:00,76042.19,76046.71,76030.12,76035.03,7287
1788768000,2026-09-07T13:30:00,76033.64,76039.41,76026.76,76030.01,7621
1788768060,2026-09-07T13:31:00,76033.15,76039.04,76030.67,76036.33,7192
1788768120,2026-09-07T13:32:00,76035.33,76035.83,76013.66,76019.94,28768
1788768180,2026-09-07T13:33:00,76021.87,76037.63,76018.7,76024.68,7999
1788768240,2026-09-07T13:34:00,76026.19,76032.7,76018.41,76031.21,14640
1788768300,2026-09-07T13:35:00,76031.75,76032.72,76019.41,76025.31,7952
1788768360,2026-09-07T13:36:00,76025.11,76036.13,76019.53,76036.13,33343
1788768420,2026-09-07T13:37:00,76035.97,76058.55,76028.19,76055.13,40939
1788768480,2026-09-07T13:38:00,76052.34,76056.24,76043,76055.61,542129
1788768540,2026-09-07T13:39:00,76055.61,76057.9,76045.95,76051.42,36685
1788768600,2026-09-07T13:40:00,76050.46,76056.35,76039.37,76045.35,8769
1788768660,2026-09-07T13:41:00,76044.21,76051.07,76034.98,76050.91,7422
1788768720,2026-09-07T13:42:00,76050.11,76053.65,76043.14,76046.13,9836
1788768780,2026-09-07T13:43:00,76041.05,76045.65,76035.88,76045.18,9767
1788768840,2026-09-07T13:44:00,76045.59,76058.4,76042.53,76050.36,13320
1788768900,2026-09-07T13:45:00,76049.72,76062.23,76041.13,76051.2,33087
1788768960,2026-09-07T13:46:00,76050.9,76068.57,76048.73,76066.85,17125
1788769020,2026-09-07T13:47:00,76067.14,76073.89,76062.28,76066.09,9422
1788769080,2026-09-07T13:48:00,76066.14,76067.42,76051.16,76058.93,18060
1788769140,2026-09-07T13:49:00,76057.91,76067.23,76057.51,76060.93,7327
1788769200,2026-09-07T13:50:00,76060.18,76071.58,76057.76,76064.1,6671
1788769260,2026-09-07T13:51:00,76065.01,76074.1,76065,76068.85,10183
1788769320,2026-09-07T13:52:00,76069.24,76077.53,76062.1,76076.66,9691
1788769380,2026-09-07T13:53:00,76077.55,76117.18,76073.56,76109.77,20638
1788769440,2026-09-07T13:54:00,76109.92,76115.9,76100.38,76106.61,17869
1788769500,2026-09-07T13:55:00,76108.54,76111.78,76105.17,76105.61,13923
1788769560,2026-09-07T13:56:00,76103.79,76107.92,76099.77,76101.41,12512
1788769620,2026-09-07T13:57:00,76101.52,76113.19,76099.17,76099.98,18806
1788769680,2026-09-07T13:58:00,76099.86,76110.62,76099.55,76106.16,5666
1788769740,2026-09-07T13:59:00,76106.16,76108.92,76100.45,76105.49,6844
1788769800,2026-09-07T14:00:00,76106.26,76115.65,76103.45,76115.08,32180
1788769860,2026-09-07T14:01:00,76111.24,76120.71,76107.82,76117.99,21047
1788769920,2026-09-07T14:02:00,76116.36,76128.15,76113.48,76123.16,27905
1788769980,2026-09-07T14:03:00,76123.75,76129.93,76107.05,76115.07,16251
1788770040,2026-09-07T14:04:00,76115.65,76123.78,76111.04,76113.46,6566
1788770100,2026-09-07T14:05:00,76113.4,76118.19,76104.52,76110.61,6205
1788770160,2026-09-07T14:06:00,76112.42,76113.04,76078.49,76082.53,29412
1788770220,2026-09-07T14:07:00,76082.99,76095.39,76080.63,76084.04,32336
1788770280,2026-09-07T14:08:00,76085.39,76088.4,76069.07,76070.05,47337
1788770340,2026-09-07T14:09:00,76069.58,76089.55,76069.56,76082.98,5402
1788770400,2026-09-07T14:10:00,76081.27,76091.47,76080.28,76087.96,6813
1788770460,2026-09-07T14:11:00,76089.13,76092.26,76080.43,76083.08,5684
1788770520,2026-09-07T14:12:00,76083.08,76093.25,76082.69,76091.58,8108
1788770580,2026-09-07T14:13:00,76092.69,76094.34,76083.54,76086.29,7673
1788770640,2026-09-07T14:14:00,76086.46,76095.96,76084.45,76084.92,8684
1788770700,2026-09-07T14:15:00,76087.17,76096.89,76083.91,76083.91,10044
1788770760,2026-09-07T14:16:00,76083.91,76092.18,76081.81,76086.48,6118
1788770820,2026-09-07T14:17:00,76086.39,76087.64,76073.54,76076.96,11744
1788770880,2026-09-07T14:18:00,76076.96,76085.77,76075.02,76082.65,8374
1788770940,2026-09-07T14:19:00,76085.22,76087.55,76076.7,76082.49,15451
1788771000,2026-09-07T14:20:00,76082.49,76094.47,76080.61,76092.11,9857
1788771060,2026-09-07T14:21:00,76094.67,76096.45,76086.32,76094.12,16416
1788771120,2026-09-07T14:22:00,76094.66,76101.19,76087.66,76089.45,10844
1788771180,2026-09-07T14:23:00,76093.66,76109.45,76091.04,76109.45,11126
1788771240,2026-09-07T14:24:00,76110.1,76117.23,76102.73,76109.61,13207
1788771300,2026-09-07T14:25:00,76109.15,76122.61,76106.95,76116.91,15954
1788771360,2026-09-07T14:26:00,76114.73,76125.01,76113.74,76116.78,20247
1788771420,2026-09-07T14:27:00,76116.78,76125.75,76116.57,76118.94,12635
1788771480,2026-09-07T14:28:00,76119.52,76123.96,76112.97,76122.81,37456
1788771540,2026-09-07T14:29:00,76121.56,76132.4,76115.35,76125.83,23134
1788771600,2026-09-07T14:30:00,76124.73,76133.69,76124.73,76127.9,17355
1788771660,2026-09-07T14:31:00,76129.02,76129.02,76097.98,76102.69,16330
1788771720,2026-09-07T14:32:00,76102.85,76108.53,76095.73,76098.89,10146
1788771780,2026-09-07T14:33:00,76099.54,76108.64,76096.32,76105.29,20318
1788771840,2026-09-07T14:34:00,76103.94,76105.34,76091.21,76095.5,9893
1788771900,2026-09-07T14:35:00,76094.99,76104.95,76090.05,76090.05,12100
1788771960,2026-09-07T14:36:00,76092.8,76100.97,76090.88,76100.97,10295
1788772020,2026-09-07T14:37:00,76100.68,76101.69,76081.38,76089,7085
1788772080,2026-09-07T14:38:00,76088.96,76089.46,76078.72,76082.49,10565
1788772140,2026-09-07T14:39:00,76073.72,76079.33,76065.63,76067.82,10203
1788772200,2026-09-07T14:40:00,76064.21,76066.63,76054.11,76054.11,18827
1788772260,2026-09-07T14:41:00,76054.43,76058.11,76038.32,76044.22,16169
1788772320,2026-09-07T14:42:00,76043.43,76060.14,76037.09,76060.14,6443
1788772380,2026-09-07T14:43:00,76058.43,76059.3,76046.28,76052.45,11930
1788772440,2026-09-07T14:44:00,76047.66,76052.52,76037.07,76050.13,11160
1788772500,2026-09-07T14:45:00,76048.76,76049.26,76023.73,76025.53,9998
1788772560,2026-09-07T14:46:00,76029.7,76036.8,76026.64,76031.56,10684
1788772620,2026-09-07T14:47:00,76028.58,76035.4,76021.19,76023.13,19147
1788772680,2026-09-07T14:48:00,76028.66,76034.7,76017.18,76023.11,29281
1788772740,2026-09-07T14:49:00,76025.3,76031.71,76019.01,76030.28,16167
1788772800,2026-09-07T14:50:00,76029.77,76038.52,76017.3,76036.03,13044
1788772860,2026-09-07T14:51:00,76035.91,76056.7,76029.82,76056.64,34911
1788772920,2026-09-07T14:52:00,76057.28,76057.28,76016.98,76019.38,40051
1788772980,2026-09-07T14:53:00,76019.66,76020.41,75999.25,76006.96,31564
1788773040,2026-09-07T14:54:00,76009.82,76013.98,75994.57,76006.93,10077
1788773100,2026-09-07T14:55:00,76006.23,76021.38,76001.03,76012.11,12878
1788773160,2026-09-07T14:56:00,76012.47,76025.71,76012.47,76017.04,18876
1788773220,2026-09-07T14:57:00,76018.22,76024.74,76004.82,76011.57,21200
1788773280,2026-09-07T14:58:00,76014.6,76018.64,75993.91,75993.91,20702
1788773340,2026-09-07T14:59:00,75997.68,76002.86,75987.6,75991.56,27498
1788773400,2026-09-07T15:00:00,75998.68,76000.41,75981.85,75999.87,38578
1788773460,2026-09-07T15:01:00,76002.66,76024.23,76002.66,76015.27,23242
1788773520,2026-09-07T15:02:00,76015.74,76027.01,76004.8,76027.01,37760
1788773580,2026-09-07T15:03:00,76020.93,76027.84,76018.13,76022.7,19473
1788773640,2026-09-07T15:04:00,76020.6,76023.48,76011.23,76011.57,50984
1788773700,2026-09-07T15:05:00,76008.01,76013.05,75996.8,76006.03,57434
1788773760,2026-09-07T15:06:00,76005.66,76009.16,75990.87,76003.53,31152
1788773820,2026-09-07T15:07:00,76000.78,76012.33,75994.39,76006.81,27336
1788773880,2026-09-07T15:08:00,76006.64,76019.3,75998.31,75998.31,21912
1788773940,2026-09-07T15:09:00,75998.07,75998.07,75973.04,75979.69,32571
1788774000,2026-09-07T15:10:00,75979.64,75996.96,75975.37,75996.96,36192
1788774060,2026-09-07T15:11:00,75997.43,75999.63,75970.52,75998.66,56731
1788774120,2026-09-07T15:12:00,75997.28,76016.08,75982.66,76015.33,94756
1788774180,2026-09-07T15:13:00,76017.77,76040.25,75995.15,76039.02,40033
1788774240,2026-09-07T15:14:00,76038.24,76058.19,76026.68,76042.19,28657
1788774300,2026-09-07T15:15:00,76051.42,76051.42,76051.42,76051.42,28657
1788774360,2026-09-07T15:16:00,76051.42,76051.42,76051.42,76051.42,28657
1788774420,2026-09-07T15:17:00,76051.42,76051.42,76051.42,76051.42,28657
1788774480,2026-09-07T15:18:00,76051.42,76051.42,76051.42,76051.42,28657
1788774540,2026-09-07T15:19:00,76051.42,76051.42,76051.42,76051.42,28657
1788774600,2026-09-07T15:20:00,76051.42,76051.42,76051.42,76051.42,28657
1788774660,2026-09-07T15:21:00,76051.42,76051.42,76051.42,76051.42,28657
1788774720,2026-09-07T15:22:00,76051.42,76051.42,76051.42,76051.42,28657
1788774780,2026-09-07T15:23:00,76051.42,76051.42,76051.42,76051.42,28657
1788774840,2026-09-07T15:24:00,76051.42,76051.42,76051.42,76051.42,28657
1788774900,2026-09-07T15:25:00,76051.42,76051.42,76051.42,76051.42,28657
1788774960,2026-09-07T15:26:00,76051.42,76051.42,76051.42,76051.42,28657
1788775020,2026-09-07T15:27:00,76051.42,76051.42,76051.42,76051.42,28657
1788775080,2026-09-07T15:28:00,76051.42,76132.81,76051.42,76132.81,28657
1788775140,2026-09-07T15:29:00,76132.81,76132.81,76132.81,76132.81,28657
1788839100,2026-09-08T09:15:00,75970.28,76012.11,75801.71,75811.44,146925
1788839160,2026-09-08T09:16:00,75817.57,75829.79,75770.5,75811.31,53843
1788839220,2026-09-08T09:17:00,75816.04,75827.88,75796,75800.36,80435
1788839280,2026-09-08T09:18:00,75798.51,75824.48,75791.23,75806.64,37701
1788839340,2026-09-08T09:19:00,75808.01,75816.18,75793.13,75807.76,56463
1788839400,2026-09-08T09:20:00,75803.4,75808.43,75784.03,75795.28,55783
1788839460,2026-09-08T09:21:00,75793.63,75804.38,75782.28,75792.12,99360
1788839520,2026-09-08T09:22:00,75790.6,75811.36,75773.89,75811.36,62443
1788839580,2026-09-08T09:23:00,75804.66,75804.66,75767.68,75769.67,27573
1788839640,2026-09-08T09:24:00,75770.69,75770.69,75749.65,75753.8,36198
1788839700,2026-09-08T09:25:00,75751.53,75764.77,75745.09,75762.73,52563
1788839760,2026-09-08T09:26:00,75761.17,75771.34,75754.31,75762.43,27170
1788839820,2026-09-08T09:27:00,75755.76,75766.38,75744.03,75747.1,31949
1788839880,2026-09-08T09:28:00,75747.72,75752.5,75721.82,75728.23,29162
1788839940,2026-09-08T09:29:00,75730.01,75739.5,75720.94,75725.97,22684
1788840000,2026-09-08T09:30:00,75728.47,75738.88,75714.61,75723.81,42958
1788840060,2026-09-08T09:31:00,75725.85,75743.15,75725.31,75742.16,39908
1788840120,2026-09-08T09:32:00,75739.67,75744.39,75724.48,75725.08,17088
1788840180,2026-09-08T09:33:00,75729.04,75734.68,75723.56,75732.21,24790
1788840240,2026-09-08T09:34:00,75728.17,75736.63,75722.3,75728.48,14805
1788840300,2026-09-08T09:35:00,75730.49,75756.95,75727.12,75755.29,24427
1788840360,2026-09-08T09:36:00,75754.07,75765.58,75741.53,75762.74,29724
1788840420,2026-09-08T09:37:00,75762.86,75781.08,75757.09,75776.12,23812
1788840480,2026-09-08T09:38:00,75775.64,75788.81,75773.42,75781.82,19578
1788840540,2026-09-08T09:39:00,75781.24,75790.32,75768.26,75779.9,29339
1788840600,2026-09-08T09:40:00,75779.94,75781.29,75754.6,75762.19,56976
1788840660,2026-09-08T09:41:00,75759.52,75777.66,75759.52,75774.8,32192
1788840720,2026-09-08T09:42:00,75774.72,75777.32,75746.74,75746.74,24250
1788840780,2026-09-08T09:43:00,75742.45,75760.61,75736.74,75742.65,18960
1788840840,2026-09-08T09:44:00,75742.04,75743.87,75723.4,75739.72,21184
1788840900,2026-09-08T09:45:00,75735.46,75755.87,75735.46,75751.08,44880
1788840960,2026-09-08T09:46:00,75750.63,75767.12,75738.94,75767.12,50303
1788841020,2026-09-08T09:47:00,75767.81,75771.62,75757.96,75769.81,101308
1788841080,2026-09-08T09:48:00,75768.5,75773.78,75759.92,75773.09,36692
1788841140,2026-09-08T09:49:00,75774.22,75790.99,75764.26,75790.54,34183
1788841200,2026-09-08T09:50:00,75787.02,75800.74,75787.02,75795.68,63964
1788841260,2026-09-08T09:51:00,75796.67,75798.46,75772.73,75776.01,15247
1788841320,2026-09-08T09:52:00,75777.47,75778.29,75756.09,75759.1,23242
1788841380,2026-09-08T09:53:00,75759.64,75764.53,75747,75759.25,46431
1788841440,2026-09-08T09:54:00,75759.77,75761.27,75750.08,75754.25,32926
1788841500,2026-09-08T09:55:00,75756.83,75757.65,75741.38,75745.02,34570
1788841560,2026-09-08T09:56:00,75743.05,75748.64,75734.39,75741.89,39984
1788841620,2026-09-08T09:57:00,75740.74,75750.78,75737.08,75744.73,221181
1788841680,2026-09-08T09:58:00,75742.11,75748,75731.84,75732.48,19351
1788841740,2026-09-08T09:59:00,75731.18,75733.44,75721.14,75729.74,15504
1788841800,2026-09-08T10:00:00,75731.06,75742.66,75728.94,75736.29,20729
1788841860,2026-09-08T10:01:00,75743.6,75748.28,75736.09,75738.84,32536
1788841920,2026-09-08T10:02:00,75738.65,75739.93,75723.69,75725.52,16621
1788841980,2026-09-08T10:03:00,75716.97,75719.03,75697.02,75706.65,26891
1788842040,2026-09-08T10:04:00,75706.65,75715.77,75704.87,75705.92,19326
1788842100,2026-09-08T10:05:00,75707.81,75718.23,75698.95,75706.88,23734
1788842160,2026-09-08T10:06:00,75700.59,75717.14,75700.59,75714.87,18602
1788842220,2026-09-08T10:07:00,75712.67,75757.74,75712.67,75754.85,29109
1788842280,2026-09-08T10:08:00,75750.67,75771.59,75749.96,75766.17,15792
1788842340,2026-09-08T10:09:00,75770.81,75772.6,75761.12,75768.44,13338
1788842400,2026-09-08T10:10:00,75768.14,75776.5,75765.74,75770.52,58423
1788842460,2026-09-08T10:11:00,75772.07,75775.19,75760.89,75769.5,12703
1788842520,2026-09-08T10:12:00,75770.47,75785.18,75766.42,75785.18,27216
1788842580,2026-09-08T10:13:00,75789.58,75828.17,75788.93,75824.82,21968
1788842640,2026-09-08T10:14:00,75827.03,75841.41,75808.19,75841.41,20553
1788842700,2026-09-08T10:15:00,75843.47,75876.89,75843.42,75846.23,23444
1788842760,2026-09-08T10:16:00,75849.23,75849.23,75834.84,75842.64,20802
1788842820,2026-09-08T10:17:00,75845.45,75855.85,75841.25,75854.16,41616
1788842880,2026-09-08T10:18:00,75847.01,75848.79,75818.35,75818.35,36235
1788842940,2026-09-08T10:19:00,75815.96,75846.09,75815.96,75839.23,17633
1788843000,2026-09-08T10:20:00,75841.76,75843.64,75831.94,75840.02,57090
1788843060,2026-09-08T10:21:00,75840.02,75842.81,75824.25,75829.87,31964
1788843120,2026-09-08T10:22:00,75829.44,75840.57,75822.87,75835.29,12353
1788843180,2026-09-08T10:23:00,75835.4,75840.27,75824.43,75834.91,19899
1788843240,2026-09-08T10:24:00,75829.52,75833.14,75811.94,75813.74,22614
1788843300,2026-09-08T10:25:00,75810.88,75812.44,75784.69,75785.21,25978
1788843360,2026-09-08T10:26:00,75788.38,75795.68,75785.14,75789.48,17373
1788843420,2026-09-08T10:27:00,75787.37,75809.25,75786.25,75803.63,33494
1788843480,2026-09-08T10:28:00,75802.64,75805.04,75789.6,75797.48,14401
1788843540,2026-09-08T10:29:00,75799.85,75804.29,75781.55,75796.21,59346
1788843600,2026-09-08T10:30:00,75794.07,75806.14,75788.47,75794.67,16449
1788843660,2026-09-08T10:31:00,75799.46,75820.91,75794.46,75795.77,15957
1788843720,2026-09-08T10:32:00,75795.77,75798.93,75777.24,75779.97,19820
1788843780,2026-09-08T10:33:00,75782.58,75784.9,75774.03,75781.16,10605
1788843840,2026-09-08T10:34:00,75775.33,75785.58,75773.55,75783.57,6887
1788843900,2026-09-08T10:35:00,75784.48,75786.86,75766.38,75769.46,13568
1788843960,2026-09-08T10:36:00,75771.87,75771.87,75733.85,75733.85,47940
1788844020,2026-09-08T10:37:00,75732.08,75737.48,75722.2,75736.4,18113
1788844080,2026-09-08T10:38:00,75734.66,75738.62,75719.39,75721.65,40291
1788844140,2026-09-08T10:39:00,75720.75,75722.69,75711.83,75722.25,22958
1788844200,2026-09-08T10:40:00,75721.9,75724.02,75710.55,75722.19,12977
1788844260,2026-09-08T10:41:00,75721.58,75732.5,75717.02,75727.61,9120
1788844320,2026-09-08T10:42:00,75726.96,75732.57,75719.96,75728.72,10443
1788844380,2026-09-08T10:43:00,75727.92,75727.92,75711.84,75711.84,9054
1788844440,2026-09-08T10:44:00,75715.16,75723.45,75711.94,75719.72,31211
1788844500,2026-09-08T10:45:00,75718.65,75731.56,75710.02,75729.55,17908
1788844560,2026-09-08T10:46:00,75727.27,75754.97,75722.2,75754.52,13322
1788844620,2026-09-08T10:47:00,75749.97,75766.05,75749.97,75766.05,13133
1788844680,2026-09-08T10:48:00,75763.32,75770.4,75763.32,75768.29,11191
1788844740,2026-09-08T10:49:00,75767.01,75785.03,75763.62,75782.38,49590
1788844800,2026-09-08T10:50:00,75782.97,75804.9,75779.12,75802.72,64091
1788844860,2026-09-08T10:51:00,75802.57,75807.79,75797.58,75800.05,30665
1788844920,2026-09-08T10:52:00,75800.14,75803.38,75785.62,75790.95,18347
1788844980,2026-09-08T10:53:00,75787.81,75791.5,75773.05,75779.46,10120
1788845040,2026-09-08T10:54:00,75779.06,75783.31,75752.78,75754.04,11012
1788845100,2026-09-08T10:55:00,75756.14,75761.91,75726.84,75748.47,17787
1788845160,2026-09-08T10:56:00,75747.07,75747.07,75726,75726,10135
1788845220,2026-09-08T10:57:00,75726.89,75732.27,75719.31,75721.21,8530
1788845280,2026-09-08T10:58:00,75720.95,75730.75,75712.31,75712.44,15685
1788845340,2026-09-08T10:59:00,75710.82,75719.45,75705.12,75710.41,12459
1788845400,2026-09-08T11:00:00,75710.08,75716.64,75705.61,75711.12,16740
1788845460,2026-09-08T11:01:00,75706.38,75706.38,75694.88,75702.67,123308
1788845520,2026-09-08T11:02:00,75700.35,75715.62,75700.12,75704.99,13427
1788845580,2026-09-08T11:03:00,75707.73,75713.21,75698.02,75704.21,29747
1788845640,2026-09-08T11:04:00,75702.75,75714.84,75687.49,75688.19,13471
1788845700,2026-09-08T11:05:00,75688.34,75698.94,75678.64,75698.94,33162
1788845760,2026-09-08T11:06:00,75698.37,75704.49,75693.11,75703.49,29034
1788845820,2026-09-08T11:07:00,75703.49,75712.59,75694.7,75709.06,12262
1788845880,2026-09-08T11:08:00,75706.67,75724.03,75705.95,75716.27,15570
1788845940,2026-09-08T11:09:00,75722.1,75731.41,75710.01,75723.42,32930
1788846000,2026-09-08T11:10:00,75721.72,75731.84,75711.01,75719.22,25738
1788846060,2026-09-08T11:11:00,75715.97,75722.05,75701.19,75718.37,14524
1788846120,2026-09-08T11:12:00,75717.72,75731.68,75713.92,75713.92,21205
1788846180,2026-09-08T11:13:00,75711.06,75725.16,75709.08,75723.58,13814
1788846240,2026-09-08T11:14:00,75723.74,75725.63,75709.14,75723.83,23885
1788846300,2026-09-08T11:15:00,75723.68,75725.08,75709.79,75722.65,13610
1788846360,2026-09-08T11:16:00,75719.32,75737.89,75710.68,75731.87,42947
1788846420,2026-09-08T11:17:00,75731.87,75739.75,75724.22,75735.03,56277
1788846480,2026-09-08T11:18:00,75730.75,75746.13,75730.75,75736.51,17054
1788846540,2026-09-08T11:19:00,75739.98,75748.95,75738.35,75744.41,12196
1788846600,2026-09-08T11:20:00,75744.72,75751.18,75739.23,75739.53,57679
1788846660,2026-09-08T11:21:00,75740.1,75746.94,75732.28,75734.9,6645
1788846720,2026-09-08T11:22:00,75736.83,75736.83,75719.88,75722.09,9420
1788846780,2026-09-08T11:23:00,75723.76,75728.72,75711.65,75727.88,8898
1788846840,2026-09-08T11:24:00,75724.12,75727.49,75705.27,75708.86,8974
1788846900,2026-09-08T11:25:00,75712.57,75737.92,75710.86,75737.27,78354
1788846960,2026-09-08T11:26:00,75735.92,75750.4,75730.92,75740.99,58613
1788847020,2026-09-08T11:27:00,75739.21,75743.23,75733.48,75735.07,27309
1788847080,2026-09-08T11:28:00,75732.89,75746.48,75713.02,75716.62,35075
1788847140,2026-09-08T11:29:00,75716.4,75717.13,75695.32,75702.16,21483
1788847200,2026-09-08T11:30:00,75701.04,75717.26,75692.28,75692.28,36287
1788847260,2026-09-08T11:31:00,75696.2,75698.03,75676.21,75698.03,11916
1788847320,2026-09-08T11:32:00,75696.39,75706.6,75690.63,75698.41,8640
1788847380,2026-09-08T11:33:00,75698.42,75701.42,75679.73,75686.58,7989
1788847440,2026-09-08T11:34:00,75687.17,75687.4,75668.48,75672.62,17652
1788847500,2026-09-08T11:35:00,75674.74,75691.47,75672.32,75687.15,82824
1788847560,2026-09-08T11:36:00,75682.86,75692.23,75682.86,75689.94,10709
1788847620,2026-09-08T11:37:00,75689.54,75695.81,75683.1,75689.15,28815
1788847680,2026-09-08T11:38:00,75688.75,75706.2,75686.83,75698.63,43064
1788847740,2026-09-08T11:39:00,75697.6,75704.25,75691.87,75693.46,55296
1788847800,2026-09-08T11:40:00,75694.07,75715.57,75693.18,75709.51,472848
1788847860,2026-09-08T11:41:00,75714.91,75717.77,75708.33,75716.87,25040
1788847920,2026-09-08T11:42:00,75717.2,75718.27,75691.75,75700.93,23838
1788847980,2026-09-08T11:43:00,75702.08,75714.43,75694.78,75699.41,12631
1788848040,2026-09-08T11:44:00,75699.71,75703.7,75689.42,75701.45,13843
1788848100,2026-09-08T11:45:00,75703.57,75713.27,75696.27,75707.54,12740
1788848160,2026-09-08T11:46:00,75707.42,75712.41,75699.03,75699.03,13519
1788848220,2026-09-08T11:47:00,75699.71,75705.73,75694.19,75702.34,16700
1788848280,2026-09-08T11:48:00,75702.75,75724.23,75700.07,75706.51,27021
1788848340,2026-09-08T11:49:00,75705.53,75709.3,75677.13,75680.48,36474
1788848400,2026-09-08T11:50:00,75675.99,75681.51,75657.97,75664.99,25149
1788848460,2026-09-08T11:51:00,75663.48,75680.43,75663.48,75678.7,7061
1788848520,2026-09-08T11:52:00,75682.97,75687.53,75669.61,75680.01,8564
1788848580,2026-09-08T11:53:00,75679.07,75689.38,75676.04,75687.31,12811
1788848640,2026-09-08T11:54:00,75686.73,75699.35,75681.93,75689.87,5823
1788848700,2026-09-08T11:55:00,75690.46,75700.01,75686.29,75691.06,16044
1788848760,2026-09-08T11:56:00,75689.15,75689.15,75669.36,75671.29,18738
1788848820,2026-09-08T11:57:00,75667.24,75677.09,75663.05,75667.1,8421
1788848880,2026-09-08T11:58:00,75666.41,75677,75656.54,75663.71,222400
1788848940,2026-09-08T11:59:00,75666.22,75668.02,75648.91,75651.33,12032
1788849000,2026-09-08T12:00:00,75651.43,75657,75637.04,75637.04,13435
1788849060,2026-09-08T12:01:00,75637.09,75651.48,75627.17,75636.9,36430
1788849120,2026-09-08T12:02:00,75637.25,75655.37,75632.89,75644.35,9492
1788849180,2026-09-08T12:03:00,75644.15,75649.96,75638.39,75640.56,14223
1788849240,2026-09-08T12:04:00,75638.95,75642.13,75627.93,75629.36,16540
1788849300,2026-09-08T12:05:00,75626.98,75629.73,75612.97,75617.52,27587
1788849360,2026-09-08T12:06:00,75617.04,75622.16,75610.22,75618.79,10506
1788849420,2026-09-08T12:07:00,75619.46,75628.59,75613.1,75626.13,16366
1788849480,2026-09-08T12:08:00,75624.75,75626.32,75600.02,75603.08,19975
1788849540,2026-09-08T12:09:00,75603.27,75617.97,75594.98,75609.26,25823
1788849600,2026-09-08T12:10:00,75610.11,75630.88,75610.11,75629.49,5698
1788849660,2026-09-08T12:11:00,75629.91,75641.73,75621.09,75624.89,18423
1788849720,2026-09-08T12:12:00,75625.55,75637.55,75624.26,75637.34,312745
1788849780,2026-09-08T12:13:00,75637.31,75644.25,75630.83,75631.65,6939
1788849840,2026-09-08T12:14:00,75630.84,75639.96,75622.46,75639.53,11757
1788849900,2026-09-08T12:15:00,75638.68,75638.68,75616.98,75621.37,19049
1788849960,2026-09-08T12:16:00,75624.21,75639.11,75619.22,75637.8,6786
1788850020,2026-09-08T12:17:00,75637.07,75645.9,75629.74,75644.02,94703
1788850080,2026-09-08T12:18:00,75640.81,75647.61,75634.79,75639.11,16634
1788850140,2026-09-08T12:19:00,75636.9,75643.75,75632.48,75639.86,10075
1788850200,2026-09-08T12:20:00,75640.43,75645.43,75630.92,75633,17954
1788850260,2026-09-08T12:21:00,75637.88,75646.16,75635.13,75636.32,13821
1788850320,2026-09-08T12:22:00,75635.66,75654.33,75632.98,75649.98,10382
1788850380,2026-09-08T12:23:00,75650.55,75661.05,75646.89,75661.05,15041
1788850440,2026-09-08T12:24:00,75659.95,75665.85,75653.89,75665.85,6576
1788850500,2026-09-08T12:25:00,75664.56,75679.99,75662.2,75668.92,10359
1788850560,2026-09-08T12:26:00,75671.03,75676.4,75661.92,75665.51,13629
1788850620,2026-09-08T12:27:00,75664.3,75668.95,75654.03,75654.03,9515
1788850680,2026-09-08T12:28:00,75656.09,75661.87,75651.79,75656.75,33707
1788850740,2026-09-08T12:29:00,75657.1,75668.72,75650.34,75668.72,86107
1788850800,2026-09-08T12:30:00,75672.66,75681.84,75671.31,75678.71,227551
1788850860,2026-09-08T12:31:00,75676.04,75699.65,75676.04,75677.51,145988
1788850920,2026-09-08T12:32:00,75674.94,75693.37,75670.31,75687.59,17319
1788850980,2026-09-08T12:33:00,75686.5,75686.5,75663.14,75683.62,6496
1788851040,2026-09-08T12:34:00,75683.66,75694.31,75681.45,75693.08,3563
1788851100,2026-09-08T12:35:00,75690.17,75707.96,75690.04,75700.73,44398
1788851160,2026-09-08T12:36:00,75700.64,75711.28,75696.97,75710.82,63649
1788851220,2026-09-08T12:37:00,75710.26,75716.24,75706.68,75716.24,8454
1788851280,2026-09-08T12:38:00,75716.6,75719.15,75708.51,75713.87,9642
1788851340,2026-09-08T12:39:00,75713.64,75713.64,75691.53,75694.8,38675
1788851400,2026-09-08T12:40:00,75695,75701.24,75679.04,75679.04,5836
1788851460,2026-09-08T12:41:00,75679.04,75704.79,75679.04,75701.64,6631
1788851520,2026-09-08T12:42:00,75701.64,75702.28,75687.74,75691.92,13685
1788851580,2026-09-08T12:43:00,75690.79,75690.79,75671.16,75672.74,11745
1788851640,2026-09-08T12:44:00,75671.48,75678.72,75669.25,75669.25,10881
1788851700,2026-09-08T12:45:00,75666.85,75668.18,75647.91,75654.76,17477
1788851760,2026-09-08T12:46:00,75654.67,75663.14,75648.15,75659.88,7599
1788851820,2026-09-08T12:47:00,75659.97,75659.99,75646.91,75652.31,7082
1788851880,2026-09-08T12:48:00,75653.62,75656.59,75637.17,75637.53,10825
1788851940,2026-09-08T12:49:00,75634.15,75656.45,75634.15,75653.09,300717
1788852000,2026-09-08T12:50:00,75653.85,75658.25,75646.27,75656.63,155662
1788852060,2026-09-08T12:51:00,75655.35,75660.06,75649.06,75649.97,45804
1788852120,2026-09-08T12:52:00,75648.22,75649.58,75637.89,75640.88,28548
1788852180,2026-09-08T12:53:00,75641.17,75652.9,75635.81,75645.03,9666
1788852240,2026-09-08T12:54:00,75645.58,75660.09,75644.77,75647.79,10406
1788852300,2026-09-08T12:55:00,75650.66,75669.22,75650.66,75660.7,10015
1788852360,2026-09-08T12:56:00,75660.7,75667.54,75658.32,75658.96,8907
1788852420,2026-09-08T12:57:00,75661.58,75670.78,75660,75664.02,4273
1788852480,2026-09-08T12:58:00,75662.82,75668.11,75657.99,75661.47,29615
1788852540,2026-09-08T12:59:00,75663.34,75667.6,75649.48,75654.08,7187
1788852600,2026-09-08T13:00:00,75654.08,75657.82,75636.83,75639.94,9635
1788852660,2026-09-08T13:01:00,75638.66,75648.57,75638.66,75647.44,104682
1788852720,2026-09-08T13:02:00,75646.39,75659.95,75643.38,75659.1,12574
1788852780,2026-09-08T13:03:00,75659.94,75663.87,75644.11,75645.81,19109
1788852840,2026-09-08T13:04:00,75647.62,75647.94,75631.64,75632.33,22269
1788852900,2026-09-08T13:05:00,75628.55,75639.02,75628.55,75629.31,31405
1788852960,2026-09-08T13:06:00,75625.44,75640.66,75625.44,75636.51,15283
1788853020,2026-09-08T13:07:00,75635.05,75648.32,75634.85,75640.35,8307
1788853080,2026-09-08T13:08:00,75642.13,75644.75,75637.05,75639.07,15839
1788853140,2026-09-08T13:09:00,75642.24,75644.84,75636.9,75643.44,18341
1788853200,2026-09-08T13:10:00,75643.01,75645.47,75639.34,75643.59,8770
1788853260,2026-09-08T13:11:00,75642.85,75647.67,75637.16,75642.21,10496
1788853320,2026-09-08T13:12:00,75645.12,75646.77,75635.41,75640.98,36820
1788853380,2026-09-08T13:13:00,75639.86,75648.52,75634.99,75636.81,16458
1788853440,2026-09-08T13:14:00,75637.15,75667.62,75637.15,75667.62,12642
1788853500,2026-09-08T13:15:00,75667.69,75667.69,75656.1,75657.91,12033
1788853560,2026-09-08T13:16:00,75658.28,75662.58,75648.22,75659.78,14576
1788853620,2026-09-08T13:17:00,75659.03,75660.65,75649.43,75650.61,491091
1788853680,2026-09-08T13:18:00,75650.9,75650.9,75640.1,75642.58,15261
1788853740,2026-09-08T13:19:00,75638.58,75651.04,75636.49,75641.16,20567
1788853800,2026-09-08T13:20:00,75641.35,75646.94,75634.15,75642.46,8885
1788853860,2026-09-08T13:21:00,75640.75,75654.32,75639.1,75654.32,18241
1788853920,2026-09-08T13:22:00,75652.81,75655.71,75635.29,75639.78,20111
1788853980,2026-09-08T13:23:00,75639.14,75646.58,75637.76,75641.71,18114
1788854040,2026-09-08T13:24:00,75641.33,75641.41,75630.05,75634.68,10482
1788854100,2026-09-08T13:25:00,75635.93,75639.84,75609.26,75612.37,36484
1788854160,2026-09-08T13:26:00,75613.39,75630.65,75610.27,75629.46,13608
1788854220,2026-09-08T13:27:00,75630.06,75630.16,75615.11,75624.13,360075
1788854280,2026-09-08T13:28:00,75625.68,75632.98,75618.62,75627.16,533736
1788854340,2026-09-08T13:29:00,75622.66,75631.12,75618.1,75618.1,42675
1788854400,2026-09-08T13:30:00,75620.62,75633.75,75620.62,75624.47,11507
1788854460,2026-09-08T13:31:00,75620.6,75631.58,75619.02,75625.07,37829
1788854520,2026-09-08T13:32:00,75625.07,75625.07,75608.36,75624.14,34944
1788854580,2026-09-08T13:33:00,75623.1,75623.94,75601.3,75608.23,27635
1788854640,2026-09-08T13:34:00,75606.3,75612.59,75600.55,75610.99,6431
1788854700,2026-09-08T13:35:00,75611.13,75630.08,75609.42,75626.92,9793
1788854760,2026-09-08T13:36:00,75628.01,75633.95,75615.94,75624.27,104778
1788854820,2026-09-08T13:37:00,75627.98,75636.29,75619.96,75633.69,11239
1788854880,2026-09-08T13:38:00,75633.39,75640.27,75618.9,75618.9,18455
1788854940,2026-09-08T13:39:00,75618.9,75624.18,75604.26,75617.41,8487
1788855000,2026-09-08T13:40:00,75617.81,75623.94,75612.2,75619.02,11393
1788855060,2026-09-08T13:41:00,75621.22,75624.68,75604.68,75604.68,14545
1788855120,2026-09-08T13:42:00,75609.36,75618.36,75604.57,75618.11,10617
1788855180,2026-09-08T13:43:00,75613.82,75619.29,75605.8,75609.26,8924
1788855240,2026-09-08T13:44:00,75609.26,75614.48,75602.02,75602.02,13984
1788855300,2026-09-08T13:45:00,75603.34,75606.2,75592.82,75601.48,9597
1788855360,2026-09-08T13:46:00,75601.48,75617.28,75601,75609.1,10288
1788855420,2026-09-08T13:47:00,75611.31,75616.1,75606.46,75615.76,6479
1788855480,2026-09-08T13:48:00,75619.38,75621.09,75607.43,75611.76,5325
1788855540,2026-09-08T13:49:00,75606.57,75613.5,75598.06,75598.06,9745
1788855600,2026-09-08T13:50:00,75599.8,75607.3,75588.17,75594.93,8948
1788855660,2026-09-08T13:51:00,75596.71,75602.98,75553.35,75555.44,28975
1788855720,2026-09-08T13:52:00,75553.92,75571.75,75553.92,75564.85,7350
1788855780,2026-09-08T13:53:00,75565.18,75584.7,75555.22,75584.63,6537
1788855840,2026-09-08T13:54:00,75584.72,75584.72,75569.51,75572.79,9170
1788855900,2026-09-08T13:55:00,75574.41,75586.69,75574.41,75582.58,7928
1788855960,2026-09-08T13:56:00,75579.71,75585.59,75575.7,75580.95,10904
1788856020,2026-09-08T13:57:00,75582.62,75586.77,75570.87,75585,17978
1788856080,2026-09-08T13:58:00,75585.92,75597.29,75581.54,75583.88,15378
1788856140,2026-09-08T13:59:00,75582.67,75590.72,75576.31,75589.01,19180
1788856200,2026-09-08T14:00:00,75589.21,75598.85,75580.32,75594.4,23066
1788856260,2026-09-08T14:01:00,75595.2,75603.53,75593.51,75598.37,82340
1788856320,2026-09-08T14:02:00,75596.84,75599.34,75586.76,75594.87,28509
1788856380,2026-09-08T14:03:00,75592.15,75618.96,75589.22,75612.21,21495
1788856440,2026-09-08T14:04:00,75612,75622.72,75606.75,75621.17,7716
1788856500,2026-09-08T14:05:00,75618,75648.13,75616.7,75646.25,12773
1788856560,2026-09-08T14:06:00,75646.25,75649.11,75629.12,75629.99,17945
1788856620,2026-09-08T14:07:00,75631.22,75638.11,75614.38,75615.24,10020
1788856680,2026-09-08T14:08:00,75615.24,75626.82,75612.77,75623.52,15412
1788856740,2026-09-08T14:09:00,75628.1,75637.82,75622.26,75632.04,27298
1788856800,2026-09-08T14:10:00,75629.7,75632.85,75621.96,75631.85,13225
1788856860,2026-09-08T14:11:00,75631.08,75639.75,75629.68,75635.35,13446
1788856920,2026-09-08T14:12:00,75635.64,75647.34,75635.64,75639.42,29483
1788856980,2026-09-08T14:13:00,75642.73,75653.27,75640.99,75653.27,14997
1788857040,2026-09-08T14:14:00,75649.4,75654.79,75632.79,75638.77,20769
1788857100,2026-09-08T14:15:00,75638.97,75638.97,75628.16,75636.42,12200
1788857160,2026-09-08T14:16:00,75635.6,75651.31,75633,75649.63,7315
1788857220,2026-09-08T14:17:00,75649.63,75661.66,75641.83,75657.48,8436
1788857280,2026-09-08T14:18:00,75658.86,75667.07,75647.47,75651.96,289966
1788857340,2026-09-08T14:19:00,75649.76,75656.2,75643.74,75644.9,11298
1788857400,2026-09-08T14:20:00,75645.55,75654.01,75644.31,75649.44,15710
1788857460,2026-09-08T14:21:00,75648.23,75653.87,75641.28,75641.28,11988
1788857520,2026-09-08T14:22:00,75641.47,75646.62,75634.61,75639.39,13381
1788857580,2026-09-08T14:23:00,75640.3,75650.25,75635.42,75640.13,9271
1788857640,2026-09-08T14:24:00,75639.43,75641.87,75628.41,75632.97,9896
1788857700,2026-09-08T14:25:00,75629.83,75639.87,75625.08,75625.51,9414
1788857760,2026-09-08T14:26:00,75620.06,75624.92,75608.84,75624.92,10925
1788857820,2026-09-08T14:27:00,75623.32,75637.73,75622.27,75633.52,6773
1788857880,2026-09-08T14:28:00,75635.38,75641.57,75630.15,75641.57,44351
1788857940,2026-09-08T14:29:00,75640.32,75650.89,75637.56,75641.85,136383
1788858000,2026-09-08T14:30:00,75642.63,75649.75,75633.65,75633.65,96712
1788858060,2026-09-08T14:31:00,75629.16,75637.54,75626.75,75630.39,18617
1788858120,2026-09-08T14:32:00,75630.29,75644.12,75627.89,75643.88,18114
1788858180,2026-09-08T14:33:00,75636.28,75652.1,75636.28,75640.64,10750
1788858240,2026-09-08T14:34:00,75641.52,75653.89,75639.9,75644.52,6395
1788858300,2026-09-08T14:35:00,75648.31,75651.91,75641.76,75650.8,28202
1788858360,2026-09-08T14:36:00,75650.97,75654.1,75641.48,75642.99,10158
1788858420,2026-09-08T14:37:00,75641.59,75648.21,75640.25,75642.7,164481
1788858480,2026-09-08T14:38:00,75642.19,75647.3,75624.98,75624.98,7134
1788858540,2026-09-08T14:39:00,75623.98,75634.93,75613.05,75622.89,35284
1788858600,2026-09-08T14:40:00,75625.37,75635.88,75618.88,75620.15,14129
1788858660,2026-09-08T14:41:00,75616.69,75631.69,75616.69,75631.69,133942
1788858720,2026-09-08T14:42:00,75628.83,75641.56,75626.99,75631.53,40649
1788858780,2026-09-08T14:43:00,75632.04,75636.35,75624.15,75626.35,15462
1788858840,2026-09-08T14:44:00,75625.35,75635.09,75621.97,75621.97,413724
1788858900,2026-09-08T14:45:00,75624.6,75631.86,75615.79,75631.86,33417
1788858960,2026-09-08T14:46:00,75632.2,75632.2,75614.17,75616.3,27910
1788859020,2026-09-08T14:47:00,75616.3,75621.31,75600.57,75607.38,27508
1788859080,2026-09-08T14:48:00,75606.96,75613.89,75600.56,75608.74,104437
1788859140,2026-09-08T14:49:00,75612.71,75614.57,75594.23,75598.4,34386
1788859200,2026-09-08T14:50:00,75598.46,75605.66,75588.89,75595.13,23000
1788859260,2026-09-08T14:51:00,75598.56,75609.36,75592.77,75598.69,29468
1788859320,2026-09-08T14:52:00,75598.63,75601.41,75587.65,75590.4,12878
1788859380,2026-09-08T14:53:00,75594.29,75594.79,75579.62,75583.58,20827
1788859440,2026-09-08T14:54:00,75584.08,75600.98,75578.8,75600.98,14645
1788859500,2026-09-08T14:55:00,75603.24,75612.6,75594.94,75594.94,16716
1788859560,2026-09-08T14:56:00,75594.74,75603.98,75590.06,75590.06,20923
1788859620,2026-09-08T14:57:00,75590.77,75610.19,75589.73,75606.37,22878
1788859680,2026-09-08T14:58:00,75602.4,75611.99,75600.79,75609.56,17996
1788859740,2026-09-08T14:59:00,75609.56,75610.13,75590.6,75606.08,11943
1788859800,2026-09-08T15:00:00,75601.81,75601.81,75585.06,75598.01,33293
1788859860,2026-09-08T15:01:00,75598.23,75606.76,75588.53,75604.9,32092
1788859920,2026-09-08T15:02:00,75603.21,75610.04,75594.71,75596.71,14838
1788859980,2026-09-08T15:03:00,75597.63,75597.63,75586.08,75590.36,19074
1788860040,2026-09-08T15:04:00,75590.36,75594.84,75583.64,75586.47,34020
1788860100,2026-09-08T15:05:00,75585.79,75596.05,75581.08,75581.87,27189
1788860160,2026-09-08T15:06:00,75586.39,75594.36,75576.15,75593.4,34717
1788860220,2026-09-08T15:07:00,75592.7,75596.9,75588.66,75591.06,30430
1788860280,2026-09-08T15:08:00,75591.72,75596.32,75583.92,75594.24,18084
1788860340,2026-09-08T15:09:00,75592.38,75611.31,75577.85,75605.93,44948
1788860400,2026-09-08T15:10:00,75604.47,75640.71,75602.55,75634.8,34389
1788860460,2026-09-08T15:11:00,75641.04,75655.76,75637.8,75643.56,15087
1788860520,2026-09-08T15:12:00,75639.53,75648.1,75620.23,75644.56,29224
1788860580,2026-09-08T15:13:00,75643.63,75643.63,75601.32,75612,39997
1788860640,2026-09-08T15:14:00,75611.08,75621.86,75578.98,75593.9,23048
1788860700,2026-09-08T15:15:00,75594.73,75594.73,75594.73,75594.73,23048
1788860760,2026-09-08T15:16:00,75594.73,75594.73,75594.73,75594.73,23048
1788860820,2026-09-08T15:17:00,75594.73,75594.73,75594.73,75594.73,23048
1788860880,2026-09-08T15:18:00,75594.73,75594.73,75594.73,75594.73,23048
1788860940,2026-09-08T15:19:00,75594.73,75594.73,75594.73,75594.73,23048
1788861000,2026-09-08T15:20:00,75594.73,75594.73,75594.73,75594.73,23048
1788861060,2026-09-08T15:21:00,75594.73,75594.73,75594.73,75594.73,23048
1788861120,2026-09-08T15:22:00,75594.73,75594.73,75594.73,75594.73,23048
1788861180,2026-09-08T15:23:00,75594.73,75594.73,75594.73,75594.73,23048
1788861240,2026-09-08T15:24:00,75594.73,75594.73,75594.73,75594.73,23048
1788861300,2026-09-08T15:25:00,75594.73,75594.73,75594.73,75594.73,23048
1788861360,2026-09-08T15:26:00,75594.73,75594.73,75594.73,75594.73,23048
1788861420,2026-09-08T15:27:00,75594.73,75594.73,75594.73,75594.73,23048
1788861480,2026-09-08T15:28:00,75594.73,75594.73,75577.58,75577.58,23048
1788861540,2026-09-08T15:29:00,75577.58,75577.58,75577.58,75577.58,23048
1788925500,2026-09-09T09:15:00,75216.22,75220.88,75012.5,75055.13,208840
1788925560,2026-09-09T09:16:00,75052.39,75052.39,74968.99,74974.48,122349
1788925620,2026-09-09T09:17:00,74977.81,75011.85,74977.81,75000.39,76912
1788925680,2026-09-09T09:18:00,75009.02,75070.41,74992.68,75051.86,82765
1788925740,2026-09-09T09:19:00,75051.18,75066.45,75040.39,75053.42,61607
1788925800,2026-09-09T09:20:00,75053.43,75059.73,75030.12,75058.97,5504443
1788925860,2026-09-09T09:21:00,75058.08,75092.97,75051.8,75069.67,66920
1788925920,2026-09-09T09:22:00,75068.99,75077.79,75044.92,75046.31,82591
1788925980,2026-09-09T09:23:00,75046.08,75048.19,75017.63,75048.12,404505
1788926040,2026-09-09T09:24:00,75047.23,75066.62,75031.55,75066.62,50541
1788926100,2026-09-09T09:25:00,75065.9,75069.27,75051.91,75065.56,44833
1788926160,2026-09-09T09:26:00,75064.8,75092.35,75062.97,75067.29,47510
1788926220,2026-09-09T09:27:00,75063.55,75064.87,75033.76,75056.36,47964
1788926280,2026-09-09T09:28:00,75062.11,75062.81,75040.82,75045.45,59133
1788926340,2026-09-09T09:29:00,75044.55,75051.21,75033.56,75050.04,26329
1788926400,2026-09-09T09:30:00,75046.28,75080.9,75046.28,75066.57,49633
1788926460,2026-09-09T09:31:00,75066.84,75084.53,75062.18,75064.61,557845
1788926520,2026-09-09T09:32:00,75070.85,75083.69,75053.68,75055.24,50914
1788926580,2026-09-09T09:33:00,75060.42,75080.08,75060.42,75072.69,43425
1788926640,2026-09-09T09:34:00,75071.23,75094.16,75064.04,75076.77,63988
1788926700,2026-09-09T09:35:00,75078.49,75090.24,75055.17,75062.5,39605
1788926760,2026-09-09T09:36:00,75061.95,75080.34,75055.12,75080.34,38589
1788926820,2026-09-09T09:37:00,75080.31,75110.52,75076.63,75104.98,67959
1788926880,2026-09-09T09:38:00,75107.54,75121.74,75102.18,75120.88,38533
1788926940,2026-09-09T09:39:00,75122.36,75136.01,75117.65,75126.92,36689
1788927000,2026-09-09T09:40:00,75126.47,75148.79,75117.72,75141.15,38665
1788927060,2026-09-09T09:41:00,75141.64,75143.26,75120.01,75133.1,26449
1788927120,2026-09-09T09:42:00,75131.33,75135.45,75113.92,75132.23,35443
1788927180,2026-09-09T09:43:00,75131.56,75147.18,75124.07,75133.18,76131
1788927240,2026-09-09T09:44:00,75137.17,75140.47,75121.31,75124.66,70021
1788927300,2026-09-09T09:45:00,75122.93,75125.79,75098.68,75108.26,61454
1788927360,2026-09-09T09:46:00,75107.82,75109.24,75077.34,75086.15,61530
1788927420,2026-09-09T09:47:00,75091.66,75091.66,75066.3,75070.44,53010
1788927480,2026-09-09T09:48:00,75069.15,75073.3,75046.54,75050.95,72367
1788927540,2026-09-09T09:49:00,75049.22,75049.22,75022.84,75024.73,24682
1788927600,2026-09-09T09:50:00,75025.72,75037.21,74999.37,74999.37,62097
1788927660,2026-09-09T09:51:00,75004.83,75015.85,74997.6,75007.19,48429
1788927720,2026-09-09T09:52:00,75008.12,75033.66,75002.88,75017.46,26556
1788927780,2026-09-09T09:53:00,75020.26,75023.21,75005.33,75005.33,23206
1788927840,2026-09-09T09:54:00,75009.03,75016.64,75002.99,75016.55,47742
1788927900,2026-09-09T09:55:00,75017.18,75022.54,75000.64,75006.53,41503
1788927960,2026-09-09T09:56:00,75008.18,75015.61,75000.57,75009.35,137700
1788928020,2026-09-09T09:57:00,75005.11,75014.18,75002.31,75008.33,41836
1788928080,2026-09-09T09:58:00,75003.31,75017.65,74985.8,74988.87,562761
1788928140,2026-09-09T09:59:00,74985.24,75015.46,74981.99,75003.67,22237
1788928200,2026-09-09T10:00:00,75006.27,75006.27,74949.36,74950.49,51738
1788928260,2026-09-09T10:01:00,74949.71,74956.38,74936.27,74946.04,27763
1788928320,2026-09-09T10:02:00,74943.46,74977.88,74943.46,74974.76,24183
1788928380,2026-09-09T10:03:00,74975.06,74975.59,74958.65,74969.44,27447
1788928440,2026-09-09T10:04:00,74968.73,74976.65,74945.23,74957.53,59989
1788928500,2026-09-09T10:05:00,74958.47,74969.13,74953.18,74969.13,15221
1788928560,2026-09-09T10:06:00,74967.01,74967.98,74948.72,74948.72,29473
1788928620,2026-09-09T10:07:00,74952.6,74952.74,74933.56,74947.94,31787
1788928680,2026-09-09T10:08:00,74947.49,74951.15,74937.1,74945.49,22475
1788928740,2026-09-09T10:09:00,74944.54,74963.14,74944.54,74954.62,30824
1788928800,2026-09-09T10:10:00,74948.77,74953.37,74930.79,74938.64,27982
1788928860,2026-09-09T10:11:00,74939.37,74946.42,74923.08,74938.95,27112
1788928920,2026-09-09T10:12:00,74938.26,74969.4,74937.89,74968.64,18108
1788928980,2026-09-09T10:13:00,74969.48,74986.14,74966.35,74985.1,28346
1788929040,2026-09-09T10:14:00,74987.31,74987.31,74964.72,74967.28,24222
1788929100,2026-09-09T10:15:00,74970.11,74987.85,74965.72,74981.31,18816
1788929160,2026-09-09T10:16:00,74979.36,74999.87,74974.58,74999.87,22543
1788929220,2026-09-09T10:17:00,75002.8,75022.13,74994.09,75018.77,22948
1788929280,2026-09-09T10:18:00,75018.72,75060.27,75015.87,75060.27,26298
1788929340,2026-09-09T10:19:00,75060.64,75073.08,75047.7,75069.27,13817
1788929400,2026-09-09T10:20:00,75067.98,75095.68,75061.8,75088.96,36132
1788929460,2026-09-09T10:21:00,75092.82,75093.46,75074.64,75074.64,37630
1788929520,2026-09-09T10:22:00,75079.26,75096.07,75079.26,75087.67,68712
1788929580,2026-09-09T10:23:00,75087.87,75109.51,75086.83,75108.19,42526
1788929640,2026-09-09T10:24:00,75108.22,75155.49,75108.22,75132.47,46395
1788929700,2026-09-09T10:25:00,75128.88,75135.97,75111.2,75111.55,35078
1788929760,2026-09-09T10:26:00,75114.25,75126.32,75112.21,75112.32,17984
1788929820,2026-09-09T10:27:00,75111.35,75122.62,75111.35,75122.48,17281
1788929880,2026-09-09T10:28:00,75121.93,75131.44,75115.35,75129.88,23965
1788929940,2026-09-09T10:29:00,75129.88,75133.6,75113.91,75130.9,54826
1788930000,2026-09-09T10:30:00,75129.55,75143.37,75128.05,75130.51,54686
1788930060,2026-09-09T10:31:00,75126.84,75136.17,75110.99,75116.14,19720
1788930120,2026-09-09T10:32:00,75114.79,75115.18,75094.27,75103.21,38409
1788930180,2026-09-09T10:33:00,75105.2,75114.12,75097.63,75111.74,21392
1788930240,2026-09-09T10:34:00,75113.84,75114.02,75083.89,75083.89,1012447
1788930300,2026-09-09T10:35:00,75083.58,75086.45,75062,75062,25107
1788930360,2026-09-09T10:36:00,75063.92,75073.83,75059.35,75073.83,13280
1788930420,2026-09-09T10:37:00,75072.7,75075.61,75051.42,75053.92,17853
1788930480,2026-09-09T10:38:00,75053.83,75064.51,75038.77,75039.11,55523
1788930540,2026-09-09T10:39:00,75036.68,75042.76,75019.19,75037.61,32700
1788930600,2026-09-09T10:40:00,75038.56,75039.46,75016.93,75020.25,31250
1788930660,2026-09-09T10:41:00,75021.17,75024.45,75008.68,75020.96,25533
1788930720,2026-09-09T10:42:00,75020.86,75023.24,75005.12,75010.54,37084
1788930780,2026-09-09T10:43:00,75009,75027.39,75009,75025.75,51414
1788930840,2026-09-09T10:44:00,75025.3,75030.33,75015.27,75028.26,13985
1788930900,2026-09-09T10:45:00,75028.26,75045.74,75022.45,75044.04,85385
1788930960,2026-09-09T10:46:00,75045.04,75057.84,75044.43,75051.23,21944
1788931020,2026-09-09T10:47:00,75055.73,75066.03,75048.49,75053.52,22984
1788931080,2026-09-09T10:48:00,75054.24,75074.37,75051.92,75063.28,19834
1788931140,2026-09-09T10:49:00,75064,75078.49,75060.89,75068.91,23517
1788931200,2026-09-09T10:50:00,75067.86,75072.48,75058.35,75061.95,30708
1788931260,2026-09-09T10:51:00,75060.72,75061.47,75045.79,75050.39,9763
1788931320,2026-09-09T10:52:00,75050.74,75058.15,75045.74,75052.87,22083
1788931380,2026-09-09T10:53:00,75054.8,75064.68,75052.75,75062.53,11844
1788931440,2026-09-09T10:54:00,75061.92,75069.25,75047.56,75068.56,24107
1788931500,2026-09-09T10:55:00,75070.78,75091.09,75068.41,75085.22,21557
1788931560,2026-09-09T10:56:00,75086.99,75094.26,75078.26,75081.82,10579
1788931620,2026-09-09T10:57:00,75081.22,75091.06,75075.13,75088.87,19353
1788931680,2026-09-09T10:58:00,75090.53,75095.81,75072.75,75095.47,31060
1788931740,2026-09-09T10:59:00,75094.22,75113.81,75079.11,75111.82,20162
1788931800,2026-09-09T11:00:00,75111.41,75122.53,75101.91,75122.53,9453
1788931860,2026-09-09T11:01:00,75122.04,75141.52,75112.02,75119.06,21854
1788931920,2026-09-09T11:02:00,75119.91,75126.96,75116.32,75116.32,210704
1788931980,2026-09-09T11:03:00,75115.98,75137.12,75113.24,75125.67,17252
1788932040,2026-09-09T11:04:00,75131.5,75131.5,75116.74,75118.15,12678
1788932100,2026-09-09T11:05:00,75117.87,75121.35,75107.47,75115.04,19026
1788932160,2026-09-09T11:06:00,75113.76,75113.76,75095.45,75098.21,47601
1788932220,2026-09-09T11:07:00,75099.29,75112.8,75096.66,75107.39,336196
1788932280,2026-09-09T11:08:00,75107.19,75108.51,75101.59,75102.39,11436
1788932340,2026-09-09T11:09:00,75102.77,75111.63,75100.45,75100.73,9706
1788932400,2026-09-09T11:10:00,75100.28,75110.19,75098.5,75098.85,20358
1788932460,2026-09-09T11:11:00,75097.19,75099.3,75088.57,75098.6,13256
1788932520,2026-09-09T11:12:00,75098.03,75101.23,75086.22,75087.55,37292
1788932580,2026-09-09T11:13:00,75091.84,75095.16,75081.98,75087.77,45069
1788932640,2026-09-09T11:14:00,75089.03,75104.71,75086.7,75089.29,48054
1788932700,2026-09-09T11:15:00,75089.16,75104.42,75081.9,75096.74,137342
1788932760,2026-09-09T11:16:00,75097.84,75102.37,75084.48,75086.26,33760
1788932820,2026-09-09T11:17:00,75085.37,75098.51,75082.39,75089.96,38984
1788932880,2026-09-09T11:18:00,75089.28,75089.79,75062.09,75080.39,23262
1788932940,2026-09-09T11:19:00,75080.58,75104.58,75070.37,75093.49,34263
1788933000,2026-09-09T11:20:00,75097.38,75112.26,75097.38,75101.23,16059
1788933060,2026-09-09T11:21:00,75102.85,75106.56,75077.64,75077.98,17828
1788933120,2026-09-09T11:22:00,75079.22,75081.99,75066.26,75066.26,14772
1788933180,2026-09-09T11:23:00,75070.19,75070.19,75059.99,75066.55,16075
1788933240,2026-09-09T11:24:00,75066.51,75071.52,75058.02,75070.61,14023
1788933300,2026-09-09T11:25:00,75072.42,75084.39,75066.34,75076.84,25668
1788933360,2026-09-09T11:26:00,75075.92,75087.08,75067.4,75070.74,18729
1788933420,2026-09-09T11:27:00,75070.58,75071.72,75051.38,75056.3,29114
1788933480,2026-09-09T11:28:00,75060.16,75068.89,75057.07,75063.59,12514
1788933540,2026-09-09T11:29:00,75064.23,75070.66,75061.38,75065.11,8966
1788933600,2026-09-09T11:30:00,75065.11,75077.3,75065.11,75074.27,66927
1788933660,2026-09-09T11:31:00,75073.41,75074.47,75061.34,75063.8,20875
1788933720,2026-09-09T11:32:00,75067.24,75074.28,75057.83,75063.88,511484
1788933780,2026-09-09T11:33:00,75062.18,75074.08,75060.91,75065.04,16140
1788933840,2026-09-09T11:34:00,75062.51,75067.74,75053.49,75061.29,13301
1788933900,2026-09-09T11:35:00,75060.1,75073.44,75055.55,75072.22,14743
1788933960,2026-09-09T11:36:00,75071.22,75073.1,75062.8,75065.44,13630
1788934020,2026-09-09T11:37:00,75066.31,75067.27,75042.38,75043.73,13633
1788934080,2026-09-09T11:38:00,75048.17,75072.49,75047.38,75062.61,28503
1788934140,2026-09-09T11:39:00,75065.99,75073.04,75058.72,75068.41,12572
1788934200,2026-09-09T11:40:00,75069.4,75077.86,75064.84,75074.84,15303
1788934260,2026-09-09T11:41:00,75075.05,75083.49,75068.25,75081.6,20262
1788934320,2026-09-09T11:42:00,75081.85,75103.91,75078.73,75095.68,18237
1788934380,2026-09-09T11:43:00,75094.21,75111.6,75090.5,75102.88,16011
1788934440,2026-09-09T11:44:00,75106.59,75115.68,75099.49,75099.9,11502
1788934500,2026-09-09T11:45:00,75100.29,75115.88,75097.03,75103.28,13075
1788934560,2026-09-09T11:46:00,75103.13,75104.5,75085.03,75085.64,13907
1788934620,2026-09-09T11:47:00,75086.66,75100.71,75083.6,75083.9,30668
1788934680,2026-09-09T11:48:00,75087.07,75087.07,75072.63,75081.34,12831
1788934740,2026-09-09T11:49:00,75079.65,75080.9,75055.11,75056.59,31540
1788934800,2026-09-09T11:50:00,75056.71,75058.74,75047.27,75049.33,4494
1788934860,2026-09-09T11:51:00,75049.35,75054.46,75039.68,75039.68,10334
1788934920,2026-09-09T11:52:00,75040.94,75048.04,75026.03,75030.15,12557
1788934980,2026-09-09T11:53:00,75026.19,75033.09,75020.7,75020.7,10561
1788935040,2026-09-09T11:54:00,75020.93,75028.06,75011.6,75015.03,34934
1788935100,2026-09-09T11:55:00,75017.32,75017.49,74998.79,75011.05,15172
1788935160,2026-09-09T11:56:00,75011.06,75017.18,75003.11,75016.63,14454
1788935220,2026-09-09T11:57:00,75013.91,75016.13,75000.98,75005.43,11548
1788935280,2026-09-09T11:58:00,75005.43,75010.59,74996.3,75001.49,12189
1788935340,2026-09-09T11:59:00,75000.89,75000.89,74969.64,74973.78,136159
1788935400,2026-09-09T12:00:00,74975,74985.85,74971.6,74974.52,25851
1788935460,2026-09-09T12:01:00,74978.97,74979.44,74950.08,74958.12,21753
1788935520,2026-09-09T12:02:00,74958.63,74966.59,74944.05,74944.67,19997
1788935580,2026-09-09T12:03:00,74946.48,74955.7,74936.98,74954.45,23613
1788935640,2026-09-09T12:04:00,74954.93,74963.21,74946.44,74952.31,11794
1788935700,2026-09-09T12:05:00,74951.44,74956.48,74942.64,74943.48,11375
1788935760,2026-09-09T12:06:00,74942.35,74942.35,74930.93,74939.01,14255
1788935820,2026-09-09T12:07:00,74939.29,74939.93,74921.34,74926.77,15793
1788935880,2026-09-09T12:08:00,74927.4,74932.04,74914.79,74932.04,23039
1788935940,2026-09-09T12:09:00,74932.65,74940.85,74926.41,74933.61,11352
1788936000,2026-09-09T12:10:00,74931.76,74939.59,74929.43,74935.91,42315
1788936060,2026-09-09T12:11:00,74937.4,74940.86,74924.62,74930.36,21756
1788936120,2026-09-09T12:12:00,74929.54,74953.32,74929.54,74942.7,36192
1788936180,2026-09-09T12:13:00,74942.99,74959.2,74942.99,74958.89,23198
1788936240,2026-09-09T12:14:00,74955.28,74966.26,74947.73,74947.95,25077
1788936300,2026-09-09T12:15:00,74955.93,74965.95,74941.48,74958.62,51783
1788936360,2026-09-09T12:16:00,74958.94,74958.94,74930.25,74945.18,53980
1788936420,2026-09-09T12:17:00,74946.65,74978.35,74944.86,74976.38,71996
1788936480,2026-09-09T12:18:00,74976.81,74976.81,74953.8,74955.14,27777
1788936540,2026-09-09T12:19:00,74955.53,74955.53,74937,74944.26,20285
1788936600,2026-09-09T12:20:00,74943.71,74945.01,74933.08,74937.74,24552
1788936660,2026-09-09T12:21:00,74937.91,74942.26,74930.75,74935.73,15069
1788936720,2026-09-09T12:22:00,74933.12,74936.17,74922.83,74924.81,16053
1788936780,2026-09-09T12:23:00,74925.49,74946.88,74924.11,74943.21,14900
1788936840,2026-09-09T12:24:00,74944.18,74958.74,74940.11,74953.29,15490
1788936900,2026-09-09T12:25:00,74957.91,74967.42,74952.71,74963.43,16083
1788936960,2026-09-09T12:26:00,74960.42,74991.41,74960.42,74991.41,9839
1788937020,2026-09-09T12:27:00,74991.63,75008.54,74990.48,74998.31,23998
1788937080,2026-09-09T12:28:00,74997.45,75007.85,74983.41,74991.02,268636
1788937140,2026-09-09T12:29:00,74988.62,75025.74,74985.98,75025.05,22305
1788937200,2026-09-09T12:30:00,75025.77,75051.36,75025.77,75046.37,49367
1788937260,2026-09-09T12:31:00,75045.49,75067.6,75039.95,75064.71,21907
1788937320,2026-09-09T12:32:00,75065,75092.16,75063.9,75092.16,20326
1788937380,2026-09-09T12:33:00,75093.66,75159.08,75087.75,75146.97,19206
1788937440,2026-09-09T12:34:00,75148.48,75176.63,75147.86,75168.12,20192
1788937500,2026-09-09T12:35:00,75165.9,75209.41,75161.7,75192.7,23356
1788937560,2026-09-09T12:36:00,75189.14,75191.42,75175.83,75178.24,31673
1788937620,2026-09-09T12:37:00,75173.08,75193.72,75173.08,75176.74,16777
1788937680,2026-09-09T12:38:00,75176.86,75192.32,75176.86,75185.54,36964
1788937740,2026-09-09T12:39:00,75188.11,75191.07,75172.28,75182.52,11793
1788937800,2026-09-09T12:40:00,75182.33,75189.92,75182.08,75184.84,17035
1788937860,2026-09-09T12:41:00,75187.06,75191.01,75173.92,75189.59,80659
1788937920,2026-09-09T12:42:00,75190.5,75209.16,75185.38,75209.12,103203
1788937980,2026-09-09T12:43:00,75214.72,75246.06,75211.05,75231.61,118720
1788938040,2026-09-09T12:44:00,75242.99,75251.23,75207.13,75207.81,84145
1788938100,2026-09-09T12:45:00,75208.07,75216.67,75192.44,75199.92,61038
1788938160,2026-09-09T12:46:00,75198.09,75203.52,75187.68,75200.3,58560
1788938220,2026-09-09T12:47:00,75199.08,75214.61,75199.08,75207.49,22442
1788938280,2026-09-09T12:48:00,75207.49,75213.81,75196.98,75212.1,30653
1788938340,2026-09-09T12:49:00,75212.57,75226.2,75202.59,75202.59,10009
1788938400,2026-09-09T12:50:00,75203.09,75205.9,75191.6,75199.43,15300
1788938460,2026-09-09T12:51:00,75199.29,75204.09,75185.22,75204.09,13314
1788938520,2026-09-09T12:52:00,75204.93,75207.88,75195.6,75200.92,15107
1788938580,2026-09-09T12:53:00,75202.27,75204.29,75174.91,75174.91,29186
1788938640,2026-09-09T12:54:00,75172.79,75177.82,75151.79,75151.79,22148
1788938700,2026-09-09T12:55:00,75154.32,75164.96,75142.27,75158.3,22367
1788938760,2026-09-09T12:56:00,75158.18,75197,75158.18,75197,68769
1788938820,2026-09-09T12:57:00,75197.15,75204.02,75185.14,75203.71,28014
1788938880,2026-09-09T12:58:00,75200.9,75207.42,75196.58,75199.5,18637
1788938940,2026-09-09T12:59:00,75199.64,75210.84,75198,75208.12,9953
1788939000,2026-09-09T13:00:00,75208.18,75222.54,75199.29,75203.13,10688
1788939060,2026-09-09T13:01:00,75204.38,75204.38,75186.15,75189.58,22190
1788939120,2026-09-09T13:02:00,75191.18,75191.18,75153.08,75153.71,13915
1788939180,2026-09-09T13:03:00,75157.57,75167.42,75150.01,75166.39,16845
1788939240,2026-09-09T13:04:00,75164.42,75165.01,75153.46,75155.8,80590
1788939300,2026-09-09T13:05:00,75157.76,75170.12,75157.76,75170.12,10004
1788939360,2026-09-09T13:06:00,75168.9,75186.35,75168.9,75185.02,107986
1788939420,2026-09-09T13:07:00,75185.02,75198.92,75175.48,75198.92,510095
1788939480,2026-09-09T13:08:00,75204.52,75205.98,75178.97,75184.48,11550
1788939540,2026-09-09T13:09:00,75186.76,75189.57,75167.67,75167.67,16308
1788939600,2026-09-09T13:10:00,75167.42,75170.35,75149.47,75160.76,15999
1788939660,2026-09-09T13:11:00,75160.55,75162.68,75151.18,75151.18,115844
1788939720,2026-09-09T13:12:00,75151.46,75157.65,75134.43,75136.86,28310
1788939780,2026-09-09T13:13:00,75139.17,75145.47,75129.69,75136.22,22419
1788939840,2026-09-09T13:14:00,75140.87,75147.12,75133.31,75144.12,15109
1788939900,2026-09-09T13:15:00,75145.55,75147.16,75136.93,75136.93,18237
1788939960,2026-09-09T13:16:00,75137.55,75147.45,75135.76,75142.27,692989
1788940020,2026-09-09T13:17:00,75143.2,75143.2,75128.51,75134.8,9976
1788940080,2026-09-09T13:18:00,75135.16,75150.14,75133.69,75143.54,14176
1788940140,2026-09-09T13:19:00,75143.46,75146.78,75134.75,75140.84,11395
1788940200,2026-09-09T13:20:00,75142.65,75143.27,75123.62,75140.89,238257
1788940260,2026-09-09T13:21:00,75142.4,75177.64,75142.4,75173.45,74627
1788940320,2026-09-09T13:22:00,75174.44,75184.35,75168.1,75168.42,8756
1788940380,2026-09-09T13:23:00,75167.13,75172.7,75157.91,75160.39,15885
1788940440,2026-09-09T13:24:00,75160.1,75165.01,75154.49,75157.71,19890
1788940500,2026-09-09T13:25:00,75157.88,75171.16,75154.02,75170.31,9423
1788940560,2026-09-09T13:26:00,75169.22,75180.06,75163.46,75177.55,577640
1788940620,2026-09-09T13:27:00,75177.25,75186.53,75176.13,75186.03,11024
1788940680,2026-09-09T13:28:00,75191.77,75193.83,75154.71,75155.17,85625
1788940740,2026-09-09T13:29:00,75157.11,75201.8,75157.11,75192.67,21917
1788940800,2026-09-09T13:30:00,75192.04,75199.5,75183.11,75194.03,51130
1788940860,2026-09-09T13:31:00,75193.37,75219.28,75181.54,75201.15,282928
1788940920,2026-09-09T13:32:00,75195.36,75205.05,75188.66,75188.66,160819
1788940980,2026-09-09T13:33:00,75192.82,75197.25,75161.38,75166.4,25383
1788941040,2026-09-09T13:34:00,75164.88,75164.88,75143.11,75150.52,21063
1788941100,2026-09-09T13:35:00,75162.44,75177.11,75151.37,75157.1,73730
1788941160,2026-09-09T13:36:00,75154.05,75164.24,75138.55,75143.46,61793
1788941220,2026-09-09T13:37:00,75144.08,75161.61,75144.08,75161.61,16955
1788941280,2026-09-09T13:38:00,75165.89,75180.34,75165.58,75174.34,13982
1788941340,2026-09-09T13:39:00,75179.79,75190.01,75178.75,75183.36,12643
1788941400,2026-09-09T13:40:00,75183.87,75187.08,75172.17,75175.02,46235
1788941460,2026-09-09T13:41:00,75173.38,75199.06,75173.11,75191.22,13688
1788941520,2026-09-09T13:42:00,75191.99,75198.32,75188.71,75194.52,12050
1788941580,2026-09-09T13:43:00,75194.06,75200.22,75182.78,75182.78,9143
1788941640,2026-09-09T13:44:00,75184.71,75195.31,75173.52,75179.03,10543
1788941700,2026-09-09T13:45:00,75179.03,75185.4,75175.58,75179.34,24911
1788941760,2026-09-09T13:46:00,75179.7,75180.39,75165.08,75170.17,15119
1788941820,2026-09-09T13:47:00,75170.67,75178.42,75164.06,75173.62,9206
1788941880,2026-09-09T13:48:00,75173.62,75173.62,75163.99,75163.99,53535
1788941940,2026-09-09T13:49:00,75165.89,75175.37,75165.24,75173.35,6432
1788942000,2026-09-09T13:50:00,75175.03,75184.78,75170.93,75175.14,11913
1788942060,2026-09-09T13:51:00,75174.03,75185.24,75174.03,75184.28,14568
1788942120,2026-09-09T13:52:00,75184.85,75185.78,75178.04,75183.29,12937
1788942180,2026-09-09T13:53:00,75179.87,75199.24,75179.87,75180.14,22838
1788942240,2026-09-09T13:54:00,75182.78,75183.87,75153.66,75153.66,43172
1788942300,2026-09-09T13:55:00,75151.02,75153.58,75135.42,75138.44,12330
1788942360,2026-09-09T13:56:00,75138.72,75138.99,75118.4,75137.76,57143
1788942420,2026-09-09T13:57:00,75137.44,75141.13,75123.34,75136.6,11768
1788942480,2026-09-09T13:58:00,75139.24,75154.63,75137.53,75151.37,13501
1788942540,2026-09-09T13:59:00,75154.99,75166.44,75152.33,75164.62,8707
1788942600,2026-09-09T14:00:00,75164.89,75190.3,75164.89,75177.05,5278
1788942660,2026-09-09T14:01:00,75176.93,75189.22,75169.07,75187.08,34632
1788942720,2026-09-09T14:02:00,75186.21,75204.48,75180.93,75195.94,13449
1788942780,2026-09-09T14:03:00,75196.22,75203.2,75177.77,75180.16,18201
1788942840,2026-09-09T14:04:00,75179.65,75181.37,75169.91,75174.23,10952
1788942900,2026-09-09T14:05:00,75175.19,75194.01,75172.59,75188.37,36340
1788942960,2026-09-09T14:06:00,75189.51,75219.5,75187.21,75208.36,31751
1788943020,2026-09-09T14:07:00,75206.81,75211.47,75197.35,75203.39,366932
1788943080,2026-09-09T14:08:00,75205.2,75205.3,75194.5,75203.19,88171
1788943140,2026-09-09T14:09:00,75200.7,75210.18,75190.22,75190.22,13049
1788943200,2026-09-09T14:10:00,75190.12,75191.16,75167.87,75173.56,9006
1788943260,2026-09-09T14:11:00,75169.69,75184.38,75161.75,75176.75,10771
1788943320,2026-09-09T14:12:00,75176.75,75181.46,75166.64,75171.19,33194
1788943380,2026-09-09T14:13:00,75171.19,75177.26,75148.65,75151.6,12130
1788943440,2026-09-09T14:14:00,75150.65,75150.65,75121.05,75144.06,24795
1788943500,2026-09-09T14:15:00,75142.89,75148.45,75137.19,75144.19,312171
1788943560,2026-09-09T14:16:00,75142.13,75151.06,75128.33,75128.33,15176
1788943620,2026-09-09T14:17:00,75131.56,75144.02,75129.83,75140.15,7435
1788943680,2026-09-09T14:18:00,75140.15,75140.15,75122.01,75126.05,8120
1788943740,2026-09-09T14:19:00,75125.49,75137.46,75125.49,75137.46,8243
1788943800,2026-09-09T14:20:00,75137.46,75142.31,75124.78,75137.81,15393
1788943860,2026-09-09T14:21:00,75137,75150.96,75128.94,75139.12,15833
1788943920,2026-09-09T14:22:00,75134.06,75149.8,75132,75146.81,10642
1788943980,2026-09-09T14:23:00,75141.72,75147.21,75135.42,75139.17,14742
1788944040,2026-09-09T14:24:00,75138.89,75145.03,75126.16,75126.16,12122
1788944100,2026-09-09T14:25:00,75127.94,75139.57,75120.59,75124.44,14943
1788944160,2026-09-09T14:26:00,75125.76,75133.15,75122.79,75129.3,15991
1788944220,2026-09-09T14:27:00,75129.14,75135.01,75103.96,75103.96,20704
1788944280,2026-09-09T14:28:00,75103.9,75124.6,75101.42,75110.53,15869
1788944340,2026-09-09T14:29:00,75111.28,75119.83,75105.33,75105.33,21002
1788944400,2026-09-09T14:30:00,75105.89,75111.33,75072.42,75075.79,22288
1788944460,2026-09-09T14:31:00,75074.48,75088.59,75068.31,75077.21,39003
1788944520,2026-09-09T14:32:00,75077.35,75077.35,75065.78,75071.56,13639
1788944580,2026-09-09T14:33:00,75067.61,75067.61,75043.35,75046.62,19242
1788944640,2026-09-09T14:34:00,75046.62,75046.62,75021.13,75025.61,34719
1788944700,2026-09-09T14:35:00,75028.92,75035.6,75010.55,75019.87,10680
1788944760,2026-09-09T14:36:00,75024.66,75025.79,75007.83,75008.42,14648
1788944820,2026-09-09T14:37:00,75008.42,75008.45,74983.1,74990.2,23715
1788944880,2026-09-09T14:38:00,74987.41,74993.93,74964.49,74965.58,19946
1788944940,2026-09-09T14:39:00,74964.94,74982.98,74962.19,74971.67,25786
1788945000,2026-09-09T14:40:00,74972.19,74977.09,74958.2,74960.68,10982
1788945060,2026-09-09T14:41:00,74960.5,74970.91,74958.19,74963.86,18042
1788945120,2026-09-09T14:42:00,74962.87,74969.34,74954.8,74955.57,35865
1788945180,2026-09-09T14:43:00,74956.29,74969.43,74952.81,74960.1,21080
1788945240,2026-09-09T14:44:00,74959.78,74968.25,74948.09,74961.47,53388
1788945300,2026-09-09T14:45:00,74962.62,74962.62,74919.34,74921.04,33149
1788945360,2026-09-09T14:46:00,74919.83,74938.27,74918.78,74928.07,17596
1788945420,2026-09-09T14:47:00,74926.59,74949.49,74913.34,74929.5,83088
1788945480,2026-09-09T14:48:00,74925.5,74940.71,74925.35,74938.65,27508
1788945540,2026-09-09T14:49:00,74936.68,74943.67,74930.08,74939.07,18516
1788945600,2026-09-09T14:50:00,74940.19,74959.69,74936.27,74951.1,28209
1788945660,2026-09-09T14:51:00,74956.03,74956.03,74941.08,74942.37,33074
1788945720,2026-09-09T14:52:00,74943.17,74955.51,74931.25,74936.4,17417
1788945780,2026-09-09T14:53:00,74935.3,74949.53,74931.68,74949.53,34306
1788945840,2026-09-09T14:54:00,74948.71,74963.5,74943.78,74943.78,21059
1788945900,2026-09-09T14:55:00,74948.53,74956.98,74940.92,74949.3,27960
1788945960,2026-09-09T14:56:00,74945.96,74954.14,74927.99,74927.99,283011
1788946020,2026-09-09T14:57:00,74927.95,74941.06,74926.26,74935.99,14654
1788946080,2026-09-09T14:58:00,74936.04,74944.61,74933.1,74935.58,24991
1788946140,2026-09-09T14:59:00,74930.73,74947.32,74930.73,74938.45,23566
1788946200,2026-09-09T15:00:00,74936.06,74947.21,74932.44,74942.15,56646
1788946260,2026-09-09T15:01:00,74941.65,74949.19,74933.6,74933.66,48872
1788946320,2026-09-09T15:02:00,74933.98,74933.98,74917.62,74917.62,25471
1788946380,2026-09-09T15:03:00,74920.25,74920.85,74896.05,74906.81,44697
1788946440,2026-09-09T15:04:00,74908.42,74908.42,74871.26,74871.85,39584
1788946500,2026-09-09T15:05:00,74871.06,74871.06,74832.12,74847.28,36749
1788946560,2026-09-09T15:06:00,74848.47,74853.98,74838.11,74842.15,30705
1788946620,2026-09-09T15:07:00,74842.42,74855.25,74828.98,74845.44,41963
1788946680,2026-09-09T15:08:00,74850.92,74886.87,74849.54,74885.76,67618
1788946740,2026-09-09T15:09:00,74888.48,74903,74885.87,74902.34,34251
1788946800,2026-09-09T15:10:00,74900.79,74911.39,74895.28,74903.02,31848
1788946860,2026-09-09T15:11:00,74898.05,74912.49,74883.12,74900.99,279907
1788946920,2026-09-09T15:12:00,74900,74902.59,74869.65,74902.59,127299
1788946980,2026-09-09T15:13:00,74901.95,74906.56,74873.96,74888.84,38690
1788947040,2026-09-09T15:14:00,74885.37,74892.26,74845.12,74891.54,18891
1788947100,2026-09-09T15:15:00,74895.36,74895.36,74895.36,74895.36,18891
1788947160,2026-09-09T15:16:00,74895.36,74895.36,74895.36,74895.36,18891
1788947220,2026-09-09T15:17:00,74895.36,74895.36,74895.36,74895.36,18891
1788947280,2026-09-09T15:18:00,74895.36,74895.36,74895.36,74895.36,18891
1788947340,2026-09-09T15:19:00,74895.36,74895.36,74895.36,74895.36,18891
1788947400,2026-09-09T15:20:00,74895.36,74895.36,74895.36,74895.36,18891
1788947460,2026-09-09T15:21:00,74895.36,74895.36,74895.36,74895.36,18891
1788947520,2026-09-09T15:22:00,74895.36,74895.36,74895.36,74895.36,18891
1788947580,2026-09-09T15:23:00,74895.36,74895.36,74895.36,74895.36,18891
1788947640,2026-09-09T15:24:00,74895.36,74895.36,74895.36,74895.36,18891
1788947700,2026-09-09T15:25:00,74895.36,74895.36,74895.36,74895.36,18891
1788947760,2026-09-09T15:26:00,74895.36,74895.36,74895.36,74895.36,18891
1788947820,2026-09-09T15:27:00,74895.36,74895.36,74895.36,74895.36,18891
1788947880,2026-09-09T15:28:00,74895.36,74895.36,74764.23,74764.23,18891
1788947940,2026-09-09T15:29:00,74764.23,74764.23,74764.23,74764.23,18891
1789011900,2026-09-10T09:15:00,74742.54,74910.96,74742.54,74869.16,154053
1789011960,2026-09-10T09:16:00,74846.11,74853.46,74769.85,74781.55,116978
1789012020,2026-09-10T09:17:00,74777.91,74855.84,74764.68,74854.9,70283
1789012080,2026-09-10T09:18:00,74849.88,74896.95,74849.88,74888.44,67402
1789012140,2026-09-10T09:19:00,74885.58,74895.94,74841.05,74864.77,59759
1789012200,2026-09-10T09:20:00,74854.91,74855.71,74799.66,74810.56,46304
1789012260,2026-09-10T09:21:00,74812.29,74868.59,74808.16,74856.32,52209
1789012320,2026-09-10T09:22:00,74851.88,74851.88,74732.53,74736.59,49901
1789012380,2026-09-10T09:23:00,74734.89,74734.89,74709.86,74723.12,65104
1789012440,2026-09-10T09:24:00,74722.58,74763.72,74722.58,74753.81,45165
1789012500,2026-09-10T09:25:00,74755.05,74757.31,74722.32,74722.85,31262
1789012560,2026-09-10T09:26:00,74729.2,74753.41,74722.8,74751.52,26355
1789012620,2026-09-10T09:27:00,74750.85,74798.97,74750.85,74779.31,41317
1789012680,2026-09-10T09:28:00,74779.65,74811.82,74779.65,74804.44,17033
1789012740,2026-09-10T09:29:00,74803.68,74815.68,74780.03,74783.35,43770
1789012800,2026-09-10T09:30:00,74783.09,74797,74749.63,74749.63,306025
1789012860,2026-09-10T09:31:00,74750.23,74750.23,74697.94,74722,49786
1789012920,2026-09-10T09:32:00,74715.43,74731.85,74703.21,74726.41,29346
1789012980,2026-09-10T09:33:00,74728.13,74781.14,74728.13,74765.31,40888
1789013040,2026-09-10T09:34:00,74770.25,74779.83,74761.89,74766.57,32086
1789013100,2026-09-10T09:35:00,74769.53,74770.84,74746.62,74753.39,25639
1789013160,2026-09-10T09:36:00,74755.21,74779.17,74746.91,74772.4,46624
1789013220,2026-09-10T09:37:00,74765.78,74776.71,74755.25,74770.77,35339
1789013280,2026-09-10T09:38:00,74772.83,74774.72,74728.34,74728.34,40647
1789013340,2026-09-10T09:39:00,74727.27,74736.78,74721.84,74734.75,16810
1789013400,2026-09-10T09:40:00,74735.15,74748.68,74733.02,74748.45,24956
1789013460,2026-09-10T09:41:00,74745.76,74748.76,74726.91,74730.1,28505
1789013520,2026-09-10T09:42:00,74728.74,74761.49,74728.03,74758.48,20338
1789013580,2026-09-10T09:43:00,74758.42,74774.54,74753.86,74757.62,19096
1789013640,2026-09-10T09:44:00,74757.45,74761.11,74743.19,74747.74,17318
1789013700,2026-09-10T09:45:00,74743.35,74765.1,74738.16,74758.19,24246
1789013760,2026-09-10T09:46:00,74755.72,74777.37,74755.72,74767.85,21848
1789013820,2026-09-10T09:47:00,74767.05,74777.73,74750.86,74777.33,16004
1789013880,2026-09-10T09:48:00,74777.33,74791.05,74764.11,74787.46,1017039
1789013940,2026-09-10T09:49:00,74790.03,74794.57,74780.26,74792.5,14926
1789014000,2026-09-10T09:50:00,74792.33,74816.25,74791.88,74816.25,21349
1789014060,2026-09-10T09:51:00,74812.71,74832.35,74809.71,74828.43,19006
1789014120,2026-09-10T09:52:00,74826.45,74841.33,74822.34,74829.18,15010
1789014180,2026-09-10T09:53:00,74834.43,74843.88,74829.34,74829.85,24248
1789014240,2026-09-10T09:54:00,74829.12,74838.73,74817.51,74825.56,8452
1789014300,2026-09-10T09:55:00,74823.99,74830.36,74799.73,74808.44,15263
1789014360,2026-09-10T09:56:00,74810.45,74819.72,74795.06,74818.49,12690
1789014420,2026-09-10T09:57:00,74818.49,74818.49,74797.93,74803.84,9623
1789014480,2026-09-10T09:58:00,74803.94,74809,74779.25,74785.49,10240
1789014540,2026-09-10T09:59:00,74782.92,74788.42,74775.01,74781.83,17370
1789014600,2026-09-10T10:00:00,74780.88,74789.52,74776.24,74776.24,8489
1789014660,2026-09-10T10:01:00,74776.24,74778.63,74764.55,74766.13,7914
1789014720,2026-09-10T10:02:00,74764.28,74771.76,74742.59,74742.59,24598
1789014780,2026-09-10T10:03:00,74741.94,74764.98,74741.94,74761.05,12902
1789014840,2026-09-10T10:04:00,74762.83,74770.42,74746.86,74765.28,6800
1789014900,2026-09-10T10:05:00,74765.09,74779.92,74764.63,74772.87,12216
1789014960,2026-09-10T10:06:00,74777.38,74779.93,74752.17,74753.51,6820
1789015020,2026-09-10T10:07:00,74752.83,74758.02,74743.39,74749.43,70682
1789015080,2026-09-10T10:08:00,74749.43,74749.43,74680.8,74681.62,13768
1789015140,2026-09-10T10:09:00,74678.68,74716.42,74670.57,74716.42,210924
1789015200,2026-09-10T10:10:00,74716.42,74717.2,74685.99,74710.72,13808
1789015260,2026-09-10T10:11:00,74710.18,74711.22,74691.45,74692.73,6959
1789015320,2026-09-10T10:12:00,74687.78,74709.53,74686.99,74690.74,13170
1789015380,2026-09-10T10:13:00,74690.09,74697.55,74671.29,74680.45,173922
1789015440,2026-09-10T10:14:00,74678.43,74689.98,74666.1,74687.84,12260
1789015500,2026-09-10T10:15:00,74688.72,74715.68,74688.08,74712.59,13814
1789015560,2026-09-10T10:16:00,74715.24,74738.57,74715.24,74736.19,12567
1789015620,2026-09-10T10:17:00,74736.53,74766.16,74734.53,74754.01,26711
1789015680,2026-09-10T10:18:00,74755.25,74768.53,74751.01,74759.37,20996
1789015740,2026-09-10T10:19:00,74761.54,74766.9,74752.88,74756.92,7663
1789015800,2026-09-10T10:20:00,74756.21,74762.38,74743.44,74744.24,7123
1789015860,2026-09-10T10:21:00,74741.62,74745.48,74720.41,74720.41,24095
1789015920,2026-09-10T10:22:00,74718,74724.97,74709.5,74722.04,7354
1789015980,2026-09-10T10:23:00,74715.85,74759.55,74715.85,74755.69,7636
1789016040,2026-09-10T10:24:00,74754.4,74754.96,74726.31,74738,9550
1789016100,2026-09-10T10:25:00,74738.04,74746.22,74722.44,74744.63,9884
1789016160,2026-09-10T10:26:00,74741.49,74752.79,74739.3,74746.48,16946
1789016220,2026-09-10T10:27:00,74746.84,74750.02,74732.79,74735.41,9950
1789016280,2026-09-10T10:28:00,74737.74,74739.69,74725.42,74730.51,11715
1789016340,2026-09-10T10:29:00,74731.41,74741.7,74724.23,74739.27,9003
1789016400,2026-09-10T10:30:00,74739.13,74755.93,74736.59,74752.96,15310
1789016460,2026-09-10T10:31:00,74759.18,74762.41,74746.08,74746.98,10774
1789016520,2026-09-10T10:32:00,74746.75,74750.76,74737.51,74745.56,9846
1789016580,2026-09-10T10:33:00,74750.98,74758.36,74745.43,74753.93,10385
1789016640,2026-09-10T10:34:00,74760.59,74765.44,74743.9,74759.47,7574
1789016700,2026-09-10T10:35:00,74758.35,74765.63,74748.27,74761.34,6464
1789016760,2026-09-10T10:36:00,74762.33,74765.04,74744.9,74757.32,5563
1789016820,2026-09-10T10:37:00,74758.27,74759.12,74744.7,74758.62,8790
1789016880,2026-09-10T10:38:00,74759.63,74771.44,74750.01,74762.33,7760
1789016940,2026-09-10T10:39:00,74764.62,74781.37,74764.28,74780.92,10509
1789017000,2026-09-10T10:40:00,74781.85,74794.92,74778.06,74787.97,11581
1789017060,2026-09-10T10:41:00,74790.8,74802,74778.2,74778.95,12559
1789017120,2026-09-10T10:42:00,74778.95,74791.51,74771.56,74785.72,6178
1789017180,2026-09-10T10:43:00,74785.72,74796.36,74780.75,74787.94,13837
1789017240,2026-09-10T10:44:00,74787.94,74813.98,74780.59,74812.19,19597
1789017300,2026-09-10T10:45:00,74814.5,74826.03,74796.79,74800,23163
1789017360,2026-09-10T10:46:00,74798.03,74807.79,74779.14,74780.43,16386
1789017420,2026-09-10T10:47:00,74779.93,74780.49,74764.93,74764.93,12475
1789017480,2026-09-10T10:48:00,74764.97,74771.32,74739.35,74744.98,10678
1789017540,2026-09-10T10:49:00,74744.72,74751.92,74738.42,74742.88,9093
1789017600,2026-09-10T10:50:00,74742.88,74743.16,74720.44,74724.36,14277
1789017660,2026-09-10T10:51:00,74721.63,74722.88,74711.7,74718.71,39522
1789017720,2026-09-10T10:52:00,74723.52,74739.15,74723.52,74724.57,9198
1789017780,2026-09-10T10:53:00,74725,74725,74712.69,74718.23,15559
1789017840,2026-09-10T10:54:00,74716.83,74722.38,74709.94,74710.53,13975
1789017900,2026-09-10T10:55:00,74709.89,74712.17,74686.18,74689.31,14001
1789017960,2026-09-10T10:56:00,74691.75,74691.75,74676.44,74681.74,14731
1789018020,2026-09-10T10:57:00,74681.14,74692.49,74673.16,74692.49,8301
1789018080,2026-09-10T10:58:00,74691.59,74704.64,74689,74698.81,8467
1789018140,2026-09-10T10:59:00,74698.59,74699.12,74679.6,74694.7,10106
1789018200,2026-09-10T11:00:00,74694.04,74721.14,74689.47,74721.14,9470
1789018260,2026-09-10T11:01:00,74721.14,74722.49,74709.81,74715.92,9418
1789018320,2026-09-10T11:02:00,74714.22,74723.38,74710.22,74716.13,306166
1789018380,2026-09-10T11:03:00,74716.32,74730.33,74713.23,74724.91,8568
1789018440,2026-09-10T11:04:00,74724.49,74734.12,74715.62,74727.72,8201
1789018500,2026-09-10T11:05:00,74724.41,74724.41,74699.37,74700.43,6225
1789018560,2026-09-10T11:06:00,74700.09,74719.76,74696.32,74714.59,23379
1789018620,2026-09-10T11:07:00,74715.03,74726,74711.36,74722.95,25040
1789018680,2026-09-10T11:08:00,74723.49,74739.87,74715.31,74736.54,6974
1789018740,2026-09-10T11:09:00,74735.35,74735.47,74723.74,74724.81,19468
1789018800,2026-09-10T11:10:00,74722.37,74740.52,74715.73,74740.52,48641
1789018860,2026-09-10T11:11:00,74740.49,74745.06,74725.06,74731.06,15425
1789018920,2026-09-10T11:12:00,74732.4,74749.04,74728.32,74746.18,5420
1789018980,2026-09-10T11:13:00,74746.51,74778.3,74746.51,74769.35,33597
1789019040,2026-09-10T11:14:00,74770.36,74786.68,74769.44,74784.2,12997
1789019100,2026-09-10T11:15:00,74783.74,74820.21,74782.57,74810.56,18818
1789019160,2026-09-10T11:16:00,74808.35,74815.89,74796.05,74796.9,16196
1789019220,2026-09-10T11:17:00,74800.72,74803.25,74784.16,74793.36,12017
1789019280,2026-09-10T11:18:00,74791.7,74806.63,74790.42,74795.52,7060
1789019340,2026-09-10T11:19:00,74796.12,74804.68,74793.84,74800.03,19690
1789019400,2026-09-10T11:20:00,74799.15,74800.18,74761.39,74761.39,9013
1789019460,2026-09-10T11:21:00,74765.87,74768.31,74749.21,74750.53,500195
1789019520,2026-09-10T11:22:00,74748.68,74772.82,74743.44,74765.93,12938
1789019580,2026-09-10T11:23:00,74766.45,74784.99,74764.56,74783.15,11967
1789019640,2026-09-10T11:24:00,74789.2,74789.2,74777.45,74782.08,43172
1789019700,2026-09-10T11:25:00,74782.23,74787.52,74776.56,74787.52,11528
1789019760,2026-09-10T11:26:00,74785.18,74785.18,74777.29,74780.86,20698
1789019820,2026-09-10T11:27:00,74780.85,74781.82,74752.4,74758.17,16525
1789019880,2026-09-10T11:28:00,74757.56,74765.55,74753.63,74764.04,9055
1789019940,2026-09-10T11:29:00,74765.26,74765.56,74755.32,74757.26,10954
1789020000,2026-09-10T11:30:00,74765.31,74779.98,74754.08,74775.11,9799
1789020060,2026-09-10T11:31:00,74776.74,74798.77,74776.74,74788.74,6490
1789020120,2026-09-10T11:32:00,74789.7,74791.04,74753.11,74754.52,7512
1789020180,2026-09-10T11:33:00,74755.66,74755.66,74732.56,74735.1,8490
1789020240,2026-09-10T11:34:00,74735.27,74739.6,74730.22,74730.52,14021
1789020300,2026-09-10T11:35:00,74730.52,74745.01,74730.52,74735.74,11448
1789020360,2026-09-10T11:36:00,74733.42,74744.14,74731.5,74736.4,22323
1789020420,2026-09-10T11:37:00,74737.22,74743.26,74731.57,74736.77,16774
1789020480,2026-09-10T11:38:00,74736.77,74758.99,74735.73,74744.58,14649
1789020540,2026-09-10T11:39:00,74743.28,74745.93,74717.43,74723,19661
1789020600,2026-09-10T11:40:00,74719.47,74729.27,74715.2,74726.93,17030
1789020660,2026-09-10T11:41:00,74726.64,74732.13,74714.09,74718.63,7650
1789020720,2026-09-10T11:42:00,74719.07,74720.37,74694.74,74696.26,18086
1789020780,2026-09-10T11:43:00,74697.85,74709.82,74685.85,74709.4,29349
1789020840,2026-09-10T11:44:00,74709.81,74742.19,74706.96,74741.49,13480
1789020900,2026-09-10T11:45:00,74744.13,74756.99,74739.41,74755.51,24040
1789020960,2026-09-10T11:46:00,74755.92,74761.35,74748.8,74758.56,8594
1789021020,2026-09-10T11:47:00,74754.29,74774.95,74751.05,74772.14,6887
1789021080,2026-09-10T11:48:00,74775.44,74777.23,74757.8,74777.23,11980
1789021140,2026-09-10T11:49:00,74777.23,74783.01,74767.39,74779.4,10924
1789021200,2026-09-10T11:50:00,74777.98,74789.9,74776.87,74787.91,8951
1789021260,2026-09-10T11:51:00,74783.26,74787.7,74771.77,74771.77,6517
1789021320,2026-09-10T11:52:00,74766.56,74777.46,74757.26,74763.59,7863
1789021380,2026-09-10T11:53:00,74763.93,74784.31,74758.24,74777.76,5005
1789021440,2026-09-10T11:54:00,74777.76,74779.65,74761.64,74769.26,11724
1789021500,2026-09-10T11:55:00,74768.49,74778.06,74761.28,74761.28,45188
1789021560,2026-09-10T11:56:00,74772.5,74772.5,74742.79,74749.66,154363
1789021620,2026-09-10T11:57:00,74750.38,74765.73,74748.66,74760.98,22824
1789021680,2026-09-10T11:58:00,74763.15,74778.98,74763.15,74777.05,28858
1789021740,2026-09-10T11:59:00,74777.05,74807.28,74771.98,74799.81,27449
1789021800,2026-09-10T12:00:00,74801.92,74815.7,74799.48,74815.7,15418
1789021860,2026-09-10T12:01:00,74815.74,74821.55,74802.11,74808.45,108932
1789021920,2026-09-10T12:02:00,74807.95,74818.37,74802.98,74808.45,16175
1789021980,2026-09-10T12:03:00,74809.09,74815.75,74802.04,74812.63,35376
1789022040,2026-09-10T12:04:00,74812.54,74819.73,74805.89,74819.73,19497
1789022100,2026-09-10T12:05:00,74820.47,74822.34,74810.88,74821.92,7131
1789022160,2026-09-10T12:06:00,74821.92,74826.91,74788.59,74794.43,11922
1789022220,2026-09-10T12:07:00,74791.58,74803.73,74791.33,74803.73,8728
1789022280,2026-09-10T12:08:00,74804.43,74804.43,74790.35,74793.23,5357
1789022340,2026-09-10T12:09:00,74795.16,74797.93,74782.65,74782.65,7634
1789022400,2026-09-10T12:10:00,74784.17,74790.49,74779.91,74785.58,8361
1789022460,2026-09-10T12:11:00,74786.46,74821.32,74783.75,74818.86,12950
1789022520,2026-09-10T12:12:00,74817.72,74845.75,74813.97,74839.71,9723
1789022580,2026-09-10T12:13:00,74840.84,74849.08,74831.17,74844.63,7502
1789022640,2026-09-10T12:14:00,74843.06,74863.4,74841.32,74856.49,16623
1789022700,2026-09-10T12:15:00,74859.51,74867.42,74844.48,74850.27,16706
1789022760,2026-09-10T12:16:00,74850.22,74870.28,74850.22,74868.93,519101
1789022820,2026-09-10T12:17:00,74865.12,74872.21,74861.5,74862.2,28722
1789022880,2026-09-10T12:18:00,74856.79,74864.58,74851.26,74853.28,63487
1789022940,2026-09-10T12:19:00,74850.71,74871.76,74850.38,74865.37,30891
1789023000,2026-09-10T12:20:00,74862.57,74872.16,74858.9,74868.48,5013
1789023060,2026-09-10T12:21:00,74864.34,74894.21,74862.32,74894.21,10688
1789023120,2026-09-10T12:22:00,74893.55,74901.39,74874.13,74874.58,48916
1789023180,2026-09-10T12:23:00,74875.16,74882.9,74851.54,74852.59,26074
1789023240,2026-09-10T12:24:00,74854.26,74863.27,74844.52,74847.5,32817
1789023300,2026-09-10T12:25:00,74848.25,74852.36,74841.03,74849.47,42210
1789023360,2026-09-10T12:26:00,74858.22,74870.87,74858.22,74863.58,5096
1789023420,2026-09-10T12:27:00,74865.31,74876.09,74852.27,74857.42,30951
1789023480,2026-09-10T12:28:00,74858.64,74867.2,74855.03,74857.85,15311
1789023540,2026-09-10T12:29:00,74857.53,74866.03,74852.89,74856.98,23581
1789023600,2026-09-10T12:30:00,74856.51,74859.55,74841.62,74850.08,20496
1789023660,2026-09-10T12:31:00,74846.12,74852.58,74835.91,74835.91,76817
1789023720,2026-09-10T12:32:00,74840.75,74847.73,74836.96,74836.96,8302
1789023780,2026-09-10T12:33:00,74836.6,74847.04,74836.6,74844,7656
1789023840,2026-09-10T12:34:00,74848.05,74848.05,74801.07,74814.24,56387
1789023900,2026-09-10T12:35:00,74814.63,74845.24,74806.48,74823.99,47524
1789023960,2026-09-10T12:36:00,74826.15,74840.95,74812.76,74812.76,58451
1789024020,2026-09-10T12:37:00,74813.98,74815.33,74795.22,74797.12,9310
1789024080,2026-09-10T12:38:00,74797.08,74802.93,74792.71,74799.03,24127
1789024140,2026-09-10T12:39:00,74795.29,74816.13,74792.25,74809.36,10716
1789024200,2026-09-10T12:40:00,74809.36,74827.18,74808.75,74823.72,8591
1789024260,2026-09-10T12:41:00,74824.93,74834.13,74812.68,74812.68,10126
1789024320,2026-09-10T12:42:00,74816.54,74853.12,74813.38,74840.54,24395
1789024380,2026-09-10T12:43:00,74836.69,74872.74,74836.66,74865.81,16757
1789024440,2026-09-10T12:44:00,74865.4,74872.06,74848.61,74866.52,10635
1789024500,2026-09-10T12:45:00,74868.64,74874.59,74863.97,74872.84,8053
1789024560,2026-09-10T12:46:00,74873,74873.29,74845.59,74848.8,12152
1789024620,2026-09-10T12:47:00,74849.06,74849.06,74835.2,74845.94,5580
1789024680,2026-09-10T12:48:00,74845.96,74853.47,74835.2,74845.13,11685
1789024740,2026-09-10T12:49:00,74842.83,74858.56,74840.56,74858.56,5581
1789024800,2026-09-10T12:50:00,74849.89,74865.85,74849.32,74858.57,8745
1789024860,2026-09-10T12:51:00,74863.83,74867.08,74857.53,74864.6,7952
1789024920,2026-09-10T12:52:00,74860.35,74871.07,74853.25,74853.47,10233
1789024980,2026-09-10T12:53:00,74854.38,74854.38,74843.62,74850.06,8355
1789025040,2026-09-10T12:54:00,74849.37,74860.09,74831.73,74834.11,11632
1789025100,2026-09-10T12:55:00,74834.11,74847.63,74826.12,74826.4,16700
1789025160,2026-09-10T12:56:00,74827.67,74829.97,74814.11,74819.25,10105
1789025220,2026-09-10T12:57:00,74821.08,74826.38,74818.02,74823.42,5659241
1789025280,2026-09-10T12:58:00,74824.06,74826.15,74815.69,74815.75,13621
1789025340,2026-09-10T12:59:00,74816.34,74820.27,74801.41,74801.41,45273
1789025400,2026-09-10T13:00:00,74802.11,74806.9,74793.48,74805.11,39747
1789025460,2026-09-10T13:01:00,74805.11,74805.11,74770.48,74770.48,66109
1789025520,2026-09-10T13:02:00,74770.48,74796.95,74770.42,74796.86,18300
1789025580,2026-09-10T13:03:00,74797.17,74799.95,74785.67,74787.38,14624
1789025640,2026-09-10T13:04:00,74788.41,74795.4,74783.19,74787.75,7618
1789025700,2026-09-10T13:05:00,74788.15,74792.66,74755.75,74757.38,13409
1789025760,2026-09-10T13:06:00,74755.75,74769.42,74742.08,74742.08,20938
1789025820,2026-09-10T13:07:00,74740.37,74759.89,74740.35,74755.43,11597
1789025880,2026-09-10T13:08:00,74755.43,74767.61,74750.63,74764.08,8515
1789025940,2026-09-10T13:09:00,74764.08,74778.52,74764.08,74773.67,22538
1789026000,2026-09-10T13:10:00,74771.45,74788.04,74768.23,74784.57,20065
1789026060,2026-09-10T13:11:00,74791.49,74796.36,74785.26,74791.36,13425
1789026120,2026-09-10T13:12:00,74788.1,74796.13,74778.56,74785.04,25443
1789026180,2026-09-10T13:13:00,74785.04,74795.08,74780.97,74790.46,12790
1789026240,2026-09-10T13:14:00,74790.27,74820.27,74790.21,74815.99,13182
1789026300,2026-09-10T13:15:00,74817.24,74823.75,74796.59,74807.75,9236
1789026360,2026-09-10T13:16:00,74805.74,74809.02,74788.82,74791.56,10781
1789026420,2026-09-10T13:17:00,74792.58,74804.36,74790.33,74803.18,8180
1789026480,2026-09-10T13:18:00,74803.18,74813.23,74798.79,74810.48,11394
1789026540,2026-09-10T13:19:00,74811.3,74813.93,74793.42,74798.46,4292
1789026600,2026-09-10T13:20:00,74797.27,74799.3,74782.96,74782.96,10883
1789026660,2026-09-10T13:21:00,74782.96,74802.39,74779.35,74794.68,5538
1789026720,2026-09-10T13:22:00,74799.57,74804.1,74784.68,74792.7,12376
1789026780,2026-09-10T13:23:00,74792.28,74797.16,74783.4,74787.53,8519
1789026840,2026-09-10T13:24:00,74787.38,74796.68,74784.5,74790.03,26215
1789026900,2026-09-10T13:25:00,74791.65,74804.99,74790.86,74791.46,9795
1789026960,2026-09-10T13:26:00,74794.67,74796.8,74787.75,74787.83,10494
1789027020,2026-09-10T13:27:00,74785.32,74793.32,74752.8,74761.15,58332
1789027080,2026-09-10T13:28:00,74767.94,74781.54,74747.5,74773.45,54737
1789027140,2026-09-10T13:29:00,74776.31,74790.17,74760.17,74779.18,83692
1789027200,2026-09-10T13:30:00,74780.79,74780.79,74761.34,74771.84,14942
1789027260,2026-09-10T13:31:00,74771.56,74780.94,74769.56,74776,10703
1789027320,2026-09-10T13:32:00,74778.57,74786.81,74771.72,74773.15,5740
1789027380,2026-09-10T13:33:00,74772.62,74772.74,74757.52,74771.33,23567
1789027440,2026-09-10T13:34:00,74769.95,74776.65,74765.08,74765.08,24534
1789027500,2026-09-10T13:35:00,74761.24,74769.92,74760.61,74762.74,10767
1789027560,2026-09-10T13:36:00,74767.69,74768.41,74754.52,74761.91,8786
1789027620,2026-09-10T13:37:00,74761.5,74766.48,74752.98,74760.43,5269
1789027680,2026-09-10T13:38:00,74760.43,74770.81,74755.31,74769.64,10866
1789027740,2026-09-10T13:39:00,74766.36,74782.76,74757.5,74782.76,15041
1789027800,2026-09-10T13:40:00,74787.3,74806.95,74787.3,74799.63,12882
1789027860,2026-09-10T13:41:00,74798.26,74819.23,74797.12,74805.51,13343
1789027920,2026-09-10T13:42:00,74802.2,74813.64,74802.2,74804.46,12951
1789027980,2026-09-10T13:43:00,74800.31,74805.17,74785.65,74794.73,21070
1789028040,2026-09-10T13:44:00,74790.9,74806.03,74789.04,74799.54,4893
1789028100,2026-09-10T13:45:00,74802.8,74803.9,74780.29,74782.36,20582
1789028160,2026-09-10T13:46:00,74782.36,74787.73,74772.2,74777.61,8903
1789028220,2026-09-10T13:47:00,74779.91,74789.48,74777.33,74782.06,6460
1789028280,2026-09-10T13:48:00,74781.42,74785.75,74767.52,74773.34,7474
1789028340,2026-09-10T13:49:00,74773.34,74797.24,74770.92,74787.54,13009
1789028400,2026-09-10T13:50:00,74785.99,74788.91,74775.36,74778.5,5202
1789028460,2026-09-10T13:51:00,74776.8,74787.15,74771.84,74779.55,6308
1789028520,2026-09-10T13:52:00,74778.27,74790.41,74778.27,74789.73,9578
1789028580,2026-09-10T13:53:00,74788.86,74791.95,74777.09,74779.82,7433
1789028640,2026-09-10T13:54:00,74779.82,74782.57,74768.74,74771.64,5902
1789028700,2026-09-10T13:55:00,74771.64,74772.19,74756.76,74757.88,8181
1789028760,2026-09-10T13:56:00,74755.48,74764.17,74752.38,74755.53,12317
1789028820,2026-09-10T13:57:00,74755.49,74756.82,74740.85,74752.66,7584
1789028880,2026-09-10T13:58:00,74754.21,74757.83,74739.26,74753.02,8616
1789028940,2026-09-10T13:59:00,74755.06,74755.06,74739,74747.65,11215
1789029000,2026-09-10T14:00:00,74748.26,74763.01,74746.84,74761.78,5760
1789029060,2026-09-10T14:01:00,74761.29,74766.6,74746.6,74748.29,7329
1789029120,2026-09-10T14:02:00,74744.98,74749.49,74732.93,74740.7,8673
1789029180,2026-09-10T14:03:00,74738.33,74744.36,74727.7,74732.5,13214
1789029240,2026-09-10T14:04:00,74731.13,74733.01,74719.65,74722.64,12521
1789029300,2026-09-10T14:05:00,74723.56,74726.39,74704.31,74721.61,12377
1789029360,2026-09-10T14:06:00,74717.42,74731.91,74716.89,74720.63,4756
1789029420,2026-09-10T14:07:00,74723.04,74732.91,74714.19,74724.33,8851
1789029480,2026-09-10T14:08:00,74726.69,74731.51,74710.12,74718.34,8620
1789029540,2026-09-10T14:09:00,74722.13,74725.66,74710.23,74724.55,5965
1789029600,2026-09-10T14:10:00,74722.73,74730.71,74717.17,74717.22,11185
1789029660,2026-09-10T14:11:00,74717.53,74722.22,74706.8,74718.71,4499
1789029720,2026-09-10T14:12:00,74719.94,74727.25,74714.58,74720.78,10608
1789029780,2026-09-10T14:13:00,74715.41,74726.96,74713.08,74721.44,17996
1789029840,2026-09-10T14:14:00,74722.9,74735.49,74721.7,74733.08,6584
1789029900,2026-09-10T14:15:00,74733.08,74733.08,74707.3,74707.3,9231
1789029960,2026-09-10T14:16:00,74707.57,74718.67,74707.11,74718.67,5936
1789030020,2026-09-10T14:17:00,74718.99,74718.99,74707.42,74708.33,9213
1789030080,2026-09-10T14:18:00,74709.37,74718.8,74693.01,74694.65,14451
1789030140,2026-09-10T14:19:00,74696.59,74698.45,74683.06,74693.01,16670
1789030200,2026-09-10T14:20:00,74692.06,74715.02,74692.06,74715.02,12199
1789030260,2026-09-10T14:21:00,74716.85,74740.36,74716.85,74735.07,21560
1789030320,2026-09-10T14:22:00,74733.09,74739.43,74729.07,74736.6,6763
1789030380,2026-09-10T14:23:00,74735.18,74737.49,74725,74737.16,13685
1789030440,2026-09-10T14:24:00,74740.22,74749.24,74732.6,74749.24,6476
1789030500,2026-09-10T14:25:00,74748.68,74757.14,74741.55,74753.05,16834
1789030560,2026-09-10T14:26:00,74753.96,74755.13,74732.3,74735.58,5477
1789030620,2026-09-10T14:27:00,74734.04,74748.02,74732.44,74745.45,5612
1789030680,2026-09-10T14:28:00,74743.36,74745.29,74711.23,74718.77,11610
1789030740,2026-09-10T14:29:00,74721.34,74727.98,74708.3,74724.95,5851
1789030800,2026-09-10T14:30:00,74724.69,74734.53,74724.08,74731.8,7349
1789030860,2026-09-10T14:31:00,74732.01,74732.03,74712.62,74719.13,22223
1789030920,2026-09-10T14:32:00,74717.61,74722.75,74708.96,74708.96,8491
1789030980,2026-09-10T14:33:00,74709.9,74723.71,74706.33,74715.09,35793
1789031040,2026-09-10T14:34:00,74714.96,74721.12,74708.03,74712.31,6857
1789031100,2026-09-10T14:35:00,74716.07,74716.07,74697.04,74703.91,13053
1789031160,2026-09-10T14:36:00,74702.46,74703.47,74676.96,74691.78,53981
1789031220,2026-09-10T14:37:00,74691.88,74708.78,74688.06,74688.06,46799
1789031280,2026-09-10T14:38:00,74691.4,74696.87,74681.93,74687.78,10975
1789031340,2026-09-10T14:39:00,74683.43,74695.08,74675.82,74677.91,14487
1789031400,2026-09-10T14:40:00,74676,74689.13,74667.44,74667.84,21811
1789031460,2026-09-10T14:41:00,74666.7,74684.29,74665.77,74684.29,31303
1789031520,2026-09-10T14:42:00,74681.47,74696.82,74674.62,74692.43,18720
1789031580,2026-09-10T14:43:00,74693.06,74693.09,74683.57,74689.82,11597
1789031640,2026-09-10T14:44:00,74689.73,74710.26,74684.18,74706.63,11337
1789031700,2026-09-10T14:45:00,74708.06,74716.17,74703.4,74712.95,11351
1789031760,2026-09-10T14:46:00,74710.86,74722.3,74709.61,74715.33,10265
1789031820,2026-09-10T14:47:00,74718.43,74734.85,74717.26,74734.85,11145
1789031880,2026-09-10T14:48:00,74732.06,74741.21,74696.03,74740.06,158176
1789031940,2026-09-10T14:49:00,74749.01,74757.46,74737.36,74745.71,111381
1789032000,2026-09-10T14:50:00,74746.59,74762.62,74746.59,74755.44,33059
1789032060,2026-09-10T14:51:00,74756.57,74766.63,74755.18,74760.28,12296
1789032120,2026-09-10T14:52:00,74759.93,74771.69,74730.82,74739.2,13537
1789032180,2026-09-10T14:53:00,74739.26,74745.75,74727.77,74744.91,21477
1789032240,2026-09-10T14:54:00,74744.52,74750.27,74728.47,74734.33,20216
1789032300,2026-09-10T14:55:00,74735.18,74744.54,74724.69,74726.65,14508
1789032360,2026-09-10T14:56:00,74730.88,74742.29,74727.12,74732.89,12755
1789032420,2026-09-10T14:57:00,74731.29,74742.12,74725.34,74727.7,4827
1789032480,2026-09-10T14:58:00,74726.85,74728.72,74704.32,74708.38,18158
1789032540,2026-09-10T14:59:00,74710.85,74716.31,74693.14,74694.27,35607
1789032600,2026-09-10T15:00:00,74695.53,74695.92,74624.75,74629.11,40708
1789032660,2026-09-10T15:01:00,74621.43,74661.44,74602.08,74655.77,48676
1789032720,2026-09-10T15:02:00,74656.92,74660.78,74635.35,74638.87,40689
1789032780,2026-09-10T15:03:00,74643.26,74643.86,74628.12,74628.26,25558
1789032840,2026-09-10T15:04:00,74630.98,74643.02,74614.59,74621.94,36057
1789032900,2026-09-10T15:05:00,74626.49,74642.35,74615.86,74642.35,26789
1789032960,2026-09-10T15:06:00,74642.7,74642.7,74598.47,74632.16,40306
1789033020,2026-09-10T15:07:00,74631.55,74638.85,74607.4,74612.97,29489
1789033080,2026-09-10T15:08:00,74611.85,74627.85,74607.38,74623.35,21496
1789033140,2026-09-10T15:09:00,74619.61,74639.52,74617.97,74627.39,23599
1789033200,2026-09-10T15:10:00,74629.57,74644.46,74622.52,74636.09,30668
1789033260,2026-09-10T15:11:00,74637.98,74642.15,74625.8,74625.89,17542
1789033320,2026-09-10T15:12:00,74628.44,74640.11,74606.15,74624.18,259837
1789033380,2026-09-10T15:13:00,74632.8,74671.28,74626.28,74637.89,109857
1789033440,2026-09-10T15:14:00,74637.41,74653.17,74616.94,74640.99,48157
1789033500,2026-09-10T15:15:00,74629.5,74629.5,74629.5,74629.5,48157
1789033560,2026-09-10T15:16:00,74629.5,74629.5,74629.5,74629.5,48157
1789033620,2026-09-10T15:17:00,74629.5,74629.5,74629.5,74629.5,48157
1789033680,2026-09-10T15:18:00,74629.5,74629.5,74629.5,74629.5,48157
1789033740,2026-09-10T15:19:00,74629.5,74629.5,74629.5,74629.5,48157
1789033800,2026-09-10T15:20:00,74629.5,74629.5,74629.5,74629.5,48157
1789033860,2026-09-10T15:21:00,74629.5,74629.5,74629.5,74629.5,48157
1789033920,2026-09-10T15:22:00,74629.5,74629.5,74629.5,74629.5,48157
1789033980,2026-09-10T15:23:00,74629.5,74629.5,74629.5,74629.5,48157
1789034040,2026-09-10T15:24:00,74629.5,74629.5,74629.5,74629.5,48157
1789034100,2026-09-10T15:25:00,74629.5,74629.5,74629.5,74629.5,48157
1789034160,2026-09-10T15:26:00,74629.5,74629.5,74629.5,74629.5,48157
1789034220,2026-09-10T15:27:00,74629.5,74629.5,74629.5,74629.5,48157
1789034280,2026-09-10T15:28:00,74629.5,74629.5,74629.5,74629.5,48157
1789034340,2026-09-10T15:29:00,74629.5,74902.59,74629.5,74902.59,48157
1789098300,2026-09-11T09:15:00,74309.16,74354.97,74160.16,74207.53,201743
1789098360,2026-09-11T09:16:00,74201.72,74223.29,74186.79,74193.43,161854
1789098420,2026-09-11T09:17:00,74194.62,74204.38,74165.35,74199.38,142915
1789098480,2026-09-11T09:18:00,74193.52,74226.12,74187.55,74217.54,129645
1789098540,2026-09-11T09:19:00,74226.99,74258.6,74214.98,74255.28,343956
1789098600,2026-09-11T09:20:00,74247.03,74252.05,74228.26,74252.05,89017
1789098660,2026-09-11T09:21:00,74259.05,74285.49,74258.13,74258.13,85751
1789098720,2026-09-11T09:22:00,74261.16,74286.53,74253.2,74268.8,62093
1789098780,2026-09-11T09:23:00,74266.89,74274.35,74238.25,74244.4,83212
1789098840,2026-09-11T09:24:00,74244.03,74271.92,74233.29,74262.95,93186
1789098900,2026-09-11T09:25:00,74256.26,74275.47,74239.86,74253.01,75410
1789098960,2026-09-11T09:26:00,74256.58,74274.46,74243.91,74274.46,42608
1789099020,2026-09-11T09:27:00,74272.76,74279.07,74244.92,74279.07,42233
1789099080,2026-09-11T09:28:00,74277.73,74278.42,74249.22,74266.43,60117
1789099140,2026-09-11T09:29:00,74263.64,74277.48,74258.38,74274.95,42219
1789099200,2026-09-11T09:30:00,74277.37,74281.39,74264.73,74265.79,30397
1789099260,2026-09-11T09:31:00,74259.64,74298.86,74259.64,74281.95,46830
1789099320,2026-09-11T09:32:00,74281.85,74281.85,74214.57,74214.57,214057
1789099380,2026-09-11T09:33:00,74215.76,74240.18,74211.52,74235.41,50968
1789099440,2026-09-11T09:34:00,74238.96,74270.38,74238.96,74263.53,27198
1789099500,2026-09-11T09:35:00,74263.87,74279.22,74256.49,74275.1,32588
1789099560,2026-09-11T09:36:00,74278.05,74279.31,74263.62,74276.45,34881
1789099620,2026-09-11T09:37:00,74279.93,74283.16,74262.87,74267.17,3147282
1789099680,2026-09-11T09:38:00,74266.18,74275.1,74254.75,74275.06,21218
1789099740,2026-09-11T09:39:00,74280.45,74283.13,74261.14,74274.69,17738
1789099800,2026-09-11T09:40:00,74267.42,74267.42,74242.83,74248.77,32046
1789099860,2026-09-11T09:41:00,74251.4,74251.4,74213.57,74220.56,17285
1789099920,2026-09-11T09:42:00,74220.21,74227.35,74210.38,74218.07,20422
1789099980,2026-09-11T09:43:00,74224.57,74251.11,74213.99,74250.77,18010
1789100040,2026-09-11T09:44:00,74251.07,74263.99,74241.37,74246.39,32003
1789100100,2026-09-11T09:45:00,74250.06,74266.92,74235.34,74257.28,2029412
1789100160,2026-09-11T09:46:00,74259.68,74259.68,74240.39,74248.45,43883
1789100220,2026-09-11T09:47:00,74251.9,74255.7,74226.76,74229.9,374600
1789100280,2026-09-11T09:48:00,74228.32,74228.32,74212.97,74223.65,12855
1789100340,2026-09-11T09:49:00,74223.11,74236.24,74218.09,74232.1,28691
1789100400,2026-09-11T09:50:00,74225.62,74245.34,74225.62,74240.68,637896
1789100460,2026-09-11T09:51:00,74242.23,74243.29,74224.7,74226.71,30198
1789100520,2026-09-11T09:52:00,74228.5,74236.98,74220.54,74236.25,28651
1789100580,2026-09-11T09:53:00,74229.56,74248.75,74219.61,74222.34,26995
1789100640,2026-09-11T09:54:00,74219.98,74238.5,74216.3,74228.69,25588
1789100700,2026-09-11T09:55:00,74224.88,74251.56,74218.83,74246.86,24803
1789100760,2026-09-11T09:56:00,74250.69,74277.9,74242.88,74273.5,15071
1789100820,2026-09-11T09:57:00,74272.39,74280.42,74264.65,74280.42,19488
1789100880,2026-09-11T09:58:00,74280.42,74294.31,74273.76,74283.13,13983
1789100940,2026-09-11T09:59:00,74285.47,74292.82,74279.5,74279.5,15358
1789101000,2026-09-11T10:00:00,74278.54,74286.97,74269.29,74275.72,16993
1789101060,2026-09-11T10:01:00,74275.55,74281.92,74265.93,74277.95,24508
1789101120,2026-09-11T10:02:00,74278.68,74284.14,74271.11,74284.14,13706
1789101180,2026-09-11T10:03:00,74278.48,74313.5,74278.48,74312.23,21706
1789101240,2026-09-11T10:04:00,74313.75,74326.48,74305.36,74313.84,47241
1789101300,2026-09-11T10:05:00,74312.92,74338.52,74312.92,74327.08,41989
1789101360,2026-09-11T10:06:00,74326.87,74328.84,74312.28,74315.37,11940
1789101420,2026-09-11T10:07:00,74315.55,74328.87,74304.35,74312.96,11184
1789101480,2026-09-11T10:08:00,74315.17,74338.71,74310.83,74338.71,21678
1789101540,2026-09-11T10:09:00,74338.14,74352.33,74337.06,74347.16,42847
1789101600,2026-09-11T10:10:00,74350.57,74355.24,74339.05,74353.96,16148
1789101660,2026-09-11T10:11:00,74352.46,74355.29,74341.72,74349.21,14172
1789101720,2026-09-11T10:12:00,74350.99,74358.05,74341.44,74351.43,10379
1789101780,2026-09-11T10:13:00,74355.64,74383.26,74345.97,74377.35,25455
1789101840,2026-09-11T10:14:00,74381.66,74390.65,74378.43,74387.12,27718
1789101900,2026-09-11T10:15:00,74388.89,74392.1,74368.82,74381.56,49179
1789101960,2026-09-11T10:16:00,74384.27,74391.19,74372,74376.12,24606
1789102020,2026-09-11T10:17:00,74377.07,74387.7,74373.87,74377.56,20954
1789102080,2026-09-11T10:18:00,74381.5,74389.5,74368.98,74376.65,45890
1789102140,2026-09-11T10:19:00,74378.53,74381.05,74369.27,74372.17,8965
1789102200,2026-09-11T10:20:00,74369.55,74386,74363.79,74386,25163
1789102260,2026-09-11T10:21:00,74383.3,74401.04,74380.85,74392.84,16812
1789102320,2026-09-11T10:22:00,74399.65,74427.48,74396.13,74425.96,15686
1789102380,2026-09-11T10:23:00,74425.95,74433.46,74408.34,74410.53,19248
1789102440,2026-09-11T10:24:00,74410.2,74411.29,74385.82,74389.37,35215
1789102500,2026-09-11T10:25:00,74389.94,74389.94,74372.48,74385.04,21919
1789102560,2026-09-11T10:26:00,74386.93,74388.05,74370.36,74374.68,15441
1789102620,2026-09-11T10:27:00,74374.73,74374.73,74361.33,74362.7,11172
1789102680,2026-09-11T10:28:00,74359.34,74359.34,74325.11,74328.49,27376
1789102740,2026-09-11T10:29:00,74328.69,74336.02,74312.36,74313.78,12895
1789102800,2026-09-11T10:30:00,74315.78,74323.17,74306.66,74318.41,31922
1789102860,2026-09-11T10:31:00,74316.46,74346.85,74313.76,74345.32,12120
1789102920,2026-09-11T10:32:00,74345.32,74352.99,74338.01,74342.97,8211
1789102980,2026-09-11T10:33:00,74340.64,74343.46,74328.16,74328.16,12088
1789103040,2026-09-11T10:34:00,74331.37,74354.61,74329.25,74342.74,10028
1789103100,2026-09-11T10:35:00,74338.03,74353.65,74335.05,74353.65,9089
1789103160,2026-09-11T10:36:00,74354.2,74363.99,74349.52,74350.93,8929
1789103220,2026-09-11T10:37:00,74351.94,74374.88,74351.94,74370.45,6557
1789103280,2026-09-11T10:38:00,74371.2,74380.93,74363.36,74371.66,19156
1789103340,2026-09-11T10:39:00,74371.56,74377.78,74367.45,74369.6,10202
1789103400,2026-09-11T10:40:00,74369.6,74376.17,74366.73,74367.45,8644
1789103460,2026-09-11T10:41:00,74366.69,74379.66,74359.38,74368.13,20423
1789103520,2026-09-11T10:42:00,74367.81,74370.97,74355.59,74360.83,27780
1789103580,2026-09-11T10:43:00,74361.45,74370.93,74356.88,74369.87,10633
1789103640,2026-09-11T10:44:00,74369.91,74400.93,74368.41,74400.93,13774
1789103700,2026-09-11T10:45:00,74400.93,74409.67,74379.34,74385.91,27440
1789103760,2026-09-11T10:46:00,74381.22,74394.69,74373.85,74394.48,14181
1789103820,2026-09-11T10:47:00,74393.32,74397.15,74373.01,74376.5,10884
1789103880,2026-09-11T10:48:00,74375.99,74376.62,74354.46,74357.79,11970
1789103940,2026-09-11T10:49:00,74357.13,74366.36,74355.78,74365.04,5716
1789104000,2026-09-11T10:50:00,74362.7,74364.53,74334.28,74338.6,12575
1789104060,2026-09-11T10:51:00,74342.37,74346.09,74327.18,74330.09,13774
1789104120,2026-09-11T10:52:00,74330.09,74331.17,74318.45,74323.06,25126
1789104180,2026-09-11T10:53:00,74323.95,74334.71,74320.07,74331.46,19344
1789104240,2026-09-11T10:54:00,74330.78,74338.42,74329.07,74333.62,6217
1789104300,2026-09-11T10:55:00,74332.92,74335.63,74318.87,74320.94,4250
1789104360,2026-09-11T10:56:00,74323.23,74323.23,74301.59,74312.76,12058
1789104420,2026-09-11T10:57:00,74309.59,74314.84,74303.04,74311.69,9816
1789104480,2026-09-11T10:58:00,74310.31,74328.93,74308.75,74328.93,10312
1789104540,2026-09-11T10:59:00,74326.21,74327.95,74312.71,74320.69,17422
1789104600,2026-09-11T11:00:00,74320.5,74338.28,74313.96,74331.48,13195
1789104660,2026-09-11T11:01:00,74332.33,74352.92,74332.33,74350.06,16754
1789104720,2026-09-11T11:02:00,74349.07,74352.67,74329.33,74332.13,13606
1789104780,2026-09-11T11:03:00,74333.57,74347.63,74325.48,74330.59,5836
1789104840,2026-09-11T11:04:00,74329.27,74334.82,74321.81,74326.38,7311
1789104900,2026-09-11T11:05:00,74325.61,74326.16,74315.6,74319.69,10931
1789104960,2026-09-11T11:06:00,74319.9,74338.59,74319.9,74336.95,13559
1789105020,2026-09-11T11:07:00,74336.95,74353.34,74330.72,74349.37,7602
1789105080,2026-09-11T11:08:00,74349.22,74355.5,74343.54,74346.25,15587
1789105140,2026-09-11T11:09:00,74345.35,74373.32,74338.8,74367.33,90529
1789105200,2026-09-11T11:10:00,74365.52,74378.81,74361.36,74378.46,13990
1789105260,2026-09-11T11:11:00,74378.46,74387.9,74376.04,74385.9,9847
1789105320,2026-09-11T11:12:00,74385.31,74430,74380.37,74421.24,9633
1789105380,2026-09-11T11:13:00,74420.77,74464.96,74420.77,74464.96,10379
1789105440,2026-09-11T11:14:00,74465.06,74512.01,74460.34,74505.18,15123
1789105500,2026-09-11T11:15:00,74503.32,74504.3,74466.39,74469.7,19126
1789105560,2026-09-11T11:16:00,74467.6,74488.24,74465.84,74485.71,24020
1789105620,2026-09-11T11:17:00,74485.07,74551.81,74485.07,74538.61,27450
1789105680,2026-09-11T11:18:00,74537.35,74539.9,74515.37,74520.39,10654
1789105740,2026-09-11T11:19:00,74516.73,74521.89,74495.83,74506.48,14049
1789105800,2026-09-11T11:20:00,74503.28,74520.8,74502.94,74503.02,20416
1789105860,2026-09-11T11:21:00,74502.01,74511.71,74495.07,74511.01,11573
1789105920,2026-09-11T11:22:00,74508.62,74538.88,74502.78,74536.07,16897
1789105980,2026-09-11T11:23:00,74538.56,74539.25,74528.13,74536.44,19839
1789106040,2026-09-11T11:24:00,74538.76,74550.15,74532.46,74540.58,14370
1789106100,2026-09-11T11:25:00,74540.39,74556.94,74539.93,74548.09,16640
1789106160,2026-09-11T11:26:00,74547.56,74548.02,74530.59,74543.75,6863
1789106220,2026-09-11T11:27:00,74543.17,74548.29,74535.39,74547.83,11760
1789106280,2026-09-11T11:28:00,74542,74548.29,74526.05,74526.05,11962
1789106340,2026-09-11T11:29:00,74528.17,74534.61,74523.19,74529.63,11175
1789106400,2026-09-11T11:30:00,74526.08,74530.01,74513.25,74523.26,22390
1789106460,2026-09-11T11:31:00,74521.67,74524.17,74511.04,74512.52,25554
1789106520,2026-09-11T11:32:00,74511.66,74538.97,74500.41,74536.37,14791
1789106580,2026-09-11T11:33:00,74539.04,74564.98,74539.04,74555.42,33946
1789106640,2026-09-11T11:34:00,74551.92,74561.13,74548.04,74554.92,35671
1789106700,2026-09-11T11:35:00,74555.48,74555.73,74526.89,74527.19,11851
1789106760,2026-09-11T11:36:00,74532.33,74554.03,74530.34,74549.9,12034
1789106820,2026-09-11T11:37:00,74554.09,74559.12,74549.25,74559.12,11115
1789106880,2026-09-11T11:38:00,74555.87,74568.67,74555.76,74557.67,12010
1789106940,2026-09-11T11:39:00,74559.88,74559.88,74534.96,74543.49,6160
1789107000,2026-09-11T11:40:00,74546.16,74560.95,74542.91,74557.82,13818
1789107060,2026-09-11T11:41:00,74555.73,74578.26,74550.83,74560.53,20917
1789107120,2026-09-11T11:42:00,74560.53,74562.92,74538.55,74539.73,6998
1789107180,2026-09-11T11:43:00,74539.08,74549.8,74538.07,74547.46,7906
1789107240,2026-09-11T11:44:00,74548.5,74570.27,74548.5,74566.07,20862
1789107300,2026-09-11T11:45:00,74562.93,74584.35,74557.2,74568.04,148518
1789107360,2026-09-11T11:46:00,74568.1,74584.1,74563.24,74565.52,23510
1789107420,2026-09-11T11:47:00,74570.49,74574.24,74558.61,74561.46,9110
1789107480,2026-09-11T11:48:00,74558.61,74562.36,74531.74,74534.11,9528
1789107540,2026-09-11T11:49:00,74533.16,74541.7,74514.56,74515.49,4524
1789107600,2026-09-11T11:50:00,74522.31,74531.25,74517.19,74527.55,5301
1789107660,2026-09-11T11:51:00,74530.12,74542.76,74525.13,74541.19,5608
1789107720,2026-09-11T11:52:00,74540.73,74540.73,74506.81,74507.15,11352
1789107780,2026-09-11T11:53:00,74504.69,74521.54,74501.66,74505.92,11853
1789107840,2026-09-11T11:54:00,74506.83,74530.19,74506.83,74523.48,12590
1789107900,2026-09-11T11:55:00,74521.79,74535.13,74521.79,74532.55,21137
1789107960,2026-09-11T11:56:00,74532.29,74548.58,74527.27,74543.32,14841
1789108020,2026-09-11T11:57:00,74555.01,74567.18,74522.31,74522.31,8404
1789108080,2026-09-11T11:58:00,74522.7,74545.45,74516.23,74534.49,5682
1789108140,2026-09-11T11:59:00,74531.76,74562.75,74530.34,74557.56,6154
1789108200,2026-09-11T12:00:00,74558.45,74564.66,74546.78,74556.35,110248
1789108260,2026-09-11T12:01:00,74557.2,74557.72,74537.7,74545.48,9766
1789108320,2026-09-11T12:02:00,74544.07,74547.69,74533.55,74533.88,6362
1789108380,2026-09-11T12:03:00,74535.35,74539.46,74527.52,74534.41,13185
1789108440,2026-09-11T12:04:00,74530.33,74549.15,74530.33,74538.27,18379
1789108500,2026-09-11T12:05:00,74539.65,74551.71,74532.64,74544.42,5144
1789108560,2026-09-11T12:06:00,74540.64,74544.84,74536.4,74538.44,10430
1789108620,2026-09-11T12:07:00,74536.85,74542.45,74526.86,74535.48,7344
1789108680,2026-09-11T12:08:00,74531.32,74543.48,74527.2,74542.32,14947
1789108740,2026-09-11T12:09:00,74542.32,74543.38,74524.89,74524.89,23601
1789108800,2026-09-11T12:10:00,74524.82,74530.34,74501.07,74502.29,24448
1789108860,2026-09-11T12:11:00,74498.61,74511.7,74491.44,74506.95,6424
1789108920,2026-09-11T12:12:00,74506.91,74509.27,74484.56,74485.98,9499
1789108980,2026-09-11T12:13:00,74485.07,74487.4,74456.12,74459.92,13244
1789109040,2026-09-11T12:14:00,74465.08,74484.54,74461.05,74484.03,9907
1789109100,2026-09-11T12:15:00,74481.79,74497.68,74473.89,74474.62,7806
1789109160,2026-09-11T12:16:00,74473.98,74481.47,74466.12,74472.91,51465
1789109220,2026-09-11T12:17:00,74472.08,74501.58,74472.08,74492.47,10807
1789109280,2026-09-11T12:18:00,74490.13,74510.02,74486.99,74509.59,6101
1789109340,2026-09-11T12:19:00,74512.29,74512.29,74499.85,74503.37,5647
1789109400,2026-09-11T12:20:00,74499.92,74512.54,74475.15,74475.15,31058
1789109460,2026-09-11T12:21:00,74477.19,74488.8,74470.47,74481.54,9825
1789109520,2026-09-11T12:22:00,74479.65,74485.45,74473.17,74481.26,8628
1789109580,2026-09-11T12:23:00,74478.68,74507.7,74476.97,74507.7,16832
1789109640,2026-09-11T12:24:00,74506.57,74514.96,74499.7,74514.96,15053
1789109700,2026-09-11T12:25:00,74514.96,74524.34,74505.06,74506.75,9615
1789109760,2026-09-11T12:26:00,74506.75,74517.06,74502.26,74511.06,4785
1789109820,2026-09-11T12:27:00,74516.85,74517.37,74495.02,74502.66,75186
1789109880,2026-09-11T12:28:00,74502.85,74509.95,74501.26,74503.36,3230
1789109940,2026-09-11T12:29:00,74502.63,74505.56,74496.5,74500.64,7628
1789110000,2026-09-11T12:30:00,74500,74510.99,74497.76,74497.76,16090
1789110060,2026-09-11T12:31:00,74495.18,74510.9,74494.25,74510.86,4853
1789110120,2026-09-11T12:32:00,74511.75,74529.77,74509.11,74529.77,8677
1789110180,2026-09-11T12:33:00,74530.69,74531.97,74507.54,74510.35,4943
1789110240,2026-09-11T12:34:00,74510.67,74527.04,74506.75,74526.7,8622
1789110300,2026-09-11T12:35:00,74535.24,74539.42,74523.15,74537.58,10264
1789110360,2026-09-11T12:36:00,74535.06,74546.79,74527.39,74531.11,12387
1789110420,2026-09-11T12:37:00,74532.51,74549.2,74524.05,74549.2,11710
1789110480,2026-09-11T12:38:00,74553,74559.73,74542.26,74543.44,11718
1789110540,2026-09-11T12:39:00,74546.08,74548.88,74527.5,74539.03,9439
1789110600,2026-09-11T12:40:00,74537.61,74541.23,74522.78,74526.04,30693
1789110660,2026-09-11T12:41:00,74528.32,74543.39,74518.25,74542.45,9885
1789110720,2026-09-11T12:42:00,74541.88,74566.7,74541.88,74566.7,59591
1789110780,2026-09-11T12:43:00,74567.27,74571.66,74561.31,74564.51,7300
1789110840,2026-09-11T12:44:00,74560.6,74564.32,74548.98,74555.38,10067
1789110900,2026-09-11T12:45:00,74555.02,74555.02,74532.93,74536.63,9860
1789110960,2026-09-11T12:46:00,74534.17,74534.17,74507.83,74507.83,9337
1789111020,2026-09-11T12:47:00,74510.98,74521.43,74507.96,74517.67,12561
1789111080,2026-09-11T12:48:00,74513.66,74523.28,74507.08,74507.51,9586
1789111140,2026-09-11T12:49:00,74510.1,74526.43,74509.49,74517.78,6608
1789111200,2026-09-11T12:50:00,74514.57,74521.41,74514.57,74517.45,7803
1789111260,2026-09-11T12:51:00,74517.69,74517.69,74503.6,74505.86,8127
1789111320,2026-09-11T12:52:00,74506.97,74526.38,74502.25,74524.54,7435
1789111380,2026-09-11T12:53:00,74523.23,74539.52,74520.53,74537.3,17148
1789111440,2026-09-11T12:54:00,74535.26,74544.06,74535.05,74542.24,4753
1789111500,2026-09-11T12:55:00,74542.24,74560.43,74542.24,74558.72,8970
1789111560,2026-09-11T12:56:00,74557.63,74560.14,74550.37,74553.67,4852
1789111620,2026-09-11T12:57:00,74554.96,74562.43,74544.11,74552.09,9105
1789111680,2026-09-11T12:58:00,74550.85,74570.75,74548.4,74558.72,14980
1789111740,2026-09-11T12:59:00,74557.89,74562.45,74546.64,74553.83,8012
1789111800,2026-09-11T13:00:00,74551.9,74557.81,74541.75,74543.68,7606
1789111860,2026-09-11T13:01:00,74541.19,74541.19,74516.39,74530.37,7371
1789111920,2026-09-11T13:02:00,74529.29,74531.68,74506.69,74531.53,9515
1789111980,2026-09-11T13:03:00,74528.98,74533.23,74502.01,74509.41,21481
1789112040,2026-09-11T13:04:00,74505.78,74515.71,74494.14,74494.84,20248
1789112100,2026-09-11T13:05:00,74491.47,74491.47,74477.28,74483,7614
1789112160,2026-09-11T13:06:00,74478.11,74478.12,74467.1,74474,80523
1789112220,2026-09-11T13:07:00,74474,74493.26,74472.9,74493.26,6962
1789112280,2026-09-11T13:08:00,74493.8,74503.42,74488.59,74503.42,10814
1789112340,2026-09-11T13:09:00,74503.57,74505.65,74472.66,74472.66,4514
1789112400,2026-09-11T13:10:00,74475.28,74482.74,74472.14,74475.54,7424
1789112460,2026-09-11T13:11:00,74475.54,74478.24,74458.89,74478.24,10381
1789112520,2026-09-11T13:12:00,74475.67,74481.75,74470.48,74475.88,6581
1789112580,2026-09-11T13:13:00,74472.22,74503.44,74472.22,74496.27,5943
1789112640,2026-09-11T13:14:00,74498.2,74507.71,74490.01,74500.98,12880
1789112700,2026-09-11T13:15:00,74500.39,74505.02,74481.48,74482.42,18380
1789112760,2026-09-11T13:16:00,74482.92,74499.44,74482.48,74496.54,9528
1789112820,2026-09-11T13:17:00,74497.82,74504.84,74495.44,74503.37,15290
1789112880,2026-09-11T13:18:00,74507.43,74507.43,74481.7,74481.7,7577
1789112940,2026-09-11T13:19:00,74480.9,74485.87,74474.85,74481.49,13068
1789113000,2026-09-11T13:20:00,74478.92,74479.93,74470.01,74474.44,281602
1789113060,2026-09-11T13:21:00,74476.34,74490.46,74467.08,74488.23,9924
1789113120,2026-09-11T13:22:00,74488.23,74504.42,74480.78,74504.42,86120
1789113180,2026-09-11T13:23:00,74503.77,74519.25,74502.72,74512.51,5166
1789113240,2026-09-11T13:24:00,74509.94,74511.53,74497.39,74508.8,6064
1789113300,2026-09-11T13:25:00,74509.49,74512.87,74492.24,74504.11,14848
1789113360,2026-09-11T13:26:00,74504.07,74526.35,74502.78,74521.19,70377
1789113420,2026-09-11T13:27:00,74519.35,74553.86,74513.93,74551.84,82535
1789113480,2026-09-11T13:28:00,74548.02,74550.68,74535.63,74545.61,221219
1789113540,2026-09-11T13:29:00,74547.54,74574,74547.54,74560.74,29959
1789113600,2026-09-11T13:30:00,74563.64,74563.64,74547.18,74558.83,8323
1789113660,2026-09-11T13:31:00,74559.15,74568.76,74549.87,74560.38,8091
1789113720,2026-09-11T13:32:00,74560.38,74575.87,74559.31,74570.72,16440
1789113780,2026-09-11T13:33:00,74573.17,74584.53,74562.28,74571.25,20793
1789113840,2026-09-11T13:34:00,74571.66,74576.56,74548.64,74548.64,26593
1789113900,2026-09-11T13:35:00,74551.43,74552.26,74520.61,74539.48,14638
1789113960,2026-09-11T13:36:00,74532.58,74534.71,74517.51,74520.94,9396
1789114020,2026-09-11T13:37:00,74521.94,74530.8,74509.77,74517.08,11482
1789114080,2026-09-11T13:38:00,74518.21,74537.6,74515.93,74535.4,8266
1789114140,2026-09-11T13:39:00,74532.57,74538.67,74523.88,74529.47,21774
1789114200,2026-09-11T13:40:00,74529.47,74539.86,74520.35,74538.96,9189
1789114260,2026-09-11T13:41:00,74542.48,74542.48,74449.51,74453.17,59787
1789114320,2026-09-11T13:42:00,74454.6,74513.2,74454.6,74513.2,12296
1789114380,2026-09-11T13:43:00,74515.57,74515.57,74502.26,74507.76,42322
1789114440,2026-09-11T13:44:00,74511.62,74526.32,74511.62,74524.53,127352
1789114500,2026-09-11T13:45:00,74523.1,74526.81,74482.49,74483.76,198841
1789114560,2026-09-11T13:46:00,74484.09,74487.36,74468.8,74484.65,22521
1789114620,2026-09-11T13:47:00,74487.92,74508.57,74487.92,74506.11,10414
1789114680,2026-09-11T13:48:00,74511.63,74524.64,74507.01,74516.47,15598
1789114740,2026-09-11T13:49:00,74516.47,74529.02,74506.12,74528.12,43386
1789114800,2026-09-11T13:50:00,74527.01,74542.98,74519.72,74542.33,101304
1789114860,2026-09-11T13:51:00,74545.41,74584.59,74545.41,74577.48,126311
1789114920,2026-09-11T13:52:00,74578.34,74582.84,74553.74,74565.85,70523
1789114980,2026-09-11T13:53:00,74567.14,74569.05,74551.31,74559.51,17385
1789115040,2026-09-11T13:54:00,74561.28,74637.58,74557.64,74580.83,26174
1789115100,2026-09-11T13:55:00,74581.18,74649.11,74575.06,74648.27,18498
1789115160,2026-09-11T13:56:00,74648.36,74666.17,74631.99,74661.67,19005
1789115220,2026-09-11T13:57:00,74681.42,74697.5,74674.09,74685.82,50657
1789115280,2026-09-11T13:58:00,74685.18,74696.38,74656.09,74680.9,24831
1789115340,2026-09-11T13:59:00,74681.52,74699.11,74678.5,74695.85,37796
1789115400,2026-09-11T14:00:00,74691.36,74718.23,74683,74716.99,32281
1789115460,2026-09-11T14:01:00,74715.06,74725.59,74709.76,74716.24,16027
1789115520,2026-09-11T14:02:00,74712.42,74847.04,74712.42,74837.74,71682
1789115580,2026-09-11T14:03:00,74845.11,74889.16,74835.26,74866.64,175195
1789115640,2026-09-11T14:04:00,74866.03,74870.09,74858.03,74865.13,23851
1789115700,2026-09-11T14:05:00,74865.13,74868.96,74822.63,74830.47,33116
1789115760,2026-09-11T14:06:00,74829.81,74829.83,74779.23,74810.27,26654
1789115820,2026-09-11T14:07:00,74808.88,74808.88,74794.23,74795.94,13380
1789115880,2026-09-11T14:08:00,74797.41,74805.78,74776.41,74784.47,27034
1789115940,2026-09-11T14:09:00,74783.83,74801.17,74772.3,74787.53,26579
1789116000,2026-09-11T14:10:00,74782.4,74785.88,74769.38,74778.07,39675
1789116060,2026-09-11T14:11:00,74777.52,74789.72,74768.62,74789.72,11463
1789116120,2026-09-11T14:12:00,74789.37,74794.21,74781.21,74794,12591
1789116180,2026-09-11T14:13:00,74787.56,74792.8,74774.72,74774.72,12184
1789116240,2026-09-11T14:14:00,74774.12,74795.59,74764.43,74794.65,15570
1789116300,2026-09-11T14:15:00,74793.19,74797.35,74771.49,74782.77,10349
1789116360,2026-09-11T14:16:00,74783.16,74783.16,74745.39,74764.76,523886
1789116420,2026-09-11T14:17:00,74764.11,74774.06,74756.81,74771.9,38691
1789116480,2026-09-11T14:18:00,74767.69,74772.13,74747.57,74753.96,9577
1789116540,2026-09-11T14:19:00,74755.19,74764.23,74752.54,74762.09,11086
1789116600,2026-09-11T14:20:00,74762.9,74766.36,74742.88,74749.65,14976
1789116660,2026-09-11T14:21:00,74748.38,74770.23,74741.15,74765.62,16192
1789116720,2026-09-11T14:22:00,74768.42,74774.79,74759.82,74774.72,13262
1789116780,2026-09-11T14:23:00,74777.98,74783.8,74765.78,74767.98,15376
1789116840,2026-09-11T14:24:00,74772.4,74790.33,74770.68,74790.29,13528
1789116900,2026-09-11T14:25:00,74790.73,74792.29,74773.73,74784.76,10813
1789116960,2026-09-11T14:26:00,74785.74,74810.85,74785.74,74807.98,14510
1789117020,2026-09-11T14:27:00,74808.62,74812.58,74789.9,74803.79,19702
1789117080,2026-09-11T14:28:00,74804.22,74824.45,74795.82,74815.24,11370
1789117140,2026-09-11T14:29:00,74818.25,74826.6,74813.11,74814.56,17617
1789117200,2026-09-11T14:30:00,74814.15,74831.31,74814.15,74823.6,22378
1789117260,2026-09-11T14:31:00,74821.43,74863.36,74818.01,74863.36,14193
1789117320,2026-09-11T14:32:00,74861.48,74861.48,74825.32,74828.97,18672
1789117380,2026-09-11T14:33:00,74830.56,74830.96,74807.5,74825.07,12615
1789117440,2026-09-11T14:34:00,74826.86,74837.24,74816.87,74826.22,29142
1789117500,2026-09-11T14:35:00,74827.82,74881.76,74826.4,74874.41,56921
1789117560,2026-09-11T14:36:00,74875.84,74877.07,74844.29,74860.29,18859
1789117620,2026-09-11T14:37:00,74861.75,74871.75,74824.59,74824.59,15242
1789117680,2026-09-11T14:38:00,74828.23,74837.24,74813.59,74818.38,11023
1789117740,2026-09-11T14:39:00,74821.52,74829.6,74803.57,74821.52,16778
1789117800,2026-09-11T14:40:00,74823.25,74841.55,74817.57,74827.25,9478
1789117860,2026-09-11T14:41:00,74830.63,74848.28,74821.49,74847.64,8831
1789117920,2026-09-11T14:42:00,74841.85,74863.21,74840.18,74863.21,15664
1789117980,2026-09-11T14:43:00,74868.01,74873.62,74858.29,74867.88,112267
1789118040,2026-09-11T14:44:00,74866.78,74866.78,74854.07,74862.53,111202
1789118100,2026-09-11T14:45:00,74861,74861,74841.34,74852.47,22961
1789118160,2026-09-11T14:46:00,74846.78,74850.56,74831.68,74835.03,126803
1789118220,2026-09-11T14:47:00,74831.4,74848.14,74814.99,74848.14,94409
1789118280,2026-09-11T14:48:00,74844.92,74849.78,74836.22,74844.75,28098
1789118340,2026-09-11T14:49:00,74844.38,74849.39,74825.55,74835.39,28283
1789118400,2026-09-11T14:50:00,74835.1,74867.47,74835.1,74851.02,32014
1789118460,2026-09-11T14:51:00,74856.42,74862.75,74827.66,74839.53,22212
1789118520,2026-09-11T14:52:00,74839.26,74844.57,74828.31,74836.33,22092
1789118580,2026-09-11T14:53:00,74840.34,74863.5,74837.15,74839.76,61771
1789118640,2026-09-11T14:54:00,74839.77,74844.43,74821.36,74830.68,30394
1789118700,2026-09-11T14:55:00,74832.61,74849.3,74825.51,74846.78,21040
1789118760,2026-09-11T14:56:00,74842.49,74848.05,74836.72,74847.42,35116
1789118820,2026-09-11T14:57:00,74847.06,74849.76,74836.76,74848.31,21818
1789118880,2026-09-11T14:58:00,74848.35,74851.88,74837.03,74838.75,24221
1789118940,2026-09-11T14:59:00,74843.36,74844.69,74823.06,74825.87,16068
1789119000,2026-09-11T15:00:00,74825.07,74825.07,74809.27,74812.52,40248
1789119060,2026-09-11T15:01:00,74814.44,74818.58,74781.86,74782.51,42892
1789119120,2026-09-11T15:02:00,74782.11,74797.16,74778.04,74794.9,35738
1789119180,2026-09-11T15:03:00,74795.15,74797.12,74777.45,74777.45,27786
1789119240,2026-09-11T15:04:00,74782.1,74782.1,74746.29,74750.38,43030
1789119300,2026-09-11T15:05:00,74747.37,74748.38,74716.35,74731.99,37697
1789119360,2026-09-11T15:06:00,74731.24,74752.72,74719.92,74746.03,31485
1789119420,2026-09-11T15:07:00,74747.82,74774.58,74747.82,74771.42,24061
1789119480,2026-09-11T15:08:00,74771.5,74800.05,74766.03,74797.58,19248
1789119540,2026-09-11T15:09:00,74794.94,74816.15,74790.67,74815.65,62174
1789119600,2026-09-11T15:10:00,74813.9,74837.25,74805.63,74837.24,24873
1789119660,2026-09-11T15:11:00,74830.74,74859.32,74827.58,74855.43,74078
1789119720,2026-09-11T15:12:00,74856.78,74860.55,74826.77,74843.7,25667
1789119780,2026-09-11T15:13:00,74838.54,74864.8,74823.8,74846.71,18749
1789119840,2026-09-11T15:14:00,74856.11,74916.31,74839.15,74914.06,21385
1789119900,2026-09-11T15:15:00,74914.06,74914.06,74914.06,74914.06,21385
1789119960,2026-09-11T15:16:00,74914.06,74914.06,74914.06,74914.06,21385
1789120020,2026-09-11T15:17:00,74914.06,74914.06,74914.06,74914.06,21385
1789120080,2026-09-11T15:18:00,74914.06,74914.06,74914.06,74914.06,21385
1789120140,2026-09-11T15:19:00,74914.06,74914.06,74914.06,74914.06,21385
1789120200,2026-09-11T15:20:00,74914.06,74914.06,74914.06,74914.06,21385
1789120260,2026-09-11T15:21:00,74914.06,74914.06,74914.06,74914.06,21385
1789120320,2026-09-11T15:22:00,74914.06,74914.06,74914.06,74914.06,21385
1789120380,2026-09-11T15:23:00,74914.06,74914.06,74914.06,74914.06,21385
1789120440,2026-09-11T15:24:00,74914.06,74914.06,74914.06,74914.06,21385
1789120500,2026-09-11T15:25:00,74914.06,74914.06,74914.06,74914.06,21385
1789120560,2026-09-11T15:26:00,74914.06,74914.06,74914.06,74914.06,21385
1789120620,2026-09-11T15:27:00,74914.06,74914.06,74914.06,74914.06,21385
1789120680,2026-09-11T15:28:00,74914.06,74917.15,74781.76,74781.76,21385
1789120740,2026-09-11T15:29:00,74781.76,74781.76,74781.76,74781.76,21385
1789443900,2026-09-15T09:15:00,75369.63,75436.44,75126.59,75144.24,476865
1789443960,2026-09-15T09:16:00,75146.29,75213.6,75146.29,75203.87,428614
1789444020,2026-09-15T09:17:00,75195.32,75241.26,75173.62,75173.62,312773
1789444080,2026-09-15T09:18:00,75167.42,75185.39,75120.68,75151.16,225478
1789444140,2026-09-15T09:19:00,75148.89,75188.68,75144.82,75176.71,293408
1789444200,2026-09-15T09:20:00,75163.78,75176.22,75136.68,75166.92,192247
1789444260,2026-09-15T09:21:00,75166.97,75184.75,75145.25,75172.16,102993
1789444320,2026-09-15T09:22:00,75171.41,75171.41,75109.09,75111.24,101786
1789444380,2026-09-15T09:23:00,75110.36,75120.67,75095.26,75110.04,104698
1789444440,2026-09-15T09:24:00,75113.1,75131.16,75073.25,75075.21,107232
1789444500,2026-09-15T09:25:00,75060.73,75060.88,75040.57,75046.47,104279
1789444560,2026-09-15T09:26:00,75049.97,75056.03,75012.59,75028.9,135480
1789444620,2026-09-15T09:27:00,75025.73,75044.57,75019.42,75030.12,91240
1789444680,2026-09-15T09:28:00,75024.66,75033.16,75007.96,75008.25,98122
1789444740,2026-09-15T09:29:00,75014.89,75025.64,75002.92,75021.63,148417
1789444800,2026-09-15T09:30:00,75027.7,75034.25,75014.98,75024.27,82048
1789444860,2026-09-15T09:31:00,75021.99,75035.14,74991.69,74991.69,91314
1789444920,2026-09-15T09:32:00,74993.57,75009.03,74970.89,75003.64,76156
1789444980,2026-09-15T09:33:00,75006.38,75009.69,74981.25,75009.69,70372
1789445040,2026-09-15T09:34:00,75013,75025.16,75004.88,75011.8,55707
1789445100,2026-09-15T09:35:00,75011.24,75038.02,75007.88,75015.57,68509
1789445160,2026-09-15T09:36:00,75007.85,75008.27,74969.07,74979,100855
1789445220,2026-09-15T09:37:00,74975.25,74992.91,74968.13,74972.98,74639
1789445280,2026-09-15T09:38:00,74970.48,74988.8,74962.45,74969.68,62630
1789445340,2026-09-15T09:39:00,74969.89,75016.53,74969.29,75016.53,50328
1789445400,2026-09-15T09:40:00,75017.95,75024.1,75005.81,75016.96,44290
1789445460,2026-09-15T09:41:00,75015.1,75015.95,74998.23,75015.07,42584
1789445520,2026-09-15T09:42:00,75015.13,75025.32,75005.65,75012.03,64683
1789445580,2026-09-15T09:43:00,75015.23,75050.84,75013.22,75044.63,48976
1789445640,2026-09-15T09:44:00,75041.62,75052.41,75004.32,75004.32,50035
1789445700,2026-09-15T09:45:00,75001.78,75001.78,74955.44,74972.98,42694
1789445760,2026-09-15T09:46:00,74975.43,74987.35,74967.41,74973.67,38874
1789445820,2026-09-15T09:47:00,74972.87,74983.74,74945.35,74946.85,46574
1789445880,2026-09-15T09:48:00,74947.75,74959.29,74923.65,74941.81,56057
1789445940,2026-09-15T09:49:00,74934.82,74935.18,74889.09,74895.22,42235
1789446000,2026-09-15T09:50:00,74897.78,74921.61,74885.17,74915.77,44695
1789446060,2026-09-15T09:51:00,74919.91,74920.03,74904.33,74904.58,79242
1789446120,2026-09-15T09:52:00,74912.24,74915.34,74870.94,74872.83,52346
1789446180,2026-09-15T09:53:00,74875,74888.92,74869.46,74881.06,722486
1789446240,2026-09-15T09:54:00,74880.99,74893.49,74851.85,74851.86,122732
1789446300,2026-09-15T09:55:00,74851.59,74851.59,74795.99,74807.88,78755
1789446360,2026-09-15T09:56:00,74806.52,74815.13,74782.54,74785.25,58432
1789446420,2026-09-15T09:57:00,74782.11,74786.16,74765.45,74769.68,53222
1789446480,2026-09-15T09:58:00,74772.37,74776.46,74754.16,74775.44,35608
1789446540,2026-09-15T09:59:00,74780.64,74821.92,74780.09,74818.82,92402
1789446600,2026-09-15T10:00:00,74823.14,74823.14,74778.88,74788.24,31841
1789446660,2026-09-15T10:01:00,74790.94,74793.16,74774.58,74777.33,30042
1789446720,2026-09-15T10:02:00,74782.3,74816.31,74780.61,74810.15,29858
1789446780,2026-09-15T10:03:00,74813.14,74816.14,74776.53,74779.32,38352
1789446840,2026-09-15T10:04:00,74778.48,74785.49,74765.51,74785.15,21459
1789446900,2026-09-15T10:05:00,74789.51,74807.69,74781.14,74803.78,93837
1789446960,2026-09-15T10:06:00,74805.08,74809.43,74778.39,74790.74,31345
1789447020,2026-09-15T10:07:00,74786.49,74795.71,74778.81,74792.77,26490
1789447080,2026-09-15T10:08:00,74794.59,74808.6,74776.71,74783.85,34508
1789447140,2026-09-15T10:09:00,74782.04,74782.04,74756.97,74758.88,60398
1789447200,2026-09-15T10:10:00,74759.45,74760.51,74738.16,74747.62,22208
1789447260,2026-09-15T10:11:00,74746.07,74812.04,74743.66,74812.04,57938
1789447320,2026-09-15T10:12:00,74808.17,74814.38,74789.87,74811.08,32922
1789447380,2026-09-15T10:13:00,74807.6,74822.79,74807.23,74811.79,23721
1789447440,2026-09-15T10:14:00,74817.39,74817.39,74793.63,74793.63,29100
1789447500,2026-09-15T10:15:00,74790.63,74796.69,74763.6,74764.02,26237
1789447560,2026-09-15T10:16:00,74765.71,74787.1,74765.71,74772.31,20564
1789447620,2026-09-15T10:17:00,74768.45,74778.68,74752.14,74776.43,37915
1789447680,2026-09-15T10:18:00,74775.98,74813.54,74775.98,74813.53,23713
1789447740,2026-09-15T10:19:00,74810.49,74810.61,74790.26,74809.04,19258
1789447800,2026-09-15T10:20:00,74803.33,74803.33,74756.61,74761.74,35381
1789447860,2026-09-15T10:21:00,74759.11,74759.11,74734.73,74756.44,51245
1789447920,2026-09-15T10:22:00,74756.68,74780.92,74752.47,74774.19,29760
1789447980,2026-09-15T10:23:00,74775.8,74775.8,74747.41,74771.15,24089
1789448040,2026-09-15T10:24:00,74770.91,74779.19,74766.96,74771.82,53679
1789448100,2026-09-15T10:25:00,74770.77,74773.74,74752.37,74752.91,23927
1789448160,2026-09-15T10:26:00,74757.14,74781.3,74752.39,74776.45,21479
1789448220,2026-09-15T10:27:00,74778.21,74782.97,74768.41,74769.48,17192
1789448280,2026-09-15T10:28:00,74763.27,74763.27,74729.55,74732.1,30894
1789448340,2026-09-15T10:29:00,74735.14,74736.09,74714.12,74717.51,23935
1789448400,2026-09-15T10:30:00,74715.98,74718.21,74690.15,74715.25,29563
1789448460,2026-09-15T10:31:00,74718.72,74742.6,74715.44,74715.7,15037
1789448520,2026-09-15T10:32:00,74716.9,74716.9,74701.42,74714.43,17357
1789448580,2026-09-15T10:33:00,74712.85,74729.29,74708.19,74723.55,12517
1789448640,2026-09-15T10:34:00,74724.43,74727.68,74715.41,74718.05,37807
1789448700,2026-09-15T10:35:00,74720.81,74738.54,74718.2,74733.9,14580
1789448760,2026-09-15T10:36:00,74733.92,74756.24,74732.01,74756.24,14050
1789448820,2026-09-15T10:37:00,74755.65,74758.23,74744.99,74755.82,22620
1789448880,2026-09-15T10:38:00,74755.53,74760.07,74743.27,74743.27,15487
1789448940,2026-09-15T10:39:00,74744.58,74751.83,74737.65,74746.82,16336
1789449000,2026-09-15T10:40:00,74747.96,74749.82,74734.77,74738.12,34438
1789449060,2026-09-15T10:41:00,74737.97,74745.42,74722.16,74742.26,56667
1789449120,2026-09-15T10:42:00,74742.26,74742.8,74724.31,74730.51,31900
1789449180,2026-09-15T10:43:00,74730.08,74730.59,74681.34,74698.86,25865
1789449240,2026-09-15T10:44:00,74699.78,74701.34,74689,74692.37,13459
1789449300,2026-09-15T10:45:00,74693.07,74698.73,74687.06,74698.04,31477
1789449360,2026-09-15T10:46:00,74698.53,74698.53,74652.76,74656.03,34822
1789449420,2026-09-15T10:47:00,74657.17,74680.23,74655.32,74673.24,26994
1789449480,2026-09-15T10:48:00,74672.78,74684.93,74664.04,74676.1,38368
1789449540,2026-09-15T10:49:00,74676.36,74678.22,74641.66,74644.27,72717
1789449600,2026-09-15T10:50:00,74644.67,74677.12,74640.96,74674.31,31328
1789449660,2026-09-15T10:51:00,74673.9,74676.92,74625.51,74626.01,23647
1789449720,2026-09-15T10:52:00,74623.59,74630.12,74617.19,74628.31,17619
1789449780,2026-09-15T10:53:00,74628.63,74632.46,74621.23,74624.98,22013
1789449840,2026-09-15T10:54:00,74624.65,74642.69,74623.9,74629.8,29816
1789449900,2026-09-15T10:55:00,74633.33,74637.29,74611.53,74613.94,14650
1789449960,2026-09-15T10:56:00,74612.9,74623.57,74609.21,74611.08,22157
1789450020,2026-09-15T10:57:00,74609.96,74622.1,74604.24,74615.07,10247
1789450080,2026-09-15T10:58:00,74618.34,74631.25,74607.11,74624.94,36753
1789450140,2026-09-15T10:59:00,74624.99,74648.38,74620.41,74647.69,19074
1789450200,2026-09-15T11:00:00,74649.24,74650.15,74635.52,74638.2,24254
1789450260,2026-09-15T11:01:00,74639.43,74687.11,74634.16,74684.57,43116
1789450320,2026-09-15T11:02:00,74684.13,74728.48,74681.79,74724.88,31225
1789450380,2026-09-15T11:03:00,74719.16,74724.43,74693.96,74694.31,22833
1789450440,2026-09-15T11:04:00,74694.65,74709.69,74685.97,74705.93,26017
1789450500,2026-09-15T11:05:00,74709.71,74717.07,74691.37,74691.53,30930
1789450560,2026-09-15T11:06:00,74694.37,74697.9,74675.53,74690.74,27881
1789450620,2026-09-15T11:07:00,74690.09,74690.09,74644.46,74646.45,41607
1789450680,2026-09-15T11:08:00,74645.37,74650.27,74632.17,74644.41,27856
1789450740,2026-09-15T11:09:00,74644.76,74650.9,74636.6,74637.92,24399
1789450800,2026-09-15T11:10:00,74637.92,74637.92,74608.98,74629.11,19185
1789450860,2026-09-15T11:11:00,74626.52,74693.13,74626.52,74674.72,24542
1789450920,2026-09-15T11:12:00,74677.12,74681.75,74657.29,74666.78,11352
1789450980,2026-09-15T11:13:00,74671.35,74676.77,74643.38,74650.68,37216
1789451040,2026-09-15T11:14:00,74651.14,74681.15,74650.23,74667.66,25048
1789451100,2026-09-15T11:15:00,74667.76,74701,74667.76,74697.41,10557
1789451160,2026-09-15T11:16:00,74700.41,74709.17,74652.81,74654.66,32680
1789451220,2026-09-15T11:17:00,74653.57,74659.42,74638.4,74642.11,24121
1789451280,2026-09-15T11:18:00,74643.03,74647.33,74635.41,74641.13,12617
1789451340,2026-09-15T11:19:00,74634.66,74634.66,74609.4,74621.49,36136
1789451400,2026-09-15T11:20:00,74621.71,74622.99,74593.91,74598.98,18380
1789451460,2026-09-15T11:21:00,74602.26,74611.16,74593.19,74611.16,19693
1789451520,2026-09-15T11:22:00,74612.25,74632.93,74612.15,74627.48,17265
1789451580,2026-09-15T11:23:00,74629.35,74639.62,74626.62,74630.34,14784
1789451640,2026-09-15T11:24:00,74634.13,74648.72,74629.25,74634.24,15383
1789451700,2026-09-15T11:25:00,74634.23,74641.73,74610.97,74611.55,13498
1789451760,2026-09-15T11:26:00,74610.62,74618.39,74594.74,74594.74,17549
1789451820,2026-09-15T11:27:00,74594.8,74602.26,74587.96,74595.78,9002
1789451880,2026-09-15T11:28:00,74595.4,74604.03,74587.68,74587.68,9710
1789451940,2026-09-15T11:29:00,74585.86,74602.27,74583.55,74600.29,24912
1789452000,2026-09-15T11:30:00,74598.58,74615.64,74586.49,74589.87,23595
1789452060,2026-09-15T11:31:00,74588.53,74605.35,74587.73,74598.68,11178
1789452120,2026-09-15T11:32:00,74604.47,74631.39,74598.06,74617.25,32791
1789452180,2026-09-15T11:33:00,74617.95,74625.84,74610.39,74620.56,13152
1789452240,2026-09-15T11:34:00,74620.66,74632.48,74617.24,74624.95,54369
1789452300,2026-09-15T11:35:00,74626.29,74638.46,74622.59,74637.14,20209
1789452360,2026-09-15T11:36:00,74637.19,74667.71,74635.05,74663.91,25698
1789452420,2026-09-15T11:37:00,74661,74671.36,74659.32,74661.25,15659
1789452480,2026-09-15T11:38:00,74659.97,74688.74,74657.61,74687.71,15895
1789452540,2026-09-15T11:39:00,74689.31,74696.3,74684.27,74695.76,13340
1789452600,2026-09-15T11:40:00,74695.32,74700.2,74662.77,74667.65,20269
1789452660,2026-09-15T11:41:00,74667.69,74677.27,74663.04,74668.79,12700
1789452720,2026-09-15T11:42:00,74670.01,74673.51,74654.12,74655.12,10624
1789452780,2026-09-15T11:43:00,74655.68,74671.63,74650.55,74666.73,14688
1789452840,2026-09-15T11:44:00,74666.16,74685.87,74665.63,74679.59,11109
1789452900,2026-09-15T11:45:00,74679.02,74684.33,74668.43,74671.7,11878
1789452960,2026-09-15T11:46:00,74672.2,74681.19,74665.73,74665.73,13472
1789453020,2026-09-15T11:47:00,74668.9,74679.51,74665.54,74672.29,8995
1789453080,2026-09-15T11:48:00,74671.33,74688.57,74669.94,74685.56,13152
1789453140,2026-09-15T11:49:00,74686.31,74689.12,74653.85,74657.9,12949
1789453200,2026-09-15T11:50:00,74657.41,74657.41,74638.46,74639.29,34626
1789453260,2026-09-15T11:51:00,74638.96,74658.96,74637.51,74654.04,33840
1789453320,2026-09-15T11:52:00,74653.9,74654.97,74627.99,74627.99,54117
1789453380,2026-09-15T11:53:00,74627.99,74630.24,74616.02,74617.17,11135
1789453440,2026-09-15T11:54:00,74615.99,74622.55,74608.94,74612.04,33354
1789453500,2026-09-15T11:55:00,74613.45,74624.95,74611.66,74619.47,51671
1789453560,2026-09-15T11:56:00,74618.71,74638.75,74614.51,74638.75,19580
1789453620,2026-09-15T11:57:00,74639.39,74647.05,74632.35,74638.23,17749
1789453680,2026-09-15T11:58:00,74639.9,74672.39,74639.9,74657.01,16316
1789453740,2026-09-15T11:59:00,74656.51,74671.25,74656.51,74667.3,12565
1789453800,2026-09-15T12:00:00,74668.4,74678.17,74660.73,74672.39,16989
1789453860,2026-09-15T12:01:00,74671.5,74678.8,74664.07,74665.22,18813
1789453920,2026-09-15T12:02:00,74669.45,74692.4,74661.5,74689.12,28879
1789453980,2026-09-15T12:03:00,74694.62,74714.38,74692.82,74714.38,24805
1789454040,2026-09-15T12:04:00,74713.77,74713.77,74697.87,74705.61,20741
1789454100,2026-09-15T12:05:00,74706.96,74724.91,74706.96,74724.91,22428
1789454160,2026-09-15T12:06:00,74722.51,74722.51,74684.07,74689.49,17210
1789454220,2026-09-15T12:07:00,74688.22,74693.99,74682.41,74690.4,14009
1789454280,2026-09-15T12:08:00,74691.12,74711.33,74688.29,74707.27,16268
1789454340,2026-09-15T12:09:00,74704.37,74707.32,74690.75,74690.75,29291
1789454400,2026-09-15T12:10:00,74692.99,74699.25,74682.01,74685.24,9994
1789454460,2026-09-15T12:11:00,74685.48,74699.06,74685.48,74687.35,19523
1789454520,2026-09-15T12:12:00,74687.03,74692.98,74672.29,74677.47,10884
1789454580,2026-09-15T12:13:00,74680.81,74680.81,74660.88,74666.87,60571
1789454640,2026-09-15T12:14:00,74667.02,74678.35,74666.02,74674.14,18959
1789454700,2026-09-15T12:15:00,74673.73,74675.85,74653.86,74656.24,23685
1789454760,2026-09-15T12:16:00,74656.14,74678.45,74656.14,74670.26,17272
1789454820,2026-09-15T12:17:00,74670.26,74677.9,74666.56,74673.43,18143
1789454880,2026-09-15T12:18:00,74673.5,74673.5,74647.45,74647.93,38453
1789454940,2026-09-15T12:19:00,74650.5,74652.49,74643.96,74647.9,17615
1789455000,2026-09-15T12:20:00,74645.33,74652.01,74638.12,74639.2,20449
1789455060,2026-09-15T12:21:00,74639.2,74659.43,74638.22,74657.82,168904
1789455120,2026-09-15T12:22:00,74658.1,74660.37,74643.75,74644.28,50051
1789455180,2026-09-15T12:23:00,74643.96,74662.3,74642.82,74660.87,12570
1789455240,2026-09-15T12:24:00,74659.31,74664.47,74656.03,74657.94,12343
1789455300,2026-09-15T12:25:00,74657.69,74661.09,74653.6,74660.02,9392
1789455360,2026-09-15T12:26:00,74659.39,74659.39,74646.67,74648.35,21055
1789455420,2026-09-15T12:27:00,74649.67,74655.92,74647.59,74653.69,7080
1789455480,2026-09-15T12:28:00,74656.19,74667.58,74651.01,74663.77,7788
1789455540,2026-09-15T12:29:00,74664.26,74677.09,74662.61,74674.38,7097
1789455600,2026-09-15T12:30:00,74674.38,74675.94,74643.2,74657.08,17104
1789455660,2026-09-15T12:31:00,74657.73,74658.7,74607.62,74609.94,31876
1789455720,2026-09-15T12:32:00,74608.74,74620,74603.12,74615.43,8047
1789455780,2026-09-15T12:33:00,74613.4,74623.54,74610.15,74619.36,28812
1789455840,2026-09-15T12:34:00,74619.88,74628.12,74619.29,74625.57,14641
1789455900,2026-09-15T12:35:00,74624.44,74650.88,74615.41,74646.83,17653
1789455960,2026-09-15T12:36:00,74648.78,74653.4,74642.9,74649.54,8231
1789456020,2026-09-15T12:37:00,74649.05,74649.05,74630.2,74639.43,6563
1789456080,2026-09-15T12:38:00,74640.83,74642.81,74631.94,74637.04,17645
1789456140,2026-09-15T12:39:00,74635.97,74638.63,74630.89,74630.89,14996
1789456200,2026-09-15T12:40:00,74630.49,74635.45,74626.89,74628.33,8976
1789456260,2026-09-15T12:41:00,74630.26,74645.3,74630.26,74635.21,10207
1789456320,2026-09-15T12:42:00,74633.41,74645.97,74633.41,74638.59,11488
1789456380,2026-09-15T12:43:00,74642.2,74645.79,74636.47,74638.86,6290
1789456440,2026-09-15T12:44:00,74638.86,74644.38,74632.46,74632.46,4997
1789456500,2026-09-15T12:45:00,74631.95,74631.95,74611.29,74611.29,7981
1789456560,2026-09-15T12:46:00,74610.59,74622.19,74610.59,74622.15,7949
1789456620,2026-09-15T12:47:00,74622.3,74628.93,74615.06,74628.35,12812
1789456680,2026-09-15T12:48:00,74627.65,74643.65,74623.5,74642.41,13095
1789456740,2026-09-15T12:49:00,74642.06,74652.98,74635.39,74652.98,23430
1789456800,2026-09-15T12:50:00,74645.81,74675.5,74645.81,74671.32,51609
1789456860,2026-09-15T12:51:00,74669.38,74671.62,74663.19,74666.71,13594
1789456920,2026-09-15T12:52:00,74665.97,74668.25,74653.89,74655.04,5826
1789456980,2026-09-15T12:53:00,74653.19,74654.95,74641.4,74644.78,7079
1789457040,2026-09-15T12:54:00,74646.06,74655.92,74645.94,74654.99,8531
1789457100,2026-09-15T12:55:00,74654.99,74658.93,74643.44,74649.56,8248
1789457160,2026-09-15T12:56:00,74648.55,74650.6,74633.73,74633.85,6746
1789457220,2026-09-15T12:57:00,74638.29,74645.23,74625.41,74625.41,12753
1789457280,2026-09-15T12:58:00,74624.75,74633.44,74577.37,74577.37,36122
1789457340,2026-09-15T12:59:00,74581.48,74595.58,74576.69,74581.31,57951
1789457400,2026-09-15T13:00:00,74581.73,74610.45,74580.44,74593.83,45015
1789457460,2026-09-15T13:01:00,74599.17,74600.86,74565.4,74567.27,27069
1789457520,2026-09-15T13:02:00,74569,74578.66,74568.52,74571.95,20228
1789457580,2026-09-15T13:03:00,74570.54,74571.84,74548.87,74554.81,10788
1789457640,2026-09-15T13:04:00,74554.81,74577.61,74553.44,74573.89,9735
1789457700,2026-09-15T13:05:00,74573.15,74597.93,74570.41,74596.7,9945
1789457760,2026-09-15T13:06:00,74596.7,74599.9,74572.18,74573.03,10894
1789457820,2026-09-15T13:07:00,74573.03,74584.25,74569.03,74569.03,31412
1789457880,2026-09-15T13:08:00,74568.47,74573.02,74560.38,74573.02,10732
1789457940,2026-09-15T13:09:00,74573.02,74579.61,74569.74,74569.74,51287
1789458000,2026-09-15T13:10:00,74571.03,74582.94,74569.46,74571.01,11875
1789458060,2026-09-15T13:11:00,74570.16,74570.16,74518.68,74527.49,14198
1789458120,2026-09-15T13:12:00,74526.88,74544.1,74526.88,74538.06,10785
1789458180,2026-09-15T13:13:00,74537.39,74548.89,74535.92,74548.66,6347
1789458240,2026-09-15T13:14:00,74548.96,74553.14,74535.34,74545.26,47362
1789458300,2026-09-15T13:15:00,74544.86,74544.86,74523.79,74525.19,11902
1789458360,2026-09-15T13:16:00,74523.58,74531.66,74518.4,74520.56,12578
1789458420,2026-09-15T13:17:00,74519.35,74519.35,74498.7,74511.07,13615
1789458480,2026-09-15T13:18:00,74517.38,74538.41,74517.38,74533.56,13226
1789458540,2026-09-15T13:19:00,74534.5,74556.08,74531.45,74544.36,809840
1789458600,2026-09-15T13:20:00,74544.36,74551.63,74527.54,74528.29,582616
1789458660,2026-09-15T13:21:00,74527.58,74529.61,74499.3,74500.03,20792
1789458720,2026-09-15T13:22:00,74500.51,74503.27,74493.92,74500.14,13958
1789458780,2026-09-15T13:23:00,74502.3,74507.53,74491.38,74500.15,11681
1789458840,2026-09-15T13:24:00,74498.42,74514.83,74497.24,74501.35,7590
1789458900,2026-09-15T13:25:00,74502.56,74512.06,74502.24,74503.25,8619
1789458960,2026-09-15T13:26:00,74503.3,74525.25,74502.42,74525.25,10659
1789459020,2026-09-15T13:27:00,74525.31,74541.73,74525.31,74530.31,8122
1789459080,2026-09-15T13:28:00,74529.54,74535.51,74519.17,74519.17,13672
1789459140,2026-09-15T13:29:00,74518.66,74525.33,74503.42,74503.96,15020
1789459200,2026-09-15T13:30:00,74503.08,74504.34,74482.55,74482.55,14244
1789459260,2026-09-15T13:31:00,74480.62,74486.47,74438.12,74442.41,76856
1789459320,2026-09-15T13:32:00,74443.46,74457.51,74442.09,74452.72,7196
1789459380,2026-09-15T13:33:00,74453.42,74461.08,74448.84,74456.42,9366
1789459440,2026-09-15T13:34:00,74456.42,74464.14,74453.34,74457.21,12075
1789459500,2026-09-15T13:35:00,74457.79,74462.33,74450.15,74455.57,16533
1789459560,2026-09-15T13:36:00,74455.65,74490.19,74455.65,74488.29,10941
1789459620,2026-09-15T13:37:00,74490.79,74491.24,74466.93,74472.06,9782
1789459680,2026-09-15T13:38:00,74473.79,74477.37,74453.55,74455.15,10684
1789459740,2026-09-15T13:39:00,74454.26,74463.1,74452.88,74457.77,11268
1789459800,2026-09-15T13:40:00,74457.77,74460.78,74439.86,74441.3,9812
1789459860,2026-09-15T13:41:00,74440.92,74440.92,74402.6,74421.71,29704
1789459920,2026-09-15T13:42:00,74422.29,74431.9,74417.34,74417.36,16502
1789459980,2026-09-15T13:43:00,74417.5,74442.28,74415.37,74429.59,23607
1789460040,2026-09-15T13:44:00,74429.98,74435.89,74425.02,74433.92,17119
1789460100,2026-09-15T13:45:00,74432.38,74448.83,74428.91,74447.52,7837
1789460160,2026-09-15T13:46:00,74447.81,74448.81,74432.68,74439.14,10717
1789460220,2026-09-15T13:47:00,74437.95,74448.28,74437.95,74443.72,6415
1789460280,2026-09-15T13:48:00,74443.2,74447.79,74438.08,74439.11,12861
1789460340,2026-09-15T13:49:00,74439.5,74455.26,74439.32,74454.28,10977
1789460400,2026-09-15T13:50:00,74456.21,74469.18,74448.45,74466.74,12621
1789460460,2026-09-15T13:51:00,74468.12,74469.63,74456.98,74465.17,12139
1789460520,2026-09-15T13:52:00,74464.69,74467.64,74459.24,74463,4407
1789460580,2026-09-15T13:53:00,74464.03,74469.45,74456.33,74457.85,6265
1789460640,2026-09-15T13:54:00,74456.35,74458.2,74450.51,74455.27,8248
1789460700,2026-09-15T13:55:00,74454.1,74454.52,74447.22,74449.2,4113
1789460760,2026-09-15T13:56:00,74448.24,74450.94,74429.81,74450.94,64658
1789460820,2026-09-15T13:57:00,74448,74454.46,74443.28,74446.48,11697
1789460880,2026-09-15T13:58:00,74446.16,74460.39,74443.03,74459.77,36886
1789460940,2026-09-15T13:59:00,74457.2,74463.65,74453.37,74461.19,9807
1789461000,2026-09-15T14:00:00,74460.68,74465.03,74453.79,74463.01,8456
1789461060,2026-09-15T14:01:00,74463.48,74470.13,74450.39,74453.41,10313
1789461120,2026-09-15T14:02:00,74453.41,74460.25,74449.87,74459.5,42061
1789461180,2026-09-15T14:03:00,74455.75,74466.07,74450.28,74465.07,36702
1789461240,2026-09-15T14:04:00,74467.44,74469.71,74453.99,74454.47,29989
1789461300,2026-09-15T14:05:00,74455.17,74460.64,74437.84,74442.21,14093
1789461360,2026-09-15T14:06:00,74441.16,74457.53,74438.18,74457.53,9950
1789461420,2026-09-15T14:07:00,74457.13,74465.62,74452.98,74452.98,17425
1789461480,2026-09-15T14:08:00,74453.55,74453.55,74430.63,74439.83,8878
1789461540,2026-09-15T14:09:00,74436.83,74439.26,74421.97,74422.92,7948
1789461600,2026-09-15T14:10:00,74418.81,74422.67,74378.98,74378.98,33537
1789461660,2026-09-15T14:11:00,74377.98,74380.29,74349.16,74352.28,22130
1789461720,2026-09-15T14:12:00,74350,74350.6,74320.28,74341.82,33820
1789461780,2026-09-15T14:13:00,74340.44,74353.46,74333.81,74346.18,30662
1789461840,2026-09-15T14:14:00,74344.39,74344.39,74324.76,74329.23,11449
1789461900,2026-09-15T14:15:00,74325.94,74325.94,74251.04,74258.51,64305
1789461960,2026-09-15T14:16:00,74257.53,74266.75,74248.93,74257.54,24769
1789462020,2026-09-15T14:17:00,74257.46,74266.39,74239.53,74265.63,25914
1789462080,2026-09-15T14:18:00,74264.29,74267.74,74231.27,74231.51,44280
1789462140,2026-09-15T14:19:00,74233.47,74235.24,74213.95,74215.75,40513
1789462200,2026-09-15T14:20:00,74215.58,74248.24,74211.54,74232.85,26051
1789462260,2026-09-15T14:21:00,74229.49,74267.42,74229.49,74267.42,15674
1789462320,2026-09-15T14:22:00,74267.82,74280.44,74253,74277.45,13858
1789462380,2026-09-15T14:23:00,74275.13,74286.63,74272.33,74278.17,14137
1789462440,2026-09-15T14:24:00,74275.53,74275.53,74243.81,74252.46,21850
1789462500,2026-09-15T14:25:00,74249.58,74259.06,74242.09,74246.41,26124
1789462560,2026-09-15T14:26:00,74247.63,74263.46,74247.63,74252.64,47299
1789462620,2026-09-15T14:27:00,74253.85,74267.04,74249.93,74257.81,56121
1789462680,2026-09-15T14:28:00,74256.99,74261.21,74226.33,74228.54,19105
1789462740,2026-09-15T14:29:00,74229.8,74247.08,74217.85,74247.08,70744
1789462800,2026-09-15T14:30:00,74246.85,74246.85,74238.29,74241.93,14355
1789462860,2026-09-15T14:31:00,74243.73,74249.41,74239.05,74243.63,11864
1789462920,2026-09-15T14:32:00,74244.96,74257.01,74237.38,74249.27,11229
1789462980,2026-09-15T14:33:00,74248.51,74272.18,74248.51,74257.34,14563
1789463040,2026-09-15T14:34:00,74257.34,74272.7,74249.29,74260.15,23026
1789463100,2026-09-15T14:35:00,74259.17,74264.29,74252.23,74258.27,772192
1789463160,2026-09-15T14:36:00,74258.75,74268.48,74250.39,74262.94,15245
1789463220,2026-09-15T14:37:00,74262.82,74262.82,74249.08,74256.12,11184
1789463280,2026-09-15T14:38:00,74257.58,74274.69,74249.85,74274.69,12128
1789463340,2026-09-15T14:39:00,74273.84,74297.07,74273.84,74284.48,22637
1789463400,2026-09-15T14:40:00,74281.8,74292.89,74268.76,74280.73,17437
1789463460,2026-09-15T14:41:00,74282.76,74305.5,74282.16,74293.31,17407
1789463520,2026-09-15T14:42:00,74291.4,74306.08,74283.62,74285.99,9674
1789463580,2026-09-15T14:43:00,74286.8,74290.91,74273.32,74284.72,11691
1789463640,2026-09-15T14:44:00,74284.72,74296.48,74284.16,74284.16,12871
1789463700,2026-09-15T14:45:00,74283.9,74284.1,74260.8,74263.7,15402
1789463760,2026-09-15T14:46:00,74258.79,74258.79,74225.74,74227.88,38665
1789463820,2026-09-15T14:47:00,74223.02,74226.11,74145.85,74145.85,42985
1789463880,2026-09-15T14:48:00,74147.29,74148.89,74080.47,74101.21,52290
1789463940,2026-09-15T14:49:00,74102.97,74126.6,74101.11,74122.64,33363
1789464000,2026-09-15T14:50:00,74122.75,74176.14,74122.75,74173.09,28072
1789464060,2026-09-15T14:51:00,74181.15,74213.54,74180.05,74213.54,27185
1789464120,2026-09-15T14:52:00,74215.12,74216.09,74196.17,74208.53,29836
1789464180,2026-09-15T14:53:00,74206.35,74209.05,74174.72,74192.79,24199
1789464240,2026-09-15T14:54:00,74196.61,74196.87,74166.95,74169.38,26047
1789464300,2026-09-15T14:55:00,74169.32,74194.95,74168.81,74176.55,12937
1789464360,2026-09-15T14:56:00,74176.58,74189.95,74175.52,74189.27,20812
1789464420,2026-09-15T14:57:00,74189.24,74190.81,74180.91,74184.07,14973
1789464480,2026-09-15T14:58:00,74183.63,74189.44,74178.79,74181.46,20873
1789464540,2026-09-15T14:59:00,74180.18,74182.5,74156.67,74159.78,16149
1789464600,2026-09-15T15:00:00,74156.49,74166.44,74148.07,74157.74,31635
1789464660,2026-09-15T15:01:00,74157.57,74189.79,74150.63,74177.12,35024
1789464720,2026-09-15T15:02:00,74176.05,74190.85,74163.15,74164.68,35131
1789464780,2026-09-15T15:03:00,74163.66,74170.92,74154.69,74163.07,48815
1789464840,2026-09-15T15:04:00,74164.04,74194.06,74159.89,74181.76,71485
1789464900,2026-09-15T15:05:00,74182.15,74185.93,74155.98,74168.34,47607
1789464960,2026-09-15T15:06:00,74166.17,74167.95,74141.27,74156.73,66286
1789465020,2026-09-15T15:07:00,74160.93,74185.44,74152.78,74172.2,54737
1789465080,2026-09-15T15:08:00,74176.66,74176.66,74156.18,74159.01,27936
1789465140,2026-09-15T15:09:00,74158.6,74166.1,74143.27,74154.91,48808
1789465200,2026-09-15T15:10:00,74153.68,74166.21,74144.36,74158.28,52736
1789465260,2026-09-15T15:11:00,74158.7,74214.04,74156.08,74205.87,64763
1789465320,2026-09-15T15:12:00,74204.23,74206,74175.54,74176.88,138636
1789465380,2026-09-15T15:13:00,74186.56,74201.05,74155.28,74185.27,54399
1789465440,2026-09-15T15:14:00,74182.56,74185.71,74151.62,74174.96,31317
1789465500,2026-09-15T15:15:00,74171.82,74171.82,74171.82,74171.82,31317
1789465560,2026-09-15T15:16:00,74171.82,74171.82,74171.82,74171.82,31317
1789465620,2026-09-15T15:17:00,74171.82,74171.82,74171.82,74171.82,31317
1789465680,2026-09-15T15:18:00,74171.82,74171.82,74171.82,74171.82,31317
1789465740,2026-09-15T15:19:00,74171.82,74171.82,74171.82,74171.82,31317
1789465800,2026-09-15T15:20:00,74171.82,74171.82,74171.82,74171.82,31317
1789465860,2026-09-15T15:21:00,74171.82,74171.82,74171.82,74171.82,31317
1789465920,2026-09-15T15:22:00,74171.82,74171.82,74171.82,74171.82,31317
1789465980,2026-09-15T15:23:00,74171.82,74171.82,74171.82,74171.82,31317
1789466040,2026-09-15T15:24:00,74171.82,74171.82,74171.82,74171.82,31317
1789466100,2026-09-15T15:25:00,74171.82,74171.82,74171.82,74171.82,31317
1789466160,2026-09-15T15:26:00,74171.82,74171.82,74171.82,74171.82,31317
1789466220,2026-09-15T15:27:00,74171.82,74171.82,74171.82,74171.82,31317
1789466280,2026-09-15T15:28:00,74171.82,74171.82,74171.82,74171.82,31317
1789466340,2026-09-15T15:29:00,74171.82,74171.82,73994.03,74003.82,31317
1789530300,2026-09-16T09:15:00,74249.31,74349.34,74187.86,74309.44,179683
1789530360,2026-09-16T09:16:00,74323.33,74449.83,74279.09,74447.56,168467
1789530420,2026-09-16T09:17:00,74452.03,74505.86,74452.03,74484.39,66412
1789530480,2026-09-16T09:18:00,74488.06,74488.06,74381.61,74383.12,80511
1789530540,2026-09-16T09:19:00,74381.8,74390.44,74361.07,74383.84,40542
1789530600,2026-09-16T09:20:00,74383.87,74391.53,74348.44,74387.27,65041
1789530660,2026-09-16T09:21:00,74381.99,74394.91,74360.74,74377.91,54663
1789530720,2026-09-16T09:22:00,74383.64,74423.97,74364.39,74416.04,70217
1789530780,2026-09-16T09:23:00,74419.38,74429.76,74396.81,74396.81,56912
1789530840,2026-09-16T09:24:00,74397.44,74397.44,74337.28,74358.35,59288
1789530900,2026-09-16T09:25:00,74349.43,74357.64,74317.33,74317.33,38002
1789530960,2026-09-16T09:26:00,74317.43,74343.24,74302.64,74333.29,47894
1789531020,2026-09-16T09:27:00,74336.16,74346.96,74292.99,74300.21,44100
1789531080,2026-09-16T09:28:00,74303.64,74307.58,74247.84,74247.84,53576
1789531140,2026-09-16T09:29:00,74244.4,74272.95,74225.73,74261.28,73119
1789531200,2026-09-16T09:30:00,74261.17,74270.92,74201.45,74202.02,53387
1789531260,2026-09-16T09:31:00,74203.67,74253.74,74199.78,74228.73,55277
1789531320,2026-09-16T09:32:00,74225.58,74227.36,74176.87,74177.75,86371
1789531380,2026-09-16T09:33:00,74180.12,74238.25,74173.98,74235.51,43314
1789531440,2026-09-16T09:34:00,74238.65,74288.35,74238.65,74287.81,43693
1789531500,2026-09-16T09:35:00,74283.21,74283.32,74200.29,74200.29,38590
1789531560,2026-09-16T09:36:00,74198.53,74218.23,74193.13,74211.66,25879
1789531620,2026-09-16T09:37:00,74219.09,74223.25,74150.96,74156.09,41261
1789531680,2026-09-16T09:38:00,74158.14,74168.32,74102.81,74116.93,66875
1789531740,2026-09-16T09:39:00,74114.18,74126.17,74083.55,74090.13,48395
1789531800,2026-09-16T09:40:00,74091.59,74100.15,74058.32,74063.54,42584
1789531860,2026-09-16T09:41:00,74068.2,74077.15,74033.16,74057.96,48574
1789531920,2026-09-16T09:42:00,74052.41,74052.41,74021.88,74038.21,43568
1789531980,2026-09-16T09:43:00,74040.56,74045.1,74018.3,74018.87,32893
1789532040,2026-09-16T09:44:00,74018.08,74034.73,73991.57,73991.57,32124
1789532100,2026-09-16T09:45:00,73993.32,74020.62,73981.33,74016.32,70965
1789532160,2026-09-16T09:46:00,74015.17,74051.81,74012.63,74051.81,38449
1789532220,2026-09-16T09:47:00,74052.41,74067.24,73988.43,73991.32,47392
1789532280,2026-09-16T09:48:00,73988.51,74049.57,73988.51,74044.51,38930
1789532340,2026-09-16T09:49:00,74045.55,74098.54,74044.09,74098.54,39432
1789532400,2026-09-16T09:50:00,74096.54,74179.01,74096.54,74149.72,54613
1789532460,2026-09-16T09:51:00,74145.05,74151.84,74124.9,74151.84,18830
1789532520,2026-09-16T09:52:00,74154.71,74238.46,74154.71,74232.4,30597
1789532580,2026-09-16T09:53:00,74228.73,74245.65,74192.56,74245.65,39132
1789532640,2026-09-16T09:54:00,74248.39,74306.65,74247.46,74305.33,43383
1789532700,2026-09-16T09:55:00,74309.84,74357.71,74309.84,74357.71,42526
1789532760,2026-09-16T09:56:00,74356.1,74372.7,74336.91,74346.55,61175
1789532820,2026-09-16T09:57:00,74347.77,74361.37,74340.62,74360.86,37703
1789532880,2026-09-16T09:58:00,74358.12,74360.49,74293.64,74294.03,31026
1789532940,2026-09-16T09:59:00,74299.77,74351.66,74295.87,74351.66,27703
1789533000,2026-09-16T10:00:00,74349.43,74349.43,74307.34,74316.87,23850
1789533060,2026-09-16T10:01:00,74316.36,74340.42,74283.18,74288.32,34998
1789533120,2026-09-16T10:02:00,74289.41,74289.41,74242.48,74249.25,29927
1789533180,2026-09-16T10:03:00,74248.32,74291.14,74248.32,74274.66,26519
1789533240,2026-09-16T10:04:00,74266.41,74266.82,74218.88,74219.84,50254
1789533300,2026-09-16T10:05:00,74219.61,74222.2,74170.67,74181.7,53461
1789533360,2026-09-16T10:06:00,74175.02,74195.43,74158.08,74195.39,43392
1789533420,2026-09-16T10:07:00,74192.55,74203.33,74175.51,74202.92,21064
1789533480,2026-09-16T10:08:00,74210.08,74228.62,74186.95,74186.95,34188
1789533540,2026-09-16T10:09:00,74186.22,74203.3,74179.68,74192.08,11860
1789533600,2026-09-16T10:10:00,74200.39,74222.66,74198.29,74204.35,26268
1789533660,2026-09-16T10:11:00,74203.56,74226.59,74191.52,74225.67,24472
1789533720,2026-09-16T10:12:00,74226.94,74260.45,74223.09,74260.43,29294
1789533780,2026-09-16T10:13:00,74256.98,74260.06,74198.87,74199.38,30056
1789533840,2026-09-16T10:14:00,74199.22,74204.67,74190.29,74192.3,18464
1789533900,2026-09-16T10:15:00,74191.91,74208.76,74175.76,74207.37,20643
1789533960,2026-09-16T10:16:00,74207.95,74237.75,74201.46,74237.13,17556
1789534020,2026-09-16T10:17:00,74232.06,74285.4,74232.06,74277.54,37030
1789534080,2026-09-16T10:18:00,74280.44,74294.14,74270.71,74272.76,37763
1789534140,2026-09-16T10:19:00,74278.28,74285.82,74248.98,74248.98,20331
1789534200,2026-09-16T10:20:00,74249,74270.71,74244.91,74267.89,20553
1789534260,2026-09-16T10:21:00,74270.97,74272.98,74241.54,74256.04,9616
1789534320,2026-09-16T10:22:00,74256.58,74289.14,74254.35,74289.14,8303
1789534380,2026-09-16T10:23:00,74288.19,74320.81,74286.36,74318.6,12793
1789534440,2026-09-16T10:24:00,74319.93,74339.44,74302.49,74323.92,35296
1789534500,2026-09-16T10:25:00,74329.04,74347.02,74325.61,74345.05,19656
1789534560,2026-09-16T10:26:00,74344.27,74371.77,74331.46,74332.24,217191
1789534620,2026-09-16T10:27:00,74330.08,74334.08,74319.52,74322.09,17247
1789534680,2026-09-16T10:28:00,74320.84,74353.46,74320.66,74349.94,23214
1789534740,2026-09-16T10:29:00,74352.51,74360.37,74345.33,74348,276667
1789534800,2026-09-16T10:30:00,74345.91,74361.52,74342.99,74351.61,48256
1789534860,2026-09-16T10:31:00,74350.84,74356.22,74324.25,74328.12,17715
1789534920,2026-09-16T10:32:00,74327.18,74367.62,74327.18,74361.31,37504
1789534980,2026-09-16T10:33:00,74357.87,74361.6,74346.92,74354.92,15354
1789535040,2026-09-16T10:34:00,74361.81,74407.6,74358.78,74405.95,48646
1789535100,2026-09-16T10:35:00,74401.4,74408.57,74387.94,74399.98,22663
1789535160,2026-09-16T10:36:00,74398.3,74408.32,74387.24,74403.78,14069
1789535220,2026-09-16T10:37:00,74406.89,74406.89,74334.7,74337.04,281568
1789535280,2026-09-16T10:38:00,74335.83,74364.14,74334.64,74361.02,16997
1789535340,2026-09-16T10:39:00,74355.82,74388.22,74355.82,74379.96,31604
1789535400,2026-09-16T10:40:00,74381.2,74405.49,74379.71,74404.93,30356
1789535460,2026-09-16T10:41:00,74406.27,74410.62,74390.76,74401,11569
1789535520,2026-09-16T10:42:00,74400.89,74401.84,74373.18,74380.01,19125
1789535580,2026-09-16T10:43:00,74379.26,74400,74369.87,74399.6,26897
1789535640,2026-09-16T10:44:00,74399.38,74405.92,74380.61,74404.28,16941
1789535700,2026-09-16T10:45:00,74403.83,74417.48,74399.3,74415.6,46026
1789535760,2026-09-16T10:46:00,74408.22,74421.79,74400.12,74414.01,19704
1789535820,2026-09-16T10:47:00,74419.2,74425.97,74400.99,74405.44,25652
1789535880,2026-09-16T10:48:00,74408.76,74442.59,74403.77,74442.59,18465
1789535940,2026-09-16T10:49:00,74447.73,74457.95,74436.1,74451.8,28669
1789536000,2026-09-16T10:50:00,74448.17,74448.17,74399.48,74399.48,20482
1789536060,2026-09-16T10:51:00,74400.22,74433.15,74400.22,74416.41,17740
1789536120,2026-09-16T10:52:00,74412.1,74460.8,74412.1,74460.8,19041
1789536180,2026-09-16T10:53:00,74456.12,74463.75,74422.78,74427.33,126922
1789536240,2026-09-16T10:54:00,74425.99,74432.56,74424.01,74429.37,51863
1789536300,2026-09-16T10:55:00,74428.72,74429.78,74378.49,74378.49,16186
1789536360,2026-09-16T10:56:00,74374.01,74386.92,74370.87,74382.08,14303
1789536420,2026-09-16T10:57:00,74377.79,74402.98,74377.79,74402.98,10007
1789536480,2026-09-16T10:58:00,74403.19,74403.97,74385.85,74400.17,37756
1789536540,2026-09-16T10:59:00,74399.26,74407.16,74389.2,74397.96,11891
1789536600,2026-09-16T11:00:00,74400.15,74423.01,74400.15,74421.08,26972
1789536660,2026-09-16T11:01:00,74431.49,74450.74,74427.41,74444.84,32053
1789536720,2026-09-16T11:02:00,74437.96,74474.43,74435.83,74468.31,17776
1789536780,2026-09-16T11:03:00,74465.23,74489.83,74465.23,74487.15,43492
1789536840,2026-09-16T11:04:00,74492.83,74493.76,74469.73,74473.4,75227
1789536900,2026-09-16T11:05:00,74472.15,74475.02,74432.39,74433.12,30804
1789536960,2026-09-16T11:06:00,74431.08,74450.1,74429.72,74434.66,56367
1789537020,2026-09-16T11:07:00,74435.57,74436.37,74417.54,74419.21,45062
1789537080,2026-09-16T11:08:00,74419.83,74429.31,74406.91,74426.58,53898
1789537140,2026-09-16T11:09:00,74426.36,74429.46,74410.44,74417,18927
1789537200,2026-09-16T11:10:00,74410.34,74430.69,74410.34,74425.67,65923
1789537260,2026-09-16T11:11:00,74426.17,74428.69,74415.96,74419.03,31843
1789537320,2026-09-16T11:12:00,74418.77,74438.95,74412.49,74431.6,18271
1789537380,2026-09-16T11:13:00,74430.76,74437.93,74408.52,74408.52,14486
1789537440,2026-09-16T11:14:00,74408.23,74412.66,74391.02,74391.02,23244
1789537500,2026-09-16T11:15:00,74391.48,74404.32,74384.3,74404.32,13685
1789537560,2026-09-16T11:16:00,74404.4,74443.11,74404.4,74434.05,75626
1789537620,2026-09-16T11:17:00,74435.84,74437.01,74406.99,74408.89,14272
1789537680,2026-09-16T11:18:00,74409.52,74414.54,74397.43,74397.43,147408
1789537740,2026-09-16T11:19:00,74398.65,74398.65,74382.34,74382.34,32651
1789537800,2026-09-16T11:20:00,74381.79,74385.57,74351.8,74362.65,48436
1789537860,2026-09-16T11:21:00,74364.16,74364.46,74337.64,74342.01,78553
1789537920,2026-09-16T11:22:00,74342.32,74373.41,74342.32,74373.16,11370
1789537980,2026-09-16T11:23:00,74374.82,74426.57,74374.82,74413.49,23663
1789538040,2026-09-16T11:24:00,74409.15,74410.96,74365.89,74369.65,11315
1789538100,2026-09-16T11:25:00,74370.23,74372.88,74343.39,74343.39,11841
1789538160,2026-09-16T11:26:00,74340.15,74342.13,74317.44,74329.26,25395
1789538220,2026-09-16T11:27:00,74328.66,74334.24,74305.75,74305.75,6582
1789538280,2026-09-16T11:28:00,74306.57,74322.93,74303.75,74308,11745
1789538340,2026-09-16T11:29:00,74308.9,74309.86,74290.07,74294.25,14299
1789538400,2026-09-16T11:30:00,74295.25,74326.03,74294.47,74319.27,26609
1789538460,2026-09-16T11:31:00,74318.88,74331.52,74314.18,74320.95,56627
1789538520,2026-09-16T11:32:00,74321.83,74348.18,74321.79,74345.27,22097
1789538580,2026-09-16T11:33:00,74349.7,74361.81,74326.57,74330.79,16420
1789538640,2026-09-16T11:34:00,74327.99,74337.6,74314.93,74318.36,28215
1789538700,2026-09-16T11:35:00,74319.04,74329.18,74311.27,74328.09,38162
1789538760,2026-09-16T11:36:00,74327.44,74327.84,74308.07,74308.45,73702
1789538820,2026-09-16T11:37:00,74307.23,74317.56,74297.46,74315.73,373481
1789538880,2026-09-16T11:38:00,74315.73,74366.05,74315.73,74358.53,221415
1789538940,2026-09-16T11:39:00,74355.4,74360.38,74332.05,74341.92,23761
1789539000,2026-09-16T11:40:00,74345.65,74356.21,74325.53,74356.21,93705
1789539060,2026-09-16T11:41:00,74356.48,74361.7,74328.86,74337.74,23885
1789539120,2026-09-16T11:42:00,74337.87,74351.42,74336.88,74343.34,54075
1789539180,2026-09-16T11:43:00,74342.67,74350.67,74331.34,74336.65,12453
1789539240,2026-09-16T11:44:00,74336.65,74343.71,74327.09,74336.15,6411
1789539300,2026-09-16T11:45:00,74337.73,74337.79,74317.51,74322.3,4763
1789539360,2026-09-16T11:46:00,74320.66,74324.28,74311.58,74320.65,5683
1789539420,2026-09-16T11:47:00,74312.38,74317.07,74301.64,74303.27,17162
1789539480,2026-09-16T11:48:00,74304.25,74319.02,74301.38,74318.7,21167
1789539540,2026-09-16T11:49:00,74318.65,74333.14,74318.56,74323.06,10432
1789539600,2026-09-16T11:50:00,74323.85,74358.93,74323.85,74349.73,31741
1789539660,2026-09-16T11:51:00,74351.26,74365.78,74345.22,74349.08,21961
1789539720,2026-09-16T11:52:00,74347.51,74355.83,74318.52,74319.89,38446
1789539780,2026-09-16T11:53:00,74320.33,74330.56,74302.9,74315.55,45083
1789539840,2026-09-16T11:54:00,74317.41,74329.83,74316.66,74320.9,7416
1789539900,2026-09-16T11:55:00,74314.54,74324.11,74299.68,74304.59,9901
1789539960,2026-09-16T11:56:00,74303.95,74313.44,74283.54,74291.78,24405
1789540020,2026-09-16T11:57:00,74294.77,74297.5,74283.07,74288.79,9531
1789540080,2026-09-16T11:58:00,74288.4,74288.4,74270.83,74283.64,83422
1789540140,2026-09-16T11:59:00,74286.01,74292.25,74276.44,74277.23,11684
1789540200,2026-09-16T12:00:00,74281.28,74293.33,74279.95,74288.12,33066
1789540260,2026-09-16T12:01:00,74287.03,74293.32,74285.86,74292.62,8352
1789540320,2026-09-16T12:02:00,74292.62,74295.07,74256.49,74270.56,20702
1789540380,2026-09-16T12:03:00,74270.35,74275.06,74262.06,74275.06,16713
1789540440,2026-09-16T12:04:00,74274.74,74287.96,74265,74276.13,13605
1789540500,2026-09-16T12:05:00,74275.94,74291.12,74275.9,74284.55,11365
1789540560,2026-09-16T12:06:00,74289.13,74312.46,74288.38,74300.63,14801
1789540620,2026-09-16T12:07:00,74302.37,74329.15,74301.84,74328.29,5369
1789540680,2026-09-16T12:08:00,74325.92,74330.7,74318.24,74325.82,39377
1789540740,2026-09-16T12:09:00,74324.45,74325.7,74309.58,74316.95,62199
1789540800,2026-09-16T12:10:00,74317.92,74346.92,74315.25,74346.92,8929
1789540860,2026-09-16T12:11:00,74347.29,74365.44,74330.13,74333.56,17232
1789540920,2026-09-16T12:12:00,74334.78,74350.24,74331.23,74332.84,54161
1789540980,2026-09-16T12:13:00,74332.14,74383.86,74331.51,74383.86,13082
1789541040,2026-09-16T12:14:00,74388.02,74388.02,74348.34,74352.5,9591
1789541100,2026-09-16T12:15:00,74350.05,74350.05,74306.9,74310.88,17619
1789541160,2026-09-16T12:16:00,74307.3,74337.38,74302.94,74337.38,10157
1789541220,2026-09-16T12:17:00,74337.38,74382.35,74332.49,74381.53,40778
1789541280,2026-09-16T12:18:00,74381.53,74382.11,74360.2,74366.73,15428
1789541340,2026-09-16T12:19:00,74368.16,74373.02,74363.65,74363.65,8484
1789541400,2026-09-16T12:20:00,74366.22,74366.22,74342.18,74343.09,9037
1789541460,2026-09-16T12:21:00,74343.09,74360.72,74341.8,74352.69,27862
1789541520,2026-09-16T12:22:00,74352.45,74355.14,74336.9,74341.13,25374
1789541580,2026-09-16T12:23:00,74340.83,74361.97,74340.83,74354.38,16109
1789541640,2026-09-16T12:24:00,74354.62,74354.62,74337.96,74351.71,14894
1789541700,2026-09-16T12:25:00,74352.94,74360.24,74349.5,74351.52,5233
1789541760,2026-09-16T12:26:00,74351.57,74360.64,74339.73,74347.54,17757
1789541820,2026-09-16T12:27:00,74348.19,74349.72,74331.11,74336.62,22083
1789541880,2026-09-16T12:28:00,74334.54,74347.84,74333.39,74347.84,10312
1789541940,2026-09-16T12:29:00,74348.46,74348.46,74336.59,74337.57,11108
1789542000,2026-09-16T12:30:00,74336.36,74352.57,74334.28,74344.89,6363
1789542060,2026-09-16T12:31:00,74342.08,74380.02,74340.23,74379.49,17290
1789542120,2026-09-16T12:32:00,74380.49,74393.24,74376.81,74389.66,9003
1789542180,2026-09-16T12:33:00,74389.62,74428.95,74383.31,74416.61,54290
1789542240,2026-09-16T12:34:00,74419.46,74422.42,74388.5,74388.5,16662
1789542300,2026-09-16T12:35:00,74389.39,74405.05,74388.11,74403.66,12697
1789542360,2026-09-16T12:36:00,74404.31,74405.06,74383.78,74387.2,9478
1789542420,2026-09-16T12:37:00,74387.03,74389.05,74364,74370.27,7538
1789542480,2026-09-16T12:38:00,74371.89,74387.78,74369.01,74374.76,25653
1789542540,2026-09-16T12:39:00,74375.77,74385.11,74371.42,74371.66,27134
1789542600,2026-09-16T12:40:00,74373.26,74382.75,74366.91,74379.13,33657
1789542660,2026-09-16T12:41:00,74382.44,74382.44,74366.63,74367.15,43886
1789542720,2026-09-16T12:42:00,74367.22,74373.38,74356.19,74360.69,28225
1789542780,2026-09-16T12:43:00,74359.87,74403.95,74359.87,74403.95,25986
1789542840,2026-09-16T12:44:00,74403.95,74411.08,74391.54,74396.39,4310
1789542900,2026-09-16T12:45:00,74396.39,74398.87,74373.86,74375.43,11358
1789542960,2026-09-16T12:46:00,74378.66,74379.98,74360.54,74376.29,8550
1789543020,2026-09-16T12:47:00,74376.21,74395.31,74372.9,74393.39,19831
1789543080,2026-09-16T12:48:00,74391.92,74399.65,74386.71,74392.26,35156
1789543140,2026-09-16T12:49:00,74394.83,74399.34,74384.91,74393.55,81326
1789543200,2026-09-16T12:50:00,74394.03,74399.64,74388.84,74390.41,281826
1789543260,2026-09-16T12:51:00,74390.56,74392.18,74385.74,74389.23,9957
1789543320,2026-09-16T12:52:00,74388.96,74393.28,74375.76,74389.61,44922
1789543380,2026-09-16T12:53:00,74387.1,74403.91,74382.41,74402.13,53971
1789543440,2026-09-16T12:54:00,74402.54,74412.47,74399.24,74406.69,4112
1789543500,2026-09-16T12:55:00,74405.96,74413.44,74395.06,74399.68,15134
1789543560,2026-09-16T12:56:00,74400.22,74418.25,74398.52,74408.87,19355
1789543620,2026-09-16T12:57:00,74407.96,74421.38,74404.81,74421.38,20995
1789543680,2026-09-16T12:58:00,74421.28,74426.31,74386.71,74386.71,8756
1789543740,2026-09-16T12:59:00,74391.21,74397.44,74382.18,74382.9,6411
1789543800,2026-09-16T13:00:00,74381.76,74387.28,74369.56,74385.59,17092
1789543860,2026-09-16T13:01:00,74386.32,74410.15,74382.74,74400.87,11877
1789543920,2026-09-16T13:02:00,74400.87,74403.83,74388.88,74396.64,6097
1789543980,2026-09-16T13:03:00,74394.92,74397.7,74382.86,74391.01,4165
1789544040,2026-09-16T13:04:00,74390.7,74412.76,74390.7,74410.76,9594
1789544100,2026-09-16T13:05:00,74410.76,74422.91,74407.21,74417.98,33366
1789544160,2026-09-16T13:06:00,74417.45,74440.07,74413.69,74436.87,13639
1789544220,2026-09-16T13:07:00,74438.58,74468.1,74438.42,74465.42,13828
1789544280,2026-09-16T13:08:00,74464.62,74471.78,74459.55,74470.77,9963
1789544340,2026-09-16T13:09:00,74474.12,74497.66,74473.47,74477.67,14669
1789544400,2026-09-16T13:10:00,74478.84,74485.05,74476.01,74479.44,9901
1789544460,2026-09-16T13:11:00,74479.45,74482.6,74464.3,74464.3,22933
1789544520,2026-09-16T13:12:00,74463.56,74463.56,74445.34,74451.93,21294
1789544580,2026-09-16T13:13:00,74450.83,74455.95,74443.32,74448.67,3977
1789544640,2026-09-16T13:14:00,74448.08,74448.08,74423.1,74433.4,3904
1789544700,2026-09-16T13:15:00,74433.4,74433.4,74415.03,74418.75,6445
1789544760,2026-09-16T13:16:00,74418.75,74418.75,74409.31,74414.76,80277
1789544820,2026-09-16T13:17:00,74413.11,74419.98,74398.55,74417.9,163616
1789544880,2026-09-16T13:18:00,74416.21,74437.44,74416.21,74436.69,6236
1789544940,2026-09-16T13:19:00,74437.33,74461.4,74436.54,74455.81,26801
1789545000,2026-09-16T13:20:00,74457.16,74459.75,74436.12,74441.9,14806
1789545060,2026-09-16T13:21:00,74441.33,74446.93,74430.85,74430.85,8800
1789545120,2026-09-16T13:22:00,74429.73,74430.17,74414,74420.75,16701
1789545180,2026-09-16T13:23:00,74420.75,74430.08,74411.3,74411.94,10458
1789545240,2026-09-16T13:24:00,74411.89,74411.89,74382.79,74386.07,22467
1789545300,2026-09-16T13:25:00,74384.88,74385.92,74375.04,74378.34,8758
1789545360,2026-09-16T13:26:00,74375.4,74384.99,74371.3,74377.34,11376
1789545420,2026-09-16T13:27:00,74375.69,74380.03,74361.41,74366.34,6228
1789545480,2026-09-16T13:28:00,74362.8,74365.17,74311.69,74311.69,22682
1789545540,2026-09-16T13:29:00,74313.67,74315.59,74296.13,74296.13,19111
1789545600,2026-09-16T13:30:00,74296.13,74312.14,74296.13,74306.03,15240
1789545660,2026-09-16T13:31:00,74306.03,74337.32,74306.03,74336.38,3195
1789545720,2026-09-16T13:32:00,74337.17,74347.76,74330.37,74337.87,8875
1789545780,2026-09-16T13:33:00,74333.69,74337.34,74309.95,74317.68,9384
1789545840,2026-09-16T13:34:00,74317.68,74323.17,74298.65,74322.53,8751
1789545900,2026-09-16T13:35:00,74325.63,74347.65,74323.91,74347.16,9532
1789545960,2026-09-16T13:36:00,74345.58,74347.52,74327.74,74328.47,5009
1789546020,2026-09-16T13:37:00,74330.09,74333.54,74312.13,74312.23,6036
1789546080,2026-09-16T13:38:00,74313.77,74325.22,74305.19,74311.25,9668
1789546140,2026-09-16T13:39:00,74310.11,74314.81,74291.27,74292.86,14348
1789546200,2026-09-16T13:40:00,74292.68,74301.48,74285.23,74292.39,10778
1789546260,2026-09-16T13:41:00,74291.87,74303.51,74286.75,74299.6,7447
1789546320,2026-09-16T13:42:00,74302.24,74305.82,74282.57,74286.42,6074
1789546380,2026-09-16T13:43:00,74286.41,74289.96,74273.67,74278.98,8660
1789546440,2026-09-16T13:44:00,74278.47,74281.9,74260.28,74261.42,10592
1789546500,2026-09-16T13:45:00,74261.07,74297.04,74261.07,74292.51,8210
1789546560,2026-09-16T13:46:00,74292.71,74296.32,74268.68,74279.98,5325
1789546620,2026-09-16T13:47:00,74280.16,74291.53,74274.26,74291.53,5756
1789546680,2026-09-16T13:48:00,74296.02,74306.32,74288.22,74296.38,5402
1789546740,2026-09-16T13:49:00,74297.73,74300,74277.11,74283.49,15811
1789546800,2026-09-16T13:50:00,74281.53,74282.68,74273.78,74278.72,4883
1789546860,2026-09-16T13:51:00,74278.72,74285.82,74266.93,74279.81,5016
1789546920,2026-09-16T13:52:00,74280.1,74281.04,74269.27,74270.02,8350
1789546980,2026-09-16T13:53:00,74270.02,74286.48,74260.14,74282.76,4125
1789547040,2026-09-16T13:54:00,74282.76,74296.11,74281.26,74290.03,21072
1789547100,2026-09-16T13:55:00,74290.03,74296.98,74278.74,74286.76,8072
1789547160,2026-09-16T13:56:00,74282.92,74298.35,74282.49,74296.57,13852
1789547220,2026-09-16T13:57:00,74296.08,74297.63,74286.38,74294.19,7867
1789547280,2026-09-16T13:58:00,74293.59,74295.2,74277.29,74277.69,8848
1789547340,2026-09-16T13:59:00,74276.37,74280.72,74263.18,74280.72,5436
1789547400,2026-09-16T14:00:00,74279.16,74298.56,74279.16,74297.17,10418
1789547460,2026-09-16T14:01:00,74296.29,74314.93,74294.73,74310.73,11044
1789547520,2026-09-16T14:02:00,74310.57,74320.27,74310.06,74318.89,9833
1789547580,2026-09-16T14:03:00,74319.2,74335.49,74317.1,74320.3,4414
1789547640,2026-09-16T14:04:00,74320.56,74332.5,74318.71,74331.41,6148
1789547700,2026-09-16T14:05:00,74330.92,74337.21,74325.81,74327.75,7777
1789547760,2026-09-16T14:06:00,74328.38,74331.26,74318.69,74323.93,4942
1789547820,2026-09-16T14:07:00,74323.93,74330.58,74307.69,74310.3,5485
1789547880,2026-09-16T14:08:00,74310.16,74313.07,74287.23,74287.48,13940
1789547940,2026-09-16T14:09:00,74282.49,74294.77,74282.49,74290,7603
1789548000,2026-09-16T14:10:00,74290,74292.98,74283.79,74292.98,18896
1789548060,2026-09-16T14:11:00,74292.08,74310.28,74285.11,74308.57,9905
1789548120,2026-09-16T14:12:00,74309.86,74314.1,74298.88,74312.81,11600
1789548180,2026-09-16T14:13:00,74314.1,74328.64,74313.54,74327.74,29315
1789548240,2026-09-16T14:14:00,74328.96,74339.32,74323.26,74338.51,10400
1789548300,2026-09-16T14:15:00,74339.76,74348.63,74336.67,74337.04,7299
1789548360,2026-09-16T14:16:00,74337.01,74345.69,74332.27,74337,6323
1789548420,2026-09-16T14:17:00,74336.55,74353.14,74334.29,74351.03,9708
1789548480,2026-09-16T14:18:00,74351.31,74370.45,74350.39,74367.46,13769
1789548540,2026-09-16T14:19:00,74366.6,74366.6,74322.22,74324.43,13416
1789548600,2026-09-16T14:20:00,74321.66,74329.67,74315.17,74325.08,24964
1789548660,2026-09-16T14:21:00,74323.98,74336.38,74314.8,74321.85,157992
1789548720,2026-09-16T14:22:00,74323.56,74348.73,74323.53,74348.73,26493
1789548780,2026-09-16T14:23:00,74346.2,74348.26,74327.4,74329.73,19149
1789548840,2026-09-16T14:24:00,74329.51,74340.98,74321.99,74336.19,12254
1789548900,2026-09-16T14:25:00,74335.01,74340.71,74324.13,74326.85,12403
1789548960,2026-09-16T14:26:00,74327,74341.36,74327,74332.19,11025
1789549020,2026-09-16T14:27:00,74327.65,74330.18,74315.07,74319.4,6823
1789549080,2026-09-16T14:28:00,74320.35,74321.81,74299.06,74305.82,13578
1789549140,2026-09-16T14:29:00,74304.27,74323.52,74301.92,74321,26565
1789549200,2026-09-16T14:30:00,74316.41,74331.52,74309.15,74313.44,11945
1789549260,2026-09-16T14:31:00,74313.31,74317.1,74307.73,74307.73,5828
1789549320,2026-09-16T14:32:00,74308.95,74317.13,74304.94,74307.35,7193
1789549380,2026-09-16T14:33:00,74309.52,74318.1,74298.61,74302.52,24849
1789549440,2026-09-16T14:34:00,74301.27,74309.52,74291.89,74299.38,27204
1789549500,2026-09-16T14:35:00,74299.62,74327.95,74299.62,74323.12,20758
1789549560,2026-09-16T14:36:00,74323.08,74332.11,74321.2,74321.2,10849
1789549620,2026-09-16T14:37:00,74314.97,74314.97,74299.32,74306.3,8039
1789549680,2026-09-16T14:38:00,74304.33,74309.75,74282.28,74282.28,65250
1789549740,2026-09-16T14:39:00,74284.28,74303.89,74281.89,74296.17,12432
1789549800,2026-09-16T14:40:00,74301.18,74313.76,74299.53,74306.15,14772
1789549860,2026-09-16T14:41:00,74306.45,74326.69,74302.87,74324.43,14697
1789549920,2026-09-16T14:42:00,74322,74322,74291.92,74293.26,9406
1789549980,2026-09-16T14:43:00,74293.53,74313.1,74293.53,74313.1,13183
1789550040,2026-09-16T14:44:00,74316.89,74326.78,74315.38,74323.61,17950
1789550100,2026-09-16T14:45:00,74320.53,74330.19,74317.89,74318.06,18401
1789550160,2026-09-16T14:46:00,74313.38,74326.84,74307.66,74326.84,56247
1789550220,2026-09-16T14:47:00,74326.73,74335.65,74325.48,74335.65,11183
1789550280,2026-09-16T14:48:00,74335.39,74342.35,74327.1,74330.72,52248
1789550340,2026-09-16T14:49:00,74321.22,74336.6,74321.22,74335.55,28102
1789550400,2026-09-16T14:50:00,74334.72,74342.11,74311.04,74342.11,50780
1789550460,2026-09-16T14:51:00,74342.08,74353.62,74339.69,74342.06,10302
1789550520,2026-09-16T14:52:00,74342.93,74342.93,74326.29,74341.54,7988
1789550580,2026-09-16T14:53:00,74340.06,74357.61,74340.06,74354.07,31315
1789550640,2026-09-16T14:54:00,74356.46,74362.41,74334.9,74341.75,26527
1789550700,2026-09-16T14:55:00,74341.5,74361.46,74341.5,74360.82,14573
1789550760,2026-09-16T14:56:00,74360.83,74390.37,74359.74,74386.06,39455
1789550820,2026-09-16T14:57:00,74385.4,74417.71,74382.21,74402.63,45568
1789550880,2026-09-16T14:58:00,74398.26,74399.68,74364.03,74369.88,27792
1789550940,2026-09-16T14:59:00,74371.4,74371.55,74331.85,74334.88,17274
1789551000,2026-09-16T15:00:00,74339.2,74339.2,74285.23,74289.54,35671
1789551060,2026-09-16T15:01:00,74290.06,74312.98,74284.96,74308.58,26646
1789551120,2026-09-16T15:02:00,74303.04,74323.44,74303.04,74311.19,15214
1789551180,2026-09-16T15:03:00,74311.62,74323.41,74305.94,74314.12,52724
1789551240,2026-09-16T15:04:00,74314.06,74328.4,74312.34,74315.9,76420
1789551300,2026-09-16T15:05:00,74315.65,74336.39,74313.7,74323.89,25790
1789551360,2026-09-16T15:06:00,74321.1,74326.15,74287.04,74291.69,27577
1789551420,2026-09-16T15:07:00,74291.29,74311.96,74288.49,74310.85,18965
1789551480,2026-09-16T15:08:00,74311.57,74317.81,74299.56,74313.17,17467
1789551540,2026-09-16T15:09:00,74312.49,74314.2,74290.15,74300.61,17183
1789551600,2026-09-16T15:10:00,74298.64,74324.44,74298.64,74310.96,30010
1789551660,2026-09-16T15:11:00,74309.75,74321.62,74304.06,74315.34,25763
1789551720,2026-09-16T15:12:00,74319.57,74319.57,74270.14,74282.15,83292
1789551780,2026-09-16T15:13:00,74286.07,74302.95,74271.74,74280.3,22413
1789551840,2026-09-16T15:14:00,74285.26,74304.48,74282.55,74303.16,22418
1789551900,2026-09-16T15:15:00,74303.16,74303.16,74303.16,74303.16,22418
1789551960,2026-09-16T15:16:00,74303.16,74303.16,74303.16,74303.16,22418
1789552020,2026-09-16T15:17:00,74303.16,74303.16,74303.16,74303.16,22418
1789552080,2026-09-16T15:18:00,74303.16,74303.16,74303.16,74303.16,22418
1789552140,2026-09-16T15:19:00,74303.16,74303.16,74303.16,74303.16,22418
1789552200,2026-09-16T15:20:00,74303.16,74303.16,74303.16,74303.16,22418
1789552260,2026-09-16T15:21:00,74303.16,74303.16,74303.16,74303.16,22418
1789552320,2026-09-16T15:22:00,74303.16,74303.16,74303.16,74303.16,22418
1789552380,2026-09-16T15:23:00,74303.16,74303.16,74303.16,74303.16,22418
1789552440,2026-09-16T15:24:00,74303.16,74303.16,74303.16,74303.16,22418
1789552500,2026-09-16T15:25:00,74303.16,74303.16,74303.16,74303.16,22418
1789552560,2026-09-16T15:26:00,74303.16,74303.16,74303.16,74303.16,22418
1789552620,2026-09-16T15:27:00,74303.16,74303.16,74303.16,74303.16,22418
1789552680,2026-09-16T15:28:00,74303.16,74303.16,74303.16,74303.16,22418
1789552740,2026-09-16T15:29:00,74336.45,74336.45,74336.45,74336.45,22418
1789616700,2026-09-17T09:15:00,74182.62,74376.22,74163.95,74264.3,132704
1789616760,2026-09-17T09:16:00,74261.09,74302.17,74197.46,74278.57,104450
1789616820,2026-09-17T09:17:00,74275.72,74376.25,74275.72,74376.25,77194
1789616880,2026-09-17T09:18:00,74377.74,74417.08,74370.8,74402.53,57143
1789616940,2026-09-17T09:19:00,74401.3,74406.27,74384.32,74398.61,71736
1789617000,2026-09-17T09:20:00,74395.96,74422.94,74372.94,74396.16,95677
1789617060,2026-09-17T09:21:00,74398.57,74409.86,74367.31,74382.63,42558
1789617120,2026-09-17T09:22:00,74383.45,74389.16,74333.57,74338.49,36519
1789617180,2026-09-17T09:23:00,74342.85,74342.85,74320.49,74323.53,48762
1789617240,2026-09-17T09:24:00,74325.75,74333.68,74293.06,74293.06,67168
1789617300,2026-09-17T09:25:00,74300.25,74323.95,74297.51,74302.02,40115
1789617360,2026-09-17T09:26:00,74301.75,74326.98,74292.43,74326.98,39749
1789617420,2026-09-17T09:27:00,74317.9,74343.15,74305.21,74343.15,52509
1789617480,2026-09-17T09:28:00,74342.79,74385.02,74342.79,74381.6,26093
1789617540,2026-09-17T09:29:00,74377.9,74384.33,74339.21,74352.44,31742
1789617600,2026-09-17T09:30:00,74358.73,74405.1,74347.88,74397,32032
1789617660,2026-09-17T09:31:00,74397.05,74418.34,74390.65,74418.34,24516
1789617720,2026-09-17T09:32:00,74422.79,74474.95,74420.7,74469.8,27491
1789617780,2026-09-17T09:33:00,74474.04,74501.86,74465.37,74465.37,59622
1789617840,2026-09-17T09:34:00,74464.95,74491.15,74453.64,74483.65,28043
1789617900,2026-09-17T09:35:00,74482.91,74533.36,74477.59,74532.99,26276
1789617960,2026-09-17T09:36:00,74534.27,74537.6,74504.4,74504.4,20212
1789618020,2026-09-17T09:37:00,74501.38,74519.87,74494.79,74501.58,21106
1789618080,2026-09-17T09:38:00,74496.76,74511.37,74474.54,74474.54,31565
1789618140,2026-09-17T09:39:00,74469.39,74469.39,74436.04,74441.98,533980
1789618200,2026-09-17T09:40:00,74444.17,74448.57,74415.44,74434.32,25917
1789618260,2026-09-17T09:41:00,74432.74,74440.95,74403.26,74407.05,26134
1789618320,2026-09-17T09:42:00,74408.18,74408.18,74330.26,74330.26,29020
1789618380,2026-09-17T09:43:00,74331.78,74367.85,74312.6,74366.9,23659
1789618440,2026-09-17T09:44:00,74366.6,74372.52,74343.64,74365.62,18127
1789618500,2026-09-17T09:45:00,74367.44,74395.65,74352.89,74356.41,24183
1789618560,2026-09-17T09:46:00,74356.73,74366.27,74350.79,74357.02,19738
1789618620,2026-09-17T09:47:00,74367.49,74387.3,74359.18,74382.73,12374
1789618680,2026-09-17T09:48:00,74390.65,74403.28,74386.08,74388.02,12996
1789618740,2026-09-17T09:49:00,74387.36,74428.01,74387.36,74420.99,16110
1789618800,2026-09-17T09:50:00,74414.77,74416.05,74389.52,74401.53,23245
1789618860,2026-09-17T09:51:00,74400.52,74418.72,74399.16,74416.39,10986
1789618920,2026-09-17T09:52:00,74421.37,74453.87,74413.47,74453.87,54636
1789618980,2026-09-17T09:53:00,74448.85,74449.48,74436.62,74448.54,22096
1789619040,2026-09-17T09:54:00,74443.72,74483.16,74439.65,74469,28750
1789619100,2026-09-17T09:55:00,74470.22,74485.33,74465.77,74467.18,53870
1789619160,2026-09-17T09:56:00,74466.63,74471.96,74432.46,74438.46,25632
1789619220,2026-09-17T09:57:00,74438.84,74468.03,74425.71,74466.78,20143
1789619280,2026-09-17T09:58:00,74470.92,74486.52,74466.22,74481.77,31362
1789619340,2026-09-17T09:59:00,74480.93,74482.4,74456.77,74461.09,13336
1789619400,2026-09-17T10:00:00,74459.51,74474.58,74451.38,74462.54,18196
1789619460,2026-09-17T10:01:00,74459.89,74479.36,74454.88,74472.35,13100
1789619520,2026-09-17T10:02:00,74472.59,74492.89,74463.81,74491.06,17925
1789619580,2026-09-17T10:03:00,74492.26,74503.46,74487.36,74494.21,12424
1789619640,2026-09-17T10:04:00,74498.42,74502.04,74484.7,74492.27,13010
1789619700,2026-09-17T10:05:00,74487.92,74554.61,74486.61,74550.99,35907
1789619760,2026-09-17T10:06:00,74547.93,74549.29,74530.26,74539.48,18385
1789619820,2026-09-17T10:07:00,74538.51,74538.51,74508.26,74522.62,12932
1789619880,2026-09-17T10:08:00,74522.58,74533.28,74518.96,74519.44,13196
1789619940,2026-09-17T10:09:00,74523.62,74534.74,74520.13,74534.74,19642
1789620000,2026-09-17T10:10:00,74534.51,74557.53,74531.38,74553.9,18327
1789620060,2026-09-17T10:11:00,74553.9,74589.8,74553.9,74583.75,18841
1789620120,2026-09-17T10:12:00,74579.45,74587.18,74574.69,74574.69,21929
1789620180,2026-09-17T10:13:00,74573.06,74577.81,74565.09,74567.7,18314
1789620240,2026-09-17T10:14:00,74566.4,74566.4,74539.41,74554.13,14616
1789620300,2026-09-17T10:15:00,74549.63,74570.32,74548.66,74554.94,42896
1789620360,2026-09-17T10:16:00,74549.54,74557.68,74543.71,74544.64,51626
1789620420,2026-09-17T10:17:00,74547.26,74547.66,74524.01,74526.09,22030
1789620480,2026-09-17T10:18:00,74525.34,74531.27,74507.32,74513.95,37289
1789620540,2026-09-17T10:19:00,74513.34,74520.37,74493.51,74498.06,23431
1789620600,2026-09-17T10:20:00,74496.22,74510.84,74480.77,74505.03,15494
1789620660,2026-09-17T10:21:00,74508.41,74521.67,74507.78,74511.57,21596
1789620720,2026-09-17T10:22:00,74506.93,74516.42,74504.03,74505.51,11876
1789620780,2026-09-17T10:23:00,74503.56,74510.06,74478.92,74482.49,18506
1789620840,2026-09-17T10:24:00,74482.49,74501.51,74475.27,74497.72,29862
1789620900,2026-09-17T10:25:00,74500.38,74501.07,74477.29,74485.1,31720
1789620960,2026-09-17T10:26:00,74485.03,74495.02,74474.23,74489.1,21916
1789621020,2026-09-17T10:27:00,74491.66,74501.63,74485.19,74485.19,26812
1789621080,2026-09-17T10:28:00,74484.93,74497.52,74483.06,74489.06,16764
1789621140,2026-09-17T10:29:00,74488.7,74498.76,74484.3,74492.96,25712
1789621200,2026-09-17T10:30:00,74496.31,74499.93,74475.95,74482.35,18753
1789621260,2026-09-17T10:31:00,74478,74480.11,74435.94,74444.59,20598
1789621320,2026-09-17T10:32:00,74443.68,74460.86,74443.68,74450.86,18346
1789621380,2026-09-17T10:33:00,74451.3,74451.96,74439.46,74449.97,22427
1789621440,2026-09-17T10:34:00,74440.59,74453.74,74439.03,74446.59,19333
1789621500,2026-09-17T10:35:00,74447.23,74465.63,74418.43,74462.89,38848
1789621560,2026-09-17T10:36:00,74466.76,74482.69,74460.52,74480.13,30202
1789621620,2026-09-17T10:37:00,74478.3,74493.12,74471.16,74476.43,8275
1789621680,2026-09-17T10:38:00,74479.56,74481.24,74446.62,74463.69,23282
1789621740,2026-09-17T10:39:00,74460.86,74465.66,74454.01,74455.38,8550
1789621800,2026-09-17T10:40:00,74458.59,74458.59,74440.89,74443.02,19791
1789621860,2026-09-17T10:41:00,74440.9,74453.16,74430.68,74432.08,41739
1789621920,2026-09-17T10:42:00,74428.95,74437.88,74403.18,74407.78,20848
1789621980,2026-09-17T10:43:00,74406.73,74436.24,74402.92,74424.7,38703
1789622040,2026-09-17T10:44:00,74421.82,74421.82,74399.51,74401.13,13812
1789622100,2026-09-17T10:45:00,74403.46,74403.46,74376.11,74386.29,17833
1789622160,2026-09-17T10:46:00,74387.7,74416.57,74380.77,74409.26,14835
1789622220,2026-09-17T10:47:00,74407.05,74432.1,74407.05,74425.61,8596
1789622280,2026-09-17T10:48:00,74428.82,74429.86,74397.33,74405.67,8967
1789622340,2026-09-17T10:49:00,74405.7,74406.74,74391.5,74400.79,7651
1789622400,2026-09-17T10:50:00,74400.03,74411.07,74394.37,74409.43,6285
1789622460,2026-09-17T10:51:00,74409.43,74422.98,74409.43,74421.01,22498
1789622520,2026-09-17T10:52:00,74424.75,74436.1,74417.49,74418.76,8697
1789622580,2026-09-17T10:53:00,74418.71,74435.21,74411.1,74418.23,32207
1789622640,2026-09-17T10:54:00,74419.73,74423.21,74413.24,74413.24,11327
1789622700,2026-09-17T10:55:00,74412.49,74424.74,74411.02,74422.38,12881
1789622760,2026-09-17T10:56:00,74424.11,74439.95,74420.9,74437.38,50409
1789622820,2026-09-17T10:57:00,74436.47,74459.82,74430.87,74430.87,13821
1789622880,2026-09-17T10:58:00,74434.75,74439.98,74417.96,74424.07,20119
1789622940,2026-09-17T10:59:00,74425.89,74431.72,74410.84,74413.77,12719
1789623000,2026-09-17T11:00:00,74410.21,74410.25,74378.24,74379.1,24041
1789623060,2026-09-17T11:01:00,74376.74,74378.53,74347,74363.32,14329
1789623120,2026-09-17T11:02:00,74361.41,74375.3,74358.32,74370.24,6478
1789623180,2026-09-17T11:03:00,74367.77,74372.02,74314.49,74314.49,18419
1789623240,2026-09-17T11:04:00,74316.18,74327.82,74310.62,74314.27,9162
1789623300,2026-09-17T11:05:00,74311.61,74311.61,74292.02,74297.32,11430
1789623360,2026-09-17T11:06:00,74297.17,74306.38,74263.25,74283.56,17227
1789623420,2026-09-17T11:07:00,74276.53,74286.7,74252.39,74252.39,33049
1789623480,2026-09-17T11:08:00,74256.1,74256.1,74235.37,74244.51,15254
1789623540,2026-09-17T11:09:00,74242.92,74251.78,74238.72,74251.08,22139
1789623600,2026-09-17T11:10:00,74243.31,74249.08,74227.38,74228,24342
1789623660,2026-09-17T11:11:00,74228,74243.11,74225.1,74236.78,10596
1789623720,2026-09-17T11:12:00,74241.56,74256.44,74235.41,74252.91,9937
1789623780,2026-09-17T11:13:00,74255.01,74272.54,74255.01,74261.24,15215
1789623840,2026-09-17T11:14:00,74263.74,74284.74,74257.98,74259.47,32039
1789623900,2026-09-17T11:15:00,74264.42,74269.23,74257.76,74269.06,10532
1789623960,2026-09-17T11:16:00,74269.37,74276.3,74263.8,74267.62,12846
1789624020,2026-09-17T11:17:00,74267.62,74309.23,74267.62,74307.46,34041
1789624080,2026-09-17T11:18:00,74307.31,74322.9,74306.41,74322.02,21571
1789624140,2026-09-17T11:19:00,74323.67,74333.89,74322.83,74327.59,4876
1789624200,2026-09-17T11:20:00,74330.12,74341.89,74325.54,74341.52,15412
1789624260,2026-09-17T11:21:00,74341.95,74355.85,74336.24,74339.5,11771
1789624320,2026-09-17T11:22:00,74339.5,74339.79,74306.8,74307.35,8553
1789624380,2026-09-17T11:23:00,74307.22,74330.53,74306.73,74330.06,6508
1789624440,2026-09-17T11:24:00,74330.09,74338.41,74325.41,74330.58,6328
1789624500,2026-09-17T11:25:00,74330.58,74342.52,74327.71,74336.6,5375
1789624560,2026-09-17T11:26:00,74336.66,74340.89,74330.43,74332.32,30024
1789624620,2026-09-17T11:27:00,74331.2,74331.2,74315.19,74316.37,36112
1789624680,2026-09-17T11:28:00,74317.15,74323.64,74307.23,74320.56,67726
1789624740,2026-09-17T11:29:00,74318.29,74323.84,74312.59,74317.9,4007
1789624800,2026-09-17T11:30:00,74313.72,74319.99,74290.73,74291.4,27017
1789624860,2026-09-17T11:31:00,74288.92,74321.57,74288.92,74319.67,8576
1789624920,2026-09-17T11:32:00,74324.54,74356.86,74324.43,74356.86,16784
1789624980,2026-09-17T11:33:00,74356.04,74356.04,74320.32,74325.53,14037
1789625040,2026-09-17T11:34:00,74323.25,74348.49,74323.25,74344.27,6974
1789625100,2026-09-17T11:35:00,74342.64,74347.71,74318.51,74319.46,8073
1789625160,2026-09-17T11:36:00,74318.28,74336.73,74318.28,74334.66,6317
1789625220,2026-09-17T11:37:00,74333.62,74341.96,74327.53,74327.99,18188
1789625280,2026-09-17T11:38:00,74329.24,74343.44,74327.28,74337.47,31882
1789625340,2026-09-17T11:39:00,74337.47,74345.15,74330.66,74340.62,5737
1789625400,2026-09-17T11:40:00,74340.05,74353.54,74339.48,74346.36,9166
1789625460,2026-09-17T11:41:00,74345.67,74356.57,74341.08,74353.46,7635
1789625520,2026-09-17T11:42:00,74353.33,74369.29,74349.16,74366.23,12257
1789625580,2026-09-17T11:43:00,74368.71,74394.55,74367.33,74394.29,16014
1789625640,2026-09-17T11:44:00,74389.27,74396.43,74388.13,74390.93,12462
1789625700,2026-09-17T11:45:00,74391.57,74410.27,74386.21,74393.37,53613
1789625760,2026-09-17T11:46:00,74395.79,74396.47,74374.75,74374.75,69218
1789625820,2026-09-17T11:47:00,74374.75,74380.59,74364.46,74374.92,69743
1789625880,2026-09-17T11:48:00,74375.46,74386.82,74372.45,74375.29,18031
1789625940,2026-09-17T11:49:00,74378.34,74391.12,74376.12,74389.06,27594
1789626000,2026-09-17T11:50:00,74387.02,74400.45,74381.97,74385.33,13092
1789626060,2026-09-17T11:51:00,74384.93,74421.07,74384.93,74420.28,10316
1789626120,2026-09-17T11:52:00,74420.28,74442.63,74412.18,74439.53,20363
1789626180,2026-09-17T11:53:00,74436.98,74438.31,74400.43,74410.33,12914
1789626240,2026-09-17T11:54:00,74410.24,74415.22,74396.61,74411.78,37137
1789626300,2026-09-17T11:55:00,74413.36,74436.86,74413.36,74433.53,9926
1789626360,2026-09-17T11:56:00,74431.48,74460.18,74427.64,74455.13,11402
1789626420,2026-09-17T11:57:00,74456.09,74489.23,74454.22,74489.23,11610
1789626480,2026-09-17T11:58:00,74486.5,74492.79,74474.87,74491.04,11651
1789626540,2026-09-17T11:59:00,74492.17,74517.65,74491.07,74517.65,24501
1789626600,2026-09-17T12:00:00,74521.72,74534.37,74514.88,74514.88,37074
1789626660,2026-09-17T12:01:00,74521.96,74522.8,74498.6,74498.6,57441
1789626720,2026-09-17T12:02:00,74497.53,74512.98,74497.53,74510.13,12902
1789626780,2026-09-17T12:03:00,74511.53,74511.53,74479.2,74481.84,27580
1789626840,2026-09-17T12:04:00,74475.89,74485.58,74462.72,74481.98,11757
1789626900,2026-09-17T12:05:00,74478.65,74486.25,74476.26,74485.58,12513
1789626960,2026-09-17T12:06:00,74485.34,74531.73,74484.55,74529.83,14510
1789627020,2026-09-17T12:07:00,74531.18,74598.46,74531.18,74596.56,39196
1789627080,2026-09-17T12:08:00,74596.79,74598.99,74580.72,74593.78,9407
1789627140,2026-09-17T12:09:00,74591.86,74606.42,74582.85,74590.97,35629
1789627200,2026-09-17T12:10:00,74591.46,74598.84,74581.37,74590.73,10912
1789627260,2026-09-17T12:11:00,74586.23,74604.28,74585.36,74597.07,69689
1789627320,2026-09-17T12:12:00,74598.95,74608.63,74596.09,74606.43,66078
1789627380,2026-09-17T12:13:00,74606.53,74609.02,74580.23,74608.71,63753
1789627440,2026-09-17T12:14:00,74609.4,74620.91,74608.43,74609.74,56752
1789627500,2026-09-17T12:15:00,74608.36,74614.88,74595.14,74601.83,13913
1789627560,2026-09-17T12:16:00,74601.83,74605.69,74590.01,74605.69,66761
1789627620,2026-09-17T12:17:00,74605.69,74629.74,74601.67,74625.63,18424
1789627680,2026-09-17T12:18:00,74625.63,74644.56,74622.24,74633.44,153963
1789627740,2026-09-17T12:19:00,74632.65,74636.82,74622.91,74622.91,12867
1789627800,2026-09-17T12:20:00,74623.17,74632.75,74621.55,74631.16,8915
1789627860,2026-09-17T12:21:00,74630.64,74632.53,74620.9,74620.9,8273
1789627920,2026-09-17T12:22:00,74621.9,74649.83,74620.92,74648.52,9817
1789627980,2026-09-17T12:23:00,74648.61,74677.56,74648.61,74673.44,13843
1789628040,2026-09-17T12:24:00,74676.01,74676.31,74647.44,74652.15,12129
1789628100,2026-09-17T12:25:00,74651.27,74654.81,74639.7,74640.3,8028
1789628160,2026-09-17T12:26:00,74643.85,74644.45,74622.32,74622.32,13684
1789628220,2026-09-17T12:27:00,74622.38,74625.29,74609.73,74616.92,16184
1789628280,2026-09-17T12:28:00,74611.62,74622.97,74607.58,74619.66,34643
1789628340,2026-09-17T12:29:00,74619.66,74622.64,74608.9,74615.21,10829
1789628400,2026-09-17T12:30:00,74615.58,74624.21,74610.05,74611.8,5928
1789628460,2026-09-17T12:31:00,74608.28,74612.13,74592.06,74599.53,7030
1789628520,2026-09-17T12:32:00,74598.37,74604.23,74591.24,74603.02,4191
1789628580,2026-09-17T12:33:00,74603.02,74616.14,74598.56,74616.14,9017
1789628640,2026-09-17T12:34:00,74616.02,74617.44,74603.19,74604.56,17017
1789628700,2026-09-17T12:35:00,74605.78,74624.04,74603.58,74623.33,24552
1789628760,2026-09-17T12:36:00,74624.75,74637.14,74618.66,74629.58,23557
1789628820,2026-09-17T12:37:00,74629.58,74650.46,74629.58,74650.46,5727
1789628880,2026-09-17T12:38:00,74651.06,74662.49,74650.06,74656.55,13327
1789628940,2026-09-17T12:39:00,74656.55,74657.13,74640.05,74649.81,12957
1789629000,2026-09-17T12:40:00,74648.67,74653.04,74642.91,74643,3607
1789629060,2026-09-17T12:41:00,74644.43,74654.13,74640.92,74650.18,18530
1789629120,2026-09-17T12:42:00,74650.53,74655.29,74645.2,74652.24,32083
1789629180,2026-09-17T12:43:00,74650.5,74655.58,74643.24,74644.73,24449
1789629240,2026-09-17T12:44:00,74643.94,74644.53,74609.35,74613.45,18175
1789629300,2026-09-17T12:45:00,74613.45,74622.83,74610,74614.79,9081
1789629360,2026-09-17T12:46:00,74617.89,74620.63,74609.95,74613.33,9434
1789629420,2026-09-17T12:47:00,74613.62,74618.44,74600.13,74600.13,8131
1789629480,2026-09-17T12:48:00,74600.58,74602.34,74577.28,74577.28,15153
1789629540,2026-09-17T12:49:00,74584.82,74586.01,74574.77,74579.03,6273
1789629600,2026-09-17T12:50:00,74575.94,74582.82,74569.31,74579.47,13210
1789629660,2026-09-17T12:51:00,74579.47,74602,74579.47,74586.12,13733
1789629720,2026-09-17T12:52:00,74586.12,74600.45,74582.55,74588.18,7871
1789629780,2026-09-17T12:53:00,74590.79,74609.8,74586.93,74608.42,8479
1789629840,2026-09-17T12:54:00,74607.97,74617.44,74606.86,74610.64,6586
1789629900,2026-09-17T12:55:00,74610.64,74610.64,74584,74588.45,3926
1789629960,2026-09-17T12:56:00,74588.01,74596.36,74580.3,74580.3,4311
1789630020,2026-09-17T12:57:00,74580.3,74587.64,74573.72,74581.97,8902
1789630080,2026-09-17T12:58:00,74581.89,74605.97,74581.89,74588.88,6633
1789630140,2026-09-17T12:59:00,74589.17,74600.83,74588.29,74598.68,15750
1789630200,2026-09-17T13:00:00,74598.68,74604.12,74588.42,74604.12,7495
1789630260,2026-09-17T13:01:00,74605.32,74612.36,74592.75,74592.75,8292
1789630320,2026-09-17T13:02:00,74593.64,74593.64,74576.12,74588.73,14322
1789630380,2026-09-17T13:03:00,74592.7,74596.81,74582.51,74584.15,6848
1789630440,2026-09-17T13:04:00,74584.17,74584.17,74547.23,74547.23,19165
1789630500,2026-09-17T13:05:00,74549.08,74563.91,74549.08,74557.82,5820
1789630560,2026-09-17T13:06:00,74557.25,74562.65,74539.33,74539.92,6600
1789630620,2026-09-17T13:07:00,74539.92,74541.72,74528.83,74535.32,9613
1789630680,2026-09-17T13:08:00,74536.39,74541.69,74524.8,74537.19,5833
1789630740,2026-09-17T13:09:00,74537.5,74554.94,74537.07,74551.45,3590
1789630800,2026-09-17T13:10:00,74552.4,74556.3,74545.33,74548.58,4281
1789630860,2026-09-17T13:11:00,74550.74,74552.3,74543.71,74546.08,5135
1789630920,2026-09-17T13:12:00,74547.36,74555.1,74540.7,74555.1,7892
1789630980,2026-09-17T13:13:00,74555.05,74555.05,74542.96,74547.05,6537
1789631040,2026-09-17T13:14:00,74546.15,74548.32,74535.52,74540.67,11029
1789631100,2026-09-17T13:15:00,74539.59,74543.53,74522.32,74530.46,3431
1789631160,2026-09-17T13:16:00,74528.64,74544.54,74526.89,74536.88,15471
1789631220,2026-09-17T13:17:00,74538.8,74546.33,74517.76,74520.18,6640
1789631280,2026-09-17T13:18:00,74520.18,74531.65,74516.1,74522.86,9133
1789631340,2026-09-17T13:19:00,74522.41,74533.22,74522.41,74532.62,5935
1789631400,2026-09-17T13:20:00,74531.71,74535.92,74519.57,74530.69,10242
1789631460,2026-09-17T13:21:00,74530.23,74548.7,74525.36,74546.7,3570
1789631520,2026-09-17T13:22:00,74546.7,74548.75,74522.08,74524.64,18136
1789631580,2026-09-17T13:23:00,74524.64,74526.74,74513.5,74519.22,5144
1789631640,2026-09-17T13:24:00,74519.22,74522.68,74505.55,74511.64,9755
1789631700,2026-09-17T13:25:00,74509.64,74510.1,74464.2,74471.36,11224
1789631760,2026-09-17T13:26:00,74463.12,74465.77,74450.38,74450.38,513004
1789631820,2026-09-17T13:27:00,74450.67,74450.67,74384.64,74384.64,18195
1789631880,2026-09-17T13:28:00,74382.31,74397.61,74362.97,74373.19,25347
1789631940,2026-09-17T13:29:00,74372.98,74378.87,74358.95,74363.86,21461
1789632000,2026-09-17T13:30:00,74360.57,74360.57,74320.88,74336.94,84277
1789632060,2026-09-17T13:31:00,74335.62,74351.15,74333.93,74342.96,13712
1789632120,2026-09-17T13:32:00,74343.45,74351.61,74336.87,74344.36,14962
1789632180,2026-09-17T13:33:00,74344.68,74350.1,74323.38,74325.2,7103
1789632240,2026-09-17T13:34:00,74325.2,74337.2,74317.46,74331.9,7515
1789632300,2026-09-17T13:35:00,74330.46,74334.02,74294.89,74309.93,13326
1789632360,2026-09-17T13:36:00,74309.93,74315.06,74291.27,74301.05,8002
1789632420,2026-09-17T13:37:00,74295.05,74324.03,74294.01,74319.38,5557
1789632480,2026-09-17T13:38:00,74319.18,74324.53,74314.78,74324.47,186068
1789632540,2026-09-17T13:39:00,74325.67,74346.89,74323.84,74343.05,7507
1789632600,2026-09-17T13:40:00,74342.85,74366.42,74340.27,74363.45,8491
1789632660,2026-09-17T13:41:00,74363.14,74401.24,74356.54,74400.97,9832
1789632720,2026-09-17T13:42:00,74400.44,74401.75,74362.32,74366.04,4810
1789632780,2026-09-17T13:43:00,74364.55,74373.62,74364.03,74365.76,16368
1789632840,2026-09-17T13:44:00,74365.79,74374.17,74348.71,74350.26,13754
1789632900,2026-09-17T13:45:00,74349.92,74364.39,74345.32,74364.39,6103
1789632960,2026-09-17T13:46:00,74365.15,74379.52,74363.58,74369.7,27846
1789633020,2026-09-17T13:47:00,74368.28,74385.57,74368.28,74382.57,9770
1789633080,2026-09-17T13:48:00,74382.8,74387.18,74364.73,74364.73,61304
1789633140,2026-09-17T13:49:00,74364.38,74373.32,74360.18,74360.18,4862
1789633200,2026-09-17T13:50:00,74360.18,74375.82,74358.2,74375.4,8448
1789633260,2026-09-17T13:51:00,74375.86,74379.59,74368.08,74368.94,6598
1789633320,2026-09-17T13:52:00,74369.58,74392.73,74369.58,74378.64,73147
1789633380,2026-09-17T13:53:00,74379.24,74379.24,74356.14,74365.58,7674
1789633440,2026-09-17T13:54:00,74366.11,74366.84,74340.28,74366.84,5684
1789633500,2026-09-17T13:55:00,74367.49,74367.95,74356.69,74358.06,7405
1789633560,2026-09-17T13:56:00,74358.91,74370.97,74352.28,74361.2,7189
1789633620,2026-09-17T13:57:00,74365.74,74371.52,74363.11,74367.43,4322
1789633680,2026-09-17T13:58:00,74368.94,74381.28,74366.79,74377.9,5847
1789633740,2026-09-17T13:59:00,74380.45,74384.5,74364.79,74364.79,13213
1789633800,2026-09-17T14:00:00,74365.57,74367.54,74350.99,74358.16,9770
1789633860,2026-09-17T14:01:00,74356.47,74377.8,74354.27,74375,8556
1789633920,2026-09-17T14:02:00,74374.17,74377.52,74356.61,74356.61,11189
1789633980,2026-09-17T14:03:00,74356.78,74365.66,74350.24,74365.08,23947
1789634040,2026-09-17T14:04:00,74364.43,74386.41,74362.61,74382.16,8003
1789634100,2026-09-17T14:05:00,74385.26,74387.18,74377.9,74383.56,3028
1789634160,2026-09-17T14:06:00,74383.56,74391.18,74366.67,74381.81,10196
1789634220,2026-09-17T14:07:00,74374.08,74411.27,74374.08,74410.28,5500
1789634280,2026-09-17T14:08:00,74410.28,74427.97,74406.84,74412.89,9155
1789634340,2026-09-17T14:09:00,74412.25,74413.24,74368.78,74395.36,51388
1789634400,2026-09-17T14:10:00,74395.36,74441.65,74394,74438.4,42599
1789634460,2026-09-17T14:11:00,74439.41,74440.28,74394.3,74394.3,19793
1789634520,2026-09-17T14:12:00,74400.86,74407.73,74394.1,74398.97,31915
1789634580,2026-09-17T14:13:00,74403.53,74411.04,74394.59,74406.47,21986
1789634640,2026-09-17T14:14:00,74407.04,74413.26,74401.14,74410.58,5132
1789634700,2026-09-17T14:15:00,74402.29,74410.52,74399.88,74408.08,10722
1789634760,2026-09-17T14:16:00,74405.82,74405.82,74376.68,74376.68,10041
1789634820,2026-09-17T14:17:00,74376.23,74386.89,74371.42,74385.59,34154
1789634880,2026-09-17T14:18:00,74386.06,74416.66,74385.97,74415.48,9043
1789634940,2026-09-17T14:19:00,74415.48,74431.86,74414.23,74422.64,8634
1789635000,2026-09-17T14:20:00,74420.62,74421.69,74411.02,74421.39,8505
1789635060,2026-09-17T14:21:00,74421.39,74433.34,74419.31,74430.9,6097
1789635120,2026-09-17T14:22:00,74430.3,74444.91,74427.44,74443,5897
1789635180,2026-09-17T14:23:00,74443,74445.17,74428.56,74437.14,5330
1789635240,2026-09-17T14:24:00,74435.97,74439.75,74428.29,74428.29,17289
1789635300,2026-09-17T14:25:00,74428.28,74428.28,74406.91,74412.94,5139
1789635360,2026-09-17T14:26:00,74412.18,74412.18,74385.84,74391.03,17165
1789635420,2026-09-17T14:27:00,74395.61,74402.35,74386.17,74386.17,3706
1789635480,2026-09-17T14:28:00,74390.03,74391.59,74369.07,74376.96,47954
1789635540,2026-09-17T14:29:00,74379.11,74423.06,74376.14,74420.14,12013
1789635600,2026-09-17T14:30:00,74420.18,74424.31,74397.81,74415.85,9422
1789635660,2026-09-17T14:31:00,74419.71,74425.05,74407.23,74411.08,6396
1789635720,2026-09-17T14:32:00,74414.31,74422.37,74409.37,74419.35,20103
1789635780,2026-09-17T14:33:00,74417.97,74417.97,74395.52,74406.1,14115
1789635840,2026-09-17T14:34:00,74406.86,74413.7,74385.45,74388.32,12028
1789635900,2026-09-17T14:35:00,74391.86,74410.94,74373.73,74410.94,37677
1789635960,2026-09-17T14:36:00,74423.03,74442,74417.85,74426.36,54472
1789636020,2026-09-17T14:37:00,74425.37,74492.2,74421.39,74488.79,24585
1789636080,2026-09-17T14:38:00,74488.32,74491.14,74454.98,74476.7,17929
1789636140,2026-09-17T14:39:00,74477.38,74489.78,74471.24,74477.23,39532
1789636200,2026-09-17T14:40:00,74484.58,74485.6,74445.43,74451.64,21521
1789636260,2026-09-17T14:41:00,74457.12,74471.36,74457.09,74459.65,25708
1789636320,2026-09-17T14:42:00,74459.69,74459.69,74407.43,74412.11,31311
1789636380,2026-09-17T14:43:00,74414.18,74441.57,74413.21,74438.22,31569
1789636440,2026-09-17T14:44:00,74442.18,74442.18,74390.46,74411.05,34663
1789636500,2026-09-17T14:45:00,74414.52,74457.23,74412.41,74447.88,48890
1789636560,2026-09-17T14:46:00,74449.37,74452.38,74438.82,74450.37,18902
1789636620,2026-09-17T14:47:00,74450.59,74466.73,74443.12,74453.7,17530
1789636680,2026-09-17T14:48:00,74452.24,74489.18,74449.5,74483.18,32682
1789636740,2026-09-17T14:49:00,74485.27,74493.67,74463.4,74465.74,53676
1789636800,2026-09-17T14:50:00,74465.78,74466.89,74446.32,74461.32,25781
1789636860,2026-09-17T14:51:00,74462.01,74462.01,74446.01,74453.02,15677
1789636920,2026-09-17T14:52:00,74453.69,74467.98,74453.69,74456.49,14734
1789636980,2026-09-17T14:53:00,74452.36,74460.72,74448.03,74452.26,14748
1789637040,2026-09-17T14:54:00,74452.72,74455.67,74432.71,74442.73,134867
1789637100,2026-09-17T14:55:00,74435.87,74441.98,74421.59,74426.08,100943
1789637160,2026-09-17T14:56:00,74427.36,74429.82,74408.02,74412.62,83614
1789637220,2026-09-17T14:57:00,74414.42,74416.23,74393.63,74402.5,78718
1789637280,2026-09-17T14:58:00,74406,74407.22,74394.48,74397.76,40447
1789637340,2026-09-17T14:59:00,74394.35,74407.24,74394.35,74403.54,19675
1789637400,2026-09-17T15:00:00,74394.74,74403.79,74376.93,74400.48,68363
1789637460,2026-09-17T15:01:00,74402.08,74417.72,74399.05,74411.08,36798
1789637520,2026-09-17T15:02:00,74410.54,74413.98,74399.15,74409.43,27975
1789637580,2026-09-17T15:03:00,74409.41,74423.32,74397.55,74398.14,45424
1789637640,2026-09-17T15:04:00,74399.58,74417.28,74395.32,74395.99,20614
1789637700,2026-09-17T15:05:00,74399.62,74405.16,74384.4,74391.24,27410
1789637760,2026-09-17T15:06:00,74389.03,74395.21,74378.68,74385.89,25596
1789637820,2026-09-17T15:07:00,74390.88,74404.33,74389.08,74389.08,28937
1789637880,2026-09-17T15:08:00,74388.49,74394.52,74375.6,74383.03,30990
1789637940,2026-09-17T15:09:00,74379.25,74394.16,74371.26,74374.69,23247
1789638000,2026-09-17T15:10:00,74377.9,74397,74370.96,74379.62,47781
1789638060,2026-09-17T15:11:00,74381.47,74386.94,74366.51,74385.6,15893
1789638120,2026-09-17T15:12:00,74385.94,74401.93,74366.83,74383.74,64947
1789638180,2026-09-17T15:13:00,74376.33,74415.64,74371.89,74413.78,27656
1789638240,2026-09-17T15:14:00,74405.24,74445.78,74400.08,74414.23,16891
1789638300,2026-09-17T15:15:00,74414.23,74414.23,74414.23,74414.23,16891
1789638360,2026-09-17T15:16:00,74414.23,74414.23,74414.23,74414.23,16891
1789638420,2026-09-17T15:17:00,74414.23,74414.23,74414.23,74414.23,16891
1789638480,2026-09-17T15:18:00,74414.23,74414.23,74414.23,74414.23,16891
1789638540,2026-09-17T15:19:00,74414.23,74414.23,74414.23,74414.23,16891
1789638600,2026-09-17T15:20:00,74414.23,74414.23,74414.23,74414.23,16891
1789638660,2026-09-17T15:21:00,74414.23,74414.23,74414.23,74414.23,16891
1789638720,2026-09-17T15:22:00,74414.23,74414.23,74414.23,74414.23,16891
1789638780,2026-09-17T15:23:00,74414.23,74414.23,74414.23,74414.23,16891
1789638840,2026-09-17T15:24:00,74414.23,74414.23,74414.23,74414.23,16891
1789638900,2026-09-17T15:25:00,74414.23,74414.23,74414.23,74414.23,16891
1789638960,2026-09-17T15:26:00,74414.23,74414.23,74414.23,74414.23,16891
1789639020,2026-09-17T15:27:00,74414.23,74414.23,74414.23,74414.23,16891
1789639080,2026-09-17T15:28:00,74414.23,74414.23,74314.59,74314.59,16891
1789639140,2026-09-17T15:29:00,74314.59,74314.59,74314.59,74314.59,16891
1789703100,2026-09-18T09:15:00,74575.24,74593.82,74457.24,74552.72,186034
1789703160,2026-09-18T09:16:00,74550.97,74573.12,74505.41,74567.77,116375
1789703220,2026-09-18T09:17:00,74569.36,74573.16,74545.31,74551.34,80177
1789703280,2026-09-18T09:18:00,74560.77,74563.98,74474.95,74474.95,41080
1789703340,2026-09-18T09:19:00,74473.97,74499.64,74472.45,74499.64,93765
1789703400,2026-09-18T09:20:00,74501.78,74501.78,74440.75,74446.36,125625
1789703460,2026-09-18T09:21:00,74448.33,74460.37,74448.33,74453.91,39763
1789703520,2026-09-18T09:22:00,74454.88,74487.42,74452.42,74476.35,76041
1789703580,2026-09-18T09:23:00,74475.58,74508.15,74467.42,74508.15,26927
1789703640,2026-09-18T09:24:00,74511.81,74526.23,74500.26,74517.44,17025
1789703700,2026-09-18T09:25:00,74522.32,74529.63,74487.82,74488.23,32456
1789703760,2026-09-18T09:26:00,74488.2,74488.2,74459.56,74464.1,16061
1789703820,2026-09-18T09:27:00,74465.01,74465.01,74416.11,74429.13,29217
1789703880,2026-09-18T09:28:00,74423.81,74424.29,74399.27,74417.4,36918
1789703940,2026-09-18T09:29:00,74413.69,74439.29,74404.53,74437.55,23534
1789704000,2026-09-18T09:30:00,74437.93,74454.68,74409.07,74409.07,28748
1789704060,2026-09-18T09:31:00,74409.82,74442.23,74404.09,74422.82,25214
1789704120,2026-09-18T09:32:00,74422.16,74422.16,74402.41,74413.31,19946
1789704180,2026-09-18T09:33:00,74414.63,74416.91,74387.69,74396.82,17797
1789704240,2026-09-18T09:34:00,74397.25,74410.96,74386.65,74386.65,24580
1789704300,2026-09-18T09:35:00,74387.25,74411.48,74375.07,74411.48,19365
1789704360,2026-09-18T09:36:00,74415.37,74471.33,74412.22,74471.33,24176
1789704420,2026-09-18T09:37:00,74472.82,74482.1,74445.99,74452.48,16578
1789704480,2026-09-18T09:38:00,74458.27,74466.86,74451.74,74458.89,15217
1789704540,2026-09-18T09:39:00,74460.01,74483.45,74449.53,74478.54,38655
1789704600,2026-09-18T09:40:00,74480,74480,74450.89,74468.89,27152
1789704660,2026-09-18T09:41:00,74466.85,74471.73,74456.85,74458.39,18345
1789704720,2026-09-18T09:42:00,74458.13,74482.05,74454.67,74470.9,50548
1789704780,2026-09-18T09:43:00,74472.15,74475.29,74435.31,74437.12,16869
1789704840,2026-09-18T09:44:00,74433.44,74438.83,74417.31,74436.59,30351
1789704900,2026-09-18T09:45:00,74442.38,74446.33,74433.87,74438.69,10249
1789704960,2026-09-18T09:46:00,74437.82,74446.5,74429.58,74441.38,18148
1789705020,2026-09-18T09:47:00,74439.71,74444.82,74432.68,74444.82,12030
1789705080,2026-09-18T09:48:00,74444.97,74471.57,74444.97,74471.57,16422
1789705140,2026-09-18T09:49:00,74473.36,74474.03,74439.72,74439.72,44338
1789705200,2026-09-18T09:50:00,74438.8,74451.42,74432.88,74433,15178
1789705260,2026-09-18T09:51:00,74434.8,74457.85,74434.8,74453.55,61576
1789705320,2026-09-18T09:52:00,74454.87,74461.13,74442.84,74457.31,23056
1789705380,2026-09-18T09:53:00,74458.76,74470.78,74456.16,74470.08,10128
1789705440,2026-09-18T09:54:00,74469.37,74482.8,74468.22,74481.09,11307
1789705500,2026-09-18T09:55:00,74479.98,74496.97,74477.54,74482.3,33117
1789705560,2026-09-18T09:56:00,74482.3,74482.54,74459.73,74480.5,18155
1789705620,2026-09-18T09:57:00,74481.24,74530.23,74481.24,74510.36,27885
1789705680,2026-09-18T09:58:00,74510.36,74510.36,74491.11,74495.31,22319
1789705740,2026-09-18T09:59:00,74493.74,74514.06,74487.45,74510.68,13155
1789705800,2026-09-18T10:00:00,74510.95,74515.95,74493.29,74515.55,15967
1789705860,2026-09-18T10:01:00,74516.4,74516.4,74505.58,74507.51,40173
1789705920,2026-09-18T10:02:00,74508.7,74515.52,74493.87,74502.13,12456
1789705980,2026-09-18T10:03:00,74501.46,74508.77,74484.08,74487.42,22028
1789706040,2026-09-18T10:04:00,74487.16,74490.8,74474.14,74477.85,25491
1789706100,2026-09-18T10:05:00,74477.4,74511.43,74477.4,74511.43,10448
1789706160,2026-09-18T10:06:00,74508.94,74508.94,74458.21,74458.21,30374
1789706220,2026-09-18T10:07:00,74460.93,74470.21,74443.93,74467.15,23762
1789706280,2026-09-18T10:08:00,74463.89,74492.88,74463.89,74492.82,24989
1789706340,2026-09-18T10:09:00,74491.06,74512.9,74490.55,74501.56,12713
1789706400,2026-09-18T10:10:00,74501.72,74516.17,74496.44,74503.14,19627
1789706460,2026-09-18T10:11:00,74504.11,74509.59,74498.51,74506.49,12632
1789706520,2026-09-18T10:12:00,74506.78,74516.72,74506.78,74509.97,13123
1789706580,2026-09-18T10:13:00,74509.5,74516.03,74504.37,74507.02,16970
1789706640,2026-09-18T10:14:00,74507.41,74512.44,74502.53,74505.78,8990
1789706700,2026-09-18T10:15:00,74506.01,74513.13,74503.22,74503.22,8349
1789706760,2026-09-18T10:16:00,74501.35,74502.41,74483.94,74492.59,21772
1789706820,2026-09-18T10:17:00,74493.19,74499.23,74485.18,74494.76,8953
1789706880,2026-09-18T10:18:00,74492.92,74501.85,74490.19,74494.63,16767
1789706940,2026-09-18T10:19:00,74490.91,74495.6,74478.02,74479.66,7858
1789707000,2026-09-18T10:20:00,74479.94,74485.07,74476.47,74481.53,6664
1789707060,2026-09-18T10:21:00,74481.87,74495.32,74479.08,74485.33,10861
1789707120,2026-09-18T10:22:00,74487.06,74490.64,74474.1,74477.01,12599042
1789707180,2026-09-18T10:23:00,74477.43,74477.43,74459.35,74464.48,10027
1789707240,2026-09-18T10:24:00,74460.07,74463.82,74436.74,74437.68,14735
1789707300,2026-09-18T10:25:00,74437.61,74452.66,74431.75,74446.11,15278
1789707360,2026-09-18T10:26:00,74443.42,74445.98,74427.94,74427.94,11568
1789707420,2026-09-18T10:27:00,74426.9,74438.11,74411.04,74418.11,24059
1789707480,2026-09-18T10:28:00,74422.48,74452.37,74421.87,74447.35,15978
1789707540,2026-09-18T10:29:00,74447.35,74447.74,74434.4,74436.7,57637
1789707600,2026-09-18T10:30:00,74432.46,74460.92,74432.46,74460.92,36659
1789707660,2026-09-18T10:31:00,74460.92,74462.12,74443.49,74445.93,30449
1789707720,2026-09-18T10:32:00,74444.41,74445.01,74413.69,74417.18,13394
1789707780,2026-09-18T10:33:00,74417.18,74427.46,74413.04,74419.53,16566
1789707840,2026-09-18T10:34:00,74419.53,74425.92,74413.18,74422.6,189307
1789707900,2026-09-18T10:35:00,74422.6,74434.98,74418.61,74429.71,31300
1789707960,2026-09-18T10:36:00,74428.14,74428.94,74416.1,74421.62,27260
1789708020,2026-09-18T10:37:00,74420.74,74432.99,74420.74,74428.3,33807
1789708080,2026-09-18T10:38:00,74426.15,74439.42,74426.15,74431.21,13661
1789708140,2026-09-18T10:39:00,74430.39,74444.31,74423.59,74423.59,28080
1789708200,2026-09-18T10:40:00,74420.91,74425.5,74393.45,74397.04,158260
1789708260,2026-09-18T10:41:00,74397.56,74408.52,74391.69,74405.47,18906
1789708320,2026-09-18T10:42:00,74406.24,74420.04,74406.24,74413.72,11002
1789708380,2026-09-18T10:43:00,74412.54,74425.1,74408.48,74425.1,7498
1789708440,2026-09-18T10:44:00,74424.86,74431.05,74412.27,74426.49,4679
1789708500,2026-09-18T10:45:00,74426.49,74426.49,74415.4,74422.27,12951
1789708560,2026-09-18T10:46:00,74420.24,74429.47,74420.1,74426.73,28274
1789708620,2026-09-18T10:47:00,74427.25,74431.54,74420.48,74427.47,11479
1789708680,2026-09-18T10:48:00,74423.65,74430.83,74418.08,74422.37,6040
1789708740,2026-09-18T10:49:00,74422.41,74422.41,74407.83,74411.79,15289
1789708800,2026-09-18T10:50:00,74412.09,74427.01,74410.53,74426.62,12082
1789708860,2026-09-18T10:51:00,74426.73,74444.77,74422.36,74443.05,9767
1789708920,2026-09-18T10:52:00,74440.12,74455.34,74436.69,74445.1,7805
1789708980,2026-09-18T10:53:00,74445.06,74449.25,74436.82,74438.81,30617
1789709040,2026-09-18T10:54:00,74440.28,74448.48,74436.62,74443.34,16538
1789709100,2026-09-18T10:55:00,74446.48,74461.32,74438.76,74459.91,17256
1789709160,2026-09-18T10:56:00,74457.98,74458.57,74436.09,74442.9,10321
1789709220,2026-09-18T10:57:00,74438.4,74458.85,74438.4,74458.85,1010561
1789709280,2026-09-18T10:58:00,74456.04,74456.99,74434.55,74443.79,3125
1789709340,2026-09-18T10:59:00,74442.93,74449.14,74438.9,74442.24,12651
1789709400,2026-09-18T11:00:00,74442.24,74457.34,74440.62,74457.34,34082
1789709460,2026-09-18T11:01:00,74458.09,74459.94,74433.32,74433.32,20427
1789709520,2026-09-18T11:02:00,74433.32,74449.82,74422,74448.02,45118
1789709580,2026-09-18T11:03:00,74440.53,74447.24,74435.81,74442.46,25118
1789709640,2026-09-18T11:04:00,74443.1,74443.82,74430.22,74433.86,42703
1789709700,2026-09-18T11:05:00,74433.56,74433.56,74391.51,74398.05,18927
1789709760,2026-09-18T11:06:00,74399.12,74401.99,74389.59,74399.91,7684
1789709820,2026-09-18T11:07:00,74402.66,74415.74,74402.54,74412.23,14454
1789709880,2026-09-18T11:08:00,74414.58,74425.01,74412.14,74413.88,9655
1789709940,2026-09-18T11:09:00,74413.88,74424.9,74410.68,74424.58,5128
1789710000,2026-09-18T11:10:00,74425.34,74425.49,74415.66,74423.69,11538
1789710060,2026-09-18T11:11:00,74423.99,74439.52,74418.05,74432.02,10976
1789710120,2026-09-18T11:12:00,74437.89,74440.7,74421.65,74422.11,6677
1789710180,2026-09-18T11:13:00,74422.92,74423.24,74404.22,74419.24,23523
1789710240,2026-09-18T11:14:00,74419.24,74431.46,74411.33,74430.85,134836
1789710300,2026-09-18T11:15:00,74426.35,74440.19,74426.1,74429.12,14196
1789710360,2026-09-18T11:16:00,74428.26,74437.25,74424.97,74427.28,24355
1789710420,2026-09-18T11:17:00,74423.65,74430.37,74410.9,74414.27,158260
1789710480,2026-09-18T11:18:00,74414.95,74414.95,74395.22,74401.95,25015
1789710540,2026-09-18T11:19:00,74400.84,74411.81,74396.16,74409.94,7231
1789710600,2026-09-18T11:20:00,74409.35,74422.63,74405.89,74422.63,11486
1789710660,2026-09-18T11:21:00,74422.63,74429.76,74422.63,74428.55,6027
1789710720,2026-09-18T11:22:00,74427.56,74437.56,74423.54,74433.99,84367
1789710780,2026-09-18T11:23:00,74431.99,74443.57,74431.03,74435.24,6715
1789710840,2026-09-18T11:24:00,74435.59,74439.65,74429.38,74434.49,30524
1789710900,2026-09-18T11:25:00,74434.17,74438.54,74409,74409,126294
1789710960,2026-09-18T11:26:00,74413.57,74424.89,74410.02,74417.35,104898
1789711020,2026-09-18T11:27:00,74416.89,74425.86,74415.92,74423.22,3668
1789711080,2026-09-18T11:28:00,74423.25,74425.45,74410.6,74410.6,20300
1789711140,2026-09-18T11:29:00,74410.6,74420.68,74406.69,74409.26,10855
1789711200,2026-09-18T11:30:00,74409.26,74442.31,74409.26,74439.31,249943
1789711260,2026-09-18T11:31:00,74438.61,74438.64,74408.25,74422.85,10866
1789711320,2026-09-18T11:32:00,74423.25,74433.03,74420.35,74428.93,13966
1789711380,2026-09-18T11:33:00,74428.31,74431.68,74408.32,74417.98,61063
1789711440,2026-09-18T11:34:00,74418.06,74436.92,74418.06,74427.38,16765
1789711500,2026-09-18T11:35:00,74428.29,74431.65,74422.61,74425.67,10751
1789711560,2026-09-18T11:36:00,74426.1,74437.73,74420.25,74435.87,21211
1789711620,2026-09-18T11:37:00,74435.83,74440.67,74432.42,74434.28,17555
1789711680,2026-09-18T11:38:00,74432.7,74435.13,74417.53,74426.28,14338
1789711740,2026-09-18T11:39:00,74427.33,74438.86,74422.25,74427.05,27517
1789711800,2026-09-18T11:40:00,74428.84,74431.22,74417.38,74427.07,10459
1789711860,2026-09-18T11:41:00,74426.17,74430.36,74418.44,74429.07,4719
1789711920,2026-09-18T11:42:00,74429.11,74441.4,74429.11,74436.96,7394
1789711980,2026-09-18T11:43:00,74436.87,74439.24,74402.54,74415.34,8930
1789712040,2026-09-18T11:44:00,74415.34,74421.41,74410.04,74419.08,24617
1789712100,2026-09-18T11:45:00,74418.77,74432.29,74418.37,74432.29,5246
1789712160,2026-09-18T11:46:00,74431.07,74448.99,74429.47,74443.24,12687
1789712220,2026-09-18T11:47:00,74444.47,74449.62,74427.73,74430.4,5536
1789712280,2026-09-18T11:48:00,74429.05,74441.65,74429.05,74435.85,12421
1789712340,2026-09-18T11:49:00,74436.03,74456.17,74435.42,74456.17,6709
1789712400,2026-09-18T11:50:00,74455.75,74458.98,74446.15,74458.98,5314
1789712460,2026-09-18T11:51:00,74458.67,74461.33,74436.97,74452.34,15642
1789712520,2026-09-18T11:52:00,74454.63,74477.63,74452.26,74471.94,13794
1789712580,2026-09-18T11:53:00,74471.11,74493.64,74470.91,74486.48,9365
1789712640,2026-09-18T11:54:00,74489.33,74497.95,74481.52,74483.8,18908
1789712700,2026-09-18T11:55:00,74483.48,74497.67,74477.62,74477.62,11302
1789712760,2026-09-18T11:56:00,74476.58,74485.06,74476.26,74480.09,5968
1789712820,2026-09-18T11:57:00,74480.09,74503.96,74477.41,74501.87,37098
1789712880,2026-09-18T11:58:00,74501.12,74524.55,74494.99,74509.51,30366
1789712940,2026-09-18T11:59:00,74509.51,74509.51,74486.12,74486.12,10768
1789713000,2026-09-18T12:00:00,74486.12,74522.72,74478.2,74516.03,23261
1789713060,2026-09-18T12:01:00,74515.01,74520.66,74506.09,74510.64,224910
1789713120,2026-09-18T12:02:00,74513.09,74518.98,74501.43,74509.4,18002
1789713180,2026-09-18T12:03:00,74508.87,74510.38,74494.84,74500.53,5971
1789713240,2026-09-18T12:04:00,74499.82,74500.03,74468.64,74477.81,357698
1789713300,2026-09-18T12:05:00,74477.81,74479.88,74464.82,74468.01,6001
1789713360,2026-09-18T12:06:00,74467.28,74470.29,74453.97,74470.29,11337
1789713420,2026-09-18T12:07:00,74469.85,74475.95,74455.73,74468.93,11953
1789713480,2026-09-18T12:08:00,74470.28,74472.99,74452.06,74453.7,10047
1789713540,2026-09-18T12:09:00,74453.7,74466.12,74441.47,74466.12,4741
1789713600,2026-09-18T12:10:00,74464.65,74481.89,74463.87,74472.85,8935
1789713660,2026-09-18T12:11:00,74471.98,74485.3,74471.98,74484.96,8245
1789713720,2026-09-18T12:12:00,74485.54,74490.78,74479.83,74482.17,8283
1789713780,2026-09-18T12:13:00,74482.8,74490.7,74476.98,74490.7,8755
1789713840,2026-09-18T12:14:00,74490.25,74494.79,74484.94,74489.55,12443
1789713900,2026-09-18T12:15:00,74487.99,74492.05,74478.08,74487.16,6485
1789713960,2026-09-18T12:16:00,74487.16,74496.67,74485.95,74486.4,4674
1789714020,2026-09-18T12:17:00,74487.82,74491.63,74477.19,74483.14,9701
1789714080,2026-09-18T12:18:00,74482.98,74483.81,74460.08,74472.91,20424
1789714140,2026-09-18T12:19:00,74471.57,74479.3,74452.08,74454.46,280178
1789714200,2026-09-18T12:20:00,74457.89,74457.89,74440.82,74452.85,58276
1789714260,2026-09-18T12:21:00,74452.71,74456.45,74447.97,74452.4,5258
1789714320,2026-09-18T12:22:00,74452.9,74458.85,74447.09,74449.85,78411
1789714380,2026-09-18T12:23:00,74451.89,74466.52,74450.7,74461.2,28014
1789714440,2026-09-18T12:24:00,74461.39,74479.76,74455.26,74472.94,633802
1789714500,2026-09-18T12:25:00,74468.35,74471.79,74461.04,74461.04,38517
1789714560,2026-09-18T12:26:00,74464.48,74467.92,74454.86,74456.68,66830
1789714620,2026-09-18T12:27:00,74456.72,74461.74,74451.19,74455.34,10907
1789714680,2026-09-18T12:28:00,74456.66,74490.37,74452.43,74484.33,16041
1789714740,2026-09-18T12:29:00,74484.21,74490.46,74482.51,74489.81,13961
1789714800,2026-09-18T12:30:00,74488.62,74504.63,74488.11,74502.01,17831
1789714860,2026-09-18T12:31:00,74502.01,74506.72,74493.9,74493.9,15017
1789714920,2026-09-18T12:32:00,74491.97,74507.49,74491.7,74492.24,12762
1789714980,2026-09-18T12:33:00,74492.18,74501.09,74487.8,74491.64,25158
1789715040,2026-09-18T12:34:00,74487.78,74498.32,74484.48,74495.78,56424
1789715100,2026-09-18T12:35:00,74494.73,74505.42,74490.47,74499.98,16436
1789715160,2026-09-18T12:36:00,74501.93,74519.36,74501.93,74514.46,30385
1789715220,2026-09-18T12:37:00,74519.22,74520.34,74509.29,74519.55,10555
1789715280,2026-09-18T12:38:00,74519.55,74523.27,74505.23,74505.23,35435
1789715340,2026-09-18T12:39:00,74507.35,74513.94,74501.67,74501.67,8396
1789715400,2026-09-18T12:40:00,74501.71,74507.09,74499.43,74499.43,9748
1789715460,2026-09-18T12:41:00,74499.22,74512.94,74496.1,74511.21,23550
1789715520,2026-09-18T12:42:00,74511.21,74529.72,74509.06,74518.1,23260
1789715580,2026-09-18T12:43:00,74520.96,74535.28,74520.24,74534.54,122133
1789715640,2026-09-18T12:44:00,74534.54,74550.98,74530.74,74532.11,38721
1789715700,2026-09-18T12:45:00,74532.72,74539.38,74521.8,74525.9,5838
1789715760,2026-09-18T12:46:00,74521.36,74528.97,74517.91,74525.91,13040
1789715820,2026-09-18T12:47:00,74523.55,74534.63,74522.44,74522.54,89471
1789715880,2026-09-18T12:48:00,74520.83,74523.23,74508.35,74514.93,31081
1789715940,2026-09-18T12:49:00,74512.95,74514.49,74502.01,74511.86,10256
1789716000,2026-09-18T12:50:00,74512.13,74514.79,74501.67,74505.4,8102
1789716060,2026-09-18T12:51:00,74505.03,74512.89,74502.47,74503.57,9824
1789716120,2026-09-18T12:52:00,74508.07,74514.86,74496.74,74500.84,41297
1789716180,2026-09-18T12:53:00,74501.16,74513.16,74500.28,74509.35,42187
1789716240,2026-09-18T12:54:00,74511.19,74524.65,74511.19,74516.48,9372
1789716300,2026-09-18T12:55:00,74517.9,74522.95,74514.03,74518.59,9272
1789716360,2026-09-18T12:56:00,74518.59,74528.65,74516.55,74528.65,6108
1789716420,2026-09-18T12:57:00,74530.49,74533.89,74521.51,74523.12,9941
1789716480,2026-09-18T12:58:00,74523.77,74532.31,74522.06,74528.63,10140
1789716540,2026-09-18T12:59:00,74528.23,74541.46,74522.45,74540.25,15742
1789716600,2026-09-18T13:00:00,74540.95,74545.56,74531.84,74542.01,5512
1789716660,2026-09-18T13:01:00,74542.35,74550.41,74538.23,74548.13,9684
1789716720,2026-09-18T13:02:00,74552.03,74562.3,74547.94,74561.54,21245
1789716780,2026-09-18T13:03:00,74563.47,74566.49,74556.51,74562.38,13877
1789716840,2026-09-18T13:04:00,74563.28,74588.22,74563.28,74577.68,95582
1789716900,2026-09-18T13:05:00,74578.02,74579.02,74565.81,74565.93,11831
1789716960,2026-09-18T13:06:00,74565.9,74577.77,74564.06,74568.64,16573
1789717020,2026-09-18T13:07:00,74569.29,74571.49,74564.44,74569.56,7404
1789717080,2026-09-18T13:08:00,74569.38,74580.05,74564.21,74575.11,29948
1789717140,2026-09-18T13:09:00,74575.11,74576.97,74566.84,74569.62,9640
1789717200,2026-09-18T13:10:00,74570.71,74574.68,74564.38,74564.38,21957
1789717260,2026-09-18T13:11:00,74564.38,74566.52,74551.68,74558.34,9282
1789717320,2026-09-18T13:12:00,74559.68,74566.69,74553.1,74564.26,14175
1789717380,2026-09-18T13:13:00,74563.23,74568.38,74549.85,74549.85,7541
1789717440,2026-09-18T13:14:00,74550.07,74559.1,74547.31,74549.17,9945
1789717500,2026-09-18T13:15:00,74549.86,74554.39,74539.1,74542.71,15932
1789717560,2026-09-18T13:16:00,74538.98,74542.71,74526.43,74532.18,13264
1789717620,2026-09-18T13:17:00,74533.95,74543.28,74533.95,74541.5,8490
1789717680,2026-09-18T13:18:00,74540.31,74541.05,74526.01,74531.83,9196
1789717740,2026-09-18T13:19:00,74531.92,74532.18,74517.92,74519.09,6892
1789717800,2026-09-18T13:20:00,74519.09,74524.46,74501.31,74505.62,33165
1789717860,2026-09-18T13:21:00,74503.24,74519.95,74503.24,74519.95,10085
1789717920,2026-09-18T13:22:00,74519.95,74527.61,74513.44,74516.13,7446
1789717980,2026-09-18T13:23:00,74516.4,74537.9,74516.4,74532.89,22690
1789718040,2026-09-18T13:24:00,74531.63,74545.1,74527.16,74532.44,10156
1789718100,2026-09-18T13:25:00,74533.43,74534.08,74520.87,74528.82,8557
1789718160,2026-09-18T13:26:00,74528.82,74529.59,74518.43,74523.11,4754
1789718220,2026-09-18T13:27:00,74523.11,74532.18,74520.76,74524.72,10908
1789718280,2026-09-18T13:28:00,74519.55,74536.6,74515.29,74530.44,10228
1789718340,2026-09-18T13:29:00,74523.65,74534.7,74522.21,74532.6,7720
1789718400,2026-09-18T13:30:00,74532.17,74539.04,74522.78,74534.83,5526
1789718460,2026-09-18T13:31:00,74535.44,74543.17,74522.2,74527.61,20559
1789718520,2026-09-18T13:32:00,74526.19,74541,74525.14,74537.55,6244
1789718580,2026-09-18T13:33:00,74537.37,74547.02,74534.75,74547.02,11141
1789718640,2026-09-18T13:34:00,74547.02,74551.8,74532.76,74536.06,37069
1789718700,2026-09-18T13:35:00,74534.17,74537.78,74516.4,74516.55,26519
1789718760,2026-09-18T13:36:00,74525.08,74527.35,74512.01,74521.1,33851
1789718820,2026-09-18T13:37:00,74522.58,74528.83,74519.01,74526.68,15205
1789718880,2026-09-18T13:38:00,74526.68,74533.9,74517.07,74533.44,8641
1789718940,2026-09-18T13:39:00,74529.74,74543.22,74520.88,74522.81,8604
1789719000,2026-09-18T13:40:00,74521.95,74522.68,74503.01,74515.1,8739
1789719060,2026-09-18T13:41:00,74515.19,74518.85,74498.29,74502.08,6937
1789719120,2026-09-18T13:42:00,74502.58,74506.69,74497.65,74502.27,6862
1789719180,2026-09-18T13:43:00,74504.03,74505.3,74493.01,74494.96,10438
1789719240,2026-09-18T13:44:00,74495.6,74501.29,74480,74480.64,13451
1789719300,2026-09-18T13:45:00,74481.08,74482.7,74457.87,74465.57,8462
1789719360,2026-09-18T13:46:00,74464.75,74484.22,74463.46,74484.22,7484
1789719420,2026-09-18T13:47:00,74487.07,74516.52,74486.3,74500.79,15451
1789719480,2026-09-18T13:48:00,74501.49,74503.1,74482.22,74485.59,14641
1789719540,2026-09-18T13:49:00,74485.38,74493.24,74483.33,74493.24,8888
1789719600,2026-09-18T13:50:00,74494.58,74505.38,74491.08,74500.68,31690
1789719660,2026-09-18T13:51:00,74504.11,74538.45,74501.73,74532.37,58665
1789719720,2026-09-18T13:52:00,74532.15,74546.22,74532.15,74537.57,6904
1789719780,2026-09-18T13:53:00,74537.57,74545.34,74525.23,74536.1,8436
1789719840,2026-09-18T13:54:00,74536.1,74553.04,74533.93,74552.46,8439
1789719900,2026-09-18T13:55:00,74547.23,74556.33,74545.07,74548.87,8906
1789719960,2026-09-18T13:56:00,74549.62,74549.62,74536.24,74542.84,7963
1789720020,2026-09-18T13:57:00,74542.25,74557.94,74542.25,74549.66,8396
1789720080,2026-09-18T13:58:00,74552.28,74561.65,74546.34,74547.91,4241
1789720140,2026-09-18T13:59:00,74547.81,74552.72,74537.04,74537.04,6601
1789720200,2026-09-18T14:00:00,74534.36,74541.91,74530.98,74541.67,11619
1789720260,2026-09-18T14:01:00,74542.83,74544.91,74524.62,74525.02,7114
1789720320,2026-09-18T14:02:00,74524.64,74539,74524.64,74538.86,7210
1789720380,2026-09-18T14:03:00,74537.82,74551,74532.99,74550.62,6646
1789720440,2026-09-18T14:04:00,74550.68,74563.11,74549.07,74560.32,28471
1789720500,2026-09-18T14:05:00,74560.77,74584.2,74560.77,74579.8,29576
1789720560,2026-09-18T14:06:00,74576.74,74584.54,74570.31,74583.41,10149
1789720620,2026-09-18T14:07:00,74582.57,74596.77,74581.66,74596.39,14392
1789720680,2026-09-18T14:08:00,74596.39,74604.65,74592.13,74593.7,7554
1789720740,2026-09-18T14:09:00,74595.92,74626.2,74594.36,74623.76,33913
1789720800,2026-09-18T14:10:00,74624.67,74637.13,74624.29,74625.67,11201
1789720860,2026-09-18T14:11:00,74625.11,74641.43,74625.11,74641.01,15021
1789720920,2026-09-18T14:12:00,74641.01,74648.53,74628.71,74635.91,11486
1789720980,2026-09-18T14:13:00,74634.01,74634.25,74598.94,74607.43,20798
1789721040,2026-09-18T14:14:00,74607.09,74617.61,74601.97,74606.31,13628
1789721100,2026-09-18T14:15:00,74608.01,74623.02,74601.26,74621.56,17245
1789721160,2026-09-18T14:16:00,74622.85,74632.35,74612.94,74624.52,24874
1789721220,2026-09-18T14:17:00,74623.67,74633.48,74621.2,74628.41,230938
1789721280,2026-09-18T14:18:00,74629.28,74634.83,74607.25,74619.6,11657
1789721340,2026-09-18T14:19:00,74617.2,74626.14,74611.11,74624.29,12453
1789721400,2026-09-18T14:20:00,74625.58,74634.75,74622.31,74632.18,16293
1789721460,2026-09-18T14:21:00,74631.89,74639.34,74628.08,74635.93,12920
1789721520,2026-09-18T14:22:00,74635.21,74646.69,74632.79,74646.69,9790
1789721580,2026-09-18T14:23:00,74644.82,74650.1,74635.53,74637,27901
1789721640,2026-09-18T14:24:00,74637.39,74637.91,74619.83,74621.53,10171
1789721700,2026-09-18T14:25:00,74620.98,74626.78,74617.72,74617.72,10232
1789721760,2026-09-18T14:26:00,74621.53,74626.44,74613.14,74616.68,15155
1789721820,2026-09-18T14:27:00,74617.24,74638.12,74617.24,74633.29,10988
1789721880,2026-09-18T14:28:00,74633.12,74646.44,74630.2,74646.44,8851
1789721940,2026-09-18T14:29:00,74644.74,74662.17,74644.74,74662.17,12966
1789722000,2026-09-18T14:30:00,74661.95,74674.28,74660.62,74671.63,14283
1789722060,2026-09-18T14:31:00,74670.26,74675.3,74661.41,74664.62,13687
1789722120,2026-09-18T14:32:00,74663.43,74683.01,74659.11,74674.06,6400
1789722180,2026-09-18T14:33:00,74673.99,74692.18,74673.99,74678.77,19546
1789722240,2026-09-18T14:34:00,74678.43,74688.29,74678.43,74685.68,9188
1789722300,2026-09-18T14:35:00,74683.21,74685.23,74673.69,74684.43,8315
1789722360,2026-09-18T14:36:00,74684.1,74686.41,74665.87,74672.37,16346
1789722420,2026-09-18T14:37:00,74674.16,74678.05,74662.83,74678.05,16304
1789722480,2026-09-18T14:38:00,74678.05,74678.05,74662.16,74663.58,23528
1789722540,2026-09-18T14:39:00,74664.25,74670.97,74662.09,74664.68,14647
1789722600,2026-09-18T14:40:00,74665.79,74665.79,74654.17,74658.19,6643
1789722660,2026-09-18T14:41:00,74657.27,74667.21,74652.13,74657.97,16529
1789722720,2026-09-18T14:42:00,74652.17,74658.09,74645.39,74646.1,18263
1789722780,2026-09-18T14:43:00,74645.01,74647.27,74636.9,74636.9,7528
1789722840,2026-09-18T14:44:00,74636.28,74638.17,74625.45,74626.13,27576
1789722900,2026-09-18T14:45:00,74622.2,74633.7,74613.71,74631.26,33755
1789722960,2026-09-18T14:46:00,74631.62,74647.51,74627.37,74641.13,11875
1789723020,2026-09-18T14:47:00,74641.58,74651.94,74633.44,74651.94,23776
1789723080,2026-09-18T14:48:00,74651.24,74659.17,74646.35,74651,662144
1789723140,2026-09-18T14:49:00,74653.85,74659.62,74648.91,74655.55,12584
1789723200,2026-09-18T14:50:00,74654.26,74678.22,74654.26,74668.64,7772
1789723260,2026-09-18T14:51:00,74670.01,74684.75,74668.64,74678.5,9709
1789723320,2026-09-18T14:52:00,74679.19,74704.73,74676.04,74697.27,24603
1789723380,2026-09-18T14:53:00,74700.67,74718.14,74699.83,74709.03,550628
1789723440,2026-09-18T14:54:00,74705.18,74718.3,74705.18,74712.63,15562
1789723500,2026-09-18T14:55:00,74714.39,74718.15,74707.95,74711.96,16883
1789723560,2026-09-18T14:56:00,74711.45,74719.57,74705.48,74719.57,14001
1789723620,2026-09-18T14:57:00,74717.78,74717.78,74696.27,74700.97,13335
1789723680,2026-09-18T14:58:00,74702.96,74723.92,74695.18,74723.92,21925
1789723740,2026-09-18T14:59:00,74723.98,74728.44,74708.89,74708.89,18537
1789723800,2026-09-18T15:00:00,74702.24,74702.24,74670.2,74679.78,38640
1789723860,2026-09-18T15:01:00,74659.97,74671.29,74649.61,74655.04,32441
1789723920,2026-09-18T15:02:00,74644.67,74656.12,74630.9,74632.59,107245
1789723980,2026-09-18T15:03:00,74626.66,74646.46,74626.66,74630.72,43707
1789724040,2026-09-18T15:04:00,74624.48,74637.48,74612.86,74624.45,23540
1789724100,2026-09-18T15:05:00,74609.26,74613.34,74593.32,74607.19,35912
1789724160,2026-09-18T15:06:00,74598.71,74629.4,74598.71,74618.46,31631
1789724220,2026-09-18T15:07:00,74596.39,74610.04,74587.87,74599.57,37634
1789724280,2026-09-18T15:08:00,74581.75,74593.78,74569.13,74576.3,26699
1789724340,2026-09-18T15:09:00,74569.61,74586.48,74565.55,74586.48,42212
1789724400,2026-09-18T15:10:00,74568.19,74596.15,74567.88,74576.4,31653
1789724460,2026-09-18T15:11:00,74571.42,74598.63,74570,74598.63,35905
1789724520,2026-09-18T15:12:00,74582.36,74589.56,74553.06,74567.41,43064
1789724580,2026-09-18T15:13:00,74558.67,74590.48,74557.33,74582.52,43944
1789724640,2026-09-18T15:14:00,74565.8,74603.29,74524.7,74562,69614
1789724700,2026-09-18T15:15:00,74559.97,74559.97,74559.97,74559.97,69614
1789724760,2026-09-18T15:16:00,74559.97,74559.97,74559.97,74559.97,69614
1789724820,2026-09-18T15:17:00,74559.97,74559.97,74559.97,74559.97,69614
1789724880,2026-09-18T15:18:00,74559.97,74559.97,74559.97,74559.97,69614
1789724940,2026-09-18T15:19:00,74559.97,74559.97,74559.97,74559.97,69614
1789725000,2026-09-18T15:20:00,74559.97,74559.97,74559.97,74559.97,69614
1789725060,2026-09-18T15:21:00,74559.97,74559.97,74559.97,74559.97,69614
1789725120,2026-09-18T15:22:00,74559.97,74559.97,74559.97,74559.97,69614
1789725180,2026-09-18T15:23:00,74559.97,74559.97,74559.97,74559.97,69614
1789725240,2026-09-18T15:24:00,74559.97,74559.97,74559.97,74559.97,69614
1789725300,2026-09-18T15:25:00,74559.97,74559.97,74559.97,74559.97,69614
1789725360,2026-09-18T15:26:00,74559.97,74559.97,74559.97,74559.97,69614
1789725420,2026-09-18T15:27:00,74559.97,74559.97,74559.97,74559.97,69614
1789725480,2026-09-18T15:28:00,74559.97,74559.97,74559.97,74559.97,69614
1789725540,2026-09-18T15:29:00,74559.97,74559.97,74294.96,74294.96,69614
1789962300,2026-09-21T09:15:00,74535.18,74673.73,74454.18,74620.25,140231
1789962360,2026-09-21T09:16:00,74617.69,74634.91,74553.17,74634.91,84892
1789962420,2026-09-21T09:17:00,74638.54,74710.31,74622.64,74697.46,70481
1789962480,2026-09-21T09:18:00,74700.14,74743.28,74675.77,74719.57,53894
1789962540,2026-09-21T09:19:00,74711.3,74724.6,74704.11,74722.76,49481
1789962600,2026-09-21T09:20:00,74721.54,74735.18,74690.96,74694.33,32145
1789962660,2026-09-21T09:21:00,74691.87,74708.08,74687.3,74691.72,37018
1789962720,2026-09-21T09:22:00,74687.76,74694.77,74673.02,74687.62,28545
1789962780,2026-09-21T09:23:00,74685.2,74717.33,74683.11,74709.96,45308
1789962840,2026-09-21T09:24:00,74707.61,74707.93,74678.83,74684.12,39508
1789962900,2026-09-21T09:25:00,74683.99,74715.74,74682.51,74710.58,49590
1789962960,2026-09-21T09:26:00,74712.68,74723.83,74710.29,74721.18,25690
1789963020,2026-09-21T09:27:00,74725.1,74755.26,74724.67,74741.76,18498
1789963080,2026-09-21T09:28:00,74742.21,74758.63,74730.79,74730.79,31395
1789963140,2026-09-21T09:29:00,74728.21,74773.11,74727.42,74765.79,22754
1789963200,2026-09-21T09:30:00,74771.6,74787.26,74764.39,74770.76,27086
1789963260,2026-09-21T09:31:00,74772.24,74774.57,74747.07,74752.84,17933
1789963320,2026-09-21T09:32:00,74752.52,74758.67,74735.83,74737.12,19024
1789963380,2026-09-21T09:33:00,74736.49,74754.59,74730.75,74749.1,15267
1789963440,2026-09-21T09:34:00,74745.81,74749.59,74723.81,74734.45,27361
1789963500,2026-09-21T09:35:00,74732.95,74767.6,74732.95,74767.6,12308
1789963560,2026-09-21T09:36:00,74763.57,74770.59,74738.44,74738.44,21546
1789963620,2026-09-21T09:37:00,74737.19,74740.34,74721.56,74721.56,16996
1789963680,2026-09-21T09:38:00,74721.76,74733.96,74714.87,74719.72,25749
1789963740,2026-09-21T09:39:00,74719.79,74738.21,74713.75,74732.44,18184
1789963800,2026-09-21T09:40:00,74724.44,74726.41,74703.84,74707.87,29090
1789963860,2026-09-21T09:41:00,74708.97,74726.07,74698.94,74717.98,18576
1789963920,2026-09-21T09:42:00,74717.52,74726.7,74706.65,74706.65,13960
1789963980,2026-09-21T09:43:00,74707.32,74728.81,74707.32,74717.4,23752
1789964040,2026-09-21T09:44:00,74716.28,74736.93,74713.93,74732.42,17070
1789964100,2026-09-21T09:45:00,74729.34,74740.58,74726.2,74733.11,13953
1789964160,2026-09-21T09:46:00,74736.92,74751.44,74736.92,74749.37,18323
1789964220,2026-09-21T09:47:00,74749.99,74756.92,74723.47,74730.59,36236
1789964280,2026-09-21T09:48:00,74727.79,74753.36,74723.27,74752.99,39595
1789964340,2026-09-21T09:49:00,74749.87,74784.92,74749.87,74755.84,44267
1789964400,2026-09-21T09:50:00,74759.09,74766.46,74755.6,74757.12,21844
1789964460,2026-09-21T09:51:00,74757.31,74772.96,74757.31,74765.42,17554
1789964520,2026-09-21T09:52:00,74767.22,74773.37,74757.75,74757.75,9444
1789964580,2026-09-21T09:53:00,74756.99,74766.93,74748.38,74751.83,8290
1789964640,2026-09-21T09:54:00,74750.95,74752.64,74730.3,74730.92,20666
1789964700,2026-09-21T09:55:00,74730.54,74747.07,74725.75,74747.07,16322
1789964760,2026-09-21T09:56:00,74736.21,74741.53,74725.92,74730.12,27918
1789964820,2026-09-21T09:57:00,74730.12,74768.15,74724.48,74768.15,25475
1789964880,2026-09-21T09:58:00,74768.76,74768.76,74725.35,74726.41,35862
1789964940,2026-09-21T09:59:00,74728.24,74741.58,74720.76,74739.75,35848
1789965000,2026-09-21T10:00:00,74739.22,74756.72,74731.33,74731.33,29410
1789965060,2026-09-21T10:01:00,74736.57,74749.34,74726.75,74741.36,19915
1789965120,2026-09-21T10:02:00,74741.36,74741.36,74717.47,74718.58,15847
1789965180,2026-09-21T10:03:00,74722.42,74730.87,74711.89,74717.27,17050
1789965240,2026-09-21T10:04:00,74715.94,74715.94,74690.12,74698.64,11482
1789965300,2026-09-21T10:05:00,74699,74725.32,74698.22,74712.18,17355
1789965360,2026-09-21T10:06:00,74715.63,74716.83,74683.98,74684.99,17422
1789965420,2026-09-21T10:07:00,74690.83,74694.5,74682.43,74691.96,11530
1789965480,2026-09-21T10:08:00,74694.1,74699.63,74683.89,74694.54,10409
1789965540,2026-09-21T10:09:00,74702.5,74710.03,74697.76,74701,12944
1789965600,2026-09-21T10:10:00,74705.5,74707.03,74693.51,74697.99,7260
1789965660,2026-09-21T10:11:00,74697.99,74722.29,74697.54,74720.45,8984
1789965720,2026-09-21T10:12:00,74720.86,74726.58,74710.82,74712.32,5629
1789965780,2026-09-21T10:13:00,74708.93,74715.65,74680.88,74682.13,10347
1789965840,2026-09-21T10:14:00,74680.76,74685.04,74657.05,74657.6,10963
1789965900,2026-09-21T10:15:00,74657.69,74664.93,74656.04,74662.58,7383
1789965960,2026-09-21T10:16:00,74661,74677.98,74645.01,74677.22,13354
1789966020,2026-09-21T10:17:00,74679.89,74684.17,74661.2,74662.29,28045
1789966080,2026-09-21T10:18:00,74662.31,74673.88,74660.91,74665.04,19399
1789966140,2026-09-21T10:19:00,74666.51,74673.08,74657.04,74658.35,19848
1789966200,2026-09-21T10:20:00,74663.15,74670.56,74656.96,74662.78,7613
1789966260,2026-09-21T10:21:00,74660.35,74664.95,74641.07,74648.61,11586
1789966320,2026-09-21T10:22:00,74649.21,74664.49,74649.1,74661.49,11503
1789966380,2026-09-21T10:23:00,74659.52,74664.9,74644.62,74664.1,14536
1789966440,2026-09-21T10:24:00,74663.88,74666.82,74653.26,74653.26,6545
1789966500,2026-09-21T10:25:00,74653.05,74658.3,74638.24,74642.21,12382
1789966560,2026-09-21T10:26:00,74641.14,74651.59,74631.2,74631.85,6016
1789966620,2026-09-21T10:27:00,74630.43,74643.97,74610.63,74614.68,11951
1789966680,2026-09-21T10:28:00,74614.81,74648.22,74613.26,74646.4,16933
1789966740,2026-09-21T10:29:00,74644.25,74655.04,74635.66,74652.19,7514
1789966800,2026-09-21T10:30:00,74654.87,74660.4,74639.71,74647.63,6795
1789966860,2026-09-21T10:31:00,74648.08,74660.07,74646.63,74654.56,14747
1789966920,2026-09-21T10:32:00,74655.1,74658.22,74635.98,74638.23,5598
1789966980,2026-09-21T10:33:00,74637.1,74645.97,74619.93,74623.44,13199
1789967040,2026-09-21T10:34:00,74624.63,74626.57,74609.8,74622.14,6209
1789967100,2026-09-21T10:35:00,74622.29,74635.18,74620.28,74632.14,16278
1789967160,2026-09-21T10:36:00,74631.95,74648.37,74630.22,74641.71,9477
1789967220,2026-09-21T10:37:00,74641.71,74648.96,74635.56,74639.16,6408
1789967280,2026-09-21T10:38:00,74639.16,74644.13,74628.47,74642.29,8791
1789967340,2026-09-21T10:39:00,74637.15,74645.21,74633.59,74634.57,4140
1789967400,2026-09-21T10:40:00,74632.15,74647.51,74628.78,74644.18,6975
1789967460,2026-09-21T10:41:00,74645.38,74660.54,74643,74660.26,8336
1789967520,2026-09-21T10:42:00,74654.82,74670.42,74650.9,74657.96,9316
1789967580,2026-09-21T10:43:00,74657.96,74674.76,74656.06,74670.93,10793
1789967640,2026-09-21T10:44:00,74670.93,74679.09,74666.2,74678.42,15014
1789967700,2026-09-21T10:45:00,74678.42,74691.59,74676.03,74685.83,2868
1789967760,2026-09-21T10:46:00,74690.29,74697.75,74685.14,74692.53,7418
1789967820,2026-09-21T10:47:00,74694.65,74708.95,74688.29,74689.51,12930
1789967880,2026-09-21T10:48:00,74682.17,74692.98,74672.91,74672.91,11845
1789967940,2026-09-21T10:49:00,74672.02,74688.26,74672.02,74675.61,7763
1789968000,2026-09-21T10:50:00,74674.86,74687.06,74674.86,74678.47,7484
1789968060,2026-09-21T10:51:00,74679.73,74691.49,74677.26,74685.23,44073
1789968120,2026-09-21T10:52:00,74685.18,74696.49,74683.75,74694.07,4539
1789968180,2026-09-21T10:53:00,74693.04,74706.67,74688.27,74701.53,4879
1789968240,2026-09-21T10:54:00,74706.32,74707.36,74696.07,74703.78,12803
1789968300,2026-09-21T10:55:00,74702.16,74707.5,74692.15,74694.7,8805
1789968360,2026-09-21T10:56:00,74695.98,74698.38,74682.3,74696.22,23709
1789968420,2026-09-21T10:57:00,74695.08,74706.1,74694.2,74698.28,11186
1789968480,2026-09-21T10:58:00,74699.73,74702.96,74687.24,74697.02,36975
1789968540,2026-09-21T10:59:00,74697.02,74707.11,74695.84,74704.51,12779
1789968600,2026-09-21T11:00:00,74700.34,74708.33,74691.03,74698.42,6337
1789968660,2026-09-21T11:01:00,74701.21,74702.58,74687.5,74693.06,5489
1789968720,2026-09-21T11:02:00,74692.51,74698.55,74685.05,74695.43,9386
1789968780,2026-09-21T11:03:00,74695.83,74697.95,74685.46,74694.59,11983
1789968840,2026-09-21T11:04:00,74694.59,74709.63,74692.63,74702.81,18292
1789968900,2026-09-21T11:05:00,74704.23,74716.54,74693.38,74697.99,7170
1789968960,2026-09-21T11:06:00,74698.42,74712.78,74693.29,74707.28,11529
1789969020,2026-09-21T11:07:00,74705.73,74719.13,74702.14,74719.13,14069
1789969080,2026-09-21T11:08:00,74719.09,74729.16,74713.98,74722.05,10273
1789969140,2026-09-21T11:09:00,74722.05,74730.02,74714.88,74726.04,14087
1789969200,2026-09-21T11:10:00,74721.31,74726.49,74715.39,74720.65,6656
1789969260,2026-09-21T11:11:00,74720.71,74743.84,74720.71,74743.84,24087
1789969320,2026-09-21T11:12:00,74738.69,74743.07,74734.82,74740.15,21511
1789969380,2026-09-21T11:13:00,74741.71,74762.95,74741.71,74749.41,34328
1789969440,2026-09-21T11:14:00,74751.75,74759.85,74739.52,74746.51,10678
1789969500,2026-09-21T11:15:00,74748.71,74751.69,74738.06,74739.91,1060386
1789969560,2026-09-21T11:16:00,74738.04,74746.78,74724.87,74731.98,9813
1789969620,2026-09-21T11:17:00,74731.87,74736.74,74719.54,74723.25,9780
1789969680,2026-09-21T11:18:00,74723.39,74728.25,74714.22,74714.32,7830
1789969740,2026-09-21T11:19:00,74714.32,74722.21,74710.86,74721.98,9573
1789969800,2026-09-21T11:20:00,74725.61,74726.82,74712.9,74717.86,10599
1789969860,2026-09-21T11:21:00,74718.46,74728.65,74718.46,74725.21,29382
1789969920,2026-09-21T11:22:00,74725.44,74728.58,74712.38,74723.15,6854
1789969980,2026-09-21T11:23:00,74723.78,74745.47,74720.97,74745.2,10102
1789970040,2026-09-21T11:24:00,74744.9,74747.26,74737.99,74738.57,15303
1789970100,2026-09-21T11:25:00,74738.41,74749.32,74736.26,74737.4,10223
1789970160,2026-09-21T11:26:00,74739.34,74742.52,74733.83,74734.9,41808
1789970220,2026-09-21T11:27:00,74734.9,74744.34,74733.12,74735.97,8017
1789970280,2026-09-21T11:28:00,74734.62,74746.86,74734.62,74742.91,40672
1789970340,2026-09-21T11:29:00,74745.09,74752.42,74738.54,74750.29,15728
1789970400,2026-09-21T11:30:00,74752.45,74762.58,74750.67,74755.49,32372
1789970460,2026-09-21T11:31:00,74754.68,74760.23,74745.88,74752.77,9838
1789970520,2026-09-21T11:32:00,74752.24,74764.15,74751.05,74759.63,7546
1789970580,2026-09-21T11:33:00,74760.91,74783.03,74755.84,74783.03,16929
1789970640,2026-09-21T11:34:00,74786,74790.21,74777.98,74780.21,11117
1789970700,2026-09-21T11:35:00,74777.79,74778.24,74756.16,74757.76,37463
1789970760,2026-09-21T11:36:00,74758.29,74762.4,74748.4,74761.53,11680
1789970820,2026-09-21T11:37:00,74757.82,74765.08,74754.36,74758.3,17628
1789970880,2026-09-21T11:38:00,74761.16,74761.75,74751.88,74753.21,10094
1789970940,2026-09-21T11:39:00,74751.37,74755.3,74745.76,74753.79,6006
1789971000,2026-09-21T11:40:00,74755.08,74761.2,74745.24,74748.81,11558
1789971060,2026-09-21T11:41:00,74748.81,74764.37,74744.2,74764.18,8478
1789971120,2026-09-21T11:42:00,74763.5,74767.77,74757.75,74762.24,14060
1789971180,2026-09-21T11:43:00,74763.46,74773.56,74758.43,74770.32,16000
1789971240,2026-09-21T11:44:00,74770.32,74770.32,74757.38,74765.68,283205
1789971300,2026-09-21T11:45:00,74764.98,74776.03,74764.98,74775.42,27489
1789971360,2026-09-21T11:46:00,74773.47,74781.3,74752.24,74756.02,52217
1789971420,2026-09-21T11:47:00,74755.65,74758.27,74743.04,74749.68,8787
1789971480,2026-09-21T11:48:00,74748.17,74759.28,74747.92,74757.94,7017
1789971540,2026-09-21T11:49:00,74756.01,74764.84,74755.3,74761.78,275178
1789971600,2026-09-21T11:50:00,74763.44,74763.47,74752.54,74758.8,24024
1789971660,2026-09-21T11:51:00,74761,74764.59,74753.82,74764.59,10286
1789971720,2026-09-21T11:52:00,74763.2,74777.5,74758.21,74771.86,18490
1789971780,2026-09-21T11:53:00,74773.78,74791.3,74772.02,74789.07,13844
1789971840,2026-09-21T11:54:00,74790.01,74808.78,74789.48,74808.02,22426
1789971900,2026-09-21T11:55:00,74808.86,74816.07,74805.03,74812.94,14431
1789971960,2026-09-21T11:56:00,74812.66,74824.31,74811.51,74820.44,27673
1789972020,2026-09-21T11:57:00,74820.44,74836.24,74818.17,74830.53,24759
1789972080,2026-09-21T11:58:00,74829.83,74864.79,74829.83,74858.37,22643
1789972140,2026-09-21T11:59:00,74858.96,74871.68,74854.66,74854.66,28401
1789972200,2026-09-21T12:00:00,74854.66,74879.93,74854.66,74864.37,17479
1789972260,2026-09-21T12:01:00,74864.16,74868.42,74850.31,74859.1,13039
1789972320,2026-09-21T12:02:00,74858.78,74867.98,74848.92,74849.53,11353
1789972380,2026-09-21T12:03:00,74850.21,74862.17,74843.45,74849.8,10315
1789972440,2026-09-21T12:04:00,74849.8,74858.24,74840.07,74858.24,8533
1789972500,2026-09-21T12:05:00,74858.24,74858.94,74835.88,74843.66,13911
1789972560,2026-09-21T12:06:00,74844.66,74851.83,74841.86,74848.06,6888
1789972620,2026-09-21T12:07:00,74848.34,74858.89,74838.16,74840.39,8536
1789972680,2026-09-21T12:08:00,74833.33,74847.54,74833.33,74841.79,5517
1789972740,2026-09-21T12:09:00,74842.36,74842.36,74815.7,74815.71,7098
1789972800,2026-09-21T12:10:00,74817.07,74820.68,74807.06,74807.06,9206
1789972860,2026-09-21T12:11:00,74806.16,74823.62,74803.56,74819.31,8405
1789972920,2026-09-21T12:12:00,74820.59,74829.37,74813.97,74820.75,11804
1789972980,2026-09-21T12:13:00,74825.48,74825.48,74817.61,74820.86,7965
1789973040,2026-09-21T12:14:00,74820.86,74825.14,74811.04,74811.04,8618
1789973100,2026-09-21T12:15:00,74813.56,74822.4,74800.72,74822.4,14502
1789973160,2026-09-21T12:16:00,74825.62,74830.13,74817.36,74818.06,5164
1789973220,2026-09-21T12:17:00,74818.06,74823.88,74815.45,74817.71,8287
1789973280,2026-09-21T12:18:00,74819.15,74831.01,74805.41,74811.37,26625
1789973340,2026-09-21T12:19:00,74811.98,74824.21,74810.9,74824.21,35707
1789973400,2026-09-21T12:20:00,74824.21,74824.66,74804.94,74806.58,6528
1789973460,2026-09-21T12:21:00,74806.58,74832.23,74806.58,74823.92,16135
1789973520,2026-09-21T12:22:00,74822.84,74826.84,74807.92,74807.92,19562
1789973580,2026-09-21T12:23:00,74810.05,74810.05,74798.89,74798.89,21951
1789973640,2026-09-21T12:24:00,74798.01,74807.69,74798.01,74807.25,12007
1789973700,2026-09-21T12:25:00,74806.4,74814.9,74804.53,74810.35,17024
1789973760,2026-09-21T12:26:00,74810.4,74829.59,74810.4,74819.38,12579
1789973820,2026-09-21T12:27:00,74819.68,74827.1,74814.07,74819.34,3902
1789973880,2026-09-21T12:28:00,74819.83,74825.15,74815.15,74822.14,8836
1789973940,2026-09-21T12:29:00,74822.14,74827.92,74821.23,74825.67,8699
1789974000,2026-09-21T12:30:00,74826.26,74836.5,74823.59,74827.41,15485
1789974060,2026-09-21T12:31:00,74836.32,74836.32,74823.04,74830.45,9576
1789974120,2026-09-21T12:32:00,74830.45,74833.04,74814.03,74820.01,15459
1789974180,2026-09-21T12:33:00,74820.01,74825.11,74789.57,74789.57,7880
1789974240,2026-09-21T12:34:00,74789.68,74812.27,74789.68,74812.27,4187
1789974300,2026-09-21T12:35:00,74811.16,74811.9,74803.61,74809.07,3314
1789974360,2026-09-21T12:36:00,74807.91,74813,74801.45,74813,8401
1789974420,2026-09-21T12:37:00,74814.22,74820.98,74802.47,74817.02,2141
1789974480,2026-09-21T12:38:00,74820.48,74821.44,74807.78,74820.26,29562
1789974540,2026-09-21T12:39:00,74820.86,74823.3,74809.07,74816.8,7494
1789974600,2026-09-21T12:40:00,74816.8,74819.76,74799.4,74801.25,7886
1789974660,2026-09-21T12:41:00,74801.98,74808.06,74798.43,74803.23,5891
1789974720,2026-09-21T12:42:00,74803.23,74813.09,74802.43,74807.47,7798
1789974780,2026-09-21T12:43:00,74807.03,74810.74,74803.77,74805.17,6454
1789974840,2026-09-21T12:44:00,74805.17,74822.68,74803.77,74814.79,12985
1789974900,2026-09-21T12:45:00,74815.43,74833.45,74815.43,74832.28,5393
1789974960,2026-09-21T12:46:00,74832.28,74833.47,74825.14,74826.79,6431
1789975020,2026-09-21T12:47:00,74827.72,74831.08,74816.66,74821.1,3018
1789975080,2026-09-21T12:48:00,74820.12,74823,74814.71,74820.42,8344
1789975140,2026-09-21T12:49:00,74820.88,74823.67,74807.7,74820.91,12536
1789975200,2026-09-21T12:50:00,74820.56,74825,74806.74,74819.64,55528
1789975260,2026-09-21T12:51:00,74818.84,74822.33,74810.03,74822.33,7332
1789975320,2026-09-21T12:52:00,74820.65,74828.07,74812.64,74812.64,9368
1789975380,2026-09-21T12:53:00,74812.04,74819.81,74809.17,74818.76,19129
1789975440,2026-09-21T12:54:00,74821.73,74835.7,74821.45,74833.7,17971
1789975500,2026-09-21T12:55:00,74833.69,74835.56,74821.59,74824.22,9844
1789975560,2026-09-21T12:56:00,74822.89,74826.95,74819.21,74823.39,10688
1789975620,2026-09-21T12:57:00,74825.86,74826.94,74819.67,74824.88,24733
1789975680,2026-09-21T12:58:00,74824.88,74829.64,74816.52,74824.49,14628
1789975740,2026-09-21T12:59:00,74822,74832.56,74822,74826.66,9569
1789975800,2026-09-21T13:00:00,74824.59,74830.33,74814.03,74820.61,13484
1789975860,2026-09-21T13:01:00,74820.61,74824.64,74810.21,74822.91,31645
1789975920,2026-09-21T13:02:00,74823.15,74829.01,74821.48,74826.76,12077
1789975980,2026-09-21T13:03:00,74826.76,74826.76,74807.84,74808.05,54655
1789976040,2026-09-21T13:04:00,74806.82,74809.79,74796.77,74796.77,9694
1789976100,2026-09-21T13:05:00,74796.77,74813.94,74796.77,74803.48,11364
1789976160,2026-09-21T13:06:00,74808.07,74810.38,74800.58,74803.42,21497
1789976220,2026-09-21T13:07:00,74803.45,74803.45,74788.65,74797.44,78278
1789976280,2026-09-21T13:08:00,74796.56,74796.56,74786.39,74789.64,17380
1789976340,2026-09-21T13:09:00,74790.53,74796.46,74778.73,74778.73,27828
1789976400,2026-09-21T13:10:00,74781.23,74794.68,74777.09,74784.82,6632
1789976460,2026-09-21T13:11:00,74788.68,74792.07,74778.85,74779.73,7158
1789976520,2026-09-21T13:12:00,74777.82,74796.11,74777.82,74793.32,6150
1789976580,2026-09-21T13:13:00,74793.85,74812.92,74792.79,74810.59,23690
1789976640,2026-09-21T13:14:00,74807.96,74815.96,74800.47,74815.96,9909
1789976700,2026-09-21T13:15:00,74815.13,74830.41,74810.94,74830.41,78991
1789976760,2026-09-21T13:16:00,74829.68,74850.74,74828.51,74848.13,59906
1789976820,2026-09-21T13:17:00,74851.8,74851.8,74840.08,74849.03,69213
1789976880,2026-09-21T13:18:00,74845.96,74856.12,74841.74,74856.12,17195
1789976940,2026-09-21T13:19:00,74856.12,74858.45,74848.79,74858.28,13764
1789977000,2026-09-21T13:20:00,74858.28,74879.67,74858.28,74872.17,48519
1789977060,2026-09-21T13:21:00,74872.17,74878.24,74867.21,74877.44,10847
1789977120,2026-09-21T13:22:00,74882.7,74885.66,74875.55,74875.55,12035
1789977180,2026-09-21T13:23:00,74874.81,74884.04,74868.38,74870.77,18119
1789977240,2026-09-21T13:24:00,74873.99,74876.33,74860.98,74874.21,17544
1789977300,2026-09-21T13:25:00,74874.85,74878.26,74864.07,74874.7,18278
1789977360,2026-09-21T13:26:00,74876.68,74878.77,74866.87,74877.27,11149
1789977420,2026-09-21T13:27:00,74878.55,74886.43,74875.76,74879.86,7522
1789977480,2026-09-21T13:28:00,74882.37,74885.92,74873.39,74884.62,10010
1789977540,2026-09-21T13:29:00,74885.29,74892.85,74879.15,74883.69,12297
1789977600,2026-09-21T13:30:00,74884.08,74892.75,74876.26,74876.26,4396
1789977660,2026-09-21T13:31:00,74877.48,74877.48,74865.5,74873.83,10498
1789977720,2026-09-21T13:32:00,74875.76,74887.72,74874.15,74887.27,4499
1789977780,2026-09-21T13:33:00,74889.87,74892.9,74888.66,74890.31,3288
1789977840,2026-09-21T13:34:00,74895.3,74902.38,74893.68,74897.9,83605
1789977900,2026-09-21T13:35:00,74899.25,74905.88,74898.21,74902.35,76062
1789977960,2026-09-21T13:36:00,74905.62,74907.26,74881.74,74891.54,22872
1789978020,2026-09-21T13:37:00,74894.76,74905.55,74891.63,74905.55,6615
1789978080,2026-09-21T13:38:00,74904,74904,74888.35,74888.35,15046
1789978140,2026-09-21T13:39:00,74892.66,74906.42,74889.55,74899.3,7296
1789978200,2026-09-21T13:40:00,74901.78,74901.78,74888.43,74890.36,6884
1789978260,2026-09-21T13:41:00,74890.06,74891.33,74883.73,74887.78,5490
1789978320,2026-09-21T13:42:00,74887.78,74895.37,74880.77,74887.27,10779
1789978380,2026-09-21T13:43:00,74887.27,74887.27,74871.65,74876.25,9269
1789978440,2026-09-21T13:44:00,74876.25,74883.85,74876.25,74882.14,9058
1789978500,2026-09-21T13:45:00,74882.14,74890.83,74876.88,74886.77,18032
1789978560,2026-09-21T13:46:00,74882.52,74888.74,74878.71,74888.68,4955
1789978620,2026-09-21T13:47:00,74887.52,74890.49,74882.11,74887.42,7112
1789978680,2026-09-21T13:48:00,74887.42,74893.25,74885.25,74891.13,3279
1789978740,2026-09-21T13:49:00,74888.73,74898.97,74874.92,74895.58,19403
1789978800,2026-09-21T13:50:00,74895.14,74907.76,74895.14,74897.75,45988
1789978860,2026-09-21T13:51:00,74897.75,74909.85,74895.87,74904.13,16928
1789978920,2026-09-21T13:52:00,74903.33,74911.74,74898.52,74904.68,7921
1789978980,2026-09-21T13:53:00,74904.98,74910.27,74898.35,74904.33,11616
1789979040,2026-09-21T13:54:00,74904.75,74904.75,74888.36,74903.79,8208
1789979100,2026-09-21T13:55:00,74902.75,74915.03,74901.41,74905.89,11668
1789979160,2026-09-21T13:56:00,74908.56,74918.87,74904.45,74913.71,17212
1789979220,2026-09-21T13:57:00,74913.71,74935.53,74913.71,74935.53,9703
1789979280,2026-09-21T13:58:00,74935.4,74953.37,74926.96,74953.37,16096
1789979340,2026-09-21T13:59:00,74952.15,74984.99,74952.15,74980.41,21272
1789979400,2026-09-21T14:00:00,74978.47,74987.4,74965.75,74968.47,7904
1789979460,2026-09-21T14:01:00,74968.78,74981.39,74961.3,74978.39,14271
1789979520,2026-09-21T14:02:00,74978.66,74985.69,74974.79,74975.58,19138
1789979580,2026-09-21T14:03:00,74980.96,74984.77,74977.9,74981.25,13265
1789979640,2026-09-21T14:04:00,74982.25,74985.23,74963.99,74963.99,6950
1789979700,2026-09-21T14:05:00,74966.07,74969.62,74957.98,74961.24,12375
1789979760,2026-09-21T14:06:00,74961.85,74965.19,74957.15,74962.74,8408
1789979820,2026-09-21T14:07:00,74966.17,74971.02,74957.88,74960,7741
1789979880,2026-09-21T14:08:00,74960,74961.12,74949,74950.97,9109
1789979940,2026-09-21T14:09:00,74950.97,74959.23,74942.33,74946.25,3225
1789980000,2026-09-21T14:10:00,74944.89,74946.65,74936.1,74942.44,12127
1789980060,2026-09-21T14:11:00,74942.09,74956.59,74937.36,74956.1,12838
1789980120,2026-09-21T14:12:00,74957.22,74960.59,74948.88,74953.86,4753
1789980180,2026-09-21T14:13:00,74956.38,74960,74950.7,74960,15344
1789980240,2026-09-21T14:14:00,74960,74960,74938.42,74942.66,13835
1789980300,2026-09-21T14:15:00,74950.34,74950.38,74942.51,74944.2,5921
1789980360,2026-09-21T14:16:00,74942.19,74944.59,74935.38,74935.38,5018
1789980420,2026-09-21T14:17:00,74937.14,74955.7,74937.14,74954.77,7751
1789980480,2026-09-21T14:18:00,74954.82,74967.83,74952.04,74965.56,9783
1789980540,2026-09-21T14:19:00,74967.22,74972.76,74951.12,74951.42,7098
1789980600,2026-09-21T14:20:00,74953.74,74981.5,74951.31,74979.39,10313
1789980660,2026-09-21T14:21:00,74979.03,74980.06,74956.88,74956.88,15461
1789980720,2026-09-21T14:22:00,74955.66,74960.93,74939.67,74944.29,9231
1789980780,2026-09-21T14:23:00,74943.14,74954.21,74937.34,74947.55,5206
1789980840,2026-09-21T14:24:00,74946.9,74960.83,74946.9,74953.87,6282
1789980900,2026-09-21T14:25:00,74955.66,74964.91,74947.81,74949.11,6359
1789980960,2026-09-21T14:26:00,74953.37,74954.6,74946.77,74948.07,6031
1789981020,2026-09-21T14:27:00,74948.07,74969.51,74948.07,74963.14,17687
1789981080,2026-09-21T14:28:00,74965.72,74973.92,74940.44,74944.08,13232
1789981140,2026-09-21T14:29:00,74943.65,74947.39,74916.97,74932.76,14626
1789981200,2026-09-21T14:30:00,74933.06,74942.76,74922.42,74929.92,123002
1789981260,2026-09-21T14:31:00,74933.14,74940.01,74931.92,74932.93,5254
1789981320,2026-09-21T14:32:00,74933.13,74939.97,74923.48,74939.97,5821
1789981380,2026-09-21T14:33:00,74938.17,74938.17,74922.58,74923.16,6022
1789981440,2026-09-21T14:34:00,74923.42,74937.36,74915.32,74926.26,13601
1789981500,2026-09-21T14:35:00,74931.1,74932.9,74916.5,74916.93,208846
1789981560,2026-09-21T14:36:00,74918.48,74932.35,74915.77,74919.28,11399
1789981620,2026-09-21T14:37:00,74919.28,74927.89,74917.16,74922.3,9138
1789981680,2026-09-21T14:38:00,74924.79,74941.31,74924.79,74941.31,14875
1789981740,2026-09-21T14:39:00,74941.79,74942.44,74925.12,74928.69,31216
1789981800,2026-09-21T14:40:00,74926.17,74938.51,74925.08,74935.48,6446
1789981860,2026-09-21T14:41:00,74934.41,74935.79,74925.39,74934.95,9513
1789981920,2026-09-21T14:42:00,74934.02,74942.44,74924.77,74938.49,10835
1789981980,2026-09-21T14:43:00,74942.58,74949.63,74940.83,74942.13,11092
1789982040,2026-09-21T14:44:00,74941.06,74946.48,74941,74942.14,6630
1789982100,2026-09-21T14:45:00,74942.96,74945.62,74940.61,74943.65,6371
1789982160,2026-09-21T14:46:00,74944.24,74950.95,74940.86,74945.52,16645
1789982220,2026-09-21T14:47:00,74944.84,74947.4,74933.21,74945.39,25079
1789982280,2026-09-21T14:48:00,74944.61,74957.57,74941.81,74952.38,39631
1789982340,2026-09-21T14:49:00,74952.06,74953.82,74941.89,74943.36,26211
1789982400,2026-09-21T14:50:00,74947,74962.1,74947,74953.28,21718
1789982460,2026-09-21T14:51:00,74951.58,74954.59,74935.68,74937.76,11794
1789982520,2026-09-21T14:52:00,74938.7,74949.67,74938.7,74944.2,17372
1789982580,2026-09-21T14:53:00,74943.03,74949.05,74935.03,74941.84,8737
1789982640,2026-09-21T14:54:00,74941.84,74950.81,74938.82,74948.95,14413
1789982700,2026-09-21T14:55:00,74950.51,74952.84,74941.91,74947.11,14912
1789982760,2026-09-21T14:56:00,74942.95,74949.53,74932.45,74938.08,10376
1789982820,2026-09-21T14:57:00,74937.08,74957.93,74937.08,74948.09,11255
1789982880,2026-09-21T14:58:00,74953.29,74953.36,74933.99,74935.31,45969
1789982940,2026-09-21T14:59:00,74934.97,74939.96,74921.94,74929.06,43039
1789983000,2026-09-21T15:00:00,74931.9,74937.93,74921.47,74934.06,26163
1789983060,2026-09-21T15:01:00,74933.97,74944.81,74928.78,74932.08,27518
1789983120,2026-09-21T15:02:00,74934.42,74934.42,74922.01,74924.06,16233
1789983180,2026-09-21T15:03:00,74924.67,74924.85,74913.17,74921.37,20344
1789983240,2026-09-21T15:04:00,74921.37,74921.72,74910.44,74917.84,43624
1789983300,2026-09-21T15:05:00,74917.32,74924.7,74911.94,74920.01,28754
1789983360,2026-09-21T15:06:00,74923.87,74928.74,74909.67,74915.23,28139
1789983420,2026-09-21T15:07:00,74916.15,74916.34,74900.1,74901.75,27185
1789983480,2026-09-21T15:08:00,74901.49,74913.48,74892.69,74911.13,20315
1789983540,2026-09-21T15:09:00,74910.65,74919.06,74901.02,74919.06,34087
1789983600,2026-09-21T15:10:00,74916.41,74916.41,74898.14,74898.14,39949
1789983660,2026-09-21T15:11:00,74901.12,74910.13,74896.81,74904.79,12620
1789983720,2026-09-21T15:12:00,74904.79,74915.37,74875.64,74899.62,22347
1789983780,2026-09-21T15:13:00,74889.99,74908.68,74865.08,74887.47,55035
1789983840,2026-09-21T15:14:00,74891.28,74905.14,74875.31,74893.77,17204
1789983900,2026-09-21T15:15:00,74894.86,74894.86,74894.86,74894.86,17204
1789983960,2026-09-21T15:16:00,74894.86,74894.86,74894.86,74894.86,17204
1789984020,2026-09-21T15:17:00,74894.86,74894.86,74894.86,74894.86,17204
1789984080,2026-09-21T15:18:00,74894.86,74894.86,74894.86,74894.86,17204
1789984140,2026-09-21T15:19:00,74894.86,74894.86,74894.86,74894.86,17204
1789984200,2026-09-21T15:20:00,74894.86,74894.86,74894.86,74894.86,17204
1789984260,2026-09-21T15:21:00,74894.86,74894.86,74894.86,74894.86,17204
1789984320,2026-09-21T15:22:00,74894.86,74894.86,74894.86,74894.86,17204
1789984380,2026-09-21T15:23:00,74894.86,74894.86,74894.86,74894.86,17204
1789984440,2026-09-21T15:24:00,74894.86,74894.86,74894.86,74894.86,17204
1789984500,2026-09-21T15:25:00,74894.86,74894.86,74894.86,74894.86,17204
1789984560,2026-09-21T15:26:00,74894.86,74894.86,74894.86,74894.86,17204
1789984620,2026-09-21T15:27:00,74894.86,74894.86,74894.86,74894.86,17204
1789984680,2026-09-21T15:28:00,74894.86,74894.86,74894.86,74894.86,17204
1789984740,2026-09-21T15:29:00,74894.86,74894.86,74857.53,74858.99,17204
1790048700,2026-09-22T09:15:00,74901.5,75038.93,74895.6,74957.84,155785
1790048760,2026-09-22T09:16:00,74953.88,74971.89,74899.02,74907.33,168818
1790048820,2026-09-22T09:17:00,74905.59,74916.06,74880.61,74908.26,54373
1790048880,2026-09-22T09:18:00,74915.36,74952.52,74911.77,74942.12,66293
1790048940,2026-09-22T09:19:00,74943.32,74947.66,74915.51,74923.91,90053
1790049000,2026-09-22T09:20:00,74918.81,74938.52,74895.05,74899.89,87176
1790049060,2026-09-22T09:21:00,74894.13,74927.58,74894.13,74926.81,73138
1790049120,2026-09-22T09:22:00,74928.85,74946.79,74920.78,74924.64,41782
1790049180,2026-09-22T09:23:00,74925.96,74931.72,74908.85,74931.68,77042
1790049240,2026-09-22T09:24:00,74933.2,74952.44,74930,74937.5,43808
1790049300,2026-09-22T09:25:00,74933.34,74933.34,74904.9,74907.88,59792
1790049360,2026-09-22T09:26:00,74913.21,74913.21,74877.41,74879.19,45312
1790049420,2026-09-22T09:27:00,74880.5,74880.6,74850.27,74874.37,21360
1790049480,2026-09-22T09:28:00,74877.26,74905.32,74877.26,74896.92,33353
1790049540,2026-09-22T09:29:00,74890.84,74932.92,74890.84,74930.19,165707
1790049600,2026-09-22T09:30:00,74926.92,74956.04,74926.92,74941.2,67181
1790049660,2026-09-22T09:31:00,74943.53,74960.11,74929.08,74953.86,44365
1790049720,2026-09-22T09:32:00,74958.83,74958.83,74918.75,74918.82,47165
1790049780,2026-09-22T09:33:00,74919.1,74929.85,74905.53,74905.53,26854
1790049840,2026-09-22T09:34:00,74905.99,74910.45,74897.96,74901.27,24981
1790049900,2026-09-22T09:35:00,74898.7,74915.58,74896.26,74902.23,25662
1790049960,2026-09-22T09:36:00,74899.72,74913.47,74899.72,74907.08,35772
1790050020,2026-09-22T09:37:00,74910.26,74932.99,74904.15,74927.04,64884
1790050080,2026-09-22T09:38:00,74926.53,74956.79,74925.93,74952.77,48778
1790050140,2026-09-22T09:39:00,74944.97,74969.09,74944.53,74967.15,46206
1790050200,2026-09-22T09:40:00,74965.56,74966.93,74932.58,74945.5,27387
1790050260,2026-09-22T09:41:00,74945.09,74962.74,74941.11,74958.4,31695
1790050320,2026-09-22T09:42:00,74954,74966.65,74949.89,74961.84,20809
1790050380,2026-09-22T09:43:00,74968.23,74971.9,74956.51,74961.22,19070
1790050440,2026-09-22T09:44:00,74960.41,74975.08,74959.35,74965.8,20025
1790050500,2026-09-22T09:45:00,74966.02,74973.45,74960.37,74962.4,28431
1790050560,2026-09-22T09:46:00,74961.82,74981.94,74961.21,74981.94,20394
1790050620,2026-09-22T09:47:00,74981,74985.07,74966.4,74977.12,16898
1790050680,2026-09-22T09:48:00,74979.83,74985.64,74974.17,74976.11,20574
1790050740,2026-09-22T09:49:00,74973.08,74974.19,74953.73,74959.43,423753
1790050800,2026-09-22T09:50:00,74956.93,74975.15,74956.63,74971.29,24163
1790050860,2026-09-22T09:51:00,74972.68,74983.43,74963.63,74963.63,24286
1790050920,2026-09-22T09:52:00,74963.03,74980.09,74960.86,74973.6,38259
1790050980,2026-09-22T09:53:00,74972.49,74987.23,74966.69,74976.91,31383
1790051040,2026-09-22T09:54:00,74975.59,74991.61,74972.49,74978.22,24603
1790051100,2026-09-22T09:55:00,74978.82,74983.05,74965.65,74973.78,24487
1790051160,2026-09-22T09:56:00,74974.84,74983.35,74968.17,74982.62,77630
1790051220,2026-09-22T09:57:00,74979.71,74979.71,74960.57,74968.7,17648
1790051280,2026-09-22T09:58:00,74969.52,74988.4,74965.33,74988.4,19034
1790051340,2026-09-22T09:59:00,74988.74,74988.74,74967.62,74980.05,15461
1790051400,2026-09-22T10:00:00,74985.11,74997.47,74980.66,74996.77,16044
1790051460,2026-09-22T10:01:00,74998.58,75000.32,74985.78,74994.2,23428
1790051520,2026-09-22T10:02:00,74992,74992.26,74967.51,74975.5,24332
1790051580,2026-09-22T10:03:00,74975.5,74993.77,74974.54,74988.62,12689
1790051640,2026-09-22T10:04:00,74987.3,75005.93,74985.97,74992.01,14941
1790051700,2026-09-22T10:05:00,74995.24,75001.17,74989.88,74994.04,22433
1790051760,2026-09-22T10:06:00,74992.18,74996.24,74973.96,74979.2,15346
1790051820,2026-09-22T10:07:00,74977.68,74985.16,74965.05,74981.72,225421
1790051880,2026-09-22T10:08:00,74987.67,75010.03,74980.72,75010.03,21967
1790051940,2026-09-22T10:09:00,75008.89,75023.38,75007.22,75021.34,27342
1790052000,2026-09-22T10:10:00,75018.55,75027.98,75003.87,75009.1,17595
1790052060,2026-09-22T10:11:00,75009.85,75032.37,75006.05,75019.66,40143
1790052120,2026-09-22T10:12:00,75022.17,75022.17,74992.88,74996.7,22430
1790052180,2026-09-22T10:13:00,75002.95,75003.68,74988.4,74995.11,26380
1790052240,2026-09-22T10:14:00,74992.98,75010.42,74992.78,75006.3,44221
1790052300,2026-09-22T10:15:00,75006.46,75011.18,74989.01,74994.73,18127
1790052360,2026-09-22T10:16:00,74992.55,74993.02,74975.38,74985.98,24920
1790052420,2026-09-22T10:17:00,74981.05,74989.56,74972.49,74987.9,20224
1790052480,2026-09-22T10:18:00,74988.24,74999.29,74981.19,74999.29,38796
1790052540,2026-09-22T10:19:00,74998.45,75001.41,74986.02,74987.95,25507
1790052600,2026-09-22T10:20:00,74987.06,74996.14,74978.57,74978.57,29707
1790052660,2026-09-22T10:21:00,74978.22,74983.18,74961.29,74962.82,31676
1790052720,2026-09-22T10:22:00,74959.04,74960.41,74921.32,74927.52,34499
1790052780,2026-09-22T10:23:00,74927.57,74944.79,74922.52,74942.65,15062
1790052840,2026-09-22T10:24:00,74941.71,74941.71,74928.8,74938.06,16080
1790052900,2026-09-22T10:25:00,74940.03,74940.69,74917.59,74919.04,17598
1790052960,2026-09-22T10:26:00,74919.59,74926.49,74897.31,74909.37,23471
1790053020,2026-09-22T10:27:00,74911.08,74920.71,74900.4,74918.79,610713
1790053080,2026-09-22T10:28:00,74918.79,74926.49,74910.45,74924.93,11366
1790053140,2026-09-22T10:29:00,74923.81,74942.73,74921.13,74922.64,14872
1790053200,2026-09-22T10:30:00,74920.05,74933.27,74898.46,74899.16,18110
1790053260,2026-09-22T10:31:00,74900.38,74900.38,74868.57,74888.37,28606
1790053320,2026-09-22T10:32:00,74890.22,74891.24,74858.81,74870.94,17886
1790053380,2026-09-22T10:33:00,74870.6,74870.6,74841.02,74841.02,15356
1790053440,2026-09-22T10:34:00,74839.47,74861.09,74835.04,74854.71,21689
1790053500,2026-09-22T10:35:00,74857.92,74858.62,74819.07,74819.4,12035
1790053560,2026-09-22T10:36:00,74818.19,74824.85,74810.84,74811.78,17430
1790053620,2026-09-22T10:37:00,74809.57,74837.86,74808.79,74831.76,22447
1790053680,2026-09-22T10:38:00,74831.76,74837.03,74805.38,74805.83,23269
1790053740,2026-09-22T10:39:00,74803.23,74803.23,74780.26,74786.69,26554
1790053800,2026-09-22T10:40:00,74786.69,74818.85,74782.65,74806.95,21698
1790053860,2026-09-22T10:41:00,74806.5,74809.14,74758.38,74761.52,24808
1790053920,2026-09-22T10:42:00,74758.93,74758.93,74694.96,74718.21,41412
1790053980,2026-09-22T10:43:00,74721.71,74770.32,74721.71,74769.74,14338
1790054040,2026-09-22T10:44:00,74769.46,74770.11,74733.05,74733.55,14246
1790054100,2026-09-22T10:45:00,74738.89,74739.59,74707.81,74713.51,28657
1790054160,2026-09-22T10:46:00,74713.48,74734.75,74708.05,74734.12,50573
1790054220,2026-09-22T10:47:00,74736.62,74739.83,74727.14,74727.14,14916
1790054280,2026-09-22T10:48:00,74728.22,74734.49,74713.94,74722.29,14475
1790054340,2026-09-22T10:49:00,74721.62,74734.55,74715.06,74722.45,25966
1790054400,2026-09-22T10:50:00,74723.37,74723.37,74688.56,74696.33,15948
1790054460,2026-09-22T10:51:00,74699.47,74703.23,74690.04,74701.13,12929
1790054520,2026-09-22T10:52:00,74703.17,74706.66,74675.95,74678.99,17561
1790054580,2026-09-22T10:53:00,74681.46,74682.84,74672.23,74678.78,8327
1790054640,2026-09-22T10:54:00,74679.65,74703.91,74671.63,74703.91,19460
1790054700,2026-09-22T10:55:00,74705.68,74715.88,74700.61,74710.11,11422
1790054760,2026-09-22T10:56:00,74716.54,74721.5,74710.98,74717.61,7990
1790054820,2026-09-22T10:57:00,74719.78,74732.02,74716.78,74727.69,17666
1790054880,2026-09-22T10:58:00,74730.96,74744.36,74725.57,74738.41,12693
1790054940,2026-09-22T10:59:00,74739.22,74757.72,74733.6,74755.5,18318
1790055000,2026-09-22T11:00:00,74756.19,74763.42,74736.05,74751.92,16330
1790055060,2026-09-22T11:01:00,74751.25,74756.54,74719.13,74724.26,32194
1790055120,2026-09-22T11:02:00,74725.5,74725.5,74712.4,74718.12,40265
1790055180,2026-09-22T11:03:00,74718.57,74718.57,74704.98,74711.54,13081
1790055240,2026-09-22T11:04:00,74711.98,74715.79,74700.14,74706.54,20241
1790055300,2026-09-22T11:05:00,74706.01,74717.95,74697.06,74700.05,25521
1790055360,2026-09-22T11:06:00,74701.46,74707.91,74695.25,74702.27,12195
1790055420,2026-09-22T11:07:00,74702.84,74717.74,74700.87,74706.49,7052
1790055480,2026-09-22T11:08:00,74705.57,74708.44,74696.89,74704.22,9332
1790055540,2026-09-22T11:09:00,74697.53,74712.08,74695.31,74702.38,12637
1790055600,2026-09-22T11:10:00,74700.7,74725.69,74700.7,74720.93,8028
1790055660,2026-09-22T11:11:00,74721.43,74733.81,74713.07,74715.23,8224
1790055720,2026-09-22T11:12:00,74715.36,74732.85,74711.35,74732.45,7949
1790055780,2026-09-22T11:13:00,74732.45,74747.93,74728.88,74746.8,10209
1790055840,2026-09-22T11:14:00,74750.76,74760.71,74745.43,74752.12,10900
1790055900,2026-09-22T11:15:00,74754.82,74764.77,74750.99,74759.66,10577
1790055960,2026-09-22T11:16:00,74757.79,74772.68,74750.12,74766.74,11198
1790056020,2026-09-22T11:17:00,74766.43,74782.66,74765.47,74779.04,11340
1790056080,2026-09-22T11:18:00,74777.06,74777.67,74762.46,74764.26,9457
1790056140,2026-09-22T11:19:00,74764.31,74764.64,74735.67,74735.89,11560
1790056200,2026-09-22T11:20:00,74736.02,74746.9,74731.15,74746.9,107349
1790056260,2026-09-22T11:21:00,74747.75,74764.27,74743.41,74756.3,45817
1790056320,2026-09-22T11:22:00,74754.54,74773.08,74754.54,74767.75,92795
1790056380,2026-09-22T11:23:00,74768.32,74780.24,74763.16,74772.24,107561
1790056440,2026-09-22T11:24:00,74768.42,74787.09,74767.75,74785.42,16715
1790056500,2026-09-22T11:25:00,74787.35,74799.82,74783.35,74794.05,58718
1790056560,2026-09-22T11:26:00,74792.78,74799.07,74781.18,74783,20988
1790056620,2026-09-22T11:27:00,74785.64,74786.93,74771.41,74772.53,26105
1790056680,2026-09-22T11:28:00,74773.23,74781.05,74766.72,74771.49,32980
1790056740,2026-09-22T11:29:00,74774.32,74781.25,74760.57,74760.57,9399
1790056800,2026-09-22T11:30:00,74757.1,74765.68,74737.91,74749.71,22622
1790056860,2026-09-22T11:31:00,74749.71,74757.8,74741.56,74741.56,9093
1790056920,2026-09-22T11:32:00,74741.17,74742.45,74720.89,74729.29,14830
1790056980,2026-09-22T11:33:00,74730.81,74739.46,74726.41,74733.67,29401
1790057040,2026-09-22T11:34:00,74735.03,74736.79,74724.86,74731.17,32237
1790057100,2026-09-22T11:35:00,74733.22,74733.37,74697.05,74697.5,86583
1790057160,2026-09-22T11:36:00,74696.28,74713.15,74696.28,74708.79,22631
1790057220,2026-09-22T11:37:00,74710.72,74720.98,74707.19,74715.62,14993
1790057280,2026-09-22T11:38:00,74715.62,74718.25,74708.24,74711.41,53323
1790057340,2026-09-22T11:39:00,74712.29,74713.46,74685.45,74685.45,19378
1790057400,2026-09-22T11:40:00,74684.87,74693.04,74674.9,74688.07,21093
1790057460,2026-09-22T11:41:00,74687.81,74698.62,74686.1,74696.14,10864
1790057520,2026-09-22T11:42:00,74693.64,74697.69,74676.25,74676.25,75452
1790057580,2026-09-22T11:43:00,74678.82,74685.41,74673.83,74679.53,8057
1790057640,2026-09-22T11:44:00,74681.46,74696.54,74676.37,74692.65,19121
1790057700,2026-09-22T11:45:00,74694.34,74696.04,74682.49,74688.44,6196
1790057760,2026-09-22T11:46:00,74688.54,74688.54,74650.03,74662.89,30526
1790057820,2026-09-22T11:47:00,74663.23,74663.23,74647.21,74655.81,21438
1790057880,2026-09-22T11:48:00,74657.64,74672.04,74651.31,74668.74,13039
1790057940,2026-09-22T11:49:00,74665.17,74672.75,74659.32,74664,10480
1790058000,2026-09-22T11:50:00,74662.59,74672.22,74658.3,74658.3,13551
1790058060,2026-09-22T11:51:00,74657.3,74667.21,74642.64,74649.88,10681
1790058120,2026-09-22T11:52:00,74649.84,74670.68,74647.66,74668.61,11826
1790058180,2026-09-22T11:53:00,74668.61,74669.81,74648.32,74653.38,8207
1790058240,2026-09-22T11:54:00,74651.68,74659.52,74633.86,74633.86,11703
1790058300,2026-09-22T11:55:00,74633.11,74639.5,74614.51,74621.05,25318
1790058360,2026-09-22T11:56:00,74621.46,74627.45,74596.39,74627.45,18629
1790058420,2026-09-22T11:57:00,74630.09,74636.89,74623.29,74630.85,20110
1790058480,2026-09-22T11:58:00,74629.56,74637.29,74622.24,74633.65,9712
1790058540,2026-09-22T11:59:00,74638.99,74652.42,74637.71,74651,7542
1790058600,2026-09-22T12:00:00,74653.62,74661.74,74645.31,74650.88,8177
1790058660,2026-09-22T12:01:00,74650.14,74650.14,74631.62,74642.68,44584
1790058720,2026-09-22T12:02:00,74638.08,74653.6,74638.08,74644,6727
1790058780,2026-09-22T12:03:00,74642.54,74658.04,74639.66,74655.66,11094
1790058840,2026-09-22T12:04:00,74655.44,74659.95,74644.22,74653.6,7320
1790058900,2026-09-22T12:05:00,74652.22,74658.78,74648.65,74652.75,6278
1790058960,2026-09-22T12:06:00,74654.38,74656.56,74645.05,74645.46,10712
1790059020,2026-09-22T12:07:00,74642.23,74645.46,74634.58,74638.23,18437
1790059080,2026-09-22T12:08:00,74640.15,74664.93,74634.97,74664.08,12065
1790059140,2026-09-22T12:09:00,74662.89,74666.71,74654.48,74663.17,78984
1790059200,2026-09-22T12:10:00,74664.79,74677.3,74663.68,74671.04,11143
1790059260,2026-09-22T12:11:00,74672.26,74673.18,74647.91,74650.85,14964
1790059320,2026-09-22T12:12:00,74648.99,74656.2,74645.54,74649.78,180043
1790059380,2026-09-22T12:13:00,74647.67,74651.6,74637.81,74637.81,6065
1790059440,2026-09-22T12:14:00,74637.81,74642.9,74634.75,74638.25,15024
1790059500,2026-09-22T12:15:00,74637.91,74639.33,74618.21,74618.63,22891
1790059560,2026-09-22T12:16:00,74618.31,74635.77,74612.89,74635.77,10856
1790059620,2026-09-22T12:17:00,74632.55,74651.28,74630.98,74650.72,15119
1790059680,2026-09-22T12:18:00,74651.9,74660.02,74647.61,74657.27,12666
1790059740,2026-09-22T12:19:00,74657.16,74665.88,74652.14,74661.92,11954
1790059800,2026-09-22T12:20:00,74662.03,74672.1,74656.43,74658.23,4342
1790059860,2026-09-22T12:21:00,74657.58,74671.73,74655.12,74668.88,22573
1790059920,2026-09-22T12:22:00,74667.55,74670.88,74659.17,74663.67,9593
1790059980,2026-09-22T12:23:00,74663.12,74670.8,74655.05,74664.82,14320
1790060040,2026-09-22T12:24:00,74664.52,74664.52,74651.12,74656.48,10808
1790060100,2026-09-22T12:25:00,74655.72,74660.88,74647.05,74655.84,20683
1790060160,2026-09-22T12:26:00,74656.07,74663.48,74650.74,74654.61,7542
1790060220,2026-09-22T12:27:00,74656.2,74669.31,74641.32,74650.2,26979
1790060280,2026-09-22T12:28:00,74650.2,74667.38,74648.32,74663.36,16467
1790060340,2026-09-22T12:29:00,74664.28,74670.53,74643.31,74645.6,9655
1790060400,2026-09-22T12:30:00,74644.78,74648.71,74627.65,74637.78,12620
1790060460,2026-09-22T12:31:00,74637.78,74642.37,74622.4,74639.66,6662
1790060520,2026-09-22T12:32:00,74642.19,74656.79,74642.19,74654.05,12639
1790060580,2026-09-22T12:33:00,74654.05,74668.16,74653.2,74658.98,5282
1790060640,2026-09-22T12:34:00,74658,74659.64,74646.68,74658.54,13781
1790060700,2026-09-22T12:35:00,74659.76,74665.53,74654.94,74660.16,8786
1790060760,2026-09-22T12:36:00,74660.16,74660.69,74642.58,74652.29,18752
1790060820,2026-09-22T12:37:00,74651.89,74655.36,74644.08,74651.41,7709
1790060880,2026-09-22T12:38:00,74651.19,74667.84,74647.68,74662.36,111189
1790060940,2026-09-22T12:39:00,74660,74662.81,74646.02,74653.83,26544
1790061000,2026-09-22T12:40:00,74653.98,74660.87,74642.04,74660.87,16210
1790061060,2026-09-22T12:41:00,74658.3,74662.24,74654.64,74655.25,10158
1790061120,2026-09-22T12:42:00,74656.54,74657.54,74647.84,74647.84,9073
1790061180,2026-09-22T12:43:00,74648.48,74652.04,74624.41,74627.54,22925
1790061240,2026-09-22T12:44:00,74627.54,74628,74602.99,74602.99,412441
1790061300,2026-09-22T12:45:00,74605.94,74608.68,74584.93,74600.56,14633
1790061360,2026-09-22T12:46:00,74599.05,74611.43,74587.38,74611.06,14196
1790061420,2026-09-22T12:47:00,74607.13,74613.14,74599.06,74610.67,24855
1790061480,2026-09-22T12:48:00,74609.13,74616.23,74608.57,74614.23,13895
1790061540,2026-09-22T12:49:00,74615.51,74621.91,74597.74,74600.91,21458
1790061600,2026-09-22T12:50:00,74598.89,74599.07,74572.54,74572.59,7518
1790061660,2026-09-22T12:51:00,74570.97,74580.01,74567.89,74576.21,17361
1790061720,2026-09-22T12:52:00,74575.67,74594.58,74574.73,74592.86,18092
1790061780,2026-09-22T12:53:00,74590.5,74605.37,74583.27,74589.61,12766
1790061840,2026-09-22T12:54:00,74589.61,74592.78,74578.18,74588,9309
1790061900,2026-09-22T12:55:00,74584.24,74586.76,74561.19,74561.19,14259
1790061960,2026-09-22T12:56:00,74558.27,74565.19,74552.3,74564.77,6402
1790062020,2026-09-22T12:57:00,74567.47,74580.9,74563.42,74565.5,6700
1790062080,2026-09-22T12:58:00,74566.08,74573.45,74562.97,74569.72,10078
1790062140,2026-09-22T12:59:00,74567.15,74569.28,74558.44,74566.9,4083
1790062200,2026-09-22T13:00:00,74566.6,74567.75,74516.79,74521.94,19172
1790062260,2026-09-22T13:01:00,74525.27,74547.28,74521.35,74547.28,13974
1790062320,2026-09-22T13:02:00,74547.03,74558.53,74531.85,74534.24,11253
1790062380,2026-09-22T13:03:00,74536.63,74536.63,74522.29,74528.1,6284
1790062440,2026-09-22T13:04:00,74528.1,74537.22,74523.97,74535.97,6633
1790062500,2026-09-22T13:05:00,74533.91,74540.23,74530.98,74539.57,10477
1790062560,2026-09-22T13:06:00,74540.3,74548.34,74536.49,74544.18,7795
1790062620,2026-09-22T13:07:00,74546.42,74568.07,74546.42,74565.98,21547
1790062680,2026-09-22T13:08:00,74566.28,74571.69,74560.62,74566.12,109458
1790062740,2026-09-22T13:09:00,74566.42,74576.06,74566.42,74575.64,14408
1790062800,2026-09-22T13:10:00,74577.26,74587.85,74575.57,74582.12,11377
1790062860,2026-09-22T13:11:00,74582.12,74582.95,74575.17,74577.68,7826
1790062920,2026-09-22T13:12:00,74578.61,74585.26,74573.66,74576.15,3560
1790062980,2026-09-22T13:13:00,74576.93,74582.89,74569.47,74576.9,4961
1790063040,2026-09-22T13:14:00,74576.9,74584.75,74575.56,74575.56,6556
1790063100,2026-09-22T13:15:00,74578.4,74591.67,74575.33,74584.34,229100
1790063160,2026-09-22T13:16:00,74584.39,74585.9,74570.31,74573.16,17141
1790063220,2026-09-22T13:17:00,74572.36,74573.1,74557.4,74561.23,10646
1790063280,2026-09-22T13:18:00,74560.6,74564.13,74546.1,74551.27,6585
1790063340,2026-09-22T13:19:00,74552.49,74567.75,74552.25,74558.12,7389
1790063400,2026-09-22T13:20:00,74557.89,74564.58,74549.86,74557.17,8263
1790063460,2026-09-22T13:21:00,74561.89,74562.49,74543.61,74543.61,6336
1790063520,2026-09-22T13:22:00,74543.61,74545.98,74535.73,74544.21,5577
1790063580,2026-09-22T13:23:00,74543.57,74549.38,74537.48,74548.89,11288
1790063640,2026-09-22T13:24:00,74548.89,74552.72,74540.68,74547.12,6742
1790063700,2026-09-22T13:25:00,74546.67,74556.93,74540.09,74556.52,32423
1790063760,2026-09-22T13:26:00,74556.93,74558.27,74545.36,74550.64,5628
1790063820,2026-09-22T13:27:00,74548.62,74572.1,74548.62,74572.1,7702
1790063880,2026-09-22T13:28:00,74571.79,74585.83,74570,74584.73,12778
1790063940,2026-09-22T13:29:00,74585.32,74589.68,74576.83,74588.6,11021
1790064000,2026-09-22T13:30:00,74588.25,74592.59,74581.98,74588.43,8470
1790064060,2026-09-22T13:31:00,74591.59,74595.5,74587.78,74593.33,9006
1790064120,2026-09-22T13:32:00,74595.15,74604.1,74588.02,74592,4921
1790064180,2026-09-22T13:33:00,74592.46,74595.42,74584.19,74590.23,5461
1790064240,2026-09-22T13:34:00,74592.61,74601.31,74590.56,74600.43,3254
1790064300,2026-09-22T13:35:00,74599.21,74604.11,74593.13,74604.11,6590
1790064360,2026-09-22T13:36:00,74605.49,74612.47,74601.89,74612.47,8225
1790064420,2026-09-22T13:37:00,74611.7,74611.7,74602.92,74608.68,5373
1790064480,2026-09-22T13:38:00,74605.32,74611.67,74602.32,74603.89,12588
1790064540,2026-09-22T13:39:00,74599.67,74615.13,74599.67,74614.11,11166
1790064600,2026-09-22T13:40:00,74613.91,74620.88,74610.76,74615.26,4197
1790064660,2026-09-22T13:41:00,74615.26,74618.69,74612.29,74615.83,9726
1790064720,2026-09-22T13:42:00,74616.99,74637.14,74612.35,74631.39,6155
1790064780,2026-09-22T13:43:00,74629.47,74631.19,74609.48,74613.35,5460
1790064840,2026-09-22T13:44:00,74613.24,74615.38,74600.11,74600.11,6909
1790064900,2026-09-22T13:45:00,74592.93,74595.18,74558.89,74565.2,10905
1790064960,2026-09-22T13:46:00,74564.79,74568.56,74558.52,74564.47,7914
1790065020,2026-09-22T13:47:00,74565.59,74578.66,74560.76,74574.17,4928
1790065080,2026-09-22T13:48:00,74575.72,74576.02,74556.16,74562.33,11504
1790065140,2026-09-22T13:49:00,74561.03,74561.03,74538.61,74553.95,19143
1790065200,2026-09-22T13:50:00,74555.83,74555.97,74538.16,74542.79,1003926
1790065260,2026-09-22T13:51:00,74543.55,74550.48,74528.49,74532.62,9555
1790065320,2026-09-22T13:52:00,74532.82,74545.06,74527.53,74544.2,14780
1790065380,2026-09-22T13:53:00,74544.89,74545.62,74485.92,74485.92,13559
1790065440,2026-09-22T13:54:00,74484.81,74487.63,74461.05,74473.51,62651
1790065500,2026-09-22T13:55:00,74472.19,74506.26,74472.19,74488.76,19562
1790065560,2026-09-22T13:56:00,74488.63,74492.09,74468.54,74469.35,8384
1790065620,2026-09-22T13:57:00,74469.35,74480.04,74462.64,74467.86,7129
1790065680,2026-09-22T13:58:00,74469.26,74483.76,74469.26,74471.37,11257
1790065740,2026-09-22T13:59:00,74476.63,74485.15,74469.89,74476.99,7518
1790065800,2026-09-22T14:00:00,74476.99,74476.99,74425.28,74429.01,25703
1790065860,2026-09-22T14:01:00,74429.18,74452.89,74423.71,74452.89,10667
1790065920,2026-09-22T14:02:00,74451.16,74460.76,74435.17,74453.13,12246
1790065980,2026-09-22T14:03:00,74451.59,74462.54,74448.17,74450.94,6151
1790066040,2026-09-22T14:04:00,74452.54,74470.42,74442.7,74470.42,6006
1790066100,2026-09-22T14:05:00,74471.51,74485.16,74456.21,74456.64,8267
1790066160,2026-09-22T14:06:00,74459.71,74469.08,74446.42,74469.08,7194
1790066220,2026-09-22T14:07:00,74473.26,74478.06,74454.21,74458.02,9136
1790066280,2026-09-22T14:08:00,74459.58,74460.89,74444.28,74454.35,5917
1790066340,2026-09-22T14:09:00,74454.35,74486.6,74454.35,74483.44,29272
1790066400,2026-09-22T14:10:00,74485.42,74524.64,74485.42,74521.34,16448
1790066460,2026-09-22T14:11:00,74521.94,74536.51,74508.77,74531.66,9517
1790066520,2026-09-22T14:12:00,74536.11,74573.69,74531.92,74572.76,43122
1790066580,2026-09-22T14:13:00,74575.03,74585.51,74560.67,74569.71,10434
1790066640,2026-09-22T14:14:00,74569.63,74713.72,74561.2,74713.72,33423
1790066700,2026-09-22T14:15:00,74717.3,74781.94,74717.3,74731.34,40834
1790066760,2026-09-22T14:16:00,74725.1,74725.1,74676.51,74699.44,21393
1790066820,2026-09-22T14:17:00,74707.45,74730.77,74704.92,74728.2,26069
1790066880,2026-09-22T14:18:00,74731,74749.17,74729.52,74740.77,23723
1790066940,2026-09-22T14:19:00,74739.64,74745.04,74729.75,74737.67,11109
1790067000,2026-09-22T14:20:00,74737.79,74770.85,74737.79,74762.37,22781
1790067060,2026-09-22T14:21:00,74765.98,74782.75,74765.98,74768.52,36475
1790067120,2026-09-22T14:22:00,74772.9,74778.72,74765.58,74770.21,10875
1790067180,2026-09-22T14:23:00,74770.25,74779.04,74764.46,74764.46,14786
1790067240,2026-09-22T14:24:00,74761.89,74761.89,74719.4,74720.64,11642
1790067300,2026-09-22T14:25:00,74721.03,74750.37,74721.03,74750.37,27466
1790067360,2026-09-22T14:26:00,74753.53,74756.14,74733.1,74753.09,7603
1790067420,2026-09-22T14:27:00,74753.86,74757.18,74726.15,74757.18,11062
1790067480,2026-09-22T14:28:00,74755.53,74755.71,74736.35,74745.35,9931
1790067540,2026-09-22T14:29:00,74744.14,74760.27,74742.56,74749.44,9092
1790067600,2026-09-22T14:30:00,74746.93,74752.72,74737.38,74739.72,11784
1790067660,2026-09-22T14:31:00,74744.3,74757.12,74744.3,74752.05,28031
1790067720,2026-09-22T14:32:00,74748.94,74770.45,74748.94,74763.14,27761
1790067780,2026-09-22T14:33:00,74763.08,74766.27,74742.24,74748.43,27573
1790067840,2026-09-22T14:34:00,74748.43,74748.43,74720.92,74721.72,80154
1790067900,2026-09-22T14:35:00,74721.72,74754.33,74720.08,74754.33,26124
1790067960,2026-09-22T14:36:00,74754.22,74760.24,74745.46,74758.31,7473
1790068020,2026-09-22T14:37:00,74758.2,74765.54,74739.68,74752.92,65724
1790068080,2026-09-22T14:38:00,74756.72,74756.72,74744.09,74744.54,44146
1790068140,2026-09-22T14:39:00,74744.54,74748.88,74732.06,74743.97,23173
1790068200,2026-09-22T14:40:00,74743.13,74744.01,74726.47,74726.47,14270
1790068260,2026-09-22T14:41:00,74724.98,74728.85,74709.08,74716.29,9837
1790068320,2026-09-22T14:42:00,74724,74725.73,74672.64,74684.07,10753
1790068380,2026-09-22T14:43:00,74678.8,74692.93,74678.1,74686.16,11689
1790068440,2026-09-22T14:44:00,74689.04,74694.5,74681.47,74681.47,11721
1790068500,2026-09-22T14:45:00,74684.5,74720.45,74681.43,74718.15,15727
1790068560,2026-09-22T14:46:00,74718.49,74720.86,74706.68,74715.14,32517
1790068620,2026-09-22T14:47:00,74716.08,74716.65,74703.89,74713.29,42508
1790068680,2026-09-22T14:48:00,74712.21,74718.35,74700.98,74706.06,12726
1790068740,2026-09-22T14:49:00,74707.05,74708.93,74698.74,74704.31,7225
1790068800,2026-09-22T14:50:00,74705,74724.17,74686.84,74722.24,21458
1790068860,2026-09-22T14:51:00,74726.45,74736.38,74715.98,74715.98,15334
1790068920,2026-09-22T14:52:00,74716.71,74724.24,74698.94,74724.24,12542
1790068980,2026-09-22T14:53:00,74724.97,74728.7,74701.1,74701.1,24175
1790069040,2026-09-22T14:54:00,74701.96,74719.4,74700.52,74716.13,9887
1790069100,2026-09-22T14:55:00,74715.14,74734.62,74695,74706.12,15838
1790069160,2026-09-22T14:56:00,74709.89,74713.01,74697.33,74702.6,14483
1790069220,2026-09-22T14:57:00,74703.85,74706.7,74687.33,74690.07,15760
1790069280,2026-09-22T14:58:00,74690.77,74691.89,74671.79,74673.07,12047
1790069340,2026-09-22T14:59:00,74669.78,74669.78,74638.61,74644.84,23414
1790069400,2026-09-22T15:00:00,74645.66,74670.6,74643.18,74652.9,24617
1790069460,2026-09-22T15:01:00,74659.25,74668.82,74641.58,74665,29536
1790069520,2026-09-22T15:02:00,74664.53,74672.46,74659.12,74669.17,44296
1790069580,2026-09-22T15:03:00,74670.83,74672.37,74647.3,74653.03,24363
1790069640,2026-09-22T15:04:00,74652.85,74671.37,74652.85,74664.63,24152
1790069700,2026-09-22T15:05:00,74664.61,74670.79,74648.38,74665.29,27834
1790069760,2026-09-22T15:06:00,74656.11,74657.86,74637.48,74651.26,27977
1790069820,2026-09-22T15:07:00,74649.21,74656.6,74634.08,74638.76,26796
1790069880,2026-09-22T15:08:00,74637.75,74644.37,74624.89,74626.52,16958
1790069940,2026-09-22T15:09:00,74626.41,74650.72,74626.41,74638.59,59124
1790070000,2026-09-22T15:10:00,74640.83,74655.94,74634.09,74644.42,32807
1790070060,2026-09-22T15:11:00,74645.63,74672.31,74643.33,74662.17,72439
1790070120,2026-09-22T15:12:00,74668.2,74670.41,74637.72,74656.08,283801
1790070180,2026-09-22T15:13:00,74653.36,74657.36,74631.85,74631.85,62993
1790070240,2026-09-22T15:14:00,74634.55,74682.52,74633.67,74654.82,26765
1790070300,2026-09-22T15:15:00,74653.15,74653.15,74653.15,74653.15,26765
1790070360,2026-09-22T15:16:00,74653.15,74653.15,74653.15,74653.15,26765
1790070420,2026-09-22T15:17:00,74653.15,74653.15,74653.15,74653.15,26765
1790070480,2026-09-22T15:18:00,74653.15,74653.15,74653.15,74653.15,26765
1790070540,2026-09-22T15:19:00,74653.15,74653.15,74653.15,74653.15,26765
1790070600,2026-09-22T15:20:00,74653.15,74653.15,74653.15,74653.15,26765
1790070660,2026-09-22T15:21:00,74653.15,74653.15,74653.15,74653.15,26765
1790070720,2026-09-22T15:22:00,74653.15,74653.15,74653.15,74653.15,26765
1790070780,2026-09-22T15:23:00,74653.15,74653.15,74653.15,74653.15,26765
1790070840,2026-09-22T15:24:00,74653.15,74653.15,74653.15,74653.15,26765
1790070900,2026-09-22T15:25:00,74653.15,74653.15,74653.15,74653.15,26765
1790070960,2026-09-22T15:26:00,74653.15,74653.15,74653.15,74653.15,26765
1790071020,2026-09-22T15:27:00,74653.15,74653.15,74653.15,74653.15,26765
1790071080,2026-09-22T15:28:00,74653.15,74653.15,74529.08,74529.08,26765
1790071140,2026-09-22T15:29:00,74529.08,74529.08,74529.08,74529.08,26765
1790135100,2026-09-23T09:15:00,74648.32,74770.06,74617.09,74649.29,110430
1790135160,2026-09-23T09:16:00,74649.73,74682.7,74641.14,74660.48,70044
1790135220,2026-09-23T09:17:00,74667.73,74713.77,74667.73,74708.09,57640
1790135280,2026-09-23T09:18:00,74707.96,74778.76,74706.79,74723.8,39924
1790135340,2026-09-23T09:19:00,74723.62,74781.52,74722.45,74771.09,62249
1790135400,2026-09-23T09:20:00,74770.96,74799.35,74767.71,74786.6,44772
1790135460,2026-09-23T09:21:00,74782.82,74803.11,74781,74797.79,68929
1790135520,2026-09-23T09:22:00,74797.62,74812.74,74775.14,74780.65,66139
1790135580,2026-09-23T09:23:00,74782.88,74782.88,74744.67,74748.32,236671
1790135640,2026-09-23T09:24:00,74739.43,74748.49,74716.64,74723.1,35309
1790135700,2026-09-23T09:25:00,74722.09,74722.09,74668.03,74675.68,59064
1790135760,2026-09-23T09:26:00,74680.28,74701.68,74670.16,74672.65,34434
1790135820,2026-09-23T09:27:00,74671.97,74691.17,74661.54,74665.79,38030
1790135880,2026-09-23T09:28:00,74662.41,74678.49,74650.02,74655.54,24365
1790135940,2026-09-23T09:29:00,74656.26,74666.07,74645.61,74652.21,21915
1790136000,2026-09-23T09:30:00,74642.86,74660.32,74642.86,74651.94,37024
1790136060,2026-09-23T09:31:00,74652.31,74661.21,74632.55,74634.07,29671
1790136120,2026-09-23T09:32:00,74638.11,74645.66,74629.27,74640.7,16146
1790136180,2026-09-23T09:33:00,74639.6,74644.18,74632.25,74637.82,10591
1790136240,2026-09-23T09:34:00,74637.64,74652.18,74629.1,74648.09,64537
1790136300,2026-09-23T09:35:00,74655.46,74674.76,74655.46,74662.11,22674
1790136360,2026-09-23T09:36:00,74663.61,74672.5,74642.44,74653.38,24125
1790136420,2026-09-23T09:37:00,74653.4,74681.75,74653.4,74678.7,23858
1790136480,2026-09-23T09:38:00,74678.8,74691.23,74674.33,74688.19,11482
1790136540,2026-09-23T09:39:00,74686.89,74690.6,74655.17,74656.23,8789
1790136600,2026-09-23T09:40:00,74656.08,74693.69,74656.08,74687.41,13326
1790136660,2026-09-23T09:41:00,74687.67,74697.24,74683.82,74690.79,9537
1790136720,2026-09-23T09:42:00,74691.82,74701.25,74682.92,74698.12,10840
1790136780,2026-09-23T09:43:00,74696.31,74702.11,74688.26,74700.33,19902
1790136840,2026-09-23T09:44:00,74700.42,74705.15,74689.59,74699.8,22043
1790136900,2026-09-23T09:45:00,74699.8,74720.25,74698.84,74704.42,11965
1790136960,2026-09-23T09:46:00,74703.81,74718.62,74697.68,74703.21,13809
1790137020,2026-09-23T09:47:00,74703.8,74716.05,74698.34,74715,17661
1790137080,2026-09-23T09:48:00,74713.2,74716.32,74677.51,74680.16,15759
1790137140,2026-09-23T09:49:00,74679.67,74679.67,74642.17,74651.53,19818
1790137200,2026-09-23T09:50:00,74650.48,74655.38,74639.51,74643.99,13617
1790137260,2026-09-23T09:51:00,74643.91,74645.26,74627.49,74635.87,20786
1790137320,2026-09-23T09:52:00,74635.06,74645.4,74632.82,74639.95,7545
1790137380,2026-09-23T09:53:00,74639.53,74650.55,74630.91,74636.97,19899
1790137440,2026-09-23T09:54:00,74638.01,74638.01,74603.71,74611.89,20364
1790137500,2026-09-23T09:55:00,74611.89,74619.69,74599.88,74616.08,25524
1790137560,2026-09-23T09:56:00,74619.54,74658.45,74619.54,74658.45,14883
1790137620,2026-09-23T09:57:00,74663.82,74676.37,74660.79,74671.27,17438
1790137680,2026-09-23T09:58:00,74672.43,74674.61,74664.27,74667.12,8989
1790137740,2026-09-23T09:59:00,74666.13,74683.28,74663.77,74683.28,12937
1790137800,2026-09-23T10:00:00,74681.75,74711.82,74681.75,74701.92,14821
1790137860,2026-09-23T10:01:00,74697.93,74709.22,74690.39,74695.85,5720
1790137920,2026-09-23T10:02:00,74695.85,74697.82,74674.9,74682.92,19091
1790137980,2026-09-23T10:03:00,74681.54,74692.83,74680.14,74688.57,19586
1790138040,2026-09-23T10:04:00,74688.75,74697.78,74683.76,74693.92,13089
1790138100,2026-09-23T10:05:00,74694.69,74702.27,74694.35,74697.47,10543
1790138160,2026-09-23T10:06:00,74701.07,74704.24,74693.98,74695.08,13082
1790138220,2026-09-23T10:07:00,74690.54,74692.65,74668.21,74677.06,29817
1790138280,2026-09-23T10:08:00,74680.63,74685.13,74671.34,74680.64,9971
1790138340,2026-09-23T10:09:00,74675.25,74678.14,74659.51,74662.54,12276
1790138400,2026-09-23T10:10:00,74664.81,74668.26,74652.73,74659.34,21677
1790138460,2026-09-23T10:11:00,74654.48,74660.66,74627.38,74628.56,28783
1790138520,2026-09-23T10:12:00,74628.56,74639.04,74617.87,74629.7,27173
1790138580,2026-09-23T10:13:00,74628.58,74649.74,74628.34,74644.32,16905
1790138640,2026-09-23T10:14:00,74642.15,74653.63,74640.13,74646.4,9349
1790138700,2026-09-23T10:15:00,74645.61,74680.51,74645.61,74680.51,31038
1790138760,2026-09-23T10:16:00,74684.52,74694.64,74678.13,74693.17,512529
1790138820,2026-09-23T10:17:00,74693.39,74722.11,74691.67,74720.52,23046
1790138880,2026-09-23T10:18:00,74720.51,74741.46,74709.7,74734.36,17928
1790138940,2026-09-23T10:19:00,74736.5,74736.84,74721.16,74736.64,13565
1790139000,2026-09-23T10:20:00,74736.34,74752.32,74732.39,74751.37,21547
1790139060,2026-09-23T10:21:00,74749.34,74755.03,74741.57,74752.33,20899
1790139120,2026-09-23T10:22:00,74747.29,74750.85,74725.78,74727.5,19098
1790139180,2026-09-23T10:23:00,74726.72,74744.64,74726.5,74741.6,9970
1790139240,2026-09-23T10:24:00,74739.49,74744.21,74736.96,74743.58,36787
1790139300,2026-09-23T10:25:00,74743.07,74743.07,74720.48,74725.43,7869
1790139360,2026-09-23T10:26:00,74726.11,74736.36,74719.1,74735.55,12813
1790139420,2026-09-23T10:27:00,74736.64,74745.59,74730.02,74737.67,28045
1790139480,2026-09-23T10:28:00,74737.67,74759.82,74737.33,74754.02,7305
1790139540,2026-09-23T10:29:00,74753.94,74765.34,74750.24,74760.17,10454
1790139600,2026-09-23T10:30:00,74759.71,74765.69,74753.97,74765.69,9667
1790139660,2026-09-23T10:31:00,74765.8,74771.33,74756.78,74771.14,1016057
1790139720,2026-09-23T10:32:00,74770.6,74774.25,74766.68,74770.25,10814
1790139780,2026-09-23T10:33:00,74770.84,74778.51,74765.9,74774.51,17213
1790139840,2026-09-23T10:34:00,74773.98,74776.15,74761.81,74765.67,10677
1790139900,2026-09-23T10:35:00,74764.21,74774.88,74752.92,74752.92,14642
1790139960,2026-09-23T10:36:00,74752.63,74780.14,74752.63,74780.14,22540
1790140020,2026-09-23T10:37:00,74778.92,74786.8,74774.13,74786.01,13299
1790140080,2026-09-23T10:38:00,74788.47,74793.68,74785.9,74792.17,21478
1790140140,2026-09-23T10:39:00,74792.49,74803.45,74792.49,74796.04,16367
1790140200,2026-09-23T10:40:00,74795.96,74797.76,74778.74,74794.61,51992
1790140260,2026-09-23T10:41:00,74796.35,74803.54,74789.29,74797.13,18390
1790140320,2026-09-23T10:42:00,74796.81,74797.21,74781.79,74789.64,23003
1790140380,2026-09-23T10:43:00,74791.21,74795.56,74786.06,74787.79,5809
1790140440,2026-09-23T10:44:00,74790.19,74801.44,74789.73,74794.51,8458
1790140500,2026-09-23T10:45:00,74793.95,74815.39,74787.71,74809,19069
1790140560,2026-09-23T10:46:00,74809.28,74827.76,74808.23,74817.72,92212
1790140620,2026-09-23T10:47:00,74813.97,74831.79,74813.69,74818.3,20814
1790140680,2026-09-23T10:48:00,74819.52,74828.53,74814.12,74828.16,25933
1790140740,2026-09-23T10:49:00,74828.16,74828.67,74807.85,74819.51,286563
1790140800,2026-09-23T10:50:00,74815.66,74823.38,74812.6,74821.5,12094
1790140860,2026-09-23T10:51:00,74817.51,74823.93,74802.34,74802.34,26775
1790140920,2026-09-23T10:52:00,74801,74819.03,74799.75,74809.95,14867
1790140980,2026-09-23T10:53:00,74810.89,74825.61,74797.28,74824.27,21690
1790141040,2026-09-23T10:54:00,74824.5,74833.03,74812.81,74818.32,14572
1790141100,2026-09-23T10:55:00,74817.63,74826.46,74808.45,74820.07,10804
1790141160,2026-09-23T10:56:00,74822.05,74835.27,74815.09,74829.54,13123
1790141220,2026-09-23T10:57:00,74824.94,74832.41,74812.8,74819.1,12133
1790141280,2026-09-23T10:58:00,74817.6,74822.97,74813.23,74816.74,17424
1790141340,2026-09-23T10:59:00,74812.91,74816.09,74803.08,74811.69,12370
1790141400,2026-09-23T11:00:00,74809.88,74812.46,74802.89,74812.46,19920
1790141460,2026-09-23T11:01:00,74812.46,74819.34,74810.32,74819.34,20166
1790141520,2026-09-23T11:02:00,74818.25,74824.57,74812.66,74819.86,8941
1790141580,2026-09-23T11:03:00,74819.56,74832.17,74817.07,74826.34,11345
1790141640,2026-09-23T11:04:00,74825.75,74829.07,74813.86,74822,19980
1790141700,2026-09-23T11:05:00,74822.3,74839.57,74819.88,74834.44,22416
1790141760,2026-09-23T11:06:00,74832.46,74852.52,74831.52,74852.13,10128
1790141820,2026-09-23T11:07:00,74852.36,74872.83,74850.39,74870.42,12565
1790141880,2026-09-23T11:08:00,74871.21,74871.21,74853.2,74858.24,21945
1790141940,2026-09-23T11:09:00,74858.24,74861.48,74844.97,74846.11,10471
1790142000,2026-09-23T11:10:00,74844.94,74874.54,74843.9,74865.74,59234
1790142060,2026-09-23T11:11:00,74871.9,74878.16,74854.22,74858.76,10102
1790142120,2026-09-23T11:12:00,74862.85,74882.4,74855.89,74872.78,7438
1790142180,2026-09-23T11:13:00,74871.51,74888.32,74869.85,74881.29,13989
1790142240,2026-09-23T11:14:00,74881.29,74896.54,74879.65,74890.27,11843
1790142300,2026-09-23T11:15:00,74885.59,74885.59,74864.5,74873.49,14827
1790142360,2026-09-23T11:16:00,74872.71,74873.21,74852.66,74862.62,21219
1790142420,2026-09-23T11:17:00,74863.24,74870,74847.54,74849.42,6830
1790142480,2026-09-23T11:18:00,74845.54,74850.07,74838.86,74842.3,8233
1790142540,2026-09-23T11:19:00,74843.49,74851.49,74840.41,74846.38,8451
1790142600,2026-09-23T11:20:00,74847.88,74862.13,74846.47,74856.3,12530
1790142660,2026-09-23T11:21:00,74859.21,74872.6,74855.83,74858.54,16301
1790142720,2026-09-23T11:22:00,74857.93,74870.05,74857.93,74870.01,5780
1790142780,2026-09-23T11:23:00,74870.01,74870.01,74860.07,74865.67,16532
1790142840,2026-09-23T11:24:00,74865.69,74870.62,74859.29,74864.75,5788
1790142900,2026-09-23T11:25:00,74864.75,74866.75,74854.35,74862.32,5668
1790142960,2026-09-23T11:26:00,74862.32,74885.51,74858.57,74879.77,6453
1790143020,2026-09-23T11:27:00,74879.12,74879.12,74867.33,74867.33,11094
1790143080,2026-09-23T11:28:00,74866.43,74868.92,74848.68,74856.43,11128
1790143140,2026-09-23T11:29:00,74852.1,74859.2,74844.04,74852.85,9922
1790143200,2026-09-23T11:30:00,74851.65,74888.96,74849.71,74888.96,200508
1790143260,2026-09-23T11:31:00,74879.35,74890.18,74871.6,74887.28,170510
1790143320,2026-09-23T11:32:00,74888.94,74906.62,74887.39,74903.91,35925
1790143380,2026-09-23T11:33:00,74903.91,74911.92,74897.96,74908.07,20770
1790143440,2026-09-23T11:34:00,74913.67,74917.5,74902.43,74902.43,28612
1790143500,2026-09-23T11:35:00,74906.68,74906.71,74879.84,74880.64,30853
1790143560,2026-09-23T11:36:00,74881.42,74890.48,74881.42,74887.69,12032
1790143620,2026-09-23T11:37:00,74884.77,74899.32,74884.59,74898.2,8284
1790143680,2026-09-23T11:38:00,74896.83,74896.99,74886.2,74892.39,17862
1790143740,2026-09-23T11:39:00,74891.1,74891.4,74873.84,74879.04,21461
1790143800,2026-09-23T11:40:00,74882.51,74887.47,74875.86,74885.85,8199
1790143860,2026-09-23T11:41:00,74888.07,74888.55,74879.15,74881.49,14736
1790143920,2026-09-23T11:42:00,74881.94,74887.82,74873.82,74882.64,5637
1790143980,2026-09-23T11:43:00,74884.56,74892.41,74881.72,74883.89,5387
1790144040,2026-09-23T11:44:00,74883.17,74891.22,74882.81,74887.85,9676
1790144100,2026-09-23T11:45:00,74888.11,74897.64,74887.36,74895.95,8247
1790144160,2026-09-23T11:46:00,74896.44,74902.57,74880.33,74902.57,9214
1790144220,2026-09-23T11:47:00,74898.04,74904.93,74894.64,74901.62,14129
1790144280,2026-09-23T11:48:00,74900.4,74902.28,74882.49,74883.48,5928
1790144340,2026-09-23T11:49:00,74886.23,74896.41,74878.05,74883.31,9287
1790144400,2026-09-23T11:50:00,74880.1,74880.72,74854.88,74858.39,14046
1790144460,2026-09-23T11:51:00,74859.41,74863.23,74849.53,74854.02,8833
1790144520,2026-09-23T11:52:00,74855.12,74873.09,74854.44,74873.09,7583
1790144580,2026-09-23T11:53:00,74873.44,74874.71,74851.66,74860.2,4989
1790144640,2026-09-23T11:54:00,74860.2,74866.52,74850.39,74858.09,15932
1790144700,2026-09-23T11:55:00,74852.95,74860.32,74847.96,74857.31,6714
1790144760,2026-09-23T11:56:00,74857.53,74857.53,74840.7,74851.89,9467
1790144820,2026-09-23T11:57:00,74849.96,74853.54,74841.33,74841.33,12557
1790144880,2026-09-23T11:58:00,74841.39,74852.36,74840.07,74847.4,3180
1790144940,2026-09-23T11:59:00,74849.1,74857.36,74844.44,74857.36,27252
1790145000,2026-09-23T12:00:00,74857.36,74868.99,74852.84,74857.1,30300
1790145060,2026-09-23T12:01:00,74857.37,74883.99,74854.07,74883.99,19145
1790145120,2026-09-23T12:02:00,74883.85,74898.21,74883.85,74898.21,58123
1790145180,2026-09-23T12:03:00,74899.25,74916.42,74896.7,74912.88,27638
1790145240,2026-09-23T12:04:00,74915.95,74915.95,74898.24,74908.95,50113
1790145300,2026-09-23T12:05:00,74909.54,74924.04,74905.09,74921.88,24042
1790145360,2026-09-23T12:06:00,74921.67,74930.94,74911.92,74926.82,17508
1790145420,2026-09-23T12:07:00,74924.13,74932.07,74910.55,74917.02,52475
1790145480,2026-09-23T12:08:00,74912.17,74920.88,74910.77,74915.75,36692
1790145540,2026-09-23T12:09:00,74914.85,74915.59,74903.4,74915.59,33321
1790145600,2026-09-23T12:10:00,74916.98,74934.89,74914.9,74929.29,57173
1790145660,2026-09-23T12:11:00,74931.4,74944.47,74924.81,74934.02,54030
1790145720,2026-09-23T12:12:00,74931.7,74950.85,74931.25,74950.85,39494
1790145780,2026-09-23T12:13:00,74949.51,74954.38,74944.09,74947.28,15446
1790145840,2026-09-23T12:14:00,74949.93,74961.84,74946.4,74946.4,19946
1790145900,2026-09-23T12:15:00,74946.4,74953.86,74943.22,74944.36,12308
1790145960,2026-09-23T12:16:00,74945.28,74950,74938.25,74946.92,15843
1790146020,2026-09-23T12:17:00,74951.1,74953.7,74943.13,74950.59,25853
1790146080,2026-09-23T12:18:00,74951.04,74951.04,74936.02,74948.29,11349
1790146140,2026-09-23T12:19:00,74950.3,74963.51,74946.69,74963.51,9694
1790146200,2026-09-23T12:20:00,74963.51,74973.74,74951.67,74957.37,23122
1790146260,2026-09-23T12:21:00,74957.92,74961.64,74952.04,74955.22,28223
1790146320,2026-09-23T12:22:00,74955.22,74959.98,74947.68,74950.29,511151
1790146380,2026-09-23T12:23:00,74951.11,74955.18,74929.17,74929.17,7582
1790146440,2026-09-23T12:24:00,74929.17,74935.94,74919.18,74935.26,17779
1790146500,2026-09-23T12:25:00,74933.67,74937.63,74917.09,74919.75,30643
1790146560,2026-09-23T12:26:00,74918.35,74923.25,74917.29,74922.2,138678
1790146620,2026-09-23T12:27:00,74922.13,74931.31,74913.4,74925.98,11128
1790146680,2026-09-23T12:28:00,74930.38,74933.86,74925.59,74926.48,10065
1790146740,2026-09-23T12:29:00,74926.48,74935.16,74922.8,74924.72,16225
1790146800,2026-09-23T12:30:00,74924.56,74927.57,74914.41,74918.3,9768
1790146860,2026-09-23T12:31:00,74914.69,74917.22,74898.95,74904.34,13035
1790146920,2026-09-23T12:32:00,74907.5,74914.19,74902.56,74907.71,4879
1790146980,2026-09-23T12:33:00,74907.71,74922.79,74906.79,74920.24,14135
1790147040,2026-09-23T12:34:00,74921.1,74921.1,74910.12,74918.66,6196
1790147100,2026-09-23T12:35:00,74919.32,74931.66,74912.2,74927.36,167816
1790147160,2026-09-23T12:36:00,74928.84,74932.78,74921,74921.46,65254
1790147220,2026-09-23T12:37:00,74921.46,74926.93,74918.12,74924.44,37439
1790147280,2026-09-23T12:38:00,74922.08,74926.07,74917.78,74925.45,9933
1790147340,2026-09-23T12:39:00,74927.86,74934.68,74920.14,74925.68,16543
1790147400,2026-09-23T12:40:00,74925.72,74936.77,74925.02,74936.77,8807
1790147460,2026-09-23T12:41:00,74936.66,74937.69,74928.43,74928.73,8149
1790147520,2026-09-23T12:42:00,74929.04,74934.22,74920.81,74927.63,10572
1790147580,2026-09-23T12:43:00,74927.63,74931.58,74920.49,74925.79,14509
1790147640,2026-09-23T12:44:00,74923.36,74929.99,74919.59,74921.25,8888
1790147700,2026-09-23T12:45:00,74919.96,74925.67,74917.8,74923.95,4956
1790147760,2026-09-23T12:46:00,74924.82,74929.52,74914.3,74914.5,18911
1790147820,2026-09-23T12:47:00,74914.5,74915.7,74904.04,74904.04,7396
1790147880,2026-09-23T12:48:00,74900.82,74909.65,74900.82,74901.08,5593
1790147940,2026-09-23T12:49:00,74902.15,74912.98,74900.38,74908.1,17471
1790148000,2026-09-23T12:50:00,74908.02,74919.33,74908.02,74918.25,5692
1790148060,2026-09-23T12:51:00,74917.49,74932.13,74917.49,74925.25,8563
1790148120,2026-09-23T12:52:00,74925.25,74933.32,74920.96,74925.3,33305
1790148180,2026-09-23T12:53:00,74924.88,74930.61,74920.33,74922.01,13763
1790148240,2026-09-23T12:54:00,74920.62,74920.62,74906.31,74908.97,16147
1790148300,2026-09-23T12:55:00,74908.61,74917.65,74904.61,74904.95,21384
1790148360,2026-09-23T12:56:00,74900.1,74918.78,74900.1,74909.1,17171
1790148420,2026-09-23T12:57:00,74908.41,74915.66,74907.05,74911.48,14418
1790148480,2026-09-23T12:58:00,74912.09,74924.11,74909,74921.69,6364
1790148540,2026-09-23T12:59:00,74921.29,74925.93,74915.92,74921.96,11390
1790148600,2026-09-23T13:00:00,74921.96,74928.75,74913,74918.36,17356
1790148660,2026-09-23T13:01:00,74918.95,74931.84,74915.72,74917.58,8978
1790148720,2026-09-23T13:02:00,74917.58,74935.43,74915.4,74931.28,16584
1790148780,2026-09-23T13:03:00,74930.78,74940.38,74925.69,74940.38,512138
1790148840,2026-09-23T13:04:00,74940.53,74946.08,74932.83,74937.72,11457
1790148900,2026-09-23T13:05:00,74937.04,74939.42,74915.7,74918.47,7350
1790148960,2026-09-23T13:06:00,74917.12,74920.98,74909.99,74911.45,5796
1790149020,2026-09-23T13:07:00,74911.3,74938.11,74910.62,74937.36,21189
1790149080,2026-09-23T13:08:00,74937.36,74942.52,74922,74937.3,32435
1790149140,2026-09-23T13:09:00,74937.3,74937.3,74907.57,74907.57,145785
1790149200,2026-09-23T13:10:00,74912.72,74919.58,74901.13,74901.13,14910
1790149260,2026-09-23T13:11:00,74907.56,74910.93,74896.33,74903.53,6304
1790149320,2026-09-23T13:12:00,74903.53,74909.28,74895.6,74896.72,5957
1790149380,2026-09-23T13:13:00,74897.7,74899.59,74888.05,74897.53,7689
1790149440,2026-09-23T13:14:00,74893.54,74903.41,74892.56,74902.29,23297
1790149500,2026-09-23T13:15:00,74902.59,74902.59,74893.03,74898.13,5893
1790149560,2026-09-23T13:16:00,74898.96,74904.11,74896.35,74899.5,8367
1790149620,2026-09-23T13:17:00,74896.83,74913.64,74896.37,74901.7,22733
1790149680,2026-09-23T13:18:00,74902.4,74907.41,74898.22,74901.08,49141
1790149740,2026-09-23T13:19:00,74898.12,74908,74898.12,74904.9,9121
1790149800,2026-09-23T13:20:00,74903.02,74909.71,74899.59,74901.18,4101
1790149860,2026-09-23T13:21:00,74903.01,74911.08,74899.68,74906.09,19411
1790149920,2026-09-23T13:22:00,74902.67,74917.91,74902.67,74911.6,68101
1790149980,2026-09-23T13:23:00,74911.86,74912.74,74905.33,74910.56,6485
1790150040,2026-09-23T13:24:00,74910.56,74913.7,74908.14,74908.14,28673
1790150100,2026-09-23T13:25:00,74907.71,74917.13,74902.93,74905.91,10884
1790150160,2026-09-23T13:26:00,74906.08,74915.9,74905.04,74914.17,4917
1790150220,2026-09-23T13:27:00,74914.17,74918.12,74905.65,74906.69,14675
1790150280,2026-09-23T13:28:00,74909.27,74912.76,74899.15,74904.44,9221
1790150340,2026-09-23T13:29:00,74905.16,74905.51,74874.37,74876.81,18966
1790150400,2026-09-23T13:30:00,74879.38,74879.79,74859.77,74860.82,16268
1790150460,2026-09-23T13:31:00,74860.82,74870.87,74857.88,74857.88,15389
1790150520,2026-09-23T13:32:00,74858.88,74858.88,74839.38,74841.01,10924
1790150580,2026-09-23T13:33:00,74838.61,74844.33,74835.58,74835.58,5936
1790150640,2026-09-23T13:34:00,74831.73,74841.65,74826.35,74834.24,6486
1790150700,2026-09-23T13:35:00,74836.22,74837.25,74815.35,74815.35,37901
1790150760,2026-09-23T13:36:00,74815.01,74817.37,74805.53,74813.06,5469
1790150820,2026-09-23T13:37:00,74813.06,74824.15,74805.23,74817.63,9739
1790150880,2026-09-23T13:38:00,74818.99,74821.77,74809.9,74817.66,15337
1790150940,2026-09-23T13:39:00,74817.21,74823.85,74813.24,74821.02,10418
1790151000,2026-09-23T13:40:00,74820.55,74825.89,74812.83,74816.14,32559
1790151060,2026-09-23T13:41:00,74815.87,74826.89,74814.23,74819.66,9833
1790151120,2026-09-23T13:42:00,74825.69,74835.28,74824,74830.63,18701
1790151180,2026-09-23T13:43:00,74830.98,74838.7,74830.54,74837.02,5838
1790151240,2026-09-23T13:44:00,74838.76,74839.75,74831.06,74832.27,7827
1790151300,2026-09-23T13:45:00,74832.27,74838.87,74830.29,74838.87,19984
1790151360,2026-09-23T13:46:00,74840.73,74841.8,74830.29,74830.29,7147
1790151420,2026-09-23T13:47:00,74829.69,74841.17,74829.69,74830.83,10400
1790151480,2026-09-23T13:48:00,74830.06,74841.03,74829.88,74834.6,7369
1790151540,2026-09-23T13:49:00,74834.6,74838.65,74831.56,74831.56,13603
1790151600,2026-09-23T13:50:00,74831.57,74835.17,74830.19,74831.32,4318
1790151660,2026-09-23T13:51:00,74830.47,74835.25,74817.05,74821.45,16201
1790151720,2026-09-23T13:52:00,74824.2,74827.69,74804.72,74807.31,8285
1790151780,2026-09-23T13:53:00,74806.99,74816.45,74805.08,74813.02,5109
1790151840,2026-09-23T13:54:00,74815.75,74829.51,74811.7,74827.46,23721
1790151900,2026-09-23T13:55:00,74827.46,74833.23,74820.28,74826.7,4997
1790151960,2026-09-23T13:56:00,74822.03,74825.07,74813.55,74821.81,9194
1790152020,2026-09-23T13:57:00,74821.06,74821.06,74803.99,74816.34,5795
1790152080,2026-09-23T13:58:00,74815.57,74818.86,74804.83,74809.96,14947
1790152140,2026-09-23T13:59:00,74809.22,74814.28,74804.71,74807.96,9695
1790152200,2026-09-23T14:00:00,74809.04,74827.27,74807.31,74826.44,37779
1790152260,2026-09-23T14:01:00,74826.44,74826.83,74821.14,74822.69,3759
1790152320,2026-09-23T14:02:00,74822.79,74829.36,74815.21,74828.66,7307
1790152380,2026-09-23T14:03:00,74826.52,74849.94,74823.18,74846.15,7644
1790152440,2026-09-23T14:04:00,74846.15,74850.07,74837.37,74841.35,16963
1790152500,2026-09-23T14:05:00,74841.66,74848.11,74838.54,74838.63,7404
1790152560,2026-09-23T14:06:00,74838.6,74851.46,74837.99,74848.21,17068
1790152620,2026-09-23T14:07:00,74850.58,74858.8,74838.43,74853.03,11617
1790152680,2026-09-23T14:08:00,74852.73,74856.44,74846.31,74851.11,10576
1790152740,2026-09-23T14:09:00,74849.55,74859.69,74845.37,74858.94,9777
1790152800,2026-09-23T14:10:00,74857.98,74864.94,74853.01,74864.84,10292
1790152860,2026-09-23T14:11:00,74865.4,74877.09,74862.21,74875.85,10669
1790152920,2026-09-23T14:12:00,74873.06,74888.22,74873.06,74875.37,11795
1790152980,2026-09-23T14:13:00,74873.86,74888.5,74873.86,74887.57,158104
1790153040,2026-09-23T14:14:00,74886.71,74890.1,74878.09,74888.3,13924
1790153100,2026-09-23T14:15:00,74887.06,74895.82,74884.13,74892.57,7453
1790153160,2026-09-23T14:16:00,74892.27,74893.36,74872.01,74873.6,7576
1790153220,2026-09-23T14:17:00,74875.23,74875.23,74864.28,74873.47,8301
1790153280,2026-09-23T14:18:00,74874.04,74878.68,74864.71,74867.75,5553
1790153340,2026-09-23T14:19:00,74867.94,74876.15,74858.84,74864.96,11295
1790153400,2026-09-23T14:20:00,74864.79,74869.23,74851.61,74851.61,7633
1790153460,2026-09-23T14:21:00,74852.3,74858.1,74847.39,74855.45,8716
1790153520,2026-09-23T14:22:00,74855.45,74864.53,74854.03,74856.29,8283
1790153580,2026-09-23T14:23:00,74856.55,74875.84,74856.46,74875.84,7546
1790153640,2026-09-23T14:24:00,74877.18,74888.52,74877.18,74886.26,5618
1790153700,2026-09-23T14:25:00,74884.22,74886.74,74871.26,74882.73,10014
1790153760,2026-09-23T14:26:00,74883.63,74888.21,74872.41,74881.28,21136
1790153820,2026-09-23T14:27:00,74884.23,74896.58,74880.11,74889.65,13485
1790153880,2026-09-23T14:28:00,74889.65,74901.8,74888.04,74900.54,8808
1790153940,2026-09-23T14:29:00,74900.92,74905.19,74893.92,74902.97,8390
1790154000,2026-09-23T14:30:00,74902.57,74917.61,74902.57,74914.28,6414
1790154060,2026-09-23T14:31:00,74913,74918.09,74898.21,74899.03,12035
1790154120,2026-09-23T14:32:00,74900.88,74903.47,74892.92,74895.36,9387
1790154180,2026-09-23T14:33:00,74895.09,74898.56,74882.62,74885.01,17520
1790154240,2026-09-23T14:34:00,74885.3,74885.8,74870.97,74873.13,9392
1790154300,2026-09-23T14:35:00,74871.6,74871.6,74843.84,74843.84,7503
1790154360,2026-09-23T14:36:00,74843.84,74857.33,74838.07,74842.78,207321
1790154420,2026-09-23T14:37:00,74846.34,74849.69,74841.31,74844.57,7351
1790154480,2026-09-23T14:38:00,74847.42,74857.68,74841.38,74849.43,6027
1790154540,2026-09-23T14:39:00,74849.88,74863.78,74845.29,74863.09,7926
1790154600,2026-09-23T14:40:00,74863.09,74866.68,74840.71,74850.84,11306
1790154660,2026-09-23T14:41:00,74851.14,74859.09,74850.15,74852.52,7506
1790154720,2026-09-23T14:42:00,74851.95,74855.61,74847.3,74850.74,8470
1790154780,2026-09-23T14:43:00,74850.23,74850.23,74822.35,74825.36,13762
1790154840,2026-09-23T14:44:00,74826.58,74831.18,74794.91,74794.91,61890
1790154900,2026-09-23T14:45:00,74796.18,74822.83,74790.92,74815.7,115902
1790154960,2026-09-23T14:46:00,74822.64,74834.53,74812.67,74832.11,18765
1790155020,2026-09-23T14:47:00,74833.32,74836.6,74808.23,74809.47,17656
1790155080,2026-09-23T14:48:00,74809.62,74822.16,74806.06,74822.16,255413
1790155140,2026-09-23T14:49:00,74822.59,74829.59,74817.02,74826,12146
1790155200,2026-09-23T14:50:00,74826.46,74826.46,74809.26,74815.11,19221
1790155260,2026-09-23T14:51:00,74815.3,74830.11,74815.3,74827.69,16404
1790155320,2026-09-23T14:52:00,74827.51,74858.22,74824.12,74837.01,138670
1790155380,2026-09-23T14:53:00,74833.54,74835.12,74821.99,74824.78,17224
1790155440,2026-09-23T14:54:00,74825.09,74846.72,74825.09,74840.66,11615
1790155500,2026-09-23T14:55:00,74838.17,74848.18,74838.01,74838.01,11901
1790155560,2026-09-23T14:56:00,74836.08,74845.12,74812.8,74812.8,57330
1790155620,2026-09-23T14:57:00,74812.46,74816.44,74804.32,74810.95,17875
1790155680,2026-09-23T14:58:00,74809.4,74813.44,74790.76,74792.91,37136
1790155740,2026-09-23T14:59:00,74793.17,74804.19,74785.17,74801.83,82970
1790155800,2026-09-23T15:00:00,74801.38,74801.74,74793.62,74801.74,26125
1790155860,2026-09-23T15:01:00,74804.25,74820.53,74799.68,74808.31,43743
1790155920,2026-09-23T15:02:00,74806.38,74806.38,74772.55,74775.2,84002
1790155980,2026-09-23T15:03:00,74777.85,74779.16,74757.92,74763.49,41034
1790156040,2026-09-23T15:04:00,74763.08,74767.7,74755.21,74766.14,23075
1790156100,2026-09-23T15:05:00,74762.62,74788.63,74762.62,74787.07,64938
1790156160,2026-09-23T15:06:00,74786.68,74802.94,74779.81,74794.38,48584
1790156220,2026-09-23T15:07:00,74793.46,74796.7,74779.53,74783.68,27327
1790156280,2026-09-23T15:08:00,74783.46,74797.14,74783.46,74793.68,140192
1790156340,2026-09-23T15:09:00,74793.76,74800.17,74785.55,74792.65,38932
1790156400,2026-09-23T15:10:00,74785.93,74795.95,74772.8,74795.95,57676
1790156460,2026-09-23T15:11:00,74789.26,74800.56,74782.14,74793.65,28227
1790156520,2026-09-23T15:12:00,74796.24,74806.1,74788.68,74794.62,70748
1790156580,2026-09-23T15:13:00,74796.31,74811.97,74783.84,74793.45,43006
1790156640,2026-09-23T15:14:00,74790.6,74827.78,74788.85,74801.04,23489
1790156700,2026-09-23T15:15:00,74794.61,74794.61,74794.61,74794.61,23489
1790156760,2026-09-23T15:16:00,74794.61,74794.61,74794.61,74794.61,23489
1790156820,2026-09-23T15:17:00,74794.61,74794.61,74794.61,74794.61,23489
1790156880,2026-09-23T15:18:00,74794.61,74794.61,74794.61,74794.61,23489
1790156940,2026-09-23T15:19:00,74794.61,74794.61,74794.61,74794.61,23489
1790157000,2026-09-23T15:20:00,74794.61,74794.61,74794.61,74794.61,23489
1790157060,2026-09-23T15:21:00,74794.61,74794.61,74794.61,74794.61,23489
1790157120,2026-09-23T15:22:00,74794.61,74794.61,74794.61,74794.61,23489
1790157180,2026-09-23T15:23:00,74794.61,74794.61,74794.61,74794.61,23489
1790157240,2026-09-23T15:24:00,74794.61,74794.61,74794.61,74794.61,23489
1790157300,2026-09-23T15:25:00,74794.61,74794.61,74794.61,74794.61,23489
1790157360,2026-09-23T15:26:00,74794.61,74794.61,74794.61,74794.61,23489
1790157420,2026-09-23T15:27:00,74794.61,74794.61,74794.61,74794.61,23489
1790157480,2026-09-23T15:28:00,74794.61,74794.61,74794.61,74794.61,23489
1790157540,2026-09-23T15:29:00,74794.61,74826.76,74794.61,74826.76,23489
1790221500,2026-09-24T09:15:00,74272.4,74362.29,74120.62,74329.73,204411
1790221560,2026-09-24T09:16:00,74317.65,74317.65,74210.93,74215.05,115261
1790221620,2026-09-24T09:17:00,74216.93,74245.78,74208.49,74212.12,106809
1790221680,2026-09-24T09:18:00,74200.87,74236.43,74191.09,74230.15,112342
1790221740,2026-09-24T09:19:00,74226.22,74245.13,74188.47,74195.12,73561
1790221800,2026-09-24T09:20:00,74189.55,74205,74179.92,74198.11,75334
1790221860,2026-09-24T09:21:00,74201.83,74231.95,74183.37,74230.81,51051
1790221920,2026-09-24T09:22:00,74229.89,74273.13,74225.13,74266.08,68880
1790221980,2026-09-24T09:23:00,74263.25,74283.72,74251.63,74268.85,61292
1790222040,2026-09-24T09:24:00,74266.64,74277.04,74241.41,74246.19,68479
1790222100,2026-09-24T09:25:00,74241.52,74245.53,74217.37,74231.55,60784
1790222160,2026-09-24T09:26:00,74223.71,74267.43,74217.39,74257.02,84440
1790222220,2026-09-24T09:27:00,74248.05,74254.36,74237.9,74253.18,73541
1790222280,2026-09-24T09:28:00,74251.57,74273.06,74241.69,74265.69,35195
1790222340,2026-09-24T09:29:00,74268.78,74297.07,74253.69,74282.89,43521
1790222400,2026-09-24T09:30:00,74285.77,74294.32,74258.49,74267.01,112351
1790222460,2026-09-24T09:31:00,74270.09,74294.17,74268.66,74294.17,57419
1790222520,2026-09-24T09:32:00,74302.43,74326.97,74300.6,74315.58,84756
1790222580,2026-09-24T09:33:00,74311.3,74312.25,74277.76,74283.22,36244
1790222640,2026-09-24T09:34:00,74284.79,74302.41,74283.63,74292.62,51093
1790222700,2026-09-24T09:35:00,74293.55,74307.06,74285.85,74290.21,35119
1790222760,2026-09-24T09:36:00,74290.11,74306.54,74288.49,74301.18,56981
1790222820,2026-09-24T09:37:00,74298.13,74305.32,74284.89,74290.29,62271
1790222880,2026-09-24T09:38:00,74287.8,74288.92,74254.44,74254.44,30184
1790222940,2026-09-24T09:39:00,74254.02,74256.92,74236.56,74236.94,24806
1790223000,2026-09-24T09:40:00,74237.11,74249.55,74206.35,74216.43,50611
1790223060,2026-09-24T09:41:00,74215.73,74216.95,74190.19,74192,79662
1790223120,2026-09-24T09:42:00,74191.9,74210.63,74183.15,74200.26,22880
1790223180,2026-09-24T09:43:00,74201.37,74206.66,74174.6,74174.6,35854
1790223240,2026-09-24T09:44:00,74175.23,74179.58,74161.73,74167.29,42321
1790223300,2026-09-24T09:45:00,74165.54,74179.06,74144.07,74179.06,22023
1790223360,2026-09-24T09:46:00,74178.45,74188.74,74155.44,74162.47,39329
1790223420,2026-09-24T09:47:00,74162.31,74171.01,74139.82,74152.19,37595
1790223480,2026-09-24T09:48:00,74154,74169.51,74149.49,74159.82,27492
1790223540,2026-09-24T09:49:00,74165.03,74202.67,74154.89,74195.79,41509
1790223600,2026-09-24T09:50:00,74197.84,74206.46,74180.76,74190.91,55985
1790223660,2026-09-24T09:51:00,74194.97,74198.69,74159.37,74163.67,15164
1790223720,2026-09-24T09:52:00,74160.76,74175.11,74156.73,74171.16,23509
1790223780,2026-09-24T09:53:00,74170.13,74170.13,74147.81,74149.46,12841
1790223840,2026-09-24T09:54:00,74149.86,74152,74142.82,74149.12,16898
1790223900,2026-09-24T09:55:00,74147.82,74147.82,74111.23,74121.71,11193
1790223960,2026-09-24T09:56:00,74121.22,74141.06,74113.78,74140.34,34969
1790224020,2026-09-24T09:57:00,74139.37,74145.22,74134.31,74134.61,25743
1790224080,2026-09-24T09:58:00,74141.52,74157.09,74136.58,74154.16,19383
1790224140,2026-09-24T09:59:00,74155.57,74157.71,74144.24,74157.71,31436
1790224200,2026-09-24T10:00:00,74156.08,74172.28,74156.08,74166.31,16908
1790224260,2026-09-24T10:01:00,74165.02,74185.75,74165.02,74170.55,21420
1790224320,2026-09-24T10:02:00,74171.7,74180.64,74161.74,74179.62,15143
1790224380,2026-09-24T10:03:00,74179.62,74199.12,74178.25,74199.12,33299
1790224440,2026-09-24T10:04:00,74197.37,74199.7,74186.49,74194.99,16252
1790224500,2026-09-24T10:05:00,74194.84,74194.84,74172.2,74189.1,14814
1790224560,2026-09-24T10:06:00,74191,74192.99,74166.31,74175.48,8729
1790224620,2026-09-24T10:07:00,74173,74177.96,74160.88,74167.54,14383
1790224680,2026-09-24T10:08:00,74173.32,74197.47,74168.89,74194.79,8290
1790224740,2026-09-24T10:09:00,74193.75,74215.42,74193.75,74201.99,21818
1790224800,2026-09-24T10:10:00,74201.7,74201.7,74179.38,74179.38,9777
1790224860,2026-09-24T10:11:00,74179.71,74194,74167.03,74186.48,29734
1790224920,2026-09-24T10:12:00,74184.89,74189.86,74163.4,74164.49,32912
1790224980,2026-09-24T10:13:00,74164.11,74165.08,74156.74,74163.02,12722
1790225040,2026-09-24T10:14:00,74162.48,74162.48,74128.03,74128.03,20254
1790225100,2026-09-24T10:15:00,74135.85,74143.41,74121.71,74124.47,13246
1790225160,2026-09-24T10:16:00,74125,74136.6,74120.65,74127.91,12973
1790225220,2026-09-24T10:17:00,74125.53,74125.53,74089.09,74093.09,13664
1790225280,2026-09-24T10:18:00,74094.96,74121.39,74094.76,74115.17,36722
1790225340,2026-09-24T10:19:00,74113.24,74128.44,74102.16,74128.44,18565
1790225400,2026-09-24T10:20:00,74131.21,74142.81,74121.17,74127,25058
1790225460,2026-09-24T10:21:00,74126.7,74130.31,74095.9,74098.24,14803
1790225520,2026-09-24T10:22:00,74100.77,74100.77,74064.76,74064.76,65572
1790225580,2026-09-24T10:23:00,74064.98,74079.24,74054.15,74079.24,18025
1790225640,2026-09-24T10:24:00,74078.67,74097.57,74069.89,74091.23,44009
1790225700,2026-09-24T10:25:00,74085.64,74087.21,74070.13,74070.24,24185
1790225760,2026-09-24T10:26:00,74068.59,74096.51,74062.14,74096.51,17483
1790225820,2026-09-24T10:27:00,74097.57,74100.53,74088.57,74097.5,11852
1790225880,2026-09-24T10:28:00,74096.28,74100.35,74084.46,74093.4,7721
1790225940,2026-09-24T10:29:00,74089.96,74108.76,74088.16,74100.17,11039
1790226000,2026-09-24T10:30:00,74102.15,74112.73,74099.51,74109.54,8057
1790226060,2026-09-24T10:31:00,74106.86,74123.33,74104.92,74118.48,33095
1790226120,2026-09-24T10:32:00,74117.86,74142.9,74116.16,74140.85,14694
1790226180,2026-09-24T10:33:00,74139.24,74161.15,74138.65,74158.33,8576
1790226240,2026-09-24T10:34:00,74155.67,74160.83,74137.31,74145.91,12739
1790226300,2026-09-24T10:35:00,74146.06,74150.18,74125.53,74136.55,14953
1790226360,2026-09-24T10:36:00,74135.68,74153.53,74125.63,74147.74,12124
1790226420,2026-09-24T10:37:00,74147.69,74168.58,74146.64,74162.69,33197
1790226480,2026-09-24T10:38:00,74162.47,74173.48,74157.61,74157.61,48035
1790226540,2026-09-24T10:39:00,74161.47,74166.19,74149,74164.91,19507
1790226600,2026-09-24T10:40:00,74163.7,74166.29,74132.53,74137.57,16930
1790226660,2026-09-24T10:41:00,74132.43,74137.41,74121.49,74126.34,17850
1790226720,2026-09-24T10:42:00,74125.08,74140.38,74120.11,74140.38,25486
1790226780,2026-09-24T10:43:00,74133.45,74134.49,74097.23,74105.45,47556
1790226840,2026-09-24T10:44:00,74103.74,74117.65,74098.05,74114.34,26939
1790226900,2026-09-24T10:45:00,74116.6,74134.39,74115.76,74130.94,7258
1790226960,2026-09-24T10:46:00,74132.09,74142.96,74128,74137.82,35308
1790227020,2026-09-24T10:47:00,74134.53,74154.64,74133.28,74151.62,8878
1790227080,2026-09-24T10:48:00,74150.03,74155.26,74131.39,74134.41,8768
1790227140,2026-09-24T10:49:00,74131.59,74159.96,74131.59,74158.68,8634
1790227200,2026-09-24T10:50:00,74154.37,74168.62,74154.37,74163.96,32579
1790227260,2026-09-24T10:51:00,74165.63,74182.3,74165.33,74168.38,16683
1790227320,2026-09-24T10:52:00,74168.86,74184.64,74163.72,74184.64,28959
1790227380,2026-09-24T10:53:00,74184.36,74201.35,74175.45,74188.76,18159
1790227440,2026-09-24T10:54:00,74188.36,74194.93,74178.72,74188.94,5767
1790227500,2026-09-24T10:55:00,74188.69,74200.15,74184.45,74200.15,10789
1790227560,2026-09-24T10:56:00,74199.36,74199.92,74180.75,74184.87,33175
1790227620,2026-09-24T10:57:00,74184.28,74198.92,74179.3,74198.92,26012
1790227680,2026-09-24T10:58:00,74193.43,74200.44,74178.23,74187.58,6374
1790227740,2026-09-24T10:59:00,74187.58,74199.44,74184.76,74199.03,5646
1790227800,2026-09-24T11:00:00,74195.16,74203.01,74177,74183.13,7923
1790227860,2026-09-24T11:01:00,74179.01,74194.89,74176.87,74190.05,9969
1790227920,2026-09-24T11:02:00,74189.68,74193.14,74185.88,74191.29,9653
1790227980,2026-09-24T11:03:00,74191.29,74193.46,74180.24,74180.24,30093
1790228040,2026-09-24T11:04:00,74180.75,74187.36,74165.82,74187.36,30939
1790228100,2026-09-24T11:05:00,74186.04,74188.53,74171.95,74171.95,13175
1790228160,2026-09-24T11:06:00,74169.7,74170.2,74147.2,74149.53,37555
1790228220,2026-09-24T11:07:00,74149.23,74188.6,74149.23,74188.2,11974
1790228280,2026-09-24T11:08:00,74187.42,74189.18,74170.88,74177.02,7917
1790228340,2026-09-24T11:09:00,74175.9,74181,74123.6,74134.75,42153
1790228400,2026-09-24T11:10:00,74134.75,74150.33,74134.75,74149.9,7288
1790228460,2026-09-24T11:11:00,74149.74,74166.14,74148.63,74154.35,11059
1790228520,2026-09-24T11:12:00,74154.35,74169.82,74151.71,74169.82,38050
1790228580,2026-09-24T11:13:00,74169.82,74169.82,74129.31,74129.31,19703
1790228640,2026-09-24T11:14:00,74132.45,74154.63,74132.15,74138.27,265426
1790228700,2026-09-24T11:15:00,74136.87,74163.77,74129.49,74162.25,40497
1790228760,2026-09-24T11:16:00,74163.49,74168.48,74148.25,74164.21,60739
1790228820,2026-09-24T11:17:00,74164.21,74196.61,74158.44,74180.75,51726
1790228880,2026-09-24T11:18:00,74183.33,74206.38,74181.75,74201.7,32560
1790228940,2026-09-24T11:19:00,74201.77,74233.03,74199.06,74232.32,41329
1790229000,2026-09-24T11:20:00,74231.29,74239.97,74167.14,74175.18,79701
1790229060,2026-09-24T11:21:00,74173.51,74181.64,74158.15,74178.08,29757
1790229120,2026-09-24T11:22:00,74178.37,74196.83,74178.37,74180.49,61827
1790229180,2026-09-24T11:23:00,74176.89,74181.44,74165.01,74166.55,441361
1790229240,2026-09-24T11:24:00,74168.17,74170.86,74143.06,74157.23,28503
1790229300,2026-09-24T11:25:00,74152.73,74152.73,74131.08,74137.96,31105
1790229360,2026-09-24T11:26:00,74133.87,74143.12,74123.18,74143.12,20011
1790229420,2026-09-24T11:27:00,74140.75,74161.28,74140.29,74150.57,23414
1790229480,2026-09-24T11:28:00,74150.45,74155.83,74147.83,74152.64,20283
1790229540,2026-09-24T11:29:00,74154.93,74162.25,74150.93,74162.25,14652
1790229600,2026-09-24T11:30:00,74161.3,74163,74135.17,74137.94,11869
1790229660,2026-09-24T11:31:00,74135.54,74135.67,74120.58,74123.07,11725
1790229720,2026-09-24T11:32:00,74123.07,74127.09,74097.74,74101.64,18670
1790229780,2026-09-24T11:33:00,74093.14,74121.58,74087.8,74120.8,46651
1790229840,2026-09-24T11:34:00,74123.17,74131.37,74100.12,74104.32,18273
1790229900,2026-09-24T11:35:00,74104.32,74120.49,74104.32,74114.29,6028
1790229960,2026-09-24T11:36:00,74114.77,74125.78,74113.92,74125.45,79990
1790230020,2026-09-24T11:37:00,74130.86,74131.25,74098.32,74098.37,176155
1790230080,2026-09-24T11:38:00,74099.25,74110.99,74096.33,74098.76,54640
1790230140,2026-09-24T11:39:00,74096.62,74105.12,74081.7,74105.12,1261878
1790230200,2026-09-24T11:40:00,74106.43,74120.42,74103.88,74113.77,61149
1790230260,2026-09-24T11:41:00,74107.08,74124.54,74101.72,74102.55,78760
1790230320,2026-09-24T11:42:00,74102.25,74105.54,74090.84,74096.99,11272
1790230380,2026-09-24T11:43:00,74096.59,74120.25,74092.74,74118.88,23696
1790230440,2026-09-24T11:44:00,74117.53,74119.97,74111.72,74117.61,18743
1790230500,2026-09-24T11:45:00,74115.68,74127.14,74113.93,74124.73,32212
1790230560,2026-09-24T11:46:00,74125.45,74135.56,74121.07,74125.86,10096
1790230620,2026-09-24T11:47:00,74123.93,74129.69,74114.31,74115.5,12166
1790230680,2026-09-24T11:48:00,74114.84,74120.75,74107.03,74118.69,87197
1790230740,2026-09-24T11:49:00,74118.13,74118.36,74102.96,74103.45,35649
1790230800,2026-09-24T11:50:00,74103.07,74123.73,74100.1,74102.62,31260
1790230860,2026-09-24T11:51:00,74101.91,74104.52,74089.82,74095.64,30431
1790230920,2026-09-24T11:52:00,74095.33,74100.79,74079.83,74079.83,28500
1790230980,2026-09-24T11:53:00,74079.58,74089.76,74064.56,74068.5,27465
1790231040,2026-09-24T11:54:00,74068.5,74089.05,74068.5,74079.81,27223
1790231100,2026-09-24T11:55:00,74078.93,74081.1,74065.34,74072.5,13737
1790231160,2026-09-24T11:56:00,74072.5,74072.5,74049.57,74051.68,14354
1790231220,2026-09-24T11:57:00,74054.46,74061.45,74047.77,74049.66,33547
1790231280,2026-09-24T11:58:00,74048.77,74063.69,74039.68,74049.25,41798
1790231340,2026-09-24T11:59:00,74049.17,74060.33,74044.78,74055.98,30421
1790231400,2026-09-24T12:00:00,74056.33,74058.84,74048.72,74058.55,20128
1790231460,2026-09-24T12:01:00,74045.17,74073.43,74045.17,74073.35,22668
1790231520,2026-09-24T12:02:00,74072.75,74093.76,74072.75,74089.99,10502
1790231580,2026-09-24T12:03:00,74089.1,74094.53,74072.98,74072.98,22491
1790231640,2026-09-24T12:04:00,74073.96,74091.95,74072.04,74085.08,87619
1790231700,2026-09-24T12:05:00,74084.4,74111.26,74084.4,74106.47,43175
1790231760,2026-09-24T12:06:00,74107.06,74114.91,74098.36,74104.17,34315
1790231820,2026-09-24T12:07:00,74105.49,74105.73,74093.02,74097.99,23705
1790231880,2026-09-24T12:08:00,74098.67,74098.67,74082.41,74082.44,33758
1790231940,2026-09-24T12:09:00,74082.63,74107.09,74070.32,74083.96,54527
1790232000,2026-09-24T12:10:00,74083.96,74095.52,74080.43,74087.31,7922
1790232060,2026-09-24T12:11:00,74085.26,74089.8,74076.91,74086.02,10609
1790232120,2026-09-24T12:12:00,74082.79,74091.18,74075.71,74077.21,9477
1790232180,2026-09-24T12:13:00,74073.42,74079.53,74064.03,74064.03,12802
1790232240,2026-09-24T12:14:00,74066.75,74067.45,74048.55,74054.17,21189
1790232300,2026-09-24T12:15:00,74052.46,74075.01,74046.16,74053.53,50912
1790232360,2026-09-24T12:16:00,74053.12,74065.36,74053.12,74060.89,14077
1790232420,2026-09-24T12:17:00,74057.04,74060.31,74051.85,74057.42,20068
1790232480,2026-09-24T12:18:00,74060.89,74067.07,74056.95,74059.12,15750
1790232540,2026-09-24T12:19:00,74058.32,74063.62,74049.44,74063.62,56235
1790232600,2026-09-24T12:20:00,74063.62,74078.11,74059.51,74059.51,17680
1790232660,2026-09-24T12:21:00,74061.13,74064.07,74046.62,74047.59,8522
1790232720,2026-09-24T12:22:00,74047.59,74060.42,74046.53,74050.06,49603
1790232780,2026-09-24T12:23:00,74047.28,74049.09,74028.09,74028.4,47142
1790232840,2026-09-24T12:24:00,74026.48,74045,74026.03,74043.26,53342
1790232900,2026-09-24T12:25:00,74043.26,74043.37,73989.9,73990.51,299043
1790232960,2026-09-24T12:26:00,73992.7,74006.32,73983.19,74004.66,30172
1790233020,2026-09-24T12:27:00,74002.92,74006.31,73997.28,74005.14,28902
1790233080,2026-09-24T12:28:00,74005.35,74032.16,74004.3,74030.28,30051
1790233140,2026-09-24T12:29:00,74032.4,74032.89,74011.86,74018.1,44679
1790233200,2026-09-24T12:30:00,74016.58,74026.56,74014.58,74015.28,48654
1790233260,2026-09-24T12:31:00,74018.49,74027.43,74010.44,74013.54,9904
1790233320,2026-09-24T12:32:00,74013.12,74013.12,73977.27,73979.6,64718
1790233380,2026-09-24T12:33:00,73979.6,73992.5,73972.62,73976.68,40038
1790233440,2026-09-24T12:34:00,73977.36,73977.55,73961.12,73974.39,12522
1790233500,2026-09-24T12:35:00,73973.73,73981.55,73956.36,73977.73,30700
1790233560,2026-09-24T12:36:00,73960.65,73989.49,73947.7,73975.47,61785
1790233620,2026-09-24T12:37:00,73975.71,73989.49,73974.15,73980.38,18466
1790233680,2026-09-24T12:38:00,73978.99,74007.15,73978.99,73992.94,25853
1790233740,2026-09-24T12:39:00,73992.15,73995.41,73977.33,73981.2,17438
1790233800,2026-09-24T12:40:00,73979.79,73984.59,73969.9,73983.37,5823
1790233860,2026-09-24T12:41:00,73983.37,74009.75,73983.37,73998.66,11336
1790233920,2026-09-24T12:42:00,73998.66,73998.83,73988.59,73993.58,10423
1790233980,2026-09-24T12:43:00,73989.89,73994.73,73981.07,73986.15,4763
1790234040,2026-09-24T12:44:00,73984.68,73987.34,73971.01,73976.15,24254
1790234100,2026-09-24T12:45:00,73976.15,73978.34,73965.07,73965.07,9743
1790234160,2026-09-24T12:46:00,73966.31,73984.8,73966.31,73977.07,13910
1790234220,2026-09-24T12:47:00,73973.29,73981.52,73961.51,73963.51,11354
1790234280,2026-09-24T12:48:00,73961.05,73966.32,73957.52,73961.61,5434
1790234340,2026-09-24T12:49:00,73962.3,73968.5,73955.04,73964.5,4111
1790234400,2026-09-24T12:50:00,73963.21,73998.31,73962.47,73993.25,12624
1790234460,2026-09-24T12:51:00,73996,73997.43,73985.17,73989.83,4187
1790234520,2026-09-24T12:52:00,73988.87,73992.92,73975.67,73980.25,3657
1790234580,2026-09-24T12:53:00,73980.25,73983.65,73974.19,73975.94,10438
1790234640,2026-09-24T12:54:00,73976.58,73979.68,73960.44,73965.64,23521
1790234700,2026-09-24T12:55:00,73961.35,73967.37,73955.36,73958.42,14888
1790234760,2026-09-24T12:56:00,73961.63,73985.85,73957.78,73975.58,7209
1790234820,2026-09-24T12:57:00,73975.75,73978.55,73968.02,73974.16,5271
1790234880,2026-09-24T12:58:00,73975.04,73979.42,73968.78,73979.42,11672
1790234940,2026-09-24T12:59:00,73977.3,73978.18,73964.51,73972.37,6810
1790235000,2026-09-24T13:00:00,73972.78,73975.29,73957.64,73967.31,28365
1790235060,2026-09-24T13:01:00,73967.31,73982.09,73964.46,73981.82,21574
1790235120,2026-09-24T13:02:00,73980.06,73997.05,73980.06,73993.19,39086
1790235180,2026-09-24T13:03:00,73992.49,74001.01,73992.23,73998.59,35262
1790235240,2026-09-24T13:04:00,73993.61,74016.49,73991.47,74012.4,98635
1790235300,2026-09-24T13:05:00,74009.18,74029.19,74005.24,74025.39,6979
1790235360,2026-09-24T13:06:00,74025.97,74026.56,74003.79,74005.15,6478
1790235420,2026-09-24T13:07:00,74004.63,74015.8,74001.81,74015.8,5675
1790235480,2026-09-24T13:08:00,74017.19,74037.34,74017.19,74030.94,12749
1790235540,2026-09-24T13:09:00,74031.49,74033.61,74006.12,74007.1,6389
1790235600,2026-09-24T13:10:00,74006.23,74007.91,73991.17,73999.48,27269
1790235660,2026-09-24T13:11:00,74000.77,74003.13,73988.08,73988.97,20289
1790235720,2026-09-24T13:12:00,73990.54,73998.94,73986.73,73998.94,6926
1790235780,2026-09-24T13:13:00,73998.37,74012.55,73997.7,74007.89,28932
1790235840,2026-09-24T13:14:00,74007.64,74019.07,73987.44,74017.95,33266
1790235900,2026-09-24T13:15:00,74012.51,74027.64,74009.15,74026.12,38889
1790235960,2026-09-24T13:16:00,74029.25,74029.25,74016.73,74018.13,12365
1790236020,2026-09-24T13:17:00,74018.06,74022.91,74012.65,74017.19,7924
1790236080,2026-09-24T13:18:00,74017.19,74017.87,74008.39,74008.39,20356
1790236140,2026-09-24T13:19:00,74007.84,74010.67,74004.48,74008.16,7106
1790236200,2026-09-24T13:20:00,74008.4,74008.4,73994.54,73998.46,6152
1790236260,2026-09-24T13:21:00,73998.09,74007.02,73995.29,73995.67,8382
1790236320,2026-09-24T13:22:00,73995.67,74001.79,73990.09,74000.67,8549
1790236380,2026-09-24T13:23:00,73995.45,74001.35,73989.48,74000.11,23857
1790236440,2026-09-24T13:24:00,73996.45,74003.14,73992.27,73997.82,13055
1790236500,2026-09-24T13:25:00,73996.78,73998.93,73965.43,73967.21,12130
1790236560,2026-09-24T13:26:00,73967.37,73967.83,73885.85,73885.85,25867
1790236620,2026-09-24T13:27:00,73881.35,73908.91,73864.31,73876.83,36441
1790236680,2026-09-24T13:28:00,73879.38,73886.15,73840.3,73865.67,31072
1790236740,2026-09-24T13:29:00,73862.28,73900.71,73862.28,73895.04,35980
1790236800,2026-09-24T13:30:00,73895.53,73909.75,73878.21,73909.49,27708
1790236860,2026-09-24T13:31:00,73909.49,73937.66,73902.67,73936.37,41504
1790236920,2026-09-24T13:32:00,73940.04,73940.04,73929.94,73933.56,45795
1790236980,2026-09-24T13:33:00,73933.59,73948.45,73923.9,73923.9,27850
1790237040,2026-09-24T13:34:00,73925.12,73937.69,73920.31,73920.31,5986
1790237100,2026-09-24T13:35:00,73926.1,73926.78,73916.81,73920.06,16169
1790237160,2026-09-24T13:36:00,73920.12,73927.52,73915.2,73916.91,12550
1790237220,2026-09-24T13:37:00,73916.3,73929.07,73892.23,73900.16,43682
1790237280,2026-09-24T13:38:00,73900.16,73913.98,73897.72,73904.05,14718
1790237340,2026-09-24T13:39:00,73899.47,73902.27,73877.59,73878.44,73013
1790237400,2026-09-24T13:40:00,73877.46,73884.78,73860.34,73862.11,64837
1790237460,2026-09-24T13:41:00,73862.11,73868.66,73847.67,73865.33,41109
1790237520,2026-09-24T13:42:00,73863.69,73870.43,73855.35,73858.73,18842
1790237580,2026-09-24T13:43:00,73858.73,73860.99,73821.88,73821.88,13410
1790237640,2026-09-24T13:44:00,73823.52,73824.16,73762.82,73771.59,85583
1790237700,2026-09-24T13:45:00,73769.47,73799.64,73737.09,73737.09,200156
1790237760,2026-09-24T13:46:00,73726.39,73726.39,73671.56,73683.86,85764
1790237820,2026-09-24T13:47:00,73683.28,73722.69,73683.05,73716.38,86542
1790237880,2026-09-24T13:48:00,73715.8,73717.1,73688.33,73704.97,60217
1790237940,2026-09-24T13:49:00,73696.22,73749.42,73696.22,73747.46,63210
1790238000,2026-09-24T13:50:00,73747.78,73759.17,73737.69,73749.48,35775
1790238060,2026-09-24T13:51:00,73751.67,73752.08,73701.96,73702.67,37601
1790238120,2026-09-24T13:52:00,73702.78,73716.45,73695.35,73700.39,28502
1790238180,2026-09-24T13:53:00,73703.41,73706.53,73687.04,73690.52,10960
1790238240,2026-09-24T13:54:00,73689.23,73689.23,73633.66,73647.34,60346
1790238300,2026-09-24T13:55:00,73653.4,73677.27,73647.71,73665.18,49294
1790238360,2026-09-24T13:56:00,73666.37,73676.38,73653.08,73659.31,9386
1790238420,2026-09-24T13:57:00,73658.25,73662.89,73613.51,73613.51,20831
1790238480,2026-09-24T13:58:00,73612.82,73623.99,73591.01,73594.73,63244
1790238540,2026-09-24T13:59:00,73594.3,73618.19,73582.25,73597.78,35637
1790238600,2026-09-24T14:00:00,73600.01,73654.72,73597.27,73636.49,47214
1790238660,2026-09-24T14:01:00,73633.61,73678.4,73633.05,73678.4,54443
1790238720,2026-09-24T14:02:00,73680.89,73711.11,73679.75,73706.16,50237
1790238780,2026-09-24T14:03:00,73707.45,73744.86,73696.69,73699.02,48923
1790238840,2026-09-24T14:04:00,73699.16,73709.02,73614.8,73614.8,36000
1790238900,2026-09-24T14:05:00,73615.95,73648.4,73615.04,73640.23,22760
1790238960,2026-09-24T14:06:00,73641.51,73641.51,73605.62,73627.58,12855
1790239020,2026-09-24T14:07:00,73629.25,73638.61,73615.68,73618.68,48269
1790239080,2026-09-24T14:08:00,73617.88,73653.86,73614.86,73653.86,18122
1790239140,2026-09-24T14:09:00,73656.02,73658.1,73631.02,73652.33,36544
1790239200,2026-09-24T14:10:00,73651.01,73681.64,73641.79,73646.03,55206
1790239260,2026-09-24T14:11:00,73651.39,73655.1,73632.46,73643.38,71901
1790239320,2026-09-24T14:12:00,73642.54,73659.26,73639.09,73650.23,63800
1790239380,2026-09-24T14:13:00,73649.83,73660.14,73644.25,73652.76,18616
1790239440,2026-09-24T14:14:00,73652.1,73670.71,73651.01,73661.85,35145
1790239500,2026-09-24T14:15:00,73667.66,73682.53,73657.88,73666.28,81483
1790239560,2026-09-24T14:16:00,73666.28,73689.95,73664.39,73670.63,43620
1790239620,2026-09-24T14:17:00,73670,73672.99,73657.32,73663.35,1936357
1790239680,2026-09-24T14:18:00,73660.11,73688.6,73659.11,73662.28,68802
1790239740,2026-09-24T14:19:00,73663.68,73663.68,73631.78,73631.78,55014
1790239800,2026-09-24T14:20:00,73631.46,73673.4,73631.46,73646.86,147578
1790239860,2026-09-24T14:21:00,73646.24,73648.24,73608.07,73648.24,60936
1790239920,2026-09-24T14:22:00,73646.56,73649.99,73630.48,73635.87,33937
1790239980,2026-09-24T14:23:00,73633.96,73635.1,73570.08,73570.08,48165
1790240040,2026-09-24T14:24:00,73571.61,73596.09,73563.92,73595.18,20959
1790240100,2026-09-24T14:25:00,73600.84,73637.01,73595.64,73627.39,84264
1790240160,2026-09-24T14:26:00,73632.21,73633.57,73580.91,73596.05,42299
1790240220,2026-09-24T14:27:00,73596.84,73625.25,73595.02,73616.63,47132
1790240280,2026-09-24T14:28:00,73616.22,73634.01,73612.88,73616.11,46145
1790240340,2026-09-24T14:29:00,73615.54,73630.76,73612.71,73616.02,48099
1790240400,2026-09-24T14:30:00,73616.64,73627.44,73609.53,73625.61,22302
1790240460,2026-09-24T14:31:00,73626.44,73652.41,73618.03,73639.49,73481
1790240520,2026-09-24T14:32:00,73637.43,73675.32,73637.43,73661.08,51753
1790240580,2026-09-24T14:33:00,73661.2,73662.14,73639.54,73644.89,29917
1790240640,2026-09-24T14:34:00,73645.61,73659.11,73636.1,73657.28,31610
1790240700,2026-09-24T14:35:00,73659.52,73709.97,73659.52,73701.88,140080
1790240760,2026-09-24T14:36:00,73697.25,73719.21,73697.25,73718.76,114734
1790240820,2026-09-24T14:37:00,73715.94,73738.62,73713.12,73727.67,136552
1790240880,2026-09-24T14:38:00,73725.41,73769.9,73723.86,73764.02,89556
1790240940,2026-09-24T14:39:00,73762.45,73770.28,73744.01,73770.28,60666
1790241000,2026-09-24T14:40:00,73769.72,73773.18,73742.3,73757.12,68555
1790241060,2026-09-24T14:41:00,73748.47,73767.55,73725.54,73725.54,56442
1790241120,2026-09-24T14:42:00,73727.24,73727.24,73695.46,73718.38,108279
1790241180,2026-09-24T14:43:00,73719.4,73736.98,73717.87,73723.74,36827
1790241240,2026-09-24T14:44:00,73723.7,73730.72,73708.04,73717.65,19646
1790241300,2026-09-24T14:45:00,73716.46,73743.71,73708.75,73737.94,85375
1790241360,2026-09-24T14:46:00,73742.12,73760.74,73741.15,73755.51,28697
1790241420,2026-09-24T14:47:00,73756.78,73757.5,73736.79,73739.26,12667
1790241480,2026-09-24T14:48:00,73740.67,73757.63,73738.86,73747.47,82190
1790241540,2026-09-24T14:49:00,73746.75,73749.88,73733.31,73746.75,27419
1790241600,2026-09-24T14:50:00,73744.57,73766.2,73740.98,73750.35,48173
1790241660,2026-09-24T14:51:00,73745.94,73777.34,73740.94,73773.82,53041
1790241720,2026-09-24T14:52:00,73774.09,73791.75,73772.1,73790.66,25282
1790241780,2026-09-24T14:53:00,73790.29,73795.62,73778.34,73793.34,54168
1790241840,2026-09-24T14:54:00,73794.09,73807.31,73776.66,73783.78,37565
1790241900,2026-09-24T14:55:00,73785.4,73811.96,73784.96,73794.11,53521
1790241960,2026-09-24T14:56:00,73794.72,73815.41,73793.41,73811.94,44882
1790242020,2026-09-24T14:57:00,73805.51,73808.72,73773.82,73786.83,41526
1790242080,2026-09-24T14:58:00,73790.26,73791.68,73762.35,73784.16,61208
1790242140,2026-09-24T14:59:00,73783.38,73786.05,73747.31,73751.37,75094
1790242200,2026-09-24T15:00:00,73761.27,73764.69,73750.1,73758.4,36599
1790242260,2026-09-24T15:01:00,73758.65,73778.28,73732,73762.53,63821
1790242320,2026-09-24T15:02:00,73763.69,73792.99,73737.94,73789.74,94739
1790242380,2026-09-24T15:03:00,73790.9,73796.02,73755.39,73759.84,42734
1790242440,2026-09-24T15:04:00,73757.3,73783.77,73757.3,73766.57,45700
1790242500,2026-09-24T15:05:00,73765.96,73793.57,73761.54,73762.34,74784
1790242560,2026-09-24T15:06:00,73768.49,73778.55,73733.27,73760.32,133641
1790242620,2026-09-24T15:07:00,73765.6,73765.6,73730.79,73743.48,111798
1790242680,2026-09-24T15:08:00,73740.31,73740.31,73696.18,73703.99,60759
1790242740,2026-09-24T15:09:00,73705.35,73751.05,73702.52,73744.23,730138
1790242800,2026-09-24T15:10:00,73736.61,73744.87,73714.49,73718.3,73635
1790242860,2026-09-24T15:11:00,73714.68,73735.11,73706.67,73706.67,192886
1790242920,2026-09-24T15:12:00,73706.67,73729.76,73667.96,73706.8,123220
1790242980,2026-09-24T15:13:00,73706.32,73715.83,73642.42,73682.1,76084
1790243040,2026-09-24T15:14:00,73683.55,73719.56,73681.97,73719.56,82527
1790243100,2026-09-24T15:15:00,73719.83,73719.83,73719.83,73719.83,82527
1790243160,2026-09-24T15:16:00,73719.83,73719.83,73719.83,73719.83,82527
1790243220,2026-09-24T15:17:00,73719.83,73719.83,73719.83,73719.83,82527
1790243280,2026-09-24T15:18:00,73719.83,73719.83,73719.83,73719.83,82527
1790243340,2026-09-24T15:19:00,73719.83,73719.83,73719.83,73719.83,82527
1790243400,2026-09-24T15:20:00,73719.83,73719.83,73719.83,73719.83,82527
1790243460,2026-09-24T15:21:00,73719.83,73719.83,73719.83,73719.83,82527
1790243520,2026-09-24T15:22:00,73719.83,73719.83,73719.83,73719.83,82527
1790243580,2026-09-24T15:23:00,73719.83,73719.83,73719.83,73719.83,82527
1790243640,2026-09-24T15:24:00,73719.83,73719.83,73719.83,73719.83,82527
1790243700,2026-09-24T15:25:00,73719.83,73719.83,73719.83,73719.83,82527
1790243760,2026-09-24T15:26:00,73719.83,73719.83,73719.83,73719.83,82527
1790243820,2026-09-24T15:27:00,73719.83,73719.83,73719.83,73719.83,82527
1790243880,2026-09-24T15:28:00,73719.83,73719.83,73719.83,73719.83,82527
1790243940,2026-09-24T15:29:00,73719.83,73719.83,73580.54,73580.54,82527
1790307900,2026-09-25T09:15:00,73525.92,73719.36,73477.77,73698.32,160946
1790307960,2026-09-25T09:16:00,73705.49,73738.53,73682.86,73698.33,145296
1790308020,2026-09-25T09:17:00,73700.02,73718.29,73687.5,73712.49,105947
1790308080,2026-09-25T09:18:00,73708.79,73731.76,73689.86,73700.41,71898
1790308140,2026-09-25T09:19:00,73696.65,73702.9,73651.54,73651.54,92015
1790308200,2026-09-25T09:20:00,73659.59,73659.59,73621.17,73648.28,55390
1790308260,2026-09-25T09:21:00,73654.12,73669.02,73627.94,73669.02,47419
1790308320,2026-09-25T09:22:00,73671.19,73689.89,73664.08,73688.94,42524
1790308380,2026-09-25T09:23:00,73693.68,73714.57,73682.4,73683.9,39068
1790308440,2026-09-25T09:24:00,73679.57,73684.62,73661.63,73675,33660
1790308500,2026-09-25T09:25:00,73675.41,73678.61,73654.98,73662.8,36667
1790308560,2026-09-25T09:26:00,73661.81,73677.01,73650.73,73672.4,30869
1790308620,2026-09-25T09:27:00,73672.48,73707.27,73672.48,73703.7,23943
1790308680,2026-09-25T09:28:00,73706.66,73726.62,73705.07,73726.62,47833
1790308740,2026-09-25T09:29:00,73724.11,73774.39,73724.11,73774.39,53377
1790308800,2026-09-25T09:30:00,73782.32,73795.57,73767.95,73780.23,64524
1790308860,2026-09-25T09:31:00,73783.13,73800.94,73755.98,73768.62,38320
1790308920,2026-09-25T09:32:00,73763.84,73793.51,73759.15,73772.38,26428
1790308980,2026-09-25T09:33:00,73779.54,73779.86,73746.22,73754.21,37043
1790309040,2026-09-25T09:34:00,73753.96,73778.87,73753.43,73770.79,77419
1790309100,2026-09-25T09:35:00,73768.78,73771.24,73752.91,73753.35,19555
1790309160,2026-09-25T09:36:00,73752.75,73752.75,73705.41,73705.41,21362
1790309220,2026-09-25T09:37:00,73704.26,73708.15,73665.84,73667.08,54130
1790309280,2026-09-25T09:38:00,73665.25,73683.49,73658.26,73675.13,18355
1790309340,2026-09-25T09:39:00,73674.82,73675.27,73656.19,73661.15,33566
1790309400,2026-09-25T09:40:00,73659.99,73659.99,73624.68,73635.9,121964
1790309460,2026-09-25T09:41:00,73634.82,73636.79,73611.06,73629.8,45601
1790309520,2026-09-25T09:42:00,73629.48,73629.48,73608.68,73608.93,38539
1790309580,2026-09-25T09:43:00,73600.94,73605.74,73561.53,73570.92,21982
1790309640,2026-09-25T09:44:00,73564.74,73593.72,73564.74,73582.7,21460
1790309700,2026-09-25T09:45:00,73588.31,73602.72,73581.81,73592.25,26312
1790309760,2026-09-25T09:46:00,73590.5,73598.24,73584.47,73587.23,18475
1790309820,2026-09-25T09:47:00,73587.23,73612.65,73582.02,73612.65,20579
1790309880,2026-09-25T09:48:00,73610.43,73612.95,73579.67,73579.67,46859
1790309940,2026-09-25T09:49:00,73579.84,73593.77,73574.63,73574.63,15307
1790310000,2026-09-25T09:50:00,73574.84,73599.6,73572.76,73585.07,16504
1790310060,2026-09-25T09:51:00,73583.52,73583.52,73564.13,73581.53,34560
1790310120,2026-09-25T09:52:00,73580.07,73585.98,73537.61,73539.43,39360
1790310180,2026-09-25T09:53:00,73539.32,73545.66,73535.77,73541.67,29326
1790310240,2026-09-25T09:54:00,73540.74,73569.88,73539.66,73569.48,28539
1790310300,2026-09-25T09:55:00,73569.89,73574.76,73557.1,73574.76,17782
1790310360,2026-09-25T09:56:00,73570.59,73588.44,73563.94,73584.75,35757
1790310420,2026-09-25T09:57:00,73581.23,73604.75,73572.61,73601.99,30148
1790310480,2026-09-25T09:58:00,73600.4,73601.48,73571.56,73583.25,16919
1790310540,2026-09-25T09:59:00,73583.6,73602.28,73583.6,73598.74,20468
1790310600,2026-09-25T10:00:00,73599.98,73601.17,73586.93,73592.75,17740
1790310660,2026-09-25T10:01:00,73592.45,73594.92,73580.42,73589.72,16741
1790310720,2026-09-25T10:02:00,73589.57,73608.65,73587.89,73603.48,14653
1790310780,2026-09-25T10:03:00,73607.54,73642.49,73602.22,73626.91,27649
1790310840,2026-09-25T10:04:00,73626.33,73672,73626.33,73666.28,22315
1790310900,2026-09-25T10:05:00,73667.24,73676.04,73657.98,73661.17,18621
1790310960,2026-09-25T10:06:00,73657.99,73672.23,73656.46,73670.91,16642
1790311020,2026-09-25T10:07:00,73670.31,73692.24,73667.48,73690.07,20792
1790311080,2026-09-25T10:08:00,73690.55,73730.06,73677.64,73730.06,24558
1790311140,2026-09-25T10:09:00,73728.65,73734.24,73715.73,73734.24,19490
1790311200,2026-09-25T10:10:00,73735.27,73752.37,73730.67,73731.47,16448
1790311260,2026-09-25T10:11:00,73733.46,73737.64,73722.43,73725.43,43102
1790311320,2026-09-25T10:12:00,73724.62,73746.56,73712.14,73745.5,12027
1790311380,2026-09-25T10:13:00,73747.13,73763.57,73746.13,73748.08,22820
1790311440,2026-09-25T10:14:00,73748.16,73753.66,73739.8,73740.1,13133
1790311500,2026-09-25T10:15:00,73741.2,73754.52,73738.26,73750.51,13071
1790311560,2026-09-25T10:16:00,73750.51,73756.69,73739.8,73747.9,13275
1790311620,2026-09-25T10:17:00,73742.86,73748.34,73733.66,73745.4,14068
1790311680,2026-09-25T10:18:00,73745.4,73748.47,73715.18,73719.8,14101
1790311740,2026-09-25T10:19:00,73717.91,73725.09,73711.74,73719.87,11889
1790311800,2026-09-25T10:20:00,73723.53,73730.75,73715.27,73727.13,15424
1790311860,2026-09-25T10:21:00,73726.63,73754.04,73726.31,73748.71,13866
1790311920,2026-09-25T10:22:00,73748.93,73748.93,73726.15,73726.15,6992
1790311980,2026-09-25T10:23:00,73723.54,73726.45,73709.91,73714.01,8527
1790312040,2026-09-25T10:24:00,73714.82,73722.79,73697.27,73697.27,10074
1790312100,2026-09-25T10:25:00,73700.11,73721.68,73695.05,73717.86,8892
1790312160,2026-09-25T10:26:00,73724.55,73727.27,73710.07,73710.73,17090
1790312220,2026-09-25T10:27:00,73709.47,73715.84,73697.8,73706.24,18022
1790312280,2026-09-25T10:28:00,73701.82,73709.26,73672.15,73679.03,9540
1790312340,2026-09-25T10:29:00,73679.34,73691.25,73672.48,73683.93,13438
1790312400,2026-09-25T10:30:00,73685.49,73695.05,73684.01,73695.05,6625
1790312460,2026-09-25T10:31:00,73697.5,73701.73,73691,73694.49,10030
1790312520,2026-09-25T10:32:00,73692.86,73692.86,73660.04,73671.64,17384
1790312580,2026-09-25T10:33:00,73674.43,73680.97,73651.55,73655.48,40865
1790312640,2026-09-25T10:34:00,73656.6,73659.7,73633.37,73633.37,14318
1790312700,2026-09-25T10:35:00,73632.6,73632.6,73616.02,73622,13678
1790312760,2026-09-25T10:36:00,73621.76,73631.59,73615.63,73626.65,7661
1790312820,2026-09-25T10:37:00,73626.5,73644.23,73626.5,73643.35,17203
1790312880,2026-09-25T10:38:00,73643.44,73651.78,73639.85,73650.87,13982
1790312940,2026-09-25T10:39:00,73649.27,73663.9,73649.27,73651.65,23488
1790313000,2026-09-25T10:40:00,73650.25,73659.22,73646.01,73650.85,9202
1790313060,2026-09-25T10:41:00,73649.15,73650.55,73636.96,73639.02,8290
1790313120,2026-09-25T10:42:00,73640.02,73664.98,73640.02,73661.11,22869
1790313180,2026-09-25T10:43:00,73660.47,73660.47,73640.41,73651.97,7769
1790313240,2026-09-25T10:44:00,73653.39,73659.28,73646.61,73649.42,36180
1790313300,2026-09-25T10:45:00,73652.45,73652.45,73628.65,73631.56,10209
1790313360,2026-09-25T10:46:00,73629.78,73632.54,73620.76,73631.09,12774
1790313420,2026-09-25T10:47:00,73629.57,73629.57,73593.8,73593.8,15283
1790313480,2026-09-25T10:48:00,73593.8,73601,73584.9,73593.36,9385
1790313540,2026-09-25T10:49:00,73596.33,73597.88,73580.3,73597.18,21943
1790313600,2026-09-25T10:50:00,73601.49,73601.49,73591.65,73593.28,11959
1790313660,2026-09-25T10:51:00,73593.87,73615.66,73591.65,73614.96,9263
1790313720,2026-09-25T10:52:00,73614.75,73634.68,73610.59,73631,11204
1790313780,2026-09-25T10:53:00,73629.55,73629.55,73611.57,73615.82,7006
1790313840,2026-09-25T10:54:00,73617.99,73630.01,73611.11,73629.35,4955
1790313900,2026-09-25T10:55:00,73625.24,73643.58,73625.24,73643,14935
1790313960,2026-09-25T10:56:00,73638.06,73643.26,73634.08,73641.79,8443
1790314020,2026-09-25T10:57:00,73641.38,73641.38,73625.05,73626.74,7715
1790314080,2026-09-25T10:58:00,73627.57,73639.06,73625.51,73638.04,10809
1790314140,2026-09-25T10:59:00,73638.12,73642.24,73633.24,73635.4,7982
1790314200,2026-09-25T11:00:00,73635.04,73644.84,73628.31,73644.76,10706
1790314260,2026-09-25T11:01:00,73647.5,73661.83,73643.98,73644.39,9495
1790314320,2026-09-25T11:02:00,73643.56,73695.94,73641.34,73695.94,18220
1790314380,2026-09-25T11:03:00,73695.81,73712.39,73695.81,73702.93,12509
1790314440,2026-09-25T11:04:00,73703.41,73707.81,73693.79,73695.61,15762
1790314500,2026-09-25T11:05:00,73695.61,73710.13,73693.59,73710.13,22525
1790314560,2026-09-25T11:06:00,73710.13,73716.33,73704.84,73714.18,8529
1790314620,2026-09-25T11:07:00,73712.6,73732.02,73712.6,73721.59,7610
1790314680,2026-09-25T11:08:00,73722.36,73725.03,73710.51,73720.07,18774
1790314740,2026-09-25T11:09:00,73719.73,73726.08,73710.23,73710.23,5489
1790314800,2026-09-25T11:10:00,73710.35,73727.05,73707.45,73725.39,13763
1790314860,2026-09-25T11:11:00,73724.69,73732.41,73720.31,73725.73,13996
1790314920,2026-09-25T11:12:00,73726.84,73735.61,73725.2,73729.21,10414
1790314980,2026-09-25T11:13:00,73728.37,73730.15,73701.89,73707.16,16590
1790315040,2026-09-25T11:14:00,73706.25,73725.16,73705.94,73725.16,9374
1790315100,2026-09-25T11:15:00,73722.44,73729.76,73715.95,73727.46,12873
1790315160,2026-09-25T11:16:00,73727.76,73741.67,73727.34,73736.56,15274
1790315220,2026-09-25T11:17:00,73734.36,73757.08,73732.68,73757.08,24565
1790315280,2026-09-25T11:18:00,73757.79,73760.19,73740.46,73753.7,13426
1790315340,2026-09-25T11:19:00,73753.7,73753.7,73736.87,73746.31,10398
1790315400,2026-09-25T11:20:00,73746.42,73755.58,73742.79,73748.68,24836
1790315460,2026-09-25T11:21:00,73748.68,73775.52,73746.83,73771.04,11701
1790315520,2026-09-25T11:22:00,73771.04,73772.88,73760.84,73766.9,9739
1790315580,2026-09-25T11:23:00,73762.48,73769.09,73760.23,73766.32,11077
1790315640,2026-09-25T11:24:00,73764.91,73767.52,73728.26,73729.88,181617
1790315700,2026-09-25T11:25:00,73730.74,73731.82,73704.72,73710.58,9045
1790315760,2026-09-25T11:26:00,73710.51,73723.69,73704.43,73705.14,7521
1790315820,2026-09-25T11:27:00,73701.06,73709.64,73696.12,73699.97,20238
1790315880,2026-09-25T11:28:00,73699.77,73711.68,73699.57,73707.43,6820
1790315940,2026-09-25T11:29:00,73708.57,73712.55,73698.75,73701.19,7578
1790316000,2026-09-25T11:30:00,73701.19,73709.95,73694.54,73702.4,14881
1790316060,2026-09-25T11:31:00,73702.4,73731.84,73701.67,73731.84,14063
1790316120,2026-09-25T11:32:00,73730.34,73734.68,73722.41,73723.17,13906
1790316180,2026-09-25T11:33:00,73721.59,73736.02,73721.59,73726.1,7915
1790316240,2026-09-25T11:34:00,73725.76,73725.95,73706.9,73713.3,5911
1790316300,2026-09-25T11:35:00,73712.2,73724.25,73712.2,73722.77,6105
1790316360,2026-09-25T11:36:00,73723.4,73723.4,73694.95,73695.03,28113
1790316420,2026-09-25T11:37:00,73695.23,73713.09,73695.23,73708.29,8792
1790316480,2026-09-25T11:38:00,73709.28,73714.24,73700.03,73708.75,11299
1790316540,2026-09-25T11:39:00,73707.51,73722.16,73706.91,73719.44,54038
1790316600,2026-09-25T11:40:00,73719.87,73734.67,73718.77,73730.67,6443
1790316660,2026-09-25T11:41:00,73730.67,73731,73712.65,73721.74,7567
1790316720,2026-09-25T11:42:00,73720.57,73738.65,73716.28,73737.39,11238
1790316780,2026-09-25T11:43:00,73738.07,73739.84,73724.92,73725.9,15697
1790316840,2026-09-25T11:44:00,73725.18,73738.5,73725.14,73732.69,12458
1790316900,2026-09-25T11:45:00,73732.32,73732.32,73711.91,73720.67,9830
1790316960,2026-09-25T11:46:00,73720.02,73737.33,73714.01,73737.33,8854
1790317020,2026-09-25T11:47:00,73737.33,73737.33,73729.06,73732.09,7726
1790317080,2026-09-25T11:48:00,73733.8,73734.06,73722.61,73731.51,4672
1790317140,2026-09-25T11:49:00,73731.51,73731.51,73715.45,73715.45,17228
1790317200,2026-09-25T11:50:00,73715.45,73727.48,73714.52,73722.39,10818
1790317260,2026-09-25T11:51:00,73721.99,73730.94,73719.86,73729.04,6716
1790317320,2026-09-25T11:52:00,73730.4,73740.64,73730.3,73735.4,9145
1790317380,2026-09-25T11:53:00,73735.7,73740.3,73730.18,73734.13,6561
1790317440,2026-09-25T11:54:00,73732.02,73740.39,73724.74,73737.55,13283
1790317500,2026-09-25T11:55:00,73737.47,73743.38,73723.44,73725.55,10940
1790317560,2026-09-25T11:56:00,73725.56,73736.3,73721.73,73727.82,25020
1790317620,2026-09-25T11:57:00,73732.64,73733.49,73724.52,73729.94,4893
1790317680,2026-09-25T11:58:00,73729.3,73731.64,73716.13,73722.17,21508
1790317740,2026-09-25T11:59:00,73720.83,73727.93,73705.02,73709.51,13976
1790317800,2026-09-25T12:00:00,73710.65,73715.5,73704.98,73704.98,5293
1790317860,2026-09-25T12:01:00,73704.6,73713.83,73702.22,73713.83,16345
1790317920,2026-09-25T12:02:00,73713.69,73713.69,73695.79,73695.79,14510
1790317980,2026-09-25T12:03:00,73694.77,73694.77,73666.31,73669.25,46019
1790318040,2026-09-25T12:04:00,73669.79,73674.38,73652.96,73667.63,13186
1790318100,2026-09-25T12:05:00,73666.84,73677.04,73661.98,73677.04,10944
1790318160,2026-09-25T12:06:00,73676.65,73680.15,73671.2,73673.33,4650
1790318220,2026-09-25T12:07:00,73673.33,73676.97,73665.23,73668.28,8282
1790318280,2026-09-25T12:08:00,73667.83,73681.02,73663.58,73681.02,9838
1790318340,2026-09-25T12:09:00,73682.48,73697.92,73679.45,73695.53,10644
1790318400,2026-09-25T12:10:00,73694.97,73699.25,73687.24,73696.86,8869
1790318460,2026-09-25T12:11:00,73696.46,73725.35,73696.46,73724.36,22840
1790318520,2026-09-25T12:12:00,73724.36,73735.48,73718.11,73730.51,33130
1790318580,2026-09-25T12:13:00,73729.99,73733.19,73719.47,73719.47,9330
1790318640,2026-09-25T12:14:00,73720.17,73722.91,73711.73,73722.91,4819
1790318700,2026-09-25T12:15:00,73724.73,73729.94,73721.22,73728.49,17901
1790318760,2026-09-25T12:16:00,73728.49,73729.05,73717.16,73725.76,5791
1790318820,2026-09-25T12:17:00,73724.47,73727.54,73707.65,73712.08,4683
1790318880,2026-09-25T12:18:00,73712.62,73722.86,73709.26,73721.49,5722
1790318940,2026-09-25T12:19:00,73721.2,73724.32,73716.79,73724.32,10387
1790319000,2026-09-25T12:20:00,73720.65,73720.65,73710.04,73712.46,5484
1790319060,2026-09-25T12:21:00,73712.61,73713.98,73703.12,73706.75,6991
1790319120,2026-09-25T12:22:00,73709.14,73711.71,73698.2,73698.26,3590
1790319180,2026-09-25T12:23:00,73696.31,73707.09,73694.82,73703.27,17440
1790319240,2026-09-25T12:24:00,73703.27,73713.17,73698.16,73702.91,7107
1790319300,2026-09-25T12:25:00,73703.6,73710.34,73694.23,73696.98,8334
1790319360,2026-09-25T12:26:00,73702.06,73717.65,73699.59,73714.94,9997
1790319420,2026-09-25T12:27:00,73712.55,73720.23,73706.67,73716.22,7673
1790319480,2026-09-25T12:28:00,73716.22,73721.05,73713.08,73716.79,4386
1790319540,2026-09-25T12:29:00,73716.79,73727.13,73715.5,73723.93,8860
1790319600,2026-09-25T12:30:00,73723.89,73744.12,73721.16,73743.8,7355
1790319660,2026-09-25T12:31:00,73743.18,73748.68,73737.85,73741.94,8773
1790319720,2026-09-25T12:32:00,73744.46,73744.77,73733.95,73737.23,7655
1790319780,2026-09-25T12:33:00,73736.42,73740.92,73724.01,73725.59,5759
1790319840,2026-09-25T12:34:00,73726.47,73732.68,73720.83,73724.61,4205
1790319900,2026-09-25T12:35:00,73725.05,73725.05,73698.03,73702.11,13021
1790319960,2026-09-25T12:36:00,73701.52,73706.83,73672.85,73672.85,10252
1790320020,2026-09-25T12:37:00,73673.9,73686.12,73669.98,73671.3,4484
1790320080,2026-09-25T12:38:00,73670.81,73683.98,73663.24,73679.71,9887
1790320140,2026-09-25T12:39:00,73680.45,73696.48,73680.45,73684.04,8489
1790320200,2026-09-25T12:40:00,73684.04,73693.69,73682.8,73688.85,12507
1790320260,2026-09-25T12:41:00,73688.85,73688.85,73672.28,73682.3,6318
1790320320,2026-09-25T12:42:00,73682.15,73682.15,73663.51,73663.51,25050
1790320380,2026-09-25T12:43:00,73662.14,73662.14,73640.74,73643.41,10767
1790320440,2026-09-25T12:44:00,73641.39,73646.96,73639.78,73640.2,15120
1790320500,2026-09-25T12:45:00,73643.96,73644.14,73629.36,73634.34,7608
1790320560,2026-09-25T12:46:00,73636.07,73640.23,73630.48,73631.19,16677
1790320620,2026-09-25T12:47:00,73631.77,73635.1,73622.8,73626.66,8957
1790320680,2026-09-25T12:48:00,73622.23,73632.1,73622.23,73628.29,16293
1790320740,2026-09-25T12:49:00,73628.29,73633.77,73617.87,73617.87,19894
1790320800,2026-09-25T12:50:00,73617.87,73623.29,73599.38,73608.02,8619
1790320860,2026-09-25T12:51:00,73606.8,73610.94,73598.26,73604.43,6489
1790320920,2026-09-25T12:52:00,73604.44,73611.39,73600.87,73608.12,5648
1790320980,2026-09-25T12:53:00,73607.26,73607.88,73596.32,73606.67,16356
1790321040,2026-09-25T12:54:00,73606.67,73606.67,73593.22,73598.04,11896
1790321100,2026-09-25T12:55:00,73598.64,73603.2,73592.36,73598.98,14613
1790321160,2026-09-25T12:56:00,73598.98,73598.98,73561.89,73561.89,62138
1790321220,2026-09-25T12:57:00,73553.39,73559.61,73537.51,73559.15,22494
1790321280,2026-09-25T12:58:00,73556.21,73581.18,73554.21,73576.16,19902
1790321340,2026-09-25T12:59:00,73576.16,73587.66,73571.31,73585.67,8124
1790321400,2026-09-25T13:00:00,73585.2,73610.99,73581.27,73609.23,11036
1790321460,2026-09-25T13:01:00,73609.23,73616.26,73598.38,73614.31,8610
1790321520,2026-09-25T13:02:00,73614.15,73621.2,73603.51,73606.66,8716
1790321580,2026-09-25T13:03:00,73607.11,73612.2,73600.11,73603.08,4717
1790321640,2026-09-25T13:04:00,73604.3,73613.63,73603.74,73613.61,4756
1790321700,2026-09-25T13:05:00,73612.93,73612.93,73601.23,73601.76,5823
1790321760,2026-09-25T13:06:00,73602.08,73606.23,73596.1,73598.86,10835
1790321820,2026-09-25T13:07:00,73598.25,73608.81,73594.06,73606.66,6791
1790321880,2026-09-25T13:08:00,73606.32,73610.85,73602.79,73609.73,12722
1790321940,2026-09-25T13:09:00,73609.73,73625.21,73609.73,73624.61,8285
1790322000,2026-09-25T13:10:00,73622.73,73635.35,73616.73,73616.73,10151
1790322060,2026-09-25T13:11:00,73620.09,73643.81,73620.09,73641.27,11140
1790322120,2026-09-25T13:12:00,73641.27,73644.21,73624.24,73633.48,6960
1790322180,2026-09-25T13:13:00,73630.29,73634.28,73619.77,73625.15,82019
1790322240,2026-09-25T13:14:00,73623.93,73627.4,73604.92,73604.92,15098
1790322300,2026-09-25T13:15:00,73605.54,73617.45,73595.76,73599.39,6230
1790322360,2026-09-25T13:16:00,73595.13,73605.7,73593.04,73605.7,11365
1790322420,2026-09-25T13:17:00,73606.35,73610.33,73596.58,73596.75,16017
1790322480,2026-09-25T13:18:00,73598.01,73600.91,73584.33,73585.31,11034
1790322540,2026-09-25T13:19:00,73587.7,73592.72,73581.49,73590.76,9028
1790322600,2026-09-25T13:20:00,73587.84,73594.94,73584.13,73591.24,422343
1790322660,2026-09-25T13:21:00,73589.58,73597.41,73587.04,73596.48,7117
1790322720,2026-09-25T13:22:00,73596.48,73596.64,73584.88,73588.2,9216
1790322780,2026-09-25T13:23:00,73586.1,73591.33,73580.57,73588.86,14582
1790322840,2026-09-25T13:24:00,73587.67,73593.49,73569.5,73572.69,9697
1790322900,2026-09-25T13:25:00,73571.35,73587.61,73568.85,73587.61,206713
1790322960,2026-09-25T13:26:00,73587.66,73603.29,73580.64,73600.44,13298
1790323020,2026-09-25T13:27:00,73601.89,73604.32,73589.41,73590,4017
1790323080,2026-09-25T13:28:00,73589.26,73596.96,73583.89,73592.02,6025
1790323140,2026-09-25T13:29:00,73591.22,73604.52,73588.14,73604.4,7913
1790323200,2026-09-25T13:30:00,73604.4,73604.4,73586.49,73586.93,12826
1790323260,2026-09-25T13:31:00,73586.78,73595.43,73582.1,73592.73,5716
1790323320,2026-09-25T13:32:00,73591.97,73595.82,73582.48,73588.1,10124
1790323380,2026-09-25T13:33:00,73586.03,73590.87,73580.82,73584.75,21544
1790323440,2026-09-25T13:34:00,73579.2,73579.2,73559.52,73560.7,11986
1790323500,2026-09-25T13:35:00,73560.7,73574.71,73558.18,73573.53,13891
1790323560,2026-09-25T13:36:00,73568.79,73576.57,73563.23,73576.57,4567
1790323620,2026-09-25T13:37:00,73577.8,73577.8,73562.95,73576.24,6205
1790323680,2026-09-25T13:38:00,73577,73590.97,73568.81,73589.48,606889
1790323740,2026-09-25T13:39:00,73589.39,73598.52,73581.53,73582.3,8067
1790323800,2026-09-25T13:40:00,73583.73,73598.02,73581.96,73594.88,17373
1790323860,2026-09-25T13:41:00,73595.37,73602.44,73592.61,73599.85,6588
1790323920,2026-09-25T13:42:00,73599.11,73604.31,73594.87,73604.31,8568
1790323980,2026-09-25T13:43:00,73604.28,73613.67,73596.54,73596.54,9269
1790324040,2026-09-25T13:44:00,73596.49,73612.48,73596.49,73604.91,6414
1790324100,2026-09-25T13:45:00,73603.26,73608.75,73595.44,73606.66,7769
1790324160,2026-09-25T13:46:00,73606.66,73621.58,73606.31,73620.63,10835
1790324220,2026-09-25T13:47:00,73622.69,73632.71,73615.15,73622.43,7798
1790324280,2026-09-25T13:48:00,73623.08,73623.61,73615.61,73620.24,8175
1790324340,2026-09-25T13:49:00,73620.39,73621.61,73604.33,73605.32,12087
1790324400,2026-09-25T13:50:00,73605.32,73608.31,73595.32,73599.24,9232
1790324460,2026-09-25T13:51:00,73597.04,73606.45,73592.37,73606.45,10773
1790324520,2026-09-25T13:52:00,73608.07,73617.16,73599.21,73611.22,11519
1790324580,2026-09-25T13:53:00,73611.22,73613.13,73594.95,73599.15,9118
1790324640,2026-09-25T13:54:00,73597.41,73609.8,73597.41,73604.43,4798
1790324700,2026-09-25T13:55:00,73603.68,73614.35,73603.1,73610.57,3863
1790324760,2026-09-25T13:56:00,73612.53,73631.3,73607.2,73631.3,11888
1790324820,2026-09-25T13:57:00,73631.3,73635.4,73623.95,73625.59,4831
1790324880,2026-09-25T13:58:00,73626.4,73629.96,73618.76,73624.76,7715
1790324940,2026-09-25T13:59:00,73624.76,73654.69,73624.76,73654.69,26199
1790325000,2026-09-25T14:00:00,73652.81,73738.25,73652.81,73738.25,32707
1790325060,2026-09-25T14:01:00,73737.19,73770.67,73735,73767.77,19365
1790325120,2026-09-25T14:02:00,73769.45,73793.61,73763.25,73771.2,25268
1790325180,2026-09-25T14:03:00,73768.95,73942.8,73765.86,73942.02,43818
1790325240,2026-09-25T14:04:00,73944.75,73968.05,73940.85,73952.23,22594
1790325300,2026-09-25T14:05:00,73953.12,73957.59,73901.76,73903.37,29099
1790325360,2026-09-25T14:06:00,73904.91,73931.78,73899.1,73924.59,22562
1790325420,2026-09-25T14:07:00,73924.8,73924.8,73897.89,73912.09,41468
1790325480,2026-09-25T14:08:00,73912.73,73915.84,73867.1,73867.1,23094
1790325540,2026-09-25T14:09:00,73873.47,73873.47,73822.85,73832.62,777881
1790325600,2026-09-25T14:10:00,73832.62,73858.95,73825.33,73852.48,117958
1790325660,2026-09-25T14:11:00,73856.01,73876.2,73849.51,73875.6,16293
1790325720,2026-09-25T14:12:00,73874.4,73879.1,73849.99,73851.65,19006
1790325780,2026-09-25T14:13:00,73851.92,73853.9,73836.09,73841.61,10171
1790325840,2026-09-25T14:14:00,73841.14,73852.34,73836.52,73852.34,7744
1790325900,2026-09-25T14:15:00,73852.04,73866.46,73848.46,73858.11,16382
1790325960,2026-09-25T14:16:00,73857.61,73878.69,73856.2,73858.52,10530
1790326020,2026-09-25T14:17:00,73859.92,73873.05,73855.97,73872.04,11878
1790326080,2026-09-25T14:18:00,73872.04,73884.84,73868.43,73883.4,11865
1790326140,2026-09-25T14:19:00,73885.24,73885.86,73865.75,73876.37,7487
1790326200,2026-09-25T14:20:00,73872.66,73872.66,73836.74,73836.74,9982
1790326260,2026-09-25T14:21:00,73838.66,73867.36,73835.95,73852.8,13260
1790326320,2026-09-25T14:22:00,73852.8,73859.58,73849.14,73858.79,35659
1790326380,2026-09-25T14:23:00,73858.79,73858.79,73844.6,73851.56,7993
1790326440,2026-09-25T14:24:00,73851.56,73851.56,73840.34,73841.45,7251
1790326500,2026-09-25T14:25:00,73840.32,73872.79,73840.32,73868.06,16472
1790326560,2026-09-25T14:26:00,73870.57,73893.71,73834.13,73865.68,22236696
1790326620,2026-09-25T14:27:00,73868.97,73869.46,73833.55,73837.56,270580
1790326680,2026-09-25T14:28:00,73840.61,73859.18,73836.63,73857.92,50243
1790326740,2026-09-25T14:29:00,73857.77,73865.12,73854.38,73859.6,27686
1790326800,2026-09-25T14:30:00,73859.39,73895.72,73858.31,73895.72,22831
1790326860,2026-09-25T14:31:00,73899.81,73905.12,73890.28,73899.26,20978
1790326920,2026-09-25T14:32:00,73901.76,73911.36,73899.55,73907.31,12710
1790326980,2026-09-25T14:33:00,73907.31,73912.76,73898.14,73910.05,34273
1790327040,2026-09-25T14:34:00,73907.64,73913.55,73891.9,73901.14,14948
1790327100,2026-09-25T14:35:00,73901.14,73907.34,73891.39,73892.67,9356
1790327160,2026-09-25T14:36:00,73893.9,73899.68,73886.11,73892.25,9921
1790327220,2026-09-25T14:37:00,73892.7,73911.23,73888.05,73911.15,11033
1790327280,2026-09-25T14:38:00,73912.16,73915.59,73904.6,73906.84,13418
1790327340,2026-09-25T14:39:00,73907.51,73916.5,73905.01,73915.46,126986
1790327400,2026-09-25T14:40:00,73916.06,73917.68,73897.09,73897.42,19784
1790327460,2026-09-25T14:41:00,73896.75,73898.39,73880.64,73883.13,12663
1790327520,2026-09-25T14:42:00,73883.13,73890.91,73876.09,73876.09,71379
1790327580,2026-09-25T14:43:00,73876.21,73877.64,73859.99,73863.07,15244
1790327640,2026-09-25T14:44:00,73861.12,73873.42,73852.67,73873.42,16964
1790327700,2026-09-25T14:45:00,73873.35,73875.74,73860.82,73860.82,14903
1790327760,2026-09-25T14:46:00,73866.81,73883.98,73864.15,73883.98,19021
1790327820,2026-09-25T14:47:00,73883.98,73883.98,73868.55,73868.55,61278
1790327880,2026-09-25T14:48:00,73870.67,73875.22,73846.74,73851.64,17231
1790327940,2026-09-25T14:49:00,73853.23,73854.76,73834.64,73834.64,12549
1790328000,2026-09-25T14:50:00,73834.64,73837.94,73820.72,73829.74,19159
1790328060,2026-09-25T14:51:00,73829.18,73842.02,73823.03,73842.02,19579
1790328120,2026-09-25T14:52:00,73840.34,73848.23,73837.05,73847.01,20200
1790328180,2026-09-25T14:53:00,73848.08,73864.01,73844.23,73856.59,63558
1790328240,2026-09-25T14:54:00,73856.59,73868.77,73846.92,73868.77,43694
1790328300,2026-09-25T14:55:00,73867.31,73868.48,73841.51,73847.17,11437
1790328360,2026-09-25T14:56:00,73848.19,73861.16,73842.08,73860.24,8561
1790328420,2026-09-25T14:57:00,73860.71,73861.76,73846.31,73849.62,15166
1790328480,2026-09-25T14:58:00,73849.07,73860.31,73847.3,73855.11,12375
1790328540,2026-09-25T14:59:00,73857.52,73867.13,73857.52,73865.6,14006
1790328600,2026-09-25T15:00:00,73868.82,73868.82,73838.99,73844.27,15867
1790328660,2026-09-25T15:01:00,73842.77,73844.42,73816.02,73816.72,18495
1790328720,2026-09-25T15:02:00,73816.33,73818.72,73806.33,73818.72,34720
1790328780,2026-09-25T15:03:00,73818.72,73830.15,73816.33,73824.31,16221
1790328840,2026-09-25T15:04:00,73825.05,73832.94,73819.12,73823.82,26745
1790328900,2026-09-25T15:05:00,73827.7,73838,73821.56,73829,86531
1790328960,2026-09-25T15:06:00,73826.1,73857.45,73826.1,73856.98,41107
1790329020,2026-09-25T15:07:00,73855.91,73855.91,73841.15,73842.57,19467
1790329080,2026-09-25T15:08:00,73843.9,73844.65,73821.58,73822.15,73153
1790329140,2026-09-25T15:09:00,73825.02,73825.62,73809.5,73819.62,45953
1790329200,2026-09-25T15:10:00,73819.6,73838.21,73815.39,73834.19,91537
1790329260,2026-09-25T15:11:00,73838.25,73850.52,73834.7,73836.44,16090
1790329320,2026-09-25T15:12:00,73835.21,73854.42,73820.44,73838.38,27004
1790329380,2026-09-25T15:13:00,73847.95,73853.25,73830.54,73840.98,15251
1790329440,2026-09-25T15:14:00,73844.06,73895.41,73844.06,73881.44,19595
1790329500,2026-09-25T15:15:00,73881.44,73881.44,73881.44,73881.44,19595
1790329560,2026-09-25T15:16:00,73881.44,73881.44,73881.44,73881.44,19595
1790329620,2026-09-25T15:17:00,73881.44,73881.44,73881.44,73881.44,19595
1790329680,2026-09-25T15:18:00,73881.44,73881.44,73881.44,73881.44,19595
1790329740,2026-09-25T15:19:00,73881.44,73881.44,73881.44,73881.44,19595
1790329800,2026-09-25T15:20:00,73881.44,73881.44,73881.44,73881.44,19595
1790329860,2026-09-25T15:21:00,73881.44,73881.44,73881.44,73881.44,19595
1790329920,2026-09-25T15:22:00,73881.44,73881.44,73881.44,73881.44,19595
1790329980,2026-09-25T15:23:00,73881.44,73881.44,73881.44,73881.44,19595
1790330040,2026-09-25T15:24:00,73881.44,73881.44,73881.44,73881.44,19595
1790330100,2026-09-25T15:25:00,73881.44,73881.44,73881.44,73881.44,19595
1790330160,2026-09-25T15:26:00,73881.44,73881.44,73881.44,73881.44,19595
1790330220,2026-09-25T15:27:00,73881.44,73881.44,73881.44,73881.44,19595
1790330280,2026-09-25T15:28:00,73881.44,73881.44,73881.44,73881.44,19595
1790330340,2026-09-25T15:29:00,73881.44,73895.74,73881.44,73895.74,19595
1790567100,2026-09-28T09:15:00,73734.83,73740.85,73368.38,73374.54,156857
1790567160,2026-09-28T09:16:00,73369.19,73373.03,73291.64,73356.07,103093
1790567220,2026-09-28T09:17:00,73353.29,73373.53,73342.72,73363.46,86462
1790567280,2026-09-28T09:18:00,73371.68,73389.03,73342.85,73358.67,58646
1790567340,2026-09-28T09:19:00,73357.78,73359.06,73299.85,73311.26,40905
1790567400,2026-09-28T09:20:00,73319.27,73319.27,73220.04,73235.71,64118
1790567460,2026-09-28T09:21:00,73231.33,73240.57,73203.63,73205.24,57139
1790567520,2026-09-28T09:22:00,73217.11,73219.39,73190.14,73194.04,45001
1790567580,2026-09-28T09:23:00,73200.53,73232.7,73200.53,73231.11,38576
1790567640,2026-09-28T09:24:00,73234.04,73265.73,73219.87,73244.43,44817
1790567700,2026-09-28T09:25:00,73243.12,73243.12,73188.04,73193.66,33173
1790567760,2026-09-28T09:26:00,73190.5,73203.52,73175.22,73188.09,30543
1790567820,2026-09-28T09:27:00,73185.75,73185.75,73166.44,73168.37,37933
1790567880,2026-09-28T09:28:00,73166.74,73174.62,73155.4,73174.18,29614
1790567940,2026-09-28T09:29:00,73175.02,73175.04,73159.34,73171.1,26233
1790568000,2026-09-28T09:30:00,73171.81,73172.67,73145.25,73159.37,34336
1790568060,2026-09-28T09:31:00,73160.64,73176.4,73156.16,73170.44,25240
1790568120,2026-09-28T09:32:00,73170.89,73171.48,73144.52,73152.9,43659
1790568180,2026-09-28T09:33:00,73153.45,73155.94,73117.83,73121.28,33656
1790568240,2026-09-28T09:34:00,73119.7,73122.96,73103.06,73119.03,34311
1790568300,2026-09-28T09:35:00,73119.34,73121.94,73045.84,73072.31,69953
1790568360,2026-09-28T09:36:00,73071.47,73071.47,73034.21,73041.41,30719
1790568420,2026-09-28T09:37:00,73042.51,73043.92,73018.87,73024.26,56665
1790568480,2026-09-28T09:38:00,73020.07,73028.58,73000.17,73018.78,47436
1790568540,2026-09-28T09:39:00,73014.21,73025.47,73009.26,73014.21,51089
1790568600,2026-09-28T09:40:00,73010.23,73025.03,72995.18,73024.29,28043
1790568660,2026-09-28T09:41:00,73026.06,73046.3,73024.84,73038.41,23731
1790568720,2026-09-28T09:42:00,73036.09,73037.46,73008.57,73011.89,32822
1790568780,2026-09-28T09:43:00,73018.68,73018.68,72982.09,72991,58050
1790568840,2026-09-28T09:44:00,72994.7,72999,72982.44,72992.57,28180
1790568900,2026-09-28T09:45:00,72988.52,73018.52,72981.11,73016.23,42620
1790568960,2026-09-28T09:46:00,73014.02,73036.14,73014.02,73032.3,21382
1790569020,2026-09-28T09:47:00,73032.69,73045.3,73027.21,73045.3,31118
1790569080,2026-09-28T09:48:00,73048.21,73051.83,73025.22,73029.02,20177
1790569140,2026-09-28T09:49:00,73029.03,73034.31,73021.07,73029.6,31830
1790569200,2026-09-28T09:50:00,73031.13,73045.6,73028.3,73033.89,23457
1790569260,2026-09-28T09:51:00,73040.23,73044.72,73014.28,73017.96,23574
1790569320,2026-09-28T09:52:00,73015.6,73029.66,73014.59,73028.12,20390
1790569380,2026-09-28T09:53:00,73032.68,73055.91,73028.12,73039.67,24254
1790569440,2026-09-28T09:54:00,73042.45,73042.45,73017.21,73022.21,38077
1790569500,2026-09-28T09:55:00,73022.34,73036.42,73015.75,73017.25,18955
1790569560,2026-09-28T09:56:00,73019.59,73024.44,73007.78,73023.55,12067
1790569620,2026-09-28T09:57:00,73022.85,73041.66,73019.71,73033.69,18614
1790569680,2026-09-28T09:58:00,73032.95,73070.46,73029.11,73066.29,26063
1790569740,2026-09-28T09:59:00,73065.58,73065.58,73041.02,73042.48,1014654
1790569800,2026-09-28T10:00:00,73044.12,73044.36,73006.34,73009.6,31910
1790569860,2026-09-28T10:01:00,73008.81,73024.53,73006.61,73023.13,21625
1790569920,2026-09-28T10:02:00,73023.23,73047.1,73019.82,73043.63,21810
1790569980,2026-09-28T10:03:00,73043.53,73046.37,73024.76,73024.76,16067
1790570040,2026-09-28T10:04:00,73026.08,73028.17,73010.16,73016.94,20533
1790570100,2026-09-28T10:05:00,73022.69,73026.43,72997.26,72997.26,20723
1790570160,2026-09-28T10:06:00,73004.01,73005.08,72983.93,72989,45609
1790570220,2026-09-28T10:07:00,72990.05,73007.9,72981.59,72997.93,16886
1790570280,2026-09-28T10:08:00,73001.6,73010.08,72997.77,72997.77,17280
1790570340,2026-09-28T10:09:00,72995.91,72997.12,72956.73,72964.42,25912
1790570400,2026-09-28T10:10:00,72959.72,72963.15,72951.08,72963.15,12744
1790570460,2026-09-28T10:11:00,72966.93,73002.25,72963.33,73000.31,16762
1790570520,2026-09-28T10:12:00,73002.92,73019.68,72999.27,73005.93,12927
1790570580,2026-09-28T10:13:00,73001.66,73017.95,72998.33,73017.89,11777
1790570640,2026-09-28T10:14:00,73015.86,73027.59,73015.86,73017.79,12657
1790570700,2026-09-28T10:15:00,73018.12,73018.49,72992.45,72997.1,20251
1790570760,2026-09-28T10:16:00,73000.44,73001.62,72982.81,72989.66,16981
1790570820,2026-09-28T10:17:00,72983.94,72990.12,72937.69,72942.33,26912
1790570880,2026-09-28T10:18:00,72932.56,72955.15,72923.93,72947.69,15963
1790570940,2026-09-28T10:19:00,72951.77,72968.15,72943.75,72959.61,14468
1790571000,2026-09-28T10:20:00,72963.66,72999.89,72963.66,72988.61,15114
1790571060,2026-09-28T10:21:00,72985.78,72993.26,72970.54,72972.23,10332
1790571120,2026-09-28T10:22:00,72968.73,72972.86,72944.99,72947.44,16807
1790571180,2026-09-28T10:23:00,72952.43,72954.44,72940.65,72949.72,35324
1790571240,2026-09-28T10:24:00,72949.91,72953.08,72930.86,72933.56,9795
1790571300,2026-09-28T10:25:00,72936.14,72948.5,72933,72935.94,15009
1790571360,2026-09-28T10:26:00,72934.12,72941.67,72931.03,72931.03,17699
1790571420,2026-09-28T10:27:00,72930.33,72934.54,72921.86,72926.09,15569
1790571480,2026-09-28T10:28:00,72923.6,72939.13,72921.75,72937.2,8687
1790571540,2026-09-28T10:29:00,72938.91,72954.16,72935.6,72954.16,10367
1790571600,2026-09-28T10:30:00,72954.43,72976.28,72954.43,72970.91,14734
1790571660,2026-09-28T10:31:00,72970.43,72971.37,72962.26,72967.86,7864
1790571720,2026-09-28T10:32:00,72970.29,72973.81,72952.3,72957.19,14981
1790571780,2026-09-28T10:33:00,72956.58,72966.48,72951.61,72956.06,10274
1790571840,2026-09-28T10:34:00,72955.17,72955.17,72933.68,72942.63,12155
1790571900,2026-09-28T10:35:00,72944.11,72949.4,72937.36,72939.67,37775
1790571960,2026-09-28T10:36:00,72938.58,72972.27,72935.01,72962.96,12651
1790572020,2026-09-28T10:37:00,72963.55,72963.55,72936.52,72938.72,9714
1790572080,2026-09-28T10:38:00,72938.73,72938.73,72923.26,72923.26,23160
1790572140,2026-09-28T10:39:00,72923.12,72926.61,72901.36,72903.41,18185
1790572200,2026-09-28T10:40:00,72903.27,72914.45,72890.4,72907.62,16036
1790572260,2026-09-28T10:41:00,72911.2,72911.2,72871.05,72873.73,21099
1790572320,2026-09-28T10:42:00,72870.32,72885.81,72869.32,72879.4,15921
1790572380,2026-09-28T10:43:00,72882.79,72891.27,72871.24,72885.78,13441
1790572440,2026-09-28T10:44:00,72886.49,72897.56,72882.51,72895.76,14774
1790572500,2026-09-28T10:45:00,72896.29,72907.95,72885.28,72898.56,10638
1790572560,2026-09-28T10:46:00,72902.35,72910.52,72895.76,72897.34,15060
1790572620,2026-09-28T10:47:00,72897.19,72903.82,72883.24,72887.32,11350
1790572680,2026-09-28T10:48:00,72887.71,72893.97,72871.86,72872.19,14405
1790572740,2026-09-28T10:49:00,72874.32,72875.09,72861.3,72865.92,11000
1790572800,2026-09-28T10:50:00,72867.51,72870.13,72855.76,72869.14,20400
1790572860,2026-09-28T10:51:00,72868.55,72875.11,72862.38,72874.91,16030
1790572920,2026-09-28T10:52:00,72873.34,72878.9,72864.71,72867.85,13453
1790572980,2026-09-28T10:53:00,72868.74,72878.74,72861.39,72861.81,32045
1790573040,2026-09-28T10:54:00,72863.84,72892.47,72863.22,72890.44,8983
1790573100,2026-09-28T10:55:00,72890.14,72907.83,72887.1,72905.95,15606
1790573160,2026-09-28T10:56:00,72905.29,72913,72899.52,72904.59,8760
1790573220,2026-09-28T10:57:00,72903.92,72917.28,72903.92,72914.59,13218
1790573280,2026-09-28T10:58:00,72914.59,72932.77,72913.32,72929.88,9620
1790573340,2026-09-28T10:59:00,72929.37,72941.59,72929.37,72932.91,140436
1790573400,2026-09-28T11:00:00,72932.69,72933.29,72903.08,72906.25,12627
1790573460,2026-09-28T11:01:00,72901.25,72910.29,72896.17,72909.95,8122
1790573520,2026-09-28T11:02:00,72907.4,72918.63,72907.05,72917.36,5107
1790573580,2026-09-28T11:03:00,72919.45,72921.02,72901.36,72908.65,7070
1790573640,2026-09-28T11:04:00,72906.81,72908.52,72880.5,72880.5,10036
1790573700,2026-09-28T11:05:00,72879.11,72883.58,72873.46,72878.09,8182
1790573760,2026-09-28T11:06:00,72876.51,72891.13,72873.18,72891.13,32155
1790573820,2026-09-28T11:07:00,72892.3,72901.84,72887.97,72899.13,13021
1790573880,2026-09-28T11:08:00,72897.87,72897.87,72876.12,72883.96,6879
1790573940,2026-09-28T11:09:00,72884.09,72892.04,72878.42,72886.5,9929
1790574000,2026-09-28T11:10:00,72886.35,72898.04,72879.59,72887.89,7367
1790574060,2026-09-28T11:11:00,72886.22,72886.39,72866.04,72866.04,10300
1790574120,2026-09-28T11:12:00,72865.55,72871.82,72854.4,72865.12,14427
1790574180,2026-09-28T11:13:00,72863.83,72880.44,72863.33,72878.29,6733
1790574240,2026-09-28T11:14:00,72878.13,72885.72,72872.98,72874.56,4955
1790574300,2026-09-28T11:15:00,72874.05,72883.49,72866.78,72870.71,12019
1790574360,2026-09-28T11:16:00,72872.64,72874.54,72842.12,72846.14,14553
1790574420,2026-09-28T11:17:00,72846.2,72854.06,72841.21,72851.17,23693
1790574480,2026-09-28T11:18:00,72852.69,72852.93,72832.08,72852.93,20529
1790574540,2026-09-28T11:19:00,72853.63,72871.86,72851.51,72867.82,10118
1790574600,2026-09-28T11:20:00,72869.21,72889.25,72869.21,72875.27,6278
1790574660,2026-09-28T11:21:00,72874.42,72877.2,72864.36,72871.73,8058
1790574720,2026-09-28T11:22:00,72873.29,72873.98,72862.62,72862.62,6593
1790574780,2026-09-28T11:23:00,72862.62,72863.8,72848.36,72852.87,11209
1790574840,2026-09-28T11:24:00,72856.08,72859.05,72845.32,72852.19,10355
1790574900,2026-09-28T11:25:00,72852.36,72866.45,72852.36,72862.99,8539
1790574960,2026-09-28T11:26:00,72860.72,72872.09,72856.23,72864.85,8828
1790575020,2026-09-28T11:27:00,72870.57,72895.25,72867.29,72894.78,10911
1790575080,2026-09-28T11:28:00,72895.52,72914.52,72895.29,72914.43,33490
1790575140,2026-09-28T11:29:00,72915.04,72921.21,72908.51,72911.81,8821
1790575200,2026-09-28T11:30:00,72911.95,72927.05,72911.94,72922.73,267178
1790575260,2026-09-28T11:31:00,72924.28,72927.79,72914.56,72923.3,13844
1790575320,2026-09-28T11:32:00,72923.64,72942.8,72923.58,72929.02,17193
1790575380,2026-09-28T11:33:00,72930.07,72935.93,72902.43,72902.43,33570
1790575440,2026-09-28T11:34:00,72898.42,72911.65,72891.67,72893.51,9334
1790575500,2026-09-28T11:35:00,72895.5,72905.85,72886.06,72895.91,16939
1790575560,2026-09-28T11:36:00,72899.06,72912.4,72894.19,72912.4,12407
1790575620,2026-09-28T11:37:00,72913.32,72934.5,72911.65,72928.5,21511
1790575680,2026-09-28T11:38:00,72930.98,72944.85,72928.25,72941.4,17684
1790575740,2026-09-28T11:39:00,72940.95,72946.87,72934.89,72945.07,8254
1790575800,2026-09-28T11:40:00,72944.43,72968.15,72943.26,72967.44,15663
1790575860,2026-09-28T11:41:00,72967.22,72977.61,72960.88,72975.32,8362
1790575920,2026-09-28T11:42:00,72975.81,72979.63,72970.36,72973.08,19718
1790575980,2026-09-28T11:43:00,72971.35,72978.24,72967.41,72968.78,7088
1790576040,2026-09-28T11:44:00,72969.24,72973.24,72954.53,72965.93,13292
1790576100,2026-09-28T11:45:00,72966.86,72976.59,72962.94,72970.99,12159
1790576160,2026-09-28T11:46:00,72971.34,72986.2,72964.21,72970.53,15662
1790576220,2026-09-28T11:47:00,72967.04,72974.18,72965.23,72968.85,8444
1790576280,2026-09-28T11:48:00,72967.56,72973.23,72956.81,72973.23,7408
1790576340,2026-09-28T11:49:00,72972.4,72973.54,72954.35,72955.93,9490
1790576400,2026-09-28T11:50:00,72956.61,72960.24,72951.33,72954.03,10007
1790576460,2026-09-28T11:51:00,72951.78,72955.29,72924.14,72926.03,11296
1790576520,2026-09-28T11:52:00,72929.03,72945.89,72925.18,72945.89,21419
1790576580,2026-09-28T11:53:00,72946.07,72954.84,72937.15,72946.57,11912
1790576640,2026-09-28T11:54:00,72949.73,72953.31,72928.8,72937.72,24829
1790576700,2026-09-28T11:55:00,72937.36,72937.36,72913.52,72913.69,20018
1790576760,2026-09-28T11:56:00,72913.69,72913.69,72877.46,72884.47,22995
1790576820,2026-09-28T11:57:00,72882.01,72896.61,72876.5,72891.39,8976
1790576880,2026-09-28T11:58:00,72890.71,72895.77,72885.61,72895.33,508520
1790576940,2026-09-28T11:59:00,72895.96,72909.79,72892.71,72907.28,9006
1790577000,2026-09-28T12:00:00,72903.72,72917.86,72897.39,72905.77,6346
1790577060,2026-09-28T12:01:00,72905.49,72931.33,72905.49,72929.35,14472
1790577120,2026-09-28T12:02:00,72928.69,72934.9,72923.88,72928.06,7641
1790577180,2026-09-28T12:03:00,72928.06,72936.09,72913.39,72913.69,10154
1790577240,2026-09-28T12:04:00,72914.1,72925.1,72900.68,72900.68,85570
1790577300,2026-09-28T12:05:00,72899.77,72928.75,72896.31,72927.46,10729
1790577360,2026-09-28T12:06:00,72927.46,72951.93,72927.46,72945.12,19634
1790577420,2026-09-28T12:07:00,72945.25,72951.59,72939.48,72947.36,12627
1790577480,2026-09-28T12:08:00,72943.14,72943.14,72928,72935,8061
1790577540,2026-09-28T12:09:00,72935.05,72944.76,72920.87,72928.85,12392
1790577600,2026-09-28T12:10:00,72927.82,72932.74,72913.94,72919.15,30411
1790577660,2026-09-28T12:11:00,72918.63,72929.46,72917.09,72921.94,4785
1790577720,2026-09-28T12:12:00,72920.14,72930.52,72913.6,72925.77,814288
1790577780,2026-09-28T12:13:00,72924.41,72928.15,72912.92,72917.22,10722
1790577840,2026-09-28T12:14:00,72918.13,72926.54,72914.4,72923.54,5757
1790577900,2026-09-28T12:15:00,72927.02,72927.02,72898.23,72904.75,11260
1790577960,2026-09-28T12:16:00,72904.83,72920.77,72900.11,72919.71,8275
1790578020,2026-09-28T12:17:00,72924.21,72929.42,72915.94,72924.99,1839039
1790578080,2026-09-28T12:18:00,72924.35,72932.48,72921.96,72927.94,278524
1790578140,2026-09-28T12:19:00,72927.94,72937.81,72924.42,72936.39,26329
1790578200,2026-09-28T12:20:00,72937.34,72943.08,72933.35,72938.46,5421
1790578260,2026-09-28T12:21:00,72940.7,72942.15,72922.14,72925.23,5501
1790578320,2026-09-28T12:22:00,72925.37,72932.9,72919.87,72921.09,10582
1790578380,2026-09-28T12:23:00,72920.96,72945.59,72920.96,72945.01,11790
1790578440,2026-09-28T12:24:00,72944.56,72961.68,72941.37,72961.68,17505
1790578500,2026-09-28T12:25:00,72961.68,72979.08,72960.31,72977.91,8945
1790578560,2026-09-28T12:26:00,72978.09,72990.63,72975,72988.32,15502
1790578620,2026-09-28T12:27:00,72986.67,72987.02,72963.33,72965.28,229794
1790578680,2026-09-28T12:28:00,72964.84,72971.7,72959.35,72971.7,5558
1790578740,2026-09-28T12:29:00,72971.7,72988.57,72966.72,72988.57,17187
1790578800,2026-09-28T12:30:00,72989.19,72990.15,72975.4,72975.4,13581
1790578860,2026-09-28T12:31:00,72978.19,72981.32,72954.7,72964.73,12321
1790578920,2026-09-28T12:32:00,72964.73,72979.4,72964.05,72975.04,4691
1790578980,2026-09-28T12:33:00,72978.41,72978.73,72957.21,72960.39,25351
1790579040,2026-09-28T12:34:00,72957.45,72958.74,72941.8,72941.8,13309
1790579100,2026-09-28T12:35:00,72944.83,72947.65,72934.22,72946.22,30466
1790579160,2026-09-28T12:36:00,72945.7,72956.56,72938.96,72947.2,13499
1790579220,2026-09-28T12:37:00,72945.72,72956.54,72942.28,72947.14,31963
1790579280,2026-09-28T12:38:00,72948.42,72955.38,72939.85,72953.78,18110
1790579340,2026-09-28T12:39:00,72953.78,72953.78,72936.36,72947.17,29063
1790579400,2026-09-28T12:40:00,72947.17,72950.97,72940.62,72949.65,5624
1790579460,2026-09-28T12:41:00,72949.39,72954.89,72939.77,72951.48,11463
1790579520,2026-09-28T12:42:00,72950.34,72961.8,72946.94,72961.31,16533
1790579580,2026-09-28T12:43:00,72960.7,72970.74,72956.31,72961.11,12470
1790579640,2026-09-28T12:44:00,72959.32,72960.08,72945.26,72946.46,29461
1790579700,2026-09-28T12:45:00,72944.83,72947.4,72937.13,72940.6,21328
1790579760,2026-09-28T12:46:00,72940.6,72948.32,72937.02,72946.26,4102
1790579820,2026-09-28T12:47:00,72944.88,72948.05,72935.8,72936.5,12122
1790579880,2026-09-28T12:48:00,72936.18,72943.15,72930.24,72931.39,7482
1790579940,2026-09-28T12:49:00,72931.39,72942.89,72931.39,72936.77,8650
1790580000,2026-09-28T12:50:00,72939.99,72945.9,72937.73,72941.4,3736
1790580060,2026-09-28T12:51:00,72942.38,72943.31,72932.85,72935.54,5634
1790580120,2026-09-28T12:52:00,72935.86,72944.74,72928.02,72928.28,9434
1790580180,2026-09-28T12:53:00,72930,72930,72906.05,72908.79,14228
1790580240,2026-09-28T12:54:00,72908.13,72924.27,72907.2,72921.59,8764
1790580300,2026-09-28T12:55:00,72921.59,72926.18,72912.53,72918.67,20195
1790580360,2026-09-28T12:56:00,72919.01,72926.69,72916.1,72923.27,6023
1790580420,2026-09-28T12:57:00,72923.42,72923.42,72899.06,72902.7,10973
1790580480,2026-09-28T12:58:00,72900.9,72915.6,72897.89,72915.6,31878
1790580540,2026-09-28T12:59:00,72916.5,72924.42,72914.2,72919.49,65987
1790580600,2026-09-28T13:00:00,72920.72,72925.37,72915.41,72919.3,26970
1790580660,2026-09-28T13:01:00,72920.52,72931.11,72915.33,72928.62,23520
1790580720,2026-09-28T13:02:00,72928.38,72936.08,72922.63,72924.26,12167
1790580780,2026-09-28T13:03:00,72924.6,72926.54,72914.83,72926.54,9757
1790580840,2026-09-28T13:04:00,72925.2,72925.62,72903.48,72906.7,25895
1790580900,2026-09-28T13:05:00,72905.71,72907.75,72894.41,72903.06,10326
1790580960,2026-09-28T13:06:00,72901.78,72907.17,72889.53,72895.45,5600
1790581020,2026-09-28T13:07:00,72894.37,72900.69,72890.01,72895.16,11361
1790581080,2026-09-28T13:08:00,72894.86,72894.86,72865.6,72866.78,8712
1790581140,2026-09-28T13:09:00,72868.64,72890.06,72865.15,72890.06,7299
1790581200,2026-09-28T13:10:00,72889.98,72920.31,72888.39,72920.31,14590
1790581260,2026-09-28T13:11:00,72919.12,72932.2,72917.61,72931.15,5766
1790581320,2026-09-28T13:12:00,72929.17,72929.62,72896.99,72901.63,9109
1790581380,2026-09-28T13:13:00,72900.54,72907.66,72897.58,72904.14,5246
1790581440,2026-09-28T13:14:00,72904.12,72908.82,72888.24,72888.24,68889
1790581500,2026-09-28T13:15:00,72887.48,72893.9,72878.28,72886.62,22773
1790581560,2026-09-28T13:16:00,72887.34,72890.42,72880.39,72888.93,42295
1790581620,2026-09-28T13:17:00,72888.15,72907.18,72888.15,72901.07,12581
1790581680,2026-09-28T13:18:00,72901.07,72921.12,72899.53,72914.86,13475
1790581740,2026-09-28T13:19:00,72915.22,72922.92,72909.56,72919.07,8937
1790581800,2026-09-28T13:20:00,72917.69,72925.37,72908.39,72912.01,54917
1790581860,2026-09-28T13:21:00,72911.9,72919.93,72910.05,72918.67,6383
1790581920,2026-09-28T13:22:00,72922.51,72938.55,72920.91,72938.55,9572
1790581980,2026-09-28T13:23:00,72936.71,72953.18,72926.33,72953.18,32239
1790582040,2026-09-28T13:24:00,72953.72,72962.99,72947.8,72959.07,12558
1790582100,2026-09-28T13:25:00,72959.8,72963.13,72952.84,72959.86,4967
1790582160,2026-09-28T13:26:00,72962.71,72978.19,72960.22,72973.38,10545
1790582220,2026-09-28T13:27:00,72972,72980.37,72962.01,72962.01,7308
1790582280,2026-09-28T13:28:00,72964.98,72971.76,72959.91,72964.75,6242
1790582340,2026-09-28T13:29:00,72964.75,72971.45,72962.38,72963.43,4852
1790582400,2026-09-28T13:30:00,72963.64,72972.53,72960.04,72960.2,11148
1790582460,2026-09-28T13:31:00,72961.09,72963.17,72944.29,72944.89,22301
1790582520,2026-09-28T13:32:00,72943.4,72944.8,72922.72,72939.7,3826
1790582580,2026-09-28T13:33:00,72939.1,72944.36,72929.28,72929.84,13308
1790582640,2026-09-28T13:34:00,72930.74,72936.91,72914.68,72914.68,9215
1790582700,2026-09-28T13:35:00,72917.27,72928.9,72914.74,72927.58,3741
1790582760,2026-09-28T13:36:00,72925.01,72928.9,72920.04,72923.59,4429
1790582820,2026-09-28T13:37:00,72926.3,72928.79,72920.9,72922.77,10390
1790582880,2026-09-28T13:38:00,72919.74,72931.18,72918.46,72929.24,5672
1790582940,2026-09-28T13:39:00,72928.85,72947.37,72927.57,72946.72,18695
1790583000,2026-09-28T13:40:00,72948.11,72955.9,72945.3,72955.9,9457
1790583060,2026-09-28T13:41:00,72955.55,72965.5,72952.25,72965.5,5536
1790583120,2026-09-28T13:42:00,72964.8,72968.15,72949.61,72949.61,7320
1790583180,2026-09-28T13:43:00,72949.49,72950.42,72928.17,72928.17,11483
1790583240,2026-09-28T13:44:00,72929.06,72937.59,72921.84,72936.65,5934
1790583300,2026-09-28T13:45:00,72936.25,72944.01,72933.72,72943.17,3157
1790583360,2026-09-28T13:46:00,72944.98,72951.52,72935.83,72948.32,8854
1790583420,2026-09-28T13:47:00,72947.47,72962.13,72941.93,72951.45,11536
1790583480,2026-09-28T13:48:00,72951.41,72955.26,72931.23,72936.64,9600
1790583540,2026-09-28T13:49:00,72936.97,72939.33,72916.86,72934.57,21174
1790583600,2026-09-28T13:50:00,72939.07,72946.23,72935.91,72936.19,134094
1790583660,2026-09-28T13:51:00,72937.6,72944.51,72925.06,72933.72,10358
1790583720,2026-09-28T13:52:00,72935.8,72956.11,72935.63,72956.11,2968
1790583780,2026-09-28T13:53:00,72952.85,72957.66,72936.88,72936.88,11278
1790583840,2026-09-28T13:54:00,72937.72,72943.25,72924.63,72931.26,10904
1790583900,2026-09-28T13:55:00,72931.26,72936.55,72923.33,72933.31,27546
1790583960,2026-09-28T13:56:00,72933.31,72949.71,72930.81,72945.39,4916
1790584020,2026-09-28T13:57:00,72947.27,72958.52,72939.2,72943.79,8262
1790584080,2026-09-28T13:58:00,72943.41,72952.49,72936.23,72952.49,6737
1790584140,2026-09-28T13:59:00,72951.39,72960.29,72948.63,72955.97,16545
1790584200,2026-09-28T14:00:00,72954.43,72961.96,72953.98,72956.55,6485
1790584260,2026-09-28T14:01:00,72963.67,72963.67,72943.19,72943.19,19868
1790584320,2026-09-28T14:02:00,72941.63,72946.7,72913.09,72916.45,48030
1790584380,2026-09-28T14:03:00,72916.05,72927.02,72912.44,72924.11,25555
1790584440,2026-09-28T14:04:00,72923.11,72935.53,72918.06,72919.64,13880
1790584500,2026-09-28T14:05:00,72919.19,72925.61,72915.3,72918.93,12121
1790584560,2026-09-28T14:06:00,72917.9,72921.95,72906.25,72910.49,14150
1790584620,2026-09-28T14:07:00,72910.79,72915.83,72901.75,72911.26,13892
1790584680,2026-09-28T14:08:00,72911.26,72917.28,72908.04,72917.28,17165
1790584740,2026-09-28T14:09:00,72919.73,72920.03,72905.76,72913.27,15697
1790584800,2026-09-28T14:10:00,72915.88,72926.22,72907.66,72924.46,12408
1790584860,2026-09-28T14:11:00,72925.36,72936.91,72921.13,72933.29,8743
1790584920,2026-09-28T14:12:00,72933.29,72935.32,72918.97,72918.97,7050
1790584980,2026-09-28T14:13:00,72919.75,72921.08,72899.28,72899.28,18568
1790585040,2026-09-28T14:14:00,72898.21,72900.5,72890.18,72896.68,8825
1790585100,2026-09-28T14:15:00,72896.2,72899.11,72872.97,72875.5,7718
1790585160,2026-09-28T14:16:00,72868.38,72875.95,72858.13,72870.17,10013
1790585220,2026-09-28T14:17:00,72874.36,72875.73,72835.22,72835.22,753911
1790585280,2026-09-28T14:18:00,72834.62,72834.62,72792.14,72802.71,70197
1790585340,2026-09-28T14:19:00,72805.87,72820,72805.87,72811.08,8620
1790585400,2026-09-28T14:20:00,72812.22,72832.69,72812.22,72830.83,13780
1790585460,2026-09-28T14:21:00,72827.6,72845.26,72821.89,72831.71,11853
1790585520,2026-09-28T14:22:00,72834.72,72835.96,72809.18,72812.74,15049
1790585580,2026-09-28T14:23:00,72812.02,72818.14,72804.45,72815.6,15312
1790585640,2026-09-28T14:24:00,72808.14,72826.33,72808.14,72817.99,16402
1790585700,2026-09-28T14:25:00,72817.13,72833,72811.14,72833,18959
1790585760,2026-09-28T14:26:00,72832.05,72837.49,72822.6,72822.6,16403
1790585820,2026-09-28T14:27:00,72822.89,72837.83,72819.27,72835.02,9015
1790585880,2026-09-28T14:28:00,72834.3,72834.99,72820.48,72824.68,23761
1790585940,2026-09-28T14:29:00,72824.79,72831.33,72814.55,72818.34,8665
1790586000,2026-09-28T14:30:00,72818,72841.29,72813.98,72838.18,83143
1790586060,2026-09-28T14:31:00,72842.38,72844.11,72822.53,72822.53,17204
1790586120,2026-09-28T14:32:00,72821.97,72826.37,72805.72,72808.11,11188
1790586180,2026-09-28T14:33:00,72808.08,72809.33,72786.53,72797.3,16443
1790586240,2026-09-28T14:34:00,72796.4,72796.4,72770.4,72776.86,16910
1790586300,2026-09-28T14:35:00,72773.23,72782.24,72768.86,72776.99,30189
1790586360,2026-09-28T14:36:00,72775.77,72788.36,72775.23,72783.3,7946
1790586420,2026-09-28T14:37:00,72778.77,72783.24,72768.46,72772.98,15695
1790586480,2026-09-28T14:38:00,72773.62,72773.62,72728.92,72729.59,21304
1790586540,2026-09-28T14:39:00,72728.12,72734.45,72716.23,72733.9,31772
1790586600,2026-09-28T14:40:00,72733.9,72750.34,72728.37,72748.33,498614
1790586660,2026-09-28T14:41:00,72742.84,72767.87,72742.84,72763.19,21106
1790586720,2026-09-28T14:42:00,72762.27,72763.31,72748.77,72749.36,18300
1790586780,2026-09-28T14:43:00,72749.7,72754.48,72741.81,72748.78,17173
1790586840,2026-09-28T14:44:00,72749.51,72772.11,72749.08,72770.59,23100
1790586900,2026-09-28T14:45:00,72770.09,72785.54,72766.29,72784.03,20101
1790586960,2026-09-28T14:46:00,72782.61,72809.14,72777.69,72801.39,20495
1790587020,2026-09-28T14:47:00,72802.36,72820.16,72802.36,72807.87,18264
1790587080,2026-09-28T14:48:00,72808.2,72811.85,72798.92,72810.15,18880
1790587140,2026-09-28T14:49:00,72811.31,72834.56,72809.34,72834.56,15728
1790587200,2026-09-28T14:50:00,72836.14,72855.63,72832.01,72853.79,19828
1790587260,2026-09-28T14:51:00,72852.07,72853.54,72839.77,72843.65,16705
1790587320,2026-09-28T14:52:00,72842.45,72851.12,72837.6,72845.5,32253
1790587380,2026-09-28T14:53:00,72850.4,72865.46,72844.92,72864.85,52615
1790587440,2026-09-28T14:54:00,72861.75,72863.9,72852.48,72854.89,10230
1790587500,2026-09-28T14:55:00,72855.4,72860,72851.33,72855.38,15931
1790587560,2026-09-28T14:56:00,72855.15,72858.69,72848.82,72851.88,18934
1790587620,2026-09-28T14:57:00,72852.14,72867.64,72851.16,72860.48,26367
1790587680,2026-09-28T14:58:00,72859.42,72862.72,72845.25,72845.25,23483
1790587740,2026-09-28T14:59:00,72846.05,72851.62,72836.17,72841.23,32864
1790587800,2026-09-28T15:00:00,72829.46,72843.19,72825.26,72834.72,26861
1790587860,2026-09-28T15:01:00,72827.8,72833.23,72812.84,72812.84,34677
1790587920,2026-09-28T15:02:00,72813.83,72815.29,72789,72804.98,37024
1790587980,2026-09-28T15:03:00,72796.98,72826.47,72796.98,72824.57,24879
1790588040,2026-09-28T15:04:00,72820.99,72838.62,72820.99,72834.54,482506
1790588100,2026-09-28T15:05:00,72819.88,72819.88,72800.75,72814.11,38552
1790588160,2026-09-28T15:06:00,72800.02,72811.3,72781.65,72793.04,41266
1790588220,2026-09-28T15:07:00,72778.44,72802.07,72778.44,72796.01,30133
1790588280,2026-09-28T15:08:00,72786.99,72802.61,72786.99,72796.1,44530
1790588340,2026-09-28T15:09:00,72787.97,72796.28,72778.71,72794.25,82881
1790588400,2026-09-28T15:10:00,72791.04,72845.62,72791.04,72836.48,120571
1790588460,2026-09-28T15:11:00,72814.51,72837.13,72805.09,72837.13,34370
1790588520,2026-09-28T15:12:00,72823.57,72837.6,72813.48,72834.38,77504
1790588580,2026-09-28T15:13:00,72815.02,72832.83,72798.3,72815.05,40355
1790588640,2026-09-28T15:14:00,72793.64,72823.91,72784.88,72808.14,52911
1790588700,2026-09-28T15:15:00,72805.78,72805.78,72805.78,72805.78,52911
1790588760,2026-09-28T15:16:00,72805.78,72805.78,72805.78,72805.78,52911
1790588820,2026-09-28T15:17:00,72805.78,72805.78,72805.78,72805.78,52911
1790588880,2026-09-28T15:18:00,72805.78,72805.78,72805.78,72805.78,52911
1790588940,2026-09-28T15:19:00,72805.78,72805.78,72805.78,72805.78,52911
1790589000,2026-09-28T15:20:00,72805.78,72805.78,72805.78,72805.78,52911
1790589060,2026-09-28T15:21:00,72805.78,72805.78,72805.78,72805.78,52911
1790589120,2026-09-28T15:22:00,72805.78,72805.78,72805.78,72805.78,52911
1790589180,2026-09-28T15:23:00,72805.78,72805.78,72805.78,72805.78,52911
1790589240,2026-09-28T15:24:00,72805.78,72805.78,72805.78,72805.78,52911
1790589300,2026-09-28T15:25:00,72805.78,72805.78,72805.78,72805.78,52911
1790589360,2026-09-28T15:26:00,72805.78,72805.78,72805.78,72805.78,52911
1790589420,2026-09-28T15:27:00,72805.78,72805.78,72805.78,72805.78,52911
1790589480,2026-09-28T15:28:00,72805.78,72805.78,72805.78,72805.78,52911
1790589540,2026-09-28T15:29:00,72805.78,72805.78,72771.72,72771.72,52911
1790653500,2026-09-29T09:15:00,72633.68,72684.9,72512.54,72579.08,183265
1790653560,2026-09-29T09:16:00,72569.75,72570.35,72526.6,72539,94004
1790653620,2026-09-29T09:17:00,72542.65,72564.51,72527.3,72536.74,70834
1790653680,2026-09-29T09:18:00,72537.62,72537.62,72432.45,72434.02,77087
1790653740,2026-09-29T09:19:00,72432.49,72443.02,72419.49,72431.81,36834
1790653800,2026-09-29T09:20:00,72428.74,72430.62,72382.58,72392.47,49975
1790653860,2026-09-29T09:21:00,72393.97,72399.64,72362.64,72370.64,58805
1790653920,2026-09-29T09:22:00,72370.08,72378.43,72346.86,72378.43,82290
1790653980,2026-09-29T09:23:00,72384.31,72399.11,72382.21,72391.78,38496
1790654040,2026-09-29T09:24:00,72389.57,72399.25,72372.02,72380.21,43135
1790654100,2026-09-29T09:25:00,72379.84,72385.92,72342.37,72348.28,40719
1790654160,2026-09-29T09:26:00,72346.93,72356.56,72328.07,72335.7,45958
1790654220,2026-09-29T09:27:00,72335.74,72336.56,72290.36,72300.15,57057
1790654280,2026-09-29T09:28:00,72300.43,72304.82,72263.85,72270.1,49136
1790654340,2026-09-29T09:29:00,72267.29,72273.16,72245.2,72253.76,43800
1790654400,2026-09-29T09:30:00,72248.07,72286.95,72248.07,72268.5,65721
1790654460,2026-09-29T09:31:00,72266.01,72266.01,72231.12,72236,36017
1790654520,2026-09-29T09:32:00,72239.26,72251.19,72200.28,72202.1,86423
1790654580,2026-09-29T09:33:00,72210.81,72225.3,72201.36,72220.22,42162
1790654640,2026-09-29T09:34:00,72214.79,72233.17,72211.97,72228.85,38212
1790654700,2026-09-29T09:35:00,72228.52,72230.75,72171.37,72178.14,62954
1790654760,2026-09-29T09:36:00,72177.18,72178.45,72097.99,72115.78,59842
1790654820,2026-09-29T09:37:00,72108.67,72113.78,72072.71,72073.9,55852
1790654880,2026-09-29T09:38:00,72076.67,72100.53,72064,72098.67,84881
1790654940,2026-09-29T09:39:00,72097.32,72097.32,72068.06,72073.19,26649
1790655000,2026-09-29T09:40:00,72070.34,72139.77,72070.34,72133.79,30543
1790655060,2026-09-29T09:41:00,72134.77,72209.69,72129.53,72204.88,63188
1790655120,2026-09-29T09:42:00,72204.22,72230.71,72204.22,72229.38,31852
1790655180,2026-09-29T09:43:00,72229.6,72229.67,72180.41,72191.25,88520
1790655240,2026-09-29T09:44:00,72197.4,72203.87,72179.01,72181.24,26447
1790655300,2026-09-29T09:45:00,72184.01,72207.82,72177.71,72185.76,42984
1790655360,2026-09-29T09:46:00,72173.49,72182.66,72161.51,72181.43,250010
1790655420,2026-09-29T09:47:00,72181.07,72186.53,72171.53,72177.64,43611
1790655480,2026-09-29T09:48:00,72178.02,72178.74,72151.42,72154.26,23795
1790655540,2026-09-29T09:49:00,72153.88,72159.84,72145.15,72147.64,31622
1790655600,2026-09-29T09:50:00,72147.33,72155.22,72124.36,72137.91,42183
1790655660,2026-09-29T09:51:00,72135.91,72166.74,72125.92,72166.52,42081
1790655720,2026-09-29T09:52:00,72164.46,72167.85,72145.16,72157.52,24840
1790655780,2026-09-29T09:53:00,72158.92,72164.34,72133.16,72135.1,55904
1790655840,2026-09-29T09:54:00,72135.68,72181.47,72135.68,72181.47,29066
1790655900,2026-09-29T09:55:00,72183.06,72219.11,72179.44,72217.99,34386
1790655960,2026-09-29T09:56:00,72216.4,72216.4,72197.53,72200.52,33633
1790656020,2026-09-29T09:57:00,72201.23,72201.23,72171.94,72198.85,135217
1790656080,2026-09-29T09:58:00,72195.98,72211.38,72178.68,72182.33,48954
1790656140,2026-09-29T09:59:00,72183.04,72192.61,72176.8,72181.18,68423
1790656200,2026-09-29T10:00:00,72180.27,72187.22,72168.32,72187.22,32378
1790656260,2026-09-29T10:01:00,72188,72192.19,72155.49,72157.74,44533
1790656320,2026-09-29T10:02:00,72161.41,72161.41,72137.02,72153.36,78253
1790656380,2026-09-29T10:03:00,72150.45,72186.79,72148.33,72162.65,35191
1790656440,2026-09-29T10:04:00,72159.46,72162.03,72142.22,72143.76,28634
1790656500,2026-09-29T10:05:00,72143.06,72156.17,72132.67,72136.46,47020
1790656560,2026-09-29T10:06:00,72137.39,72148.09,72124.15,72128.13,68152
1790656620,2026-09-29T10:07:00,72127.24,72154.78,72127.24,72154.78,17927
1790656680,2026-09-29T10:08:00,72154.32,72174.83,72139.81,72174.83,20045
1790656740,2026-09-29T10:09:00,72170.01,72175.11,72143.07,72144.4,26719
1790656800,2026-09-29T10:10:00,72143.63,72146.33,72122.34,72125.34,27660
1790656860,2026-09-29T10:11:00,72124.6,72126.85,72093.86,72103.11,25272
1790656920,2026-09-29T10:12:00,72102.14,72125.08,72096.73,72120.31,16887
1790656980,2026-09-29T10:13:00,72119.81,72120.73,72101,72113.65,16695
1790657040,2026-09-29T10:14:00,72115.47,72118.93,72102.88,72118.93,13819
1790657100,2026-09-29T10:15:00,72118.76,72135.88,72101.53,72132.89,26264
1790657160,2026-09-29T10:16:00,72134.1,72136.39,72123.82,72132.48,20354
1790657220,2026-09-29T10:17:00,72130.11,72148.43,72126.71,72132.27,43726
1790657280,2026-09-29T10:18:00,72129.46,72149.04,72129.13,72146.23,52377
1790657340,2026-09-29T10:19:00,72147.12,72155.87,72137.72,72142.95,25894
1790657400,2026-09-29T10:20:00,72142.2,72145.4,72125.41,72139.65,27633
1790657460,2026-09-29T10:21:00,72137.22,72139.92,72099.77,72100.19,27245
1790657520,2026-09-29T10:22:00,72099.7,72124.5,72097.55,72120.61,18063
1790657580,2026-09-29T10:23:00,72121.74,72128.63,72117.24,72125.41,8692
1790657640,2026-09-29T10:24:00,72127.96,72141.55,72123.91,72133.28,8626
1790657700,2026-09-29T10:25:00,72132.73,72160.78,72132.73,72158.51,24787
1790657760,2026-09-29T10:26:00,72158.04,72179.55,72154.9,72175.36,16572
1790657820,2026-09-29T10:27:00,72174.97,72181.3,72164.18,72168.97,39343
1790657880,2026-09-29T10:28:00,72163.95,72178.02,72154.85,72178.02,10865
1790657940,2026-09-29T10:29:00,72175.57,72188.75,72167.52,72182.31,16873
1790658000,2026-09-29T10:30:00,72177.51,72178.5,72162.76,72166.38,16832
1790658060,2026-09-29T10:31:00,72166.46,72172.32,72149.37,72152.2,17266
1790658120,2026-09-29T10:32:00,72149.06,72149.75,72133.52,72134.25,18243
1790658180,2026-09-29T10:33:00,72131.41,72135.19,72116.21,72119.77,23671
1790658240,2026-09-29T10:34:00,72120.12,72156.01,72119.46,72156.01,20016
1790658300,2026-09-29T10:35:00,72154.68,72168.58,72151.34,72164.76,17415
1790658360,2026-09-29T10:36:00,72163.18,72170.74,72148.03,72148.26,54233
1790658420,2026-09-29T10:37:00,72147.98,72158.16,72144.18,72144.63,53221
1790658480,2026-09-29T10:38:00,72145.01,72165.1,72143.29,72162.34,22378
1790658540,2026-09-29T10:39:00,72162.34,72182.29,72162.34,72179.63,18294
1790658600,2026-09-29T10:40:00,72178.31,72178.31,72157.64,72164.62,165512
1790658660,2026-09-29T10:41:00,72164.13,72174.24,72155,72172.03,26725
1790658720,2026-09-29T10:42:00,72172.71,72184.81,72166.48,72183.94,27880
1790658780,2026-09-29T10:43:00,72184.46,72233.97,72184.46,72233.13,24518
1790658840,2026-09-29T10:44:00,72231.47,72240.68,72225.03,72238.87,19600
1790658900,2026-09-29T10:45:00,72241.09,72241.09,72212.99,72213.25,11472
1790658960,2026-09-29T10:46:00,72214.08,72220.35,72190.88,72197.85,16966
1790659020,2026-09-29T10:47:00,72192.3,72198.44,72175.42,72181.58,14068
1790659080,2026-09-29T10:48:00,72183.82,72183.98,72158.5,72173.4,44972
1790659140,2026-09-29T10:49:00,72171.07,72190.85,72166.88,72187.7,10156
1790659200,2026-09-29T10:50:00,72189.59,72190.55,72165.98,72181.79,19454
1790659260,2026-09-29T10:51:00,72181.41,72181.41,72166.33,72172.03,16417
1790659320,2026-09-29T10:52:00,72174.31,72203.34,72170.69,72203.34,9554
1790659380,2026-09-29T10:53:00,72202.39,72208.51,72195.59,72203.04,13576
1790659440,2026-09-29T10:54:00,72202.54,72222.13,72198.69,72216.99,10079
1790659500,2026-09-29T10:55:00,72216.06,72243.13,72210.82,72234.27,39100
1790659560,2026-09-29T10:56:00,72232.66,72251,72232.66,72234.46,21902
1790659620,2026-09-29T10:57:00,72231.63,72239.43,72223.47,72235.24,16795
1790659680,2026-09-29T10:58:00,72236.96,72268.22,72236.96,72249.42,28598
1790659740,2026-09-29T10:59:00,72249.81,72252.88,72240.61,72245.48,17069
1790659800,2026-09-29T11:00:00,72244.15,72251.45,72221.72,72231.5,22867
1790659860,2026-09-29T11:01:00,72230.51,72230.85,72185.16,72188.84,17280
1790659920,2026-09-29T11:02:00,72188.54,72191.27,72173.08,72173.56,14739
1790659980,2026-09-29T11:03:00,72173.86,72194.24,72172.05,72190.5,22668
1790660040,2026-09-29T11:04:00,72191.34,72192.5,72174.62,72182.23,14757
1790660100,2026-09-29T11:05:00,72181.63,72182.13,72164.74,72165.34,19238
1790660160,2026-09-29T11:06:00,72165.84,72194.91,72162.06,72189.42,117256
1790660220,2026-09-29T11:07:00,72189.76,72201.94,72184.29,72194.57,9030
1790660280,2026-09-29T11:08:00,72194.18,72202.08,72185.98,72191.91,14866
1790660340,2026-09-29T11:09:00,72189.62,72242.24,72187.07,72237.27,24720
1790660400,2026-09-29T11:10:00,72239.65,72357.02,72234.77,72344.53,36685
1790660460,2026-09-29T11:11:00,72344.22,72386.33,72337.11,72338.56,35422
1790660520,2026-09-29T11:12:00,72339.88,72406.42,72337.49,72403.12,27280
1790660580,2026-09-29T11:13:00,72403.25,72441.44,72385.23,72441.44,50979
1790660640,2026-09-29T11:14:00,72443.63,72494.55,72442,72442,68600
1790660700,2026-09-29T11:15:00,72446.88,72486.8,72446.88,72467.94,17898
1790660760,2026-09-29T11:16:00,72465.38,72470.27,72402.42,72412.01,30228
1790660820,2026-09-29T11:17:00,72414.31,72433.81,72414.31,72415.6,11664
1790660880,2026-09-29T11:18:00,72413.73,72413.73,72390.68,72408.33,13596
1790660940,2026-09-29T11:19:00,72408.48,72448.27,72408.48,72443.65,15380
1790661000,2026-09-29T11:20:00,72446.38,72470.8,72437.45,72470.8,29792
1790661060,2026-09-29T11:21:00,72466.66,72471.69,72449.36,72452.29,11165
1790661120,2026-09-29T11:22:00,72450.57,72455.5,72435.54,72451.85,19927
1790661180,2026-09-29T11:23:00,72450.62,72456.72,72430.68,72430.68,24323
1790661240,2026-09-29T11:24:00,72432.15,72433.2,72401.14,72401.14,22881
1790661300,2026-09-29T11:25:00,72401.12,72413.61,72397.16,72411.4,14526
1790661360,2026-09-29T11:26:00,72410.63,72420.12,72405.93,72420.12,18453
1790661420,2026-09-29T11:27:00,72419.13,72434.79,72415.5,72429.68,20720
1790661480,2026-09-29T11:28:00,72431.75,72454.95,72424.55,72453.89,16902
1790661540,2026-09-29T11:29:00,72452.61,72486.84,72450.64,72486.84,235646
1790661600,2026-09-29T11:30:00,72486.15,72555.72,72472.4,72539.71,26612
1790661660,2026-09-29T11:31:00,72539.06,72595.06,72539.06,72595.06,34607
1790661720,2026-09-29T11:32:00,72591.02,72592.9,72568.59,72568.67,22747
1790661780,2026-09-29T11:33:00,72569.28,72597.09,72564.09,72595.73,14944
1790661840,2026-09-29T11:34:00,72592.3,72592.3,72553.41,72559.21,15763
1790661900,2026-09-29T11:35:00,72557.27,72568.22,72531.96,72533.98,11189
1790661960,2026-09-29T11:36:00,72533.22,72551.5,72533.22,72547.58,26606
1790662020,2026-09-29T11:37:00,72547.09,72547.75,72521.73,72533.71,56641
1790662080,2026-09-29T11:38:00,72533.07,72536.43,72506.31,72519.31,30463
1790662140,2026-09-29T11:39:00,72517.7,72557.72,72517.7,72551.48,43382
1790662200,2026-09-29T11:40:00,72554.03,72592.99,72548.94,72574.97,10789
1790662260,2026-09-29T11:41:00,72575.8,72575.91,72558.73,72563.21,9226
1790662320,2026-09-29T11:42:00,72564.09,72574.26,72561.66,72563.03,79508
1790662380,2026-09-29T11:43:00,72563.65,72567.87,72515.79,72524.67,21453
1790662440,2026-09-29T11:44:00,72529.15,72557.39,72527.53,72549.28,13202
1790662500,2026-09-29T11:45:00,72548.56,72552.98,72540.49,72540.49,16239
1790662560,2026-09-29T11:46:00,72540.49,72551.18,72535.11,72535.11,23070
1790662620,2026-09-29T11:47:00,72534.56,72534.9,72513.56,72529.32,96885
1790662680,2026-09-29T11:48:00,72527.97,72549.43,72525.24,72547.81,13285
1790662740,2026-09-29T11:49:00,72547.81,72570.01,72544.6,72565.9,27598
1790662800,2026-09-29T11:50:00,72565.9,72568.71,72544.55,72544.55,34880
1790662860,2026-09-29T11:51:00,72544.67,72580.64,72540.46,72573.45,14950
1790662920,2026-09-29T11:52:00,72581.11,72581.64,72563.36,72578.4,17842
1790662980,2026-09-29T11:53:00,72578.29,72581.81,72556.11,72556.55,22332
1790663040,2026-09-29T11:54:00,72557.22,72560.18,72549.02,72551.18,11925
1790663100,2026-09-29T11:55:00,72550.97,72573.22,72550.14,72572.12,10168
1790663160,2026-09-29T11:56:00,72574.44,72582.21,72564.07,72571.88,19167
1790663220,2026-09-29T11:57:00,72574.11,72581.4,72567.99,72581.4,13332
1790663280,2026-09-29T11:58:00,72581.17,72587.57,72578.67,72583.61,15044
1790663340,2026-09-29T11:59:00,72583.61,72586.45,72579.51,72585.59,10343
1790663400,2026-09-29T12:00:00,72585.05,72611.83,72585.05,72606.69,17693
1790663460,2026-09-29T12:01:00,72606.97,72646.91,72604.25,72637.33,19139
1790663520,2026-09-29T12:02:00,72637.51,72637.51,72614.68,72621.82,24987
1790663580,2026-09-29T12:03:00,72620.84,72647.61,72614.69,72647.61,8131
1790663640,2026-09-29T12:04:00,72647.61,72647.61,72621.79,72636.63,25254
1790663700,2026-09-29T12:05:00,72635.54,72648.91,72635.54,72644.12,13084
1790663760,2026-09-29T12:06:00,72644.12,72658.95,72642.01,72646.93,11827
1790663820,2026-09-29T12:07:00,72644.37,72662.68,72641.69,72658.87,18301
1790663880,2026-09-29T12:08:00,72658.36,72658.36,72644.49,72656.31,12579
1790663940,2026-09-29T12:09:00,72655.76,72656.73,72620.95,72624.81,44069
1790664000,2026-09-29T12:10:00,72625,72633.92,72623.61,72632.59,26649
1790664060,2026-09-29T12:11:00,72633.85,72635.53,72625.11,72626,9865
1790664120,2026-09-29T12:12:00,72620.09,72630.7,72616.45,72619.47,28111
1790664180,2026-09-29T12:13:00,72618.97,72630.06,72614.74,72625.19,12131
1790664240,2026-09-29T12:14:00,72624.67,72632.02,72622.23,72624.99,3792
1790664300,2026-09-29T12:15:00,72624.99,72629.59,72609.25,72617.1,17310
1790664360,2026-09-29T12:16:00,72617.1,72619,72608.77,72616.34,15344
1790664420,2026-09-29T12:17:00,72614.11,72614.31,72596.33,72604.81,13872
1790664480,2026-09-29T12:18:00,72606.02,72606.02,72582.08,72588.52,4506
1790664540,2026-09-29T12:19:00,72589.74,72596.52,72583.92,72583.92,9867
1790664600,2026-09-29T12:20:00,72583.08,72591.54,72554.69,72556.51,24808
1790664660,2026-09-29T12:21:00,72557.51,72558.05,72541.36,72554.46,7889
1790664720,2026-09-29T12:22:00,72554.45,72555.54,72529.18,72553.05,7962
1790664780,2026-09-29T12:23:00,72553.05,72561.26,72551.76,72560.31,5216
1790664840,2026-09-29T12:24:00,72557.64,72557.64,72534.05,72538.03,26957
1790664900,2026-09-29T12:25:00,72535.8,72538.82,72518.77,72523.63,48575
1790664960,2026-09-29T12:26:00,72521.87,72523.15,72481.92,72487.37,81981
1790665020,2026-09-29T12:27:00,72488.34,72492.12,72408.3,72420.41,72554
1790665080,2026-09-29T12:28:00,72425.55,72425.55,72390.5,72403.87,13885
1790665140,2026-09-29T12:29:00,72410.16,72427.98,72410.16,72423.11,11330
1790665200,2026-09-29T12:30:00,72423.08,72424.97,72351.9,72362.75,18963
1790665260,2026-09-29T12:31:00,72366.04,72366.04,72321.08,72335.26,15845
1790665320,2026-09-29T12:32:00,72335.2,72337.46,72266.02,72266.02,22246
1790665380,2026-09-29T12:33:00,72262.51,72273.79,72250.35,72270.07,14397
1790665440,2026-09-29T12:34:00,72269.41,72325.23,72269.41,72324.44,8943
1790665500,2026-09-29T12:35:00,72324.44,72348.73,72323.8,72344.38,7068
1790665560,2026-09-29T12:36:00,72346.51,72372.11,72337.71,72367.49,11922
1790665620,2026-09-29T12:37:00,72367.79,72380.77,72365.45,72366.99,10736
1790665680,2026-09-29T12:38:00,72366.99,72370,72345.57,72361.32,8320
1790665740,2026-09-29T12:39:00,72364.67,72387.19,72350.94,72386.61,7344
1790665800,2026-09-29T12:40:00,72384.94,72402.18,72383.38,72394.74,10343
1790665860,2026-09-29T12:41:00,72392.98,72469.58,72392.83,72467.02,34911
1790665920,2026-09-29T12:42:00,72467.15,72469.74,72441.61,72441.61,9158
1790665980,2026-09-29T12:43:00,72441.31,72442.96,72418.38,72418.38,4450
1790666040,2026-09-29T12:44:00,72416.67,72416.67,72381.86,72387.18,12572
1790666100,2026-09-29T12:45:00,72388.99,72399.69,72376.87,72390.66,19204
1790666160,2026-09-29T12:46:00,72391.61,72392.37,72357.35,72358.52,11323
1790666220,2026-09-29T12:47:00,72358.27,72379.11,72353.78,72373.94,13152
1790666280,2026-09-29T12:48:00,72375.95,72402.96,72373.9,72400.77,29798
1790666340,2026-09-29T12:49:00,72400.77,72416.58,72398.23,72403.56,41448
1790666400,2026-09-29T12:50:00,72402.04,72407.47,72398.34,72404.26,19187
1790666460,2026-09-29T12:51:00,72404.74,72412.37,72393.14,72394.65,8832
1790666520,2026-09-29T12:52:00,72394.64,72417.29,72392.01,72407.56,37533
1790666580,2026-09-29T12:53:00,72406.96,72416.96,72401.24,72410.69,11735
1790666640,2026-09-29T12:54:00,72412.42,72433.13,72412.42,72418.33,15040
1790666700,2026-09-29T12:55:00,72421.1,72430.62,72405.77,72430.62,16949
1790666760,2026-09-29T12:56:00,72431.92,72464.98,72426.44,72460.87,23383
1790666820,2026-09-29T12:57:00,72462.79,72494.57,72456.96,72476.46,15406
1790666880,2026-09-29T12:58:00,72475.49,72481.27,72442.2,72446.19,7515
1790666940,2026-09-29T12:59:00,72443.68,72453.7,72439.78,72449.05,22544
1790667000,2026-09-29T13:00:00,72449.45,72455.78,72444.89,72451.56,9426
1790667060,2026-09-29T13:01:00,72451.25,72454.82,72430.23,72435.88,6433
1790667120,2026-09-29T13:02:00,72433.57,72446.5,72433.17,72439.54,12683
1790667180,2026-09-29T13:03:00,72439.54,72441.88,72422.47,72433.2,6787
1790667240,2026-09-29T13:04:00,72434.54,72438.48,72416.25,72416.86,9272
1790667300,2026-09-29T13:05:00,72413.23,72417.71,72407.08,72412.52,11359
1790667360,2026-09-29T13:06:00,72410.95,72417.48,72406.13,72409.71,136729
1790667420,2026-09-29T13:07:00,72409.97,72420.84,72406.48,72415.67,16168
1790667480,2026-09-29T13:08:00,72415.67,72431.92,72412.71,72429.52,8043
1790667540,2026-09-29T13:09:00,72429.6,72497.27,72423.78,72491.74,11661
1790667600,2026-09-29T13:10:00,72492.1,72492.1,72451.6,72463.83,7478
1790667660,2026-09-29T13:11:00,72463.83,72465.71,72447.16,72449.72,14587
1790667720,2026-09-29T13:12:00,72445.96,72451.66,72425.92,72425.92,5381
1790667780,2026-09-29T13:13:00,72425.39,72448.11,72425.39,72432.08,7632
1790667840,2026-09-29T13:14:00,72432.48,72434.18,72417.96,72433.2,6237
1790667900,2026-09-29T13:15:00,72432.98,72432.98,72407.25,72407.25,16629
1790667960,2026-09-29T13:16:00,72406.94,72422.87,72405.54,72422.31,18772
1790668020,2026-09-29T13:17:00,72421.04,72455.32,72417.87,72435.69,14401
1790668080,2026-09-29T13:18:00,72439.55,72446.67,72434.06,72446.13,10138
1790668140,2026-09-29T13:19:00,72440.7,72443.43,72406.01,72408.1,24724
1790668200,2026-09-29T13:20:00,72407.51,72411.62,72366.36,72367.31,24419
1790668260,2026-09-29T13:21:00,72367.31,72388.53,72367.31,72379.05,10602
1790668320,2026-09-29T13:22:00,72379.81,72388.84,72369.87,72372.46,324744
1790668380,2026-09-29T13:23:00,72372.16,72372.16,72351.83,72356.45,10136
1790668440,2026-09-29T13:24:00,72352.13,72368.07,72350.33,72363.49,9071
1790668500,2026-09-29T13:25:00,72363.44,72382.8,72360.4,72382.8,10571
1790668560,2026-09-29T13:26:00,72385,72388.95,72370.88,72375.81,8036
1790668620,2026-09-29T13:27:00,72375.9,72378,72363.55,72367.67,17026
1790668680,2026-09-29T13:28:00,72361.75,72361.84,72339.9,72350.19,8130
1790668740,2026-09-29T13:29:00,72351.57,72361.96,72342.61,72361.96,12893
1790668800,2026-09-29T13:30:00,72360.49,72361.05,72335.52,72346.44,8973
1790668860,2026-09-29T13:31:00,72347.64,72359.08,72342.76,72353.38,11268
1790668920,2026-09-29T13:32:00,72352.11,72372.75,72349.7,72360.88,17723
1790668980,2026-09-29T13:33:00,72358.03,72358.15,72341.29,72351.64,11389
1790669040,2026-09-29T13:34:00,72352.45,72355.23,72339.83,72341.95,20643
1790669100,2026-09-29T13:35:00,72341.95,72343.8,72327.17,72341.45,30526
1790669160,2026-09-29T13:36:00,72336.52,72344.52,72311.43,72316.16,39607
1790669220,2026-09-29T13:37:00,72311.97,72314.2,72299.06,72312.61,11821
1790669280,2026-09-29T13:38:00,72312.74,72312.74,72263.59,72275.05,398767
1790669340,2026-09-29T13:39:00,72277.49,72284.8,72263.58,72282.49,86259
1790669400,2026-09-29T13:40:00,72286.17,72289.41,72268.69,72274.23,12884
1790669460,2026-09-29T13:41:00,72275.21,72300.69,72275.21,72290.23,8511
1790669520,2026-09-29T13:42:00,72291.76,72303.93,72288.68,72294.42,4723
1790669580,2026-09-29T13:43:00,72291.73,72295.04,72277.8,72293.81,7516
1790669640,2026-09-29T13:44:00,72294.07,72311.74,72293.42,72307.57,6934
1790669700,2026-09-29T13:45:00,72309.81,72328.87,72308.27,72328.87,13349
1790669760,2026-09-29T13:46:00,72328.87,72348.62,72328.87,72346.68,9609
1790669820,2026-09-29T13:47:00,72346.68,72359.95,72334.66,72359.66,6710
1790669880,2026-09-29T13:48:00,72359.66,72359.66,72337.6,72341.18,10235
1790669940,2026-09-29T13:49:00,72342.08,72357.63,72337.6,72355.82,8437
1790670000,2026-09-29T13:50:00,72356.12,72365.03,72349.17,72364.61,12680
1790670060,2026-09-29T13:51:00,72366.87,72394.17,72363.38,72392.05,8473
1790670120,2026-09-29T13:52:00,72389.3,72408.2,72388.72,72395.22,17108
1790670180,2026-09-29T13:53:00,72395.22,72398.22,72384.96,72387.29,6542
1790670240,2026-09-29T13:54:00,72383.88,72385.69,72372.98,72381.84,4798
1790670300,2026-09-29T13:55:00,72381.84,72382.25,72363.09,72365.65,10375
1790670360,2026-09-29T13:56:00,72369.57,72377.06,72367.95,72377.06,7028
1790670420,2026-09-29T13:57:00,72377.62,72384.15,72368.02,72375.31,4942
1790670480,2026-09-29T13:58:00,72375.06,72384.65,72365.58,72384.26,13871
1790670540,2026-09-29T13:59:00,72384.26,72385.85,72376.01,72376.89,9317
1790670600,2026-09-29T14:00:00,72376.97,72386.84,72356.48,72360.69,11843
1790670660,2026-09-29T14:01:00,72360.42,72371.16,72348.82,72369.43,10697
1790670720,2026-09-29T14:02:00,72367.25,72368.59,72349.64,72355.38,15660
1790670780,2026-09-29T14:03:00,72355.04,72356.88,72328.4,72344.19,30123
1790670840,2026-09-29T14:04:00,72333.78,72340.78,72329.48,72330.15,6417
1790670900,2026-09-29T14:05:00,72330.04,72370.14,72323.36,72370.14,6555
1790670960,2026-09-29T14:06:00,72372.04,72375.36,72365.44,72368.64,6494
1790671020,2026-09-29T14:07:00,72374.12,72377.68,72350.75,72359.62,11565
1790671080,2026-09-29T14:08:00,72359.05,72367.24,72356.84,72356.84,5101
1790671140,2026-09-29T14:09:00,72357,72398.25,72357,72397.81,11659
1790671200,2026-09-29T14:10:00,72397.11,72440.42,72395.85,72407.78,18811
1790671260,2026-09-29T14:11:00,72409.09,72416.88,72395.32,72415.09,5717
1790671320,2026-09-29T14:12:00,72414.59,72419.8,72391.35,72402.13,9385
1790671380,2026-09-29T14:13:00,72402.96,72424.96,72398.08,72424.96,13102
1790671440,2026-09-29T14:14:00,72422.17,72438.42,72420.13,72420.13,9585
1790671500,2026-09-29T14:15:00,72415.24,72415.24,72387.93,72406.26,13474
1790671560,2026-09-29T14:16:00,72406.18,72428.71,72406.18,72410.49,6425
1790671620,2026-09-29T14:17:00,72409.16,72423.59,72402.08,72420.49,10042
1790671680,2026-09-29T14:18:00,72421.12,72441.75,72421.12,72439.02,11438
1790671740,2026-09-29T14:19:00,72439.91,72441.35,72426.75,72426.75,5852
1790671800,2026-09-29T14:20:00,72427.95,72430.56,72417.75,72417.75,5311
1790671860,2026-09-29T14:21:00,72417.75,72432.21,72415.98,72428.58,7863
1790671920,2026-09-29T14:22:00,72428.58,72429.66,72395.69,72412.42,8105
1790671980,2026-09-29T14:23:00,72411.19,72411.6,72374.51,72381.09,11561
1790672040,2026-09-29T14:24:00,72387.4,72387.94,72373.26,72378.62,7950
1790672100,2026-09-29T14:25:00,72378.36,72392.21,72374.66,72392.21,6263
1790672160,2026-09-29T14:26:00,72390.26,72412.27,72390.26,72400.08,13964
1790672220,2026-09-29T14:27:00,72400.6,72401.15,72381.19,72382.59,10624
1790672280,2026-09-29T14:28:00,72380.35,72385.95,72369.7,72383.44,6407
1790672340,2026-09-29T14:29:00,72385.76,72394.73,72384.38,72391.37,11926
1790672400,2026-09-29T14:30:00,72391.37,72432.32,72389.69,72432.32,9153
1790672460,2026-09-29T14:31:00,72440.3,72479.48,72438.23,72477.26,25368
1790672520,2026-09-29T14:32:00,72476.98,72476.98,72448.47,72451.26,42217
1790672580,2026-09-29T14:33:00,72451.26,72455.89,72394.25,72398.45,19743
1790672640,2026-09-29T14:34:00,72399.34,72407.83,72392.56,72406.54,8831
1790672700,2026-09-29T14:35:00,72404.92,72425.79,72403.01,72425.79,14702
1790672760,2026-09-29T14:36:00,72427.65,72438.88,72422.79,72434.3,13066
1790672820,2026-09-29T14:37:00,72436.15,72438.37,72418.22,72418.94,21024
1790672880,2026-09-29T14:38:00,72422.16,72434.91,72422.16,72426.02,10294
1790672940,2026-09-29T14:39:00,72432.75,72441.15,72425.04,72437.64,10530
1790673000,2026-09-29T14:40:00,72439.6,72439.6,72420.02,72428.79,9217
1790673060,2026-09-29T14:41:00,72430.51,72455.14,72427.6,72441.02,12265
1790673120,2026-09-29T14:42:00,72440.67,72446.79,72415.31,72418.07,12304
1790673180,2026-09-29T14:43:00,72418.78,72438.36,72414.07,72428.16,16297
1790673240,2026-09-29T14:44:00,72428.34,72433.81,72420.19,72422.84,10192
1790673300,2026-09-29T14:45:00,72418,72422.93,72393.98,72408.85,12417
1790673360,2026-09-29T14:46:00,72411.13,72412.15,72398.33,72412.15,22125
1790673420,2026-09-29T14:47:00,72412.17,72412.45,72394.84,72406.5,7719
1790673480,2026-09-29T14:48:00,72407.09,72422.28,72405.76,72421.86,10995
1790673540,2026-09-29T14:49:00,72421.72,72423.1,72412.11,72417.84,11104
1790673600,2026-09-29T14:50:00,72417.84,72423.41,72405.56,72418.07,12116
1790673660,2026-09-29T14:51:00,72417.02,72442.36,72414.18,72437.56,26292
1790673720,2026-09-29T14:52:00,72436.18,72454.44,72429.26,72452.56,17128
1790673780,2026-09-29T14:53:00,72451.53,72473.74,72451.53,72469.11,34082
1790673840,2026-09-29T14:54:00,72467.34,72469.18,72459.88,72467.37,16173
1790673900,2026-09-29T14:55:00,72470.81,72474.01,72462.59,72468.65,12767
1790673960,2026-09-29T14:56:00,72467.39,72474.71,72457.36,72457.36,14083
1790674020,2026-09-29T14:57:00,72455.85,72456.57,72439.24,72441.12,21527
1790674080,2026-09-29T14:58:00,72440.41,72445.17,72430.59,72436.35,13660
1790674140,2026-09-29T14:59:00,72436.2,72437.42,72413.63,72422.99,21696
1790674200,2026-09-29T15:00:00,72421.59,72451.79,72408.99,72441.77,56571
1790674260,2026-09-29T15:01:00,72442.87,72442.87,72406.38,72408.92,35902
1790674320,2026-09-29T15:02:00,72402.82,72412.32,72391.16,72400.44,37902
1790674380,2026-09-29T15:03:00,72399.53,72422.29,72395.57,72410.7,33757
1790674440,2026-09-29T15:04:00,72404.21,72411.05,72390.56,72399.46,23972
1790674500,2026-09-29T15:05:00,72399.21,72443.34,72399.21,72435.1,48062
1790674560,2026-09-29T15:06:00,72438.08,72468.1,72434.57,72468.1,53623
1790674620,2026-09-29T15:07:00,72474.07,72477.54,72455.35,72469.74,43458
1790674680,2026-09-29T15:08:00,72470.75,72482.54,72458.19,72464.91,28501
1790674740,2026-09-29T15:09:00,72462.05,72488.08,72454.52,72488.08,52641
1790674800,2026-09-29T15:10:00,72482.98,72537.34,72482.98,72535.43,39985
1790674860,2026-09-29T15:11:00,72528.15,72535.68,72512.33,72524.74,26029
1790674920,2026-09-29T15:12:00,72522.45,72529.46,72497.14,72515.42,43693
1790674980,2026-09-29T15:13:00,72515.69,72516.04,72483.2,72507.25,13995
1790675040,2026-09-29T15:14:00,72505.63,72511.24,72463.92,72486.55,25679
1790675100,2026-09-29T15:15:00,72480.07,72480.07,72480.07,72480.07,25679
1790675160,2026-09-29T15:16:00,72480.07,72480.07,72480.07,72480.07,25679
1790675220,2026-09-29T15:17:00,72480.07,72480.07,72480.07,72480.07,25679
1790675280,2026-09-29T15:18:00,72480.07,72480.07,72480.07,72480.07,25679
1790675340,2026-09-29T15:19:00,72480.07,72480.07,72480.07,72480.07,25679
1790675400,2026-09-29T15:20:00,72480.07,72480.07,72480.07,72480.07,25679
1790675460,2026-09-29T15:21:00,72480.07,72480.07,72480.07,72480.07,25679
1790675520,2026-09-29T15:22:00,72480.07,72480.07,72480.07,72480.07,25679
1790675580,2026-09-29T15:23:00,72480.07,72480.07,72480.07,72480.07,25679
1790675640,2026-09-29T15:24:00,72480.07,72480.07,72480.07,72480.07,25679
1790675700,2026-09-29T15:25:00,72480.07,72480.07,72480.07,72480.07,25679
1790675760,2026-09-29T15:26:00,72480.07,72480.07,72480.07,72480.07,25679
1790675820,2026-09-29T15:27:00,72480.07,72480.07,72480.07,72480.07,25679
1790675880,2026-09-29T15:28:00,72480.07,72480.07,72480.07,72480.07,25679
1790675940,2026-09-29T15:29:00,72480.07,72529.07,72480.07,72529.07,25679
1790739900,2026-09-30T09:15:00,72441.15,72635.41,72440.05,72483.78,159055
1790739960,2026-09-30T09:16:00,72484.34,72538.8,72456.08,72525.2,81501
1790740020,2026-09-30T09:17:00,72528.83,72542.55,72511.13,72536.54,42639
1790740080,2026-09-30T09:18:00,72532.87,72577.89,72520.61,72566.72,63839
1790740140,2026-09-30T09:19:00,72555.91,72616.65,72548.4,72612.36,57928
1790740200,2026-09-30T09:20:00,72614.72,72665.08,72600.93,72652.89,74629
1790740260,2026-09-30T09:21:00,72652.23,72689.39,72645.98,72658.72,52315
1790740320,2026-09-30T09:22:00,72659.12,72666.95,72601.56,72610.85,55582
1790740380,2026-09-30T09:23:00,72608.71,72682.63,72607.45,72674.33,60745
1790740440,2026-09-30T09:24:00,72684.19,72730.46,72680.72,72715.98,39570
1790740500,2026-09-30T09:25:00,72722.53,72740.99,72677.6,72677.6,52854
1790740560,2026-09-30T09:26:00,72678.62,72744.89,72675.55,72744.89,32780
1790740620,2026-09-30T09:27:00,72736.82,72747.2,72725.33,72737.29,29949
1790740680,2026-09-30T09:28:00,72736.2,72746.79,72728.47,72728.77,36355
1790740740,2026-09-30T09:29:00,72730.11,72734.68,72700.71,72705.03,33823
1790740800,2026-09-30T09:30:00,72704.82,72706.33,72655.74,72657.75,33623
1790740860,2026-09-30T09:31:00,72651.9,72659.01,72625.8,72640.92,25335
1790740920,2026-09-30T09:32:00,72643.52,72659.46,72634.45,72646.57,23669
1790740980,2026-09-30T09:33:00,72642.32,72642.32,72598.69,72600.09,39286
1790741040,2026-09-30T09:34:00,72599.47,72622.18,72596.08,72622.18,17630
1790741100,2026-09-30T09:35:00,72625.27,72669.48,72622.44,72667.28,30629
1790741160,2026-09-30T09:36:00,72668.16,72670.92,72619.85,72624.52,17448
1790741220,2026-09-30T09:37:00,72623.63,72650.83,72614.47,72646.02,27873
1790741280,2026-09-30T09:38:00,72647.5,72651.73,72637.96,72640.73,21797
1790741340,2026-09-30T09:39:00,72646.54,72652.08,72627.56,72627.56,19817
1790741400,2026-09-30T09:40:00,72620.27,72647.16,72616.69,72625.36,17194
1790741460,2026-09-30T09:41:00,72626.31,72664.28,72624.77,72662.08,18405
1790741520,2026-09-30T09:42:00,72662.05,72699.07,72657.62,72696.63,26068
1790741580,2026-09-30T09:43:00,72695.34,72721.1,72691.34,72718.02,17311
1790741640,2026-09-30T09:44:00,72713.21,72716.04,72700.53,72714.9,15425
1790741700,2026-09-30T09:45:00,72714.9,72760.65,72710.15,72759.19,24610
1790741760,2026-09-30T09:46:00,72756.82,72759.47,72734.51,72736.77,14298
1790741820,2026-09-30T09:47:00,72737.96,72737.96,72681.58,72681.58,24842
1790741880,2026-09-30T09:48:00,72679.62,72696.09,72675.79,72690.96,23771
1790741940,2026-09-30T09:49:00,72694.06,72694.06,72657,72660.11,25867
1790742000,2026-09-30T09:50:00,72660.95,72670.23,72652.6,72667.75,43835
1790742060,2026-09-30T09:51:00,72664.71,72668.78,72651.36,72658.33,35109
1790742120,2026-09-30T09:52:00,72660.44,72668.85,72625.17,72631.75,26496
1790742180,2026-09-30T09:53:00,72630.01,72676.4,72617.86,72676.4,16325
1790742240,2026-09-30T09:54:00,72676.26,72724.8,72675.98,72724.8,16842
1790742300,2026-09-30T09:55:00,72726.04,72752.56,72725.95,72739.94,47207
1790742360,2026-09-30T09:56:00,72735.88,72757.28,72735.88,72751.02,18882
1790742420,2026-09-30T09:57:00,72749.23,72750.1,72736.58,72738.29,18246
1790742480,2026-09-30T09:58:00,72736.19,72764.19,72732.17,72764.19,36582
1790742540,2026-09-30T09:59:00,72764.11,72781.64,72740.65,72740.65,36221
1790742600,2026-09-30T10:00:00,72736.29,72743.38,72716.51,72733.65,26361
1790742660,2026-09-30T10:01:00,72735,72741.12,72723.42,72730.78,14510
1790742720,2026-09-30T10:02:00,72730.83,72749.87,72730.79,72734.88,21195
1790742780,2026-09-30T10:03:00,72738.78,72753.49,72736.78,72736.78,14117
1790742840,2026-09-30T10:04:00,72735.06,72759.52,72733.31,72755.56,15638
1790742900,2026-09-30T10:05:00,72753.96,72801.32,72747.08,72800.78,16500
1790742960,2026-09-30T10:06:00,72800.98,72817.53,72794.65,72794.65,24484
1790743020,2026-09-30T10:07:00,72795.62,72798.53,72782.27,72795.8,10276
1790743080,2026-09-30T10:08:00,72797.21,72809.66,72783.4,72788.92,35040
1790743140,2026-09-30T10:09:00,72787.87,72807.73,72781.96,72802.72,20693
1790743200,2026-09-30T10:10:00,72802.38,72815.86,72800.6,72810.14,13524
1790743260,2026-09-30T10:11:00,72811.36,72831.34,72811.36,72814.11,30832
1790743320,2026-09-30T10:12:00,72807.44,72822.64,72806.43,72822.29,10286
1790743380,2026-09-30T10:13:00,72821.5,72829.73,72812.57,72816.89,9731
1790743440,2026-09-30T10:14:00,72817.62,72842.72,72817.62,72834.78,34141
1790743500,2026-09-30T10:15:00,72840.18,72861.75,72840.18,72843.12,18066
1790743560,2026-09-30T10:16:00,72842.28,72862.74,72838.54,72853.29,16831
1790743620,2026-09-30T10:17:00,72854.18,72864.58,72844.23,72844.23,16065
1790743680,2026-09-30T10:18:00,72843.48,72857.03,72841.83,72857.03,16519
1790743740,2026-09-30T10:19:00,72853.47,72855.27,72842.82,72848.19,9326
1790743800,2026-09-30T10:20:00,72848.27,72868.82,72848.27,72868.82,15096
1790743860,2026-09-30T10:21:00,72870.86,72893.34,72870.86,72883.91,24634
1790743920,2026-09-30T10:22:00,72883.91,72891.82,72878.11,72885.63,13732
1790743980,2026-09-30T10:23:00,72883.36,72899.64,72872.43,72876.42,14964
1790744040,2026-09-30T10:24:00,72875.45,72875.8,72855.78,72860.56,13952
1790744100,2026-09-30T10:25:00,72862.2,72876.01,72857.36,72869.79,34096
1790744160,2026-09-30T10:26:00,72870.94,72885.75,72862.4,72881.12,13666
1790744220,2026-09-30T10:27:00,72883.22,72896.28,72852.02,72857.18,49651
1790744280,2026-09-30T10:28:00,72854.44,72888.9,72854.44,72885.91,47017
1790744340,2026-09-30T10:29:00,72887.15,72892.57,72870.52,72871.78,42137
1790744400,2026-09-30T10:30:00,72870.32,72877.71,72838.56,72841.35,22368
1790744460,2026-09-30T10:31:00,72839.73,72844.19,72824.49,72826.14,16096
1790744520,2026-09-30T10:32:00,72822.18,72822.18,72788.51,72796.57,14423
1790744580,2026-09-30T10:33:00,72795.13,72798.64,72754.71,72754.71,18271
1790744640,2026-09-30T10:34:00,72751.69,72752.78,72709.27,72721.08,31506
1790744700,2026-09-30T10:35:00,72717.92,72719.19,72691.53,72700.57,43058
1790744760,2026-09-30T10:36:00,72710.4,72726.61,72700.65,72710.78,19300
1790744820,2026-09-30T10:37:00,72709.07,72714.61,72683.81,72714.61,38082
1790744880,2026-09-30T10:38:00,72708.72,72742.29,72706.03,72742.29,21641
1790744940,2026-09-30T10:39:00,72741.75,72751.91,72738.01,72747.97,15648
1790745000,2026-09-30T10:40:00,72747.83,72773.53,72747.83,72750.15,15283
1790745060,2026-09-30T10:41:00,72749.48,72749.48,72716.19,72717.68,10126
1790745120,2026-09-30T10:42:00,72715.95,72720.39,72700.84,72703.29,14273
1790745180,2026-09-30T10:43:00,72706.24,72732.51,72699.53,72708.29,15183
1790745240,2026-09-30T10:44:00,72707.75,72710.28,72682.16,72690.75,53661
1790745300,2026-09-30T10:45:00,72691.95,72698.23,72683.17,72689.4,20571
1790745360,2026-09-30T10:46:00,72689.53,72694.4,72681.46,72685.55,32998
1790745420,2026-09-30T10:47:00,72682.4,72699.8,72677.81,72698.31,17667
1790745480,2026-09-30T10:48:00,72698.5,72718.92,72695.55,72710.7,21258
1790745540,2026-09-30T10:49:00,72710.23,72711.27,72686.39,72706.13,42186
1790745600,2026-09-30T10:50:00,72706.32,72724.26,72704.91,72712.68,8426
1790745660,2026-09-30T10:51:00,72711.97,72745.83,72711.59,72737.93,19998
1790745720,2026-09-30T10:52:00,72738.63,72747.64,72717.36,72719.7,19982
1790745780,2026-09-30T10:53:00,72718.26,72736.61,72716.04,72735.71,10524
1790745840,2026-09-30T10:54:00,72733.82,72740.23,72719.73,72723.69,22653
1790745900,2026-09-30T10:55:00,72722.49,72730.76,72706.8,72712.18,8405
1790745960,2026-09-30T10:56:00,72711.88,72713.3,72695.11,72699.06,11974
1790746020,2026-09-30T10:57:00,72696.49,72697.08,72665.57,72669.41,33907
1790746080,2026-09-30T10:58:00,72667.78,72676.75,72665.04,72668.94,14081
1790746140,2026-09-30T10:59:00,72668.47,72672.76,72644.22,72651.74,33161
1790746200,2026-09-30T11:00:00,72649.3,72698.64,72647.61,72698.64,31937
1790746260,2026-09-30T11:01:00,72698.12,72746.13,72696.08,72741.54,19364
1790746320,2026-09-30T11:02:00,72742.82,72788.35,72742.82,72781.54,25814
1790746380,2026-09-30T11:03:00,72781.74,72783.78,72769.57,72773.61,16919
1790746440,2026-09-30T11:04:00,72768.47,72775.66,72765.3,72773.79,18579
1790746500,2026-09-30T11:05:00,72767.95,72777,72749.06,72753.25,11923
1790746560,2026-09-30T11:06:00,72757.5,72761.68,72751.07,72753.4,10664
1790746620,2026-09-30T11:07:00,72754.12,72775.29,72750.2,72752.29,13091
1790746680,2026-09-30T11:08:00,72753.43,72759.05,72742.26,72749.42,11485
1790746740,2026-09-30T11:09:00,72752.09,72764.16,72724.66,72730.49,15247
1790746800,2026-09-30T11:10:00,72730.7,72741.52,72728.1,72733,10402
1790746860,2026-09-30T11:11:00,72732.57,72736.71,72709.21,72712.3,14208
1790746920,2026-09-30T11:12:00,72712.3,72713.88,72700.45,72700.45,60337
1790746980,2026-09-30T11:13:00,72699.79,72703.98,72686.5,72686.5,8172
1790747040,2026-09-30T11:14:00,72686.23,72686.36,72664.1,72668.84,15479
1790747100,2026-09-30T11:15:00,72667.22,72668.14,72604.27,72608.04,49129
1790747160,2026-09-30T11:16:00,72608.04,72616.77,72597.75,72601.28,8378
1790747220,2026-09-30T11:17:00,72600.71,72603.7,72588.31,72590.78,18852
1790747280,2026-09-30T11:18:00,72587.59,72624.24,72587.59,72624.22,21621
1790747340,2026-09-30T11:19:00,72624.71,72641.4,72620.03,72640.2,10809
1790747400,2026-09-30T11:20:00,72638.9,72644.13,72632.39,72643.45,9433
1790747460,2026-09-30T11:21:00,72640.77,72661.15,72636.63,72636.84,8609
1790747520,2026-09-30T11:22:00,72636.01,72652.23,72635.68,72637.3,6608
1790747580,2026-09-30T11:23:00,72634.6,72652.68,72632.56,72642.42,21947
1790747640,2026-09-30T11:24:00,72642.67,72650.9,72638.28,72649.02,23186
1790747700,2026-09-30T11:25:00,72648.81,72665.98,72648.78,72665.98,9480
1790747760,2026-09-30T11:26:00,72667.46,72668.31,72654.93,72660.04,7436
1790747820,2026-09-30T11:27:00,72660.35,72689.41,72660.35,72683.9,8928
1790747880,2026-09-30T11:28:00,72683.92,72716.34,72683.52,72716.34,19570
1790747940,2026-09-30T11:29:00,72721.68,72738.55,72710.93,72714.6,18176
1790748000,2026-09-30T11:30:00,72714.98,72743.42,72688.55,72743.42,18085
1790748060,2026-09-30T11:31:00,72747.05,72747.05,72733.32,72734.94,8521
1790748120,2026-09-30T11:32:00,72734.8,72746.91,72726.96,72744,8746
1790748180,2026-09-30T11:33:00,72746.42,72753.1,72730.71,72736.01,12388
1790748240,2026-09-30T11:34:00,72732.51,72744.46,72732.51,72739.5,8357
1790748300,2026-09-30T11:35:00,72739.41,72772.14,72739.41,72766.56,6489
1790748360,2026-09-30T11:36:00,72766.27,72767.33,72747.33,72756.78,8721
1790748420,2026-09-30T11:37:00,72755.62,72766.78,72754.12,72766.78,9639
1790748480,2026-09-30T11:38:00,72767.52,72785.71,72766.84,72772.91,21985
1790748540,2026-09-30T11:39:00,72771.54,72772.38,72729.36,72729.36,8205
1790748600,2026-09-30T11:40:00,72728.44,72739.27,72725.96,72732.85,8269
1790748660,2026-09-30T11:41:00,72732.9,72735.27,72717.69,72721.29,11298
1790748720,2026-09-30T11:42:00,72720.59,72741.93,72719.07,72740.18,8795
1790748780,2026-09-30T11:43:00,72738.12,72758.03,72736.46,72751.47,11855
1790748840,2026-09-30T11:44:00,72750.89,72754.1,72740.56,72742.43,6017
1790748900,2026-09-30T11:45:00,72743.81,72744.71,72726.28,72726.28,4988
1790748960,2026-09-30T11:46:00,72728.8,72745.01,72728.8,72741.44,5951
1790749020,2026-09-30T11:47:00,72743.17,72761.32,72743.17,72761.32,9351
1790749080,2026-09-30T11:48:00,72761.58,72773.39,72752.31,72760.77,8456
1790749140,2026-09-30T11:49:00,72759.5,72770.91,72752.23,72770.91,19146
1790749200,2026-09-30T11:50:00,72771.69,72775.47,72763.45,72769.87,11871
1790749260,2026-09-30T11:51:00,72769.35,72773.07,72763.54,72769.88,11935
1790749320,2026-09-30T11:52:00,72768.77,72771.15,72756.24,72758.96,6778
1790749380,2026-09-30T11:53:00,72758.96,72768.29,72749,72768.29,16258
1790749440,2026-09-30T11:54:00,72767.6,72768.33,72751.57,72759.25,6252
1790749500,2026-09-30T11:55:00,72761.5,72780.34,72759.64,72773.42,8706
1790749560,2026-09-30T11:56:00,72776.83,72803.9,72776.83,72803.9,24728
1790749620,2026-09-30T11:57:00,72805.1,72815.31,72802.76,72807.1,13079
1790749680,2026-09-30T11:58:00,72803.11,72815.15,72790.32,72812.07,30667
1790749740,2026-09-30T11:59:00,72810.65,72830.52,72806.54,72828.61,213121
1790749800,2026-09-30T12:00:00,72827.7,72849.5,72818.34,72839.14,64168
1790749860,2026-09-30T12:01:00,72839.84,72849.88,72829.9,72837.34,17430
1790749920,2026-09-30T12:02:00,72837.5,72847.03,72832.7,72843.2,40236
1790749980,2026-09-30T12:03:00,72846.77,72853.03,72838.52,72844.9,18440
1790750040,2026-09-30T12:04:00,72845.3,72853.24,72837.46,72837.46,31370
1790750100,2026-09-30T12:05:00,72838.55,72838.55,72810.79,72811.14,17564
1790750160,2026-09-30T12:06:00,72808.84,72813.96,72797.44,72810.54,9072
1790750220,2026-09-30T12:07:00,72808.7,72815.39,72800.58,72804.52,14338
1790750280,2026-09-30T12:08:00,72805.53,72825.26,72800.29,72825.26,39132
1790750340,2026-09-30T12:09:00,72823.94,72831.53,72816.18,72821.32,17757
1790750400,2026-09-30T12:10:00,72820.57,72835.09,72816.05,72834.73,50728
1790750460,2026-09-30T12:11:00,72834.15,72834.15,72757.79,72758.07,28052
1790750520,2026-09-30T12:12:00,72756.56,72784.91,72740.77,72784.91,32593
1790750580,2026-09-30T12:13:00,72784.54,72784.69,72755.39,72772.98,14010
1790750640,2026-09-30T12:14:00,72772.98,72777.5,72759.67,72762.96,27892
1790750700,2026-09-30T12:15:00,72759.64,72759.64,72739.96,72742.8,28126
1790750760,2026-09-30T12:16:00,72742.45,72754.7,72719.74,72748.2,50647
1790750820,2026-09-30T12:17:00,72752.12,72766.81,72752.12,72754.64,21122
1790750880,2026-09-30T12:18:00,72754.64,72759.45,72740.75,72744.29,585351
1790750940,2026-09-30T12:19:00,72745.13,72752.29,72727.88,72752.29,14334
1790751000,2026-09-30T12:20:00,72752.29,72757.7,72749.58,72753.43,8353
1790751060,2026-09-30T12:21:00,72751.95,72792.93,72751.36,72785.14,20539
1790751120,2026-09-30T12:22:00,72784.5,72865.66,72783.15,72861.45,99700
1790751180,2026-09-30T12:23:00,72861.11,72909.01,72860.16,72906.21,71230
1790751240,2026-09-30T12:24:00,72912,72915.15,72872.01,72876,83167
1790751300,2026-09-30T12:25:00,72878.28,72887.69,72872.32,72880.98,33263
1790751360,2026-09-30T12:26:00,72879.9,72889.52,72872.52,72889.52,6555
1790751420,2026-09-30T12:27:00,72888.41,72889.15,72856.18,72862.2,9761
1790751480,2026-09-30T12:28:00,72861.84,72886.23,72860.71,72882.5,7861
1790751540,2026-09-30T12:29:00,72881.22,72881.66,72854.5,72854.5,14074
1790751600,2026-09-30T12:30:00,72852.28,72867.45,72849.2,72866.23,34028
1790751660,2026-09-30T12:31:00,72865.41,72882.59,72854.5,72882.59,62231
1790751720,2026-09-30T12:32:00,72883.47,72900.5,72883.47,72896.29,13300
1790751780,2026-09-30T12:33:00,72895.8,72903.39,72876.12,72900.43,46822
1790751840,2026-09-30T12:34:00,72898.68,72931.85,72894.27,72924.29,50358
1790751900,2026-09-30T12:35:00,72921.44,72945.89,72921.44,72929.85,15444
1790751960,2026-09-30T12:36:00,72928.47,72947.86,72926.33,72944.19,18651
1790752020,2026-09-30T12:37:00,72943.5,72966.09,72941.97,72966.09,18001
1790752080,2026-09-30T12:38:00,72965.74,72984.29,72960.91,72981.03,13791
1790752140,2026-09-30T12:39:00,72981.37,72989.82,72930.96,72939.9,49987
1790752200,2026-09-30T12:40:00,72941.46,72974.72,72941.46,72973.68,50966
1790752260,2026-09-30T12:41:00,72969.7,72979.33,72938.21,72944.4,68813
1790752320,2026-09-30T12:42:00,72944.61,72950.84,72938,72942.16,40189
1790752380,2026-09-30T12:43:00,72940.32,72942.58,72932.32,72937.13,27570
1790752440,2026-09-30T12:44:00,72937.98,72947.81,72932.69,72939.01,27258
1790752500,2026-09-30T12:45:00,72939.7,72964.49,72939.01,72957.62,15798
1790752560,2026-09-30T12:46:00,72955.58,73036.15,72952.12,73036.15,28209
1790752620,2026-09-30T12:47:00,73036.15,73045.87,73007.58,73007.58,84228
1790752680,2026-09-30T12:48:00,73008.77,73062.16,73007.89,73052.69,127824
1790752740,2026-09-30T12:49:00,73050.94,73062.23,73019.12,73019.12,49064
1790752800,2026-09-30T12:50:00,73020.52,73026.66,73006.36,73010.97,22492
1790752860,2026-09-30T12:51:00,73006.97,73010.9,72988.25,73010.9,39837
1790752920,2026-09-30T12:52:00,73010.92,73012.04,72973.39,73000.4,63510
1790752980,2026-09-30T12:53:00,72999.34,73005.88,72984.84,72996.46,26065
1790753040,2026-09-30T12:54:00,72992.98,73000.7,72975.68,72999.3,55010
1790753100,2026-09-30T12:55:00,73000.97,73003.45,72970.06,72986.07,75209
1790753160,2026-09-30T12:56:00,72983.78,72998.09,72970.29,72995.07,46176
1790753220,2026-09-30T12:57:00,72994.45,72998.48,72980.87,72990.45,35305
1790753280,2026-09-30T12:58:00,72997.26,73003.72,72968.8,72969.85,60744
1790753340,2026-09-30T12:59:00,72972.5,72994.62,72972.5,72989.74,7674
1790753400,2026-09-30T13:00:00,72989.48,72992.03,72981.39,72984.38,11080
1790753460,2026-09-30T13:01:00,72983.64,72995.33,72982.06,72995.32,8147
1790753520,2026-09-30T13:02:00,72990.5,72993.17,72972.46,72989.68,64366
1790753580,2026-09-30T13:03:00,72990.85,72995.2,72978.3,72978.3,47936
1790753640,2026-09-30T13:04:00,72978.89,72979.29,72960.94,72966.01,20612
1790753700,2026-09-30T13:05:00,72964.75,72974.39,72961,72971.97,11137
1790753760,2026-09-30T13:06:00,72972.32,72987.6,72971.05,72978.65,17685
1790753820,2026-09-30T13:07:00,72976.04,72978.38,72964.95,72974.99,11353
1790753880,2026-09-30T13:08:00,72974.99,72985.33,72974.39,72984.39,14246
1790753940,2026-09-30T13:09:00,72983.54,72995.5,72979.63,72990.83,38027
1790754000,2026-09-30T13:10:00,72987.39,72998.49,72980.47,72980.47,52431
1790754060,2026-09-30T13:11:00,72980.03,72988.51,72978.88,72983.05,14714
1790754120,2026-09-30T13:12:00,72983.75,72985.69,72968.35,72969.98,24341
1790754180,2026-09-30T13:13:00,72967.54,72971.9,72957.25,72962.41,6026
1790754240,2026-09-30T13:14:00,72962.06,72965.46,72934.58,72944.62,9124
1790754300,2026-09-30T13:15:00,72941.91,72966.48,72941.69,72966.38,8125
1790754360,2026-09-30T13:16:00,72965.04,72979.33,72961.12,72971.01,11042
1790754420,2026-09-30T13:17:00,72967.15,72974.25,72964.47,72968.98,26925
1790754480,2026-09-30T13:18:00,72969.03,72970.37,72949.53,72953.51,10392
1790754540,2026-09-30T13:19:00,72953.34,72955.47,72940.83,72955.03,8850
1790754600,2026-09-30T13:20:00,72952.93,72953.24,72937.54,72940.56,6337
1790754660,2026-09-30T13:21:00,72938.29,72951.29,72935.41,72946.49,21606
1790754720,2026-09-30T13:22:00,72950.05,72966.13,72947.02,72963.1,20977
1790754780,2026-09-30T13:23:00,72960.27,72973.75,72958.67,72966.4,10988
1790754840,2026-09-30T13:24:00,72964.12,72973.38,72960.07,72973.38,30216
1790754900,2026-09-30T13:25:00,72971.45,72982.92,72968.71,72975.18,27765
1790754960,2026-09-30T13:26:00,72972.68,72972.68,72961.36,72968.44,15603
1790755020,2026-09-30T13:27:00,72966.7,72974.25,72963.48,72972.56,24777
1790755080,2026-09-30T13:28:00,72977.8,72977.8,72945.29,72946.12,21676
1790755140,2026-09-30T13:29:00,72944.41,72965.04,72915.46,72925.74,93485
1790755200,2026-09-30T13:30:00,72919.57,72943.42,72917.81,72932.52,28770
1790755260,2026-09-30T13:31:00,72934.05,72962.1,72927.32,72962.1,2741822
1790755320,2026-09-30T13:32:00,72963.34,72972.6,72951.25,72955.45,39660
1790755380,2026-09-30T13:33:00,72954.01,72957.9,72941.89,72948.48,23033
1790755440,2026-09-30T13:34:00,72949.06,72954.91,72930.47,72933.98,9754
1790755500,2026-09-30T13:35:00,72931.16,72933.78,72919.57,72927.53,12190
1790755560,2026-09-30T13:36:00,72926.65,72927.22,72904.84,72911.26,15081
1790755620,2026-09-30T13:37:00,72911.6,72922.1,72884.55,72905.38,7908
1790755680,2026-09-30T13:38:00,72905.8,72907.19,72889.08,72900.46,10653
1790755740,2026-09-30T13:39:00,72902.74,72902.9,72879.06,72879.06,120838
1790755800,2026-09-30T13:40:00,72880.51,72884.8,72854.17,72855.13,7836
1790755860,2026-09-30T13:41:00,72851.68,72856.47,72824.45,72829.8,61716
1790755920,2026-09-30T13:42:00,72833.74,72858.67,72830.75,72858.67,13629
1790755980,2026-09-30T13:43:00,72857.92,72861.25,72831.9,72831.9,14538
1790756040,2026-09-30T13:44:00,72829.52,72829.52,72777.33,72777.46,43544
1790756100,2026-09-30T13:45:00,72776.11,72777.23,72750.31,72763.66,13765
1790756160,2026-09-30T13:46:00,72764.26,72772.89,72756.42,72767.57,10483
1790756220,2026-09-30T13:47:00,72766.42,72773.68,72756.15,72773.37,8411
1790756280,2026-09-30T13:48:00,72777.07,72782.65,72770.05,72780.84,21180
1790756340,2026-09-30T13:49:00,72780.49,72787.01,72764.51,72767.39,28191
1790756400,2026-09-30T13:50:00,72767.39,72775.29,72749.46,72775.29,317864
1790756460,2026-09-30T13:51:00,72779.48,72793.03,72776.97,72786.71,24143
1790756520,2026-09-30T13:52:00,72786.21,72802.53,72769.12,72769.12,13801
1790756580,2026-09-30T13:53:00,72766.89,72777.31,72764.43,72769.4,10332
1790756640,2026-09-30T13:54:00,72765.59,72789.59,72765.59,72784.22,17513
1790756700,2026-09-30T13:55:00,72783.67,72816.98,72783.67,72816.54,34037
1790756760,2026-09-30T13:56:00,72809.64,72826.52,72809.64,72826.52,31839
1790756820,2026-09-30T13:57:00,72827.51,72843.15,72820.6,72840.33,44416
1790756880,2026-09-30T13:58:00,72840.63,72857.19,72838.73,72852.95,24493
1790756940,2026-09-30T13:59:00,72851.7,72857.69,72826.74,72827.79,6820
1790757000,2026-09-30T14:00:00,72827.45,72827.55,72795.51,72795.81,9733
1790757060,2026-09-30T14:01:00,72794.24,72799.2,72785.45,72792.8,35165
1790757120,2026-09-30T14:02:00,72791.9,72816.69,72791.9,72803.88,20995
1790757180,2026-09-30T14:03:00,72797.15,72817.1,72792.08,72812.98,6190
1790757240,2026-09-30T14:04:00,72814.09,72828.99,72812.63,72824.49,12968
1790757300,2026-09-30T14:05:00,72823.74,72834.08,72821.8,72825.58,6741
1790757360,2026-09-30T14:06:00,72825.81,72833.94,72821.31,72829.31,8648
1790757420,2026-09-30T14:07:00,72827.12,72830.69,72807.59,72808.94,4046
1790757480,2026-09-30T14:08:00,72807.31,72813.4,72800.48,72811.37,5876
1790757540,2026-09-30T14:09:00,72810.35,72814.98,72791.68,72791.68,6869
1790757600,2026-09-30T14:10:00,72787.51,72792.31,72778.87,72781.6,24055
1790757660,2026-09-30T14:11:00,72781.1,72782.29,72766.79,72769.58,8489
1790757720,2026-09-30T14:12:00,72768.9,72773.71,72758.66,72767.27,84849
1790757780,2026-09-30T14:13:00,72764.79,72764.79,72737.91,72739.19,7228
1790757840,2026-09-30T14:14:00,72738.94,72747.31,72726.93,72726.93,13781
1790757900,2026-09-30T14:15:00,72726.58,72731.92,72715.79,72716.77,10659
1790757960,2026-09-30T14:16:00,72714.85,72727.88,72714.85,72724.33,6249
1790758020,2026-09-30T14:17:00,72725.75,72737.77,72723.85,72734.42,5776
1790758080,2026-09-30T14:18:00,72728.48,72731.35,72714.16,72727.12,12754
1790758140,2026-09-30T14:19:00,72727.4,72738.32,72721.47,72729.65,5043
1790758200,2026-09-30T14:20:00,72726.95,72729.23,72718.21,72728.52,7293
1790758260,2026-09-30T14:21:00,72724.05,72725.4,72686.28,72686.28,14463
1790758320,2026-09-30T14:22:00,72689.44,72699.92,72682.72,72684.49,16402
1790758380,2026-09-30T14:23:00,72684.49,72687.77,72608.67,72608.67,49355
1790758440,2026-09-30T14:24:00,72605.77,72638.06,72600.66,72607.03,22967
1790758500,2026-09-30T14:25:00,72605.15,72617.08,72595.48,72605.99,11540
1790758560,2026-09-30T14:26:00,72599.25,72607.96,72577.38,72577.38,24705
1790758620,2026-09-30T14:27:00,72576.19,72576.28,72552.89,72555.43,23017
1790758680,2026-09-30T14:28:00,72554.7,72557.07,72515.38,72516.45,14345
1790758740,2026-09-30T14:29:00,72515.71,72522.79,72506.14,72520.08,23551
1790758800,2026-09-30T14:30:00,72519.8,72526.72,72479.32,72479.66,23456
1790758860,2026-09-30T14:31:00,72478.41,72535.04,72476.43,72529.41,22369
1790758920,2026-09-30T14:32:00,72528.95,72535.09,72511.17,72511.55,14024
1790758980,2026-09-30T14:33:00,72510.98,72516.76,72504.11,72514.93,11262
1790759040,2026-09-30T14:34:00,72515.38,72521.31,72506.88,72509.84,13133
1790759100,2026-09-30T14:35:00,72510.75,72513.89,72494.35,72497.4,7224
1790759160,2026-09-30T14:36:00,72498.46,72498.46,72468.56,72473.61,24097
1790759220,2026-09-30T14:37:00,72475.57,72481.28,72440.46,72444.33,19840
1790759280,2026-09-30T14:38:00,72444.48,72465.32,72444.19,72450.57,13284
1790759340,2026-09-30T14:39:00,72443.92,72443.92,72389.19,72395.53,24909
1790759400,2026-09-30T14:40:00,72394.31,72430.26,72390.58,72430.26,12145
1790759460,2026-09-30T14:41:00,72426.98,72436.02,72416.68,72417.21,9368
1790759520,2026-09-30T14:42:00,72419.57,72423.38,72375.35,72377.77,20703
1790759580,2026-09-30T14:43:00,72377.63,72383.41,72366.44,72383.12,18964
1790759640,2026-09-30T14:44:00,72381.78,72414.54,72381.78,72405.83,17034
1790759700,2026-09-30T14:45:00,72405.86,72470.24,72405.86,72465.36,44047
1790759760,2026-09-30T14:46:00,72465.56,72472.4,72440.41,72448.02,16594
1790759820,2026-09-30T14:47:00,72447.34,72486.98,72445.58,72486.98,15670
1790759880,2026-09-30T14:48:00,72486.98,72526.31,72482.27,72521.91,17297
1790759940,2026-09-30T14:49:00,72520.71,72546.12,72520.71,72546.12,28497
1790760000,2026-09-30T14:50:00,72546.09,72547.52,72508.69,72518.25,114354
1790760060,2026-09-30T14:51:00,72520.21,72548.61,72496.4,72547.55,152096
1790760120,2026-09-30T14:52:00,72544.55,72558.5,72520.41,72526.3,115935
1790760180,2026-09-30T14:53:00,72522.67,72541.39,72498.39,72500.23,113150
1790760240,2026-09-30T14:54:00,72503.1,72528.83,72502.86,72525.5,17602
1790760300,2026-09-30T14:55:00,72528.76,72528.76,72512.9,72513.68,20626
1790760360,2026-09-30T14:56:00,72511.12,72516.82,72488.28,72488.28,46158
1790760420,2026-09-30T14:57:00,72490.29,72514.19,72487.77,72513.23,44345
1790760480,2026-09-30T14:58:00,72511.63,72520.02,72499.91,72509.01,61377
1790760540,2026-09-30T14:59:00,72506.74,72519.3,72494.06,72494.06,70922
1790760600,2026-09-30T15:00:00,72493.54,72537.77,72488.23,72537.77,35279
1790760660,2026-09-30T15:01:00,72539.21,72563.4,72536.88,72555.03,33419
1790760720,2026-09-30T15:02:00,72556.29,72566.2,72552.7,72553.32,31616
1790760780,2026-09-30T15:03:00,72553.93,72554.83,72510.96,72510.96,57632
1790760840,2026-09-30T15:04:00,72506.36,72523.56,72502.05,72509.43,18236
1790760900,2026-09-30T15:05:00,72510.2,72510.2,72466.9,72473.55,55693
1790760960,2026-09-30T15:06:00,72472.49,72494.37,72457.48,72490.66,42302
1790761020,2026-09-30T15:07:00,72493.38,72498.63,72466.16,72467.38,22711
1790761080,2026-09-30T15:08:00,72466.65,72476.09,72460.93,72463.73,28738
1790761140,2026-09-30T15:09:00,72464.97,72472.5,72454.55,72461.79,19418
1790761200,2026-09-30T15:10:00,72458.78,72476.59,72447.92,72469.7,27716
1790761260,2026-09-30T15:11:00,72468.52,72482.43,72458.18,72480.54,15671
1790761320,2026-09-30T15:12:00,72482.43,72484.39,72430.51,72449.93,57653
1790761380,2026-09-30T15:13:00,72451.75,72461.52,72401.24,72419.87,34475
1790761440,2026-09-30T15:14:00,72410.4,72441.13,72400.24,72441.13,23977
1790761500,2026-09-30T15:15:00,72440.79,72440.79,72440.79,72440.79,23977
1790761560,2026-09-30T15:16:00,72440.79,72440.79,72440.79,72440.79,23977
1790761620,2026-09-30T15:17:00,72440.79,72440.79,72440.79,72440.79,23977
1790761680,2026-09-30T15:18:00,72440.79,72440.79,72440.79,72440.79,23977
1790761740,2026-09-30T15:19:00,72440.79,72440.79,72440.79,72440.79,23977
1790761800,2026-09-30T15:20:00,72440.79,72440.79,72440.79,72440.79,23977
1790761860,2026-09-30T15:21:00,72440.79,72440.79,72440.79,72440.79,23977
1790761920,2026-09-30T15:22:00,72440.79,72440.79,72440.79,72440.79,23977
1790761980,2026-09-30T15:23:00,72440.79,72440.79,72440.79,72440.79,23977
1790762040,2026-09-30T15:24:00,72440.79,72440.79,72440.79,72440.79,23977
1790762100,2026-09-30T15:25:00,72440.79,72440.79,72440.79,72440.79,23977
1790762160,2026-09-30T15:26:00,72440.79,72440.79,72440.79,72440.79,23977
1790762220,2026-09-30T15:27:00,72440.79,72440.79,72440.79,72440.79,23977
1790762280,2026-09-30T15:28:00,72440.79,72480.29,72440.79,72480.29,23977
1790762340,2026-09-30T15:29:00,72480.29,72480.29,72480.29,72480.29,23977
1790762580,2026-09-30T15:33:00,72480.29,72480.29,72480.29,72480.29,0
