Epoch,Timestamp,Open,High,Low,Close,Volume
1780285500,2026-06-01T09:15:00,75203.02,75367.93,75049.66,75074.08,419516
1780285560,2026-06-01T09:16:00,75083.63,75114.14,75003.07,75081.56,153779
1780285620,2026-06-01T09:17:00,75077.3,75104.73,75059.07,75093.93,138688
1780285680,2026-06-01T09:18:00,75103.15,75128.96,75085.37,75115.41,83919
1780285740,2026-06-01T09:19:00,75098.54,75137.03,75066.96,75073.53,114530
1780285800,2026-06-01T09:20:00,75070.92,75116.38,75067.15,75079.07,113358
1780285860,2026-06-01T09:21:00,75076.31,75081.62,75031.71,75073.03,109736
1780285920,2026-06-01T09:22:00,75072.11,75072.11,75001.72,75008.33,72294
1780285980,2026-06-01T09:23:00,75006.98,75017.54,74980.4,74990.53,89825
1780286040,2026-06-01T09:24:00,74985.29,74994.94,74943.18,74966.09,68266
1780286100,2026-06-01T09:25:00,74967.16,75012.97,74954.64,74959.34,71123
1780286160,2026-06-01T09:26:00,74959.22,75008.57,74953.88,74997.55,44088
1780286220,2026-06-01T09:27:00,75002.44,75011.31,74975.66,74983.95,32541
1780286280,2026-06-01T09:28:00,74984.69,75004.15,74971.96,75002.1,50725
1780286340,2026-06-01T09:29:00,75010.9,75010.9,74931.05,74961.78,59847
1780286400,2026-06-01T09:30:00,74960.47,75008.08,74959.69,75008.08,38623
1780286460,2026-06-01T09:31:00,75012.62,75040.62,75007.17,75008.68,80986
1780286520,2026-06-01T09:32:00,75006.33,75038.95,74997.34,75032.14,48416
1780286580,2026-06-01T09:33:00,75034.58,75046.46,75018.68,75026.15,44585
1780286640,2026-06-01T09:34:00,75023.54,75042.96,75023.06,75027.04,24558
1780286700,2026-06-01T09:35:00,75029.16,75030.86,74953.38,74953.38,90435
1780286760,2026-06-01T09:36:00,74949.18,74949.18,74886.7,74902.79,72907
1780286820,2026-06-01T09:37:00,74897.28,74924.98,74892.36,74917.25,73476
1780286880,2026-06-01T09:38:00,74911.79,74985.29,74911.79,74985.29,41287
1780286940,2026-06-01T09:39:00,74986.72,75024.16,74980.89,75009.04,43695
1780287000,2026-06-01T09:40:00,75005.87,75059.17,75005.87,75030.26,68049
1780287060,2026-06-01T09:41:00,75031.01,75041.02,74997.69,74998.78,220766
1780287120,2026-06-01T09:42:00,74997.95,75004.85,74948.48,74956.14,43811
1780287180,2026-06-01T09:43:00,74957.59,74957.59,74933.5,74945.63,34079
1780287240,2026-06-01T09:44:00,74947.47,74949.0,74875.91,74889.05,45530
1780287300,2026-06-01T09:45:00,74892.9,74943.65,74888.78,74943.65,46274
1780287360,2026-06-01T09:46:00,74945.27,74945.27,74905.85,74911.06,24648
1780287420,2026-06-01T09:47:00,74905.73,74913.25,74856.92,74874.3,54461
1780287480,2026-06-01T09:48:00,74876.1,74904.72,74874.86,74887.48,28913
1780287540,2026-06-01T09:49:00,74884.07,74898.58,74871.15,74890.24,44886
1780287600,2026-06-01T09:50:00,74894.19,74944.46,74894.19,74918.76,39840
1780287660,2026-06-01T09:51:00,74919.25,74939.51,74900.37,74917.29,40956
1780287720,2026-06-01T09:52:00,74913.85,74918.43,74894.12,74900.4,35405
1780287780,2026-06-01T09:53:00,74900.6,74951.81,74897.71,74949.59,38076
1780287840,2026-06-01T09:54:00,74947.48,74961.37,74930.67,74939.17,29105
1780287900,2026-06-01T09:55:00,74941.18,74943.2,74902.9,74906.58,31268
1780287960,2026-06-01T09:56:00,74909.9,74913.28,74888.7,74890.36,175369
1780288020,2026-06-01T09:57:00,74897.36,74898.22,74854.45,74896.49,48534
1780288080,2026-06-01T09:58:00,74896.02,74911.79,74878.4,74880.8,32505
1780288140,2026-06-01T09:59:00,74881.07,74890.93,74860.3,74860.3,23048
1780288200,2026-06-01T10:00:00,74862.55,74879.63,74861.13,74866.89,27827
1780288260,2026-06-01T10:01:00,74867.62,74875.56,74841.38,74860.73,36348
1780288320,2026-06-01T10:02:00,74861.06,74862.94,74842.36,74853.92,33240
1780288380,2026-06-01T10:03:00,74856.09,74862.82,74801.36,74803.35,43541
1780288440,2026-06-01T10:04:00,74801.4,74817.33,74798.99,74804.89,72213
1780288500,2026-06-01T10:05:00,74804.48,74831.44,74802.06,74822.45,29879
1780288560,2026-06-01T10:06:00,74824.41,74853.72,74809.76,74844.92,43455
1780288620,2026-06-01T10:07:00,74849.95,74864.69,74839.49,74859.18,21023
1780288680,2026-06-01T10:08:00,74866.96,74890.32,74858.42,74867.19,27140
1780288740,2026-06-01T10:09:00,74869.06,74896.62,74856.86,74892.45,34648
1780288800,2026-06-01T10:10:00,74895.04,74895.04,74867.52,74867.52,28860
1780288860,2026-06-01T10:11:00,74866.28,74870.67,74847.35,74849.03,35813
1780288920,2026-06-01T10:12:00,74845.55,74868.73,74842.39,74853.11,28061
1780288980,2026-06-01T10:13:00,74850.62,74886.84,74848.52,74858.88,66817
1780289040,2026-06-01T10:14:00,74852.06,74855.22,74835.46,74836.74,19314
1780289100,2026-06-01T10:15:00,74829.24,74829.24,74784.72,74800.72,19730
1780289160,2026-06-01T10:16:00,74802.3,74823.18,74801.16,74813.09,28225
1780289220,2026-06-01T10:17:00,74812.49,74853.85,74805.79,74843.88,34477
1780289280,2026-06-01T10:18:00,74848.39,74852.53,74839.54,74842.77,16687
1780289340,2026-06-01T10:19:00,74842.41,74852.16,74821.43,74840.5,28248
1780289400,2026-06-01T10:20:00,74840.38,74845.18,74828.93,74843.71,20766
1780289460,2026-06-01T10:21:00,74845.24,74861.84,74834.46,74860.79,29497
1780289520,2026-06-01T10:22:00,74862.48,74867.13,74847.43,74864.13,24438
1780289580,2026-06-01T10:23:00,74861.21,74863.65,74838.76,74843.52,21852
1780289640,2026-06-01T10:24:00,74844.48,74851.74,74810.37,74812.91,41104
1780289700,2026-06-01T10:25:00,74812.71,74841.37,74808.04,74834.02,32216
1780289760,2026-06-01T10:26:00,74838.0,74839.67,74820.68,74830.1,22680
1780289820,2026-06-01T10:27:00,74827.93,74827.93,74772.83,74780.12,35321
1780289880,2026-06-01T10:28:00,74778.23,74797.24,74776.62,74797.24,16843
1780289940,2026-06-01T10:29:00,74792.3,74803.17,74784.88,74788.59,20228
1780290000,2026-06-01T10:30:00,74786.94,74786.94,74757.32,74772.68,32238
1780290060,2026-06-01T10:31:00,74773.58,74779.38,74751.23,74772.02,35848
1780290120,2026-06-01T10:32:00,74771.31,74800.46,74768.24,74773.5,14561
1780290180,2026-06-01T10:33:00,74768.29,74770.87,74730.26,74730.26,32681
1780290240,2026-06-01T10:34:00,74729.85,74748.05,74718.85,74745.81,36681
1780290300,2026-06-01T10:35:00,74745.15,74759.23,74734.23,74736.03,29740
1780290360,2026-06-01T10:36:00,74729.33,74756.16,74715.52,74754.82,22159
1780290420,2026-06-01T10:37:00,74754.88,74760.12,74747.81,74756.89,15481
1780290480,2026-06-01T10:38:00,74755.44,74818.07,74755.44,74797.01,27911
1780290540,2026-06-01T10:39:00,74802.5,74802.5,74782.86,74790.27,16009
1780290600,2026-06-01T10:40:00,74786.73,74798.43,74765.87,74779.11,16766
1780290660,2026-06-01T10:41:00,74780.44,74795.83,74769.22,74795.5,19455
1780290720,2026-06-01T10:42:00,74797.4,74811.07,74794.24,74811.07,33817
1780290780,2026-06-01T10:43:00,74812.69,74818.99,74771.47,74777.18,38964
1780290840,2026-06-01T10:44:00,74778.43,74782.38,74768.87,74771.4,16354
1780290900,2026-06-01T10:45:00,74771.48,74783.17,74766.45,74783.17,24423
1780290960,2026-06-01T10:46:00,74783.03,74808.41,74780.25,74805.68,19563
1780291020,2026-06-01T10:47:00,74806.95,74827.51,74804.73,74819.45,33940
1780291080,2026-06-01T10:48:00,74818.16,74857.16,74810.04,74851.34,17907
1780291140,2026-06-01T10:49:00,74849.84,74882.63,74849.84,74868.52,20468
1780291200,2026-06-01T10:50:00,74864.7,74878.67,74849.85,74867.9,41920
1780291260,2026-06-01T10:51:00,74865.33,74891.59,74859.26,74891.59,17383
1780291320,2026-06-01T10:52:00,74890.86,74921.01,74884.75,74915.81,19803
1780291380,2026-06-01T10:53:00,74915.81,74937.11,74915.81,74933.22,96321
1780291440,2026-06-01T10:54:00,74927.48,74932.31,74918.6,74931.2,19598
1780291500,2026-06-01T10:55:00,74928.37,74939.52,74921.42,74931.44,47463
1780291560,2026-06-01T10:56:00,74931.44,74935.08,74915.34,74916.11,27745
1780291620,2026-06-01T10:57:00,74912.7,74932.85,74912.7,74913.28,51450
1780291680,2026-06-01T10:58:00,74916.43,74916.43,74864.0,74865.89,30899
1780291740,2026-06-01T10:59:00,74866.45,74874.89,74856.55,74865.38,29671
1780291800,2026-06-01T11:00:00,74869.62,74916.62,74869.62,74914.14,31305
1780291860,2026-06-01T11:01:00,74913.53,74950.05,74909.8,74943.28,144125
1780291920,2026-06-01T11:02:00,74944.66,74945.4,74920.23,74931.08,23120
1780291980,2026-06-01T11:03:00,74932.14,74933.86,74916.27,74926.33,13730
1780292040,2026-06-01T11:04:00,74925.81,74939.39,74925.81,74935.23,19322
1780292100,2026-06-01T11:05:00,74936.27,74942.47,74925.5,74930.54,19788
1780292160,2026-06-01T11:06:00,74930.55,74940.68,74927.01,74935.43,16332
1780292220,2026-06-01T11:07:00,74935.38,74948.43,74928.94,74941.13,12597
1780292280,2026-06-01T11:08:00,74941.55,74955.26,74928.53,74952.42,18074
1780292340,2026-06-01T11:09:00,74951.96,75002.72,74945.86,74997.68,35224
1780292400,2026-06-01T11:10:00,75000.34,75005.62,74992.67,75005.62,21698
1780292460,2026-06-01T11:11:00,75008.96,75008.96,74970.14,74972.42,26049
1780292520,2026-06-01T11:12:00,74970.88,74986.26,74968.05,74981.63,20704
1780292580,2026-06-01T11:13:00,74980.75,75001.15,74980.75,74989.6,50936
1780292640,2026-06-01T11:14:00,74989.24,75007.59,74987.22,74992.93,26433
1780292700,2026-06-01T11:15:00,74995.27,74995.27,74974.78,74974.78,13888
1780292760,2026-06-01T11:16:00,74983.31,74985.02,74966.45,74966.88,17400
1780292820,2026-06-01T11:17:00,74969.58,75010.45,74963.83,75010.45,23883
1780292880,2026-06-01T11:18:00,75008.89,75022.94,74996.92,74997.74,16494
1780292940,2026-06-01T11:19:00,74997.74,75013.66,74995.02,75002.83,10274
1780293000,2026-06-01T11:20:00,75001.47,75002.49,74975.27,74975.74,16752
1780293060,2026-06-01T11:21:00,74980.7,74980.7,74956.54,74959.52,14505
1780293120,2026-06-01T11:22:00,74958.39,74963.58,74943.38,74948.79,45185
1780293180,2026-06-01T11:23:00,74948.85,74948.85,74933.0,74944.03,16596
1780293240,2026-06-01T11:24:00,74944.37,74947.91,74910.33,74910.33,15660
1780293300,2026-06-01T11:25:00,74913.42,74924.42,74906.53,74914.4,17689
1780293360,2026-06-01T11:26:00,74914.06,74919.02,74901.31,74906.77,28221
1780293420,2026-06-01T11:27:00,74895.55,74901.37,74888.84,74896.6,18097
1780293480,2026-06-01T11:28:00,74896.65,74896.65,74881.15,74887.79,14884
1780293540,2026-06-01T11:29:00,74889.8,74889.96,74858.19,74858.26,20258
1780293600,2026-06-01T11:30:00,74858.24,74859.0,74838.7,74842.85,34979
1780293660,2026-06-01T11:31:00,74842.43,74851.2,74837.11,74844.95,18785
1780293720,2026-06-01T11:32:00,74842.69,74845.82,74820.24,74820.24,11653
1780293780,2026-06-01T11:33:00,74817.58,74821.28,74787.46,74787.46,40347
1780293840,2026-06-01T11:34:00,74788.75,74795.67,74773.37,74794.72,18785
1780293900,2026-06-01T11:35:00,74796.31,74822.53,74787.03,74820.33,17911
1780293960,2026-06-01T11:36:00,74820.65,74829.11,74805.78,74807.4,26865
1780294020,2026-06-01T11:37:00,74805.33,74829.25,74802.43,74828.71,34971
1780294080,2026-06-01T11:38:00,74830.7,74880.22,74830.7,74872.28,29862
1780294140,2026-06-01T11:39:00,74871.9,74880.41,74855.57,74875.79,26744
1780294200,2026-06-01T11:40:00,74871.28,74880.18,74869.14,74874.36,17991
1780294260,2026-06-01T11:41:00,74875.92,74876.68,74857.15,74864.72,13872
1780294320,2026-06-01T11:42:00,74864.76,74872.39,74833.86,74833.86,14164
1780294380,2026-06-01T11:43:00,74839.29,74850.88,74835.54,74835.54,23478
1780294440,2026-06-01T11:44:00,74838.76,74844.02,74818.74,74819.43,12705
1780294500,2026-06-01T11:45:00,74817.3,74823.5,74800.37,74800.37,25429
1780294560,2026-06-01T11:46:00,74800.67,74800.67,74774.58,74789.92,8280
1780294620,2026-06-01T11:47:00,74791.21,74815.36,74791.21,74815.36,9548
1780294680,2026-06-01T11:48:00,74815.27,74827.56,74815.27,74818.88,8406
1780294740,2026-06-01T11:49:00,74820.01,74829.66,74815.58,74827.77,20190
1780294800,2026-06-01T11:50:00,74827.61,74848.07,74823.85,74842.87,14235
1780294860,2026-06-01T11:51:00,74844.24,74855.35,74840.52,74842.27,18655
1780294920,2026-06-01T11:52:00,74843.67,74855.71,74838.33,74854.48,20840
1780294980,2026-06-01T11:53:00,74856.37,74858.27,74833.98,74835.85,14734
1780295040,2026-06-01T11:54:00,74835.24,74853.74,74827.98,74851.81,16739
1780295100,2026-06-01T11:55:00,74851.7,74854.12,74817.43,74824.95,8476
1780295160,2026-06-01T11:56:00,74825.0,74825.0,74793.68,74799.46,27286
1780295220,2026-06-01T11:57:00,74793.5,74793.88,74751.44,74751.44,8441
1780295280,2026-06-01T11:58:00,74739.68,74742.13,74687.33,74688.01,52015
1780295340,2026-06-01T11:59:00,74686.6,74686.6,74635.33,74635.33,46716
1780295400,2026-06-01T12:00:00,74641.11,74654.03,74629.58,74630.52,30170
1780295460,2026-06-01T12:01:00,74634.67,74636.9,74606.77,74625.76,21690
1780295520,2026-06-01T12:02:00,74625.91,74637.67,74613.75,74635.92,25750
1780295580,2026-06-01T12:03:00,74635.92,74652.89,74628.41,74640.82,11633
1780295640,2026-06-01T12:04:00,74637.6,74654.73,74636.45,74645.47,17529
1780295700,2026-06-01T12:05:00,74644.96,74677.35,74644.96,74668.94,16835
1780295760,2026-06-01T12:06:00,74668.41,74708.96,74657.6,74707.61,85475
1780295820,2026-06-01T12:07:00,74707.76,74715.46,74686.85,74692.77,16458
1780295880,2026-06-01T12:08:00,74686.82,74706.35,74686.81,74695.1,36342
1780295940,2026-06-01T12:09:00,74694.73,74695.22,74666.62,74670.91,23789
1780296000,2026-06-01T12:10:00,74671.48,74682.21,74652.94,74672.58,39700
1780296060,2026-06-01T12:11:00,74670.89,74691.5,74662.84,74663.38,40930
1780296120,2026-06-01T12:12:00,74663.79,74683.43,74658.92,74676.14,25455
1780296180,2026-06-01T12:13:00,74676.29,74720.76,74676.29,74716.57,18869
1780296240,2026-06-01T12:14:00,74716.27,74738.83,74715.98,74736.86,13347
1780296300,2026-06-01T12:15:00,74737.56,74737.56,74699.02,74708.89,14403
1780296360,2026-06-01T12:16:00,74708.59,74722.79,74708.59,74715.59,19793
1780296420,2026-06-01T12:17:00,74715.51,74717.17,74689.29,74691.28,20118
1780296480,2026-06-01T12:18:00,74694.01,74728.77,74688.51,74726.26,19711
1780296540,2026-06-01T12:19:00,74729.11,74737.71,74725.06,74729.54,9576
1780296600,2026-06-01T12:20:00,74728.48,74728.48,74689.97,74693.41,20731
1780296660,2026-06-01T12:21:00,74687.57,74689.47,74671.33,74681.74,9067
1780296720,2026-06-01T12:22:00,74677.49,74723.02,74677.33,74713.17,12005
1780296780,2026-06-01T12:23:00,74713.45,74721.93,74695.12,74695.12,10507
1780296840,2026-06-01T12:24:00,74696.48,74701.23,74688.44,74699.84,12101
1780296900,2026-06-01T12:25:00,74699.84,74702.75,74688.29,74692.28,6830
1780296960,2026-06-01T12:26:00,74693.12,74720.57,74685.14,74720.26,21866
1780297020,2026-06-01T12:27:00,74720.03,74720.03,74705.42,74709.58,7764
1780297080,2026-06-01T12:28:00,74710.23,74710.54,74697.22,74699.2,4300
1780297140,2026-06-01T12:29:00,74701.15,74702.31,74689.55,74689.55,19603
1780297200,2026-06-01T12:30:00,74692.64,74713.48,74692.64,74702.64,10645
1780297260,2026-06-01T12:31:00,74702.23,74706.71,74697.23,74702.73,7912
1780297320,2026-06-01T12:32:00,74705.18,74705.18,74683.61,74683.96,12399
1780297380,2026-06-01T12:33:00,74683.96,74690.07,74679.99,74680.46,10271
1780297440,2026-06-01T12:34:00,74681.62,74705.38,74681.62,74696.82,11125
1780297500,2026-06-01T12:35:00,74698.0,74713.82,74689.11,74712.7,9722
1780297560,2026-06-01T12:36:00,74712.7,74726.33,74703.37,74714.5,14274
1780297620,2026-06-01T12:37:00,74714.44,74719.93,74704.8,74710.09,8880
1780297680,2026-06-01T12:38:00,74711.65,74730.96,74707.93,74708.28,23219
1780297740,2026-06-01T12:39:00,74707.68,74707.68,74690.78,74695.97,9019
1780297800,2026-06-01T12:40:00,74694.31,74702.95,74691.07,74691.07,14340
1780297860,2026-06-01T12:41:00,74684.82,74685.31,74668.56,74668.56,30962
1780297920,2026-06-01T12:42:00,74669.85,74694.68,74669.85,74690.76,34291
1780297980,2026-06-01T12:43:00,74689.78,74694.9,74673.79,74673.79,14697
1780298040,2026-06-01T12:44:00,74677.1,74687.41,74674.56,74681.89,20700
1780298100,2026-06-01T12:45:00,74682.83,74712.28,74682.7,74705.1,23258
1780298160,2026-06-01T12:46:00,74707.03,74707.93,74684.5,74689.48,9837
1780298220,2026-06-01T12:47:00,74692.7,74730.12,74691.88,74727.51,7837
1780298280,2026-06-01T12:48:00,74730.44,74753.78,74730.44,74745.56,22226
1780298340,2026-06-01T12:49:00,74744.36,74744.36,74723.11,74732.95,511341
1780298400,2026-06-01T12:50:00,74739.92,74745.46,74728.25,74730.6,13828
1780298460,2026-06-01T12:51:00,74732.81,74745.04,74727.17,74738.97,459642
1780298520,2026-06-01T12:52:00,74738.84,74744.29,74717.49,74717.49,18517
1780298580,2026-06-01T12:53:00,74717.73,74728.56,74707.11,74728.51,8026
1780298640,2026-06-01T12:54:00,74726.81,74741.19,74724.49,74732.24,7808
1780298700,2026-06-01T12:55:00,74733.78,74743.12,74711.43,74725.62,13609
1780298760,2026-06-01T12:56:00,74725.37,74725.37,74699.21,74700.53,14853
1780298820,2026-06-01T12:57:00,74699.5,74702.67,74690.54,74694.6,13711
1780298880,2026-06-01T12:58:00,74693.76,74694.36,74653.12,74656.18,54143
1780298940,2026-06-01T12:59:00,74662.15,74689.9,74655.94,74682.31,17830
1780299000,2026-06-01T13:00:00,74685.09,74693.95,74675.42,74675.42,19320
1780299060,2026-06-01T13:01:00,74675.4,74675.96,74646.12,74649.34,16656
1780299120,2026-06-01T13:02:00,74649.29,74649.29,74626.65,74626.65,28696
1780299180,2026-06-01T13:03:00,74625.7,74625.7,74606.6,74613.84,43086
1780299240,2026-06-01T13:04:00,74613.24,74632.29,74608.9,74627.11,17026
1780299300,2026-06-01T13:05:00,74628.74,74639.81,74626.52,74639.8,11699
1780299360,2026-06-01T13:06:00,74640.38,74640.38,74609.08,74615.28,19787
1780299420,2026-06-01T13:07:00,74615.28,74633.86,74613.33,74628.46,8821
1780299480,2026-06-01T13:08:00,74631.55,74631.92,74567.87,74577.96,50096
1780299540,2026-06-01T13:09:00,74576.51,74582.48,74572.74,74574.03,21504
1780299600,2026-06-01T13:10:00,74574.62,74582.03,74549.07,74549.07,20666
1780299660,2026-06-01T13:11:00,74551.19,74554.79,74521.3,74524.52,31204
1780299720,2026-06-01T13:12:00,74522.94,74522.94,74503.23,74516.63,30661
1780299780,2026-06-01T13:13:00,74517.15,74523.72,74494.56,74505.71,11315
1780299840,2026-06-01T13:14:00,74507.86,74536.3,74503.68,74519.75,20249
1780299900,2026-06-01T13:15:00,74521.29,74531.57,74517.53,74530.21,19239
1780299960,2026-06-01T13:16:00,74531.22,74544.31,74528.5,74543.99,16987
1780300020,2026-06-01T13:17:00,74544.0,74555.74,74544.0,74547.46,8359
1780300080,2026-06-01T13:18:00,74542.49,74548.61,74538.1,74541.1,9222
1780300140,2026-06-01T13:19:00,74537.15,74567.66,74537.15,74567.22,11428
1780300200,2026-06-01T13:20:00,74562.69,74571.16,74559.24,74563.47,11499
1780300260,2026-06-01T13:21:00,74560.02,74563.7,74547.75,74550.34,5987
1780300320,2026-06-01T13:22:00,74548.71,74557.34,74548.06,74550.72,11964
1780300380,2026-06-01T13:23:00,74553.16,74563.93,74551.31,74558.86,29048
1780300440,2026-06-01T13:24:00,74556.09,74558.91,74542.47,74544.26,10045
1780300500,2026-06-01T13:25:00,74544.63,74565.13,74540.81,74559.47,9476
1780300560,2026-06-01T13:26:00,74555.6,74560.43,74534.55,74536.32,11783
1780300620,2026-06-01T13:27:00,74536.56,74537.73,74525.32,74537.73,11645
1780300680,2026-06-01T13:28:00,74535.96,74554.1,74535.96,74543.38,25529
1780300740,2026-06-01T13:29:00,74553.12,74559.34,74542.14,74557.0,8418
1780300800,2026-06-01T13:30:00,74562.31,74578.66,74562.27,74565.7,10201
1780300860,2026-06-01T13:31:00,74566.63,74574.64,74559.57,74563.95,15719
1780300920,2026-06-01T13:32:00,74564.5,74593.75,74564.5,74593.75,34659
1780300980,2026-06-01T13:33:00,74597.03,74635.56,74594.85,74627.21,11253
1780301040,2026-06-01T13:34:00,74625.88,74626.73,74606.73,74606.87,6814
1780301100,2026-06-01T13:35:00,74602.97,74602.97,74581.59,74587.31,10824
1780301160,2026-06-01T13:36:00,74587.42,74600.86,74585.44,74600.86,17847
1780301220,2026-06-01T13:37:00,74601.68,74611.58,74595.17,74600.54,18929
1780301280,2026-06-01T13:38:00,74598.36,74602.62,74568.92,74573.72,44251
1780301340,2026-06-01T13:39:00,74572.61,74617.91,74572.61,74615.3,17199
1780301400,2026-06-01T13:40:00,74612.86,74612.86,74578.09,74582.43,6858
1780301460,2026-06-01T13:41:00,74581.11,74596.98,74581.11,74595.5,12288
1780301520,2026-06-01T13:42:00,74595.05,74607.38,74593.02,74599.54,9824
1780301580,2026-06-01T13:43:00,74602.04,74609.51,74592.82,74594.86,21515
1780301640,2026-06-01T13:44:00,74598.42,74603.55,74589.17,74592.29,525113
1780301700,2026-06-01T13:45:00,74592.29,74596.02,74566.84,74569.72,12308
1780301760,2026-06-01T13:46:00,74568.87,74577.12,74562.1,74576.14,11290
1780301820,2026-06-01T13:47:00,74577.17,74580.27,74561.24,74561.24,10848
1780301880,2026-06-01T13:48:00,74557.42,74561.93,74534.57,74534.69,21978
1780301940,2026-06-01T13:49:00,74534.28,74536.91,74522.43,74529.32,17376
1780302000,2026-06-01T13:50:00,74529.54,74536.25,74516.52,74518.13,42828
1780302060,2026-06-01T13:51:00,74517.62,74530.66,74517.12,74519.81,24344
1780302120,2026-06-01T13:52:00,74520.8,74529.49,74510.36,74515.37,61737
1780302180,2026-06-01T13:53:00,74515.37,74516.36,74492.69,74496.3,10037
1780302240,2026-06-01T13:54:00,74495.82,74503.97,74485.98,74501.99,39045
1780302300,2026-06-01T13:55:00,74501.93,74528.17,74498.96,74518.89,9845
1780302360,2026-06-01T13:56:00,74527.63,74531.52,74505.28,74512.51,18641
1780302420,2026-06-01T13:57:00,74508.18,74521.75,74500.42,74514.92,11565
1780302480,2026-06-01T13:58:00,74510.31,74513.23,74503.34,74506.38,8735
1780302540,2026-06-01T13:59:00,74504.86,74512.28,74495.2,74512.28,8335
1780302600,2026-06-01T14:00:00,74514.97,74523.75,74503.06,74504.08,10779
1780302660,2026-06-01T14:01:00,74508.72,74508.72,74461.36,74464.25,27799
1780302720,2026-06-01T14:02:00,74462.43,74470.77,74432.23,74440.41,28863
1780302780,2026-06-01T14:03:00,74438.97,74478.24,74430.08,74478.24,17172
1780302840,2026-06-01T14:04:00,74479.87,74481.06,74464.26,74468.04,28290
1780302900,2026-06-01T14:05:00,74469.27,74480.16,74459.7,74459.7,38855
1780302960,2026-06-01T14:06:00,74457.2,74477.84,74449.83,74454.85,39472
1780303020,2026-06-01T14:07:00,74452.51,74453.31,74410.67,74416.51,11432
1780303080,2026-06-01T14:08:00,74418.38,74428.89,74411.17,74422.69,23810
1780303140,2026-06-01T14:09:00,74420.18,74426.78,74410.56,74412.96,29448
1780303200,2026-06-01T14:10:00,74413.77,74419.81,74403.17,74405.63,19421
1780303260,2026-06-01T14:11:00,74410.07,74418.74,74403.78,74403.78,15738
1780303320,2026-06-01T14:12:00,74408.44,74429.95,74408.44,74413.49,41662
1780303380,2026-06-01T14:13:00,74413.9,74414.35,74397.98,74405.91,18183
1780303440,2026-06-01T14:14:00,74401.75,74401.75,74367.8,74376.19,27302
1780303500,2026-06-01T14:15:00,74375.59,74387.79,74364.99,74365.53,22511
1780303560,2026-06-01T14:16:00,74364.99,74371.11,74354.58,74367.94,17865
1780303620,2026-06-01T14:17:00,74368.56,74370.98,74343.53,74345.35,17005
1780303680,2026-06-01T14:18:00,74343.83,74348.44,74335.21,74337.42,74396
1780303740,2026-06-01T14:19:00,74338.01,74406.93,74338.01,74406.93,26722
1780303800,2026-06-01T14:20:00,74398.41,74398.41,74356.54,74368.16,24152
1780303860,2026-06-01T14:21:00,74368.16,74368.16,74349.68,74359.54,28404
1780303920,2026-06-01T14:22:00,74361.53,74379.86,74349.12,74351.69,35734
1780303980,2026-06-01T14:23:00,74351.65,74351.65,74329.55,74330.51,131465
1780304040,2026-06-01T14:24:00,74329.67,74329.67,74303.59,74305.8,33657
1780304100,2026-06-01T14:25:00,74302.69,74334.75,74302.48,74334.61,19782
1780304160,2026-06-01T14:26:00,74335.91,74346.19,74333.59,74343.05,17823
1780304220,2026-06-01T14:27:00,74340.54,74343.16,74323.62,74337.87,14112
1780304280,2026-06-01T14:28:00,74334.57,74334.57,74296.51,74296.51,15247
1780304340,2026-06-01T14:29:00,74297.83,74312.19,74285.78,74311.79,18070
1780304400,2026-06-01T14:30:00,74312.94,74328.16,74309.63,74322.89,20019
1780304460,2026-06-01T14:31:00,74322.59,74337.12,74281.68,74282.78,220592
1780304520,2026-06-01T14:32:00,74281.34,74283.7,74258.72,74279.29,43891
1780304580,2026-06-01T14:33:00,74280.41,74320.38,74280.41,74320.38,21620
1780304640,2026-06-01T14:34:00,74318.0,74320.74,74297.08,74299.11,14653
1780304700,2026-06-01T14:35:00,74299.46,74328.45,74295.69,74326.86,17633
1780304760,2026-06-01T14:36:00,74324.81,74355.87,74318.58,74349.1,25462
1780304820,2026-06-01T14:37:00,74349.39,74366.27,74343.81,74360.14,17743
1780304880,2026-06-01T14:38:00,74360.8,74374.18,74359.89,74369.04,17812
1780304940,2026-06-01T14:39:00,74369.16,74386.51,74364.69,74385.63,18825
1780305000,2026-06-01T14:40:00,74387.48,74394.95,74375.49,74381.83,17740
1780305060,2026-06-01T14:41:00,74382.79,74386.33,74358.76,74371.3,15561
1780305120,2026-06-01T14:42:00,74368.42,74386.46,74367.82,74383.78,14652
1780305180,2026-06-01T14:43:00,74387.34,74390.35,74368.91,74369.21,10187
1780305240,2026-06-01T14:44:00,74368.73,74372.17,74360.69,74371.55,12219
1780305300,2026-06-01T14:45:00,74373.73,74388.17,74367.53,74384.9,15700
1780305360,2026-06-01T14:46:00,74378.82,74416.62,74374.13,74406.12,34005
1780305420,2026-06-01T14:47:00,74407.59,74407.59,74374.84,74378.68,69452
1780305480,2026-06-01T14:48:00,74381.22,74408.71,74373.66,74399.91,12304
1780305540,2026-06-01T14:49:00,74395.39,74395.39,74308.25,74326.55,45152
1780305600,2026-06-01T14:50:00,74323.67,74337.1,74301.96,74301.96,14508
1780305660,2026-06-01T14:51:00,74304.57,74304.57,74296.04,74298.99,17611
1780305720,2026-06-01T14:52:00,74299.63,74300.88,74258.41,74260.7,39294
1780305780,2026-06-01T14:53:00,74262.33,74264.61,74242.93,74246.83,25841
1780305840,2026-06-01T14:54:00,74249.7,74275.94,74247.23,74266.76,25325
1780305900,2026-06-01T14:55:00,74265.98,74268.78,74254.2,74258.48,22421
1780305960,2026-06-01T14:56:00,74258.48,74258.96,74232.85,74236.85,29736
1780306020,2026-06-01T14:57:00,74236.58,74242.4,74218.11,74242.4,19994
1780306080,2026-06-01T14:58:00,74239.86,74239.86,74203.68,74208.23,63763
1780306140,2026-06-01T14:59:00,74216.65,74252.91,74215.61,74252.48,46695
1780306200,2026-06-01T15:00:00,74245.27,74245.27,74206.26,74244.64,120794
1780306260,2026-06-01T15:01:00,74241.17,74273.74,74240.53,74264.27,26140
1780306320,2026-06-01T15:02:00,74261.99,74280.6,74254.18,74261.13,50613
1780306380,2026-06-01T15:03:00,74267.11,74282.05,74252.31,74256.11,19578
1780306440,2026-06-01T15:04:00,74249.6,74302.25,74249.6,74302.25,38273
1780306500,2026-06-01T15:05:00,74301.32,74307.34,74272.39,74286.08,38498
1780306560,2026-06-01T15:06:00,74289.97,74289.97,74257.89,74263.09,43846
1780306620,2026-06-01T15:07:00,74263.38,74297.0,74257.24,74296.1,24181
1780306680,2026-06-01T15:08:00,74296.82,74317.19,74296.82,74310.62,35637
1780306740,2026-06-01T15:09:00,74315.26,74360.78,74313.88,74339.13,42458
1780306800,2026-06-01T15:10:00,74338.29,74373.69,74338.29,74366.36,24440
1780306860,2026-06-01T15:11:00,74363.37,74363.37,74347.98,74354.64,35162
1780306920,2026-06-01T15:12:00,74354.91,74362.3,74332.93,74333.29,26913
1780306980,2026-06-01T15:13:00,74336.49,74345.97,74308.12,74308.12,31448
1780307040,2026-06-01T15:14:00,74328.69,74330.24,74287.02,74287.66,26545
1780307100,2026-06-01T15:15:00,74287.26,74296.15,74270.91,74292.13,74317
1780307160,2026-06-01T15:16:00,74292.78,74326.59,74292.78,74314.9,36584
1780307220,2026-06-01T15:17:00,74319.44,74319.86,74291.6,74295.85,33076
1780307280,2026-06-01T15:18:00,74292.12,74296.39,74268.71,74278.21,44472
1780307340,2026-06-01T15:19:00,74276.95,74280.44,74252.1,74258.39,42204
1780307400,2026-06-01T15:20:00,74256.31,74272.57,74247.22,74247.51,51275
1780307460,2026-06-01T15:21:00,74246.19,74254.24,74222.4,74226.37,44273
1780307520,2026-06-01T15:22:00,74227.83,74229.86,74216.35,74224.85,52175
1780307580,2026-06-01T15:23:00,74227.34,74238.06,74222.85,74225.32,51491
1780307640,2026-06-01T15:24:00,74229.48,74244.21,74219.25,74242.39,72060
1780307700,2026-06-01T15:25:00,74237.1,74259.14,74232.49,74244.65,33383
1780307760,2026-06-01T15:26:00,74244.8,74257.37,74236.49,74247.8,25773
1780307820,2026-06-01T15:27:00,74249.61,74290.89,74249.61,74278.31,65729
1780307880,2026-06-01T15:28:00,74265.08,74269.64,74217.79,74244.16,73859
1780307940,2026-06-01T15:29:00,74241.9,74297.9,74226.01,74297.9,54432
1780371900,2026-06-02T09:15:00,73945.2,74006.89,73831.74,73863.64,378402
1780371960,2026-06-02T09:16:00,73877.15,73888.62,73815.12,73837.04,188512
1780372020,2026-06-02T09:17:00,73833.27,73860.73,73820.21,73855.23,147847
1780372080,2026-06-02T09:18:00,73854.63,73931.95,73847.58,73927.5,128926
1780372140,2026-06-02T09:19:00,73925.98,73971.41,73925.49,73957.92,98452
1780372200,2026-06-02T09:20:00,73965.12,73990.34,73924.76,73988.84,159437
1780372260,2026-06-02T09:21:00,73987.92,73989.08,73952.27,73965.37,77569
1780372320,2026-06-02T09:22:00,73965.93,73983.54,73919.94,73944.52,71936
1780372380,2026-06-02T09:23:00,73939.54,73980.14,73938.84,73971.99,68411
1780372440,2026-06-02T09:24:00,73981.48,73988.69,73934.35,73981.19,103480
1780372500,2026-06-02T09:25:00,73979.27,73985.16,73948.66,73948.66,54316
1780372560,2026-06-02T09:26:00,73951.4,74010.16,73950.91,74005.0,65217
1780372620,2026-06-02T09:27:00,74016.53,74025.85,73992.36,74001.63,79455
1780372680,2026-06-02T09:28:00,73995.41,74017.98,73984.79,74017.06,49464
1780372740,2026-06-02T09:29:00,74017.79,74030.57,73979.37,73979.37,42438
1780372800,2026-06-02T09:30:00,73979.78,73983.32,73933.85,73974.74,53607
1780372860,2026-06-02T09:31:00,73970.71,73990.3,73946.92,73989.74,71640
1780372920,2026-06-02T09:32:00,73985.62,73997.79,73958.75,73966.99,51334
1780372980,2026-06-02T09:33:00,73965.23,73965.23,73920.94,73933.92,48304
1780373040,2026-06-02T09:34:00,73934.29,73985.02,73934.29,73977.01,40406
1780373100,2026-06-02T09:35:00,73978.23,74041.1,73978.23,74025.34,71415
1780373160,2026-06-02T09:36:00,74025.82,74027.69,73999.13,74002.33,36617
1780373220,2026-06-02T09:37:00,74003.63,74031.03,74000.57,74020.15,35177
1780373280,2026-06-02T09:38:00,74015.94,74044.64,74010.76,74031.84,41376
1780373340,2026-06-02T09:39:00,74030.04,74054.55,74025.94,74025.94,2067174
1780373400,2026-06-02T09:40:00,74029.83,74065.32,74029.83,74035.0,77546
1780373460,2026-06-02T09:41:00,74032.07,74034.51,74014.42,74020.2,64283
1780373520,2026-06-02T09:42:00,74019.49,74019.49,73958.04,73963.25,59049
1780373580,2026-06-02T09:43:00,73969.53,73997.09,73964.25,73997.09,94449
1780373640,2026-06-02T09:44:00,73995.22,74032.41,73987.11,74032.41,89438
1780373700,2026-06-02T09:45:00,74032.91,74044.47,73999.2,74019.98,75857
1780373760,2026-06-02T09:46:00,74021.24,74035.07,74012.79,74029.91,69769
1780373820,2026-06-02T09:47:00,74026.68,74027.26,73960.83,73965.16,42778
1780373880,2026-06-02T09:48:00,73965.44,73970.64,73945.63,73963.89,52686
1780373940,2026-06-02T09:49:00,73959.55,73969.81,73952.07,73966.28,54827
1780374000,2026-06-02T09:50:00,73965.04,73992.3,73965.04,73980.38,52603
1780374060,2026-06-02T09:51:00,73979.74,73990.26,73954.66,73970.51,37407
1780374120,2026-06-02T09:52:00,73974.78,74000.61,73971.33,73999.52,41394
1780374180,2026-06-02T09:53:00,73995.52,74045.83,73992.61,74035.98,49393
1780374240,2026-06-02T09:54:00,74034.52,74057.69,74034.25,74054.53,48299
1780374300,2026-06-02T09:55:00,74055.2,74092.98,74053.27,74092.7,42252
1780374360,2026-06-02T09:56:00,74092.71,74108.94,74088.69,74098.78,38361
1780374420,2026-06-02T09:57:00,74098.75,74120.26,74067.38,74067.38,55645
1780374480,2026-06-02T09:58:00,74060.33,74064.36,74039.22,74050.08,49422
1780374540,2026-06-02T09:59:00,74050.08,74093.51,74047.51,74091.28,28765
1780374600,2026-06-02T10:00:00,74091.9,74108.9,74083.46,74106.76,65025
1780374660,2026-06-02T10:01:00,74108.97,74108.97,74069.8,74074.7,52792
1780374720,2026-06-02T10:02:00,74081.05,74113.05,74081.05,74093.32,31574
1780374780,2026-06-02T10:03:00,74097.17,74099.88,74082.43,74095.28,43919
1780374840,2026-06-02T10:04:00,74094.64,74104.79,74091.26,74099.26,40531
1780374900,2026-06-02T10:05:00,74093.99,74118.16,74092.23,74106.53,33885
1780374960,2026-06-02T10:06:00,74102.53,74111.21,74072.52,74073.71,32390
1780375020,2026-06-02T10:07:00,74071.77,74075.84,74049.67,74061.38,72055
1780375080,2026-06-02T10:08:00,74061.95,74065.99,74022.47,74034.93,32372
1780375140,2026-06-02T10:09:00,74033.2,74044.08,74016.19,74036.38,37037
1780375200,2026-06-02T10:10:00,74032.63,74033.88,74002.78,74031.34,143267
1780375260,2026-06-02T10:11:00,74031.94,74037.16,74018.14,74023.03,25277
1780375320,2026-06-02T10:12:00,74022.46,74026.01,74003.74,74021.97,41283
1780375380,2026-06-02T10:13:00,74021.92,74026.4,74005.16,74017.15,48017
1780375440,2026-06-02T10:14:00,74019.4,74019.4,73974.51,73974.51,24000
1780375500,2026-06-02T10:15:00,73974.55,73978.29,73947.17,73947.17,30827
1780375560,2026-06-02T10:16:00,73949.14,73953.61,73932.05,73948.67,46662
1780375620,2026-06-02T10:17:00,73949.07,73981.88,73949.07,73981.6,47867
1780375680,2026-06-02T10:18:00,73991.04,74055.27,73991.04,74055.27,48620
1780375740,2026-06-02T10:19:00,74053.51,74075.67,74053.51,74075.67,40214
1780375800,2026-06-02T10:20:00,74075.84,74095.81,74066.99,74094.78,148193
1780375860,2026-06-02T10:21:00,74095.3,74111.08,74089.57,74111.08,51761
1780375920,2026-06-02T10:22:00,74111.35,74145.73,74107.3,74145.73,40392
1780375980,2026-06-02T10:23:00,74148.6,74205.6,74147.09,74202.08,53590
1780376040,2026-06-02T10:24:00,74205.44,74234.3,74198.21,74207.64,34900
1780376100,2026-06-02T10:25:00,74209.99,74218.26,74190.06,74216.06,40074
1780376160,2026-06-02T10:26:00,74220.11,74254.38,74212.51,74254.2,41868
1780376220,2026-06-02T10:27:00,74252.54,74289.88,74252.54,74275.74,34995
1780376280,2026-06-02T10:28:00,74279.1,74290.48,74270.7,74271.27,41066
1780376340,2026-06-02T10:29:00,74271.45,74286.43,74261.32,74275.3,43472
1780376400,2026-06-02T10:30:00,74274.53,74282.22,74241.89,74241.89,38462
1780376460,2026-06-02T10:31:00,74241.36,74241.36,74204.08,74205.97,31409
1780376520,2026-06-02T10:32:00,74206.21,74216.61,74194.69,74197.04,2465804
1780376580,2026-06-02T10:33:00,74199.1,74199.1,74163.78,74163.78,107698
1780376640,2026-06-02T10:34:00,74163.6,74203.12,74163.45,74195.2,50206
1780376700,2026-06-02T10:35:00,74193.54,74193.54,74165.88,74165.88,35059
1780376760,2026-06-02T10:36:00,74165.05,74185.15,74143.03,74171.29,47131
1780376820,2026-06-02T10:37:00,74168.09,74188.46,74155.31,74186.73,25437
1780376880,2026-06-02T10:38:00,74182.26,74206.62,74177.32,74191.49,76129
1780376940,2026-06-02T10:39:00,74195.16,74225.72,74195.16,74223.78,37179
1780377000,2026-06-02T10:40:00,74226.59,74228.69,74202.07,74211.59,29017
1780377060,2026-06-02T10:41:00,74203.22,74224.55,74198.27,74222.1,53838
1780377120,2026-06-02T10:42:00,74224.9,74236.99,74218.63,74224.4,60162
1780377180,2026-06-02T10:43:00,74227.81,74227.82,74211.24,74220.62,37869
1780377240,2026-06-02T10:44:00,74215.01,74225.82,74208.77,74215.9,36001
1780377300,2026-06-02T10:45:00,74220.36,74225.28,74183.67,74211.35,55207
1780377360,2026-06-02T10:46:00,74214.21,74217.78,74176.01,74196.99,32965
1780377420,2026-06-02T10:47:00,74193.12,74197.55,74181.31,74182.56,73212
1780377480,2026-06-02T10:48:00,74183.79,74194.77,74175.38,74182.88,20020
1780377540,2026-06-02T10:49:00,74183.03,74192.51,74143.43,74153.19,50071
1780377600,2026-06-02T10:50:00,74152.35,74161.22,74141.95,74156.75,27174
1780377660,2026-06-02T10:51:00,74154.59,74158.34,74114.75,74114.75,28485
1780377720,2026-06-02T10:52:00,74115.99,74115.99,74085.38,74090.7,33838
1780377780,2026-06-02T10:53:00,74086.26,74086.26,74055.04,74057.52,21728
1780377840,2026-06-02T10:54:00,74064.28,74064.93,74047.64,74062.55,23449
1780377900,2026-06-02T10:55:00,74064.97,74064.97,74016.27,74016.27,39070
1780377960,2026-06-02T10:56:00,74019.51,74026.61,74011.48,74015.91,40445
1780378020,2026-06-02T10:57:00,74016.12,74028.78,74001.98,74003.7,28201
1780378080,2026-06-02T10:58:00,74003.3,74021.44,74001.43,74015.14,34003
1780378140,2026-06-02T10:59:00,74016.95,74080.85,74014.22,74066.63,45806
1780378200,2026-06-02T11:00:00,74063.38,74096.93,74062.69,74068.93,36065
1780378260,2026-06-02T11:01:00,74072.6,74089.59,74058.89,74065.25,20319
1780378320,2026-06-02T11:02:00,74065.66,74080.88,74063.31,74063.31,34517
1780378380,2026-06-02T11:03:00,74061.76,74074.97,74058.53,74069.25,23852
1780378440,2026-06-02T11:04:00,74068.83,74072.84,74054.45,74060.5,19329
1780378500,2026-06-02T11:05:00,74064.34,74079.73,74062.67,74079.73,17588
1780378560,2026-06-02T11:06:00,74076.86,74091.61,74073.14,74073.14,96677
1780378620,2026-06-02T11:07:00,74074.77,74082.65,74064.22,74067.84,19930
1780378680,2026-06-02T11:08:00,74068.62,74068.62,74044.38,74052.16,20450
1780378740,2026-06-02T11:09:00,74054.99,74060.51,74046.09,74054.72,24230
1780378800,2026-06-02T11:10:00,74050.31,74071.55,74044.69,74061.39,28294
1780378860,2026-06-02T11:11:00,74063.13,74074.45,74060.39,74069.2,14791
1780378920,2026-06-02T11:12:00,74069.14,74101.13,74059.04,74097.93,26838
1780378980,2026-06-02T11:13:00,74097.93,74109.05,74084.05,74086.05,17014
1780379040,2026-06-02T11:14:00,74086.76,74096.66,74074.36,74096.06,17494
1780379100,2026-06-02T11:15:00,74094.19,74103.11,74071.4,74077.11,18491
1780379160,2026-06-02T11:16:00,74074.86,74095.51,74065.67,74070.61,21494
1780379220,2026-06-02T11:17:00,74069.68,74077.13,74057.48,74058.41,21711
1780379280,2026-06-02T11:18:00,74057.82,74064.46,74049.63,74056.45,30205
1780379340,2026-06-02T11:19:00,74056.16,74087.09,74051.7,74086.0,30968
1780379400,2026-06-02T11:20:00,74086.41,74138.64,74086.22,74137.4,29518
1780379460,2026-06-02T11:21:00,74134.36,74149.66,74131.08,74145.97,14196
1780379520,2026-06-02T11:22:00,74147.92,74171.91,74141.47,74171.91,26040
1780379580,2026-06-02T11:23:00,74174.87,74230.01,74174.46,74230.01,112985
1780379640,2026-06-02T11:24:00,74229.99,74265.8,74227.57,74262.75,49998
1780379700,2026-06-02T11:25:00,74266.45,74269.85,74223.05,74231.95,58178
1780379760,2026-06-02T11:26:00,74231.21,74233.53,74207.59,74209.59,29569
1780379820,2026-06-02T11:27:00,74202.27,74207.9,74170.91,74185.8,24863
1780379880,2026-06-02T11:28:00,74188.25,74194.53,74178.8,74187.12,30755
1780379940,2026-06-02T11:29:00,74184.95,74199.13,74181.19,74197.8,11003
1780380000,2026-06-02T11:30:00,74199.3,74215.17,74176.3,74188.65,27648
1780380060,2026-06-02T11:31:00,74189.26,74216.8,74189.26,74201.84,16873
1780380120,2026-06-02T11:32:00,74204.19,74215.41,74191.48,74194.99,19367
1780380180,2026-06-02T11:33:00,74195.66,74196.1,74182.4,74188.6,25905
1780380240,2026-06-02T11:34:00,74189.82,74202.11,74187.38,74192.92,23967
1780380300,2026-06-02T11:35:00,74190.82,74194.44,74173.75,74177.67,25307
1780380360,2026-06-02T11:36:00,74178.58,74180.71,74147.8,74147.8,24682
1780380420,2026-06-02T11:37:00,74145.64,74150.17,74097.4,74097.4,26035
1780380480,2026-06-02T11:38:00,74101.24,74107.24,74066.25,74069.41,22959
1780380540,2026-06-02T11:39:00,74071.95,74072.08,74043.83,74047.45,27213
1780380600,2026-06-02T11:40:00,74048.15,74075.37,74048.15,74074.77,71265
1780380660,2026-06-02T11:41:00,74072.85,74097.35,74070.62,74086.15,15084
1780380720,2026-06-02T11:42:00,74085.28,74113.24,74077.84,74109.81,18894
1780380780,2026-06-02T11:43:00,74110.92,74130.98,74110.92,74125.76,21973
1780380840,2026-06-02T11:44:00,74123.16,74136.11,74070.27,74074.44,35911
1780380900,2026-06-02T11:45:00,74077.71,74080.91,74050.48,74070.37,39347
1780380960,2026-06-02T11:46:00,74074.74,74090.62,74062.17,74078.79,55861
1780381020,2026-06-02T11:47:00,74082.69,74089.85,74063.26,74063.26,25334
1780381080,2026-06-02T11:48:00,74068.98,74070.33,74040.98,74041.13,15753
1780381140,2026-06-02T11:49:00,74041.24,74086.16,74041.24,74083.3,39839
1780381200,2026-06-02T11:50:00,74080.4,74089.63,74077.22,74084.6,23906
1780381260,2026-06-02T11:51:00,74082.88,74097.27,74073.79,74073.79,14112
1780381320,2026-06-02T11:52:00,74075.91,74104.16,74075.03,74095.52,18833
1780381380,2026-06-02T11:53:00,74097.7,74110.08,74084.19,74094.81,33686
1780381440,2026-06-02T11:54:00,74097.05,74097.05,74076.31,74078.48,19333
1780381500,2026-06-02T11:55:00,74075.14,74080.91,74062.95,74075.01,30671
1780381560,2026-06-02T11:56:00,74072.69,74089.45,74068.41,74083.64,19410
1780381620,2026-06-02T11:57:00,74083.45,74094.62,74079.42,74088.54,12082
1780381680,2026-06-02T11:58:00,74085.21,74085.21,74057.43,74061.69,20677
1780381740,2026-06-02T11:59:00,74061.73,74065.7,74020.29,74025.37,35988
1780381800,2026-06-02T12:00:00,74030.78,74043.39,74012.76,74043.39,142058
1780381860,2026-06-02T12:01:00,74047.34,74074.81,74047.34,74057.42,309027
1780381920,2026-06-02T12:02:00,74056.62,74069.81,74052.85,74061.6,113879
1780381980,2026-06-02T12:03:00,74058.11,74073.96,74053.45,74073.96,20226
1780382040,2026-06-02T12:04:00,74072.41,74091.62,74054.99,74061.63,21822
1780382100,2026-06-02T12:05:00,74056.05,74063.81,74031.79,74032.0,35709
1780382160,2026-06-02T12:06:00,74036.55,74072.35,74036.55,74063.26,19459
1780382220,2026-06-02T12:07:00,74064.56,74070.91,74056.56,74068.32,23285
1780382280,2026-06-02T12:08:00,74068.32,74094.78,74068.32,74093.44,14096
1780382340,2026-06-02T12:09:00,74095.58,74106.43,74085.8,74096.68,7833
1780382400,2026-06-02T12:10:00,74098.93,74098.93,74075.6,74078.06,14570
1780382460,2026-06-02T12:11:00,74078.37,74084.19,74067.34,74075.13,11460
1780382520,2026-06-02T12:12:00,74075.34,74075.65,74059.71,74073.46,91606
1780382580,2026-06-02T12:13:00,74075.58,74084.51,74061.03,74061.52,18752
1780382640,2026-06-02T12:14:00,74059.06,74061.94,74020.34,74028.3,653249
1780382700,2026-06-02T12:15:00,74029.12,74052.09,74016.51,74049.26,72319
1780382760,2026-06-02T12:16:00,74049.26,74055.29,74042.88,74055.29,29544
1780382820,2026-06-02T12:17:00,74053.94,74076.42,74053.94,74064.91,17904
1780382880,2026-06-02T12:18:00,74064.91,74071.88,74048.13,74057.71,20741
1780382940,2026-06-02T12:19:00,74059.17,74060.44,74041.34,74047.98,20656
1780383000,2026-06-02T12:20:00,74042.89,74055.15,74039.73,74050.73,19524
1780383060,2026-06-02T12:21:00,74052.83,74059.29,74044.61,74050.96,10980
1780383120,2026-06-02T12:22:00,74051.98,74063.59,74047.64,74061.52,12905
1780383180,2026-06-02T12:23:00,74055.81,74072.57,74054.09,74062.67,11940
1780383240,2026-06-02T12:24:00,74060.11,74076.36,74051.96,74061.08,20836
1780383300,2026-06-02T12:25:00,74059.68,74080.59,74048.34,74067.99,13801
1780383360,2026-06-02T12:26:00,74068.82,74068.82,74050.55,74050.55,17835
1780383420,2026-06-02T12:27:00,74048.29,74049.41,74032.62,74044.05,21096
1780383480,2026-06-02T12:28:00,74043.65,74046.91,74005.72,74005.72,22591
1780383540,2026-06-02T12:29:00,74013.01,74018.01,73994.03,73998.79,18766
1780383600,2026-06-02T12:30:00,73999.17,74011.59,73983.35,74006.61,14901
1780383660,2026-06-02T12:31:00,74009.04,74012.83,73997.74,74002.22,30085
1780383720,2026-06-02T12:32:00,74002.3,74071.5,73996.6,74068.55,24389
1780383780,2026-06-02T12:33:00,74070.53,74177.51,74070.53,74174.49,41765
1780383840,2026-06-02T12:34:00,74180.7,74218.39,74162.43,74162.43,29256
1780383900,2026-06-02T12:35:00,74164.12,74174.08,74148.49,74164.59,26974
1780383960,2026-06-02T12:36:00,74164.91,74185.52,74138.54,74185.52,20950
1780384020,2026-06-02T12:37:00,74181.69,74203.68,74181.69,74197.94,17438
1780384080,2026-06-02T12:38:00,74201.11,74202.75,74188.06,74190.97,15855
1780384140,2026-06-02T12:39:00,74189.91,74195.78,74181.2,74195.78,9496
1780384200,2026-06-02T12:40:00,74194.9,74200.93,74190.63,74193.78,16229
1780384260,2026-06-02T12:41:00,74194.88,74209.44,74183.15,74208.93,19990
1780384320,2026-06-02T12:42:00,74208.93,74219.98,74204.42,74214.72,69544
1780384380,2026-06-02T12:43:00,74218.66,74248.1,74209.75,74242.3,16120
1780384440,2026-06-02T12:44:00,74243.52,74295.4,74243.52,74291.56,20776
1780384500,2026-06-02T12:45:00,74291.71,74367.56,74291.71,74362.74,52272
1780384560,2026-06-02T12:46:00,74379.02,74459.04,74379.02,74452.6,44716
1780384620,2026-06-02T12:47:00,74454.74,74498.98,74454.74,74494.8,47742
1780384680,2026-06-02T12:48:00,74497.38,74500.05,74467.51,74487.51,36416
1780384740,2026-06-02T12:49:00,74486.77,74498.75,74470.21,74479.34,47517
1780384800,2026-06-02T12:50:00,74479.8,74536.83,74478.41,74536.1,65039
1780384860,2026-06-02T12:51:00,74538.09,74546.77,74521.96,74526.12,31225
1780384920,2026-06-02T12:52:00,74526.88,74549.88,74525.28,74539.22,16566
1780384980,2026-06-02T12:53:00,74539.4,74553.22,74505.62,74514.09,33224
1780385040,2026-06-02T12:54:00,74501.63,74518.94,74494.34,74510.97,19199
1780385100,2026-06-02T12:55:00,74508.11,74523.08,74505.76,74516.44,19810
1780385160,2026-06-02T12:56:00,74517.66,74545.89,74517.66,74541.7,20331
1780385220,2026-06-02T12:57:00,74544.45,74594.85,74529.48,74587.42,108815
1780385280,2026-06-02T12:58:00,74593.27,74608.06,74576.97,74587.24,22665
1780385340,2026-06-02T12:59:00,74591.5,74611.38,74578.72,74580.81,60100
1780385400,2026-06-02T13:00:00,74581.43,74587.75,74547.15,74547.15,47773
1780385460,2026-06-02T13:01:00,74546.29,74557.44,74541.48,74546.37,15167
1780385520,2026-06-02T13:02:00,74550.32,74550.32,74536.03,74546.56,17002
1780385580,2026-06-02T13:03:00,74548.21,74558.45,74546.61,74557.64,18244
1780385640,2026-06-02T13:04:00,74559.84,74566.75,74550.64,74564.97,19934
1780385700,2026-06-02T13:05:00,74565.38,74569.63,74555.25,74565.59,10022
1780385760,2026-06-02T13:06:00,74565.76,74579.29,74557.24,74570.66,13245
1780385820,2026-06-02T13:07:00,74570.81,74603.46,74570.81,74590.97,17684
1780385880,2026-06-02T13:08:00,74589.27,74600.09,74578.67,74590.49,13680
1780385940,2026-06-02T13:09:00,74590.42,74595.51,74584.58,74589.73,11352
1780386000,2026-06-02T13:10:00,74590.3,74590.3,74567.08,74569.67,18523
1780386060,2026-06-02T13:11:00,74570.48,74578.7,74555.18,74572.79,20931
1780386120,2026-06-02T13:12:00,74572.79,74674.81,74563.51,74674.08,30382
1780386180,2026-06-02T13:13:00,74677.0,74694.09,74633.23,74646.77,26714
1780386240,2026-06-02T13:14:00,74645.25,74651.86,74604.51,74618.25,12890
1780386300,2026-06-02T13:15:00,74618.02,74649.04,74616.49,74641.05,23203
1780386360,2026-06-02T13:16:00,74642.51,74654.07,74634.41,74640.01,16620
1780386420,2026-06-02T13:17:00,74638.84,74646.98,74629.31,74645.24,14033
1780386480,2026-06-02T13:18:00,74646.64,74655.28,74616.03,74616.03,25089
1780386540,2026-06-02T13:19:00,74614.88,74632.08,74608.95,74609.38,24976
1780386600,2026-06-02T13:20:00,74607.75,74608.18,74574.46,74594.5,23959
1780386660,2026-06-02T13:21:00,74594.89,74624.13,74591.08,74624.13,18022
1780386720,2026-06-02T13:22:00,74625.27,74647.14,74625.27,74638.2,10637
1780386780,2026-06-02T13:23:00,74637.06,74643.93,74630.13,74641.35,11248
1780386840,2026-06-02T13:24:00,74641.65,74645.4,74633.82,74641.97,13633
1780386900,2026-06-02T13:25:00,74645.66,74661.15,74633.84,74635.44,19678
1780386960,2026-06-02T13:26:00,74635.31,74660.13,74634.08,74660.13,11529
1780387020,2026-06-02T13:27:00,74664.97,74669.09,74654.68,74666.2,13491
1780387080,2026-06-02T13:28:00,74666.74,74673.75,74662.78,74668.87,20718
1780387140,2026-06-02T13:29:00,74668.83,74710.7,74667.0,74710.7,22082
1780387200,2026-06-02T13:30:00,74706.27,74753.6,74706.27,74750.47,63866
1780387260,2026-06-02T13:31:00,74750.17,74773.23,74747.37,74761.1,94903
1780387320,2026-06-02T13:32:00,74761.51,74774.62,74747.56,74774.62,55767
1780387380,2026-06-02T13:33:00,74777.27,74786.44,74766.3,74783.37,14697
1780387440,2026-06-02T13:34:00,74782.87,74813.35,74779.56,74807.07,78999
1780387500,2026-06-02T13:35:00,74807.07,74807.2,74758.69,74758.69,14880
1780387560,2026-06-02T13:36:00,74757.47,74773.17,74756.33,74767.08,14137
1780387620,2026-06-02T13:37:00,74768.51,74773.33,74756.87,74767.78,10485
1780387680,2026-06-02T13:38:00,74766.56,74766.56,74736.0,74752.22,11738
1780387740,2026-06-02T13:39:00,74751.56,74753.63,74720.66,74728.3,13838
1780387800,2026-06-02T13:40:00,74729.9,74729.9,74715.56,74725.57,8424
1780387860,2026-06-02T13:41:00,74731.04,74731.04,74696.26,74696.26,12210
1780387920,2026-06-02T13:42:00,74696.8,74728.59,74680.91,74727.04,19212
1780387980,2026-06-02T13:43:00,74728.2,74730.72,74716.88,74716.88,11326
1780388040,2026-06-02T13:44:00,74717.26,74724.2,74699.18,74699.18,15573
1780388100,2026-06-02T13:45:00,74697.58,74712.0,74697.58,74711.23,16325
1780388160,2026-06-02T13:46:00,74712.27,74735.27,74710.69,74732.48,17308
1780388220,2026-06-02T13:47:00,74738.03,74749.76,74734.03,74739.8,15565
1780388280,2026-06-02T13:48:00,74736.39,74742.11,74730.94,74738.84,8724
1780388340,2026-06-02T13:49:00,74738.84,74755.89,74736.07,74750.79,11340
1780388400,2026-06-02T13:50:00,74750.87,74755.8,74735.64,74741.99,10332
1780388460,2026-06-02T13:51:00,74743.57,74747.27,74736.34,74746.67,12679
1780388520,2026-06-02T13:52:00,74745.95,74773.57,74745.95,74768.56,11247
1780388580,2026-06-02T13:53:00,74768.23,74768.23,74714.73,74714.73,16217
1780388640,2026-06-02T13:54:00,74716.12,74753.69,74716.12,74748.38,14683
1780388700,2026-06-02T13:55:00,74747.63,74758.73,74737.63,74737.63,16812
1780388760,2026-06-02T13:56:00,74737.84,74737.84,74718.65,74721.79,21755
1780388820,2026-06-02T13:57:00,74721.47,74742.68,74711.13,74742.68,8862
1780388880,2026-06-02T13:58:00,74744.87,74746.99,74730.34,74734.44,28449
1780388940,2026-06-02T13:59:00,74734.44,74750.06,74734.18,74739.92,9100
1780389000,2026-06-02T14:00:00,74740.32,74752.53,74735.7,74748.03,15725
1780389060,2026-06-02T14:01:00,74745.83,74754.38,74736.43,74753.28,11415
1780389120,2026-06-02T14:02:00,74753.28,74753.28,74739.37,74742.31,23308
1780389180,2026-06-02T14:03:00,74743.49,74747.63,74736.87,74744.36,14300
1780389240,2026-06-02T14:04:00,74745.3,74776.36,74745.3,74772.21,12832
1780389300,2026-06-02T14:05:00,74772.21,74780.06,74761.75,74767.15,11185
1780389360,2026-06-02T14:06:00,74766.34,74789.1,74762.29,74789.1,8048
1780389420,2026-06-02T14:07:00,74789.4,74802.31,74787.12,74798.75,14925
1780389480,2026-06-02T14:08:00,74799.38,74800.96,74783.7,74796.16,18422
1780389540,2026-06-02T14:09:00,74796.81,74827.33,74796.81,74822.61,29333
1780389600,2026-06-02T14:10:00,74821.2,74829.67,74800.12,74819.8,14848
1780389660,2026-06-02T14:11:00,74822.8,74831.66,74817.25,74823.08,25800
1780389720,2026-06-02T14:12:00,74823.68,74830.76,74816.72,74830.76,23738
1780389780,2026-06-02T14:13:00,74830.76,74830.76,74811.0,74822.94,31518
1780389840,2026-06-02T14:14:00,74820.91,74825.16,74813.17,74819.38,13236
1780389900,2026-06-02T14:15:00,74819.95,74836.07,74819.95,74829.07,9602
1780389960,2026-06-02T14:16:00,74827.36,74828.25,74766.71,74784.46,18150
1780390020,2026-06-02T14:17:00,74785.98,74787.52,74770.21,74778.66,16829
1780390080,2026-06-02T14:18:00,74777.78,74789.59,74777.78,74784.75,7854
1780390140,2026-06-02T14:19:00,74783.17,74786.52,74735.18,74747.42,14828
1780390200,2026-06-02T14:20:00,74743.91,74765.18,74737.94,74760.34,14402
1780390260,2026-06-02T14:21:00,74762.57,74778.96,74757.85,74771.95,13930
1780390320,2026-06-02T14:22:00,74771.85,74820.51,74771.85,74820.51,12214
1780390380,2026-06-02T14:23:00,74829.07,74862.19,74829.07,74839.36,25865
1780390440,2026-06-02T14:24:00,74841.08,74844.74,74800.74,74817.19,37557
1780390500,2026-06-02T14:25:00,74813.96,74813.96,74739.2,74749.98,26699
1780390560,2026-06-02T14:26:00,74749.21,74820.99,74743.78,74811.04,523262
1780390620,2026-06-02T14:27:00,74812.11,74825.64,74811.84,74815.7,15228
1780390680,2026-06-02T14:28:00,74817.14,74830.33,74811.41,74815.67,20151
1780390740,2026-06-02T14:29:00,74815.57,74831.13,74744.26,74758.69,52171
1780390800,2026-06-02T14:30:00,74759.48,74761.58,74714.12,74749.78,102821
1780390860,2026-06-02T14:31:00,74750.84,74796.11,74749.04,74793.74,30456
1780390920,2026-06-02T14:32:00,74791.32,74797.34,74769.74,74771.98,17676
1780390980,2026-06-02T14:33:00,74770.58,74770.64,74751.49,74753.85,15560
1780391040,2026-06-02T14:34:00,74756.13,74791.75,74749.44,74780.32,13389
1780391100,2026-06-02T14:35:00,74780.49,74786.11,74759.06,74773.07,26250
1780391160,2026-06-02T14:36:00,74774.64,74777.73,74723.2,74723.2,19631
1780391220,2026-06-02T14:37:00,74721.58,74721.58,74685.92,74688.35,20935
1780391280,2026-06-02T14:38:00,74684.87,74699.68,74652.27,74661.12,27200
1780391340,2026-06-02T14:39:00,74661.04,74669.59,74628.5,74634.93,17739
1780391400,2026-06-02T14:40:00,74634.86,74634.86,74577.98,74592.8,19514
1780391460,2026-06-02T14:41:00,74591.84,74595.54,74557.22,74563.29,17779
1780391520,2026-06-02T14:42:00,74567.33,74575.0,74524.11,74562.67,40294
1780391580,2026-06-02T14:43:00,74561.81,74561.81,74506.3,74522.36,29498
1780391640,2026-06-02T14:44:00,74519.63,74539.79,74518.94,74538.45,13638
1780391700,2026-06-02T14:45:00,74537.16,74545.18,74486.29,74488.58,26025
1780391760,2026-06-02T14:46:00,74487.47,74531.4,74479.75,74531.4,17903
1780391820,2026-06-02T14:47:00,74531.4,74533.81,74508.66,74527.04,14237
1780391880,2026-06-02T14:48:00,74528.87,74559.41,74526.05,74551.51,15581
1780391940,2026-06-02T14:49:00,74551.27,74565.83,74542.43,74563.42,14345
1780392000,2026-06-02T14:50:00,74565.5,74622.49,74565.5,74610.57,23064
1780392060,2026-06-02T14:51:00,74609.85,74609.85,74573.71,74592.22,23735
1780392120,2026-06-02T14:52:00,74592.03,74600.31,74579.62,74582.2,15263
1780392180,2026-06-02T14:53:00,74580.6,74593.44,74575.05,74581.81,10202
1780392240,2026-06-02T14:54:00,74576.8,74596.04,74556.37,74587.75,14194
1780392300,2026-06-02T14:55:00,74585.97,74588.37,74560.87,74588.37,24053
1780392360,2026-06-02T14:56:00,74587.58,74593.13,74569.4,74569.4,19819
1780392420,2026-06-02T14:57:00,74569.4,74569.4,74557.99,74565.42,15734
1780392480,2026-06-02T14:58:00,74565.09,74565.09,74532.7,74538.62,23204
1780392540,2026-06-02T14:59:00,74535.89,74535.89,74506.67,74514.21,15295
1780392600,2026-06-02T15:00:00,74502.75,74511.75,74454.5,74489.36,68325
1780392660,2026-06-02T15:01:00,74484.85,74533.4,74484.85,74519.17,20091
1780392720,2026-06-02T15:02:00,74519.84,74540.25,74499.53,74502.98,37310
1780392780,2026-06-02T15:03:00,74501.61,74555.48,74501.61,74539.76,26343
1780392840,2026-06-02T15:04:00,74537.44,74568.27,74534.35,74568.27,20947
1780392900,2026-06-02T15:05:00,74568.9,74610.68,74565.74,74610.65,38524
1780392960,2026-06-02T15:06:00,74613.94,74629.92,74611.79,74616.41,19331
1780393020,2026-06-02T15:07:00,74613.09,74656.08,74597.59,74598.39,21220
1780393080,2026-06-02T15:08:00,74598.17,74618.65,74574.14,74589.49,29711
1780393140,2026-06-02T15:09:00,74590.65,74653.22,74589.73,74641.44,28822
1780393200,2026-06-02T15:10:00,74647.34,74668.12,74637.92,74668.12,24578
1780393260,2026-06-02T15:11:00,74669.16,74686.97,74665.13,74686.35,25622
1780393320,2026-06-02T15:12:00,74688.21,74694.05,74666.53,74673.56,23261
1780393380,2026-06-02T15:13:00,74673.56,74675.84,74662.02,74665.51,57424
1780393440,2026-06-02T15:14:00,74677.18,74679.5,74652.73,74658.99,27694
1780393500,2026-06-02T15:15:00,74656.76,74668.0,74646.26,74663.45,31644
1780393560,2026-06-02T15:16:00,74666.31,74693.22,74666.31,74688.94,32924
1780393620,2026-06-02T15:17:00,74692.0,74712.68,74689.42,74711.46,26945
1780393680,2026-06-02T15:18:00,74711.91,74747.28,74710.01,74744.9,66762
1780393740,2026-06-02T15:19:00,74744.55,74751.86,74707.87,74720.78,22377
1780393800,2026-06-02T15:20:00,74720.86,74734.81,74685.94,74694.26,41663
1780393860,2026-06-02T15:21:00,74698.65,74708.31,74687.07,74703.33,21185
1780393920,2026-06-02T15:22:00,74703.51,74723.39,74698.48,74723.39,26516
1780393980,2026-06-02T15:23:00,74724.1,74727.55,74708.14,74721.25,29323
1780394040,2026-06-02T15:24:00,74721.19,74748.51,74708.17,74737.96,24387
1780394100,2026-06-02T15:25:00,74735.69,74735.81,74710.37,74724.05,39669
1780394160,2026-06-02T15:26:00,74718.05,74720.83,74701.2,74719.52,37804
1780394220,2026-06-02T15:27:00,74722.94,74737.35,74703.0,74710.72,56665
1780394280,2026-06-02T15:28:00,74696.15,74733.15,74695.38,74716.56,50560
1780394340,2026-06-02T15:29:00,74715.91,74762.81,74707.64,74743.93,52863
1780458300,2026-06-03T09:15:00,74507.73,74507.73,74178.46,74216.13,279550
1780458360,2026-06-03T09:16:00,74200.53,74200.53,74017.35,74020.6,160637
1780458420,2026-06-03T09:17:00,74019.08,74051.92,73982.83,74020.58,124656
1780458480,2026-06-03T09:18:00,74035.55,74046.46,73981.82,73986.41,133114
1780458540,2026-06-03T09:19:00,73982.99,73987.16,73927.97,73953.12,110118
1780458600,2026-06-03T09:20:00,73953.07,73955.99,73910.13,73951.71,107106
1780458660,2026-06-03T09:21:00,73948.16,73998.89,73932.05,73946.06,101763
1780458720,2026-06-03T09:22:00,73949.08,74006.04,73948.03,73967.72,92057
1780458780,2026-06-03T09:23:00,73968.08,73968.08,73922.95,73946.04,115964
1780458840,2026-06-03T09:24:00,73955.12,73970.28,73923.28,73962.71,79408
1780458900,2026-06-03T09:25:00,73967.14,73975.02,73947.35,73960.54,76126
1780458960,2026-06-03T09:26:00,73959.48,73959.48,73891.34,73902.39,47912
1780459020,2026-06-03T09:27:00,73897.68,73899.4,73833.75,73864.67,70738
1780459080,2026-06-03T09:28:00,73862.65,73912.51,73837.9,73907.96,65908
1780459140,2026-06-03T09:29:00,73909.38,73916.89,73896.64,73909.83,63780
1780459200,2026-06-03T09:30:00,73911.3,73911.3,73842.14,73859.81,114459
1780459260,2026-06-03T09:31:00,73854.65,73939.21,73854.65,73932.03,87502
1780459320,2026-06-03T09:32:00,73927.47,73931.47,73818.6,73823.11,87619
1780459380,2026-06-03T09:33:00,73826.01,73870.59,73816.67,73843.39,42888
1780459440,2026-06-03T09:34:00,73846.77,73857.15,73778.54,73780.07,58421
1780459500,2026-06-03T09:35:00,73776.12,73806.82,73759.94,73801.72,42990
1780459560,2026-06-03T09:36:00,73800.91,73870.77,73800.91,73808.32,40120
1780459620,2026-06-03T09:37:00,73815.95,73853.95,73813.34,73846.62,25957
1780459680,2026-06-03T09:38:00,73847.0,73875.83,73840.13,73841.85,30633
1780459740,2026-06-03T09:39:00,73845.35,73861.05,73837.6,73845.89,44612
1780459800,2026-06-03T09:40:00,73845.49,73845.49,73811.21,73823.93,43291
1780459860,2026-06-03T09:41:00,73828.06,73831.19,73804.71,73810.26,42732
1780459920,2026-06-03T09:42:00,73813.77,73855.66,73809.37,73838.87,25881
1780459980,2026-06-03T09:43:00,73839.67,73853.63,73817.5,73831.4,31771
1780460040,2026-06-03T09:44:00,73822.2,73835.11,73793.74,73833.79,42123
1780460100,2026-06-03T09:45:00,73827.69,73832.05,73811.04,73812.09,35431
1780460160,2026-06-03T09:46:00,73815.55,73846.95,73794.14,73846.95,29920
1780460220,2026-06-03T09:47:00,73851.46,73851.46,73823.65,73842.42,25142
1780460280,2026-06-03T09:48:00,73840.65,73868.31,73836.77,73854.48,18880
1780460340,2026-06-03T09:49:00,73854.82,73873.38,73854.15,73860.2,27539
1780460400,2026-06-03T09:50:00,73862.42,73873.48,73850.99,73868.44,22175
1780460460,2026-06-03T09:51:00,73869.22,73910.64,73865.9,73909.8,22280
1780460520,2026-06-03T09:52:00,73910.59,73944.85,73910.59,73913.65,17308
1780460580,2026-06-03T09:53:00,73908.6,73911.28,73881.73,73881.73,27625
1780460640,2026-06-03T09:54:00,73886.52,73903.06,73789.01,73789.01,46915
1780460700,2026-06-03T09:55:00,73782.48,73785.17,73733.97,73735.22,31123
1780460760,2026-06-03T09:56:00,73731.21,73738.43,73719.36,73730.62,33250
1780460820,2026-06-03T09:57:00,73726.5,73744.38,73725.09,73738.07,23285
1780460880,2026-06-03T09:58:00,73735.75,73754.77,73735.75,73754.45,38372
1780460940,2026-06-03T09:59:00,73759.68,73850.15,73759.68,73807.66,38788
1780461000,2026-06-03T10:00:00,73808.42,73816.01,73787.6,73816.01,21645
1780461060,2026-06-03T10:01:00,73814.29,73817.05,73794.1,73797.11,38013
1780461120,2026-06-03T10:02:00,73797.98,73815.61,73797.98,73810.89,23649
1780461180,2026-06-03T10:03:00,73810.14,73845.2,73804.73,73834.63,55564
1780461240,2026-06-03T10:04:00,73838.83,73883.39,73838.83,73879.88,21379
1780461300,2026-06-03T10:05:00,73885.85,73901.47,73870.91,73874.88,27573
1780461360,2026-06-03T10:06:00,73873.42,73883.1,73862.19,73883.1,31852
1780461420,2026-06-03T10:07:00,73882.0,73910.51,73860.59,73873.06,27594
1780461480,2026-06-03T10:08:00,73873.46,73880.27,73837.59,73848.23,19834
1780461540,2026-06-03T10:09:00,73846.33,73847.61,73831.58,73837.65,19816
1780461600,2026-06-03T10:10:00,73833.33,73833.33,73770.11,73785.03,22487
1780461660,2026-06-03T10:11:00,73778.68,73811.61,73778.24,73795.8,18660
1780461720,2026-06-03T10:12:00,73798.18,73799.1,73777.21,73778.87,25959
1780461780,2026-06-03T10:13:00,73779.37,73786.85,73745.58,73764.7,30105
1780461840,2026-06-03T10:14:00,73765.73,73776.41,73751.47,73776.41,23405
1780461900,2026-06-03T10:15:00,73777.24,73807.04,73767.28,73782.23,31939
1780461960,2026-06-03T10:16:00,73781.4,73787.76,73755.68,73759.47,270506
1780462020,2026-06-03T10:17:00,73758.94,73762.17,73738.13,73755.68,31554
1780462080,2026-06-03T10:18:00,73756.03,73833.04,73756.03,73828.72,53055
1780462140,2026-06-03T10:19:00,73828.81,73869.06,73822.48,73866.73,33355
1780462200,2026-06-03T10:20:00,73866.41,73876.03,73863.79,73874.37,15250
1780462260,2026-06-03T10:21:00,73874.23,73911.84,73873.2,73906.0,20177
1780462320,2026-06-03T10:22:00,73909.51,73924.73,73905.38,73912.64,23523
1780462380,2026-06-03T10:23:00,73910.39,73912.55,73891.77,73891.77,14110
1780462440,2026-06-03T10:24:00,73890.71,73890.71,73845.24,73845.43,22476
1780462500,2026-06-03T10:25:00,73841.14,73883.87,73841.14,73870.67,42419
1780462560,2026-06-03T10:26:00,73869.94,73878.16,73848.2,73865.45,19484
1780462620,2026-06-03T10:27:00,73863.35,73867.62,73818.94,73818.94,54082
1780462680,2026-06-03T10:28:00,73817.41,73817.41,73789.09,73789.09,25498
1780462740,2026-06-03T10:29:00,73787.47,73809.8,73787.47,73809.09,15117
1780462800,2026-06-03T10:30:00,73809.84,73825.74,73800.93,73804.53,29407
1780462860,2026-06-03T10:31:00,73800.87,73804.25,73773.08,73777.84,33496
1780462920,2026-06-03T10:32:00,73777.2,73777.2,73752.49,73756.91,15107
1780462980,2026-06-03T10:33:00,73759.44,73759.44,73705.14,73705.14,33311
1780463040,2026-06-03T10:34:00,73703.1,73708.5,73696.45,73705.54,21442
1780463100,2026-06-03T10:35:00,73712.84,73737.33,73701.23,73736.48,30676
1780463160,2026-06-03T10:36:00,73731.93,73754.49,73723.17,73749.9,13877
1780463220,2026-06-03T10:37:00,73748.62,73775.22,73736.54,73775.06,15229
1780463280,2026-06-03T10:38:00,73775.21,73781.34,73759.2,73776.24,17295
1780463340,2026-06-03T10:39:00,73779.57,73783.33,73766.61,73766.61,37626
1780463400,2026-06-03T10:40:00,73766.44,73775.94,73756.44,73756.82,13485
1780463460,2026-06-03T10:41:00,73755.33,73781.26,73747.94,73776.71,66719
1780463520,2026-06-03T10:42:00,73779.0,73785.3,73768.71,73771.68,35087
1780463580,2026-06-03T10:43:00,73773.24,73804.07,73771.42,73798.33,29158
1780463640,2026-06-03T10:44:00,73797.33,73809.03,73747.57,73759.27,17553
1780463700,2026-06-03T10:45:00,73755.83,73770.78,73726.53,73770.78,14872
1780463760,2026-06-03T10:46:00,73769.79,73772.4,73748.67,73757.54,14880
1780463820,2026-06-03T10:47:00,73755.69,73784.43,73753.75,73778.98,20224
1780463880,2026-06-03T10:48:00,73780.21,73798.72,73777.12,73777.12,18138
1780463940,2026-06-03T10:49:00,73779.32,73810.79,73776.62,73810.79,9706
1780464000,2026-06-03T10:50:00,73812.0,73812.0,73789.55,73803.69,23851
1780464060,2026-06-03T10:51:00,73801.12,73812.44,73796.88,73807.41,20272
1780464120,2026-06-03T10:52:00,73805.76,73821.91,73801.86,73812.64,36935
1780464180,2026-06-03T10:53:00,73812.33,73812.58,73779.7,73779.7,15185
1780464240,2026-06-03T10:54:00,73782.74,73815.96,73779.5,73813.2,22419
1780464300,2026-06-03T10:55:00,73813.62,73818.41,73803.36,73813.16,8309
1780464360,2026-06-03T10:56:00,73813.65,73814.63,73789.55,73791.89,41997
1780464420,2026-06-03T10:57:00,73790.68,73790.68,73748.43,73749.02,36195
1780464480,2026-06-03T10:58:00,73747.04,73771.36,73731.54,73760.58,24960
1780464540,2026-06-03T10:59:00,73761.38,73770.15,73741.38,73750.5,19957
1780464600,2026-06-03T11:00:00,73749.68,73757.21,73729.45,73732.85,27916
1780464660,2026-06-03T11:01:00,73733.83,73740.11,73706.97,73740.11,35915
1780464720,2026-06-03T11:02:00,73739.21,73765.14,73739.21,73762.02,14198
1780464780,2026-06-03T11:03:00,73761.13,73766.18,73742.45,73742.45,12915
1780464840,2026-06-03T11:04:00,73747.49,73748.76,73735.97,73736.32,23288
1780464900,2026-06-03T11:05:00,73734.62,73735.85,73689.46,73702.9,29595
1780464960,2026-06-03T11:06:00,73700.45,73706.34,73685.72,73706.34,33400
1780465020,2026-06-03T11:07:00,73703.18,73710.41,73694.83,73706.56,18786
1780465080,2026-06-03T11:08:00,73705.82,73706.22,73690.73,73703.59,19950
1780465140,2026-06-03T11:09:00,73701.54,73704.3,73659.13,73659.68,37274
1780465200,2026-06-03T11:10:00,73663.85,73694.2,73663.85,73694.15,27369
1780465260,2026-06-03T11:11:00,73694.13,73706.25,73687.0,73687.0,41018
1780465320,2026-06-03T11:12:00,73687.65,73691.0,73668.12,73681.09,56429
1780465380,2026-06-03T11:13:00,73681.94,73705.65,73677.83,73697.85,43986
1780465440,2026-06-03T11:14:00,73697.85,73697.85,73671.14,73672.55,17763
1780465500,2026-06-03T11:15:00,73678.18,73691.42,73664.94,73691.42,22756
1780465560,2026-06-03T11:16:00,73688.64,73688.64,73671.71,73673.89,35766
1780465620,2026-06-03T11:17:00,73676.47,73691.87,73674.02,73688.49,16820
1780465680,2026-06-03T11:18:00,73692.12,73739.49,73692.12,73737.1,132790
1780465740,2026-06-03T11:19:00,73739.71,73749.14,73720.27,73733.58,166458
1780465800,2026-06-03T11:20:00,73736.18,73736.27,73713.46,73720.57,17778
1780465860,2026-06-03T11:21:00,73722.24,73730.1,73714.17,73726.07,23291
1780465920,2026-06-03T11:22:00,73725.44,73767.86,73715.28,73766.13,14194
1780465980,2026-06-03T11:23:00,73767.81,73798.55,73763.73,73785.17,35984
1780466040,2026-06-03T11:24:00,73784.47,73784.47,73747.18,73750.39,37952
1780466100,2026-06-03T11:25:00,73751.16,73764.89,73738.43,73764.75,45271
1780466160,2026-06-03T11:26:00,73766.39,73767.59,73742.47,73761.56,15893
1780466220,2026-06-03T11:27:00,73762.61,73783.79,73755.81,73757.25,20571
1780466280,2026-06-03T11:28:00,73755.0,73759.96,73706.85,73706.95,19518
1780466340,2026-06-03T11:29:00,73707.42,73724.09,73694.13,73716.54,10052
1780466400,2026-06-03T11:30:00,73718.63,73742.79,73718.63,73723.4,25136
1780466460,2026-06-03T11:31:00,73724.43,73725.53,73699.73,73720.53,13676
1780466520,2026-06-03T11:32:00,73720.15,73761.27,73716.36,73759.81,15528
1780466580,2026-06-03T11:33:00,73761.33,73780.74,73740.93,73744.1,17168
1780466640,2026-06-03T11:34:00,73743.29,73743.29,73720.5,73735.7,12914
1780466700,2026-06-03T11:35:00,73737.23,73742.62,73718.28,73718.28,30326
1780466760,2026-06-03T11:36:00,73722.02,73729.0,73704.51,73722.35,36424
1780466820,2026-06-03T11:37:00,73722.81,73735.85,73702.52,73702.52,32008
1780466880,2026-06-03T11:38:00,73704.45,73704.45,73680.29,73698.74,14814
1780466940,2026-06-03T11:39:00,73700.49,73703.1,73681.21,73695.09,47935
1780467000,2026-06-03T11:40:00,73700.17,73706.68,73695.9,73701.7,74060
1780467060,2026-06-03T11:41:00,73698.91,73701.75,73682.04,73687.2,91498
1780467120,2026-06-03T11:42:00,73685.5,73703.42,73671.32,73703.42,19351
1780467180,2026-06-03T11:43:00,73703.87,73732.36,73698.15,73723.01,10076
1780467240,2026-06-03T11:44:00,73723.54,73727.38,73707.34,73709.87,13106
1780467300,2026-06-03T11:45:00,73712.05,73732.27,73692.14,73732.27,12229
1780467360,2026-06-03T11:46:00,73732.24,73744.18,73701.06,73736.5,19668
1780467420,2026-06-03T11:47:00,73736.66,73738.55,73704.46,73707.22,13362
1780467480,2026-06-03T11:48:00,73708.23,73731.07,73700.17,73717.62,13330
1780467540,2026-06-03T11:49:00,73721.62,73733.61,73699.13,73701.96,17325
1780467600,2026-06-03T11:50:00,73704.77,73743.21,73703.66,73732.08,24705
1780467660,2026-06-03T11:51:00,73740.69,73740.69,73714.53,73717.71,20472
1780467720,2026-06-03T11:52:00,73718.32,73718.32,73694.22,73700.14,14995
1780467780,2026-06-03T11:53:00,73701.19,73703.64,73679.54,73690.94,25858
1780467840,2026-06-03T11:54:00,73697.27,73723.62,73696.3,73714.53,16724
1780467900,2026-06-03T11:55:00,73711.76,73720.66,73696.67,73696.67,24587
1780467960,2026-06-03T11:56:00,73696.61,73703.06,73667.48,73668.16,16198
1780468020,2026-06-03T11:57:00,73668.68,73670.13,73640.09,73649.7,20902
1780468080,2026-06-03T11:58:00,73652.2,73662.66,73650.54,73656.3,12479
1780468140,2026-06-03T11:59:00,73657.85,73658.41,73626.35,73627.47,24991
1780468200,2026-06-03T12:00:00,73625.18,73656.56,73619.61,73653.21,15408
1780468260,2026-06-03T12:01:00,73653.18,73657.14,73622.83,73624.5,17995
1780468320,2026-06-03T12:02:00,73620.38,73620.38,73553.46,73553.46,28103
1780468380,2026-06-03T12:03:00,73553.16,73569.19,73492.6,73492.72,47709
1780468440,2026-06-03T12:04:00,73494.99,73551.34,73494.5,73551.09,24490
1780468500,2026-06-03T12:05:00,73549.6,73571.17,73544.93,73558.83,37691
1780468560,2026-06-03T12:06:00,73558.83,73589.7,73549.73,73589.7,14307
1780468620,2026-06-03T12:07:00,73589.46,73595.8,73575.62,73587.71,16383
1780468680,2026-06-03T12:08:00,73589.3,73598.77,73570.8,73573.12,14147
1780468740,2026-06-03T12:09:00,73576.48,73598.82,73556.1,73597.64,72563
1780468800,2026-06-03T12:10:00,73592.64,73608.05,73586.05,73606.26,11998
1780468860,2026-06-03T12:11:00,73604.45,73611.65,73585.32,73586.95,14675
1780468920,2026-06-03T12:12:00,73589.32,73592.54,73571.33,73579.22,11413
1780468980,2026-06-03T12:13:00,73578.14,73580.61,73565.98,73571.8,71672
1780469040,2026-06-03T12:14:00,73572.13,73583.25,73572.13,73579.64,16636
1780469100,2026-06-03T12:15:00,73580.28,73590.03,73567.06,73589.83,24827
1780469160,2026-06-03T12:16:00,73589.26,73589.26,73579.32,73586.21,9921
1780469220,2026-06-03T12:17:00,73586.75,73590.75,73583.84,73589.07,26327
1780469280,2026-06-03T12:18:00,73588.6,73594.32,73584.88,73594.32,60622
1780469340,2026-06-03T12:19:00,73592.09,73598.63,73584.82,73592.23,25430
1780469400,2026-06-03T12:20:00,73596.18,73629.06,73586.48,73629.06,18793
1780469460,2026-06-03T12:21:00,73627.25,73643.49,73624.11,73643.49,37762
1780469520,2026-06-03T12:22:00,73642.11,73649.9,73632.67,73633.22,12590
1780469580,2026-06-03T12:23:00,73635.09,73635.72,73602.51,73606.67,12842
1780469640,2026-06-03T12:24:00,73609.47,73633.49,73603.95,73615.55,46030
1780469700,2026-06-03T12:25:00,73619.29,73629.42,73603.53,73612.04,14283
1780469760,2026-06-03T12:26:00,73612.35,73660.19,73605.01,73658.96,23671
1780469820,2026-06-03T12:27:00,73659.68,73660.52,73643.88,73660.52,13730
1780469880,2026-06-03T12:28:00,73665.25,73718.09,73664.39,73718.09,34261
1780469940,2026-06-03T12:29:00,73731.92,73797.82,73731.92,73773.34,129738
1780470000,2026-06-03T12:30:00,73770.44,73848.84,73770.44,73841.27,38342
1780470060,2026-06-03T12:31:00,73840.06,73906.84,73836.77,73906.84,37279
1780470120,2026-06-03T12:32:00,73900.77,73963.11,73900.77,73934.18,66200
1780470180,2026-06-03T12:33:00,73930.18,73951.32,73918.35,73950.45,91116
1780470240,2026-06-03T12:34:00,73958.66,73964.71,73939.39,73961.45,17971
1780470300,2026-06-03T12:35:00,73962.63,74058.44,73952.27,74058.44,55530
1780470360,2026-06-03T12:36:00,74063.64,74111.8,74063.64,74099.8,46174
1780470420,2026-06-03T12:37:00,74103.86,74116.51,74060.92,74060.92,37294
1780470480,2026-06-03T12:38:00,74058.83,74100.82,74058.83,74087.16,308442
1780470540,2026-06-03T12:39:00,74085.99,74085.99,74034.68,74064.15,47569
1780470600,2026-06-03T12:40:00,74060.08,74112.51,74060.08,74102.52,20738
1780470660,2026-06-03T12:41:00,74100.93,74102.28,74079.75,74090.09,17956
1780470720,2026-06-03T12:42:00,74099.17,74125.16,74095.85,74096.56,19344
1780470780,2026-06-03T12:43:00,74097.0,74132.11,74094.4,74119.24,29634
1780470840,2026-06-03T12:44:00,74119.66,74122.51,74071.23,74082.11,28073
1780470900,2026-06-03T12:45:00,74081.78,74100.11,74081.78,74095.24,82507
1780470960,2026-06-03T12:46:00,74096.57,74101.65,74088.92,74095.04,45520
1780471020,2026-06-03T12:47:00,74096.67,74098.11,74027.58,74027.58,60986
1780471080,2026-06-03T12:48:00,74030.37,74030.37,73991.79,73992.07,24662
1780471140,2026-06-03T12:49:00,73992.11,73996.84,73967.51,73995.87,43233
1780471200,2026-06-03T12:50:00,73997.05,73999.56,73960.57,73967.58,32432
1780471260,2026-06-03T12:51:00,73966.37,74036.45,73960.98,74020.15,15545
1780471320,2026-06-03T12:52:00,74016.64,74035.32,73993.35,73993.35,12034
1780471380,2026-06-03T12:53:00,73989.34,73989.59,73956.08,73959.33,27935
1780471440,2026-06-03T12:54:00,73964.13,73964.13,73910.83,73913.65,15716
1780471500,2026-06-03T12:55:00,73915.66,73954.72,73897.98,73944.91,17388
1780471560,2026-06-03T12:56:00,73946.73,73952.4,73917.17,73917.17,13821
1780471620,2026-06-03T12:57:00,73910.14,73930.18,73904.69,73930.18,16751
1780471680,2026-06-03T12:58:00,73927.6,73933.01,73920.63,73926.57,10963
1780471740,2026-06-03T12:59:00,73927.1,73966.94,73925.33,73949.62,24830
1780471800,2026-06-03T13:00:00,73950.93,73982.54,73935.8,73973.64,19379
1780471860,2026-06-03T13:01:00,73975.25,73999.46,73958.82,73999.46,16617
1780471920,2026-06-03T13:02:00,74002.15,74016.87,73990.88,73997.12,11786
1780471980,2026-06-03T13:03:00,73996.43,73999.37,73978.49,73987.33,9832
1780472040,2026-06-03T13:04:00,73987.33,73991.43,73964.35,73964.35,23067
1780472100,2026-06-03T13:05:00,73964.32,73977.91,73953.4,73954.97,15012
1780472160,2026-06-03T13:06:00,73955.88,73958.16,73921.29,73924.76,19552
1780472220,2026-06-03T13:07:00,73923.43,73974.0,73923.43,73969.94,12120
1780472280,2026-06-03T13:08:00,73968.84,73974.71,73954.97,73960.01,13134
1780472340,2026-06-03T13:09:00,73962.32,73964.4,73946.14,73953.2,9254
1780472400,2026-06-03T13:10:00,73952.33,73955.47,73926.33,73932.36,9715
1780472460,2026-06-03T13:11:00,73936.15,73939.08,73924.86,73936.75,7788
1780472520,2026-06-03T13:12:00,73947.64,73972.67,73946.79,73967.55,19316
1780472580,2026-06-03T13:13:00,73968.59,73968.59,73947.53,73958.8,9443
1780472640,2026-06-03T13:14:00,73958.8,73982.4,73957.93,73979.0,14561
1780472700,2026-06-03T13:15:00,74008.88,74048.97,74008.88,74020.98,58158
1780472760,2026-06-03T13:16:00,74020.6,74043.49,74018.14,74043.49,21716
1780472820,2026-06-03T13:17:00,74045.21,74072.21,74045.21,74066.44,12798
1780472880,2026-06-03T13:18:00,74066.56,74087.76,74065.72,74081.47,27618
1780472940,2026-06-03T13:19:00,74083.48,74085.74,74034.66,74038.34,115572
1780473000,2026-06-03T13:20:00,74039.76,74089.68,74039.76,74089.59,10518
1780473060,2026-06-03T13:21:00,74091.1,74122.01,74081.44,74081.44,41928
1780473120,2026-06-03T13:22:00,74084.8,74101.76,74084.8,74097.38,11716
1780473180,2026-06-03T13:23:00,74094.87,74118.99,74093.76,74118.99,10408
1780473240,2026-06-03T13:24:00,74118.63,74144.46,74118.63,74129.11,20413
1780473300,2026-06-03T13:25:00,74128.63,74151.36,74128.63,74147.66,13034
1780473360,2026-06-03T13:26:00,74144.19,74163.27,74135.1,74145.53,18158
1780473420,2026-06-03T13:27:00,74146.3,74157.83,74141.7,74141.7,10342
1780473480,2026-06-03T13:28:00,74142.08,74145.73,74125.01,74125.51,1690116
1780473540,2026-06-03T13:29:00,74125.36,74147.85,74122.6,74141.53,16236
1780473600,2026-06-03T13:30:00,74147.76,74165.3,74115.99,74122.99,12871
1780473660,2026-06-03T13:31:00,74122.33,74131.86,74111.23,74131.86,13739
1780473720,2026-06-03T13:32:00,74132.99,74136.32,74106.82,74106.82,16909
1780473780,2026-06-03T13:33:00,74107.33,74111.89,74085.94,74109.06,21308
1780473840,2026-06-03T13:34:00,74110.19,74134.13,74110.05,74134.13,14016
1780473900,2026-06-03T13:35:00,74131.33,74137.9,74114.19,74125.9,15113
1780473960,2026-06-03T13:36:00,74124.52,74126.13,74115.73,74122.26,20515
1780474020,2026-06-03T13:37:00,74121.79,74156.04,74119.64,74145.51,17318
1780474080,2026-06-03T13:38:00,74143.51,74155.26,74130.77,74149.99,13946
1780474140,2026-06-03T13:39:00,74149.69,74160.03,74126.4,74131.23,16155
1780474200,2026-06-03T13:40:00,74131.23,74149.85,74126.8,74143.18,56517
1780474260,2026-06-03T13:41:00,74142.2,74150.61,74135.96,74144.98,13362
1780474320,2026-06-03T13:42:00,74147.69,74157.89,74140.34,74151.41,7952
1780474380,2026-06-03T13:43:00,74150.83,74171.43,74140.48,74140.48,13828
1780474440,2026-06-03T13:44:00,74140.54,74140.64,74067.57,74070.68,29540
1780474500,2026-06-03T13:45:00,74069.91,74129.09,74069.91,74116.72,13625
1780474560,2026-06-03T13:46:00,74115.58,74205.1,74113.79,74202.75,54365
1780474620,2026-06-03T13:47:00,74204.02,74269.45,74202.05,74268.48,18783
1780474680,2026-06-03T13:48:00,74267.78,74412.27,74267.78,74379.52,63258
1780474740,2026-06-03T13:49:00,74374.59,74378.09,74305.46,74307.64,19160
1780474800,2026-06-03T13:50:00,74307.31,74318.0,74271.02,74273.71,12954
1780474860,2026-06-03T13:51:00,74273.49,74273.7,74234.75,74238.4,29356
1780474920,2026-06-03T13:52:00,74239.74,74267.27,74237.77,74266.8,18753
1780474980,2026-06-03T13:53:00,74268.19,74276.38,74233.27,74233.27,5766
1780475040,2026-06-03T13:54:00,74215.7,74258.04,74211.52,74256.78,21113
1780475100,2026-06-03T13:55:00,74257.92,74257.92,74229.97,74229.97,9747
1780475160,2026-06-03T13:56:00,74230.04,74232.64,74205.91,74206.45,10138
1780475220,2026-06-03T13:57:00,74204.76,74205.26,74153.14,74153.14,31713
1780475280,2026-06-03T13:58:00,74156.44,74196.6,74156.44,74187.27,28427
1780475340,2026-06-03T13:59:00,74185.35,74195.27,74157.32,74195.22,52969
1780475400,2026-06-03T14:00:00,74197.99,74237.29,74197.99,74224.67,13318
1780475460,2026-06-03T14:01:00,74223.13,74245.5,74212.59,74245.5,11877
1780475520,2026-06-03T14:02:00,74246.08,74256.31,74227.29,74230.6,13563
1780475580,2026-06-03T14:03:00,74230.6,74277.9,74229.3,74277.9,9125
1780475640,2026-06-03T14:04:00,74276.46,74305.08,74272.91,74305.08,18968
1780475700,2026-06-03T14:05:00,74305.08,74334.29,74302.47,74326.88,32547
1780475760,2026-06-03T14:06:00,74325.61,74335.97,74279.38,74286.44,25963
1780475820,2026-06-03T14:07:00,74283.5,74287.33,74259.77,74264.96,12753
1780475880,2026-06-03T14:08:00,74265.57,74316.98,74259.68,74313.05,19387
1780475940,2026-06-03T14:09:00,74313.31,74314.78,74274.04,74276.2,10674
1780476000,2026-06-03T14:10:00,74276.25,74302.41,74276.25,74294.8,10021
1780476060,2026-06-03T14:11:00,74289.98,74293.91,74257.4,74258.9,9658
1780476120,2026-06-03T14:12:00,74258.2,74278.84,74239.54,74261.62,16447
1780476180,2026-06-03T14:13:00,74262.97,74269.83,74253.84,74259.81,11219
1780476240,2026-06-03T14:14:00,74258.7,74278.5,74257.75,74278.05,13830
1780476300,2026-06-03T14:15:00,74276.85,74309.04,74276.85,74301.87,13406
1780476360,2026-06-03T14:16:00,74303.64,74307.78,74294.71,74297.94,11543
1780476420,2026-06-03T14:17:00,74295.63,74316.42,74290.86,74316.42,14764
1780476480,2026-06-03T14:18:00,74312.37,74325.86,74306.2,74321.16,18999
1780476540,2026-06-03T14:19:00,74322.65,74364.17,74322.65,74336.86,55894
1780476600,2026-06-03T14:20:00,74336.99,74352.52,74320.8,74349.4,15287
1780476660,2026-06-03T14:21:00,74350.58,74364.93,74343.73,74344.96,12215
1780476720,2026-06-03T14:22:00,74348.66,74383.45,74333.72,74379.34,27044
1780476780,2026-06-03T14:23:00,74382.83,74444.22,74382.83,74436.37,67539
1780476840,2026-06-03T14:24:00,74435.8,74443.17,74417.81,74425.78,30772
1780476900,2026-06-03T14:25:00,74425.99,74426.67,74381.32,74402.25,28137
1780476960,2026-06-03T14:26:00,74401.49,74406.47,74356.86,74373.11,10147
1780477020,2026-06-03T14:27:00,74376.27,74376.27,74320.78,74332.54,15585
1780477080,2026-06-03T14:28:00,74333.52,74368.99,74327.87,74366.57,10656
1780477140,2026-06-03T14:29:00,74366.42,74366.42,74336.82,74336.82,10418
1780477200,2026-06-03T14:30:00,74335.06,74358.5,74330.59,74341.64,34944
1780477260,2026-06-03T14:31:00,74341.09,74369.16,74341.09,74369.16,9967
1780477320,2026-06-03T14:32:00,74369.13,74407.07,74369.13,74382.59,15454
1780477380,2026-06-03T14:33:00,74377.52,74414.72,74370.39,74387.27,16800
1780477440,2026-06-03T14:34:00,74384.64,74408.02,74381.46,74404.86,13501
1780477500,2026-06-03T14:35:00,74404.59,74404.59,74358.47,74365.25,21453
1780477560,2026-06-03T14:36:00,74364.39,74364.39,74308.77,74312.56,29287
1780477620,2026-06-03T14:37:00,74310.25,74357.33,74306.11,74340.92,531883
1780477680,2026-06-03T14:38:00,74349.94,74370.81,74346.96,74364.97,10770
1780477740,2026-06-03T14:39:00,74366.82,74401.67,74365.6,74397.58,20107
1780477800,2026-06-03T14:40:00,74397.58,74441.26,74389.03,74438.09,26146
1780477860,2026-06-03T14:41:00,74438.96,74438.96,74407.99,74416.9,16942
1780477920,2026-06-03T14:42:00,74416.44,74439.81,74407.52,74427.44,28035
1780477980,2026-06-03T14:43:00,74427.73,74448.49,74424.15,74434.92,55629
1780478040,2026-06-03T14:44:00,74432.84,74460.98,74431.62,74443.72,49712
1780478100,2026-06-03T14:45:00,74442.33,74451.44,74403.73,74409.51,31764
1780478160,2026-06-03T14:46:00,74411.97,74430.61,74411.97,74423.38,20515
1780478220,2026-06-03T14:47:00,74424.76,74441.64,74415.64,74419.7,22338
1780478280,2026-06-03T14:48:00,74424.0,74424.0,74410.42,74417.02,16684
1780478340,2026-06-03T14:49:00,74416.71,74429.5,74412.93,74428.66,18301
1780478400,2026-06-03T14:50:00,74428.85,74437.08,74413.29,74432.53,18715
1780478460,2026-06-03T14:51:00,74433.92,74505.67,74433.92,74501.16,65955
1780478520,2026-06-03T14:52:00,74500.8,74501.17,74473.29,74492.02,36740
1780478580,2026-06-03T14:53:00,74492.52,74515.65,74475.31,74486.92,61869
1780478640,2026-06-03T14:54:00,74488.13,74497.85,74480.84,74494.91,25555
1780478700,2026-06-03T14:55:00,74493.7,74494.8,74443.36,74449.39,25050
1780478760,2026-06-03T14:56:00,74443.14,74456.35,74417.75,74456.35,33307
1780478820,2026-06-03T14:57:00,74457.0,74478.28,74456.1,74468.71,10889
1780478880,2026-06-03T14:58:00,74469.47,74469.47,74423.32,74426.7,27469
1780478940,2026-06-03T14:59:00,74424.2,74468.82,74424.2,74457.77,48915
1780479000,2026-06-03T15:00:00,74458.62,74504.24,74348.63,74369.23,76123
1780479060,2026-06-03T15:01:00,74365.07,74375.85,74310.89,74372.9,54263
1780479120,2026-06-03T15:02:00,74376.4,74402.85,74366.14,74388.58,27325
1780479180,2026-06-03T15:03:00,74386.34,74426.32,74367.16,74426.32,35523
1780479240,2026-06-03T15:04:00,74427.11,74456.53,74424.45,74434.51,26428
1780479300,2026-06-03T15:05:00,74433.84,74469.16,74414.12,74469.03,75371
1780479360,2026-06-03T15:06:00,74471.82,74476.93,74427.96,74427.96,36562
1780479420,2026-06-03T15:07:00,74430.99,74431.65,74385.43,74385.56,18775
1780479480,2026-06-03T15:08:00,74388.35,74388.35,74285.76,74285.76,37715
1780479540,2026-06-03T15:09:00,74286.68,74300.35,74269.11,74294.77,36409
1780479600,2026-06-03T15:10:00,74290.84,74297.98,74271.65,74282.95,40383
1780479660,2026-06-03T15:11:00,74284.19,74297.95,74283.27,74292.27,52309
1780479720,2026-06-03T15:12:00,74291.96,74293.65,74229.57,74236.06,27883
1780479780,2026-06-03T15:13:00,74242.25,74299.16,74236.11,74296.36,37795
1780479840,2026-06-03T15:14:00,74303.31,74315.6,74286.73,74312.61,45046
1780479900,2026-06-03T15:15:00,74313.19,74358.73,74302.92,74356.76,67212
1780479960,2026-06-03T15:16:00,74357.51,74363.38,74345.09,74348.14,54110
1780480020,2026-06-03T15:17:00,74348.52,74351.39,74327.89,74328.23,32486
1780480080,2026-06-03T15:18:00,74328.6,74351.35,74310.27,74347.87,39485
1780480140,2026-06-03T15:19:00,74342.94,74349.55,74329.95,74330.12,19333
1780480200,2026-06-03T15:20:00,74327.57,74334.07,74311.86,74331.34,33511
1780480260,2026-06-03T15:21:00,74329.7,74347.67,74326.65,74338.34,28294
1780480320,2026-06-03T15:22:00,74339.59,74353.63,74333.58,74342.76,29141
1780480380,2026-06-03T15:23:00,74344.55,74352.22,74341.34,74349.6,53884
1780480440,2026-06-03T15:24:00,74349.74,74351.6,74330.06,74330.06,37917
1780480500,2026-06-03T15:25:00,74335.79,74361.18,74332.43,74344.63,75077
1780480560,2026-06-03T15:26:00,74346.3,74346.71,74312.33,74316.15,39198
1780480620,2026-06-03T15:27:00,74316.97,74317.87,74287.24,74302.03,38588
1780480680,2026-06-03T15:28:00,74301.07,74334.54,74297.32,74324.39,34133
1780480740,2026-06-03T15:29:00,74317.56,74345.7,74296.15,74319.7,45004
1780544700,2026-06-04T09:15:00,73935.83,74041.04,73807.3,73914.8,246826
1780544760,2026-06-04T09:16:00,73891.64,74100.38,73878.99,74090.97,157791
1780544820,2026-06-04T09:17:00,74091.93,74110.53,74043.92,74092.16,116881
1780544880,2026-06-04T09:18:00,74089.05,74229.8,74079.86,74164.49,137432
1780544940,2026-06-04T09:19:00,74168.33,74192.85,74143.31,74144.17,81968
1780545000,2026-06-04T09:20:00,74148.2,74150.42,74085.78,74150.42,120974
1780545060,2026-06-04T09:21:00,74151.43,74185.08,74091.3,74095.83,133766
1780545120,2026-06-04T09:22:00,74090.64,74125.91,74060.66,74115.71,724871
1780545180,2026-06-04T09:23:00,74112.72,74134.47,74088.52,74133.82,75193
1780545240,2026-06-04T09:24:00,74133.94,74163.98,74117.69,74125.15,94895
1780545300,2026-06-04T09:25:00,74123.94,74141.4,74105.89,74124.49,110994
1780545360,2026-06-04T09:26:00,74128.56,74183.38,74103.18,74111.81,116055
1780545420,2026-06-04T09:27:00,74105.39,74150.84,74096.43,74121.63,457411
1780545480,2026-06-04T09:28:00,74129.97,74161.57,74096.34,74161.57,72470
1780545540,2026-06-04T09:29:00,74167.02,74168.24,74083.55,74121.95,116103
1780545600,2026-06-04T09:30:00,74119.63,74121.93,74074.02,74090.05,80471
1780545660,2026-06-04T09:31:00,74089.58,74119.94,74016.58,74083.24,79764
1780545720,2026-06-04T09:32:00,74084.93,74107.71,74077.05,74092.9,38038
1780545780,2026-06-04T09:33:00,74095.82,74114.18,74092.83,74106.32,39456
1780545840,2026-06-04T09:34:00,74103.9,74105.55,74071.95,74097.96,40571
1780545900,2026-06-04T09:35:00,74102.29,74107.0,74080.18,74103.66,30463
1780545960,2026-06-04T09:36:00,74107.58,74199.55,74101.64,74199.55,43734
1780546020,2026-06-04T09:37:00,74204.43,74216.05,74189.57,74193.14,43155
1780546080,2026-06-04T09:38:00,74193.09,74199.4,74125.54,74128.65,30057
1780546140,2026-06-04T09:39:00,74123.73,74123.98,74082.58,74082.58,35094
1780546200,2026-06-04T09:40:00,74078.79,74085.55,74037.6,74043.23,42574
1780546260,2026-06-04T09:41:00,74044.83,74093.82,74038.97,74093.82,37897
1780546320,2026-06-04T09:42:00,74093.42,74131.62,74090.0,74129.41,43080
1780546380,2026-06-04T09:43:00,74135.11,74165.01,74091.97,74163.76,50668
1780546440,2026-06-04T09:44:00,74163.18,74179.57,74152.44,74169.91,71333
1780546500,2026-06-04T09:45:00,74167.82,74245.93,74167.82,74243.44,91893
1780546560,2026-06-04T09:46:00,74242.06,74269.27,74238.87,74247.64,114324
1780546620,2026-06-04T09:47:00,74244.37,74253.25,74200.89,74247.47,40716
1780546680,2026-06-04T09:48:00,74246.68,74288.24,74243.54,74286.91,66898
1780546740,2026-06-04T09:49:00,74283.46,74321.83,74277.94,74278.06,68876
1780546800,2026-06-04T09:50:00,74277.38,74277.82,74238.95,74262.58,86083
1780546860,2026-06-04T09:51:00,74261.92,74301.72,74254.7,74287.88,55730
1780546920,2026-06-04T09:52:00,74287.73,74287.96,74246.11,74281.21,27274
1780546980,2026-06-04T09:53:00,74281.33,74290.08,74259.13,74266.38,22751
1780547040,2026-06-04T09:54:00,74267.63,74310.35,74267.63,74308.59,28000
1780547100,2026-06-04T09:55:00,74307.34,74335.48,74298.1,74335.48,161372
1780547160,2026-06-04T09:56:00,74336.57,74390.22,74336.57,74390.22,46301
1780547220,2026-06-04T09:57:00,74392.55,74478.16,74392.55,74438.34,82456
1780547280,2026-06-04T09:58:00,74436.15,74444.0,74375.73,74375.73,52657
1780547340,2026-06-04T09:59:00,74372.87,74376.68,74338.79,74366.33,63725
1780547400,2026-06-04T10:00:00,74364.61,74368.19,74306.75,74348.82,63319
1780547460,2026-06-04T10:01:00,74347.4,74361.08,74337.36,74347.92,81866
1780547520,2026-06-04T10:02:00,74346.52,74400.94,74337.1,74363.63,60837
1780547580,2026-06-04T10:03:00,74365.79,74406.64,74363.51,74381.33,42834
1780547640,2026-06-04T10:04:00,74384.78,74423.38,74381.08,74404.77,81777
1780547700,2026-06-04T10:05:00,74402.59,74430.0,74401.37,74423.01,85094
1780547760,2026-06-04T10:06:00,74419.65,74448.58,74419.65,74448.58,40090
1780547820,2026-06-04T10:07:00,74454.22,74455.53,74430.59,74433.63,27315
1780547880,2026-06-04T10:08:00,74433.9,74449.63,74431.23,74441.0,88642
1780547940,2026-06-04T10:09:00,74439.01,74467.01,74420.78,74420.78,51058
1780548000,2026-06-04T10:10:00,74420.79,74466.19,74418.14,74466.19,40339
1780548060,2026-06-04T10:11:00,74464.14,74469.29,74427.35,74427.35,49861
1780548120,2026-06-04T10:12:00,74428.39,74448.12,74410.5,74441.18,34042
1780548180,2026-06-04T10:13:00,74440.93,74441.81,74389.13,74398.64,37796
1780548240,2026-06-04T10:14:00,74402.4,74429.03,74382.9,74405.37,94993
1780548300,2026-06-04T10:15:00,74407.94,74449.15,74407.7,74433.29,51496
1780548360,2026-06-04T10:16:00,74429.42,74430.65,74359.3,74373.78,67299
1780548420,2026-06-04T10:17:00,74375.18,74422.86,74375.18,74422.86,91792
1780548480,2026-06-04T10:18:00,74423.88,74471.23,74418.05,74471.23,48391
1780548540,2026-06-04T10:19:00,74473.73,74473.73,74442.55,74471.41,53862
1780548600,2026-06-04T10:20:00,74471.6,74473.46,74442.99,74467.35,28472
1780548660,2026-06-04T10:21:00,74467.1,74480.66,74444.33,74453.87,229692
1780548720,2026-06-04T10:22:00,74451.28,74468.85,74434.8,74463.55,46496
1780548780,2026-06-04T10:23:00,74462.26,74472.14,74451.04,74453.13,83331
1780548840,2026-06-04T10:24:00,74453.24,74476.08,74446.34,74474.47,146050
1780548900,2026-06-04T10:25:00,74473.18,74479.53,74463.82,74468.03,68844
1780548960,2026-06-04T10:26:00,74469.68,74480.75,74457.73,74465.38,70377
1780549020,2026-06-04T10:27:00,74463.2,74463.81,74422.9,74422.9,38077
1780549080,2026-06-04T10:28:00,74415.93,74423.4,74388.19,74409.37,62954
1780549140,2026-06-04T10:29:00,74403.82,74421.84,74391.84,74391.84,29961
1780549200,2026-06-04T10:30:00,74394.53,74414.34,74381.47,74388.56,42826
1780549260,2026-06-04T10:31:00,74382.04,74398.04,74335.27,74347.25,47327
1780549320,2026-06-04T10:32:00,74347.39,74356.0,74331.44,74339.2,64097
1780549380,2026-06-04T10:33:00,74336.1,74348.65,74289.22,74305.05,345179
1780549440,2026-06-04T10:34:00,74308.78,74316.48,74279.62,74281.13,57688
1780549500,2026-06-04T10:35:00,74276.98,74283.1,74259.07,74274.55,79293
1780549560,2026-06-04T10:36:00,74280.35,74332.77,74272.46,74327.88,42046
1780549620,2026-06-04T10:37:00,74325.04,74325.36,74235.57,74246.37,56751
1780549680,2026-06-04T10:38:00,74248.72,74281.69,74236.65,74281.51,26151
1780549740,2026-06-04T10:39:00,74281.15,74290.33,74266.42,74285.36,18100
1780549800,2026-06-04T10:40:00,74286.93,74321.04,74282.89,74321.04,31191
1780549860,2026-06-04T10:41:00,74316.08,74345.51,74316.08,74328.75,26461
1780549920,2026-06-04T10:42:00,74332.87,74332.87,74293.42,74326.37,35979
1780549980,2026-06-04T10:43:00,74325.91,74326.45,74291.1,74308.2,27372
1780550040,2026-06-04T10:44:00,74307.5,74358.15,74296.17,74344.33,15897
1780550100,2026-06-04T10:45:00,74347.0,74397.94,74341.7,74397.47,37155
1780550160,2026-06-04T10:46:00,74399.0,74457.83,74399.0,74457.83,57515
1780550220,2026-06-04T10:47:00,74467.19,74467.19,74438.33,74452.89,51570
1780550280,2026-06-04T10:48:00,74454.23,74454.23,74394.07,74394.07,35988
1780550340,2026-06-04T10:49:00,74390.76,74410.2,74366.71,74410.2,53368
1780550400,2026-06-04T10:50:00,74413.29,74431.72,74413.29,74417.5,43499
1780550460,2026-06-04T10:51:00,74417.05,74417.05,74367.09,74383.4,21460
1780550520,2026-06-04T10:52:00,74384.48,74385.52,74372.35,74383.48,38758
1780550580,2026-06-04T10:53:00,74381.96,74394.98,74372.87,74390.71,26629
1780550640,2026-06-04T10:54:00,74392.99,74410.2,74392.99,74399.81,13331
1780550700,2026-06-04T10:55:00,74399.44,74425.21,74399.44,74418.59,35751
1780550760,2026-06-04T10:56:00,74418.59,74436.32,74411.47,74428.88,35631
1780550820,2026-06-04T10:57:00,74429.3,74434.86,74417.94,74432.89,16311
1780550880,2026-06-04T10:58:00,74431.32,74439.54,74420.01,74433.47,16970
1780550940,2026-06-04T10:59:00,74439.79,74443.8,74396.83,74411.36,42814
1780551000,2026-06-04T11:00:00,74406.52,74425.94,74406.52,74417.63,22971
1780551060,2026-06-04T11:01:00,74414.42,74428.12,74409.43,74411.15,32837
1780551120,2026-06-04T11:02:00,74417.48,74418.4,74372.78,74372.8,535232
1780551180,2026-06-04T11:03:00,74373.21,74376.33,74296.02,74296.02,41408
1780551240,2026-06-04T11:04:00,74296.88,74345.59,74291.42,74326.01,530496
1780551300,2026-06-04T11:05:00,74323.71,74334.29,74294.26,74310.06,18739
1780551360,2026-06-04T11:06:00,74309.31,74310.68,74255.7,74262.28,24924
1780551420,2026-06-04T11:07:00,74263.04,74293.09,74258.83,74293.09,16495
1780551480,2026-06-04T11:08:00,74291.12,74311.4,74273.36,74274.1,30015
1780551540,2026-06-04T11:09:00,74274.38,74281.45,74267.79,74277.94,16969
1780551600,2026-06-04T11:10:00,74277.94,74282.93,74267.93,74273.94,12680
1780551660,2026-06-04T11:11:00,74276.08,74304.42,74276.08,74293.1,43389
1780551720,2026-06-04T11:12:00,74296.92,74296.92,74267.02,74267.24,12987
1780551780,2026-06-04T11:13:00,74267.05,74331.09,74264.45,74330.51,23325
1780551840,2026-06-04T11:14:00,74331.3,74340.07,74298.73,74324.58,9730
1780551900,2026-06-04T11:15:00,74329.39,74337.46,74319.93,74327.25,17836
1780551960,2026-06-04T11:16:00,74326.73,74326.73,74309.28,74310.21,14784
1780552020,2026-06-04T11:17:00,74312.17,74333.98,74309.62,74332.75,93416
1780552080,2026-06-04T11:18:00,74332.95,74337.24,74313.24,74313.24,42491
1780552140,2026-06-04T11:19:00,74314.64,74314.64,74287.82,74288.99,108462
1780552200,2026-06-04T11:20:00,74287.98,74295.89,74279.53,74294.19,17900
1780552260,2026-06-04T11:21:00,74289.18,74289.18,74264.49,74283.26,22634
1780552320,2026-06-04T11:22:00,74282.95,74315.04,74282.86,74287.64,26501
1780552380,2026-06-04T11:23:00,74286.91,74289.44,74260.29,74281.76,44897
1780552440,2026-06-04T11:24:00,74287.21,74304.44,74285.49,74303.65,21078
1780552500,2026-06-04T11:25:00,74307.19,74316.32,74290.02,74292.0,122996
1780552560,2026-06-04T11:26:00,74282.44,74287.22,74266.06,74271.26,42697
1780552620,2026-06-04T11:27:00,74275.91,74308.99,74269.83,74308.99,73381
1780552680,2026-06-04T11:28:00,74300.18,74335.07,74293.67,74294.23,33242
1780552740,2026-06-04T11:29:00,74294.16,74314.67,74276.64,74306.11,65431
1780552800,2026-06-04T11:30:00,74303.74,74305.82,74270.13,74271.77,35800
1780552860,2026-06-04T11:31:00,74276.33,74294.41,74246.24,74246.24,123578
1780552920,2026-06-04T11:32:00,74231.84,74267.49,74196.74,74265.0,58704
1780552980,2026-06-04T11:33:00,74267.77,74302.89,74264.38,74302.89,23626
1780553040,2026-06-04T11:34:00,74302.15,74340.8,74301.13,74340.8,14746
1780553100,2026-06-04T11:35:00,74339.43,74390.64,74319.58,74370.95,27869
1780553160,2026-06-04T11:36:00,74371.09,74420.25,74366.89,74417.35,24328
1780553220,2026-06-04T11:37:00,74414.49,74481.2,74414.49,74473.87,31899
1780553280,2026-06-04T11:38:00,74482.9,74485.6,74447.44,74461.52,30571
1780553340,2026-06-04T11:39:00,74468.05,74494.43,74456.18,74493.53,16583
1780553400,2026-06-04T11:40:00,74492.51,74501.17,74477.4,74488.84,30881
1780553460,2026-06-04T11:41:00,74485.91,74503.07,74484.28,74503.07,30021
1780553520,2026-06-04T11:42:00,74509.36,74544.24,74509.36,74537.03,54284
1780553580,2026-06-04T11:43:00,74538.63,74538.77,74489.57,74511.7,22058
1780553640,2026-06-04T11:44:00,74512.6,74512.6,74468.51,74468.51,16204
1780553700,2026-06-04T11:45:00,74472.13,74491.67,74464.67,74486.81,20211
1780553760,2026-06-04T11:46:00,74489.49,74494.43,74471.37,74482.55,48923
1780553820,2026-06-04T11:47:00,74484.6,74484.6,74447.83,74456.07,17339
1780553880,2026-06-04T11:48:00,74456.01,74475.21,74451.3,74457.42,40845
1780553940,2026-06-04T11:49:00,74456.69,74466.39,74452.59,74462.51,12514
1780554000,2026-06-04T11:50:00,74462.32,74463.31,74430.67,74459.16,25344
1780554060,2026-06-04T11:51:00,74454.06,74454.21,74437.42,74438.12,519950
1780554120,2026-06-04T11:52:00,74440.39,74464.5,74432.61,74432.61,21384
1780554180,2026-06-04T11:53:00,74431.37,74431.37,74376.0,74386.56,48169
1780554240,2026-06-04T11:54:00,74380.25,74380.25,74319.1,74345.92,35668
1780554300,2026-06-04T11:55:00,74342.15,74362.22,74307.54,74362.02,19093
1780554360,2026-06-04T11:56:00,74362.02,74389.69,74362.02,74383.45,160052
1780554420,2026-06-04T11:57:00,74382.6,74426.02,74382.1,74396.74,34499
1780554480,2026-06-04T11:58:00,74395.88,74410.89,74391.22,74396.78,14124
1780554540,2026-06-04T11:59:00,74396.67,74404.98,74389.4,74390.02,22911
1780554600,2026-06-04T12:00:00,74395.44,74439.43,74386.89,74439.43,33980
1780554660,2026-06-04T12:01:00,74438.8,74444.15,74397.64,74409.52,22090
1780554720,2026-06-04T12:02:00,74408.23,74427.59,74405.31,74425.92,16126
1780554780,2026-06-04T12:03:00,74424.66,74459.78,74423.4,74459.78,16098
1780554840,2026-06-04T12:04:00,74465.43,74467.22,74435.33,74435.72,38140
1780554900,2026-06-04T12:05:00,74432.7,74462.63,74429.0,74459.8,31035
1780554960,2026-06-04T12:06:00,74460.3,74467.25,74435.23,74438.19,21979
1780555020,2026-06-04T12:07:00,74438.17,74462.5,74437.18,74460.93,108952
1780555080,2026-06-04T12:08:00,74463.87,74483.96,74457.92,74463.07,40351
1780555140,2026-06-04T12:09:00,74462.94,74495.02,74462.69,74479.5,31670
1780555200,2026-06-04T12:10:00,74485.29,74499.33,74468.44,74477.69,39168
1780555260,2026-06-04T12:11:00,74477.98,74484.56,74455.44,74472.49,29774
1780555320,2026-06-04T12:12:00,74471.33,74480.13,74431.67,74431.67,21668
1780555380,2026-06-04T12:13:00,74433.5,74458.73,74423.59,74458.24,20515
1780555440,2026-06-04T12:14:00,74459.57,74482.96,74442.92,74466.07,14653
1780555500,2026-06-04T12:15:00,74465.06,74472.76,74437.98,74449.95,12093
1780555560,2026-06-04T12:16:00,74449.95,74492.83,74447.86,74492.83,12150
1780555620,2026-06-04T12:17:00,74493.48,74493.48,74450.72,74455.43,22683
1780555680,2026-06-04T12:18:00,74446.01,74469.71,74426.74,74427.29,8376
1780555740,2026-06-04T12:19:00,74427.65,74441.76,74423.33,74426.71,14490
1780555800,2026-06-04T12:20:00,74424.86,74447.36,74413.54,74430.26,11782
1780555860,2026-06-04T12:21:00,74432.79,74435.9,74388.71,74413.86,9986
1780555920,2026-06-04T12:22:00,74414.87,74425.1,74400.31,74408.49,9431
1780555980,2026-06-04T12:23:00,74409.64,74434.51,74406.35,74420.43,13617
1780556040,2026-06-04T12:24:00,74417.75,74418.3,74405.4,74408.0,23355
1780556100,2026-06-04T12:25:00,74406.53,74433.49,74406.46,74424.41,151438
1780556160,2026-06-04T12:26:00,74419.09,74419.09,74388.6,74408.0,43347
1780556220,2026-06-04T12:27:00,74409.81,74418.95,74391.24,74416.83,18115
1780556280,2026-06-04T12:28:00,74416.45,74416.58,74388.39,74388.39,110467
1780556340,2026-06-04T12:29:00,74391.46,74427.75,74388.53,74425.48,9532
1780556400,2026-06-04T12:30:00,74425.13,74425.64,74397.63,74407.23,34768
1780556460,2026-06-04T12:31:00,74407.19,74409.95,74368.08,74381.0,14557
1780556520,2026-06-04T12:32:00,74381.56,74381.56,74347.2,74362.37,11766
1780556580,2026-06-04T12:33:00,74364.19,74364.19,74316.74,74324.43,35136
1780556640,2026-06-04T12:34:00,74323.78,74325.17,74308.24,74316.58,14142
1780556700,2026-06-04T12:35:00,74316.05,74317.74,74266.63,74291.7,154923
1780556760,2026-06-04T12:36:00,74291.99,74300.27,74268.53,74271.05,16888
1780556820,2026-06-04T12:37:00,74270.29,74276.74,74254.89,74272.24,118915
1780556880,2026-06-04T12:38:00,74272.95,74287.62,74266.27,74283.09,12922
1780556940,2026-06-04T12:39:00,74282.98,74309.15,74279.15,74309.15,17205
1780557000,2026-06-04T12:40:00,74306.95,74328.47,74306.73,74316.74,12906
1780557060,2026-06-04T12:41:00,74317.5,74317.5,74304.69,74308.72,13649
1780557120,2026-06-04T12:42:00,74308.71,74314.97,74299.83,74305.54,10598
1780557180,2026-06-04T12:43:00,74303.94,74304.28,74285.73,74288.93,28693
1780557240,2026-06-04T12:44:00,74289.62,74299.63,74276.38,74277.57,23842
1780557300,2026-06-04T12:45:00,74273.56,74285.61,74268.67,74272.11,26359
1780557360,2026-06-04T12:46:00,74271.37,74328.25,74261.63,74328.25,23231
1780557420,2026-06-04T12:47:00,74329.65,74329.65,74300.5,74312.66,10678
1780557480,2026-06-04T12:48:00,74317.06,74325.2,74270.66,74272.39,14366
1780557540,2026-06-04T12:49:00,74272.71,74306.76,74267.78,74305.13,9295
1780557600,2026-06-04T12:50:00,74305.73,74315.49,74300.78,74306.55,18840
1780557660,2026-06-04T12:51:00,74305.81,74308.62,74297.16,74300.47,39550
1780557720,2026-06-04T12:52:00,74302.45,74314.91,74291.8,74300.66,12149
1780557780,2026-06-04T12:53:00,74297.9,74319.95,74292.73,74318.78,15979
1780557840,2026-06-04T12:54:00,74318.33,74328.07,74313.49,74328.07,13443
1780557900,2026-06-04T12:55:00,74327.48,74347.85,74327.04,74347.85,7969
1780557960,2026-06-04T12:56:00,74349.14,74359.99,74339.26,74358.26,166590
1780558020,2026-06-04T12:57:00,74357.65,74360.25,74327.82,74328.48,5696
1780558080,2026-06-04T12:58:00,74327.01,74349.63,74323.3,74348.13,13945
1780558140,2026-06-04T12:59:00,74348.13,74358.84,74344.67,74358.84,8191
1780558200,2026-06-04T13:00:00,74358.87,74364.64,74340.05,74340.05,6441
1780558260,2026-06-04T13:01:00,74338.64,74366.11,74330.38,74363.19,23008
1780558320,2026-06-04T13:02:00,74357.94,74373.76,74355.89,74365.82,15788
1780558380,2026-06-04T13:03:00,74367.48,74390.49,74364.22,74384.61,10860
1780558440,2026-06-04T13:04:00,74382.36,74386.55,74364.44,74364.44,19947
1780558500,2026-06-04T13:05:00,74364.44,74364.44,74294.17,74304.42,44475
1780558560,2026-06-04T13:06:00,74306.39,74306.39,74264.69,74278.28,16240
1780558620,2026-06-04T13:07:00,74280.88,74298.0,74280.88,74291.95,14642
1780558680,2026-06-04T13:08:00,74291.67,74323.36,74284.72,74318.28,16191
1780558740,2026-06-04T13:09:00,74318.71,74335.14,74312.48,74329.51,22278
1780558800,2026-06-04T13:10:00,74329.8,74343.89,74325.42,74331.99,18548
1780558860,2026-06-04T13:11:00,74329.13,74329.13,74270.63,74275.45,39427
1780558920,2026-06-04T13:12:00,74275.96,74278.75,74215.71,74243.23,54103
1780558980,2026-06-04T13:13:00,74242.58,74248.76,74210.9,74211.33,18381
1780559040,2026-06-04T13:14:00,74211.39,74211.53,74107.76,74109.26,61886
1780559100,2026-06-04T13:15:00,74105.44,74105.44,74037.37,74068.24,58697
1780559160,2026-06-04T13:16:00,74066.22,74086.09,74044.62,74085.0,23711
1780559220,2026-06-04T13:17:00,74086.55,74138.43,74086.55,74138.43,16649
1780559280,2026-06-04T13:18:00,74138.08,74138.08,74097.77,74108.11,217772
1780559340,2026-06-04T13:19:00,74105.49,74151.1,74096.47,74145.77,39985
1780559400,2026-06-04T13:20:00,74144.77,74189.07,74140.65,74140.65,28708
1780559460,2026-06-04T13:21:00,74133.16,74133.16,74093.44,74099.17,30965
1780559520,2026-06-04T13:22:00,74103.15,74143.06,74103.15,74141.25,17138
1780559580,2026-06-04T13:23:00,74140.42,74172.44,74140.42,74165.05,27415
1780559640,2026-06-04T13:24:00,74164.97,74174.27,74147.57,74167.51,13463
1780559700,2026-06-04T13:25:00,74165.96,74171.8,74132.32,74132.7,17876
1780559760,2026-06-04T13:26:00,74129.33,74199.75,74129.33,74186.89,13704
1780559820,2026-06-04T13:27:00,74186.53,74208.68,74162.84,74204.68,14256
1780559880,2026-06-04T13:28:00,74205.03,74205.03,74145.02,74171.53,36033
1780559940,2026-06-04T13:29:00,74169.35,74197.69,74165.63,74167.79,14583
1780560000,2026-06-04T13:30:00,74168.27,74172.23,74143.02,74147.92,9321
1780560060,2026-06-04T13:31:00,74143.94,74156.89,74132.92,74144.99,11373
1780560120,2026-06-04T13:32:00,74144.63,74189.45,74144.63,74171.62,19287
1780560180,2026-06-04T13:33:00,74173.4,74192.71,74168.14,74182.42,9319
1780560240,2026-06-04T13:34:00,74182.12,74194.6,74162.72,74194.6,16195
1780560300,2026-06-04T13:35:00,74192.34,74203.22,74176.43,74182.16,14010
1780560360,2026-06-04T13:36:00,74178.81,74203.4,74174.0,74203.4,31520
1780560420,2026-06-04T13:37:00,74201.53,74213.25,74182.16,74188.51,7704
1780560480,2026-06-04T13:38:00,74185.76,74208.85,74180.21,74206.28,7534
1780560540,2026-06-04T13:39:00,74211.15,74217.22,74198.5,74207.85,14177
1780560600,2026-06-04T13:40:00,74207.75,74216.05,74193.28,74200.76,9643
1780560660,2026-06-04T13:41:00,74197.39,74199.29,74159.15,74159.31,10028
1780560720,2026-06-04T13:42:00,74158.42,74159.09,74118.41,74139.75,71146
1780560780,2026-06-04T13:43:00,74142.4,74180.21,74136.07,74179.38,66732
1780560840,2026-06-04T13:44:00,74179.38,74179.38,74145.46,74152.26,20294
1780560900,2026-06-04T13:45:00,74151.84,74163.54,74134.86,74154.05,9461
1780560960,2026-06-04T13:46:00,74154.05,74165.54,74145.94,74165.54,6785
1780561020,2026-06-04T13:47:00,74165.54,74166.58,74145.45,74163.15,23051
1780561080,2026-06-04T13:48:00,74162.98,74190.16,74159.67,74188.78,26805
1780561140,2026-06-04T13:49:00,74189.06,74214.45,74179.69,74186.26,24833
1780561200,2026-06-04T13:50:00,74185.54,74205.39,74167.08,74167.08,9151
1780561260,2026-06-04T13:51:00,74167.05,74171.22,74148.61,74151.56,10774
1780561320,2026-06-04T13:52:00,74151.56,74160.99,74126.74,74160.99,7914
1780561380,2026-06-04T13:53:00,74162.39,74201.24,74151.9,74160.53,10656
1780561440,2026-06-04T13:54:00,74162.33,74228.98,74159.13,74172.99,156151
1780561500,2026-06-04T13:55:00,74166.5,74178.33,74141.98,74168.48,108366
1780561560,2026-06-04T13:56:00,74168.04,74173.24,74136.25,74137.78,21164
1780561620,2026-06-04T13:57:00,74138.49,74176.07,74138.49,74154.29,8347
1780561680,2026-06-04T13:58:00,74153.6,74198.74,74151.11,74196.75,11098
1780561740,2026-06-04T13:59:00,74197.04,74228.18,74194.61,74195.71,15876
1780561800,2026-06-04T14:00:00,74203.79,74315.27,74201.37,74315.27,35201
1780561860,2026-06-04T14:01:00,74322.9,74366.87,74300.91,74332.16,24687
1780561920,2026-06-04T14:02:00,74323.62,74379.34,74321.14,74371.69,189370
1780561980,2026-06-04T14:03:00,74364.19,74364.19,74287.42,74287.42,63537
1780562040,2026-06-04T14:04:00,74284.29,74324.81,74263.92,74323.87,201708
1780562100,2026-06-04T14:05:00,74322.37,74365.94,74321.64,74365.94,44307
1780562160,2026-06-04T14:06:00,74364.28,74364.28,74340.34,74351.62,10923
1780562220,2026-06-04T14:07:00,74352.09,74352.45,74312.49,74348.33,16045
1780562280,2026-06-04T14:08:00,74347.57,74360.67,74301.45,74349.49,12738
1780562340,2026-06-04T14:09:00,74360.12,74377.79,74334.68,74374.93,28079
1780562400,2026-06-04T14:10:00,74383.86,74413.94,74370.24,74377.35,22599
1780562460,2026-06-04T14:11:00,74377.35,74377.35,74361.2,74363.37,8403
1780562520,2026-06-04T14:12:00,74367.56,74369.78,74340.71,74348.94,15592
1780562580,2026-06-04T14:13:00,74348.3,74366.3,74341.34,74354.45,20118
1780562640,2026-06-04T14:14:00,74354.4,74362.64,74317.51,74317.9,33749
1780562700,2026-06-04T14:15:00,74322.51,74386.65,74322.51,74378.14,37008
1780562760,2026-06-04T14:16:00,74376.1,74379.37,74370.18,74378.45,10095
1780562820,2026-06-04T14:17:00,74378.15,74389.71,74347.34,74379.05,41956
1780562880,2026-06-04T14:18:00,74379.96,74386.9,74373.99,74378.78,8988
1780562940,2026-06-04T14:19:00,74375.63,74382.18,74327.03,74347.88,161366
1780563000,2026-06-04T14:20:00,74347.52,74407.43,74347.52,74368.49,175187
1780563060,2026-06-04T14:21:00,74368.49,74368.49,74353.56,74359.9,20646
1780563120,2026-06-04T14:22:00,74358.31,74358.31,74326.31,74329.87,14907
1780563180,2026-06-04T14:23:00,74326.74,74351.1,74325.3,74344.09,18323
1780563240,2026-06-04T14:24:00,74340.62,74345.73,74333.47,74344.39,10089
1780563300,2026-06-04T14:25:00,74339.49,74367.21,74339.49,74354.58,13267
1780563360,2026-06-04T14:26:00,74358.89,74389.89,74351.16,74383.9,17850
1780563420,2026-06-04T14:27:00,74383.14,74386.1,74374.6,74381.78,9566
1780563480,2026-06-04T14:28:00,74381.78,74381.78,74361.73,74367.48,17378
1780563540,2026-06-04T14:29:00,74364.42,74375.86,74358.11,74372.21,17772
1780563600,2026-06-04T14:30:00,74376.14,74434.03,74357.26,74431.45,31640
1780563660,2026-06-04T14:31:00,74431.45,74445.73,74396.69,74417.4,70649
1780563720,2026-06-04T14:32:00,74415.34,74424.22,74403.95,74424.22,15218
1780563780,2026-06-04T14:33:00,74425.44,74425.44,74377.09,74415.84,20930
1780563840,2026-06-04T14:34:00,74418.54,74439.97,74416.67,74419.33,15882
1780563900,2026-06-04T14:35:00,74417.64,74462.48,74411.87,74461.95,15224
1780563960,2026-06-04T14:36:00,74463.11,74464.73,74432.0,74436.01,20530
1780564020,2026-06-04T14:37:00,74436.92,74452.78,74415.13,74424.75,42505
1780564080,2026-06-04T14:38:00,74428.85,74485.4,74428.1,74483.6,64305
1780564140,2026-06-04T14:39:00,74483.23,74486.78,74461.44,74473.28,12938
1780564200,2026-06-04T14:40:00,74477.11,74480.59,74442.06,74459.1,14405
1780564260,2026-06-04T14:41:00,74462.65,74474.32,74457.6,74459.05,15925
1780564320,2026-06-04T14:42:00,74459.31,74476.51,74440.49,74468.85,18155
1780564380,2026-06-04T14:43:00,74469.03,74469.03,74437.05,74445.39,13533
1780564440,2026-06-04T14:44:00,74445.39,74445.39,74431.47,74431.74,12373
1780564500,2026-06-04T14:45:00,74432.11,74436.26,74406.75,74409.0,13373
1780564560,2026-06-04T14:46:00,74409.41,74520.12,74409.41,74500.72,41438
1780564620,2026-06-04T14:47:00,74500.72,74500.72,74474.08,74488.43,34778
1780564680,2026-06-04T14:48:00,74487.48,74488.45,74460.47,74477.73,11848
1780564740,2026-06-04T14:49:00,74477.06,74478.22,74426.31,74438.81,10642
1780564800,2026-06-04T14:50:00,74436.43,74458.15,74435.36,74436.53,15451
1780564860,2026-06-04T14:51:00,74437.62,74453.88,74391.02,74392.1,18389
1780564920,2026-06-04T14:52:00,74392.12,74411.58,74346.81,74400.89,24556
1780564980,2026-06-04T14:53:00,74395.47,74395.47,74352.05,74353.16,15660
1780565040,2026-06-04T14:54:00,74352.84,74366.31,74331.9,74335.94,15511
1780565100,2026-06-04T14:55:00,74334.88,74368.29,74331.55,74368.04,10783
1780565160,2026-06-04T14:56:00,74369.69,74374.36,74356.92,74368.27,11482
1780565220,2026-06-04T14:57:00,74369.95,74369.95,74343.76,74363.22,15824
1780565280,2026-06-04T14:58:00,74363.89,74367.69,74305.31,74327.09,31002
1780565340,2026-06-04T14:59:00,74333.29,74379.11,74332.97,74379.11,34722
1780565400,2026-06-04T15:00:00,74372.52,74378.54,74268.93,74276.55,78413
1780565460,2026-06-04T15:01:00,74277.57,74309.16,74262.32,74287.3,89407
1780565520,2026-06-04T15:02:00,74296.2,74319.27,74296.2,74305.62,62702
1780565580,2026-06-04T15:03:00,74298.87,74340.05,74292.14,74335.5,65412
1780565640,2026-06-04T15:04:00,74322.37,74355.69,74279.62,74286.36,118422
1780565700,2026-06-04T15:05:00,74283.94,74363.43,74271.7,74359.16,48066
1780565760,2026-06-04T15:06:00,74360.61,74360.96,74285.12,74285.12,102382
1780565820,2026-06-04T15:07:00,74290.16,74350.54,74281.66,74339.76,378661
1780565880,2026-06-04T15:08:00,74340.54,74344.63,74322.17,74331.75,34842
1780565940,2026-06-04T15:09:00,74328.38,74364.42,74309.06,74356.15,102340
1780566000,2026-06-04T15:10:00,74357.79,74365.02,74344.38,74344.59,47690
1780566060,2026-06-04T15:11:00,74345.51,74375.71,74345.51,74369.82,47324
1780566120,2026-06-04T15:12:00,74370.1,74372.57,74350.13,74370.12,18924
1780566180,2026-06-04T15:13:00,74369.95,74371.14,74352.88,74366.72,23529
1780566240,2026-06-04T15:14:00,74374.53,74379.65,74363.81,74371.93,31718
1780566300,2026-06-04T15:15:00,74374.75,74374.75,74359.18,74367.68,37733
1780566360,2026-06-04T15:16:00,74366.64,74390.61,74366.64,74384.62,37068
1780566420,2026-06-04T15:17:00,74384.5,74389.92,74369.74,74369.74,43129
1780566480,2026-06-04T15:18:00,74369.27,74408.91,74368.4,74398.59,45925
1780566540,2026-06-04T15:19:00,74402.83,74402.83,74385.29,74388.34,26574
1780566600,2026-06-04T15:20:00,74382.18,74382.18,74350.55,74368.01,104166
1780566660,2026-06-04T15:21:00,74367.45,74370.67,74348.18,74368.27,45014
1780566720,2026-06-04T15:22:00,74367.32,74387.66,74356.6,74383.58,30210
1780566780,2026-06-04T15:23:00,74385.18,74417.49,74377.88,74415.84,32290
1780566840,2026-06-04T15:24:00,74411.59,74422.87,74403.88,74419.03,38946
1780566900,2026-06-04T15:25:00,74419.96,74438.62,74401.43,74438.06,31519
1780566960,2026-06-04T15:26:00,74437.18,74446.74,74432.06,74435.63,33586
1780567020,2026-06-04T15:27:00,74437.0,74453.49,74423.58,74442.91,44296
1780567080,2026-06-04T15:28:00,74448.12,74465.09,74420.68,74442.73,55891
1780567140,2026-06-04T15:29:00,74442.08,74474.9,74426.76,74474.9,58124
1780631100,2026-06-05T09:15:00,74629.94,74717.57,74542.32,74592.73,234479
1780631160,2026-06-05T09:16:00,74604.76,74619.1,74507.83,74537.3,143868
1780631220,2026-06-05T09:17:00,74529.86,74572.29,74523.97,74545.9,79563
1780631280,2026-06-05T09:18:00,74534.93,74565.4,74531.88,74532.54,50859
1780631340,2026-06-05T09:19:00,74532.48,74548.4,74513.34,74523.53,68782
1780631400,2026-06-05T09:20:00,74526.03,74556.21,74518.62,74550.41,260370
1780631460,2026-06-05T09:21:00,74542.22,74542.22,74480.73,74508.69,45746
1780631520,2026-06-05T09:22:00,74522.03,74562.91,74518.98,74525.33,49704
1780631580,2026-06-05T09:23:00,74518.05,74553.7,74516.74,74524.59,37810
1780631640,2026-06-05T09:24:00,74521.36,74528.65,74486.77,74487.1,59120
1780631700,2026-06-05T09:25:00,74491.66,74525.75,74490.92,74513.63,34631
1780631760,2026-06-05T09:26:00,74511.71,74528.43,74499.96,74517.6,43971
1780631820,2026-06-05T09:27:00,74517.79,74530.61,74489.54,74492.96,63835
1780631880,2026-06-05T09:28:00,74486.82,74525.47,74486.82,74519.11,87283
1780631940,2026-06-05T09:29:00,74515.85,74552.38,74515.85,74552.07,70308
1780632000,2026-06-05T09:30:00,74548.73,74578.96,74533.18,74578.96,59327
1780632060,2026-06-05T09:31:00,74572.1,74594.12,74568.25,74587.68,42910
1780632120,2026-06-05T09:32:00,74588.1,74588.29,74510.52,74516.14,27371
1780632180,2026-06-05T09:33:00,74518.26,74539.75,74508.37,74518.94,44887
1780632240,2026-06-05T09:34:00,74515.31,74545.5,74511.96,74534.46,31524
1780632300,2026-06-05T09:35:00,74533.4,74577.9,74533.4,74575.54,32236
1780632360,2026-06-05T09:36:00,74576.59,74605.87,74551.88,74556.18,428337
1780632420,2026-06-05T09:37:00,74555.56,74555.56,74505.26,74526.83,26945
1780632480,2026-06-05T09:38:00,74522.35,74526.44,74497.97,74507.92,35454
1780632540,2026-06-05T09:39:00,74512.15,74534.4,74496.19,74534.4,42064
1780632600,2026-06-05T09:40:00,74533.26,74535.69,74492.67,74498.63,289391
1780632660,2026-06-05T09:41:00,74492.02,74531.1,74484.93,74528.12,31725
1780632720,2026-06-05T09:42:00,74520.12,74570.51,74517.92,74557.2,48480
1780632780,2026-06-05T09:43:00,74554.12,74562.36,74543.22,74551.02,46763
1780632840,2026-06-05T09:44:00,74552.63,74582.86,74551.68,74582.86,43476
1780632900,2026-06-05T09:45:00,74586.64,74592.5,74550.41,74550.41,51332
1780632960,2026-06-05T09:46:00,74553.91,74565.84,74549.43,74551.39,29404
1780633020,2026-06-05T09:47:00,74551.17,74556.52,74518.32,74518.32,15956
1780633080,2026-06-05T09:48:00,74523.42,74523.52,74500.52,74502.36,24095
1780633140,2026-06-05T09:49:00,74507.12,74525.3,74495.39,74496.29,78341
1780633200,2026-06-05T09:50:00,74498.09,74514.53,74479.87,74511.76,23580
1780633260,2026-06-05T09:51:00,74512.14,74528.21,74508.34,74512.62,35771
1780633320,2026-06-05T09:52:00,74514.62,74525.32,74503.74,74517.08,25266
1780633380,2026-06-05T09:53:00,74516.64,74559.3,74516.64,74558.45,21156
1780633440,2026-06-05T09:54:00,74552.81,74554.13,74527.94,74535.42,385335
1780633500,2026-06-05T09:55:00,74534.89,74549.13,74530.48,74532.96,79097
1780633560,2026-06-05T09:56:00,74532.91,74540.36,74521.55,74530.73,40359
1780633620,2026-06-05T09:57:00,74530.88,74539.13,74524.7,74524.99,28841
1780633680,2026-06-05T09:58:00,74523.6,74523.82,74491.85,74493.71,34865
1780633740,2026-06-05T09:59:00,74494.01,74502.42,74493.75,74497.83,33243
1780633800,2026-06-05T10:00:00,74493.65,74508.31,74479.12,74507.77,33363
1780633860,2026-06-05T10:01:00,74506.4,74506.4,74433.69,74457.46,60494
1780633920,2026-06-05T10:02:00,74459.42,74500.19,74459.42,74464.58,46119
1780633980,2026-06-05T10:03:00,74462.52,74600.32,74455.9,74589.66,47654
1780634040,2026-06-05T10:04:00,74586.2,74587.57,74566.38,74570.47,23165
1780634100,2026-06-05T10:05:00,74570.71,74570.71,74465.83,74489.51,33607
1780634160,2026-06-05T10:06:00,74491.85,74527.51,74491.85,74517.7,55764
1780634220,2026-06-05T10:07:00,74524.79,74599.56,74521.64,74598.95,28959
1780634280,2026-06-05T10:08:00,74595.09,74631.43,74587.01,74628.56,35703
1780634340,2026-06-05T10:09:00,74629.24,74655.01,74628.21,74645.2,42647
1780634400,2026-06-05T10:10:00,74641.08,74684.84,74626.33,74682.64,39699
1780634460,2026-06-05T10:11:00,74683.96,74701.37,74667.54,74667.54,61288
1780634520,2026-06-05T10:12:00,74667.68,74668.66,74602.95,74602.95,46482
1780634580,2026-06-05T10:13:00,74607.11,74607.64,74584.67,74597.0,49131
1780634640,2026-06-05T10:14:00,74596.76,74598.44,74576.13,74577.77,20398
1780634700,2026-06-05T10:15:00,74577.14,74591.39,74549.55,74550.18,30280
1780634760,2026-06-05T10:16:00,74547.15,74576.07,74527.16,74571.61,26203
1780634820,2026-06-05T10:17:00,74571.12,74606.2,74566.54,74602.3,22043
1780634880,2026-06-05T10:18:00,74603.25,74624.9,74603.25,74614.58,21072
1780634940,2026-06-05T10:19:00,74613.0,74633.83,74613.0,74620.3,19221
1780635000,2026-06-05T10:20:00,74619.42,74624.99,74589.37,74596.32,20010
1780635060,2026-06-05T10:21:00,74596.19,74616.33,74566.29,74573.2,17495
1780635120,2026-06-05T10:22:00,74573.2,74594.85,74566.44,74570.55,24739
1780635180,2026-06-05T10:23:00,74566.67,74619.74,74566.67,74619.74,19834
1780635240,2026-06-05T10:24:00,74618.85,74641.16,74610.54,74639.01,20887
1780635300,2026-06-05T10:25:00,74638.49,74660.09,74632.53,74648.49,41707
1780635360,2026-06-05T10:26:00,74647.7,74652.0,74604.15,74610.73,28917
1780635420,2026-06-05T10:27:00,74604.47,74615.57,74556.22,74558.43,28839
1780635480,2026-06-05T10:28:00,74559.09,74593.92,74557.83,74586.77,16717
1780635540,2026-06-05T10:29:00,74588.0,74613.28,74558.5,74566.13,26887
1780635600,2026-06-05T10:30:00,74566.19,74586.21,74566.19,74568.77,15354
1780635660,2026-06-05T10:31:00,74573.85,74580.33,74566.32,74580.33,14405
1780635720,2026-06-05T10:32:00,74579.44,74579.44,74513.43,74518.48,18825
1780635780,2026-06-05T10:33:00,74520.72,74544.06,74513.13,74544.06,12623
1780635840,2026-06-05T10:34:00,74543.77,74555.38,74458.37,74458.37,33310
1780635900,2026-06-05T10:35:00,74457.62,74461.02,74403.85,74409.96,43426
1780635960,2026-06-05T10:36:00,74409.23,74410.54,74321.35,74323.98,67896
1780636020,2026-06-05T10:37:00,74315.7,74315.7,74268.08,74310.29,30437
1780636080,2026-06-05T10:38:00,74307.99,74315.68,74275.37,74275.37,22766
1780636140,2026-06-05T10:39:00,74276.0,74277.4,74217.82,74223.62,45258
1780636200,2026-06-05T10:40:00,74227.07,74227.42,74175.16,74209.11,74325
1780636260,2026-06-05T10:41:00,74210.95,74229.0,74201.3,74206.36,25627
1780636320,2026-06-05T10:42:00,74214.82,74245.03,74209.65,74227.17,23185
1780636380,2026-06-05T10:43:00,74226.29,74228.32,74167.62,74189.16,36607
1780636440,2026-06-05T10:44:00,74194.23,74224.01,74192.56,74217.15,55988
1780636500,2026-06-05T10:45:00,74217.05,74218.35,74144.9,74144.9,44465
1780636560,2026-06-05T10:46:00,74144.3,74146.24,74117.85,74137.57,40473
1780636620,2026-06-05T10:47:00,74135.86,74173.65,74135.86,74169.6,41632
1780636680,2026-06-05T10:48:00,74170.0,74205.76,74165.46,74205.76,36191
1780636740,2026-06-05T10:49:00,74207.08,74253.94,74205.15,74252.46,21111
1780636800,2026-06-05T10:50:00,74253.2,74303.13,74253.2,74303.13,24679
1780636860,2026-06-05T10:51:00,74303.13,74306.93,74284.73,74295.35,49032
1780636920,2026-06-05T10:52:00,74293.44,74306.35,74290.42,74301.33,24748
1780636980,2026-06-05T10:53:00,74300.14,74301.59,74274.74,74274.74,32098
1780637040,2026-06-05T10:54:00,74273.14,74315.9,74273.14,74295.5,25991
1780637100,2026-06-05T10:55:00,74293.69,74309.13,74285.26,74309.13,23881
1780637160,2026-06-05T10:56:00,74309.31,74320.57,74305.46,74317.65,16704
1780637220,2026-06-05T10:57:00,74315.97,74333.73,74305.66,74317.66,37213
1780637280,2026-06-05T10:58:00,74319.3,74324.17,74293.81,74323.58,38953
1780637340,2026-06-05T10:59:00,74329.67,74333.65,74318.02,74333.65,14456
1780637400,2026-06-05T11:00:00,74330.93,74373.71,74329.66,74372.99,20980
1780637460,2026-06-05T11:01:00,74373.01,74390.03,74363.42,74374.75,29668
1780637520,2026-06-05T11:02:00,74373.1,74405.88,74366.05,74400.09,23539
1780637580,2026-06-05T11:03:00,74400.81,74451.53,74396.68,74451.13,41585
1780637640,2026-06-05T11:04:00,74455.21,74497.21,74450.9,74497.21,36222
1780637700,2026-06-05T11:05:00,74496.56,74557.32,74488.56,74552.86,28576
1780637760,2026-06-05T11:06:00,74555.44,74615.4,74555.44,74615.4,75405
1780637820,2026-06-05T11:07:00,74616.21,74645.66,74599.32,74613.94,157074
1780637880,2026-06-05T11:08:00,74612.32,74629.68,74597.45,74629.62,456516
1780637940,2026-06-05T11:09:00,74630.96,74635.04,74580.96,74580.96,29849
1780638000,2026-06-05T11:10:00,74578.11,74591.56,74557.88,74569.78,18853
1780638060,2026-06-05T11:11:00,74567.14,74567.14,74509.11,74513.2,25545
1780638120,2026-06-05T11:12:00,74514.42,74545.06,74514.42,74544.71,16229
1780638180,2026-06-05T11:13:00,74540.6,74540.6,74515.36,74517.05,24082
1780638240,2026-06-05T11:14:00,74519.37,74520.83,74486.09,74486.09,10115
1780638300,2026-06-05T11:15:00,74487.52,74509.47,74484.28,74509.47,14662
1780638360,2026-06-05T11:16:00,74512.45,74514.31,74490.48,74497.74,25580
1780638420,2026-06-05T11:17:00,74497.74,74497.74,74478.23,74479.13,32596
1780638480,2026-06-05T11:18:00,74479.47,74479.47,74423.32,74423.32,24806
1780638540,2026-06-05T11:19:00,74425.64,74445.81,74417.92,74440.48,12586
1780638600,2026-06-05T11:20:00,74439.55,74445.88,74377.91,74378.51,23490
1780638660,2026-06-05T11:21:00,74379.21,74379.21,74353.57,74365.19,21839
1780638720,2026-06-05T11:22:00,74362.65,74372.41,74340.88,74345.52,24217
1780638780,2026-06-05T11:23:00,74345.75,74385.76,74345.75,74381.5,15958
1780638840,2026-06-05T11:24:00,74382.09,74409.14,74381.54,74396.69,19362
1780638900,2026-06-05T11:25:00,74396.77,74408.03,74390.4,74395.23,15894
1780638960,2026-06-05T11:26:00,74394.7,74394.97,74366.0,74391.16,8070
1780639020,2026-06-05T11:27:00,74391.16,74402.39,74384.35,74400.42,14571
1780639080,2026-06-05T11:28:00,74398.09,74398.09,74379.8,74385.46,23284
1780639140,2026-06-05T11:29:00,74382.72,74409.57,74375.96,74407.5,16139
1780639200,2026-06-05T11:30:00,74410.63,74463.34,74409.41,74446.59,19871
1780639260,2026-06-05T11:31:00,74444.97,74456.21,74436.58,74437.43,12185
1780639320,2026-06-05T11:32:00,74443.11,74449.81,74416.3,74421.79,28287
1780639380,2026-06-05T11:33:00,74421.54,74440.06,74416.35,74430.09,9814
1780639440,2026-06-05T11:34:00,74430.99,74450.35,74424.47,74426.54,28075
1780639500,2026-06-05T11:35:00,74426.2,74435.66,74417.15,74424.76,17243
1780639560,2026-06-05T11:36:00,74421.12,74433.74,74412.74,74413.62,42472
1780639620,2026-06-05T11:37:00,74414.46,74422.71,74398.15,74406.56,33509
1780639680,2026-06-05T11:38:00,74408.85,74408.96,74374.12,74374.12,14371
1780639740,2026-06-05T11:39:00,74373.78,74395.53,74366.46,74395.53,16085
1780639800,2026-06-05T11:40:00,74395.58,74426.77,74383.92,74426.77,58446
1780639860,2026-06-05T11:41:00,74423.27,74445.86,74421.26,74443.62,11037
1780639920,2026-06-05T11:42:00,74441.74,74464.01,74437.61,74464.01,10246
1780639980,2026-06-05T11:43:00,74463.43,74486.51,74460.3,74484.16,13308
1780640040,2026-06-05T11:44:00,74481.49,74482.4,74425.98,74429.86,15479
1780640100,2026-06-05T11:45:00,74432.41,74452.46,74426.1,74450.69,20555
1780640160,2026-06-05T11:46:00,74450.74,74478.16,74450.74,74470.32,12667
1780640220,2026-06-05T11:47:00,74471.55,74479.81,74450.84,74469.81,9826
1780640280,2026-06-05T11:48:00,74471.14,74484.82,74457.66,74474.0,11077
1780640340,2026-06-05T11:49:00,74473.85,74488.08,74473.01,74475.45,12246
1780640400,2026-06-05T11:50:00,74475.11,74475.11,74446.82,74446.82,19569
1780640460,2026-06-05T11:51:00,74440.39,74442.77,74415.04,74428.71,14936
1780640520,2026-06-05T11:52:00,74428.11,74438.55,74420.72,74420.72,12570
1780640580,2026-06-05T11:53:00,74419.09,74431.51,74419.09,74425.36,8753
1780640640,2026-06-05T11:54:00,74425.36,74430.93,74401.76,74401.76,113727
1780640700,2026-06-05T11:55:00,74401.42,74401.42,74371.06,74379.84,35410
1780640760,2026-06-05T11:56:00,74380.75,74403.88,74379.93,74392.91,46414
1780640820,2026-06-05T11:57:00,74393.1,74397.01,74372.24,74376.18,11012
1780640880,2026-06-05T11:58:00,74376.91,74379.09,74369.24,74373.42,9244
1780640940,2026-06-05T11:59:00,74372.5,74373.21,74354.02,74356.11,16225
1780641000,2026-06-05T12:00:00,74357.02,74373.89,74354.37,74370.62,26814
1780641060,2026-06-05T12:01:00,74371.32,74420.57,74366.91,74413.55,27230
1780641120,2026-06-05T12:02:00,74414.19,74425.23,74409.91,74415.64,32125
1780641180,2026-06-05T12:03:00,74416.98,74432.72,74416.98,74432.72,56403
1780641240,2026-06-05T12:04:00,74432.07,74456.61,74432.07,74456.61,6202
1780641300,2026-06-05T12:05:00,74455.4,74457.76,74439.42,74439.42,22866
1780641360,2026-06-05T12:06:00,74438.56,74466.68,74436.33,74458.76,63359
1780641420,2026-06-05T12:07:00,74456.47,74474.12,74456.3,74468.56,14258
1780641480,2026-06-05T12:08:00,74469.22,74469.22,74453.61,74459.16,11816
1780641540,2026-06-05T12:09:00,74459.88,74461.31,74450.08,74450.41,7914
1780641600,2026-06-05T12:10:00,74453.55,74454.79,74412.27,74412.27,15598
1780641660,2026-06-05T12:11:00,74407.83,74429.75,74394.56,74429.37,9927
1780641720,2026-06-05T12:12:00,74429.2,74440.41,74422.55,74434.98,10382
1780641780,2026-06-05T12:13:00,74436.79,74441.52,74424.63,74441.12,19600
1780641840,2026-06-05T12:14:00,74440.9,74475.06,74436.28,74473.72,9065
1780641900,2026-06-05T12:15:00,74473.72,74478.5,74459.51,74470.55,8453
1780641960,2026-06-05T12:16:00,74473.58,74473.88,74456.8,74462.52,9773
1780642020,2026-06-05T12:17:00,74460.58,74477.49,74454.22,74476.66,7708
1780642080,2026-06-05T12:18:00,74488.12,74501.96,74488.12,74493.66,6170
1780642140,2026-06-05T12:19:00,74493.73,74493.93,74471.66,74471.66,7766
1780642200,2026-06-05T12:20:00,74470.37,74484.69,74466.84,74471.68,18349
1780642260,2026-06-05T12:21:00,74472.76,74475.77,74464.21,74467.21,12816
1780642320,2026-06-05T12:22:00,74466.05,74491.71,74461.21,74487.86,15254
1780642380,2026-06-05T12:23:00,74486.0,74490.56,74476.83,74488.7,20847
1780642440,2026-06-05T12:24:00,74488.45,74509.25,74486.1,74507.56,17644
1780642500,2026-06-05T12:25:00,74509.2,74519.84,74503.53,74519.06,14744
1780642560,2026-06-05T12:26:00,74515.54,74521.73,74506.47,74513.97,9686
1780642620,2026-06-05T12:27:00,74514.72,74526.08,74511.94,74518.92,14136
1780642680,2026-06-05T12:28:00,74517.56,74537.47,74509.7,74523.95,18108
1780642740,2026-06-05T12:29:00,74525.46,74529.15,74480.73,74483.76,19110
1780642800,2026-06-05T12:30:00,74482.56,74486.04,74470.0,74473.13,9594
1780642860,2026-06-05T12:31:00,74471.49,74472.52,74412.25,74413.48,23150
1780642920,2026-06-05T12:32:00,74407.78,74407.78,74389.35,74404.77,11518
1780642980,2026-06-05T12:33:00,74405.01,74417.2,74404.27,74414.85,17514
1780643040,2026-06-05T12:34:00,74415.37,74415.37,74401.46,74408.1,308979
1780643100,2026-06-05T12:35:00,74407.2,74419.46,74406.28,74406.76,9292
1780643160,2026-06-05T12:36:00,74407.46,74412.08,74366.2,74366.2,20928
1780643220,2026-06-05T12:37:00,74365.56,74365.56,74314.8,74320.31,28749
1780643280,2026-06-05T12:38:00,74322.2,74348.19,74312.8,74346.58,13022
1780643340,2026-06-05T12:39:00,74346.1,74381.83,74346.1,74373.07,10699
1780643400,2026-06-05T12:40:00,74374.72,74377.43,74357.71,74358.53,13927
1780643460,2026-06-05T12:41:00,74356.7,74364.79,74323.78,74325.74,56660
1780643520,2026-06-05T12:42:00,74325.98,74334.77,74302.26,74309.35,40230
1780643580,2026-06-05T12:43:00,74310.57,74314.53,74288.61,74292.63,26982
1780643640,2026-06-05T12:44:00,74293.57,74293.57,74272.55,74289.13,19571
1780643700,2026-06-05T12:45:00,74287.96,74308.02,74282.81,74308.02,15177
1780643760,2026-06-05T12:46:00,74308.75,74321.03,74297.9,74297.9,12748
1780643820,2026-06-05T12:47:00,74297.26,74307.14,74286.36,74307.14,11324
1780643880,2026-06-05T12:48:00,74307.37,74311.95,74288.68,74288.68,19339
1780643940,2026-06-05T12:49:00,74288.1,74293.06,74280.36,74291.53,10653
1780644000,2026-06-05T12:50:00,74291.35,74291.35,74230.87,74235.99,69380
1780644060,2026-06-05T12:51:00,74236.57,74236.57,74223.3,74232.49,99927
1780644120,2026-06-05T12:52:00,74233.68,74266.01,74232.9,74266.01,64330
1780644180,2026-06-05T12:53:00,74266.01,74291.37,74262.34,74291.37,18417
1780644240,2026-06-05T12:54:00,74290.96,74293.83,74275.11,74279.72,14994
1780644300,2026-06-05T12:55:00,74279.59,74279.59,74261.8,74272.3,10241
1780644360,2026-06-05T12:56:00,74274.75,74279.72,74260.79,74260.79,16874
1780644420,2026-06-05T12:57:00,74261.23,74274.01,74254.75,74267.03,18121
1780644480,2026-06-05T12:58:00,74267.03,74277.76,74267.03,74273.3,22757
1780644540,2026-06-05T12:59:00,74271.66,74282.52,74270.26,74275.18,10577
1780644600,2026-06-05T13:00:00,74272.35,74273.21,74248.84,74252.31,19803
1780644660,2026-06-05T13:01:00,74252.4,74259.34,74243.94,74243.94,7439
1780644720,2026-06-05T13:02:00,74249.53,74258.78,74244.13,74256.97,10117
1780644780,2026-06-05T13:03:00,74255.35,74269.48,74252.01,74261.49,16125
1780644840,2026-06-05T13:04:00,74262.9,74295.13,74262.81,74295.13,13812
1780644900,2026-06-05T13:05:00,74291.56,74292.05,74275.03,74284.66,19164
1780644960,2026-06-05T13:06:00,74285.31,74285.31,74237.66,74239.43,52349
1780645020,2026-06-05T13:07:00,74239.95,74245.05,74220.54,74227.1,27924
1780645080,2026-06-05T13:08:00,74226.6,74230.74,74211.12,74216.54,12689
1780645140,2026-06-05T13:09:00,74217.66,74217.66,74206.38,74213.45,15552
1780645200,2026-06-05T13:10:00,74215.75,74215.75,74184.07,74184.07,11637
1780645260,2026-06-05T13:11:00,74187.36,74208.97,74172.85,74208.0,28544
1780645320,2026-06-05T13:12:00,74204.29,74216.11,74201.94,74216.11,14208
1780645380,2026-06-05T13:13:00,74212.81,74219.72,74194.24,74201.74,23486
1780645440,2026-06-05T13:14:00,74199.95,74201.78,74181.68,74184.92,16836
1780645500,2026-06-05T13:15:00,74178.28,74215.09,74159.01,74215.09,13400
1780645560,2026-06-05T13:16:00,74212.58,74240.81,74209.07,74229.62,19413
1780645620,2026-06-05T13:17:00,74229.97,74240.43,74227.24,74235.92,9785
1780645680,2026-06-05T13:18:00,74236.96,74238.17,74208.99,74211.1,12267
1780645740,2026-06-05T13:19:00,74212.31,74229.61,74210.28,74218.5,1872767
1780645800,2026-06-05T13:20:00,74218.16,74222.89,74205.93,74209.78,10976
1780645860,2026-06-05T13:21:00,74208.75,74220.91,74203.33,74212.97,9031
1780645920,2026-06-05T13:22:00,74213.37,74217.48,74185.67,74186.73,15977
1780645980,2026-06-05T13:23:00,74184.8,74192.91,74159.57,74171.88,17252
1780646040,2026-06-05T13:24:00,74168.06,74170.8,74099.88,74125.45,67276
1780646100,2026-06-05T13:25:00,74125.45,74133.8,74093.76,74133.23,18670
1780646160,2026-06-05T13:26:00,74134.04,74172.87,74121.05,74170.28,21063
1780646220,2026-06-05T13:27:00,74172.08,74180.99,74134.33,74135.66,16617
1780646280,2026-06-05T13:28:00,74130.96,74138.61,74119.71,74132.98,16805
1780646340,2026-06-05T13:29:00,74133.22,74133.22,74087.86,74087.86,30736
1780646400,2026-06-05T13:30:00,74089.31,74089.92,74034.58,74071.55,27379
1780646460,2026-06-05T13:31:00,74072.36,74100.31,74068.43,74100.31,15586
1780646520,2026-06-05T13:32:00,74108.45,74125.34,74091.97,74096.14,17250
1780646580,2026-06-05T13:33:00,74095.68,74098.49,74072.15,74077.23,15058
1780646640,2026-06-05T13:34:00,74077.4,74080.02,74063.75,74074.42,12858
1780646700,2026-06-05T13:35:00,74076.42,74083.62,74067.99,74083.62,11840
1780646760,2026-06-05T13:36:00,74082.39,74085.92,74067.08,74068.79,14415
1780646820,2026-06-05T13:37:00,74069.63,74074.71,74052.02,74074.0,19016
1780646880,2026-06-05T13:38:00,74070.65,74104.69,74065.78,74103.24,16194
1780646940,2026-06-05T13:39:00,74104.51,74111.71,74095.88,74108.73,10447
1780647000,2026-06-05T13:40:00,74108.93,74113.75,74096.95,74102.2,9157
1780647060,2026-06-05T13:41:00,74101.15,74104.16,74069.49,74069.49,20822
1780647120,2026-06-05T13:42:00,74064.45,74068.52,74045.74,74045.74,13944
1780647180,2026-06-05T13:43:00,74045.2,74045.2,74011.31,74013.66,225542
1780647240,2026-06-05T13:44:00,74013.89,74044.67,73988.75,74033.3,24954
1780647300,2026-06-05T13:45:00,74033.2,74049.4,74033.2,74047.25,8965
1780647360,2026-06-05T13:46:00,74047.25,74095.15,74043.07,74090.03,13549
1780647420,2026-06-05T13:47:00,74090.59,74092.12,74081.02,74090.48,18886
1780647480,2026-06-05T13:48:00,74087.34,74106.11,74087.34,74090.7,6208
1780647540,2026-06-05T13:49:00,74095.03,74095.03,74074.06,74094.06,32174
1780647600,2026-06-05T13:50:00,74094.97,74096.96,74080.0,74085.47,20927
1780647660,2026-06-05T13:51:00,74085.42,74091.42,74070.99,74077.37,23536
1780647720,2026-06-05T13:52:00,74079.64,74107.44,74079.64,74106.32,15331
1780647780,2026-06-05T13:53:00,74107.45,74109.87,74077.16,74088.22,12184
1780647840,2026-06-05T13:54:00,74086.47,74096.56,74082.21,74090.71,6706
1780647900,2026-06-05T13:55:00,74091.18,74093.08,74080.14,74087.08,9829
1780647960,2026-06-05T13:56:00,74086.18,74094.89,74078.1,74092.11,8274
1780648020,2026-06-05T13:57:00,74091.24,74108.11,74088.61,74107.04,12702
1780648080,2026-06-05T13:58:00,74106.75,74118.58,74099.28,74108.33,11854
1780648140,2026-06-05T13:59:00,74108.36,74133.36,74103.97,74133.36,53172
1780648200,2026-06-05T14:00:00,74137.22,74163.56,74129.48,74136.2,15380
1780648260,2026-06-05T14:01:00,74135.07,74146.4,74118.99,74145.61,12146
1780648320,2026-06-05T14:02:00,74145.61,74157.91,74145.61,74151.03,20835
1780648380,2026-06-05T14:03:00,74151.24,74153.29,74125.42,74132.4,10309
1780648440,2026-06-05T14:04:00,74137.55,74138.25,74116.37,74126.9,12124
1780648500,2026-06-05T14:05:00,74126.9,74140.85,74126.9,74136.7,12777
1780648560,2026-06-05T14:06:00,74136.57,74150.77,74133.48,74150.77,10596
1780648620,2026-06-05T14:07:00,74148.84,74165.11,74148.84,74161.4,16775
1780648680,2026-06-05T14:08:00,74162.29,74171.96,74145.27,74145.27,16147
1780648740,2026-06-05T14:09:00,74147.95,74155.96,74132.55,74135.1,8390
1780648800,2026-06-05T14:10:00,74137.01,74137.16,74129.97,74130.77,9946
1780648860,2026-06-05T14:11:00,74130.32,74142.37,74126.76,74130.21,1079610
1780648920,2026-06-05T14:12:00,74127.24,74135.01,74095.4,74095.4,23327
1780648980,2026-06-05T14:13:00,74094.29,74110.66,74089.8,74110.66,11220
1780649040,2026-06-05T14:14:00,74111.73,74119.6,74095.12,74096.6,23387
1780649100,2026-06-05T14:15:00,74096.6,74096.6,74077.84,74079.59,19406
1780649160,2026-06-05T14:16:00,74080.39,74087.46,74074.11,74078.26,18705
1780649220,2026-06-05T14:17:00,74078.26,74078.95,74054.62,74059.53,23615
1780649280,2026-06-05T14:18:00,74057.96,74062.61,74047.57,74058.27,24108
1780649340,2026-06-05T14:19:00,74058.37,74061.46,74051.98,74058.82,11962
1780649400,2026-06-05T14:20:00,74058.23,74062.17,74038.56,74044.52,33312
1780649460,2026-06-05T14:21:00,74045.56,74052.76,74036.69,74050.6,9528
1780649520,2026-06-05T14:22:00,74046.18,74076.34,74045.32,74071.57,12804
1780649580,2026-06-05T14:23:00,74074.13,74079.21,74065.93,74076.85,6188
1780649640,2026-06-05T14:24:00,74078.16,74105.25,74075.15,74104.81,10013
1780649700,2026-06-05T14:25:00,74106.21,74128.19,74099.5,74120.34,16692
1780649760,2026-06-05T14:26:00,74120.06,74152.86,74120.06,74148.19,15089
1780649820,2026-06-05T14:27:00,74147.72,74155.7,74136.76,74145.26,7873
1780649880,2026-06-05T14:28:00,74144.1,74194.05,74143.63,74194.05,18765
1780649940,2026-06-05T14:29:00,74193.96,74200.73,74188.57,74193.28,16436
1780650000,2026-06-05T14:30:00,74192.58,74229.6,74192.58,74229.6,15493
1780650060,2026-06-05T14:31:00,74228.28,74231.31,74198.88,74205.59,21270
1780650120,2026-06-05T14:32:00,74207.17,74230.3,74206.89,74217.7,6441
1780650180,2026-06-05T14:33:00,74217.29,74231.43,74217.29,74221.61,6883
1780650240,2026-06-05T14:34:00,74218.44,74222.93,74180.18,74180.18,962351
1780650300,2026-06-05T14:35:00,74179.41,74183.54,74158.44,74182.73,9187
1780650360,2026-06-05T14:36:00,74182.73,74186.58,74167.32,74171.14,17718
1780650420,2026-06-05T14:37:00,74168.25,74173.92,74141.96,74144.26,30984
1780650480,2026-06-05T14:38:00,74143.12,74143.12,74094.31,74107.53,50441
1780650540,2026-06-05T14:39:00,74108.48,74147.39,74108.48,74143.12,41786
1780650600,2026-06-05T14:40:00,74144.05,74145.39,74131.1,74141.93,8906
1780650660,2026-06-05T14:41:00,74141.96,74152.31,74133.37,74145.22,23518
1780650720,2026-06-05T14:42:00,74145.74,74161.63,74139.12,74156.0,21914
1780650780,2026-06-05T14:43:00,74158.28,74299.61,74158.28,74299.61,75671
1780650840,2026-06-05T14:44:00,74298.62,74360.31,74298.62,74334.32,42419
1780650900,2026-06-05T14:45:00,74334.48,74385.21,74334.48,74357.49,43881
1780650960,2026-06-05T14:46:00,74355.91,74391.86,74334.43,74391.86,21965
1780651020,2026-06-05T14:47:00,74392.15,74392.15,74362.46,74371.39,13390
1780651080,2026-06-05T14:48:00,74371.21,74371.21,74330.23,74334.6,13020
1780651140,2026-06-05T14:49:00,74335.68,74335.68,74255.25,74262.48,18847
1780651200,2026-06-05T14:50:00,74265.88,74307.93,74265.88,74307.1,14557
1780651260,2026-06-05T14:51:00,74306.55,74308.5,74278.28,74282.93,8744
1780651320,2026-06-05T14:52:00,74284.18,74285.41,74265.89,74277.35,512386
1780651380,2026-06-05T14:53:00,74277.9,74287.94,74273.82,74284.56,27730
1780651440,2026-06-05T14:54:00,74283.68,74295.43,74274.81,74293.82,36105
1780651500,2026-06-05T14:55:00,74292.54,74303.45,74283.19,74301.83,9946
1780651560,2026-06-05T14:56:00,74302.71,74307.25,74267.31,74267.31,11500
1780651620,2026-06-05T14:57:00,74267.53,74267.53,74212.75,74237.36,24184
1780651680,2026-06-05T14:58:00,74238.47,74239.71,74212.61,74220.61,13889
1780651740,2026-06-05T14:59:00,74219.03,74276.9,74219.03,74238.95,19523
1780651800,2026-06-05T15:00:00,74236.94,74249.85,74119.5,74121.9,53636
1780651860,2026-06-05T15:01:00,74122.98,74151.94,74122.47,74145.33,31277
1780651920,2026-06-05T15:02:00,74142.58,74183.48,74140.1,74181.59,19015
1780651980,2026-06-05T15:03:00,74187.17,74209.94,74187.17,74192.18,23800
1780652040,2026-06-05T15:04:00,74191.81,74234.27,74191.81,74217.66,27362
1780652100,2026-06-05T15:05:00,74219.06,74230.94,74207.21,74218.77,14148
1780652160,2026-06-05T15:06:00,74214.45,74221.9,74199.13,74204.28,13453
1780652220,2026-06-05T15:07:00,74205.22,74240.25,74205.22,74227.05,16892
1780652280,2026-06-05T15:08:00,74229.84,74249.04,74229.42,74247.03,13146
1780652340,2026-06-05T15:09:00,74245.03,74245.6,74221.94,74226.68,497492
1780652400,2026-06-05T15:10:00,74225.62,74237.1,74203.5,74215.88,24392
1780652460,2026-06-05T15:11:00,74216.21,74230.26,74211.01,74227.65,20566
1780652520,2026-06-05T15:12:00,74235.69,74239.73,74217.61,74234.58,20151
1780652580,2026-06-05T15:13:00,74232.94,74247.89,74231.24,74234.8,57633
1780652640,2026-06-05T15:14:00,74253.44,74256.45,74231.34,74243.1,127215
1780652700,2026-06-05T15:15:00,74243.6,74301.66,74234.61,74296.22,602948
1780652760,2026-06-05T15:16:00,74296.55,74298.61,74263.28,74272.91,29778
1780652820,2026-06-05T15:17:00,74273.31,74284.96,74266.12,74272.7,21425
1780652880,2026-06-05T15:18:00,74270.39,74274.36,74251.68,74255.6,19824
1780652940,2026-06-05T15:19:00,74255.36,74264.1,74252.04,74263.71,29852
1780653000,2026-06-05T15:20:00,74259.02,74264.91,74231.43,74233.61,35898
1780653060,2026-06-05T15:21:00,74235.71,74238.3,74212.52,74217.1,30320
1780653120,2026-06-05T15:22:00,74222.76,74249.93,74222.76,74249.93,28524
1780653180,2026-06-05T15:23:00,74249.42,74278.71,74247.64,74271.1,53360
1780653240,2026-06-05T15:24:00,74269.89,74272.49,74250.34,74259.29,41899
1780653300,2026-06-05T15:25:00,74269.88,74282.09,74261.15,74278.83,126654
1780653360,2026-06-05T15:26:00,74275.46,74280.31,74255.69,74261.92,33792
1780653420,2026-06-05T15:27:00,74262.63,74267.62,74248.35,74263.7,36159
1780653480,2026-06-05T15:28:00,74257.99,74267.56,74242.11,74254.11,32406
1780653540,2026-06-05T15:29:00,74253.54,74288.89,74253.54,74282.34,74366
1780890300,2026-06-08T09:15:00,73421.61,73533.67,73318.94,73426.98,244063
1780890360,2026-06-08T09:16:00,73419.29,73472.41,73336.45,73472.41,184068
1780890420,2026-06-08T09:17:00,73479.56,73488.42,73430.0,73457.29,143112
1780890480,2026-06-08T09:18:00,73468.46,73483.13,73430.71,73460.75,125586
1780890540,2026-06-08T09:19:00,73457.35,73527.44,73457.16,73497.07,83946
1780890600,2026-06-08T09:20:00,73499.66,73499.66,73409.32,73456.81,102258
1780890660,2026-06-08T09:21:00,73454.07,73468.04,73422.46,73468.04,74638
1780890720,2026-06-08T09:22:00,73472.64,73505.84,73466.62,73498.75,108055
1780890780,2026-06-08T09:23:00,73498.17,73514.17,73473.3,73514.17,93042
1780890840,2026-06-08T09:24:00,73515.57,73526.01,73492.77,73506.35,85302
1780890900,2026-06-08T09:25:00,73510.63,73524.89,73480.62,73523.54,74433
1780890960,2026-06-08T09:26:00,73516.03,73556.33,73514.28,73546.83,75381
1780891020,2026-06-08T09:27:00,73548.0,73561.1,73523.93,73536.29,85789
1780891080,2026-06-08T09:28:00,73534.94,73550.64,73526.89,73543.44,66254
1780891140,2026-06-08T09:29:00,73546.58,73567.45,73533.58,73563.04,61193
1780891200,2026-06-08T09:30:00,73561.47,73598.5,73553.06,73595.25,50709
1780891260,2026-06-08T09:31:00,73603.6,73628.39,73603.6,73609.64,56933
1780891320,2026-06-08T09:32:00,73614.94,73624.67,73584.03,73616.42,66882
1780891380,2026-06-08T09:33:00,73621.42,73648.52,73621.42,73646.22,59406
1780891440,2026-06-08T09:34:00,73639.76,73660.11,73622.55,73658.9,53682
1780891500,2026-06-08T09:35:00,73656.19,73662.4,73610.23,73617.01,46231
1780891560,2026-06-08T09:36:00,73611.88,73613.57,73547.95,73550.83,218089
1780891620,2026-06-08T09:37:00,73544.26,73553.59,73522.61,73529.6,58639
1780891680,2026-06-08T09:38:00,73531.01,73545.77,73508.05,73543.92,32753
1780891740,2026-06-08T09:39:00,73543.5,73567.89,73527.94,73564.2,40005
1780891800,2026-06-08T09:40:00,73568.31,73604.97,73562.49,73604.97,72983
1780891860,2026-06-08T09:41:00,73606.54,73614.42,73584.37,73592.11,29122
1780891920,2026-06-08T09:42:00,73582.1,73591.57,73566.26,73582.92,23949
1780891980,2026-06-08T09:43:00,73588.3,73596.34,73542.71,73545.46,44982
1780892040,2026-06-08T09:44:00,73548.93,73578.92,73548.12,73569.27,58761
1780892100,2026-06-08T09:45:00,73576.5,73603.39,73576.5,73601.74,44490
1780892160,2026-06-08T09:46:00,73602.86,73639.18,73599.32,73637.02,38106
1780892220,2026-06-08T09:47:00,73637.06,73638.97,73584.6,73588.42,39528
1780892280,2026-06-08T09:48:00,73582.68,73584.57,73546.42,73549.01,45832
1780892340,2026-06-08T09:49:00,73550.27,73551.46,73511.61,73513.37,43251
1780892400,2026-06-08T09:50:00,73508.55,73513.85,73472.75,73482.52,84692
1780892460,2026-06-08T09:51:00,73489.67,73558.75,73489.67,73558.75,52779
1780892520,2026-06-08T09:52:00,73555.32,73574.05,73546.42,73572.33,19936
1780892580,2026-06-08T09:53:00,73574.32,73586.22,73570.86,73586.22,31077
1780892640,2026-06-08T09:54:00,73587.12,73627.83,73587.12,73627.83,42931
1780892700,2026-06-08T09:55:00,73627.54,73671.41,73621.16,73669.9,36217
1780892760,2026-06-08T09:56:00,73671.77,73705.56,73671.77,73696.5,32839
1780892820,2026-06-08T09:57:00,73693.38,73693.38,73668.38,73687.84,47388
1780892880,2026-06-08T09:58:00,73686.79,73718.27,73686.79,73707.37,29880
1780892940,2026-06-08T09:59:00,73709.73,73722.75,73706.23,73715.13,23322
1780893000,2026-06-08T10:00:00,73716.28,73717.68,73661.61,73661.61,43072
1780893060,2026-06-08T10:01:00,73669.3,73690.9,73663.72,73690.9,39671
1780893120,2026-06-08T10:02:00,73685.43,73703.12,73685.43,73692.7,26003
1780893180,2026-06-08T10:03:00,73696.2,73696.93,73663.24,73665.49,25077
1780893240,2026-06-08T10:04:00,73665.12,73667.79,73615.9,73617.46,69477
1780893300,2026-06-08T10:05:00,73619.06,73619.06,73586.25,73592.57,43828
1780893360,2026-06-08T10:06:00,73592.7,73600.86,73575.28,73591.51,31041
1780893420,2026-06-08T10:07:00,73588.23,73661.21,73588.23,73660.41,28721
1780893480,2026-06-08T10:08:00,73660.55,73690.95,73653.21,73686.2,37193
1780893540,2026-06-08T10:09:00,73688.99,73697.17,73683.09,73683.09,24454
1780893600,2026-06-08T10:10:00,73680.4,73687.12,73664.52,73687.12,16750
1780893660,2026-06-08T10:11:00,73684.92,73693.92,73679.27,73684.64,30578
1780893720,2026-06-08T10:12:00,73685.41,73689.21,73678.06,73686.04,19068
1780893780,2026-06-08T10:13:00,73686.93,73687.82,73675.63,73678.65,19409
1780893840,2026-06-08T10:14:00,73679.88,73686.52,73639.02,73639.02,23777
1780893900,2026-06-08T10:15:00,73639.58,73639.58,73603.39,73616.14,25097
1780893960,2026-06-08T10:16:00,73615.95,73622.67,73605.04,73615.14,16131
1780894020,2026-06-08T10:17:00,73614.8,73635.22,73613.44,73631.43,16485
1780894080,2026-06-08T10:18:00,73629.79,73645.08,73628.96,73636.6,27044
1780894140,2026-06-08T10:19:00,73635.2,73663.27,73622.05,73657.21,43766
1780894200,2026-06-08T10:20:00,73657.81,73668.77,73637.83,73645.15,12522
1780894260,2026-06-08T10:21:00,73646.88,73648.23,73627.35,73643.49,30860
1780894320,2026-06-08T10:22:00,73646.42,73658.5,73644.34,73649.22,15728
1780894380,2026-06-08T10:23:00,73650.35,73659.44,73643.32,73659.25,16834
1780894440,2026-06-08T10:24:00,73659.5,73664.37,73640.77,73652.81,21920
1780894500,2026-06-08T10:25:00,73655.44,73660.05,73637.45,73638.83,15700
1780894560,2026-06-08T10:26:00,73640.52,73645.07,73621.78,73626.62,20383
1780894620,2026-06-08T10:27:00,73626.72,73627.9,73601.83,73605.71,25160
1780894680,2026-06-08T10:28:00,73606.4,73615.9,73597.99,73613.52,21936
1780894740,2026-06-08T10:29:00,73616.17,73638.09,73616.17,73624.91,15838
1780894800,2026-06-08T10:30:00,73627.74,73645.16,73627.56,73640.13,61397
1780894860,2026-06-08T10:31:00,73642.41,73687.11,73642.41,73685.86,40083
1780894920,2026-06-08T10:32:00,73689.27,73717.06,73685.68,73714.43,19208
1780894980,2026-06-08T10:33:00,73719.84,73746.66,73719.84,73734.52,21890
1780895040,2026-06-08T10:34:00,73735.4,73748.22,73723.71,73745.48,23502
1780895100,2026-06-08T10:35:00,73749.01,73758.83,73739.07,73752.0,15268
1780895160,2026-06-08T10:36:00,73750.48,73753.48,73730.87,73736.89,18587
1780895220,2026-06-08T10:37:00,73734.62,73736.67,73712.43,73724.83,17970
1780895280,2026-06-08T10:38:00,73723.25,73745.64,73723.25,73742.76,22118
1780895340,2026-06-08T10:39:00,73738.66,73742.05,73725.44,73734.04,19409
1780895400,2026-06-08T10:40:00,73733.08,73782.45,73733.08,73779.09,19464
1780895460,2026-06-08T10:41:00,73782.39,73787.83,73760.76,73771.3,11904
1780895520,2026-06-08T10:42:00,73769.11,73777.94,73764.29,73768.15,12852
1780895580,2026-06-08T10:43:00,73771.28,73771.28,73734.16,73737.37,17162
1780895640,2026-06-08T10:44:00,73740.52,73741.1,73694.77,73694.77,19697
1780895700,2026-06-08T10:45:00,73694.47,73695.97,73665.36,73665.36,35389
1780895760,2026-06-08T10:46:00,73664.54,73679.75,73664.54,73679.75,32356
1780895820,2026-06-08T10:47:00,73682.29,73713.55,73680.8,73698.9,151613
1780895880,2026-06-08T10:48:00,73700.63,73716.45,73691.22,73716.45,41953
1780895940,2026-06-08T10:49:00,73716.95,73725.76,73705.11,73720.77,11012
1780896000,2026-06-08T10:50:00,73720.89,73743.97,73720.89,73732.72,36495
1780896060,2026-06-08T10:51:00,73731.73,73750.74,73728.77,73740.12,47147
1780896120,2026-06-08T10:52:00,73743.76,73750.59,73739.45,73743.9,6891
1780896180,2026-06-08T10:53:00,73743.21,73750.27,73707.96,73714.99,18088
1780896240,2026-06-08T10:54:00,73715.94,73717.98,73691.94,73699.11,19530
1780896300,2026-06-08T10:55:00,73698.75,73708.07,73690.14,73697.42,17437
1780896360,2026-06-08T10:56:00,73701.18,73706.31,73683.59,73697.42,14702
1780896420,2026-06-08T10:57:00,73701.86,73728.03,73696.13,73728.03,18454
1780896480,2026-06-08T10:58:00,73730.03,73771.81,73730.03,73769.18,15343
1780896540,2026-06-08T10:59:00,73768.58,73777.06,73761.36,73764.44,8726
1780896600,2026-06-08T11:00:00,73764.8,73772.79,73739.71,73743.09,11979
1780896660,2026-06-08T11:01:00,73740.55,73763.77,73740.55,73747.47,23290
1780896720,2026-06-08T11:02:00,73748.12,73755.31,73741.04,73751.06,10583
1780896780,2026-06-08T11:03:00,73745.02,73755.24,73743.39,73755.24,23528
1780896840,2026-06-08T11:04:00,73754.98,73759.02,73747.79,73752.3,14356
1780896900,2026-06-08T11:05:00,73751.95,73751.95,73723.44,73723.44,20162
1780896960,2026-06-08T11:06:00,73719.77,73729.99,73709.42,73727.05,13368
1780897020,2026-06-08T11:07:00,73728.09,73730.61,73691.43,73703.12,18137
1780897080,2026-06-08T11:08:00,73702.87,73715.76,73693.48,73708.83,17333
1780897140,2026-06-08T11:09:00,73708.83,73729.39,73698.2,73729.39,14231
1780897200,2026-06-08T11:10:00,73727.41,73729.15,73709.97,73722.08,25198
1780897260,2026-06-08T11:11:00,73720.51,73738.16,73713.39,73716.26,12617
1780897320,2026-06-08T11:12:00,73716.84,73716.84,73687.93,73694.61,9136
1780897380,2026-06-08T11:13:00,73696.88,73724.08,73696.09,73719.14,16307
1780897440,2026-06-08T11:14:00,73718.94,73719.63,73695.33,73703.48,24617
1780897500,2026-06-08T11:15:00,73705.47,73713.01,73700.59,73706.11,11713
1780897560,2026-06-08T11:16:00,73704.88,73715.2,73697.9,73701.9,15818
1780897620,2026-06-08T11:17:00,73704.76,73711.4,73633.49,73636.27,104479
1780897680,2026-06-08T11:18:00,73645.4,73674.51,73634.35,73666.04,97254
1780897740,2026-06-08T11:19:00,73664.49,73669.41,73644.58,73649.67,29473
1780897800,2026-06-08T11:20:00,73652.98,73680.06,73637.37,73680.06,19827
1780897860,2026-06-08T11:21:00,73680.97,73680.97,73667.67,73677.53,11813
1780897920,2026-06-08T11:22:00,73678.66,73686.48,73666.57,73669.29,14172
1780897980,2026-06-08T11:23:00,73668.96,73677.91,73652.24,73656.65,12381
1780898040,2026-06-08T11:24:00,73656.1,73661.78,73644.8,73657.06,14475
1780898100,2026-06-08T11:25:00,73658.41,73662.73,73649.73,73652.79,15227
1780898160,2026-06-08T11:26:00,73652.18,73669.56,73646.5,73663.98,21072
1780898220,2026-06-08T11:27:00,73663.12,73675.44,73654.54,73656.14,21743
1780898280,2026-06-08T11:28:00,73656.69,73661.52,73647.91,73650.54,17475
1780898340,2026-06-08T11:29:00,73649.51,73663.63,73649.51,73661.64,13880
1780898400,2026-06-08T11:30:00,73663.05,73679.6,73653.32,73675.85,16486
1780898460,2026-06-08T11:31:00,73676.49,73681.57,73669.3,73675.94,10475
1780898520,2026-06-08T11:32:00,73673.68,73714.06,73673.68,73708.64,14636
1780898580,2026-06-08T11:33:00,73708.13,73712.23,73694.9,73699.51,21382
1780898640,2026-06-08T11:34:00,73699.37,73715.78,73697.99,73712.66,20498
1780898700,2026-06-08T11:35:00,73712.17,73715.68,73698.29,73700.09,57751
1780898760,2026-06-08T11:36:00,73701.63,73716.05,73698.47,73709.11,23989
1780898820,2026-06-08T11:37:00,73703.26,73713.46,73699.85,73707.84,110091
1780898880,2026-06-08T11:38:00,73708.16,73720.91,73704.86,73716.53,30800
1780898940,2026-06-08T11:39:00,73717.07,73739.33,73717.07,73734.47,15379
1780899000,2026-06-08T11:40:00,73734.47,73740.61,73726.43,73737.39,16496
1780899060,2026-06-08T11:41:00,73737.47,73743.47,73727.08,73738.27,15774
1780899120,2026-06-08T11:42:00,73737.63,73738.21,73718.02,73726.34,32345
1780899180,2026-06-08T11:43:00,73726.34,73748.65,73726.34,73741.23,15687
1780899240,2026-06-08T11:44:00,73742.57,73750.96,73736.26,73744.58,15164
1780899300,2026-06-08T11:45:00,73744.05,73745.71,73723.44,73740.89,11965
1780899360,2026-06-08T11:46:00,73740.55,73750.05,73734.57,73745.62,68420
1780899420,2026-06-08T11:47:00,73747.52,73774.25,73741.66,73774.05,108791
1780899480,2026-06-08T11:48:00,73774.97,73774.97,73744.37,73749.26,106605
1780899540,2026-06-08T11:49:00,73747.81,73765.78,73747.81,73760.97,69540
1780899600,2026-06-08T11:50:00,73759.82,73767.02,73756.11,73760.61,11665
1780899660,2026-06-08T11:51:00,73759.63,73759.63,73745.83,73748.42,140548
1780899720,2026-06-08T11:52:00,73747.6,73753.7,73745.99,73749.85,18726
1780899780,2026-06-08T11:53:00,73749.85,73759.06,73748.09,73748.09,20813
1780899840,2026-06-08T11:54:00,73749.49,73753.18,73722.11,73736.86,26203
1780899900,2026-06-08T11:55:00,73731.35,73750.58,73728.11,73740.15,28760
1780899960,2026-06-08T11:56:00,73741.84,73758.65,73738.76,73758.65,27473
1780900020,2026-06-08T11:57:00,73759.79,73765.16,73736.88,73740.99,9802
1780900080,2026-06-08T11:58:00,73737.8,73737.99,73721.85,73730.93,18673
1780900140,2026-06-08T11:59:00,73731.27,73745.59,73724.51,73738.93,12166
1780900200,2026-06-08T12:00:00,73738.17,73742.46,73727.66,73729.87,9128
1780900260,2026-06-08T12:01:00,73729.87,73742.15,73724.52,73726.84,10101
1780900320,2026-06-08T12:02:00,73729.21,73744.3,73718.16,73744.3,17492
1780900380,2026-06-08T12:03:00,73742.97,73747.97,73737.37,73747.91,7132
1780900440,2026-06-08T12:04:00,73745.58,73750.32,73732.07,73747.03,23765
1780900500,2026-06-08T12:05:00,73747.25,73760.17,73733.84,73740.86,9880
1780900560,2026-06-08T12:06:00,73741.43,73747.39,73731.81,73747.39,13440
1780900620,2026-06-08T12:07:00,73744.66,73750.44,73734.65,73737.85,26185
1780900680,2026-06-08T12:08:00,73741.51,73741.51,73706.54,73718.25,12954
1780900740,2026-06-08T12:09:00,73713.57,73733.52,73711.9,73733.52,8004
1780900800,2026-06-08T12:10:00,73733.78,73748.72,73733.37,73748.25,12258
1780900860,2026-06-08T12:11:00,73748.24,73789.07,73746.08,73788.9,39000
1780900920,2026-06-08T12:12:00,73788.77,73794.58,73770.79,73777.34,12846
1780900980,2026-06-08T12:13:00,73776.41,73783.41,73762.12,73762.12,14317
1780901040,2026-06-08T12:14:00,73766.82,73766.96,73751.57,73763.43,12963
1780901100,2026-06-08T12:15:00,73763.63,73771.06,73759.42,73761.59,8669
1780901160,2026-06-08T12:16:00,73758.67,73766.62,73755.67,73762.16,14590
1780901220,2026-06-08T12:17:00,73761.98,73767.87,73751.05,73761.96,20755
1780901280,2026-06-08T12:18:00,73761.45,73773.01,73754.47,73765.82,26586
1780901340,2026-06-08T12:19:00,73765.83,73770.78,73757.77,73769.09,17042
1780901400,2026-06-08T12:20:00,73769.06,73780.66,73769.06,73780.26,31541
1780901460,2026-06-08T12:21:00,73780.57,73785.63,73774.08,73777.29,10116
1780901520,2026-06-08T12:22:00,73777.72,73801.81,73775.37,73798.03,26543
1780901580,2026-06-08T12:23:00,73798.38,73818.52,73798.38,73806.2,12296
1780901640,2026-06-08T12:24:00,73805.29,73816.47,73804.83,73811.11,38535
1780901700,2026-06-08T12:25:00,73812.04,73819.88,73795.53,73797.88,16199
1780901760,2026-06-08T12:26:00,73802.71,73804.08,73791.71,73794.71,15572
1780901820,2026-06-08T12:27:00,73793.3,73801.16,73787.47,73799.12,11839
1780901880,2026-06-08T12:28:00,73799.81,73810.59,73794.43,73809.92,26719
1780901940,2026-06-08T12:29:00,73809.89,73809.89,73792.42,73795.05,22833
1780902000,2026-06-08T12:30:00,73795.05,73813.04,73791.62,73806.22,1034146
1780902060,2026-06-08T12:31:00,73806.13,73813.12,73792.15,73794.33,33783
1780902120,2026-06-08T12:32:00,73798.59,73799.48,73786.74,73790.88,30584
1780902180,2026-06-08T12:33:00,73789.3,73815.55,73787.61,73811.16,21097
1780902240,2026-06-08T12:34:00,73811.57,73811.57,73793.7,73795.69,10125
1780902300,2026-06-08T12:35:00,73795.96,73808.38,73783.97,73797.52,11472
1780902360,2026-06-08T12:36:00,73799.76,73808.48,73795.12,73806.83,37515
1780902420,2026-06-08T12:37:00,73806.83,73809.12,73791.86,73795.57,14194
1780902480,2026-06-08T12:38:00,73799.08,73807.55,73794.0,73802.64,9621
1780902540,2026-06-08T12:39:00,73801.52,73806.52,73792.92,73797.21,11764
1780902600,2026-06-08T12:40:00,73796.93,73813.61,73791.96,73813.61,26467
1780902660,2026-06-08T12:41:00,73814.01,73817.14,73808.38,73809.9,24125
1780902720,2026-06-08T12:42:00,73810.43,73829.85,73805.86,73828.36,12466
1780902780,2026-06-08T12:43:00,73825.18,73869.02,73822.57,73867.91,19331
1780902840,2026-06-08T12:44:00,73864.83,73875.95,73855.45,73857.35,13013
1780902900,2026-06-08T12:45:00,73858.73,73858.73,73833.14,73840.05,7223
1780902960,2026-06-08T12:46:00,73837.67,73854.67,73831.41,73854.65,34889
1780903020,2026-06-08T12:47:00,73863.0,73878.67,73858.36,73867.99,155891
1780903080,2026-06-08T12:48:00,73864.97,73869.45,73853.68,73864.65,11622
1780903140,2026-06-08T12:49:00,73868.02,73872.92,73861.06,73868.76,18653
1780903200,2026-06-08T12:50:00,73871.6,73894.7,73870.3,73891.57,23517
1780903260,2026-06-08T12:51:00,73892.31,73934.35,73892.31,73920.49,23274
1780903320,2026-06-08T12:52:00,73923.03,73923.23,73890.35,73890.35,16214
1780903380,2026-06-08T12:53:00,73890.35,73892.92,73877.24,73879.55,18664
1780903440,2026-06-08T12:54:00,73878.27,73888.61,73870.05,73885.01,10853
1780903500,2026-06-08T12:55:00,73881.86,73900.11,73881.86,73895.46,13197
1780903560,2026-06-08T12:56:00,73894.0,73895.21,73882.75,73883.56,6933
1780903620,2026-06-08T12:57:00,73880.34,73884.69,73873.79,73881.47,10073
1780903680,2026-06-08T12:58:00,73880.78,73886.39,73870.56,73873.01,22326
1780903740,2026-06-08T12:59:00,73871.95,73876.78,73862.04,73867.42,9327
1780903800,2026-06-08T13:00:00,73867.28,73870.62,73853.75,73859.47,8804
1780903860,2026-06-08T13:01:00,73860.45,73864.52,73848.74,73848.74,9962
1780903920,2026-06-08T13:02:00,73849.42,73852.44,73839.06,73840.82,8685
1780903980,2026-06-08T13:03:00,73842.8,73845.92,73824.32,73827.53,16340
1780904040,2026-06-08T13:04:00,73829.58,73836.2,73796.1,73800.44,19185
1780904100,2026-06-08T13:05:00,73799.92,73806.6,73792.43,73806.6,16036
1780904160,2026-06-08T13:06:00,73804.09,73808.36,73784.66,73784.66,10760
1780904220,2026-06-08T13:07:00,73783.74,73786.04,73759.56,73762.7,28543
1780904280,2026-06-08T13:08:00,73762.5,73777.73,73758.15,73777.73,13074
1780904340,2026-06-08T13:09:00,73777.62,73781.29,73769.61,73774.63,61927
1780904400,2026-06-08T13:10:00,73775.21,73780.91,73766.3,73770.04,5973
1780904460,2026-06-08T13:11:00,73770.88,73770.98,73756.51,73759.2,14090
1780904520,2026-06-08T13:12:00,73758.43,73778.59,73755.68,73772.7,15097
1780904580,2026-06-08T13:13:00,73773.25,73780.14,73767.39,73777.75,18006
1780904640,2026-06-08T13:14:00,73778.05,73778.05,73766.7,73770.24,8431
1780904700,2026-06-08T13:15:00,73770.24,73787.58,73765.92,73787.58,23625
1780904760,2026-06-08T13:16:00,73789.76,73795.6,73786.14,73793.96,10519
1780904820,2026-06-08T13:17:00,73793.96,73795.83,73788.59,73788.59,5461
1780904880,2026-06-08T13:18:00,73788.0,73793.39,73771.33,73771.33,12146
1780904940,2026-06-08T13:19:00,73771.33,73773.77,73763.68,73771.58,9966
1780905000,2026-06-08T13:20:00,73769.96,73774.98,73759.87,73762.96,30896
1780905060,2026-06-08T13:21:00,73763.78,73771.47,73757.07,73768.67,27068
1780905120,2026-06-08T13:22:00,73768.23,73770.21,73762.61,73765.42,28999
1780905180,2026-06-08T13:23:00,73767.77,73767.92,73752.52,73760.47,36077
1780905240,2026-06-08T13:24:00,73759.78,73764.33,73753.02,73761.42,13758
1780905300,2026-06-08T13:25:00,73761.47,73761.94,73747.67,73749.36,31498
1780905360,2026-06-08T13:26:00,73746.07,73747.92,73732.45,73732.45,51074
1780905420,2026-06-08T13:27:00,73725.86,73727.75,73699.48,73706.18,40124
1780905480,2026-06-08T13:28:00,73706.64,73718.46,73703.56,73713.91,22561
1780905540,2026-06-08T13:29:00,73714.38,73745.82,73710.29,73745.82,24699
1780905600,2026-06-08T13:30:00,73743.01,73764.57,73743.01,73750.81,18529
1780905660,2026-06-08T13:31:00,73749.18,73751.71,73733.5,73733.5,21125
1780905720,2026-06-08T13:32:00,73734.31,73741.11,73700.23,73704.48,25058
1780905780,2026-06-08T13:33:00,73703.22,73706.09,73691.86,73698.88,10843
1780905840,2026-06-08T13:34:00,73700.11,73719.4,73694.72,73717.04,12999
1780905900,2026-06-08T13:35:00,73714.57,73716.19,73700.57,73707.34,9531
1780905960,2026-06-08T13:36:00,73707.34,73724.01,73703.41,73721.38,6762
1780906020,2026-06-08T13:37:00,73721.08,73725.31,73711.18,73711.18,13927
1780906080,2026-06-08T13:38:00,73707.38,73715.69,73704.3,73710.91,315549
1780906140,2026-06-08T13:39:00,73709.52,73713.18,73679.8,73711.62,30187
1780906200,2026-06-08T13:40:00,73711.59,73715.77,73679.42,73684.07,19122
1780906260,2026-06-08T13:41:00,73677.86,73684.34,73661.31,73671.14,26413
1780906320,2026-06-08T13:42:00,73670.29,73676.22,73667.22,73667.58,13990
1780906380,2026-06-08T13:43:00,73667.42,73675.78,73662.03,73671.66,24854
1780906440,2026-06-08T13:44:00,73671.96,73671.96,73631.42,73636.21,39972
1780906500,2026-06-08T13:45:00,73637.88,73637.88,73603.6,73608.6,96835
1780906560,2026-06-08T13:46:00,73609.52,73609.52,73582.74,73591.23,91565
1780906620,2026-06-08T13:47:00,73591.87,73594.15,73570.41,73594.15,39093
1780906680,2026-06-08T13:48:00,73593.24,73637.48,73591.18,73637.48,22427
1780906740,2026-06-08T13:49:00,73637.96,73649.76,73636.37,73642.72,25936
1780906800,2026-06-08T13:50:00,73641.3,73654.75,73638.87,73647.22,28716
1780906860,2026-06-08T13:51:00,73646.88,73648.86,73618.56,73631.06,25315
1780906920,2026-06-08T13:52:00,73630.36,73631.59,73603.75,73605.15,24146
1780906980,2026-06-08T13:53:00,73601.15,73623.3,73596.44,73623.3,13168
1780907040,2026-06-08T13:54:00,73625.75,73633.76,73619.57,73621.49,7995
1780907100,2026-06-08T13:55:00,73622.83,73624.58,73612.59,73621.49,12325
1780907160,2026-06-08T13:56:00,73621.92,73627.42,73617.48,73623.21,13539
1780907220,2026-06-08T13:57:00,73625.06,73625.76,73601.26,73603.01,16468
1780907280,2026-06-08T13:58:00,73602.7,73624.21,73594.84,73623.04,17931
1780907340,2026-06-08T13:59:00,73623.39,73639.01,73620.04,73638.84,12502
1780907400,2026-06-08T14:00:00,73637.79,73671.63,73637.79,73668.47,31791
1780907460,2026-06-08T14:01:00,73671.9,73678.89,73660.44,73668.89,13696
1780907520,2026-06-08T14:02:00,73667.88,73672.71,73655.67,73657.45,102558
1780907580,2026-06-08T14:03:00,73654.13,73675.66,73651.87,73667.42,28388
1780907640,2026-06-08T14:04:00,73668.43,73678.79,73665.61,73666.07,14935
1780907700,2026-06-08T14:05:00,73671.81,73679.75,73656.5,73662.07,535738
1780907760,2026-06-08T14:06:00,73660.87,73667.36,73648.94,73657.32,23154
1780907820,2026-06-08T14:07:00,73656.14,73658.73,73637.28,73637.28,22779
1780907880,2026-06-08T14:08:00,73641.76,73641.76,73618.6,73623.14,28395
1780907940,2026-06-08T14:09:00,73619.16,73628.93,73609.87,73617.64,9514
1780908000,2026-06-08T14:10:00,73616.59,73629.62,73611.45,73617.52,17485
1780908060,2026-06-08T14:11:00,73617.14,73622.01,73602.77,73618.5,25422
1780908120,2026-06-08T14:12:00,73619.3,73623.19,73608.46,73610.32,18751
1780908180,2026-06-08T14:13:00,73611.61,73616.88,73609.44,73611.49,10875
1780908240,2026-06-08T14:14:00,73610.07,73612.76,73602.46,73607.85,1721099
1780908300,2026-06-08T14:15:00,73605.4,73606.33,73592.82,73605.59,17201
1780908360,2026-06-08T14:16:00,73608.41,73613.75,73607.61,73609.45,32193
1780908420,2026-06-08T14:17:00,73609.11,73614.12,73576.83,73582.25,571376
1780908480,2026-06-08T14:18:00,73582.55,73599.94,73575.54,73596.08,36595
1780908540,2026-06-08T14:19:00,73595.91,73646.55,73595.56,73642.93,37926
1780908600,2026-06-08T14:20:00,73641.3,73643.22,73622.89,73628.44,43879
1780908660,2026-06-08T14:21:00,73625.06,73625.06,73610.69,73615.68,56998
1780908720,2026-06-08T14:22:00,73618.83,73623.36,73597.58,73597.58,17826
1780908780,2026-06-08T14:23:00,73597.72,73606.1,73595.97,73599.55,24052
1780908840,2026-06-08T14:24:00,73597.42,73603.3,73591.86,73603.3,25473
1780908900,2026-06-08T14:25:00,73603.17,73603.17,73583.56,73591.37,14393
1780908960,2026-06-08T14:26:00,73592.31,73600.07,73590.88,73600.07,16396
1780909020,2026-06-08T14:27:00,73600.03,73608.23,73597.42,73608.23,18434
1780909080,2026-06-08T14:28:00,73604.71,73605.11,73582.25,73591.86,29840
1780909140,2026-06-08T14:29:00,73592.22,73597.47,73583.33,73587.68,38481
1780909200,2026-06-08T14:30:00,73582.99,73616.66,73582.99,73610.69,24874
1780909260,2026-06-08T14:31:00,73614.43,73618.91,73601.48,73608.45,17834
1780909320,2026-06-08T14:32:00,73606.71,73606.71,73582.92,73604.44,16037
1780909380,2026-06-08T14:33:00,73611.77,73622.22,73608.25,73617.53,20946
1780909440,2026-06-08T14:34:00,73617.47,73618.42,73604.98,73618.42,23530
1780909500,2026-06-08T14:35:00,73618.7,73640.25,73612.56,73624.53,33740
1780909560,2026-06-08T14:36:00,73623.14,73627.08,73603.08,73609.94,31090
1780909620,2026-06-08T14:37:00,73609.59,73620.73,73606.05,73615.41,31377
1780909680,2026-06-08T14:38:00,73614.36,73630.34,73605.62,73630.34,22201
1780909740,2026-06-08T14:39:00,73628.33,73630.43,73612.9,73612.9,25314
1780909800,2026-06-08T14:40:00,73611.44,73613.16,73601.0,73608.53,15975
1780909860,2026-06-08T14:41:00,73609.38,73612.22,73600.28,73608.05,13854
1780909920,2026-06-08T14:42:00,73607.43,73616.34,73597.79,73605.44,18560
1780909980,2026-06-08T14:43:00,73605.44,73646.75,73598.11,73646.72,35366
1780910040,2026-06-08T14:44:00,73643.23,73679.05,73643.22,73678.83,30180
1780910100,2026-06-08T14:45:00,73680.63,73680.63,73626.81,73643.78,24026
1780910160,2026-06-08T14:46:00,73642.33,73667.95,73622.75,73667.95,20979
1780910220,2026-06-08T14:47:00,73668.43,73708.99,73667.61,73692.46,31788
1780910280,2026-06-08T14:48:00,73694.72,73697.33,73672.48,73681.95,21565
1780910340,2026-06-08T14:49:00,73681.07,73684.21,73673.0,73678.62,36355
1780910400,2026-06-08T14:50:00,73675.85,73679.83,73665.24,73666.35,24057
1780910460,2026-06-08T14:51:00,73667.12,73676.65,73664.3,73676.09,29846
1780910520,2026-06-08T14:52:00,73677.71,73686.44,73670.46,73685.74,42396
1780910580,2026-06-08T14:53:00,73685.48,73685.48,73649.59,73668.63,32148
1780910640,2026-06-08T14:54:00,73669.03,73686.65,73667.86,73685.09,16835
1780910700,2026-06-08T14:55:00,73685.68,73688.7,73658.43,73663.47,121918
1780910760,2026-06-08T14:56:00,73662.66,73662.66,73629.2,73644.02,27324
1780910820,2026-06-08T14:57:00,73643.82,73653.25,73636.75,73638.67,15299
1780910880,2026-06-08T14:58:00,73632.26,73651.21,73628.79,73651.21,19166
1780910940,2026-06-08T14:59:00,73652.51,73728.59,73651.47,73680.18,46504
1780911000,2026-06-08T15:00:00,73678.37,73678.37,73591.94,73596.57,132168
1780911060,2026-06-08T15:01:00,73597.21,73603.16,73566.37,73566.37,34272
1780911120,2026-06-08T15:02:00,73565.0,73571.04,73547.67,73548.71,49891
1780911180,2026-06-08T15:03:00,73551.89,73551.89,73511.65,73524.54,61462
1780911240,2026-06-08T15:04:00,73523.51,73528.12,73481.52,73500.28,99708
1780911300,2026-06-08T15:05:00,73500.28,73501.97,73462.91,73472.14,53030
1780911360,2026-06-08T15:06:00,73471.07,73542.64,73467.33,73540.34,62366
1780911420,2026-06-08T15:07:00,73540.39,73546.27,73526.49,73540.96,503732
1780911480,2026-06-08T15:08:00,73540.14,73545.34,73522.21,73531.0,50406
1780911540,2026-06-08T15:09:00,73530.83,73553.39,73528.32,73548.04,283291
1780911600,2026-06-08T15:10:00,73543.46,73547.76,73522.03,73538.54,39236
1780911660,2026-06-08T15:11:00,73538.25,73541.83,73517.64,73525.96,72440
1780911720,2026-06-08T15:12:00,73519.6,73539.92,73515.62,73536.42,50212
1780911780,2026-06-08T15:13:00,73534.45,73543.09,73521.02,73538.91,63456
1780911840,2026-06-08T15:14:00,73550.27,73562.08,73547.75,73558.93,72650
1780911900,2026-06-08T15:15:00,73557.53,73557.53,73520.24,73528.4,52376
1780911960,2026-06-08T15:16:00,73527.84,73534.37,73514.29,73527.83,119965
1780912020,2026-06-08T15:17:00,73533.07,73543.33,73532.28,73540.95,48797
1780912080,2026-06-08T15:18:00,73544.0,73544.0,73512.33,73521.93,47454
1780912140,2026-06-08T15:19:00,73525.35,73531.66,73513.9,73523.63,37830
1780912200,2026-06-08T15:20:00,73521.23,73528.8,73510.54,73528.8,94168
1780912260,2026-06-08T15:21:00,73529.53,73531.98,73508.01,73513.88,51316
1780912320,2026-06-08T15:22:00,73518.95,73518.95,73490.05,73496.8,48880
1780912380,2026-06-08T15:23:00,73494.36,73498.74,73465.76,73475.09,77680
1780912440,2026-06-08T15:24:00,73474.43,73476.19,73444.72,73475.21,37221
1780912500,2026-06-08T15:25:00,73473.92,73475.23,73445.85,73448.31,68523
1780912560,2026-06-08T15:26:00,73450.72,73454.04,73430.85,73435.97,66278
1780912620,2026-06-08T15:27:00,73436.04,73467.0,73428.99,73454.73,78453
1780912680,2026-06-08T15:28:00,73466.81,73485.72,73456.92,73470.53,70660
1780912740,2026-06-08T15:29:00,73471.16,73489.74,73446.35,73466.85,74644
1780976700,2026-06-09T09:15:00,74035.41,74035.41,73794.14,73871.77,296788
1780976760,2026-06-09T09:16:00,73877.39,73893.84,73855.63,73871.74,128327
1780976820,2026-06-09T09:17:00,73873.74,73880.49,73838.27,73838.27,112902
1780976880,2026-06-09T09:18:00,73842.98,73883.14,73835.54,73850.54,93129
1780976940,2026-06-09T09:19:00,73854.23,73887.8,73852.77,73878.13,70333
1780977000,2026-06-09T09:20:00,73879.67,73916.77,73875.49,73895.54,72410
1780977060,2026-06-09T09:21:00,73901.08,73909.29,73884.69,73884.69,79319
1780977120,2026-06-09T09:22:00,73882.96,73887.97,73848.58,73865.31,56593
1780977180,2026-06-09T09:23:00,73875.1,73899.19,73874.74,73895.64,50901
1780977240,2026-06-09T09:24:00,73889.2,73907.17,73874.83,73904.44,66195
1780977300,2026-06-09T09:25:00,73908.28,73910.43,73892.98,73893.77,48593
1780977360,2026-06-09T09:26:00,73891.91,73900.61,73885.47,73891.5,46563
1780977420,2026-06-09T09:27:00,73895.08,73901.05,73885.31,73888.82,35669
1780977480,2026-06-09T09:28:00,73897.79,73905.17,73878.23,73879.6,43523
1780977540,2026-06-09T09:29:00,73879.15,73885.16,73858.04,73864.37,41483
1780977600,2026-06-09T09:30:00,73860.56,73916.54,73859.92,73915.47,61655
1780977660,2026-06-09T09:31:00,73913.62,73926.54,73904.17,73925.63,49687
1780977720,2026-06-09T09:32:00,73927.98,73958.39,73927.98,73948.38,254900
1780977780,2026-06-09T09:33:00,73947.23,73965.71,73928.47,73928.47,243029
1780977840,2026-06-09T09:34:00,73926.93,73930.71,73912.84,73918.4,29709
1780977900,2026-06-09T09:35:00,73916.0,73922.1,73895.6,73895.6,35101
1780977960,2026-06-09T09:36:00,73896.89,73921.55,73889.07,73897.52,29137
1780978020,2026-06-09T09:37:00,73896.85,73896.85,73850.63,73856.91,40078
1780978080,2026-06-09T09:38:00,73854.54,73854.54,73806.92,73831.22,40867
1780978140,2026-06-09T09:39:00,73832.46,73836.32,73805.72,73815.03,40847
1780978200,2026-06-09T09:40:00,73815.68,73815.68,73789.1,73793.34,33878
1780978260,2026-06-09T09:41:00,73790.46,73835.43,73790.46,73826.03,32312
1780978320,2026-06-09T09:42:00,73825.25,73825.25,73788.01,73795.3,34096
1780978380,2026-06-09T09:43:00,73795.66,73797.7,73780.32,73780.32,40393
1780978440,2026-06-09T09:44:00,73781.76,73787.23,73762.41,73766.75,35751
1780978500,2026-06-09T09:45:00,73762.91,73782.57,73754.28,73776.78,33595
1780978560,2026-06-09T09:46:00,73775.99,73790.45,73775.99,73787.21,54141
1780978620,2026-06-09T09:47:00,73789.6,73821.12,73789.6,73816.57,41792
1780978680,2026-06-09T09:48:00,73816.57,73824.68,73795.77,73799.21,34821
1780978740,2026-06-09T09:49:00,73798.37,73798.37,73720.28,73725.79,50653
1780978800,2026-06-09T09:50:00,73725.79,73735.19,73717.51,73732.11,35581
1780978860,2026-06-09T09:51:00,73729.21,73773.26,73729.21,73768.22,22136
1780978920,2026-06-09T09:52:00,73768.25,73802.8,73766.85,73802.8,14588
1780978980,2026-06-09T09:53:00,73800.52,73804.65,73784.03,73798.68,24379
1780979040,2026-06-09T09:54:00,73799.33,73815.14,73797.67,73808.05,20454
1780979100,2026-06-09T09:55:00,73807.54,73811.1,73776.84,73776.97,23115
1780979160,2026-06-09T09:56:00,73777.91,73779.87,73764.69,73764.9,26507
1780979220,2026-06-09T09:57:00,73761.11,73761.11,73724.28,73724.28,27584
1780979280,2026-06-09T09:58:00,73724.43,73729.68,73718.51,73723.25,27607
1780979340,2026-06-09T09:59:00,73720.97,73737.24,73713.0,73723.71,22918
1780979400,2026-06-09T10:00:00,73726.64,73742.7,73724.76,73741.52,28647
1780979460,2026-06-09T10:01:00,73736.59,73739.53,73722.96,73729.16,22101
1780979520,2026-06-09T10:02:00,73726.62,73726.62,73708.1,73720.45,38263
1780979580,2026-06-09T10:03:00,73720.45,73720.45,73683.68,73686.74,20406
1780979640,2026-06-09T10:04:00,73681.16,73683.74,73652.22,73652.22,28820
1780979700,2026-06-09T10:05:00,73653.04,73684.57,73651.17,73676.23,38183
1780979760,2026-06-09T10:06:00,73676.23,73683.91,73672.05,73673.29,29949
1780979820,2026-06-09T10:07:00,73669.51,73673.69,73651.68,73653.41,331043
1780979880,2026-06-09T10:08:00,73651.58,73666.34,73643.94,73644.04,23588
1780979940,2026-06-09T10:09:00,73640.93,73656.69,73627.48,73652.42,14384
1780980000,2026-06-09T10:10:00,73652.62,73658.26,73633.89,73638.99,28492
1780980060,2026-06-09T10:11:00,73637.68,73647.58,73637.5,73639.1,20300
1780980120,2026-06-09T10:12:00,73638.75,73651.2,73630.35,73646.76,21328
1780980180,2026-06-09T10:13:00,73646.97,73654.77,73642.26,73650.33,30205
1780980240,2026-06-09T10:14:00,73650.61,73652.74,73637.45,73639.36,29835
1780980300,2026-06-09T10:15:00,73643.79,73646.89,73628.51,73633.79,27861
1780980360,2026-06-09T10:16:00,73632.57,73668.86,73631.78,73664.87,24500
1780980420,2026-06-09T10:17:00,73662.94,73669.61,73646.67,73656.42,12761
1780980480,2026-06-09T10:18:00,73656.41,73661.33,73646.66,73661.33,21533
1780980540,2026-06-09T10:19:00,73663.05,73665.66,73645.79,73653.15,69405
1780980600,2026-06-09T10:20:00,73653.14,73655.72,73625.88,73630.92,29969
1780980660,2026-06-09T10:21:00,73631.99,73641.32,73627.49,73637.6,24962
1780980720,2026-06-09T10:22:00,73637.44,73646.03,73618.01,73621.72,34547
1780980780,2026-06-09T10:23:00,73616.18,73616.18,73583.83,73599.83,50809
1780980840,2026-06-09T10:24:00,73599.98,73622.5,73593.81,73617.37,17917
1780980900,2026-06-09T10:25:00,73618.19,73622.44,73610.65,73613.16,10863
1780980960,2026-06-09T10:26:00,73613.73,73620.95,73609.25,73614.19,10285
1780981020,2026-06-09T10:27:00,73613.72,73623.43,73608.06,73622.88,17958
1780981080,2026-06-09T10:28:00,73623.42,73639.14,73620.44,73638.66,12208
1780981140,2026-06-09T10:29:00,73638.01,73653.35,73635.52,73636.06,22851
1780981200,2026-06-09T10:30:00,73641.43,73653.43,73638.23,73651.96,6183
1780981260,2026-06-09T10:31:00,73650.72,73650.72,73624.87,73624.87,13347
1780981320,2026-06-09T10:32:00,73622.71,73625.29,73606.48,73606.48,6903
1780981380,2026-06-09T10:33:00,73603.89,73607.84,73593.67,73603.42,15038
1780981440,2026-06-09T10:34:00,73605.1,73631.94,73605.1,73619.02,12187
1780981500,2026-06-09T10:35:00,73618.26,73619.62,73607.63,73608.16,12502
1780981560,2026-06-09T10:36:00,73608.58,73608.58,73583.18,73590.05,11596
1780981620,2026-06-09T10:37:00,73589.45,73597.44,73577.92,73590.7,14940
1780981680,2026-06-09T10:38:00,73590.7,73597.48,73583.55,73593.76,9283
1780981740,2026-06-09T10:39:00,73596.44,73605.97,73591.57,73591.59,47628
1780981800,2026-06-09T10:40:00,73591.59,73594.37,73582.94,73582.94,26245
1780981860,2026-06-09T10:41:00,73587.91,73607.95,73582.89,73607.95,15052
1780981920,2026-06-09T10:42:00,73607.82,73614.81,73604.42,73608.0,16448
1780981980,2026-06-09T10:43:00,73609.63,73623.46,73608.83,73621.47,7321
1780982040,2026-06-09T10:44:00,73619.86,73625.28,73610.83,73625.28,14728
1780982100,2026-06-09T10:45:00,73626.57,73640.64,73623.48,73639.18,24968
1780982160,2026-06-09T10:46:00,73637.51,73637.51,73614.99,73619.35,35072
1780982220,2026-06-09T10:47:00,73619.72,73633.15,73614.46,73614.46,14965
1780982280,2026-06-09T10:48:00,73614.46,73626.61,73607.64,73610.81,20753
1780982340,2026-06-09T10:49:00,73609.34,73609.34,73535.68,73535.68,22625
1780982400,2026-06-09T10:50:00,73539.79,73542.61,73526.64,73536.48,18384
1780982460,2026-06-09T10:51:00,73536.22,73536.22,73510.5,73517.56,27972
1780982520,2026-06-09T10:52:00,73516.85,73537.1,73516.81,73531.59,49836
1780982580,2026-06-09T10:53:00,73534.08,73566.67,73534.08,73561.2,22217
1780982640,2026-06-09T10:54:00,73560.03,73589.77,73558.44,73589.77,11730
1780982700,2026-06-09T10:55:00,73590.53,73603.68,73585.49,73585.49,16548
1780982760,2026-06-09T10:56:00,73584.88,73588.25,73578.31,73585.0,13446
1780982820,2026-06-09T10:57:00,73586.77,73586.77,73570.47,73577.05,7919
1780982880,2026-06-09T10:58:00,73576.46,73580.89,73569.19,73580.89,8075
1780982940,2026-06-09T10:59:00,73580.89,73588.44,73574.36,73587.61,14297
1780983000,2026-06-09T11:00:00,73585.84,73585.84,73572.03,73582.24,8799
1780983060,2026-06-09T11:01:00,73583.15,73588.19,73572.05,73576.58,5818
1780983120,2026-06-09T11:02:00,73577.72,73585.87,73574.89,73582.3,10220
1780983180,2026-06-09T11:03:00,73581.7,73582.75,73573.4,73576.29,17894
1780983240,2026-06-09T11:04:00,73573.36,73581.0,73567.64,73577.67,19110
1780983300,2026-06-09T11:05:00,73577.67,73592.94,73575.14,73592.78,33167
1780983360,2026-06-09T11:06:00,73592.41,73603.67,73582.35,73600.72,47679
1780983420,2026-06-09T11:07:00,73598.39,73602.41,73585.01,73589.21,36081
1780983480,2026-06-09T11:08:00,73586.65,73598.8,73571.68,73573.47,32126
1780983540,2026-06-09T11:09:00,73572.77,73577.17,73563.2,73566.0,27638
1780983600,2026-06-09T11:10:00,73568.24,73576.88,73561.09,73563.1,15037
1780983660,2026-06-09T11:11:00,73564.29,73565.95,73546.9,73548.66,24578
1780983720,2026-06-09T11:12:00,73545.44,73559.26,73545.44,73550.92,69663
1780983780,2026-06-09T11:13:00,73548.62,73561.05,73545.29,73559.7,25069
1780983840,2026-06-09T11:14:00,73559.79,73561.97,73548.47,73548.47,8412
1780983900,2026-06-09T11:15:00,73545.55,73559.15,73542.83,73552.41,19389
1780983960,2026-06-09T11:16:00,73551.2,73556.84,73527.66,73527.66,32503
1780984020,2026-06-09T11:17:00,73527.48,73547.26,73527.08,73545.87,39236
1780984080,2026-06-09T11:18:00,73548.02,73580.45,73548.02,73580.39,16061
1780984140,2026-06-09T11:19:00,73580.12,73594.93,73575.0,73578.18,9888
1780984200,2026-06-09T11:20:00,73577.56,73583.56,73551.15,73551.15,12867
1780984260,2026-06-09T11:21:00,73551.15,73551.98,73530.68,73532.37,27461
1780984320,2026-06-09T11:22:00,73529.96,73532.41,73520.15,73524.64,28901
1780984380,2026-06-09T11:23:00,73519.63,73520.7,73482.45,73486.16,35645
1780984440,2026-06-09T11:24:00,73485.37,73485.37,73440.51,73450.46,43095
1780984500,2026-06-09T11:25:00,73450.97,73452.87,73426.18,73443.84,24323
1780984560,2026-06-09T11:26:00,73443.58,73456.22,73443.27,73455.67,18683
1780984620,2026-06-09T11:27:00,73455.19,73479.97,73451.92,73479.96,17398
1780984680,2026-06-09T11:28:00,73480.2,73528.37,73479.23,73528.37,27080
1780984740,2026-06-09T11:29:00,73522.02,73534.13,73512.84,73520.87,27209
1780984800,2026-06-09T11:30:00,73519.56,73530.46,73504.79,73522.9,17933
1780984860,2026-06-09T11:31:00,73519.03,73520.78,73500.16,73502.05,20842
1780984920,2026-06-09T11:32:00,73507.55,73540.15,73507.16,73531.61,41373
1780984980,2026-06-09T11:33:00,73531.52,73534.66,73509.82,73512.64,20861
1780985040,2026-06-09T11:34:00,73512.01,73539.02,73512.01,73534.56,13172
1780985100,2026-06-09T11:35:00,73539.6,73559.39,73536.89,73559.39,20845
1780985160,2026-06-09T11:36:00,73558.26,73579.0,73555.94,73576.05,18120
1780985220,2026-06-09T11:37:00,73575.05,73597.08,73570.81,73583.88,29721
1780985280,2026-06-09T11:38:00,73584.69,73590.82,73580.05,73587.62,22077
1780985340,2026-06-09T11:39:00,73585.92,73604.56,73578.32,73604.56,196461
1780985400,2026-06-09T11:40:00,73605.16,73606.0,73542.44,73542.79,43118
1780985460,2026-06-09T11:41:00,73545.45,73545.45,73523.62,73530.92,21864
1780985520,2026-06-09T11:42:00,73531.08,73543.88,73516.52,73530.37,26942
1780985580,2026-06-09T11:43:00,73530.62,73561.41,73528.86,73560.19,20199
1780985640,2026-06-09T11:44:00,73562.19,73576.95,73561.55,73569.11,17033
1780985700,2026-06-09T11:45:00,73569.11,73587.95,73562.83,73585.2,31845
1780985760,2026-06-09T11:46:00,73588.13,73661.77,73588.13,73661.77,60121
1780985820,2026-06-09T11:47:00,73664.58,73698.59,73660.58,73693.46,40713
1780985880,2026-06-09T11:48:00,73695.83,73709.1,73674.89,73677.76,81292
1780985940,2026-06-09T11:49:00,73676.95,73682.86,73642.08,73647.29,38017
1780986000,2026-06-09T11:50:00,73647.29,73668.61,73642.78,73665.39,40955
1780986060,2026-06-09T11:51:00,73660.88,73690.79,73660.88,73687.44,76911
1780986120,2026-06-09T11:52:00,73691.01,73692.79,73632.5,73632.5,91788
1780986180,2026-06-09T11:53:00,73632.95,73635.43,73622.47,73632.96,20364
1780986240,2026-06-09T11:54:00,73636.9,73654.49,73631.82,73649.91,36419
1780986300,2026-06-09T11:55:00,73649.69,73663.88,73649.08,73659.02,18103
1780986360,2026-06-09T11:56:00,73654.73,73658.97,73648.19,73655.61,21009
1780986420,2026-06-09T11:57:00,73656.78,73660.97,73641.96,73659.06,12863
1780986480,2026-06-09T11:58:00,73658.45,73673.2,73658.45,73669.38,12089
1780986540,2026-06-09T11:59:00,73663.91,73673.78,73657.39,73667.96,27406
1780986600,2026-06-09T12:00:00,73666.79,73688.16,73665.2,73684.94,11810
1780986660,2026-06-09T12:01:00,73685.91,73702.79,73685.91,73693.7,8521
1780986720,2026-06-09T12:02:00,73692.68,73719.18,73692.68,73713.69,17278
1780986780,2026-06-09T12:03:00,73721.71,73739.11,73698.44,73706.24,17424
1780986840,2026-06-09T12:04:00,73704.39,73721.52,73681.66,73687.9,10690
1780986900,2026-06-09T12:05:00,73689.73,73694.53,73674.0,73674.0,15132
1780986960,2026-06-09T12:06:00,73673.82,73677.23,73659.53,73661.14,15362
1780987020,2026-06-09T12:07:00,73660.19,73674.81,73658.4,73663.44,21087
1780987080,2026-06-09T12:08:00,73660.4,73678.48,73660.4,73678.48,12673
1780987140,2026-06-09T12:09:00,73678.88,73678.88,73664.72,73667.3,30512
1780987200,2026-06-09T12:10:00,73668.35,73679.97,73662.18,73675.03,21027
1780987260,2026-06-09T12:11:00,73674.68,73687.52,73669.35,73679.65,10387
1780987320,2026-06-09T12:12:00,73680.09,73685.91,73674.56,73679.74,16560
1780987380,2026-06-09T12:13:00,73680.55,73695.9,73677.8,73693.97,54703
1780987440,2026-06-09T12:14:00,73698.56,73709.81,73692.27,73698.76,16700
1780987500,2026-06-09T12:15:00,73704.35,73710.45,73697.83,73706.89,10328
1780987560,2026-06-09T12:16:00,73708.46,73731.58,73704.81,73717.58,20182
1780987620,2026-06-09T12:17:00,73719.55,73728.99,73716.62,73723.74,10848
1780987680,2026-06-09T12:18:00,73723.07,73728.26,73717.97,73723.78,15004
1780987740,2026-06-09T12:19:00,73723.76,73742.9,73722.76,73742.9,40620
1780987800,2026-06-09T12:20:00,73742.79,73747.13,73723.9,73725.72,17606
1780987860,2026-06-09T12:21:00,73723.42,73741.01,73723.42,73732.87,17462
1780987920,2026-06-09T12:22:00,73733.86,73769.3,73731.44,73760.07,21640
1780987980,2026-06-09T12:23:00,73761.76,73772.13,73752.57,73752.72,14479
1780988040,2026-06-09T12:24:00,73753.17,73753.17,73730.07,73730.65,9924
1780988100,2026-06-09T12:25:00,73730.95,73741.6,73728.21,73733.11,16548
1780988160,2026-06-09T12:26:00,73731.71,73741.19,73727.46,73735.49,5910
1780988220,2026-06-09T12:27:00,73735.47,73754.45,73730.72,73752.1,12279
1780988280,2026-06-09T12:28:00,73751.4,73761.64,73750.24,73759.25,16059
1780988340,2026-06-09T12:29:00,73760.95,73767.0,73750.4,73756.09,40589
1780988400,2026-06-09T12:30:00,73757.48,73765.02,73751.85,73753.5,18550
1780988460,2026-06-09T12:31:00,73751.85,73765.36,73747.56,73765.36,14227
1780988520,2026-06-09T12:32:00,73764.95,73788.39,73762.87,73783.75,26064
1780988580,2026-06-09T12:33:00,73783.64,73802.57,73781.38,73802.57,15146
1780988640,2026-06-09T12:34:00,73806.29,73821.24,73799.05,73799.05,12114
1780988700,2026-06-09T12:35:00,73801.04,73819.09,73799.73,73819.09,18012
1780988760,2026-06-09T12:36:00,73818.36,73819.73,73803.73,73806.93,11964
1780988820,2026-06-09T12:37:00,73807.5,73812.48,73785.93,73792.45,10788
1780988880,2026-06-09T12:38:00,73789.18,73803.77,73786.96,73792.8,35848
1780988940,2026-06-09T12:39:00,73788.67,73797.38,73777.13,73796.93,13323
1780989000,2026-06-09T12:40:00,73797.22,73805.9,73789.23,73794.35,1095402
1780989060,2026-06-09T12:41:00,73798.83,73809.42,73792.34,73801.52,31219
1780989120,2026-06-09T12:42:00,73802.47,73804.06,73786.43,73788.92,37746
1780989180,2026-06-09T12:43:00,73785.03,73788.6,73737.71,73739.11,27102
1780989240,2026-06-09T12:44:00,73740.13,73758.73,73729.63,73758.02,25534
1780989300,2026-06-09T12:45:00,73757.98,73787.71,73746.94,73787.71,14133
1780989360,2026-06-09T12:46:00,73786.42,73787.86,73739.64,73762.03,18934
1780989420,2026-06-09T12:47:00,73760.4,73761.22,73743.65,73748.54,21534
1780989480,2026-06-09T12:48:00,73749.43,73756.51,73742.75,73750.95,19850
1780989540,2026-06-09T12:49:00,73750.62,73759.81,73744.62,73749.67,11861
1780989600,2026-06-09T12:50:00,73749.49,73749.49,73714.18,73714.88,16250
1780989660,2026-06-09T12:51:00,73716.08,73729.72,73707.71,73727.01,17332
1780989720,2026-06-09T12:52:00,73725.38,73742.01,73725.38,73739.56,8638
1780989780,2026-06-09T12:53:00,73738.06,73757.4,73737.56,73750.76,15470
1780989840,2026-06-09T12:54:00,73750.36,73756.08,73736.01,73739.99,7065
1780989900,2026-06-09T12:55:00,73737.77,73737.77,73722.34,73722.34,9787
1780989960,2026-06-09T12:56:00,73720.94,73731.42,73705.05,73713.04,28229
1780990020,2026-06-09T12:57:00,73713.04,73722.65,73707.38,73707.68,9585
1780990080,2026-06-09T12:58:00,73708.32,73708.93,73678.96,73680.49,17914
1780990140,2026-06-09T12:59:00,73680.27,73700.97,73677.76,73698.58,28971
1780990200,2026-06-09T13:00:00,73698.76,73745.5,73698.76,73732.1,32047
1780990260,2026-06-09T13:01:00,73729.76,73756.93,73729.22,73748.19,9523
1780990320,2026-06-09T13:02:00,73746.59,73772.55,73745.19,73764.13,25213
1780990380,2026-06-09T13:03:00,73763.49,73771.77,73748.1,73771.77,13831
1780990440,2026-06-09T13:04:00,73767.29,73767.58,73731.96,73738.79,16384
1780990500,2026-06-09T13:05:00,73737.4,73741.45,73703.51,73704.09,23753
1780990560,2026-06-09T13:06:00,73704.09,73747.08,73700.71,73746.8,16486
1780990620,2026-06-09T13:07:00,73749.85,73756.59,73738.11,73741.38,9939
1780990680,2026-06-09T13:08:00,73742.93,73748.61,73727.12,73734.21,18660
1780990740,2026-06-09T13:09:00,73736.9,73738.16,73714.98,73720.38,110138
1780990800,2026-06-09T13:10:00,73719.91,73743.3,73713.73,73743.3,9209
1780990860,2026-06-09T13:11:00,73741.0,73756.26,73729.91,73738.57,14351
1780990920,2026-06-09T13:12:00,73738.36,73759.31,73731.54,73759.31,21219
1780990980,2026-06-09T13:13:00,73759.31,73786.64,73753.36,73786.64,39557
1780991040,2026-06-09T13:14:00,73783.74,73791.22,73777.71,73785.63,18127
1780991100,2026-06-09T13:15:00,73776.68,73831.87,73776.68,73830.64,49121
1780991160,2026-06-09T13:16:00,73830.33,73831.58,73799.56,73803.13,12609
1780991220,2026-06-09T13:17:00,73802.54,73802.54,73773.13,73789.7,28161
1780991280,2026-06-09T13:18:00,73787.34,73787.69,73749.22,73764.72,24199
1780991340,2026-06-09T13:19:00,73759.57,73767.36,73747.65,73755.38,18506
1780991400,2026-06-09T13:20:00,73758.99,73764.61,73749.03,73753.8,14274
1780991460,2026-06-09T13:21:00,73754.28,73768.93,73751.83,73757.04,11584
1780991520,2026-06-09T13:22:00,73760.18,73765.92,73751.02,73754.93,13356
1780991580,2026-06-09T13:23:00,73754.18,73757.35,73734.35,73742.95,11255
1780991640,2026-06-09T13:24:00,73743.46,73744.9,73729.54,73739.05,14080
1780991700,2026-06-09T13:25:00,73741.71,73758.08,73740.56,73755.21,8402
1780991760,2026-06-09T13:26:00,73755.55,73759.2,73744.09,73745.17,34908
1780991820,2026-06-09T13:27:00,73742.85,73747.01,73733.68,73741.08,19573
1780991880,2026-06-09T13:28:00,73744.43,73760.07,73739.41,73760.02,10256
1780991940,2026-06-09T13:29:00,73759.69,73767.94,73757.13,73767.94,9181
1780992000,2026-06-09T13:30:00,73768.98,73768.99,73745.77,73752.08,8072
1780992060,2026-06-09T13:31:00,73750.39,73750.39,73711.39,73716.85,15955
1780992120,2026-06-09T13:32:00,73716.0,73738.05,73716.0,73721.84,7725
1780992180,2026-06-09T13:33:00,73722.5,73730.25,73714.77,73721.6,19872
1780992240,2026-06-09T13:34:00,73721.6,73751.86,73719.0,73751.86,75758
1780992300,2026-06-09T13:35:00,73747.18,73751.31,73734.94,73744.07,12473
1780992360,2026-06-09T13:36:00,73744.07,73774.22,73744.07,73774.22,38278
1780992420,2026-06-09T13:37:00,73772.49,73782.48,73766.85,73781.75,14387
1780992480,2026-06-09T13:38:00,73787.44,73792.16,73779.28,73790.55,19165
1780992540,2026-06-09T13:39:00,73784.63,73796.38,73769.05,73792.71,17262
1780992600,2026-06-09T13:40:00,73793.41,73803.63,73785.98,73787.06,32532
1780992660,2026-06-09T13:41:00,73786.01,73793.55,73780.47,73781.55,20343
1780992720,2026-06-09T13:42:00,73782.32,73782.32,73750.09,73766.09,26773
1780992780,2026-06-09T13:43:00,73760.82,73810.89,73760.82,73806.73,23924
1780992840,2026-06-09T13:44:00,73806.3,73807.38,73792.02,73800.12,9516
1780992900,2026-06-09T13:45:00,73800.12,73807.64,73792.76,73807.64,13661
1780992960,2026-06-09T13:46:00,73805.53,73805.53,73773.47,73776.07,18601
1780993020,2026-06-09T13:47:00,73773.61,73775.04,73749.97,73753.83,14849
1780993080,2026-06-09T13:48:00,73754.38,73776.15,73751.13,73767.43,17436
1780993140,2026-06-09T13:49:00,73768.3,73768.3,73747.71,73750.18,24053
1780993200,2026-06-09T13:50:00,73750.18,73765.36,73749.14,73765.36,24345
1780993260,2026-06-09T13:51:00,73770.99,73773.1,73753.64,73755.23,12240
1780993320,2026-06-09T13:52:00,73748.86,73752.52,73730.75,73733.52,50809
1780993380,2026-06-09T13:53:00,73733.71,73738.89,73726.56,73736.0,9371
1780993440,2026-06-09T13:54:00,73736.09,73740.71,73725.1,73725.1,9847
1780993500,2026-06-09T13:55:00,73726.06,73738.52,73722.14,73727.44,109287
1780993560,2026-06-09T13:56:00,73727.28,73727.28,73683.63,73685.38,37708
1780993620,2026-06-09T13:57:00,73684.55,73695.65,73680.99,73683.95,14306
1780993680,2026-06-09T13:58:00,73683.96,73687.82,73672.48,73680.26,14639
1780993740,2026-06-09T13:59:00,73677.21,73723.19,73677.21,73719.74,12940
1780993800,2026-06-09T14:00:00,73714.41,73724.21,73709.09,73713.29,14120
1780993860,2026-06-09T14:01:00,73711.57,73714.66,73697.6,73701.17,22665
1780993920,2026-06-09T14:02:00,73702.61,73710.49,73699.12,73701.13,22041
1780993980,2026-06-09T14:03:00,73704.62,73710.49,73701.2,73709.93,11314
1780994040,2026-06-09T14:04:00,73708.65,73719.08,73708.65,73716.11,7311
1780994100,2026-06-09T14:05:00,73716.11,73735.16,73704.71,73735.16,18088
1780994160,2026-06-09T14:06:00,73735.96,73745.5,73727.14,73741.84,9851
1780994220,2026-06-09T14:07:00,73741.84,73750.55,73732.38,73750.55,10923
1780994280,2026-06-09T14:08:00,73750.33,73755.59,73747.06,73755.59,14853
1780994340,2026-06-09T14:09:00,73755.14,73774.24,73755.14,73774.24,17141
1780994400,2026-06-09T14:10:00,73774.72,73781.91,73763.21,73772.09,15934
1780994460,2026-06-09T14:11:00,73773.14,73788.63,73772.27,73787.28,16097
1780994520,2026-06-09T14:12:00,73786.74,73816.1,73785.64,73816.1,15232
1780994580,2026-06-09T14:13:00,73814.98,73817.44,73782.68,73784.75,15345
1780994640,2026-06-09T14:14:00,73785.04,73786.82,73768.83,73772.8,21552
1780994700,2026-06-09T14:15:00,73772.8,73776.05,73759.06,73761.21,12280
1780994760,2026-06-09T14:16:00,73761.21,73761.21,73746.59,73754.14,13525
1780994820,2026-06-09T14:17:00,73752.56,73782.96,73746.11,73782.96,36108
1780994880,2026-06-09T14:18:00,73779.57,73782.6,73769.78,73775.83,40640
1780994940,2026-06-09T14:19:00,73775.31,73780.94,73760.27,73763.09,13775
1780995000,2026-06-09T14:20:00,73762.86,73766.94,73753.36,73760.12,20593
1780995060,2026-06-09T14:21:00,73759.79,73762.58,73737.88,73739.4,34200
1780995120,2026-06-09T14:22:00,73739.8,73742.19,73731.05,73734.28,11719
1780995180,2026-06-09T14:23:00,73731.98,73731.98,73714.02,73718.21,14514
1780995240,2026-06-09T14:24:00,73716.08,73743.1,73704.89,73743.1,11271
1780995300,2026-06-09T14:25:00,73743.1,73782.42,73741.3,73782.1,28679
1780995360,2026-06-09T14:26:00,73783.67,73785.81,73753.7,73768.62,13847
1780995420,2026-06-09T14:27:00,73768.62,73774.29,73758.14,73767.39,23304
1780995480,2026-06-09T14:28:00,73767.39,73788.08,73767.39,73787.32,20007
1780995540,2026-06-09T14:29:00,73787.62,73806.51,73786.64,73806.51,24746
1780995600,2026-06-09T14:30:00,73810.3,73810.7,73788.58,73792.49,23349
1780995660,2026-06-09T14:31:00,73791.04,73803.98,73778.88,73803.98,16228
1780995720,2026-06-09T14:32:00,73805.65,73809.44,73796.82,73805.46,20109
1780995780,2026-06-09T14:33:00,73805.12,73827.89,73802.42,73822.14,18654
1780995840,2026-06-09T14:34:00,73822.14,73829.69,73821.19,73829.69,13797
1780995900,2026-06-09T14:35:00,73832.95,73840.7,73825.51,73828.72,44086
1780995960,2026-06-09T14:36:00,73828.35,73835.91,73815.12,73817.33,17240
1780996020,2026-06-09T14:37:00,73820.19,73840.28,73808.31,73840.28,25877
1780996080,2026-06-09T14:38:00,73841.75,73852.37,73837.37,73844.45,27961
1780996140,2026-06-09T14:39:00,73845.66,73898.7,73845.66,73898.7,30870
1780996200,2026-06-09T14:40:00,73900.52,73948.13,73897.27,73944.98,23799
1780996260,2026-06-09T14:41:00,73945.7,73974.43,73945.7,73963.38,26859
1780996320,2026-06-09T14:42:00,73963.93,73974.01,73944.09,73945.7,19687
1780996380,2026-06-09T14:43:00,73948.92,73949.12,73918.8,73929.16,24245
1780996440,2026-06-09T14:44:00,73929.98,73973.54,73929.98,73950.91,29791
1780996500,2026-06-09T14:45:00,73951.72,73960.94,73940.86,73947.38,19353
1780996560,2026-06-09T14:46:00,73947.92,73955.08,73941.73,73945.65,27494
1780996620,2026-06-09T14:47:00,73945.17,73950.35,73932.83,73932.83,21215
1780996680,2026-06-09T14:48:00,73934.97,73940.32,73921.35,73931.46,22150
1780996740,2026-06-09T14:49:00,73929.65,73946.64,73929.65,73935.99,19474
1780996800,2026-06-09T14:50:00,73936.51,73951.93,73931.71,73943.58,14637
1780996860,2026-06-09T14:51:00,73943.34,73962.85,73943.34,73957.69,32330
1780996920,2026-06-09T14:52:00,73956.51,73961.24,73924.96,73948.75,26599
1780996980,2026-06-09T14:53:00,73950.67,73999.92,73950.67,73989.73,40084
1780997040,2026-06-09T14:54:00,73989.58,74001.75,73981.89,73999.96,33551
1780997100,2026-06-09T14:55:00,74001.73,74009.75,73996.85,74007.7,20126
1780997160,2026-06-09T14:56:00,74010.0,74022.3,74004.27,74022.3,29110
1780997220,2026-06-09T14:57:00,74025.01,74032.01,74010.21,74013.86,18315
1780997280,2026-06-09T14:58:00,74012.27,74013.85,73990.73,73999.22,25110
1780997340,2026-06-09T14:59:00,73997.32,74020.71,73996.89,74020.57,41053
1780997400,2026-06-09T15:00:00,74015.54,74015.54,73898.02,73913.13,56133
1780997460,2026-06-09T15:01:00,73910.53,73917.52,73892.57,73902.97,26673
1780997520,2026-06-09T15:02:00,73899.33,73901.72,73871.34,73884.9,21883
1780997580,2026-06-09T15:03:00,73886.44,73907.37,73885.6,73904.92,25812
1780997640,2026-06-09T15:04:00,73908.13,73910.94,73888.79,73903.53,26189
1780997700,2026-06-09T15:05:00,73896.81,73939.34,73896.81,73938.65,55613
1780997760,2026-06-09T15:06:00,73944.57,73968.82,73928.34,73928.64,27997
1780997820,2026-06-09T15:07:00,73924.22,73938.96,73909.07,73914.15,39205
1780997880,2026-06-09T15:08:00,73914.51,73972.87,73896.17,73968.1,26222
1780997940,2026-06-09T15:09:00,73967.86,73991.23,73942.88,73991.23,35422
1780998000,2026-06-09T15:10:00,73990.23,73990.23,73921.89,73941.77,33265
1780998060,2026-06-09T15:11:00,73941.01,73946.07,73925.11,73925.11,35356
1780998120,2026-06-09T15:12:00,73925.9,73943.48,73921.01,73938.69,33982
1780998180,2026-06-09T15:13:00,73938.92,73939.16,73910.59,73917.82,16294
1780998240,2026-06-09T15:14:00,73928.63,73930.91,73918.1,73925.07,28425
1780998300,2026-06-09T15:15:00,73921.39,73922.18,73885.7,73896.56,26997
1780998360,2026-06-09T15:16:00,73896.45,73897.14,73879.94,73895.18,25616
1780998420,2026-06-09T15:17:00,73899.53,73905.97,73892.83,73901.54,21874
1780998480,2026-06-09T15:18:00,73903.05,73903.05,73875.47,73890.53,19360
1780998540,2026-06-09T15:19:00,73891.08,73899.77,73888.47,73888.47,18575
1780998600,2026-06-09T15:20:00,73886.49,73893.21,73871.72,73893.21,35871
1780998660,2026-06-09T15:21:00,73894.07,73910.88,73881.09,73909.91,28210
1780998720,2026-06-09T15:22:00,73910.63,73921.81,73904.37,73907.05,12457
1780998780,2026-06-09T15:23:00,73906.63,73918.2,73899.97,73916.93,32342
1780998840,2026-06-09T15:24:00,73918.78,73918.78,73902.8,73918.2,29377
1780998900,2026-06-09T15:25:00,73918.39,73928.66,73910.05,73921.78,23161
1780998960,2026-06-09T15:26:00,73923.77,73935.57,73912.36,73935.57,24365
1780999020,2026-06-09T15:27:00,73938.63,73939.55,73917.74,73931.58,47661
1780999080,2026-06-09T15:28:00,73937.79,73957.95,73925.95,73954.06,56282
1780999140,2026-06-09T15:29:00,73950.03,73986.53,73935.04,73980.88,46249
1781063100,2026-06-10T09:15:00,73988.27,74150.39,73897.83,74136.61,227638
1781063160,2026-06-10T09:16:00,74162.05,74259.98,74157.92,74239.16,185810
1781063220,2026-06-10T09:17:00,74242.79,74303.22,74242.79,74277.11,163619
1781063280,2026-06-10T09:18:00,74273.81,74354.87,74262.96,74330.44,165598
1781063340,2026-06-10T09:19:00,74329.89,74343.78,74266.3,74268.52,90769
1781063400,2026-06-10T09:20:00,74269.81,74294.79,74237.95,74237.95,95546
1781063460,2026-06-10T09:21:00,74239.08,74269.88,74239.08,74249.85,86637
1781063520,2026-06-10T09:22:00,74245.52,74245.52,74210.28,74216.76,67142
1781063580,2026-06-10T09:23:00,74221.02,74237.06,74196.07,74222.63,75246
1781063640,2026-06-10T09:24:00,74220.67,74270.11,74216.57,74253.05,77938
1781063700,2026-06-10T09:25:00,74257.29,74271.2,74241.82,74261.76,64099
1781063760,2026-06-10T09:26:00,74255.51,74290.56,74253.89,74285.25,62641
1781063820,2026-06-10T09:27:00,74281.32,74293.23,74253.93,74289.21,55322
1781063880,2026-06-10T09:28:00,74293.23,74305.37,74262.39,74280.74,65942
1781063940,2026-06-10T09:29:00,74271.74,74315.56,74271.74,74314.41,63832
1781064000,2026-06-10T09:30:00,74313.28,74356.61,74302.19,74303.14,56471
1781064060,2026-06-10T09:31:00,74299.73,74335.15,74290.43,74293.31,55070
1781064120,2026-06-10T09:32:00,74303.07,74306.83,74278.39,74303.97,53758
1781064180,2026-06-10T09:33:00,74300.54,74319.09,74289.48,74319.09,36861
1781064240,2026-06-10T09:34:00,74317.84,74332.72,74310.63,74326.12,34309
1781064300,2026-06-10T09:35:00,74330.17,74336.88,74307.13,74308.18,45887
1781064360,2026-06-10T09:36:00,74311.91,74315.0,74298.54,74301.41,46751
1781064420,2026-06-10T09:37:00,74298.69,74310.36,74280.39,74283.56,45586
1781064480,2026-06-10T09:38:00,74286.57,74290.12,74274.98,74285.42,29544
1781064540,2026-06-10T09:39:00,74285.43,74296.73,74282.39,74289.9,50601
1781064600,2026-06-10T09:40:00,74291.86,74311.6,74284.19,74311.6,52325
1781064660,2026-06-10T09:41:00,74310.22,74326.69,74305.0,74326.69,40778
1781064720,2026-06-10T09:42:00,74325.33,74328.14,74299.39,74315.97,39958
1781064780,2026-06-10T09:43:00,74311.9,74333.71,74311.63,74333.08,31946
1781064840,2026-06-10T09:44:00,74335.84,74344.74,74322.3,74337.68,37062
1781064900,2026-06-10T09:45:00,74341.4,74352.31,74335.64,74349.37,50152
1781064960,2026-06-10T09:46:00,74352.13,74390.05,74345.52,74385.4,63929
1781065020,2026-06-10T09:47:00,74381.34,74414.05,74375.53,74412.67,49488
1781065080,2026-06-10T09:48:00,74414.1,74419.35,74394.65,74414.84,63966
1781065140,2026-06-10T09:49:00,74413.98,74432.12,74410.07,74417.64,30905
1781065200,2026-06-10T09:50:00,74420.94,74427.05,74402.17,74410.55,50143
1781065260,2026-06-10T09:51:00,74411.09,74428.89,74406.03,74419.01,47451
1781065320,2026-06-10T09:52:00,74419.42,74424.86,74403.55,74418.8,27373
1781065380,2026-06-10T09:53:00,74421.96,74427.07,74409.2,74422.7,29355
1781065440,2026-06-10T09:54:00,74420.25,74422.76,74405.58,74422.02,57363
1781065500,2026-06-10T09:55:00,74422.54,74448.78,74417.35,74438.85,52619
1781065560,2026-06-10T09:56:00,74438.5,74442.06,74422.72,74429.15,30067
1781065620,2026-06-10T09:57:00,74430.33,74458.45,74427.88,74434.64,52240
1781065680,2026-06-10T09:58:00,74432.22,74432.22,74409.07,74425.17,27362
1781065740,2026-06-10T09:59:00,74420.79,74424.05,74396.98,74398.04,139012
1781065800,2026-06-10T10:00:00,74395.59,74411.84,74387.26,74409.28,40545
1781065860,2026-06-10T10:01:00,74407.04,74407.04,74386.01,74390.97,37269
1781065920,2026-06-10T10:02:00,74388.47,74393.57,74361.56,74363.64,40061
1781065980,2026-06-10T10:03:00,74360.6,74373.31,74333.17,74335.39,32768
1781066040,2026-06-10T10:04:00,74337.94,74351.33,74333.94,74344.76,25913
1781066100,2026-06-10T10:05:00,74346.96,74346.96,74312.1,74331.41,31606
1781066160,2026-06-10T10:06:00,74329.41,74335.85,74320.95,74322.38,36307
1781066220,2026-06-10T10:07:00,74324.64,74353.88,74321.42,74343.91,39206
1781066280,2026-06-10T10:08:00,74354.53,74376.85,74353.79,74368.23,34520
1781066340,2026-06-10T10:09:00,74366.84,74368.46,74341.0,74355.48,23159
1781066400,2026-06-10T10:10:00,74357.09,74364.12,74349.1,74359.81,27551
1781066460,2026-06-10T10:11:00,74358.07,74360.4,74312.61,74316.6,40690
1781066520,2026-06-10T10:12:00,74310.0,74323.22,74302.89,74322.9,33272
1781066580,2026-06-10T10:13:00,74322.33,74325.9,74295.69,74297.11,22435
1781066640,2026-06-10T10:14:00,74297.52,74297.52,74241.42,74242.89,30968
1781066700,2026-06-10T10:15:00,74239.84,74239.84,74200.01,74212.26,61693
1781066760,2026-06-10T10:16:00,74208.97,74247.38,74201.58,74237.49,34510
1781066820,2026-06-10T10:17:00,74239.33,74254.46,74233.55,74252.31,20775
1781066880,2026-06-10T10:18:00,74252.05,74252.32,74231.47,74252.32,26680
1781066940,2026-06-10T10:19:00,74251.81,74292.9,74251.81,74289.53,43382
1781067000,2026-06-10T10:20:00,74284.03,74296.69,74262.28,74267.75,29557
1781067060,2026-06-10T10:21:00,74271.23,74273.82,74250.47,74257.14,19661
1781067120,2026-06-10T10:22:00,74255.73,74259.55,74234.71,74239.99,19865
1781067180,2026-06-10T10:23:00,74238.42,74238.42,74217.43,74217.43,18600
1781067240,2026-06-10T10:24:00,74217.2,74239.39,74217.2,74239.39,70671
1781067300,2026-06-10T10:25:00,74237.36,74237.36,74219.47,74219.47,21196
1781067360,2026-06-10T10:26:00,74220.65,74220.65,74202.4,74209.28,25822
1781067420,2026-06-10T10:27:00,74213.03,74225.77,74206.69,74219.85,28555
1781067480,2026-06-10T10:28:00,74219.85,74226.2,74208.29,74212.06,22415
1781067540,2026-06-10T10:29:00,74215.85,74222.58,74206.94,74222.58,27596
1781067600,2026-06-10T10:30:00,74220.98,74229.26,74215.77,74227.87,21504
1781067660,2026-06-10T10:31:00,74233.44,74236.09,74221.98,74233.98,12554
1781067720,2026-06-10T10:32:00,74233.25,74245.6,74227.54,74245.6,22901
1781067780,2026-06-10T10:33:00,74242.55,74260.6,74241.26,74259.54,20832
1781067840,2026-06-10T10:34:00,74260.57,74286.62,74259.19,74284.0,13885
1781067900,2026-06-10T10:35:00,74285.92,74308.19,74279.14,74304.37,65682
1781067960,2026-06-10T10:36:00,74306.31,74332.91,74304.79,74332.91,18738
1781068020,2026-06-10T10:37:00,74332.87,74335.75,74319.48,74332.04,17821
1781068080,2026-06-10T10:38:00,74335.72,74340.4,74317.11,74326.1,18298
1781068140,2026-06-10T10:39:00,74323.3,74327.59,74284.04,74284.04,40834
1781068200,2026-06-10T10:40:00,74283.34,74286.94,74268.0,74280.74,44018
1781068260,2026-06-10T10:41:00,74288.48,74312.26,74288.28,74298.82,18306
1781068320,2026-06-10T10:42:00,74301.26,74321.99,74287.82,74305.41,17200
1781068380,2026-06-10T10:43:00,74309.43,74323.73,74308.46,74322.75,21538
1781068440,2026-06-10T10:44:00,74322.48,74325.26,74308.01,74316.73,32352
1781068500,2026-06-10T10:45:00,74318.14,74331.29,74316.32,74324.62,32314
1781068560,2026-06-10T10:46:00,74327.65,74328.15,74310.66,74327.27,146061
1781068620,2026-06-10T10:47:00,74328.11,74329.49,74311.52,74319.7,48535
1781068680,2026-06-10T10:48:00,74323.22,74325.45,74314.69,74315.23,23693
1781068740,2026-06-10T10:49:00,74314.33,74351.38,74312.36,74348.55,22484
1781068800,2026-06-10T10:50:00,74352.27,74354.96,74337.28,74338.83,19601
1781068860,2026-06-10T10:51:00,74338.53,74367.88,74337.09,74367.64,26977
1781068920,2026-06-10T10:52:00,74368.29,74388.58,74365.13,74383.0,33413
1781068980,2026-06-10T10:53:00,74385.16,74385.16,74363.79,74376.03,18657
1781069040,2026-06-10T10:54:00,74376.4,74391.15,74372.95,74391.15,19072
1781069100,2026-06-10T10:55:00,74388.55,74406.14,74373.45,74379.79,23258
1781069160,2026-06-10T10:56:00,74379.19,74382.95,74351.72,74360.16,18393
1781069220,2026-06-10T10:57:00,74362.28,74391.94,74354.9,74382.96,11847
1781069280,2026-06-10T10:58:00,74384.65,74425.9,74384.12,74425.9,48139
1781069340,2026-06-10T10:59:00,74421.02,74439.84,74409.72,74437.74,20677
1781069400,2026-06-10T11:00:00,74443.23,74451.37,74409.03,74409.03,18656
1781069460,2026-06-10T11:01:00,74410.3,74412.22,74397.16,74400.59,14625
1781069520,2026-06-10T11:02:00,74397.87,74420.49,74397.65,74417.71,13554
1781069580,2026-06-10T11:03:00,74423.26,74426.59,74408.5,74420.12,12244
1781069640,2026-06-10T11:04:00,74420.12,74433.64,74416.0,74433.29,105680
1781069700,2026-06-10T11:05:00,74435.38,74435.38,74398.64,74398.64,15458
1781069760,2026-06-10T11:06:00,74398.2,74412.75,74387.49,74387.49,20031
1781069820,2026-06-10T11:07:00,74388.78,74410.27,74387.9,74408.44,21242
1781069880,2026-06-10T11:08:00,74408.28,74414.58,74396.31,74410.3,36494
1781069940,2026-06-10T11:09:00,74413.09,74434.5,74407.66,74427.17,20888
1781070000,2026-06-10T11:10:00,74429.79,74442.99,74422.85,74440.72,44871
1781070060,2026-06-10T11:11:00,74441.93,74452.07,74431.86,74435.33,42311
1781070120,2026-06-10T11:12:00,74438.57,74441.71,74429.12,74433.78,38017
1781070180,2026-06-10T11:13:00,74434.27,74444.44,74425.9,74433.16,43363
1781070240,2026-06-10T11:14:00,74441.83,74443.98,74413.37,74418.89,44770
1781070300,2026-06-10T11:15:00,74419.65,74450.82,74410.03,74447.89,31693
1781070360,2026-06-10T11:16:00,74447.86,74453.33,74414.0,74414.0,14584
1781070420,2026-06-10T11:17:00,74415.35,74425.49,74397.44,74411.33,344920
1781070480,2026-06-10T11:18:00,74411.58,74415.05,74391.91,74402.62,29086
1781070540,2026-06-10T11:19:00,74394.93,74400.58,74374.72,74374.72,21999
1781070600,2026-06-10T11:20:00,74378.6,74402.22,74372.29,74396.25,25406
1781070660,2026-06-10T11:21:00,74396.25,74409.85,74391.23,74407.83,123760
1781070720,2026-06-10T11:22:00,74405.19,74409.67,74392.09,74409.67,92705
1781070780,2026-06-10T11:23:00,74409.67,74426.53,74406.65,74411.76,21411
1781070840,2026-06-10T11:24:00,74411.98,74429.72,74411.41,74426.42,20581
1781070900,2026-06-10T11:25:00,74426.42,74433.34,74419.49,74433.34,15848
1781070960,2026-06-10T11:26:00,74433.81,74446.68,74416.9,74446.2,22265
1781071020,2026-06-10T11:27:00,74444.5,74483.25,74439.65,74475.32,27475
1781071080,2026-06-10T11:28:00,74478.04,74480.16,74454.24,74463.28,22869
1781071140,2026-06-10T11:29:00,74464.24,74481.29,74464.17,74475.61,32411
1781071200,2026-06-10T11:30:00,74476.79,74492.95,74452.03,74453.21,22225
1781071260,2026-06-10T11:31:00,74452.1,74469.69,74452.1,74464.76,21645
1781071320,2026-06-10T11:32:00,74463.74,74470.17,74456.56,74458.99,11503
1781071380,2026-06-10T11:33:00,74458.99,74474.89,74458.22,74458.22,58548
1781071440,2026-06-10T11:34:00,74451.36,74467.7,74451.36,74460.02,14653
1781071500,2026-06-10T11:35:00,74462.16,74466.05,74452.33,74461.96,17143
1781071560,2026-06-10T11:36:00,74459.26,74481.21,74459.26,74474.27,16250
1781071620,2026-06-10T11:37:00,74472.42,74480.96,74467.24,74472.2,28069
1781071680,2026-06-10T11:38:00,74473.99,74502.71,74473.07,74501.78,37670
1781071740,2026-06-10T11:39:00,74501.08,74524.94,74500.91,74518.86,32446
1781071800,2026-06-10T11:40:00,74516.35,74534.56,74499.49,74502.71,22793
1781071860,2026-06-10T11:41:00,74501.42,74520.07,74496.92,74516.95,15680
1781071920,2026-06-10T11:42:00,74517.11,74522.31,74500.21,74512.34,21014
1781071980,2026-06-10T11:43:00,74510.49,74526.06,74508.09,74522.33,16024
1781072040,2026-06-10T11:44:00,74522.33,74528.78,74508.92,74515.64,25963
1781072100,2026-06-10T11:45:00,74515.34,74521.65,74499.83,74499.9,20371
1781072160,2026-06-10T11:46:00,74500.0,74511.04,74491.17,74491.24,23258
1781072220,2026-06-10T11:47:00,74488.99,74495.47,74468.55,74482.6,33956
1781072280,2026-06-10T11:48:00,74484.63,74493.88,74481.06,74483.05,11810
1781072340,2026-06-10T11:49:00,74483.74,74499.8,74482.88,74493.73,19296
1781072400,2026-06-10T11:50:00,74494.07,74508.27,74491.6,74494.4,10456
1781072460,2026-06-10T11:51:00,74496.52,74508.35,74494.11,74507.91,20700
1781072520,2026-06-10T11:52:00,74505.3,74508.95,74473.13,74477.91,11025
1781072580,2026-06-10T11:53:00,74477.91,74497.06,74473.8,74492.39,25391
1781072640,2026-06-10T11:54:00,74494.25,74494.25,74476.89,74483.73,19248
1781072700,2026-06-10T11:55:00,74479.6,74489.85,74477.69,74485.59,7454
1781072760,2026-06-10T11:56:00,74488.04,74497.36,74476.1,74488.72,413685
1781072820,2026-06-10T11:57:00,74485.99,74506.9,74485.35,74506.9,22740
1781072880,2026-06-10T11:58:00,74506.36,74512.9,74498.58,74501.76,13041
1781072940,2026-06-10T11:59:00,74497.85,74515.49,74494.51,74515.49,23936
1781073000,2026-06-10T12:00:00,74516.07,74522.87,74509.28,74513.83,19399
1781073060,2026-06-10T12:01:00,74513.83,74516.67,74493.91,74493.91,17762
1781073120,2026-06-10T12:02:00,74498.84,74498.84,74448.0,74451.81,12880
1781073180,2026-06-10T12:03:00,74451.81,74457.57,74428.14,74432.05,36754
1781073240,2026-06-10T12:04:00,74431.18,74455.19,74427.14,74450.18,21582
1781073300,2026-06-10T12:05:00,74449.68,74449.68,74436.17,74449.49,17550
1781073360,2026-06-10T12:06:00,74448.65,74462.58,74436.84,74462.58,9933
1781073420,2026-06-10T12:07:00,74464.82,74479.2,74461.11,74469.93,19988
1781073480,2026-06-10T12:08:00,74470.95,74472.88,74457.77,74460.09,8504
1781073540,2026-06-10T12:09:00,74460.48,74471.41,74455.26,74465.97,25865
1781073600,2026-06-10T12:10:00,74465.16,74470.97,74453.83,74458.67,44186
1781073660,2026-06-10T12:11:00,74461.82,74461.82,74445.69,74456.93,43914
1781073720,2026-06-10T12:12:00,74459.31,74485.63,74458.6,74484.78,12354
1781073780,2026-06-10T12:13:00,74485.99,74487.21,74469.12,74471.66,12107
1781073840,2026-06-10T12:14:00,74470.61,74486.76,74467.09,74478.02,36392
1781073900,2026-06-10T12:15:00,74474.45,74492.42,74473.6,74487.95,17486
1781073960,2026-06-10T12:16:00,74491.26,74491.91,74473.74,74480.03,41270
1781074020,2026-06-10T12:17:00,74480.03,74490.95,74450.15,74479.67,21058
1781074080,2026-06-10T12:18:00,74481.39,74493.37,74465.49,74465.71,25253
1781074140,2026-06-10T12:19:00,74464.25,74471.81,74459.66,74471.52,13062
1781074200,2026-06-10T12:20:00,74469.6,74472.99,74458.87,74471.97,19224
1781074260,2026-06-10T12:21:00,74471.69,74477.59,74466.7,74472.5,28399
1781074320,2026-06-10T12:22:00,74471.57,74478.66,74461.66,74470.47,37608
1781074380,2026-06-10T12:23:00,74471.19,74471.19,74439.99,74448.83,20319
1781074440,2026-06-10T12:24:00,74448.22,74450.54,74422.69,74434.62,178844
1781074500,2026-06-10T12:25:00,74434.41,74439.73,74419.77,74439.23,17009
1781074560,2026-06-10T12:26:00,74436.58,74440.54,74424.48,74424.48,46353
1781074620,2026-06-10T12:27:00,74424.71,74436.53,74418.78,74436.26,27526
1781074680,2026-06-10T12:28:00,74439.14,74448.72,74431.47,74439.07,11946
1781074740,2026-06-10T12:29:00,74438.26,74442.51,74426.59,74429.24,27260
1781074800,2026-06-10T12:30:00,74427.55,74446.97,74427.55,74435.87,15981
1781074860,2026-06-10T12:31:00,74431.59,74439.19,74429.27,74430.54,30466
1781074920,2026-06-10T12:32:00,74436.07,74444.96,74430.53,74439.89,11243
1781074980,2026-06-10T12:33:00,74437.05,74437.38,74425.12,74426.81,10184
1781075040,2026-06-10T12:34:00,74426.88,74438.95,74424.1,74426.33,14501
1781075100,2026-06-10T12:35:00,74426.69,74438.18,74425.33,74428.9,6292
1781075160,2026-06-10T12:36:00,74429.69,74446.62,74426.32,74442.81,73087
1781075220,2026-06-10T12:37:00,74442.0,74442.36,74422.27,74436.16,69609
1781075280,2026-06-10T12:38:00,74435.75,74445.28,74430.86,74439.77,8582
1781075340,2026-06-10T12:39:00,74436.2,74441.37,74420.76,74423.77,54322
1781075400,2026-06-10T12:40:00,74425.66,74425.98,74407.64,74413.53,25908
1781075460,2026-06-10T12:41:00,74412.59,74419.35,74396.2,74396.2,14040
1781075520,2026-06-10T12:42:00,74393.55,74396.82,74373.98,74374.76,19647
1781075580,2026-06-10T12:43:00,74374.47,74374.47,74345.24,74345.24,19323
1781075640,2026-06-10T12:44:00,74345.76,74349.73,74335.7,74341.8,52215
1781075700,2026-06-10T12:45:00,74343.02,74343.02,74291.2,74327.71,40591
1781075760,2026-06-10T12:46:00,74328.91,74350.51,74328.52,74349.5,51871
1781075820,2026-06-10T12:47:00,74347.81,74372.85,74347.81,74371.0,72276
1781075880,2026-06-10T12:48:00,74370.43,74402.37,74368.48,74399.1,45594
1781075940,2026-06-10T12:49:00,74399.21,74404.6,74393.84,74403.13,53888
1781076000,2026-06-10T12:50:00,74401.82,74423.45,74398.67,74420.19,46714
1781076060,2026-06-10T12:51:00,74419.49,74425.76,74405.96,74415.0,25431
1781076120,2026-06-10T12:52:00,74417.02,74459.28,74416.68,74452.3,41572
1781076180,2026-06-10T12:53:00,74455.23,74463.07,74447.62,74462.28,36354
1781076240,2026-06-10T12:54:00,74460.93,74469.79,74449.86,74453.93,13712
1781076300,2026-06-10T12:55:00,74453.04,74456.68,74416.61,74423.33,23632
1781076360,2026-06-10T12:56:00,74424.96,74424.96,74392.96,74396.34,22936
1781076420,2026-06-10T12:57:00,74396.83,74412.63,74392.5,74409.19,21038
1781076480,2026-06-10T12:58:00,74402.79,74426.56,74395.57,74422.78,37361
1781076540,2026-06-10T12:59:00,74422.9,74446.86,74422.9,74446.86,17736
1781076600,2026-06-10T13:00:00,74447.35,74483.04,74447.35,74481.75,50270
1781076660,2026-06-10T13:01:00,74473.36,74493.95,74473.36,74488.94,22713
1781076720,2026-06-10T13:02:00,74491.2,74500.9,74486.67,74496.11,18300
1781076780,2026-06-10T13:03:00,74495.81,74555.42,74495.81,74553.93,34891
1781076840,2026-06-10T13:04:00,74553.37,74588.93,74553.18,74583.77,60563
1781076900,2026-06-10T13:05:00,74583.9,74613.01,74583.9,74585.35,34155
1781076960,2026-06-10T13:06:00,74585.71,74598.76,74567.06,74568.67,18962
1781077020,2026-06-10T13:07:00,74570.7,74587.78,74563.31,74584.48,34348
1781077080,2026-06-10T13:08:00,74578.99,74580.16,74536.39,74536.9,31357
1781077140,2026-06-10T13:09:00,74541.47,74573.78,74539.26,74569.3,542234
1781077200,2026-06-10T13:10:00,74568.82,74600.49,74567.24,74590.98,44822
1781077260,2026-06-10T13:11:00,74590.04,74598.59,74581.27,74590.3,37808
1781077320,2026-06-10T13:12:00,74589.62,74598.59,74562.34,74565.41,38081
1781077380,2026-06-10T13:13:00,74566.01,74569.87,74537.97,74551.02,19106
1781077440,2026-06-10T13:14:00,74550.51,74554.62,74527.67,74544.53,29253
1781077500,2026-06-10T13:15:00,74545.06,74546.52,74523.19,74544.52,23940
1781077560,2026-06-10T13:16:00,74543.61,74556.26,74542.28,74550.11,18567
1781077620,2026-06-10T13:17:00,74543.95,74555.87,74531.15,74533.63,19406
1781077680,2026-06-10T13:18:00,74533.12,74546.74,74529.14,74538.42,26448
1781077740,2026-06-10T13:19:00,74537.54,74539.72,74515.37,74519.55,23262
1781077800,2026-06-10T13:20:00,74520.59,74520.67,74495.63,74501.13,27533
1781077860,2026-06-10T13:21:00,74504.21,74519.58,74503.07,74514.44,39128
1781077920,2026-06-10T13:22:00,74517.67,74520.63,74505.87,74505.87,12216
1781077980,2026-06-10T13:23:00,74504.76,74508.08,74461.07,74472.14,22094
1781078040,2026-06-10T13:24:00,74476.41,74476.41,74444.71,74448.01,18346
1781078100,2026-06-10T13:25:00,74448.45,74479.53,74440.39,74473.24,35459
1781078160,2026-06-10T13:26:00,74474.82,74491.21,74468.49,74483.88,31601
1781078220,2026-06-10T13:27:00,74483.19,74525.12,74480.92,74525.12,30966
1781078280,2026-06-10T13:28:00,74525.7,74534.42,74512.64,74534.42,25319
1781078340,2026-06-10T13:29:00,74533.79,74542.1,74517.68,74523.67,2055939
1781078400,2026-06-10T13:30:00,74526.93,74547.35,74514.86,74515.72,48162
1781078460,2026-06-10T13:31:00,74520.88,74546.5,74513.38,74542.28,69065
1781078520,2026-06-10T13:32:00,74538.13,74560.91,74501.22,74507.7,77097
1781078580,2026-06-10T13:33:00,74511.46,74515.34,74477.08,74486.9,25602
1781078640,2026-06-10T13:34:00,74487.72,74492.77,74475.42,74484.68,20664
1781078700,2026-06-10T13:35:00,74485.93,74493.86,74463.04,74470.34,199279
1781078760,2026-06-10T13:36:00,74472.05,74484.84,74468.14,74478.85,31095
1781078820,2026-06-10T13:37:00,74477.12,74505.54,74476.37,74499.31,35528
1781078880,2026-06-10T13:38:00,74496.17,74507.98,74491.21,74498.26,26089
1781078940,2026-06-10T13:39:00,74496.84,74496.84,74468.95,74472.03,28359
1781079000,2026-06-10T13:40:00,74474.31,74484.58,74469.34,74482.59,19339
1781079060,2026-06-10T13:41:00,74483.17,74504.07,74481.95,74491.75,39810
1781079120,2026-06-10T13:42:00,74487.88,74491.88,74454.91,74455.8,31051
1781079180,2026-06-10T13:43:00,74456.93,74464.41,74400.6,74412.53,27051
1781079240,2026-06-10T13:44:00,74407.37,74415.99,74402.67,74415.81,28530
1781079300,2026-06-10T13:45:00,74413.37,74460.82,74413.08,74456.81,25929
1781079360,2026-06-10T13:46:00,74447.08,74468.61,74446.6,74457.04,22962
1781079420,2026-06-10T13:47:00,74457.04,74462.43,74439.96,74451.28,20235
1781079480,2026-06-10T13:48:00,74451.28,74472.87,74450.51,74465.38,42145
1781079540,2026-06-10T13:49:00,74463.95,74463.95,74425.46,74428.5,15138
1781079600,2026-06-10T13:50:00,74429.86,74442.37,74422.27,74438.78,24223
1781079660,2026-06-10T13:51:00,74438.2,74438.2,74385.21,74390.67,53418
1781079720,2026-06-10T13:52:00,74391.11,74404.14,74383.99,74400.13,14785
1781079780,2026-06-10T13:53:00,74399.34,74399.34,74377.07,74388.64,8391
1781079840,2026-06-10T13:54:00,74388.12,74401.12,74378.08,74387.34,16293
1781079900,2026-06-10T13:55:00,74380.8,74399.35,74380.68,74397.39,14831
1781079960,2026-06-10T13:56:00,74398.32,74412.54,74397.86,74404.67,9670
1781080020,2026-06-10T13:57:00,74401.5,74405.06,74385.37,74392.75,11604
1781080080,2026-06-10T13:58:00,74392.96,74398.15,74378.58,74394.88,13647
1781080140,2026-06-10T13:59:00,74393.35,74402.19,74382.48,74395.57,25755
1781080200,2026-06-10T14:00:00,74395.46,74406.03,74388.91,74392.06,13623
1781080260,2026-06-10T14:01:00,74390.75,74404.04,74361.18,74404.04,15103
1781080320,2026-06-10T14:02:00,74404.04,74411.47,74395.08,74400.27,9956
1781080380,2026-06-10T14:03:00,74398.98,74409.04,74385.47,74400.22,13858
1781080440,2026-06-10T14:04:00,74399.83,74432.49,74399.83,74422.72,11379
1781080500,2026-06-10T14:05:00,74426.0,74427.2,74411.87,74426.07,16714
1781080560,2026-06-10T14:06:00,74421.3,74432.17,74409.23,74409.23,17921
1781080620,2026-06-10T14:07:00,74413.12,74415.9,74391.78,74391.78,22792
1781080680,2026-06-10T14:08:00,74391.78,74434.06,74379.53,74431.59,53859
1781080740,2026-06-10T14:09:00,74430.23,74430.23,74359.82,74367.22,21592
1781080800,2026-06-10T14:10:00,74365.98,74375.57,74356.68,74360.41,13614
1781080860,2026-06-10T14:11:00,74361.5,74363.36,74325.5,74353.32,44002
1781080920,2026-06-10T14:12:00,74353.59,74355.95,74319.68,74320.81,20727
1781080980,2026-06-10T14:13:00,74322.28,74324.81,74295.67,74323.57,47157
1781081040,2026-06-10T14:14:00,74322.45,74323.66,74297.04,74306.93,13868
1781081100,2026-06-10T14:15:00,74307.53,74311.23,74282.0,74311.23,19908
1781081160,2026-06-10T14:16:00,74312.88,74342.95,74301.65,74319.02,14491
1781081220,2026-06-10T14:17:00,74324.11,74327.7,74312.53,74327.7,16507
1781081280,2026-06-10T14:18:00,74326.58,74346.63,74326.58,74334.14,15577
1781081340,2026-06-10T14:19:00,74331.84,74347.11,74326.81,74332.87,29026
1781081400,2026-06-10T14:20:00,74335.41,74357.49,74335.41,74351.33,18801
1781081460,2026-06-10T14:21:00,74348.49,74383.31,74348.49,74357.02,30516
1781081520,2026-06-10T14:22:00,74356.54,74360.01,74346.35,74348.45,14901
1781081580,2026-06-10T14:23:00,74346.58,74376.31,74346.58,74372.84,8693
1781081640,2026-06-10T14:24:00,74371.29,74377.01,74347.14,74350.24,12170
1781081700,2026-06-10T14:25:00,74347.05,74355.46,74335.22,74338.7,30295
1781081760,2026-06-10T14:26:00,74339.93,74357.36,74331.12,74355.99,18986
1781081820,2026-06-10T14:27:00,74354.01,74357.35,74296.97,74303.02,15959
1781081880,2026-06-10T14:28:00,74302.96,74312.92,74295.94,74309.46,20517
1781081940,2026-06-10T14:29:00,74305.5,74317.56,74293.81,74309.87,21070
1781082000,2026-06-10T14:30:00,74310.66,74316.5,74273.89,74290.92,33111
1781082060,2026-06-10T14:31:00,74286.46,74287.83,74244.4,74252.01,99956
1781082120,2026-06-10T14:32:00,74251.12,74257.72,74222.21,74222.88,43041
1781082180,2026-06-10T14:33:00,74225.7,74266.13,74214.58,74266.13,18390
1781082240,2026-06-10T14:34:00,74264.59,74289.27,74259.7,74284.15,21693
1781082300,2026-06-10T14:35:00,74286.61,74309.57,74286.61,74287.59,31344
1781082360,2026-06-10T14:36:00,74294.26,74295.53,74274.67,74275.11,18801
1781082420,2026-06-10T14:37:00,74273.9,74288.51,74269.89,74273.85,23197
1781082480,2026-06-10T14:38:00,74271.77,74271.77,74215.04,74218.89,39354
1781082540,2026-06-10T14:39:00,74213.6,74223.68,74193.2,74199.8,25890
1781082600,2026-06-10T14:40:00,74199.93,74232.8,74199.93,74224.55,31753
1781082660,2026-06-10T14:41:00,74228.37,74248.8,74221.37,74224.11,25083
1781082720,2026-06-10T14:42:00,74224.82,74225.44,74143.22,74154.8,39825
1781082780,2026-06-10T14:43:00,74150.03,74163.99,74133.18,74133.18,34009
1781082840,2026-06-10T14:44:00,74142.72,74150.49,74121.07,74123.39,28373
1781082900,2026-06-10T14:45:00,74122.58,74123.0,74077.03,74087.23,51506
1781082960,2026-06-10T14:46:00,74083.07,74134.09,74079.58,74134.09,40741
1781083020,2026-06-10T14:47:00,74134.47,74149.13,74119.25,74147.99,22417
1781083080,2026-06-10T14:48:00,74151.35,74165.67,74126.4,74130.53,18132
1781083140,2026-06-10T14:49:00,74127.44,74131.18,74079.98,74092.45,59264
1781083200,2026-06-10T14:50:00,74089.94,74089.94,74073.58,74083.64,42610
1781083260,2026-06-10T14:51:00,74082.84,74110.05,74059.32,74099.36,40915
1781083320,2026-06-10T14:52:00,74099.36,74101.98,74084.72,74087.48,22472
1781083380,2026-06-10T14:53:00,74093.38,74102.67,74080.7,74090.11,25238
1781083440,2026-06-10T14:54:00,74093.8,74096.74,74080.76,74087.63,23628
1781083500,2026-06-10T14:55:00,74089.16,74120.81,74089.16,74118.43,24475
1781083560,2026-06-10T14:56:00,74116.56,74119.06,74102.12,74104.31,41830
1781083620,2026-06-10T14:57:00,74107.32,74126.09,74102.03,74112.78,15353
1781083680,2026-06-10T14:58:00,74113.09,74143.82,74113.09,74128.12,42518
1781083740,2026-06-10T14:59:00,74127.01,74128.01,74105.21,74111.61,34558
1781083800,2026-06-10T15:00:00,74111.46,74116.79,74061.15,74076.67,57354
1781083860,2026-06-10T15:01:00,74081.4,74081.4,74038.87,74050.66,28667
1781083920,2026-06-10T15:02:00,74052.34,74071.4,74047.36,74064.55,32669
1781083980,2026-06-10T15:03:00,74061.97,74079.59,74051.08,74069.61,58233
1781084040,2026-06-10T15:04:00,74067.77,74079.88,74043.3,74050.76,44291
1781084100,2026-06-10T15:05:00,74044.93,74052.49,74019.54,74026.9,53775
1781084160,2026-06-10T15:06:00,74027.59,74059.83,74027.59,74058.06,34440
1781084220,2026-06-10T15:07:00,74054.84,74055.4,74013.92,74015.81,55023
1781084280,2026-06-10T15:08:00,74017.77,74046.68,74017.0,74046.68,40968
1781084340,2026-06-10T15:09:00,74046.44,74056.55,74043.22,74053.56,30352
1781084400,2026-06-10T15:10:00,74053.4,74055.51,74010.21,74010.21,40544
1781084460,2026-06-10T15:11:00,74016.13,74028.84,74008.5,74018.12,29433
1781084520,2026-06-10T15:12:00,74016.61,74037.86,74006.8,74009.87,34094
1781084580,2026-06-10T15:13:00,74010.48,74014.27,73981.28,73985.13,35058
1781084640,2026-06-10T15:14:00,73990.34,73990.34,73943.14,73945.18,86258
1781084700,2026-06-10T15:15:00,73943.29,73961.38,73923.66,73956.87,83196
1781084760,2026-06-10T15:16:00,73957.98,73965.53,73937.9,73954.35,89404
1781084820,2026-06-10T15:17:00,73956.35,73982.48,73953.35,73956.07,27547
1781084880,2026-06-10T15:18:00,73954.49,73955.85,73903.61,73905.53,47616
1781084940,2026-06-10T15:19:00,73904.88,73973.08,73904.88,73962.21,35383
1781085000,2026-06-10T15:20:00,73968.79,73983.26,73947.3,73952.9,39549
1781085060,2026-06-10T15:21:00,73950.28,73954.43,73908.84,73914.08,34458
1781085120,2026-06-10T15:22:00,73915.61,73917.2,73899.95,73910.81,41327
1781085180,2026-06-10T15:23:00,73910.31,73915.45,73899.5,73912.38,66319
1781085240,2026-06-10T15:24:00,73907.56,73934.8,73897.57,73931.19,57049
1781085300,2026-06-10T15:25:00,73944.1,73975.65,73933.39,73967.79,48485
1781085360,2026-06-10T15:26:00,73963.24,73973.87,73957.11,73969.68,48364
1781085420,2026-06-10T15:27:00,73968.86,73984.24,73951.39,73974.66,34812
1781085480,2026-06-10T15:28:00,73975.24,73981.28,73948.49,73967.64,64879
1781085540,2026-06-10T15:29:00,73964.13,73997.32,73938.13,73986.55,47671
1781149500,2026-06-11T09:15:00,73615.99,73685.96,73518.75,73607.61,255790
1781149560,2026-06-11T09:16:00,73612.16,73612.16,73540.47,73547.94,169660
1781149620,2026-06-11T09:17:00,73544.47,73563.73,73520.2,73538.72,219030
1781149680,2026-06-11T09:18:00,73541.68,73631.0,73539.56,73601.57,201233
1781149740,2026-06-11T09:19:00,73596.19,73652.08,73593.55,73631.42,87734
1781149800,2026-06-11T09:20:00,73635.91,73676.81,73622.45,73667.2,453941
1781149860,2026-06-11T09:21:00,73668.82,73731.37,73668.82,73720.14,106328
1781149920,2026-06-11T09:22:00,73721.8,73736.71,73687.55,73716.21,72089
1781149980,2026-06-11T09:23:00,73719.45,73730.68,73699.26,73699.26,1261120
1781150040,2026-06-11T09:24:00,73697.48,73703.03,73639.87,73639.87,232225
1781150100,2026-06-11T09:25:00,73637.94,73644.68,73626.96,73632.67,58641
1781150160,2026-06-11T09:26:00,73627.05,73633.33,73608.67,73615.33,88767
1781150220,2026-06-11T09:27:00,73610.36,73623.44,73574.09,73585.88,84029
1781150280,2026-06-11T09:28:00,73585.23,73640.73,73583.8,73640.73,45391
1781150340,2026-06-11T09:29:00,73641.27,73667.08,73632.57,73658.3,60857
1781150400,2026-06-11T09:30:00,73658.09,73663.23,73602.52,73603.97,53324
1781150460,2026-06-11T09:31:00,73604.36,73618.18,73589.98,73614.28,81951
1781150520,2026-06-11T09:32:00,73622.92,73661.91,73622.81,73631.2,110452
1781150580,2026-06-11T09:33:00,73627.37,73627.37,73589.63,73589.63,34999
1781150640,2026-06-11T09:34:00,73591.07,73612.3,73591.07,73611.71,38936
1781150700,2026-06-11T09:35:00,73608.63,73611.3,73576.34,73576.34,103402
1781150760,2026-06-11T09:36:00,73579.15,73626.18,73572.71,73626.18,102842
1781150820,2026-06-11T09:37:00,73623.63,73648.47,73610.14,73616.22,124377
1781150880,2026-06-11T09:38:00,73616.53,73684.36,73610.14,73675.98,58236
1781150940,2026-06-11T09:39:00,73669.49,73704.01,73669.49,73689.57,26309
1781151000,2026-06-11T09:40:00,73691.5,73695.6,73653.85,73653.85,77906
1781151060,2026-06-11T09:41:00,73653.33,73656.21,73623.75,73648.66,76784
1781151120,2026-06-11T09:42:00,73648.4,73654.73,73634.59,73643.13,30367
1781151180,2026-06-11T09:43:00,73647.12,73718.96,73645.98,73714.84,22874
1781151240,2026-06-11T09:44:00,73716.7,73751.49,73716.7,73742.22,29174
1781151300,2026-06-11T09:45:00,73738.33,73759.08,73732.04,73759.08,52351
1781151360,2026-06-11T09:46:00,73758.31,73777.07,73743.84,73773.63,29855
1781151420,2026-06-11T09:47:00,73773.99,73788.58,73760.62,73770.62,65162
1781151480,2026-06-11T09:48:00,73771.41,73771.41,73738.18,73750.8,60559
1781151540,2026-06-11T09:49:00,73746.6,73781.94,73742.39,73781.94,34127
1781151600,2026-06-11T09:50:00,73782.44,73806.72,73753.25,73796.87,63156
1781151660,2026-06-11T09:51:00,73796.62,73827.33,73795.29,73817.87,34378
1781151720,2026-06-11T09:52:00,73816.42,73851.57,73813.02,73837.09,41838
1781151780,2026-06-11T09:53:00,73838.26,73856.16,73829.43,73843.23,41253
1781151840,2026-06-11T09:54:00,73844.92,73847.03,73796.4,73798.47,49705
1781151900,2026-06-11T09:55:00,73799.29,73799.29,73743.15,73754.03,36126
1781151960,2026-06-11T09:56:00,73745.54,73778.33,73745.54,73749.71,16209
1781152020,2026-06-11T09:57:00,73746.82,73751.61,73712.36,73712.36,40672
1781152080,2026-06-11T09:58:00,73710.73,73710.8,73661.68,73665.3,26015
1781152140,2026-06-11T09:59:00,73665.26,73677.15,73651.22,73654.23,48496
1781152200,2026-06-11T10:00:00,73658.04,73721.18,73655.99,73708.99,134711
1781152260,2026-06-11T10:01:00,73713.32,73719.62,73684.22,73704.31,139280
1781152320,2026-06-11T10:02:00,73710.52,73711.62,73676.27,73688.93,47857
1781152380,2026-06-11T10:03:00,73689.57,73711.15,73660.18,73669.76,28345
1781152440,2026-06-11T10:04:00,73670.93,73679.89,73649.43,73650.99,22455
1781152500,2026-06-11T10:05:00,73650.06,73654.18,73624.15,73650.56,18299
1781152560,2026-06-11T10:06:00,73651.33,73743.31,73648.72,73729.2,31385
1781152620,2026-06-11T10:07:00,73732.67,73763.94,73727.13,73760.86,11846
1781152680,2026-06-11T10:08:00,73759.57,73794.29,73759.57,73785.46,35527
1781152740,2026-06-11T10:09:00,73789.2,73801.49,73783.02,73790.22,22069
1781152800,2026-06-11T10:10:00,73790.05,73798.64,73782.45,73789.22,22851
1781152860,2026-06-11T10:11:00,73791.72,73816.42,73791.65,73813.01,29267
1781152920,2026-06-11T10:12:00,73811.0,73816.64,73794.34,73794.34,13333
1781152980,2026-06-11T10:13:00,73798.47,73803.38,73788.45,73797.17,14202
1781153040,2026-06-11T10:14:00,73800.89,73810.09,73765.02,73766.53,36689
1781153100,2026-06-11T10:15:00,73766.4,73798.03,73761.96,73793.76,15780
1781153160,2026-06-11T10:16:00,73793.4,73822.21,73792.49,73814.3,19475
1781153220,2026-06-11T10:17:00,73825.48,73831.93,73804.85,73831.93,20319
1781153280,2026-06-11T10:18:00,73831.9,73842.46,73821.49,73839.38,18984
1781153340,2026-06-11T10:19:00,73845.46,73879.6,73845.46,73876.15,36380
1781153400,2026-06-11T10:20:00,73881.69,73918.63,73875.53,73906.79,29364
1781153460,2026-06-11T10:21:00,73910.44,73916.03,73878.23,73878.23,14813
1781153520,2026-06-11T10:22:00,73879.14,73882.92,73861.31,73861.31,25874
1781153580,2026-06-11T10:23:00,73862.95,73882.46,73862.95,73872.89,18812
1781153640,2026-06-11T10:24:00,73871.39,73875.44,73854.86,73856.86,45339
1781153700,2026-06-11T10:25:00,73856.0,73868.92,73855.81,73868.05,12639
1781153760,2026-06-11T10:26:00,73870.05,73907.02,73861.97,73907.02,15356
1781153820,2026-06-11T10:27:00,73906.68,73957.4,73906.68,73950.77,23882
1781153880,2026-06-11T10:28:00,73953.04,73964.48,73926.65,73939.68,23605
1781153940,2026-06-11T10:29:00,73941.76,73954.6,73938.92,73950.41,16546
1781154000,2026-06-11T10:30:00,73949.63,73967.96,73905.25,73912.24,26316
1781154060,2026-06-11T10:31:00,73914.07,73942.52,73909.59,73939.92,22293
1781154120,2026-06-11T10:32:00,73940.61,73961.97,73926.53,73953.81,26795
1781154180,2026-06-11T10:33:00,73955.61,73959.04,73929.38,73941.85,15996
1781154240,2026-06-11T10:34:00,73941.52,73956.5,73933.94,73953.42,23989
1781154300,2026-06-11T10:35:00,73953.07,73972.38,73953.07,73962.23,21237
1781154360,2026-06-11T10:36:00,73958.17,73958.17,73925.11,73932.19,10836
1781154420,2026-06-11T10:37:00,73932.48,73942.11,73918.85,73922.16,13478
1781154480,2026-06-11T10:38:00,73927.75,73941.98,73923.19,73932.91,32219
1781154540,2026-06-11T10:39:00,73935.02,73959.95,73933.42,73956.44,20769
1781154600,2026-06-11T10:40:00,73956.56,73973.53,73952.46,73970.13,18346
1781154660,2026-06-11T10:41:00,73970.76,73982.86,73948.13,73952.45,28445
1781154720,2026-06-11T10:42:00,73946.54,73947.28,73928.93,73946.91,16097
1781154780,2026-06-11T10:43:00,73946.91,73949.63,73935.86,73937.67,10779
1781154840,2026-06-11T10:44:00,73938.45,73953.74,73926.07,73946.98,15788
1781154900,2026-06-11T10:45:00,73948.48,73949.37,73925.4,73940.06,25296
1781154960,2026-06-11T10:46:00,73940.06,73955.91,73934.53,73952.06,15043
1781155020,2026-06-11T10:47:00,73953.39,73958.01,73944.18,73958.01,22570
1781155080,2026-06-11T10:48:00,73957.37,73965.21,73936.01,73950.61,20133
1781155140,2026-06-11T10:49:00,73948.13,73948.74,73921.7,73921.7,12638
1781155200,2026-06-11T10:50:00,73924.31,73924.31,73884.64,73887.23,15446
1781155260,2026-06-11T10:51:00,73886.7,73912.45,73883.7,73905.01,15106
1781155320,2026-06-11T10:52:00,73904.05,73910.9,73892.41,73892.41,10078
1781155380,2026-06-11T10:53:00,73893.22,73897.98,73866.96,73866.96,19338
1781155440,2026-06-11T10:54:00,73861.74,73869.02,73836.95,73841.89,10847
1781155500,2026-06-11T10:55:00,73839.95,73862.01,73839.58,73853.08,11459
1781155560,2026-06-11T10:56:00,73853.08,73879.56,73848.8,73866.09,9081
1781155620,2026-06-11T10:57:00,73870.22,73877.58,73867.38,73868.53,13060
1781155680,2026-06-11T10:58:00,73868.48,73873.95,73861.27,73865.01,16535
1781155740,2026-06-11T10:59:00,73865.01,73867.08,73847.49,73867.08,26304
1781155800,2026-06-11T11:00:00,73866.48,73875.05,73849.87,73849.87,13445
1781155860,2026-06-11T11:01:00,73850.39,73854.27,73838.33,73840.95,13378
1781155920,2026-06-11T11:02:00,73831.88,73849.56,73826.52,73844.87,11502
1781155980,2026-06-11T11:03:00,73846.97,73867.98,73831.69,73867.98,31159
1781156040,2026-06-11T11:04:00,73866.65,73892.41,73866.65,73882.64,27007
1781156100,2026-06-11T11:05:00,73882.2,73943.93,73882.2,73943.93,19116
1781156160,2026-06-11T11:06:00,73944.81,73966.91,73923.7,73937.88,18065
1781156220,2026-06-11T11:07:00,73938.89,73950.89,73910.2,73910.2,31366
1781156280,2026-06-11T11:08:00,73908.8,73927.75,73896.67,73922.57,21808
1781156340,2026-06-11T11:09:00,73920.76,73923.42,73899.41,73922.33,14788
1781156400,2026-06-11T11:10:00,73919.76,73923.6,73902.44,73916.59,14014
1781156460,2026-06-11T11:11:00,73918.09,73928.22,73904.11,73911.24,11421
1781156520,2026-06-11T11:12:00,73910.45,73911.56,73890.71,73899.06,13160
1781156580,2026-06-11T11:13:00,73897.9,73904.6,73886.45,73886.45,8546
1781156640,2026-06-11T11:14:00,73887.89,73903.42,73883.35,73885.22,13013
1781156700,2026-06-11T11:15:00,73886.16,73903.59,73884.83,73900.43,14930
1781156760,2026-06-11T11:16:00,73899.83,73901.81,73888.29,73896.01,12032
1781156820,2026-06-11T11:17:00,73896.06,73925.37,73896.06,73924.05,8980
1781156880,2026-06-11T11:18:00,73924.27,73953.81,73918.73,73952.64,20705
1781156940,2026-06-11T11:19:00,73953.37,73961.62,73932.74,73948.24,10699
1781157000,2026-06-11T11:20:00,73947.79,73968.75,73942.41,73965.48,12717
1781157060,2026-06-11T11:21:00,73967.42,73992.84,73965.32,73989.78,20969
1781157120,2026-06-11T11:22:00,73995.29,74004.44,73974.94,73985.72,22878
1781157180,2026-06-11T11:23:00,73988.28,74000.26,73972.72,73976.47,16378
1781157240,2026-06-11T11:24:00,73977.07,74003.78,73969.99,74003.78,36549
1781157300,2026-06-11T11:25:00,73998.62,74002.47,73985.27,73988.83,13195
1781157360,2026-06-11T11:26:00,73987.33,74025.08,73987.33,74023.32,12647
1781157420,2026-06-11T11:27:00,74025.43,74049.71,74025.43,74049.0,23689
1781157480,2026-06-11T11:28:00,74050.19,74056.78,74034.95,74054.75,25796
1781157540,2026-06-11T11:29:00,74054.14,74062.72,74041.52,74061.67,11324
1781157600,2026-06-11T11:30:00,74061.82,74088.25,74061.82,74066.78,193177
1781157660,2026-06-11T11:31:00,74063.87,74067.73,74030.89,74037.05,43162
1781157720,2026-06-11T11:32:00,74031.92,74035.71,74023.62,74031.05,22513
1781157780,2026-06-11T11:33:00,74030.8,74062.1,74030.55,74056.83,19011
1781157840,2026-06-11T11:34:00,74063.56,74067.19,74041.52,74045.58,17535
1781157900,2026-06-11T11:35:00,74046.11,74063.12,74033.47,74063.12,25966
1781157960,2026-06-11T11:36:00,74060.16,74060.33,74032.01,74038.81,17070
1781158020,2026-06-11T11:37:00,74037.89,74049.96,73994.98,74001.0,87241
1781158080,2026-06-11T11:38:00,74009.89,74018.2,74003.5,74013.29,84084
1781158140,2026-06-11T11:39:00,74011.6,74063.11,74007.84,74059.81,77995
1781158200,2026-06-11T11:40:00,74054.52,74054.52,74036.36,74036.76,15888
1781158260,2026-06-11T11:41:00,74034.4,74063.1,74030.74,74061.01,14319
1781158320,2026-06-11T11:42:00,74063.77,74101.71,74063.0,74100.91,14544
1781158380,2026-06-11T11:43:00,74101.24,74110.51,74095.68,74103.53,64122
1781158440,2026-06-11T11:44:00,74103.38,74132.79,74099.74,74132.79,22260
1781158500,2026-06-11T11:45:00,74133.03,74151.8,74132.51,74145.87,64848
1781158560,2026-06-11T11:46:00,74140.51,74148.85,74138.33,74143.51,19154
1781158620,2026-06-11T11:47:00,74145.48,74182.19,74143.69,74182.19,24816
1781158680,2026-06-11T11:48:00,74182.19,74193.02,74182.19,74187.11,12605
1781158740,2026-06-11T11:49:00,74188.71,74190.49,74174.39,74190.49,13127
1781158800,2026-06-11T11:50:00,74192.28,74210.7,74182.43,74210.7,19313
1781158860,2026-06-11T11:51:00,74206.33,74212.26,74194.82,74194.82,14335
1781158920,2026-06-11T11:52:00,74196.44,74198.09,74182.79,74188.44,23432
1781158980,2026-06-11T11:53:00,74190.12,74209.16,74187.09,74206.85,18549
1781159040,2026-06-11T11:54:00,74207.55,74218.97,74196.94,74200.21,10783
1781159100,2026-06-11T11:55:00,74200.91,74221.1,74200.91,74207.38,23955
1781159160,2026-06-11T11:56:00,74210.64,74270.53,74175.73,74260.98,91171
1781159220,2026-06-11T11:57:00,74256.78,74258.86,74234.05,74237.45,14992
1781159280,2026-06-11T11:58:00,74237.26,74258.5,74236.57,74256.11,16527
1781159340,2026-06-11T11:59:00,74258.57,74261.09,74236.73,74240.38,28169
1781159400,2026-06-11T12:00:00,74240.73,74256.82,74235.14,74243.69,20122
1781159460,2026-06-11T12:01:00,74242.56,74254.37,74239.41,74251.28,22091
1781159520,2026-06-11T12:02:00,74251.13,74255.92,74241.54,74245.32,9938
1781159580,2026-06-11T12:03:00,74244.21,74265.72,74239.45,74265.72,10754
1781159640,2026-06-11T12:04:00,74266.33,74266.33,74251.7,74254.26,153557
1781159700,2026-06-11T12:05:00,74249.89,74258.65,74228.38,74236.53,14974
1781159760,2026-06-11T12:06:00,74238.92,74250.89,74231.56,74243.3,41539
1781159820,2026-06-11T12:07:00,74243.45,74275.87,74243.45,74267.38,35741
1781159880,2026-06-11T12:08:00,74273.78,74280.73,74240.87,74248.58,29947
1781159940,2026-06-11T12:09:00,74250.59,74268.16,74250.59,74253.97,51781
1781160000,2026-06-11T12:10:00,74252.95,74254.72,74233.93,74239.14,51452
1781160060,2026-06-11T12:11:00,74239.63,74249.55,74227.04,74228.96,45640
1781160120,2026-06-11T12:12:00,74228.78,74254.17,74228.78,74251.2,30046
1781160180,2026-06-11T12:13:00,74249.75,74270.21,74249.24,74268.02,33787
1781160240,2026-06-11T12:14:00,74264.2,74273.08,74254.27,74270.32,15413
1781160300,2026-06-11T12:15:00,74271.23,74313.11,74271.23,74308.57,43661
1781160360,2026-06-11T12:16:00,74308.22,74323.89,74296.76,74320.35,17704
1781160420,2026-06-11T12:17:00,74320.35,74335.34,74298.92,74299.65,19529
1781160480,2026-06-11T12:18:00,74295.89,74296.95,74282.76,74289.48,19645
1781160540,2026-06-11T12:19:00,74288.66,74289.08,74267.61,74267.61,17583
1781160600,2026-06-11T12:20:00,74269.27,74281.6,74259.9,74261.97,40468
1781160660,2026-06-11T12:21:00,74261.06,74265.19,74248.48,74254.38,37468
1781160720,2026-06-11T12:22:00,74263.27,74274.55,74258.64,74268.92,37713
1781160780,2026-06-11T12:23:00,74268.28,74280.82,74258.21,74280.82,198747
1781160840,2026-06-11T12:24:00,74280.91,74281.46,74259.04,74266.38,74038
1781160900,2026-06-11T12:25:00,74266.74,74279.82,74251.63,74271.79,65306
1781160960,2026-06-11T12:26:00,74265.19,74289.29,74261.79,74284.16,149567
1781161020,2026-06-11T12:27:00,74284.31,74286.69,74265.38,74282.89,27772
1781161080,2026-06-11T12:28:00,74281.83,74314.66,74268.99,74310.02,40981
1781161140,2026-06-11T12:29:00,74308.81,74313.65,74286.78,74286.78,25754
1781161200,2026-06-11T12:30:00,74293.66,74334.12,74293.66,74330.58,23224
1781161260,2026-06-11T12:31:00,74331.77,74355.63,74321.47,74355.63,93539
1781161320,2026-06-11T12:32:00,74356.57,74370.59,74349.57,74365.66,46225
1781161380,2026-06-11T12:33:00,74365.72,74368.59,74353.56,74361.62,38505
1781161440,2026-06-11T12:34:00,74358.35,74375.79,74354.99,74375.79,23708
1781161500,2026-06-11T12:35:00,74373.76,74380.22,74334.47,74371.91,96951
1781161560,2026-06-11T12:36:00,74367.97,74376.81,74330.89,74330.89,48781
1781161620,2026-06-11T12:37:00,74328.73,74330.03,74279.69,74291.8,143445
1781161680,2026-06-11T12:38:00,74293.35,74301.08,74286.69,74289.55,25984
1781161740,2026-06-11T12:39:00,74286.73,74308.44,74286.38,74302.3,41476
1781161800,2026-06-11T12:40:00,74299.42,74311.52,74291.66,74296.69,12204
1781161860,2026-06-11T12:41:00,74296.57,74304.16,74290.2,74300.63,13884
1781161920,2026-06-11T12:42:00,74297.6,74302.15,74279.13,74296.85,30575
1781161980,2026-06-11T12:43:00,74296.24,74304.17,74279.33,74286.56,22504
1781162040,2026-06-11T12:44:00,74285.96,74303.71,74278.26,74297.86,14264
1781162100,2026-06-11T12:45:00,74292.38,74302.94,74289.5,74301.24,14738
1781162160,2026-06-11T12:46:00,74301.42,74319.13,74299.24,74312.21,16689
1781162220,2026-06-11T12:47:00,74311.93,74320.31,74284.74,74296.72,18286
1781162280,2026-06-11T12:48:00,74294.04,74295.72,74270.84,74270.84,16621
1781162340,2026-06-11T12:49:00,74271.78,74289.29,74217.35,74221.13,71480
1781162400,2026-06-11T12:50:00,74216.61,74255.41,74215.46,74249.15,34622
1781162460,2026-06-11T12:51:00,74254.78,74269.72,74251.88,74251.88,27443
1781162520,2026-06-11T12:52:00,74253.2,74253.2,74235.06,74241.25,17564
1781162580,2026-06-11T12:53:00,74239.4,74279.99,74239.4,74258.49,39012
1781162640,2026-06-11T12:54:00,74258.67,74266.06,74230.96,74249.9,44203
1781162700,2026-06-11T12:55:00,74250.5,74251.47,74239.8,74239.8,15172
1781162760,2026-06-11T12:56:00,74243.93,74271.95,74239.91,74253.5,43258
1781162820,2026-06-11T12:57:00,74252.9,74297.13,74229.29,74293.78,74124
1781162880,2026-06-11T12:58:00,74294.83,74316.36,74294.83,74309.83,551654
1781162940,2026-06-11T12:59:00,74312.17,74325.8,74307.29,74325.44,19296
1781163000,2026-06-11T13:00:00,74326.48,74394.34,74326.48,74383.19,23062
1781163060,2026-06-11T13:01:00,74383.19,74390.7,74349.67,74356.64,41643
1781163120,2026-06-11T13:02:00,74355.67,74360.01,74318.73,74322.74,521488
1781163180,2026-06-11T13:03:00,74323.86,74329.09,74314.67,74322.15,8116
1781163240,2026-06-11T13:04:00,74322.15,74323.68,74310.07,74314.52,285460
1781163300,2026-06-11T13:05:00,74311.99,74317.38,74300.01,74315.42,12057
1781163360,2026-06-11T13:06:00,74315.79,74315.79,74301.76,74301.77,8339
1781163420,2026-06-11T13:07:00,74302.22,74308.29,74299.77,74299.79,10468
1781163480,2026-06-11T13:08:00,74299.06,74300.46,74274.5,74280.14,10520
1781163540,2026-06-11T13:09:00,74279.58,74280.11,74256.31,74256.31,21129
1781163600,2026-06-11T13:10:00,74249.91,74254.07,74240.78,74240.78,8843
1781163660,2026-06-11T13:11:00,74242.72,74253.77,74235.96,74241.53,17256
1781163720,2026-06-11T13:12:00,74241.65,74244.64,74191.35,74202.98,558910
1781163780,2026-06-11T13:13:00,74203.17,74207.65,74182.53,74182.53,20887
1781163840,2026-06-11T13:14:00,74182.58,74186.99,74170.78,74173.52,15928
1781163900,2026-06-11T13:15:00,74176.74,74186.01,74171.45,74175.19,17981
1781163960,2026-06-11T13:16:00,74174.43,74191.39,74160.07,74163.78,17506
1781164020,2026-06-11T13:17:00,74162.81,74191.98,74158.37,74189.86,20053
1781164080,2026-06-11T13:18:00,74186.09,74186.4,74121.7,74149.33,166079
1781164140,2026-06-11T13:19:00,74147.94,74163.23,74144.32,74151.33,15862
1781164200,2026-06-11T13:20:00,74149.38,74185.2,74140.34,74150.81,155832
1781164260,2026-06-11T13:21:00,74155.97,74155.97,74103.12,74103.12,30790
1781164320,2026-06-11T13:22:00,74102.42,74103.03,74074.75,74074.8,29697
1781164380,2026-06-11T13:23:00,74074.11,74138.34,74067.99,74123.52,28341
1781164440,2026-06-11T13:24:00,74123.52,74123.52,74096.61,74106.71,9814
1781164500,2026-06-11T13:25:00,74101.38,74114.23,74089.13,74089.61,10973
1781164560,2026-06-11T13:26:00,74090.87,74090.87,74046.17,74046.17,10699
1781164620,2026-06-11T13:27:00,74054.56,74081.75,74054.27,74080.55,20359
1781164680,2026-06-11T13:28:00,74076.62,74090.09,74067.15,74084.78,11132
1781164740,2026-06-11T13:29:00,74090.11,74121.67,74086.05,74117.98,20081
1781164800,2026-06-11T13:30:00,74117.98,74169.12,74112.26,74159.45,21421
1781164860,2026-06-11T13:31:00,74160.06,74165.22,74139.69,74150.28,12460
1781164920,2026-06-11T13:32:00,74154.98,74187.76,74154.98,74184.43,17904
1781164980,2026-06-11T13:33:00,74188.06,74200.24,74165.77,74165.77,18176
1781165040,2026-06-11T13:34:00,74166.58,74169.69,74118.95,74124.67,14500
1781165100,2026-06-11T13:35:00,74123.81,74144.0,74121.91,74137.98,15713
1781165160,2026-06-11T13:36:00,74139.31,74166.79,74133.73,74164.89,16490
1781165220,2026-06-11T13:37:00,74161.95,74165.07,74145.72,74145.72,5961
1781165280,2026-06-11T13:38:00,74145.72,74146.98,74116.87,74122.68,11082
1781165340,2026-06-11T13:39:00,74120.87,74124.22,74091.3,74093.49,8944
1781165400,2026-06-11T13:40:00,74095.66,74135.09,74095.59,74095.59,107220
1781165460,2026-06-11T13:41:00,74096.2,74102.17,74073.75,74075.94,47788
1781165520,2026-06-11T13:42:00,74076.22,74099.28,74076.22,74087.96,15957
1781165580,2026-06-11T13:43:00,74087.41,74089.47,74042.68,74047.01,13136
1781165640,2026-06-11T13:44:00,74044.46,74063.35,74042.68,74057.13,12424
1781165700,2026-06-11T13:45:00,74057.62,74073.78,74053.77,74062.95,13142
1781165760,2026-06-11T13:46:00,74062.67,74065.84,74037.61,74064.06,13023
1781165820,2026-06-11T13:47:00,74064.06,74117.34,74064.06,74101.03,10889
1781165880,2026-06-11T13:48:00,74100.42,74111.35,74075.94,74082.2,49816
1781165940,2026-06-11T13:49:00,74084.82,74103.95,74079.33,74094.14,48098
1781166000,2026-06-11T13:50:00,74093.26,74094.41,74059.58,74064.61,4650
1781166060,2026-06-11T13:51:00,74064.15,74080.24,74063.81,74070.45,10884
1781166120,2026-06-11T13:52:00,74069.87,74079.4,74060.79,74078.32,11718
1781166180,2026-06-11T13:53:00,74080.7,74108.91,74076.67,74099.19,21413
1781166240,2026-06-11T13:54:00,74100.41,74101.52,74090.31,74091.87,9846
1781166300,2026-06-11T13:55:00,74094.45,74097.2,74070.71,74084.52,35606
1781166360,2026-06-11T13:56:00,74085.55,74116.39,74085.38,74116.39,37970
1781166420,2026-06-11T13:57:00,74116.39,74124.83,74106.99,74109.23,20655
1781166480,2026-06-11T13:58:00,74109.71,74140.93,74107.57,74140.93,11349
1781166540,2026-06-11T13:59:00,74137.73,74137.73,74086.11,74086.11,11506
1781166600,2026-06-11T14:00:00,74089.09,74112.31,74081.22,74112.31,9864
1781166660,2026-06-11T14:01:00,74113.28,74116.87,74097.17,74097.17,1008833
1781166720,2026-06-11T14:02:00,74099.27,74103.58,74055.11,74077.56,216733
1781166780,2026-06-11T14:03:00,74078.47,74120.35,74078.47,74120.35,58423
1781166840,2026-06-11T14:04:00,74116.73,74123.21,74094.85,74108.02,180265
1781166900,2026-06-11T14:05:00,74106.78,74107.54,74078.4,74090.53,12810
1781166960,2026-06-11T14:06:00,74090.53,74097.18,74086.17,74091.16,9270
1781167020,2026-06-11T14:07:00,74092.37,74093.12,74051.68,74052.7,15077
1781167080,2026-06-11T14:08:00,74052.7,74055.03,74024.61,74024.61,13538
1781167140,2026-06-11T14:09:00,74020.7,74024.48,74002.08,74022.38,20892
1781167200,2026-06-11T14:10:00,74022.42,74037.62,74015.53,74024.58,11117
1781167260,2026-06-11T14:11:00,74024.64,74026.62,73999.35,74013.9,11909
1781167320,2026-06-11T14:12:00,74013.55,74025.51,74009.78,74009.78,14881
1781167380,2026-06-11T14:13:00,74007.28,74047.83,74007.28,74047.83,19543
1781167440,2026-06-11T14:14:00,74049.26,74061.7,74040.29,74042.31,16476
1781167500,2026-06-11T14:15:00,74044.38,74048.29,74024.88,74025.37,6578
1781167560,2026-06-11T14:16:00,74025.37,74046.76,74025.37,74033.92,6536
1781167620,2026-06-11T14:17:00,74036.24,74037.22,74023.5,74027.7,11314
1781167680,2026-06-11T14:18:00,74027.07,74029.12,74012.09,74012.09,8251
1781167740,2026-06-11T14:19:00,74014.71,74028.61,74005.12,74028.61,12612
1781167800,2026-06-11T14:20:00,74030.94,74060.23,74028.72,74054.89,10717
1781167860,2026-06-11T14:21:00,74054.89,74056.44,74040.91,74041.49,9444
1781167920,2026-06-11T14:22:00,74036.8,74046.15,74034.38,74044.46,9152
1781167980,2026-06-11T14:23:00,74045.6,74046.99,74010.84,74010.84,53060
1781168040,2026-06-11T14:24:00,74011.57,74012.01,74003.13,74005.75,7366
1781168100,2026-06-11T14:25:00,74005.23,74037.58,74005.23,74029.98,57512
1781168160,2026-06-11T14:26:00,74030.32,74052.56,74030.32,74052.56,24571
1781168220,2026-06-11T14:27:00,74051.81,74079.12,74051.81,74071.93,16420
1781168280,2026-06-11T14:28:00,74077.36,74140.58,74077.36,74140.58,39196
1781168340,2026-06-11T14:29:00,74141.26,74144.17,74096.79,74110.46,116002
1781168400,2026-06-11T14:30:00,74109.46,74118.65,74078.94,74118.65,42999
1781168460,2026-06-11T14:31:00,74121.26,74121.35,74104.26,74115.02,14245
1781168520,2026-06-11T14:32:00,74111.89,74114.47,74089.44,74103.13,19235
1781168580,2026-06-11T14:33:00,74105.07,74106.59,74084.45,74086.53,13605
1781168640,2026-06-11T14:34:00,74087.11,74094.49,74068.5,74093.67,23107
1781168700,2026-06-11T14:35:00,74096.36,74120.89,74093.53,74102.53,18305
1781168760,2026-06-11T14:36:00,74102.83,74103.22,74010.54,74013.04,103415
1781168820,2026-06-11T14:37:00,74004.16,74103.35,73974.92,74092.82,374012
1781168880,2026-06-11T14:38:00,74088.26,74107.4,74051.45,74052.37,187825
1781168940,2026-06-11T14:39:00,74051.59,74053.72,74001.28,74052.25,21189
1781169000,2026-06-11T14:40:00,74049.86,74062.68,73999.15,74016.56,224314
1781169060,2026-06-11T14:41:00,74019.85,74054.41,74010.1,74053.84,107771
1781169120,2026-06-11T14:42:00,74048.0,74059.74,74026.23,74026.57,78228
1781169180,2026-06-11T14:43:00,74024.53,74030.91,73968.26,73969.43,1174000
1781169240,2026-06-11T14:44:00,73970.83,73991.33,73965.04,73981.35,12662
1781169300,2026-06-11T14:45:00,73981.1,73994.57,73979.43,73983.38,23264
1781169360,2026-06-11T14:46:00,73978.78,74014.67,73939.23,73940.76,106065
1781169420,2026-06-11T14:47:00,73941.51,73952.47,73887.03,73890.67,101097
1781169480,2026-06-11T14:48:00,73888.71,73942.59,73886.81,73931.26,69664
1781169540,2026-06-11T14:49:00,73932.16,73981.83,73928.79,73980.15,61063
1781169600,2026-06-11T14:50:00,73976.12,73976.12,73883.69,73889.52,33412
1781169660,2026-06-11T14:51:00,73897.01,73918.49,73893.77,73903.66,15425
1781169720,2026-06-11T14:52:00,73902.29,73907.0,73880.75,73888.8,13421
1781169780,2026-06-11T14:53:00,73887.06,73900.12,73864.4,73887.86,95526
1781169840,2026-06-11T14:54:00,73893.34,73901.26,73890.29,73895.03,13383
1781169900,2026-06-11T14:55:00,73894.06,73899.03,73882.8,73899.03,17251
1781169960,2026-06-11T14:56:00,73899.05,73901.54,73881.11,73881.11,8913
1781170020,2026-06-11T14:57:00,73878.19,73881.59,73865.95,73869.08,23070
1781170080,2026-06-11T14:58:00,73870.09,73893.3,73866.19,73890.72,13027
1781170140,2026-06-11T14:59:00,73890.55,73910.1,73886.61,73908.35,50871
1781170200,2026-06-11T15:00:00,73910.22,73942.4,73833.27,73833.27,40696
1781170260,2026-06-11T15:01:00,73832.17,73832.4,73809.99,73819.67,62384
1781170320,2026-06-11T15:02:00,73818.44,73867.4,73758.53,73860.26,849825
1781170380,2026-06-11T15:03:00,73856.42,73858.57,73805.89,73843.69,122539
1781170440,2026-06-11T15:04:00,73842.2,73855.3,73781.67,73793.97,161207
1781170500,2026-06-11T15:05:00,73789.95,73805.78,73775.07,73805.32,51612
1781170560,2026-06-11T15:06:00,73805.03,73811.12,73732.96,73756.08,548203
1781170620,2026-06-11T15:07:00,73758.17,73821.41,73758.17,73802.08,160491
1781170680,2026-06-11T15:08:00,73811.91,73819.3,73762.0,73764.39,60420
1781170740,2026-06-11T15:09:00,73759.92,73788.16,73752.58,73778.82,40353
1781170800,2026-06-11T15:10:00,73779.43,73830.23,73779.43,73823.48,952785
1781170860,2026-06-11T15:11:00,73823.46,73840.27,73776.39,73780.68,138339
1781170920,2026-06-11T15:12:00,73781.29,73799.5,73738.67,73799.5,533613
1781170980,2026-06-11T15:13:00,73800.86,73821.23,73774.76,73820.19,210206
1781171040,2026-06-11T15:14:00,73832.67,73854.77,73831.47,73842.21,62224
1781171100,2026-06-11T15:15:00,73847.62,73869.12,73823.15,73869.12,296480
1781171160,2026-06-11T15:16:00,73874.53,73901.23,73874.53,73901.23,264710
1781171220,2026-06-11T15:17:00,73899.56,73915.19,73899.56,73904.78,47469
1781171280,2026-06-11T15:18:00,73905.97,73931.98,73905.97,73909.42,58904
1781171340,2026-06-11T15:19:00,73908.22,73912.94,73875.15,73905.07,58043
1781171400,2026-06-11T15:20:00,73902.82,73917.02,73889.77,73901.5,2299738
1781171460,2026-06-11T15:21:00,73902.65,73914.72,73864.01,73868.2,180123
1781171520,2026-06-11T15:22:00,73866.62,73889.3,73865.9,73885.25,126608
1781171580,2026-06-11T15:23:00,73885.99,73887.12,73862.39,73877.72,654071
1781171640,2026-06-11T15:24:00,73889.83,73902.02,73882.56,73892.72,32517
1781171700,2026-06-11T15:25:00,73890.56,73908.33,73887.2,73897.29,64555
1781171760,2026-06-11T15:26:00,73896.3,73900.75,73877.22,73894.26,42756
1781171820,2026-06-11T15:27:00,73897.7,73916.45,73896.56,73913.2,78885
1781171880,2026-06-11T15:28:00,73911.59,73912.88,73884.86,73906.56,87208
1781171940,2026-06-11T15:29:00,73904.23,73917.22,73878.71,73909.98,34527
1781235900,2026-06-12T09:15:00,74709.27,74834.76,74663.34,74767.83,397916
1781235960,2026-06-12T09:16:00,74762.12,74815.45,74762.12,74815.45,199109
1781236020,2026-06-12T09:17:00,74812.82,74856.35,74784.18,74836.85,145178
1781236080,2026-06-12T09:18:00,74839.96,74852.18,74788.24,74804.93,138121
1781236140,2026-06-12T09:19:00,74811.63,74833.21,74792.84,74828.63,84550
1781236200,2026-06-12T09:20:00,74833.47,74859.16,74807.23,74817.31,76739
1781236260,2026-06-12T09:21:00,74819.18,74820.0,74787.31,74811.41,87629
1781236320,2026-06-12T09:22:00,74806.81,74813.45,74759.88,74769.5,78947
1781236380,2026-06-12T09:23:00,74771.72,74797.85,74771.72,74789.62,69737
1781236440,2026-06-12T09:24:00,74789.04,74792.17,74768.6,74775.9,88520
1781236500,2026-06-12T09:25:00,74773.34,74796.25,74743.0,74743.0,63610
1781236560,2026-06-12T09:26:00,74743.5,74746.96,74726.66,74733.37,62211
1781236620,2026-06-12T09:27:00,74734.32,74740.31,74719.04,74737.03,41319
1781236680,2026-06-12T09:28:00,74742.37,74756.74,74707.86,74716.8,35866
1781236740,2026-06-12T09:29:00,74715.98,74717.8,74693.86,74704.62,52269
1781236800,2026-06-12T09:30:00,74705.35,74731.96,74705.35,74726.94,79065
1781236860,2026-06-12T09:31:00,74727.38,74727.38,74658.03,74699.16,51004
1781236920,2026-06-12T09:32:00,74706.43,74708.84,74692.75,74699.5,52704
1781236980,2026-06-12T09:33:00,74700.65,74700.65,74675.61,74684.19,28490
1781237040,2026-06-12T09:34:00,74685.66,74728.58,74683.58,74725.3,67099
1781237100,2026-06-12T09:35:00,74724.61,74736.84,74705.03,74714.59,27413
1781237160,2026-06-12T09:36:00,74708.69,74708.69,74662.45,74672.61,31472
1781237220,2026-06-12T09:37:00,74673.12,74704.13,74672.85,74692.36,39570
1781237280,2026-06-12T09:38:00,74691.3,74724.95,74691.3,74720.65,114498
1781237340,2026-06-12T09:39:00,74722.64,74727.61,74704.22,74711.17,66073
1781237400,2026-06-12T09:40:00,74708.31,74708.31,74680.98,74698.17,31973
1781237460,2026-06-12T09:41:00,74696.49,74709.07,74646.37,74647.92,57296
1781237520,2026-06-12T09:42:00,74649.52,74651.83,74632.22,74635.05,19830
1781237580,2026-06-12T09:43:00,74637.0,74644.97,74609.49,74615.49,29210
1781237640,2026-06-12T09:44:00,74615.19,74634.51,74611.98,74614.65,53291
1781237700,2026-06-12T09:45:00,74613.19,74651.46,74605.79,74620.93,24716
1781237760,2026-06-12T09:46:00,74620.08,74626.43,74593.68,74615.09,50308
1781237820,2026-06-12T09:47:00,74613.89,74639.39,74613.89,74633.55,34510
1781237880,2026-06-12T09:48:00,74632.97,74637.72,74608.21,74637.72,24184
1781237940,2026-06-12T09:49:00,74635.12,74655.67,74629.42,74655.67,16556
1781238000,2026-06-12T09:50:00,74654.13,74654.38,74637.06,74644.04,20560
1781238060,2026-06-12T09:51:00,74644.92,74650.02,74638.84,74643.24,16754
1781238120,2026-06-12T09:52:00,74641.76,74651.31,74632.94,74639.8,18503
1781238180,2026-06-12T09:53:00,74637.5,74642.8,74619.05,74619.05,18575
1781238240,2026-06-12T09:54:00,74612.27,74615.99,74586.63,74594.69,27878
1781238300,2026-06-12T09:55:00,74600.0,74600.0,74575.2,74589.84,31214
1781238360,2026-06-12T09:56:00,74589.95,74601.74,74581.2,74586.72,30630
1781238420,2026-06-12T09:57:00,74586.72,74599.34,74574.58,74594.39,30014
1781238480,2026-06-12T09:58:00,74594.67,74597.23,74584.26,74591.22,80989
1781238540,2026-06-12T09:59:00,74587.32,74590.2,74567.29,74567.29,22354
1781238600,2026-06-12T10:00:00,74570.48,74570.48,74545.03,74550.54,19303
1781238660,2026-06-12T10:01:00,74550.82,74555.19,74527.89,74542.38,30166
1781238720,2026-06-12T10:02:00,74540.29,74549.09,74525.76,74538.52,20990
1781238780,2026-06-12T10:03:00,74538.62,74539.2,74517.36,74518.54,25157
1781238840,2026-06-12T10:04:00,74518.34,74518.34,74486.9,74517.58,34125
1781238900,2026-06-12T10:05:00,74515.95,74561.87,74512.58,74556.67,42085
1781238960,2026-06-12T10:06:00,74556.17,74576.53,74554.54,74572.94,31030
1781239020,2026-06-12T10:07:00,74571.04,74572.06,74543.56,74549.05,17917
1781239080,2026-06-12T10:08:00,74550.07,74556.5,74532.86,74550.65,32485
1781239140,2026-06-12T10:09:00,74550.84,74556.86,74539.35,74543.67,13113
1781239200,2026-06-12T10:10:00,74545.4,74546.8,74519.73,74525.06,20113
1781239260,2026-06-12T10:11:00,74521.84,74526.71,74510.35,74521.94,16736
1781239320,2026-06-12T10:12:00,74520.87,74555.61,74519.09,74540.37,20030
1781239380,2026-06-12T10:13:00,74540.47,74540.47,74524.17,74535.19,22254
1781239440,2026-06-12T10:14:00,74535.61,74540.8,74524.9,74531.59,17617
1781239500,2026-06-12T10:15:00,74533.41,74536.34,74519.14,74531.47,21980
1781239560,2026-06-12T10:16:00,74529.27,74530.9,74496.46,74500.84,22291
1781239620,2026-06-12T10:17:00,74500.84,74500.84,74470.68,74475.4,24409
1781239680,2026-06-12T10:18:00,74474.62,74477.44,74459.35,74464.78,17718
1781239740,2026-06-12T10:19:00,74461.79,74473.5,74453.39,74462.77,42277
1781239800,2026-06-12T10:20:00,74462.78,74504.43,74456.76,74501.11,16337
1781239860,2026-06-12T10:21:00,74505.96,74517.33,74503.7,74513.21,21706
1781239920,2026-06-12T10:22:00,74516.57,74525.14,74511.69,74523.98,27768
1781239980,2026-06-12T10:23:00,74527.16,74548.2,74527.16,74541.47,60128
1781240040,2026-06-12T10:24:00,74546.62,74559.74,74533.92,74557.39,15524
1781240100,2026-06-12T10:25:00,74557.76,74576.29,74556.67,74568.52,29992
1781240160,2026-06-12T10:26:00,74569.18,74574.22,74557.83,74563.45,22842
1781240220,2026-06-12T10:27:00,74563.81,74580.95,74556.63,74574.28,14456
1781240280,2026-06-12T10:28:00,74574.43,74574.43,74547.31,74547.87,23301
1781240340,2026-06-12T10:29:00,74547.75,74549.21,74530.23,74547.42,15360
1781240400,2026-06-12T10:30:00,74544.11,74544.72,74523.77,74541.42,11489
1781240460,2026-06-12T10:31:00,74544.8,74560.73,74538.66,74554.14,12735
1781240520,2026-06-12T10:32:00,74554.14,74567.63,74553.26,74554.47,30855
1781240580,2026-06-12T10:33:00,74553.48,74554.14,74528.02,74529.87,10463
1781240640,2026-06-12T10:34:00,74530.38,74564.04,74530.38,74553.97,20261
1781240700,2026-06-12T10:35:00,74551.95,74555.28,74532.85,74539.87,14361
1781240760,2026-06-12T10:36:00,74539.49,74539.49,74521.16,74532.52,13102
1781240820,2026-06-12T10:37:00,74533.73,74538.83,74519.98,74535.89,15458
1781240880,2026-06-12T10:38:00,74537.96,74550.24,74530.81,74544.1,977642
1781240940,2026-06-12T10:39:00,74543.78,74563.54,74533.07,74563.21,13421
1781241000,2026-06-12T10:40:00,74563.23,74572.62,74555.46,74555.79,14844
1781241060,2026-06-12T10:41:00,74555.06,74557.0,74549.54,74552.89,9835
1781241120,2026-06-12T10:42:00,74551.64,74571.62,74549.01,74568.5,24672
1781241180,2026-06-12T10:43:00,74568.64,74571.76,74550.05,74550.05,14039
1781241240,2026-06-12T10:44:00,74551.32,74558.89,74542.36,74551.28,13093
1781241300,2026-06-12T10:45:00,74549.71,74558.02,74543.9,74555.71,14276
1781241360,2026-06-12T10:46:00,74555.45,74568.03,74546.54,74549.3,18140
1781241420,2026-06-12T10:47:00,74547.63,74552.52,74497.58,74506.49,45219
1781241480,2026-06-12T10:48:00,74506.52,74527.8,74506.52,74525.84,15710
1781241540,2026-06-12T10:49:00,74528.99,74557.72,74528.99,74552.28,14389
1781241600,2026-06-12T10:50:00,74551.98,74556.88,74521.31,74533.45,14162
1781241660,2026-06-12T10:51:00,74533.45,74543.21,74527.07,74541.69,18716
1781241720,2026-06-12T10:52:00,74543.19,74544.11,74530.4,74536.93,17593
1781241780,2026-06-12T10:53:00,74540.34,74558.44,74539.37,74552.67,14104
1781241840,2026-06-12T10:54:00,74552.65,74577.56,74552.65,74576.55,13457
1781241900,2026-06-12T10:55:00,74577.9,74587.07,74576.85,74581.53,15099
1781241960,2026-06-12T10:56:00,74582.06,74592.58,74577.42,74581.9,16095
1781242020,2026-06-12T10:57:00,74581.71,74592.21,74576.68,74583.83,10652
1781242080,2026-06-12T10:58:00,74583.25,74587.28,74579.53,74580.16,22941
1781242140,2026-06-12T10:59:00,74580.16,74593.13,74576.03,74589.63,20655
1781242200,2026-06-12T11:00:00,74587.36,74593.03,74575.79,74576.03,8826
1781242260,2026-06-12T11:01:00,74576.55,74577.53,74561.41,74574.78,10305
1781242320,2026-06-12T11:02:00,74574.14,74575.9,74552.89,74554.76,29139
1781242380,2026-06-12T11:03:00,74554.17,74569.39,74553.2,74565.09,29720
1781242440,2026-06-12T11:04:00,74565.44,74576.55,74562.66,74576.55,15594
1781242500,2026-06-12T11:05:00,74579.52,74589.81,74573.8,74577.62,26807
1781242560,2026-06-12T11:06:00,74576.76,74582.1,74560.26,74561.21,38513
1781242620,2026-06-12T11:07:00,74559.98,74563.61,74540.54,74548.16,11513
1781242680,2026-06-12T11:08:00,74547.15,74586.7,74545.94,74586.1,14028
1781242740,2026-06-12T11:09:00,74584.81,74588.16,74569.23,74579.68,204010
1781242800,2026-06-12T11:10:00,74579.86,74596.62,74573.02,74593.45,14294
1781242860,2026-06-12T11:11:00,74593.8,74624.05,74591.84,74622.15,13635
1781242920,2026-06-12T11:12:00,74623.04,74632.4,74615.32,74621.0,15562
1781242980,2026-06-12T11:13:00,74620.39,74637.27,74620.39,74630.19,40285
1781243040,2026-06-12T11:14:00,74633.59,74649.4,74631.79,74645.48,26366
1781243100,2026-06-12T11:15:00,74647.03,74654.31,74644.74,74653.66,22816
1781243160,2026-06-12T11:16:00,74648.95,74654.33,74641.51,74642.06,19688
1781243220,2026-06-12T11:17:00,74639.09,74642.4,74630.12,74636.18,12640
1781243280,2026-06-12T11:18:00,74636.89,74637.9,74621.37,74630.67,11117
1781243340,2026-06-12T11:19:00,74631.97,74631.97,74590.44,74590.44,21745
1781243400,2026-06-12T11:20:00,74591.37,74596.08,74576.13,74579.06,66276
1781243460,2026-06-12T11:21:00,74581.13,74589.68,74570.11,74579.03,30281
1781243520,2026-06-12T11:22:00,74579.49,74597.55,74579.49,74596.44,21553
1781243580,2026-06-12T11:23:00,74595.09,74601.42,74583.69,74589.95,14088
1781243640,2026-06-12T11:24:00,74589.95,74614.4,74584.39,74613.44,30042
1781243700,2026-06-12T11:25:00,74614.5,74618.55,74599.48,74607.63,18853
1781243760,2026-06-12T11:26:00,74610.97,74610.97,74577.47,74588.94,15782
1781243820,2026-06-12T11:27:00,74588.34,74601.35,74585.11,74591.84,1613463
1781243880,2026-06-12T11:28:00,74589.94,74602.56,74588.46,74602.19,30953
1781243940,2026-06-12T11:29:00,74602.75,74604.15,74592.33,74604.15,17329
1781244000,2026-06-12T11:30:00,74603.84,74621.89,74603.84,74612.8,20997
1781244060,2026-06-12T11:31:00,74611.13,74619.25,74606.49,74614.35,36773
1781244120,2026-06-12T11:32:00,74614.39,74632.35,74610.53,74632.35,15151
1781244180,2026-06-12T11:33:00,74630.81,74649.05,74628.88,74639.78,30885
1781244240,2026-06-12T11:34:00,74638.98,74645.33,74632.34,74638.29,44542
1781244300,2026-06-12T11:35:00,74638.29,74638.29,74618.22,74625.92,14283
1781244360,2026-06-12T11:36:00,74625.92,74634.71,74621.95,74625.32,12358
1781244420,2026-06-12T11:37:00,74624.55,74633.17,74617.29,74624.78,9998
1781244480,2026-06-12T11:38:00,74624.54,74631.21,74616.18,74631.21,20139
1781244540,2026-06-12T11:39:00,74629.04,74648.77,74624.0,74644.62,17425
1781244600,2026-06-12T11:40:00,74643.4,74654.15,74641.73,74645.11,29720
1781244660,2026-06-12T11:41:00,74645.11,74666.48,74644.64,74664.84,13251
1781244720,2026-06-12T11:42:00,74665.14,74670.7,74660.25,74661.15,9667
1781244780,2026-06-12T11:43:00,74660.27,74668.53,74659.29,74664.55,10709
1781244840,2026-06-12T11:44:00,74664.75,74674.91,74661.53,74669.0,131132
1781244900,2026-06-12T11:45:00,74668.35,74668.35,74647.5,74652.64,18323
1781244960,2026-06-12T11:46:00,74653.32,74672.17,74653.3,74671.61,20515
1781245020,2026-06-12T11:47:00,74670.88,74695.59,74668.54,74695.59,29283
1781245080,2026-06-12T11:48:00,74692.52,74696.68,74681.59,74691.7,23594
1781245140,2026-06-12T11:49:00,74691.69,74698.73,74687.49,74693.6,145821
1781245200,2026-06-12T11:50:00,74693.77,74697.89,74686.86,74694.46,48140
1781245260,2026-06-12T11:51:00,74692.34,74693.25,74677.45,74680.07,78597
1781245320,2026-06-12T11:52:00,74679.05,74688.65,74675.18,74675.18,174603
1781245380,2026-06-12T11:53:00,74673.99,74676.92,74661.4,74665.69,16069
1781245440,2026-06-12T11:54:00,74666.26,74690.37,74666.26,74682.96,20142
1781245500,2026-06-12T11:55:00,74682.96,74682.96,74674.09,74681.75,8476
1781245560,2026-06-12T11:56:00,74681.57,74695.55,74676.22,74689.03,47655
1781245620,2026-06-12T11:57:00,74690.8,74698.95,74687.45,74692.94,14554
1781245680,2026-06-12T11:58:00,74694.2,74697.7,74684.35,74688.68,14238
1781245740,2026-06-12T11:59:00,74689.7,74689.7,74675.42,74676.15,12910
1781245800,2026-06-12T12:00:00,74675.4,74677.66,74657.44,74660.46,12051
1781245860,2026-06-12T12:01:00,74660.81,74664.89,74654.93,74663.74,30526
1781245920,2026-06-12T12:02:00,74662.18,74675.4,74662.18,74671.25,273274
1781245980,2026-06-12T12:03:00,74668.81,74673.89,74661.32,74661.9,16207
1781246040,2026-06-12T12:04:00,74662.34,74680.1,74659.57,74670.41,79436
1781246100,2026-06-12T12:05:00,74670.41,74677.74,74663.52,74665.25,12049
1781246160,2026-06-12T12:06:00,74664.65,74674.68,74664.56,74667.46,6738
1781246220,2026-06-12T12:07:00,74664.59,74675.66,74657.61,74657.61,21584
1781246280,2026-06-12T12:08:00,74655.32,74655.32,74630.65,74640.26,12808
1781246340,2026-06-12T12:09:00,74641.17,74644.94,74625.22,74625.58,8233
1781246400,2026-06-12T12:10:00,74625.58,74632.32,74611.49,74611.66,21235
1781246460,2026-06-12T12:11:00,74612.11,74612.58,74589.73,74602.54,24089
1781246520,2026-06-12T12:12:00,74602.7,74605.19,74588.25,74592.87,12831
1781246580,2026-06-12T12:13:00,74592.87,74592.87,74568.76,74574.28,10381
1781246640,2026-06-12T12:14:00,74571.77,74576.65,74556.57,74575.51,16008
1781246700,2026-06-12T12:15:00,74575.89,74580.8,74563.82,74578.55,7140
1781246760,2026-06-12T12:16:00,74577.65,74584.09,74574.62,74578.14,29324
1781246820,2026-06-12T12:17:00,74577.69,74590.02,74577.69,74590.02,5076
1781246880,2026-06-12T12:18:00,74591.24,74593.04,74566.71,74569.42,35971
1781246940,2026-06-12T12:19:00,74569.45,74574.89,74558.96,74559.72,6880
1781247000,2026-06-12T12:20:00,74560.11,74605.53,74558.19,74604.46,11504
1781247060,2026-06-12T12:21:00,74602.03,74609.58,74596.79,74607.03,4741
1781247120,2026-06-12T12:22:00,74607.08,74616.49,74603.4,74616.41,6453
1781247180,2026-06-12T12:23:00,74616.53,74626.64,74611.9,74619.26,5938
1781247240,2026-06-12T12:24:00,74620.29,74626.04,74612.29,74623.51,21515
1781247300,2026-06-12T12:25:00,74625.11,74634.65,74623.15,74634.65,11674
1781247360,2026-06-12T12:26:00,74634.13,74638.47,74627.7,74628.07,7380
1781247420,2026-06-12T12:27:00,74628.72,74637.53,74628.44,74633.25,7939
1781247480,2026-06-12T12:28:00,74629.79,74633.09,74626.84,74633.09,12693
1781247540,2026-06-12T12:29:00,74631.71,74635.32,74620.63,74622.68,10494
1781247600,2026-06-12T12:30:00,74622.95,74625.14,74594.37,74599.69,25066
1781247660,2026-06-12T12:31:00,74600.92,74606.66,74593.41,74595.82,12781
1781247720,2026-06-12T12:32:00,74595.82,74600.65,74584.37,74589.02,8801
1781247780,2026-06-12T12:33:00,74589.02,74590.84,74556.53,74558.09,6640
1781247840,2026-06-12T12:34:00,74558.24,74567.73,74552.9,74566.73,22903
1781247900,2026-06-12T12:35:00,74566.58,74569.96,74554.13,74554.13,10037
1781247960,2026-06-12T12:36:00,74554.13,74569.54,74549.91,74559.22,8940
1781248020,2026-06-12T12:37:00,74557.26,74564.83,74546.96,74564.83,11334
1781248080,2026-06-12T12:38:00,74564.83,74568.14,74555.42,74558.8,13217
1781248140,2026-06-12T12:39:00,74559.02,74561.44,74535.97,74544.67,36448
1781248200,2026-06-12T12:40:00,74548.0,74553.59,74538.33,74538.72,13012
1781248260,2026-06-12T12:41:00,74537.71,74540.93,74528.7,74530.1,40182
1781248320,2026-06-12T12:42:00,74530.48,74532.43,74514.01,74520.86,23207
1781248380,2026-06-12T12:43:00,74520.16,74521.47,74492.67,74492.88,51907
1781248440,2026-06-12T12:44:00,74489.77,74501.58,74485.83,74485.83,22716
1781248500,2026-06-12T12:45:00,74485.45,74494.73,74468.68,74484.49,26499
1781248560,2026-06-12T12:46:00,74484.49,74489.51,74468.43,74489.51,15055
1781248620,2026-06-12T12:47:00,74489.7,74492.66,74481.94,74486.48,10651
1781248680,2026-06-12T12:48:00,74488.57,74489.55,74476.26,74481.72,10558
1781248740,2026-06-12T12:49:00,74478.93,74479.21,74469.74,74469.9,14983
1781248800,2026-06-12T12:50:00,74468.16,74476.89,74464.2,74473.96,10963
1781248860,2026-06-12T12:51:00,74475.74,74493.13,74475.74,74493.13,16184
1781248920,2026-06-12T12:52:00,74494.54,74498.91,74490.95,74493.39,8941
1781248980,2026-06-12T12:53:00,74496.54,74501.07,74481.34,74498.2,16310
1781249040,2026-06-12T12:54:00,74498.5,74508.44,74484.28,74508.44,16607
1781249100,2026-06-12T12:55:00,74508.82,74509.38,74497.87,74509.38,8144
1781249160,2026-06-12T12:56:00,74512.07,74512.67,74502.24,74510.23,11351
1781249220,2026-06-12T12:57:00,74511.71,74516.34,74499.48,74500.78,34317
1781249280,2026-06-12T12:58:00,74497.12,74504.08,74494.06,74500.89,8647
1781249340,2026-06-12T12:59:00,74504.73,74508.31,74495.0,74504.68,5166
1781249400,2026-06-12T13:00:00,74506.85,74511.6,74496.56,74509.22,7951
1781249460,2026-06-12T13:01:00,74509.79,74517.5,74505.29,74510.45,8324
1781249520,2026-06-12T13:02:00,74510.4,74516.4,74504.27,74516.01,5680
1781249580,2026-06-12T13:03:00,74516.01,74529.07,74511.79,74528.23,17948
1781249640,2026-06-12T13:04:00,74531.46,74534.55,74526.62,74528.47,16283
1781249700,2026-06-12T13:05:00,74528.36,74554.53,74528.36,74554.53,11786
1781249760,2026-06-12T13:06:00,74554.49,74556.53,74544.76,74547.33,12702
1781249820,2026-06-12T13:07:00,74546.97,74548.77,74523.82,74525.09,9861
1781249880,2026-06-12T13:08:00,74525.43,74525.43,74516.66,74520.7,7718
1781249940,2026-06-12T13:09:00,74521.4,74528.31,74518.93,74528.13,9725
1781250000,2026-06-12T13:10:00,74528.13,74543.28,74528.02,74538.87,11525
1781250060,2026-06-12T13:11:00,74536.29,74548.77,74534.57,74548.77,5550
1781250120,2026-06-12T13:12:00,74548.86,74557.57,74542.88,74542.88,11621
1781250180,2026-06-12T13:13:00,74541.84,74542.91,74526.23,74528.38,10336
1781250240,2026-06-12T13:14:00,74526.68,74528.6,74519.67,74528.6,9536
1781250300,2026-06-12T13:15:00,74528.04,74550.13,74526.1,74549.63,12373
1781250360,2026-06-12T13:16:00,74546.87,74555.25,74544.05,74552.8,13366
1781250420,2026-06-12T13:17:00,74551.4,74553.0,74540.98,74550.48,7281
1781250480,2026-06-12T13:18:00,74546.63,74568.34,74546.63,74566.39,18547
1781250540,2026-06-12T13:19:00,74567.4,74569.25,74558.77,74563.0,12923
1781250600,2026-06-12T13:20:00,74564.15,74569.49,74555.21,74562.34,20716
1781250660,2026-06-12T13:21:00,74564.07,74564.5,74551.47,74553.19,27388
1781250720,2026-06-12T13:22:00,74554.8,74558.14,74544.73,74556.4,8812
1781250780,2026-06-12T13:23:00,74553.14,74562.42,74547.87,74559.69,13220
1781250840,2026-06-12T13:24:00,74554.68,74562.57,74516.05,74518.06,23487
1781250900,2026-06-12T13:25:00,74518.08,74519.09,74486.43,74488.75,18590
1781250960,2026-06-12T13:26:00,74488.4,74563.91,74487.51,74563.91,16661
1781251020,2026-06-12T13:27:00,74577.59,74696.21,74577.59,74658.47,93376
1781251080,2026-06-12T13:28:00,74657.1,74669.03,74651.33,74667.02,23028
1781251140,2026-06-12T13:29:00,74668.42,74697.98,74668.42,74687.61,24355
1781251200,2026-06-12T13:30:00,74688.35,74723.36,74688.35,74713.18,41698
1781251260,2026-06-12T13:31:00,74711.8,74751.34,74704.98,74747.76,31209
1781251320,2026-06-12T13:32:00,74743.24,74787.44,74741.6,74787.44,48630
1781251380,2026-06-12T13:33:00,74786.74,74819.08,74786.74,74818.09,454359
1781251440,2026-06-12T13:34:00,74816.28,74831.29,74803.53,74814.81,26877
1781251500,2026-06-12T13:35:00,74812.6,74843.09,74812.6,74843.09,37158
1781251560,2026-06-12T13:36:00,74843.82,74875.94,74841.84,74874.11,21387
1781251620,2026-06-12T13:37:00,74874.89,74908.45,74874.89,74905.6,423377
1781251680,2026-06-12T13:38:00,74908.27,74933.29,74905.17,74926.33,45969
1781251740,2026-06-12T13:39:00,74929.82,74953.21,74924.51,74948.35,54965
1781251800,2026-06-12T13:40:00,74946.37,74991.99,74943.79,74991.99,540456
1781251860,2026-06-12T13:41:00,74990.12,75002.72,74952.02,74959.69,35587
1781251920,2026-06-12T13:42:00,74961.1,74961.56,74926.76,74932.25,31712
1781251980,2026-06-12T13:43:00,74932.3,74959.61,74925.99,74959.61,24590
1781252040,2026-06-12T13:44:00,74962.83,74993.11,74962.68,74988.59,22916
1781252100,2026-06-12T13:45:00,74988.59,74999.28,74966.56,74971.12,28202
1781252160,2026-06-12T13:46:00,74973.13,75015.64,74973.13,75007.47,20495
1781252220,2026-06-12T13:47:00,75001.86,75042.21,74998.08,75036.8,29430
1781252280,2026-06-12T13:48:00,75042.97,75050.07,75021.08,75047.11,33969
1781252340,2026-06-12T13:49:00,75049.33,75065.48,75046.48,75051.09,24868
1781252400,2026-06-12T13:50:00,75050.42,75056.51,74995.06,75004.58,20944
1781252460,2026-06-12T13:51:00,75002.21,75038.29,74998.63,75038.29,14894
1781252520,2026-06-12T13:52:00,75035.75,75057.88,75035.75,75056.14,29392
1781252580,2026-06-12T13:53:00,75052.86,75053.07,75030.28,75044.31,16055
1781252640,2026-06-12T13:54:00,75045.44,75045.57,75021.62,75025.12,9722
1781252700,2026-06-12T13:55:00,75024.41,75046.26,75024.41,75038.73,24093
1781252760,2026-06-12T13:56:00,75039.1,75047.35,75026.39,75047.35,28754
1781252820,2026-06-12T13:57:00,75046.2,75076.2,75042.54,75071.31,27402
1781252880,2026-06-12T13:58:00,75071.31,75082.84,75062.11,75079.9,22705
1781252940,2026-06-12T13:59:00,75077.4,75100.62,75076.73,75090.36,35962
1781253000,2026-06-12T14:00:00,75090.48,75096.45,75082.7,75088.79,24745
1781253060,2026-06-12T14:01:00,75085.67,75088.29,75068.25,75068.25,19848
1781253120,2026-06-12T14:02:00,75067.22,75075.04,75063.85,75071.83,30399
1781253180,2026-06-12T14:03:00,75073.6,75107.69,75072.09,75103.96,19801
1781253240,2026-06-12T14:04:00,75108.54,75136.59,75107.46,75134.18,36860
1781253300,2026-06-12T14:05:00,75136.64,75146.83,75113.9,75125.59,28148
1781253360,2026-06-12T14:06:00,75123.95,75123.95,75096.34,75112.15,17696
1781253420,2026-06-12T14:07:00,75110.48,75115.49,75101.97,75111.37,30390
1781253480,2026-06-12T14:08:00,75111.52,75111.52,75091.87,75105.19,17077
1781253540,2026-06-12T14:09:00,75105.83,75108.29,75082.39,75098.72,20677
1781253600,2026-06-12T14:10:00,75098.59,75102.6,75061.14,75062.19,24951
1781253660,2026-06-12T14:11:00,75064.19,75110.13,75060.36,75107.99,26183
1781253720,2026-06-12T14:12:00,75103.71,75125.88,75103.19,75118.71,16385
1781253780,2026-06-12T14:13:00,75118.55,75150.63,75112.49,75144.96,54905
1781253840,2026-06-12T14:14:00,75144.75,75174.58,75144.75,75163.17,37554
1781253900,2026-06-12T14:15:00,75163.82,75199.89,75163.82,75191.03,39973
1781253960,2026-06-12T14:16:00,75192.88,75199.54,75174.65,75188.3,14919
1781254020,2026-06-12T14:17:00,75188.0,75203.45,75179.19,75192.41,31256
1781254080,2026-06-12T14:18:00,75191.69,75198.64,75179.32,75197.38,29651
1781254140,2026-06-12T14:19:00,75204.94,75220.58,75202.36,75214.0,14712
1781254200,2026-06-12T14:20:00,75212.98,75224.62,75199.63,75207.87,22503
1781254260,2026-06-12T14:21:00,75210.59,75219.47,75201.41,75217.87,12928
1781254320,2026-06-12T14:22:00,75219.15,75222.8,75202.36,75217.71,31739
1781254380,2026-06-12T14:23:00,75213.04,75220.94,75203.36,75216.63,11667
1781254440,2026-06-12T14:24:00,75214.2,75231.55,75207.27,75207.27,29390
1781254500,2026-06-12T14:25:00,75212.23,75225.51,75210.27,75212.64,22061
1781254560,2026-06-12T14:26:00,75205.09,75205.09,75186.08,75186.23,14583
1781254620,2026-06-12T14:27:00,75187.4,75226.12,75187.4,75219.51,51599
1781254680,2026-06-12T14:28:00,75223.9,75245.13,75220.98,75240.01,41485
1781254740,2026-06-12T14:29:00,75239.82,75275.69,75239.82,75268.9,25639
1781254800,2026-06-12T14:30:00,75268.25,75269.92,75246.12,75266.08,31800
1781254860,2026-06-12T14:31:00,75269.66,75294.78,75269.66,75275.52,31834
1781254920,2026-06-12T14:32:00,75271.69,75294.33,75271.69,75294.33,24022
1781254980,2026-06-12T14:33:00,75294.45,75300.85,75286.01,75293.87,24214
1781255040,2026-06-12T14:34:00,75292.28,75296.92,75272.33,75272.33,27781
1781255100,2026-06-12T14:35:00,75272.62,75276.34,75237.85,75243.15,41005
1781255160,2026-06-12T14:36:00,75244.06,75245.71,75225.56,75235.71,22241
1781255220,2026-06-12T14:37:00,75235.29,75256.15,75233.26,75253.73,22969
1781255280,2026-06-12T14:38:00,75251.24,75267.19,75251.24,75260.73,259074
1781255340,2026-06-12T14:39:00,75257.09,75338.3,75257.09,75335.24,65078
1781255400,2026-06-12T14:40:00,75335.13,75366.63,75335.13,75366.06,46888
1781255460,2026-06-12T14:41:00,75362.69,75370.67,75301.8,75307.45,27617
1781255520,2026-06-12T14:42:00,75306.53,75323.88,75301.18,75316.2,18735
1781255580,2026-06-12T14:43:00,75316.8,75333.97,75313.99,75332.92,56503
1781255640,2026-06-12T14:44:00,75335.43,75352.41,75323.99,75352.41,22512
1781255700,2026-06-12T14:45:00,75348.51,75359.13,75340.75,75359.13,21868
1781255760,2026-06-12T14:46:00,75359.57,75393.06,75353.31,75390.43,28772
1781255820,2026-06-12T14:47:00,75388.81,75397.93,75383.34,75396.09,18000
1781255880,2026-06-12T14:48:00,75394.69,75420.39,75390.26,75416.36,28709
1781255940,2026-06-12T14:49:00,75417.49,75428.07,75410.93,75422.88,25474
1781256000,2026-06-12T14:50:00,75422.54,75448.67,75421.36,75448.67,33168
1781256060,2026-06-12T14:51:00,75447.5,75457.14,75433.96,75437.17,57035
1781256120,2026-06-12T14:52:00,75437.44,75469.38,75432.72,75462.86,34956
1781256180,2026-06-12T14:53:00,75465.27,75477.13,75452.11,75470.19,22616
1781256240,2026-06-12T14:54:00,75469.35,75497.58,75469.35,75492.27,26071
1781256300,2026-06-12T14:55:00,75492.33,75492.33,75465.2,75488.05,35553
1781256360,2026-06-12T14:56:00,75489.09,75489.09,75468.1,75473.9,27345
1781256420,2026-06-12T14:57:00,75475.39,75493.02,75474.99,75485.27,38036
1781256480,2026-06-12T14:58:00,75480.33,75497.77,75476.77,75495.38,35987
1781256540,2026-06-12T14:59:00,75497.69,75513.03,75492.01,75495.22,48102
1781256600,2026-06-12T15:00:00,75491.7,75491.7,75428.18,75452.55,84194
1781256660,2026-06-12T15:01:00,75454.18,75454.41,75407.45,75410.09,30576
1781256720,2026-06-12T15:02:00,75411.84,75504.43,75410.86,75504.43,71216
1781256780,2026-06-12T15:03:00,75506.11,75579.93,75506.11,75558.55,53116
1781256840,2026-06-12T15:04:00,75557.5,75574.83,75547.15,75570.84,32145
1781256900,2026-06-12T15:05:00,75568.91,75587.51,75553.39,75587.51,44314
1781256960,2026-06-12T15:06:00,75589.39,75601.66,75580.95,75600.88,39787
1781257020,2026-06-12T15:07:00,75599.91,75608.02,75567.97,75575.64,37863
1781257080,2026-06-12T15:08:00,75578.9,75579.69,75541.32,75560.71,23966
1781257140,2026-06-12T15:09:00,75557.64,75558.72,75517.62,75520.94,38246
1781257200,2026-06-12T15:10:00,75521.83,75521.83,75486.97,75497.34,49430
1781257260,2026-06-12T15:11:00,75496.66,75518.93,75486.71,75518.93,55469
1781257320,2026-06-12T15:12:00,75521.18,75537.59,75509.59,75529.76,37187
1781257380,2026-06-12T15:13:00,75532.15,75537.44,75521.92,75529.7,30057
1781257440,2026-06-12T15:14:00,75536.29,75538.75,75520.93,75533.91,36898
1781257500,2026-06-12T15:15:00,75532.98,75533.26,75504.11,75510.84,63734
1781257560,2026-06-12T15:16:00,75517.17,75534.38,75510.12,75529.48,50329
1781257620,2026-06-12T15:17:00,75527.33,75529.82,75511.86,75529.61,25635
1781257680,2026-06-12T15:18:00,75527.03,75579.61,75520.49,75561.2,63947
1781257740,2026-06-12T15:19:00,75560.28,75560.28,75525.1,75547.41,50930
1781257800,2026-06-12T15:20:00,75545.94,75545.94,75502.73,75520.67,65525
1781257860,2026-06-12T15:21:00,75520.17,75540.58,75513.47,75535.4,32522
1781257920,2026-06-12T15:22:00,75538.9,75540.9,75522.21,75533.84,26055
1781257980,2026-06-12T15:23:00,75531.94,75542.75,75510.58,75519.13,51218
1781258040,2026-06-12T15:24:00,75517.01,75530.39,75503.26,75523.32,43132
1781258100,2026-06-12T15:25:00,75524.22,75540.66,75517.0,75537.18,62820
1781258160,2026-06-12T15:26:00,75539.98,75557.27,75531.7,75553.47,48039
1781258220,2026-06-12T15:27:00,75552.84,75565.8,75535.24,75549.5,58305
1781258280,2026-06-12T15:28:00,75554.29,75565.18,75530.52,75542.4,52721
1781258340,2026-06-12T15:29:00,75538.91,75559.35,75501.76,75532.94,83587
1781495100,2026-06-15T09:15:00,76725.27,76821.07,76605.24,76642.81,486495
1781495160,2026-06-15T09:16:00,76654.31,76688.49,76625.32,76682.81,331622
1781495220,2026-06-15T09:17:00,76680.32,76690.53,76643.92,76661.09,332639
1781495280,2026-06-15T09:18:00,76669.58,76711.3,76647.53,76654.77,220979
1781495340,2026-06-15T09:19:00,76646.12,76646.12,76553.83,76607.08,186715
1781495400,2026-06-15T09:20:00,76605.89,76634.3,76600.05,76613.78,129848
1781495460,2026-06-15T09:21:00,76609.84,76647.57,76598.88,76612.37,196275
1781495520,2026-06-15T09:22:00,76612.1,76647.45,76599.23,76642.69,155838
1781495580,2026-06-15T09:23:00,76640.73,76646.69,76626.99,76646.1,110713
1781495640,2026-06-15T09:24:00,76653.17,76658.15,76626.83,76637.14,110798
1781495700,2026-06-15T09:25:00,76632.12,76648.38,76600.72,76606.78,108019
1781495760,2026-06-15T09:26:00,76611.77,76611.77,76581.41,76597.63,96515
1781495820,2026-06-15T09:27:00,76592.74,76613.68,76560.3,76560.3,106534
1781495880,2026-06-15T09:28:00,76562.15,76601.82,76560.26,76590.51,157842
1781495940,2026-06-15T09:29:00,76593.33,76601.27,76567.87,76578.34,63070
1781496000,2026-06-15T09:30:00,76577.0,76601.37,76577.0,76587.23,85199
1781496060,2026-06-15T09:31:00,76588.62,76610.98,76583.38,76593.62,63473
1781496120,2026-06-15T09:32:00,76591.62,76592.09,76524.17,76534.38,87693
1781496180,2026-06-15T09:33:00,76537.08,76572.15,76533.6,76569.25,47749
1781496240,2026-06-15T09:34:00,76565.88,76598.13,76565.63,76581.92,455005
1781496300,2026-06-15T09:35:00,76595.63,76605.82,76563.05,76567.37,46634
1781496360,2026-06-15T09:36:00,76562.83,76590.91,76560.49,76588.3,55952
1781496420,2026-06-15T09:37:00,76586.97,76586.97,76556.68,76557.14,51064
1781496480,2026-06-15T09:38:00,76559.94,76569.84,76542.88,76543.77,29704
1781496540,2026-06-15T09:39:00,76551.79,76580.67,76546.28,76557.55,49086
1781496600,2026-06-15T09:40:00,76557.53,76602.62,76552.71,76598.53,71986
1781496660,2026-06-15T09:41:00,76598.98,76608.55,76581.89,76599.13,548763
1781496720,2026-06-15T09:42:00,76596.47,76624.04,76596.3,76601.66,63346
1781496780,2026-06-15T09:43:00,76602.72,76621.51,76587.68,76621.51,53653
1781496840,2026-06-15T09:44:00,76627.05,76650.03,76613.19,76650.03,49644
1781496900,2026-06-15T09:45:00,76646.55,76680.55,76641.16,76668.89,48231
1781496960,2026-06-15T09:46:00,76675.07,76695.6,76667.59,76689.48,69271
1781497020,2026-06-15T09:47:00,76697.11,76704.09,76684.12,76692.48,91194
1781497080,2026-06-15T09:48:00,76690.12,76714.2,76680.94,76711.52,52811
1781497140,2026-06-15T09:49:00,76711.88,76714.44,76687.0,76694.73,67788
1781497200,2026-06-15T09:50:00,76700.84,76711.83,76680.43,76681.49,51533
1781497260,2026-06-15T09:51:00,76688.19,76693.48,76670.17,76688.25,132988
1781497320,2026-06-15T09:52:00,76683.32,76700.79,76679.4,76680.1,52765
1781497380,2026-06-15T09:53:00,76683.82,76690.81,76655.14,76659.84,47323
1781497440,2026-06-15T09:54:00,76660.98,76670.8,76651.36,76663.63,72330
1781497500,2026-06-15T09:55:00,76659.32,76670.25,76649.59,76649.59,54138
1781497560,2026-06-15T09:56:00,76652.04,76656.1,76633.1,76643.05,68779
1781497620,2026-06-15T09:57:00,76642.89,76645.5,76621.83,76637.01,53536
1781497680,2026-06-15T09:58:00,76640.29,76650.02,76604.97,76613.08,42098
1781497740,2026-06-15T09:59:00,76616.11,76624.39,76606.09,76620.51,36824
1781497800,2026-06-15T10:00:00,76619.77,76655.67,76619.43,76653.47,41984
1781497860,2026-06-15T10:01:00,76657.66,76688.06,76654.48,76688.06,43316
1781497920,2026-06-15T10:02:00,76687.89,76690.56,76671.33,76678.94,42953
1781497980,2026-06-15T10:03:00,76679.48,76679.48,76644.19,76657.66,36015
1781498040,2026-06-15T10:04:00,76661.89,76671.4,76655.19,76658.07,32263
1781498100,2026-06-15T10:05:00,76658.57,76666.81,76650.54,76659.54,20863
1781498160,2026-06-15T10:06:00,76657.72,76657.72,76635.77,76639.08,33656
1781498220,2026-06-15T10:07:00,76640.07,76640.07,76605.07,76610.77,68179
1781498280,2026-06-15T10:08:00,76609.54,76616.75,76597.48,76606.69,90596
1781498340,2026-06-15T10:09:00,76611.57,76625.63,76605.72,76612.88,31456
1781498400,2026-06-15T10:10:00,76618.09,76629.07,76611.79,76626.88,33298
1781498460,2026-06-15T10:11:00,76626.7,76629.53,76608.33,76609.26,36394
1781498520,2026-06-15T10:12:00,76609.49,76613.57,76587.51,76587.51,30184
1781498580,2026-06-15T10:13:00,76585.96,76598.51,76573.83,76589.78,28637
1781498640,2026-06-15T10:14:00,76585.79,76617.93,76584.29,76615.21,24797
1781498700,2026-06-15T10:15:00,76615.4,76627.06,76603.89,76605.66,24372
1781498760,2026-06-15T10:16:00,76604.71,76604.71,76590.94,76596.8,37648
1781498820,2026-06-15T10:17:00,76599.76,76609.09,76591.19,76598.99,18282
1781498880,2026-06-15T10:18:00,76601.89,76603.95,76584.67,76599.35,23330
1781498940,2026-06-15T10:19:00,76599.7,76604.92,76593.33,76595.4,42486
1781499000,2026-06-15T10:20:00,76594.71,76595.69,76581.95,76591.46,33018
1781499060,2026-06-15T10:21:00,76594.67,76635.98,76588.5,76621.07,39812
1781499120,2026-06-15T10:22:00,76615.84,76638.78,76615.19,76635.22,37960
1781499180,2026-06-15T10:23:00,76636.13,76638.45,76616.85,76625.6,18072
1781499240,2026-06-15T10:24:00,76629.48,76631.25,76619.84,76621.85,13669
1781499300,2026-06-15T10:25:00,76621.75,76629.15,76605.0,76618.78,21861
1781499360,2026-06-15T10:26:00,76620.47,76639.63,76612.33,76638.98,32325
1781499420,2026-06-15T10:27:00,76638.94,76645.65,76631.6,76635.99,20481
1781499480,2026-06-15T10:28:00,76635.28,76655.59,76634.99,76653.61,23416
1781499540,2026-06-15T10:29:00,76653.96,76683.17,76652.54,76668.74,52381
1781499600,2026-06-15T10:30:00,76668.28,76694.75,76668.28,76691.36,29546
1781499660,2026-06-15T10:31:00,76691.07,76703.51,76682.48,76700.89,41558
1781499720,2026-06-15T10:32:00,76696.98,76697.97,76677.74,76677.74,27694
1781499780,2026-06-15T10:33:00,76676.25,76716.33,76676.25,76705.36,36398
1781499840,2026-06-15T10:34:00,76710.97,76717.94,76700.15,76707.95,16421
1781499900,2026-06-15T10:35:00,76711.35,76712.96,76696.42,76703.81,19941
1781499960,2026-06-15T10:36:00,76702.09,76706.98,76691.39,76703.18,524322
1781500020,2026-06-15T10:37:00,76699.76,76703.66,76690.15,76699.53,235368
1781500080,2026-06-15T10:38:00,76700.17,76722.96,76696.56,76717.75,23964
1781500140,2026-06-15T10:39:00,76717.44,76718.55,76698.59,76707.08,49924
1781500200,2026-06-15T10:40:00,76708.26,76714.98,76692.7,76711.98,12645
1781500260,2026-06-15T10:41:00,76710.39,76727.4,76708.56,76716.93,19543
1781500320,2026-06-15T10:42:00,76714.12,76727.75,76710.98,76719.97,14309
1781500380,2026-06-15T10:43:00,76719.97,76727.5,76715.58,76727.48,28600
1781500440,2026-06-15T10:44:00,76727.32,76727.4,76713.02,76713.27,12312
1781500500,2026-06-15T10:45:00,76714.86,76729.29,76707.57,76724.57,19908
1781500560,2026-06-15T10:46:00,76724.57,76741.53,76719.22,76728.54,13780
1781500620,2026-06-15T10:47:00,76732.05,76758.36,76726.52,76747.78,27666
1781500680,2026-06-15T10:48:00,76748.77,76751.31,76732.57,76735.0,14760
1781500740,2026-06-15T10:49:00,76732.85,76752.73,76730.83,76751.64,34977
1781500800,2026-06-15T10:50:00,76750.09,76781.61,76750.09,76780.26,29698
1781500860,2026-06-15T10:51:00,76780.82,76796.17,76773.75,76790.63,29621
1781500920,2026-06-15T10:52:00,76791.06,76808.36,76791.06,76798.7,50446
1781500980,2026-06-15T10:53:00,76798.43,76800.95,76786.46,76792.09,38088
1781501040,2026-06-15T10:54:00,76789.83,76789.83,76758.51,76776.31,38797
1781501100,2026-06-15T10:55:00,76780.25,76787.6,76775.48,76785.02,39864
1781501160,2026-06-15T10:56:00,76784.4,76793.71,76775.13,76793.63,32346
1781501220,2026-06-15T10:57:00,76793.23,76817.17,76791.43,76817.17,39394
1781501280,2026-06-15T10:58:00,76812.55,76815.93,76793.05,76793.94,53775
1781501340,2026-06-15T10:59:00,76793.58,76809.26,76791.25,76798.55,19061
1781501400,2026-06-15T11:00:00,76795.95,76799.25,76770.36,76770.36,52461
1781501460,2026-06-15T11:01:00,76771.43,76777.09,76741.82,76748.2,346245
1781501520,2026-06-15T11:02:00,76746.59,76746.59,76716.62,76717.48,20956
1781501580,2026-06-15T11:03:00,76715.71,76715.71,76691.98,76705.08,42116
1781501640,2026-06-15T11:04:00,76709.05,76722.52,76707.94,76721.59,18138
1781501700,2026-06-15T11:05:00,76718.17,76728.39,76694.88,76700.78,32982
1781501760,2026-06-15T11:06:00,76702.11,76704.61,76689.96,76694.44,18921
1781501820,2026-06-15T11:07:00,76694.96,76722.7,76682.46,76719.95,45308
1781501880,2026-06-15T11:08:00,76717.96,76727.8,76713.48,76719.69,26595
1781501940,2026-06-15T11:09:00,76720.22,76731.66,76711.95,76720.65,42085
1781502000,2026-06-15T11:10:00,76718.77,76726.16,76702.11,76723.82,14931
1781502060,2026-06-15T11:11:00,76719.94,76722.98,76702.42,76703.09,20748
1781502120,2026-06-15T11:12:00,76702.39,76718.15,76689.42,76700.65,23413
1781502180,2026-06-15T11:13:00,76701.32,76701.32,76685.69,76688.02,47272
1781502240,2026-06-15T11:14:00,76689.0,76695.63,76675.61,76677.08,20708
1781502300,2026-06-15T11:15:00,76674.52,76682.67,76671.29,76676.26,21056
1781502360,2026-06-15T11:16:00,76668.06,76677.35,76659.96,76660.21,21557
1781502420,2026-06-15T11:17:00,76662.4,76670.66,76653.47,76659.15,13752
1781502480,2026-06-15T11:18:00,76662.19,76686.97,76662.19,76686.93,18521
1781502540,2026-06-15T11:19:00,76684.1,76689.91,76672.54,76683.63,25035
1781502600,2026-06-15T11:20:00,76683.47,76698.43,76672.73,76672.73,23859
1781502660,2026-06-15T11:21:00,76674.65,76691.64,76673.07,76681.62,29486
1781502720,2026-06-15T11:22:00,76678.2,76683.18,76659.8,76670.38,11371
1781502780,2026-06-15T11:23:00,76673.92,76678.91,76660.37,76672.24,14760
1781502840,2026-06-15T11:24:00,76672.07,76672.07,76661.17,76661.81,17050
1781502900,2026-06-15T11:25:00,76664.8,76672.39,76661.72,76671.77,9549
1781502960,2026-06-15T11:26:00,76672.9,76680.12,76665.15,76677.02,20395
1781503020,2026-06-15T11:27:00,76682.94,76687.81,76675.23,76681.02,9718
1781503080,2026-06-15T11:28:00,76680.66,76714.2,76680.66,76703.33,12668
1781503140,2026-06-15T11:29:00,76704.68,76709.94,76697.61,76708.18,8085
1781503200,2026-06-15T11:30:00,76708.49,76710.93,76692.91,76695.18,19023
1781503260,2026-06-15T11:31:00,76694.86,76698.04,76679.41,76679.41,18048
1781503320,2026-06-15T11:32:00,76678.8,76686.62,76676.91,76680.21,22448
1781503380,2026-06-15T11:33:00,76680.21,76686.53,76650.58,76650.58,17972
1781503440,2026-06-15T11:34:00,76655.43,76660.84,76644.63,76647.49,11179
1781503500,2026-06-15T11:35:00,76650.51,76658.7,76644.45,76656.56,13507
1781503560,2026-06-15T11:36:00,76659.64,76663.58,76647.03,76651.44,22148
1781503620,2026-06-15T11:37:00,76654.96,76660.01,76648.36,76655.56,12449
1781503680,2026-06-15T11:38:00,76655.35,76662.27,76648.16,76654.92,20830
1781503740,2026-06-15T11:39:00,76655.03,76664.73,76643.55,76664.73,24202
1781503800,2026-06-15T11:40:00,76666.57,76674.15,76649.59,76672.72,50811
1781503860,2026-06-15T11:41:00,76672.94,76672.94,76660.67,76662.68,14411
1781503920,2026-06-15T11:42:00,76661.18,76668.84,76648.99,76648.99,18789
1781503980,2026-06-15T11:43:00,76647.35,76661.88,76640.51,76640.51,20124
1781504040,2026-06-15T11:44:00,76640.67,76644.3,76627.04,76629.82,19475
1781504100,2026-06-15T11:45:00,76628.03,76628.03,76600.22,76610.61,40511
1781504160,2026-06-15T11:46:00,76610.56,76616.97,76598.64,76602.63,22229
1781504220,2026-06-15T11:47:00,76601.29,76630.77,76600.73,76626.41,18692
1781504280,2026-06-15T11:48:00,76624.69,76628.56,76610.13,76615.64,22809
1781504340,2026-06-15T11:49:00,76617.41,76638.24,76615.73,76632.39,20550
1781504400,2026-06-15T11:50:00,76632.28,76635.38,76613.49,76623.54,16065
1781504460,2026-06-15T11:51:00,76621.91,76641.32,76621.91,76634.47,13485
1781504520,2026-06-15T11:52:00,76633.78,76647.25,76627.91,76637.21,14407
1781504580,2026-06-15T11:53:00,76636.19,76658.36,76629.54,76655.26,15853
1781504640,2026-06-15T11:54:00,76653.88,76658.06,76645.71,76652.34,21847
1781504700,2026-06-15T11:55:00,76649.61,76662.45,76649.59,76655.68,10320
1781504760,2026-06-15T11:56:00,76656.51,76662.62,76650.35,76650.9,12944
1781504820,2026-06-15T11:57:00,76650.95,76654.67,76641.34,76648.1,25279
1781504880,2026-06-15T11:58:00,76649.36,76649.36,76618.95,76629.96,39183
1781504940,2026-06-15T11:59:00,76625.4,76632.03,76619.83,76629.72,43333
1781505000,2026-06-15T12:00:00,76630.29,76644.22,76627.12,76627.12,29680
1781505060,2026-06-15T12:01:00,76626.72,76630.49,76618.79,76622.25,30248
1781505120,2026-06-15T12:02:00,76624.18,76632.38,76611.94,76613.27,28997
1781505180,2026-06-15T12:03:00,76613.27,76621.86,76602.31,76610.94,32854
1781505240,2026-06-15T12:04:00,76603.65,76613.61,76600.77,76604.8,28970
1781505300,2026-06-15T12:05:00,76598.1,76603.44,76569.1,76569.72,30387
1781505360,2026-06-15T12:06:00,76571.4,76583.83,76558.48,76583.02,23751
1781505420,2026-06-15T12:07:00,76582.28,76584.92,76567.92,76569.05,12917
1781505480,2026-06-15T12:08:00,76562.5,76569.56,76549.93,76550.24,40540
1781505540,2026-06-15T12:09:00,76547.59,76554.34,76536.25,76539.33,20399
1781505600,2026-06-15T12:10:00,76540.03,76543.14,76523.83,76540.25,15540
1781505660,2026-06-15T12:11:00,76537.92,76547.37,76532.43,76536.39,47770
1781505720,2026-06-15T12:12:00,76537.0,76560.9,76537.0,76543.77,43028
1781505780,2026-06-15T12:13:00,76542.37,76552.96,76535.43,76540.9,23492
1781505840,2026-06-15T12:14:00,76540.98,76540.98,76526.56,76532.9,14123
1781505900,2026-06-15T12:15:00,76536.55,76536.55,76514.41,76514.72,26394
1781505960,2026-06-15T12:16:00,76515.0,76515.0,76463.66,76463.79,21540
1781506020,2026-06-15T12:17:00,76464.71,76474.44,76444.4,76445.76,17259
1781506080,2026-06-15T12:18:00,76448.83,76475.66,76447.37,76471.89,50058
1781506140,2026-06-15T12:19:00,76472.2,76472.2,76446.79,76449.66,18697
1781506200,2026-06-15T12:20:00,76448.11,76452.61,76436.35,76442.66,25321
1781506260,2026-06-15T12:21:00,76446.78,76466.53,76446.48,76462.09,107593
1781506320,2026-06-15T12:22:00,76462.15,76486.97,76462.15,76478.52,13640
1781506380,2026-06-15T12:23:00,76475.89,76490.32,76472.64,76485.62,24148
1781506440,2026-06-15T12:24:00,76483.81,76483.81,76464.37,76475.54,87577
1781506500,2026-06-15T12:25:00,76477.93,76477.93,76447.26,76447.26,52058
1781506560,2026-06-15T12:26:00,76449.53,76454.21,76438.63,76449.64,62377
1781506620,2026-06-15T12:27:00,76444.47,76461.19,76440.94,76455.69,19424
1781506680,2026-06-15T12:28:00,76455.69,76466.44,76438.04,76441.44,11602
1781506740,2026-06-15T12:29:00,76441.04,76441.04,76411.45,76420.12,23765
1781506800,2026-06-15T12:30:00,76420.4,76426.79,76405.69,76423.29,12266
1781506860,2026-06-15T12:31:00,76423.21,76434.04,76413.4,76413.55,19444
1781506920,2026-06-15T12:32:00,76416.83,76429.95,76414.48,76429.78,32902
1781506980,2026-06-15T12:33:00,76431.21,76431.21,76412.96,76412.96,55307
1781507040,2026-06-15T12:34:00,76412.96,76441.97,76410.91,76437.64,28108
1781507100,2026-06-15T12:35:00,76438.66,76474.53,76438.66,76474.53,27454
1781507160,2026-06-15T12:36:00,76474.69,76483.62,76470.82,76471.65,24531
1781507220,2026-06-15T12:37:00,76471.65,76476.1,76462.17,76467.2,31587
1781507280,2026-06-15T12:38:00,76473.28,76476.85,76459.87,76473.99,21594
1781507340,2026-06-15T12:39:00,76472.48,76480.28,76442.34,76442.34,105716
1781507400,2026-06-15T12:40:00,76441.92,76456.33,76426.62,76433.82,39814
1781507460,2026-06-15T12:41:00,76431.9,76444.53,76423.5,76429.94,15508
1781507520,2026-06-15T12:42:00,76429.51,76437.79,76422.23,76437.22,26440
1781507580,2026-06-15T12:43:00,76438.81,76463.08,76436.13,76457.5,7870
1781507640,2026-06-15T12:44:00,76456.45,76480.59,76453.62,76480.59,13793
1781507700,2026-06-15T12:45:00,76480.18,76480.49,76468.38,76475.11,15246
1781507760,2026-06-15T12:46:00,76474.56,76479.77,76458.43,76460.58,31922
1781507820,2026-06-15T12:47:00,76460.49,76463.04,76447.04,76447.04,7762
1781507880,2026-06-15T12:48:00,76448.32,76456.9,76442.73,76443.58,26309
1781507940,2026-06-15T12:49:00,76444.8,76444.8,76421.86,76422.32,15006
1781508000,2026-06-15T12:50:00,76421.74,76454.37,76417.85,76451.51,14778
1781508060,2026-06-15T12:51:00,76453.0,76460.1,76442.61,76446.11,14957
1781508120,2026-06-15T12:52:00,76446.11,76447.21,76434.24,76443.32,10230
1781508180,2026-06-15T12:53:00,76441.2,76451.98,76436.63,76438.78,21783
1781508240,2026-06-15T12:54:00,76439.89,76454.31,76439.89,76449.76,34459
1781508300,2026-06-15T12:55:00,76449.05,76469.78,76447.15,76466.71,25683
1781508360,2026-06-15T12:56:00,76467.41,76471.32,76460.54,76467.89,13534
1781508420,2026-06-15T12:57:00,76467.83,76471.2,76459.36,76468.27,23031
1781508480,2026-06-15T12:58:00,76469.67,76473.62,76459.52,76467.59,18563
1781508540,2026-06-15T12:59:00,76468.26,76474.24,76451.7,76458.02,30802
1781508600,2026-06-15T13:00:00,76455.77,76465.46,76440.63,76440.63,24316
1781508660,2026-06-15T13:01:00,76438.75,76443.84,76425.98,76432.7,30428
1781508720,2026-06-15T13:02:00,76431.86,76446.98,76421.12,76436.36,551243
1781508780,2026-06-15T13:03:00,76436.93,76437.44,76411.92,76423.25,31727
1781508840,2026-06-15T13:04:00,76427.12,76430.04,76416.33,76420.83,27189
1781508900,2026-06-15T13:05:00,76421.74,76436.29,76421.74,76434.08,15611
1781508960,2026-06-15T13:06:00,76435.7,76443.92,76416.17,76442.45,29400
1781509020,2026-06-15T13:07:00,76443.13,76450.39,76439.74,76446.62,10728
1781509080,2026-06-15T13:08:00,76447.89,76458.4,76438.96,76458.4,9954
1781509140,2026-06-15T13:09:00,76458.87,76469.13,76446.09,76468.95,10532
1781509200,2026-06-15T13:10:00,76472.14,76511.57,76469.78,76511.57,35578
1781509260,2026-06-15T13:11:00,76511.73,76544.04,76511.73,76542.64,18611
1781509320,2026-06-15T13:12:00,76543.04,76547.48,76536.31,76538.56,16025
1781509380,2026-06-15T13:13:00,76537.66,76539.71,76498.5,76501.13,22509
1781509440,2026-06-15T13:14:00,76499.5,76505.47,76482.13,76484.26,26791
1781509500,2026-06-15T13:15:00,76484.26,76485.68,76450.55,76456.28,14058
1781509560,2026-06-15T13:16:00,76453.59,76460.36,76447.44,76457.3,26909
1781509620,2026-06-15T13:17:00,76457.61,76490.34,76457.36,76485.19,21758
1781509680,2026-06-15T13:18:00,76485.19,76489.03,76458.67,76460.87,9595
1781509740,2026-06-15T13:19:00,76458.63,76459.16,76430.0,76431.32,32534
1781509800,2026-06-15T13:20:00,76431.0,76441.73,76428.74,76436.92,28515
1781509860,2026-06-15T13:21:00,76436.05,76443.8,76429.33,76434.36,26197
1781509920,2026-06-15T13:22:00,76433.43,76441.41,76425.76,76440.61,15306
1781509980,2026-06-15T13:23:00,76442.5,76461.57,76442.5,76459.85,5973
1781510040,2026-06-15T13:24:00,76460.53,76471.26,76458.02,76466.69,24512
1781510100,2026-06-15T13:25:00,76466.6,76466.6,76449.39,76456.9,8906
1781510160,2026-06-15T13:26:00,76457.47,76466.47,76455.84,76459.3,12845
1781510220,2026-06-15T13:27:00,76461.52,76465.85,76444.03,76444.03,22594
1781510280,2026-06-15T13:28:00,76448.55,76449.02,76437.29,76438.56,19650
1781510340,2026-06-15T13:29:00,76438.56,76445.26,76431.01,76439.45,15177
1781510400,2026-06-15T13:30:00,76440.15,76452.7,76435.11,76446.1,12631
1781510460,2026-06-15T13:31:00,76440.51,76448.09,76429.99,76431.86,18400
1781510520,2026-06-15T13:32:00,76432.67,76433.71,76421.35,76427.69,24797
1781510580,2026-06-15T13:33:00,76425.91,76447.68,76420.04,76442.62,12208
1781510640,2026-06-15T13:34:00,76441.37,76459.82,76440.4,76452.62,13282
1781510700,2026-06-15T13:35:00,76453.46,76458.02,76446.96,76455.86,14635
1781510760,2026-06-15T13:36:00,76454.96,76462.96,76444.81,76458.18,12038
1781510820,2026-06-15T13:37:00,76458.31,76466.41,76446.09,76446.09,14190
1781510880,2026-06-15T13:38:00,76445.31,76451.79,76439.67,76440.59,21807
1781510940,2026-06-15T13:39:00,76440.59,76441.08,76414.61,76436.29,33562
1781511000,2026-06-15T13:40:00,76436.29,76444.89,76411.73,76411.73,11708
1781511060,2026-06-15T13:41:00,76410.87,76415.83,76384.56,76415.83,15439
1781511120,2026-06-15T13:42:00,76418.85,76426.11,76411.5,76420.95,12094
1781511180,2026-06-15T13:43:00,76420.95,76443.4,76419.51,76430.85,33929
1781511240,2026-06-15T13:44:00,76430.85,76432.25,76402.52,76408.87,15857
1781511300,2026-06-15T13:45:00,76409.15,76415.32,76403.76,76408.98,20819
1781511360,2026-06-15T13:46:00,76408.47,76432.43,76408.11,76431.68,20401
1781511420,2026-06-15T13:47:00,76432.25,76446.46,76427.06,76433.98,22518
1781511480,2026-06-15T13:48:00,76433.07,76439.97,76420.38,76423.14,9696
1781511540,2026-06-15T13:49:00,76422.59,76427.5,76410.27,76414.53,21843
1781511600,2026-06-15T13:50:00,76411.45,76430.97,76407.55,76412.83,49939
1781511660,2026-06-15T13:51:00,76412.95,76419.19,76368.81,76372.03,20969
1781511720,2026-06-15T13:52:00,76365.18,76365.18,76317.03,76322.41,36170
1781511780,2026-06-15T13:53:00,76332.1,76344.98,76329.74,76336.44,45333
1781511840,2026-06-15T13:54:00,76336.33,76378.21,76336.33,76372.29,55160
1781511900,2026-06-15T13:55:00,76371.57,76379.15,76364.86,76372.8,1449193
1781511960,2026-06-15T13:56:00,76372.8,76398.36,76369.35,76398.36,34533
1781512020,2026-06-15T13:57:00,76400.6,76447.73,76398.38,76440.32,19829
1781512080,2026-06-15T13:58:00,76440.7,76455.87,76430.84,76446.0,21842
1781512140,2026-06-15T13:59:00,76445.57,76445.57,76429.8,76433.57,20097
1781512200,2026-06-15T14:00:00,76436.33,76465.99,76436.33,76463.42,19052
1781512260,2026-06-15T14:01:00,76464.91,76464.91,76444.75,76462.71,20136
1781512320,2026-06-15T14:02:00,76462.5,76462.5,76430.76,76430.76,11007
1781512380,2026-06-15T14:03:00,76429.89,76440.29,76428.77,76435.06,12404
1781512440,2026-06-15T14:04:00,76440.71,76446.27,76417.5,76417.55,28522
1781512500,2026-06-15T14:05:00,76417.55,76420.82,76399.17,76399.22,16377
1781512560,2026-06-15T14:06:00,76394.27,76406.28,76384.61,76401.24,109912
1781512620,2026-06-15T14:07:00,76401.24,76406.69,76374.9,76378.47,12875
1781512680,2026-06-15T14:08:00,76378.47,76395.57,76377.91,76389.7,10544
1781512740,2026-06-15T14:09:00,76389.61,76389.84,76373.24,76373.24,33505
1781512800,2026-06-15T14:10:00,76382.21,76399.05,76380.43,76398.26,11711
1781512860,2026-06-15T14:11:00,76399.42,76406.76,76394.57,76406.76,11960
1781512920,2026-06-15T14:12:00,76404.82,76417.84,76403.41,76406.77,28132
1781512980,2026-06-15T14:13:00,76408.81,76413.35,76390.5,76391.95,44956
1781513040,2026-06-15T14:14:00,76392.82,76395.28,76385.19,76390.06,17208
1781513100,2026-06-15T14:15:00,76388.48,76398.62,76386.84,76398.62,16794
1781513160,2026-06-15T14:16:00,76400.92,76400.92,76380.31,76391.54,21569
1781513220,2026-06-15T14:17:00,76393.39,76408.24,76390.18,76408.24,20406
1781513280,2026-06-15T14:18:00,76408.24,76430.05,76403.69,76430.05,13840
1781513340,2026-06-15T14:19:00,76433.31,76448.06,76430.02,76438.75,40090
1781513400,2026-06-15T14:20:00,76437.47,76443.56,76424.85,76442.33,106649
1781513460,2026-06-15T14:21:00,76443.04,76459.11,76440.4,76452.53,40829
1781513520,2026-06-15T14:22:00,76451.95,76452.0,76430.75,76433.09,26661
1781513580,2026-06-15T14:23:00,76429.64,76441.89,76424.15,76436.45,121821
1781513640,2026-06-15T14:24:00,76437.41,76478.76,76437.41,76459.21,54725
1781513700,2026-06-15T14:25:00,76459.8,76485.76,76459.8,76479.01,30212
1781513760,2026-06-15T14:26:00,76478.87,76481.02,76467.91,76480.13,37590
1781513820,2026-06-15T14:27:00,76476.63,76479.07,76463.53,76472.7,27677
1781513880,2026-06-15T14:28:00,76472.85,76479.85,76460.81,76461.15,19035
1781513940,2026-06-15T14:29:00,76460.77,76465.79,76440.18,76463.75,27322
1781514000,2026-06-15T14:30:00,76463.75,76485.4,76454.82,76485.4,20480
1781514060,2026-06-15T14:31:00,76483.69,76515.19,76480.66,76501.15,29278
1781514120,2026-06-15T14:32:00,76504.69,76523.7,76494.25,76518.78,20423
1781514180,2026-06-15T14:33:00,76521.13,76521.65,76491.41,76497.76,21752
1781514240,2026-06-15T14:34:00,76502.02,76521.38,76498.48,76518.06,60088
1781514300,2026-06-15T14:35:00,76516.72,76567.9,76514.79,76562.96,40401
1781514360,2026-06-15T14:36:00,76561.96,76563.95,76543.37,76549.18,50436
1781514420,2026-06-15T14:37:00,76548.95,76550.7,76525.21,76533.17,23882
1781514480,2026-06-15T14:38:00,76534.93,76540.33,76528.52,76535.99,31575
1781514540,2026-06-15T14:39:00,76538.05,76556.74,76533.03,76538.35,20135
1781514600,2026-06-15T14:40:00,76542.32,76552.55,76538.66,76552.55,15012
1781514660,2026-06-15T14:41:00,76552.45,76552.45,76517.26,76520.18,52199
1781514720,2026-06-15T14:42:00,76519.56,76527.71,76491.17,76495.34,18281
1781514780,2026-06-15T14:43:00,76495.65,76523.33,76489.99,76517.15,21246
1781514840,2026-06-15T14:44:00,76516.76,76527.05,76512.14,76522.07,20709
1781514900,2026-06-15T14:45:00,76519.17,76519.17,76491.93,76507.66,20751
1781514960,2026-06-15T14:46:00,76507.27,76507.86,76475.15,76480.27,21718
1781515020,2026-06-15T14:47:00,76481.75,76498.73,76481.18,76493.98,17494
1781515080,2026-06-15T14:48:00,76494.58,76538.18,76486.43,76532.15,32259
1781515140,2026-06-15T14:49:00,76531.87,76532.37,76497.06,76510.64,20622
1781515200,2026-06-15T14:50:00,76509.31,76510.01,76478.1,76480.13,16744
1781515260,2026-06-15T14:51:00,76475.09,76475.09,76401.26,76415.07,22090
1781515320,2026-06-15T14:52:00,76413.83,76445.29,76413.83,76437.14,18878
1781515380,2026-06-15T14:53:00,76433.93,76437.85,76413.6,76434.38,16662
1781515440,2026-06-15T14:54:00,76432.59,76434.36,76410.28,76410.28,20941
1781515500,2026-06-15T14:55:00,76409.92,76425.94,76406.54,76408.41,16404
1781515560,2026-06-15T14:56:00,76408.84,76430.18,76404.8,76421.99,14510
1781515620,2026-06-15T14:57:00,76421.54,76424.18,76406.18,76420.29,18679
1781515680,2026-06-15T14:58:00,76418.91,76420.31,76401.26,76414.2,15882
1781515740,2026-06-15T14:59:00,76410.81,76411.71,76383.5,76397.61,20867
1781515800,2026-06-15T15:00:00,76404.09,76436.07,76295.61,76297.74,92352
1781515860,2026-06-15T15:01:00,76292.06,76308.15,76265.5,76307.17,155679
1781515920,2026-06-15T15:02:00,76312.74,76341.62,76294.51,76300.46,26945
1781515980,2026-06-15T15:03:00,76302.79,76320.39,76292.05,76317.24,22417
1781516040,2026-06-15T15:04:00,76318.89,76327.3,76298.74,76304.48,21836
1781516100,2026-06-15T15:05:00,76303.62,76311.03,76276.36,76298.84,27499
1781516160,2026-06-15T15:06:00,76297.49,76300.6,76258.04,76263.93,29864
1781516220,2026-06-15T15:07:00,76267.19,76270.93,76248.53,76269.57,42164
1781516280,2026-06-15T15:08:00,76266.62,76277.12,76253.79,76268.61,30378
1781516340,2026-06-15T15:09:00,76267.91,76268.14,76239.55,76246.49,14239
1781516400,2026-06-15T15:10:00,76244.97,76254.43,76235.55,76235.55,31126
1781516460,2026-06-15T15:11:00,76237.03,76237.03,76193.41,76201.0,45390
1781516520,2026-06-15T15:12:00,76197.98,76205.78,76144.22,76167.8,60921
1781516580,2026-06-15T15:13:00,76160.24,76185.18,76140.44,76185.18,346970
1781516640,2026-06-15T15:14:00,76199.9,76235.57,76195.21,76233.36,70069
1781516700,2026-06-15T15:15:00,76229.54,76271.01,76229.54,76262.91,47802
1781516760,2026-06-15T15:16:00,76263.11,76294.27,76252.43,76288.14,43451
1781516820,2026-06-15T15:17:00,76289.72,76297.42,76273.18,76296.24,26206
1781516880,2026-06-15T15:18:00,76297.91,76309.29,76289.67,76306.63,31310
1781516940,2026-06-15T15:19:00,76306.4,76315.22,76284.26,76292.79,28379
1781517000,2026-06-15T15:20:00,76291.36,76303.32,76282.82,76285.69,48330
1781517060,2026-06-15T15:21:00,76288.83,76295.2,76272.68,76272.68,28765
1781517120,2026-06-15T15:22:00,76275.98,76298.61,76267.46,76294.58,63465
1781517180,2026-06-15T15:23:00,76296.47,76296.47,76273.83,76283.3,52215
1781517240,2026-06-15T15:24:00,76280.84,76296.04,76267.81,76269.5,31330
1781517300,2026-06-15T15:25:00,76274.29,76287.71,76252.74,76264.73,27072
1781517360,2026-06-15T15:26:00,76266.0,76266.22,76233.27,76237.61,24683
1781517420,2026-06-15T15:27:00,76238.63,76249.96,76214.97,76247.92,32934
1781517480,2026-06-15T15:28:00,76237.74,76259.92,76236.12,76251.6,33594
1781517540,2026-06-15T15:29:00,76250.76,76266.74,76220.02,76242.71,41068
1781581500,2026-06-16T09:15:00,76526.77,76530.67,76443.34,76500.54,252480
1781581560,2026-06-16T09:16:00,76501.26,76518.78,76469.95,76517.14,136125
1781581620,2026-06-16T09:17:00,76520.58,76549.3,76504.88,76522.28,114783
1781581680,2026-06-16T09:18:00,76523.54,76562.2,76522.9,76555.81,106496
1781581740,2026-06-16T09:19:00,76555.06,76579.98,76553.66,76562.72,1033818
1781581800,2026-06-16T09:20:00,76566.39,76586.09,76521.15,76521.15,66870
1781581860,2026-06-16T09:21:00,76523.3,76544.11,76492.38,76492.38,43096
1781581920,2026-06-16T09:22:00,76488.13,76560.83,76487.33,76543.55,60519
1781581980,2026-06-16T09:23:00,76567.01,76581.94,76546.53,76550.39,40162
1781582040,2026-06-16T09:24:00,76547.13,76552.96,76522.16,76525.11,54348
1781582100,2026-06-16T09:25:00,76525.58,76548.63,76521.66,76548.63,43422
1781582160,2026-06-16T09:26:00,76541.93,76557.12,76523.33,76536.82,45349
1781582220,2026-06-16T09:27:00,76534.89,76568.66,76534.89,76562.02,26267
1781582280,2026-06-16T09:28:00,76559.64,76603.13,76559.64,76586.05,30845
1781582340,2026-06-16T09:29:00,76577.22,76606.14,76577.22,76592.69,30288
1781582400,2026-06-16T09:30:00,76598.96,76626.07,76597.09,76619.59,43243
1781582460,2026-06-16T09:31:00,76615.03,76621.62,76593.05,76602.21,34718
1781582520,2026-06-16T09:32:00,76600.68,76650.63,76599.29,76650.63,39211
1781582580,2026-06-16T09:33:00,76647.93,76670.08,76643.93,76666.33,37264
1781582640,2026-06-16T09:34:00,76666.29,76676.3,76631.96,76634.22,50285
1781582700,2026-06-16T09:35:00,76634.97,76639.61,76613.71,76613.71,34272
1781582760,2026-06-16T09:36:00,76621.18,76627.23,76588.85,76600.15,32740
1781582820,2026-06-16T09:37:00,76595.91,76640.63,76595.91,76640.63,32128
1781582880,2026-06-16T09:38:00,76643.11,76645.1,76620.48,76626.59,42100
1781582940,2026-06-16T09:39:00,76621.42,76622.43,76590.22,76596.2,32190
1781583000,2026-06-16T09:40:00,76595.61,76600.06,76581.92,76585.54,37932
1781583060,2026-06-16T09:41:00,76587.76,76588.22,76557.06,76557.23,26214
1781583120,2026-06-16T09:42:00,76563.69,76582.43,76560.25,76560.25,30260
1781583180,2026-06-16T09:43:00,76564.39,76572.29,76539.41,76545.88,40350
1781583240,2026-06-16T09:44:00,76550.42,76558.61,76532.43,76532.43,22614
1781583300,2026-06-16T09:45:00,76533.46,76563.33,76529.0,76554.33,60244
1781583360,2026-06-16T09:46:00,76555.27,76602.36,76553.82,76599.28,40364
1781583420,2026-06-16T09:47:00,76604.5,76610.04,76586.08,76598.33,41921
1781583480,2026-06-16T09:48:00,76598.34,76623.31,76598.34,76611.1,29364
1781583540,2026-06-16T09:49:00,76610.93,76617.87,76592.45,76606.9,21461
1781583600,2026-06-16T09:50:00,76607.97,76615.11,76543.83,76548.86,28314
1781583660,2026-06-16T09:51:00,76557.75,76562.94,76538.3,76551.38,28028
1781583720,2026-06-16T09:52:00,76551.96,76590.05,76551.09,76584.74,43599
1781583780,2026-06-16T09:53:00,76584.1,76595.78,76583.58,76594.19,33819
1781583840,2026-06-16T09:54:00,76595.08,76596.98,76576.34,76578.46,17808
1781583900,2026-06-16T09:55:00,76581.38,76585.82,76558.2,76561.17,27072
1781583960,2026-06-16T09:56:00,76562.4,76588.77,76559.3,76585.54,36425
1781584020,2026-06-16T09:57:00,76585.78,76588.94,76572.72,76583.83,22742
1781584080,2026-06-16T09:58:00,76583.29,76587.85,76577.7,76587.21,28611
1781584140,2026-06-16T09:59:00,76591.12,76600.18,76585.23,76591.73,19033
1781584200,2026-06-16T10:00:00,76593.55,76618.44,76592.45,76608.05,35246
1781584260,2026-06-16T10:01:00,76609.13,76609.13,76550.84,76555.08,25471
1781584320,2026-06-16T10:02:00,76554.02,76560.77,76524.24,76525.26,41485
1781584380,2026-06-16T10:03:00,76526.1,76526.54,76479.2,76481.68,26986
1781584440,2026-06-16T10:04:00,76487.82,76502.16,76474.63,76477.52,32555
1781584500,2026-06-16T10:05:00,76480.49,76512.63,76473.36,76512.63,36309
1781584560,2026-06-16T10:06:00,76510.94,76516.09,76497.13,76499.19,20427
1781584620,2026-06-16T10:07:00,76496.12,76499.48,76465.22,76465.22,21002
1781584680,2026-06-16T10:08:00,76464.5,76470.13,76450.66,76456.0,23062
1781584740,2026-06-16T10:09:00,76456.0,76479.57,76456.0,76456.05,15729
1781584800,2026-06-16T10:10:00,76456.67,76468.82,76448.34,76454.12,13645
1781584860,2026-06-16T10:11:00,76451.22,76472.92,76447.72,76468.23,146510
1781584920,2026-06-16T10:12:00,76469.6,76487.74,76458.47,76480.37,10999
1781584980,2026-06-16T10:13:00,76482.41,76486.1,76469.92,76474.05,12434
1781585040,2026-06-16T10:14:00,76473.81,76506.76,76468.31,76502.75,25346
1781585100,2026-06-16T10:15:00,76502.23,76513.62,76496.29,76497.65,27135
1781585160,2026-06-16T10:16:00,76503.51,76535.3,76495.15,76521.33,41042
1781585220,2026-06-16T10:17:00,76525.66,76561.49,76523.59,76561.49,30381
1781585280,2026-06-16T10:18:00,76562.04,76572.04,76547.46,76557.67,27165
1781585340,2026-06-16T10:19:00,76556.93,76563.37,76542.46,76561.59,46945
1781585400,2026-06-16T10:20:00,76563.78,76596.84,76560.31,76595.97,51443
1781585460,2026-06-16T10:21:00,76597.36,76642.98,76596.29,76637.31,113079
1781585520,2026-06-16T10:22:00,76637.12,76650.59,76633.3,76635.48,25230
1781585580,2026-06-16T10:23:00,76632.82,76637.24,76616.16,76633.22,28166
1781585640,2026-06-16T10:24:00,76635.64,76635.64,76602.14,76611.95,12402
1781585700,2026-06-16T10:25:00,76611.95,76619.23,76603.26,76619.23,15862
1781585760,2026-06-16T10:26:00,76616.84,76626.39,76610.47,76615.1,31433
1781585820,2026-06-16T10:27:00,76615.1,76617.04,76581.82,76582.28,38152
1781585880,2026-06-16T10:28:00,76582.12,76604.45,76579.05,76598.12,17665
1781585940,2026-06-16T10:29:00,76598.12,76615.91,76598.12,76612.2,16953
1781586000,2026-06-16T10:30:00,76611.86,76646.33,76606.6,76645.63,19668
1781586060,2026-06-16T10:31:00,76647.69,76653.98,76637.62,76648.0,17933
1781586120,2026-06-16T10:32:00,76645.91,76650.62,76629.61,76631.47,17373
1781586180,2026-06-16T10:33:00,76625.79,76635.66,76618.49,76632.65,21183
1781586240,2026-06-16T10:34:00,76630.74,76636.4,76622.08,76633.88,20367
1781586300,2026-06-16T10:35:00,76629.77,76649.39,76629.61,76648.85,70870
1781586360,2026-06-16T10:36:00,76650.49,76672.57,76649.69,76670.27,19780
1781586420,2026-06-16T10:37:00,76670.32,76700.48,76670.32,76690.82,37916
1781586480,2026-06-16T10:38:00,76696.81,76696.81,76682.09,76692.1,10296
1781586540,2026-06-16T10:39:00,76693.79,76702.33,76676.14,76678.81,468659
1781586600,2026-06-16T10:40:00,76678.81,76692.18,76676.25,76685.14,279649
1781586660,2026-06-16T10:41:00,76685.14,76695.3,76661.37,76666.22,25173
1781586720,2026-06-16T10:42:00,76665.32,76666.25,76645.37,76654.13,25633
1781586780,2026-06-16T10:43:00,76653.94,76656.56,76643.42,76651.83,10086
1781586840,2026-06-16T10:44:00,76648.99,76670.65,76643.83,76658.26,14621
1781586900,2026-06-16T10:45:00,76659.48,76679.38,76654.44,76674.88,14013
1781586960,2026-06-16T10:46:00,76675.6,76694.8,76671.88,76694.34,13258
1781587020,2026-06-16T10:47:00,76694.34,76706.25,76684.69,76685.93,34578
1781587080,2026-06-16T10:48:00,76688.51,76714.03,76687.39,76707.33,43335
1781587140,2026-06-16T10:49:00,76707.77,76720.43,76699.87,76715.66,18222
1781587200,2026-06-16T10:50:00,76712.69,76723.01,76694.85,76707.61,34825
1781587260,2026-06-16T10:51:00,76707.44,76711.61,76688.21,76695.27,46535
1781587320,2026-06-16T10:52:00,76692.94,76715.35,76691.8,76707.63,26751
1781587380,2026-06-16T10:53:00,76710.71,76719.39,76702.82,76714.12,16613
1781587440,2026-06-16T10:54:00,76717.39,76722.75,76698.61,76707.54,25295
1781587500,2026-06-16T10:55:00,76705.19,76724.62,76704.67,76712.54,11184
1781587560,2026-06-16T10:56:00,76717.08,76721.0,76702.97,76705.27,12879
1781587620,2026-06-16T10:57:00,76703.69,76716.36,76700.04,76709.66,12134
1781587680,2026-06-16T10:58:00,76708.98,76721.89,76700.13,76714.29,21802
1781587740,2026-06-16T10:59:00,76716.87,76716.87,76689.49,76699.74,45955
1781587800,2026-06-16T11:00:00,76697.93,76705.11,76680.26,76680.26,24742
1781587860,2026-06-16T11:01:00,76677.88,76678.37,76663.66,76672.28,29654
1781587920,2026-06-16T11:02:00,76672.45,76678.81,76664.28,76670.9,15378
1781587980,2026-06-16T11:03:00,76676.1,76676.1,76657.13,76663.22,73385
1781588040,2026-06-16T11:04:00,76661.94,76664.85,76645.14,76646.88,20944
1781588100,2026-06-16T11:05:00,76646.53,76647.69,76628.24,76647.46,24312
1781588160,2026-06-16T11:06:00,76647.53,76672.34,76647.53,76661.26,27315
1781588220,2026-06-16T11:07:00,76661.03,76671.37,76648.75,76649.18,16929
1781588280,2026-06-16T11:08:00,76650.2,76658.83,76632.61,76634.59,24332
1781588340,2026-06-16T11:09:00,76636.36,76649.01,76628.89,76630.39,21588
1781588400,2026-06-16T11:10:00,76634.43,76638.2,76605.45,76615.25,31223
1781588460,2026-06-16T11:11:00,76616.11,76629.71,76612.09,76623.28,68269
1781588520,2026-06-16T11:12:00,76623.98,76632.5,76605.33,76615.43,21132
1781588580,2026-06-16T11:13:00,76615.23,76616.37,76595.04,76603.73,17223
1781588640,2026-06-16T11:14:00,76604.55,76623.27,76604.55,76617.94,17383
1781588700,2026-06-16T11:15:00,76618.73,76639.25,76612.68,76639.25,26397
1781588760,2026-06-16T11:16:00,76638.64,76663.6,76637.52,76646.89,23992
1781588820,2026-06-16T11:17:00,76646.89,76646.89,76622.81,76622.81,11127
1781588880,2026-06-16T11:18:00,76622.72,76628.32,76597.77,76609.46,17258
1781588940,2026-06-16T11:19:00,76607.46,76613.23,76602.26,76602.26,29296
1781589000,2026-06-16T11:20:00,76605.02,76605.02,76580.9,76581.13,9219
1781589060,2026-06-16T11:21:00,76580.0,76599.69,76575.71,76596.07,11305
1781589120,2026-06-16T11:22:00,76593.61,76600.9,76574.92,76574.92,11968
1781589180,2026-06-16T11:23:00,76575.15,76609.66,76573.73,76609.66,11899
1781589240,2026-06-16T11:24:00,76605.55,76637.31,76605.55,76637.11,19867
1781589300,2026-06-16T11:25:00,76637.11,76652.61,76636.99,76647.47,14503
1781589360,2026-06-16T11:26:00,76647.66,76649.74,76606.3,76606.79,14717
1781589420,2026-06-16T11:27:00,76607.1,76614.67,76598.81,76604.43,11291
1781589480,2026-06-16T11:28:00,76603.63,76607.53,76587.73,76587.73,20960
1781589540,2026-06-16T11:29:00,76585.91,76601.49,76585.91,76591.62,11901
1781589600,2026-06-16T11:30:00,76591.7,76597.26,76580.26,76580.26,7812
1781589660,2026-06-16T11:31:00,76580.87,76594.84,76577.25,76592.08,27678
1781589720,2026-06-16T11:32:00,76592.65,76593.8,76568.12,76574.94,44991
1781589780,2026-06-16T11:33:00,76577.24,76585.16,76567.49,76579.58,17782
1781589840,2026-06-16T11:34:00,76576.03,76598.34,76575.67,76597.42,19714
1781589900,2026-06-16T11:35:00,76589.27,76606.56,76578.28,76584.16,15614
1781589960,2026-06-16T11:36:00,76584.9,76592.25,76571.58,76571.86,12110
1781590020,2026-06-16T11:37:00,76572.49,76584.02,76568.51,76569.32,35023
1781590080,2026-06-16T11:38:00,76572.84,76578.58,76551.28,76557.18,37878
1781590140,2026-06-16T11:39:00,76555.97,76572.42,76555.63,76564.63,27343
1781590200,2026-06-16T11:40:00,76565.33,76569.43,76543.51,76551.4,9764
1781590260,2026-06-16T11:41:00,76547.27,76562.7,76541.74,76558.39,24010
1781590320,2026-06-16T11:42:00,76557.32,76579.22,76554.97,76573.81,46263
1781590380,2026-06-16T11:43:00,76571.69,76587.66,76568.41,76582.09,13469
1781590440,2026-06-16T11:44:00,76582.39,76586.81,76569.32,76580.09,24070
1781590500,2026-06-16T11:45:00,76584.3,76590.93,76574.55,76575.97,30369
1781590560,2026-06-16T11:46:00,76573.1,76606.17,76567.2,76606.17,22402
1781590620,2026-06-16T11:47:00,76607.43,76612.94,76589.12,76598.24,25543
1781590680,2026-06-16T11:48:00,76599.46,76624.35,76599.13,76618.12,24455
1781590740,2026-06-16T11:49:00,76615.58,76621.6,76594.51,76602.8,32117
1781590800,2026-06-16T11:50:00,76601.03,76658.15,76601.03,76647.23,30790
1781590860,2026-06-16T11:51:00,76641.57,76644.64,76609.19,76625.17,19798
1781590920,2026-06-16T11:52:00,76630.19,76653.96,76624.56,76626.71,12412
1781590980,2026-06-16T11:53:00,76624.95,76637.31,76618.61,76625.29,12351
1781591040,2026-06-16T11:54:00,76628.64,76635.18,76617.96,76629.04,8304
1781591100,2026-06-16T11:55:00,76628.69,76629.52,76568.27,76575.76,19720
1781591160,2026-06-16T11:56:00,76574.46,76589.2,76568.38,76584.05,31010
1781591220,2026-06-16T11:57:00,76581.51,76590.98,76569.25,76590.98,16471
1781591280,2026-06-16T11:58:00,76592.77,76633.93,76588.59,76633.93,21337
1781591340,2026-06-16T11:59:00,76635.33,76638.2,76620.32,76630.74,15761
1781591400,2026-06-16T12:00:00,76629.59,76647.04,76629.59,76633.79,13869
1781591460,2026-06-16T12:01:00,76636.66,76645.11,76626.76,76630.17,21168
1781591520,2026-06-16T12:02:00,76621.17,76621.17,76595.83,76600.03,9661
1781591580,2026-06-16T12:03:00,76596.65,76596.65,76565.91,76573.27,13895
1781591640,2026-06-16T12:04:00,76577.76,76607.56,76566.81,76596.84,16177
1781591700,2026-06-16T12:05:00,76597.67,76600.84,76581.8,76581.8,6875
1781591760,2026-06-16T12:06:00,76581.8,76606.4,76581.8,76605.78,12721
1781591820,2026-06-16T12:07:00,76602.36,76611.96,76585.44,76594.4,11232
1781591880,2026-06-16T12:08:00,76603.79,76621.74,76598.91,76617.49,8825
1781591940,2026-06-16T12:09:00,76616.89,76620.49,76599.44,76604.73,13448
1781592000,2026-06-16T12:10:00,76600.6,76620.07,76595.57,76613.82,10506
1781592060,2026-06-16T12:11:00,76610.2,76614.77,76591.34,76600.65,13911
1781592120,2026-06-16T12:12:00,76600.65,76619.69,76593.02,76598.37,12901
1781592180,2026-06-16T12:13:00,76595.9,76604.28,76594.17,76603.9,9908
1781592240,2026-06-16T12:14:00,76603.9,76611.23,76597.97,76599.99,18664
1781592300,2026-06-16T12:15:00,76602.39,76602.39,76576.13,76578.06,11092
1781592360,2026-06-16T12:16:00,76576.49,76591.35,76570.04,76586.28,12025
1781592420,2026-06-16T12:17:00,76584.22,76592.45,76579.86,76592.26,7849
1781592480,2026-06-16T12:18:00,76591.94,76591.94,76564.9,76583.48,21568
1781592540,2026-06-16T12:19:00,76580.45,76582.25,76558.1,76559.65,23068
1781592600,2026-06-16T12:20:00,76563.32,76566.75,76551.25,76557.26,11315
1781592660,2026-06-16T12:21:00,76557.1,76567.48,76546.34,76549.2,17131
1781592720,2026-06-16T12:22:00,76547.55,76561.52,76545.89,76556.09,6402
1781592780,2026-06-16T12:23:00,76558.38,76565.02,76531.51,76554.31,23824
1781592840,2026-06-16T12:24:00,76556.29,76589.49,76556.29,76574.71,21686
1781592900,2026-06-16T12:25:00,76576.25,76595.23,76565.03,76593.9,16001
1781592960,2026-06-16T12:26:00,76591.44,76607.08,76590.67,76601.11,19003
1781593020,2026-06-16T12:27:00,76593.8,76611.19,76593.8,76610.12,11242
1781593080,2026-06-16T12:28:00,76608.19,76645.67,76607.21,76644.26,23593
1781593140,2026-06-16T12:29:00,76644.13,76653.74,76639.94,76645.01,16877
1781593200,2026-06-16T12:30:00,76645.01,76655.97,76641.13,76654.8,19920
1781593260,2026-06-16T12:31:00,76657.45,76669.28,76642.98,76642.98,16224
1781593320,2026-06-16T12:32:00,76645.9,76646.42,76618.24,76620.61,16208
1781593380,2026-06-16T12:33:00,76620.84,76634.87,76601.38,76609.16,17186
1781593440,2026-06-16T12:34:00,76602.79,76604.51,76587.84,76599.18,24719
1781593500,2026-06-16T12:35:00,76598.86,76598.86,76588.24,76588.24,6209
1781593560,2026-06-16T12:36:00,76587.56,76613.88,76587.56,76613.7,16555
1781593620,2026-06-16T12:37:00,76614.49,76618.02,76602.54,76603.75,24566
1781593680,2026-06-16T12:38:00,76596.72,76622.98,76586.97,76622.98,18502
1781593740,2026-06-16T12:39:00,76622.98,76639.67,76618.09,76632.53,22247
1781593800,2026-06-16T12:40:00,76633.09,76638.71,76622.5,76629.26,7155
1781593860,2026-06-16T12:41:00,76628.99,76628.99,76611.13,76615.01,13117
1781593920,2026-06-16T12:42:00,76616.03,76627.66,76609.64,76609.64,30559
1781593980,2026-06-16T12:43:00,76607.28,76612.33,76594.28,76603.04,12951
1781594040,2026-06-16T12:44:00,76603.04,76606.46,76591.23,76606.46,13550
1781594100,2026-06-16T12:45:00,76606.46,76610.56,76597.9,76600.68,14560
1781594160,2026-06-16T12:46:00,76597.93,76604.61,76592.18,76595.04,9819
1781594220,2026-06-16T12:47:00,76597.48,76619.29,76597.48,76615.19,14814
1781594280,2026-06-16T12:48:00,76617.83,76626.61,76613.92,76619.8,14475
1781594340,2026-06-16T12:49:00,76619.8,76627.76,76612.53,76627.76,14587
1781594400,2026-06-16T12:50:00,76627.35,76630.87,76618.61,76623.26,9409
1781594460,2026-06-16T12:51:00,76623.26,76632.88,76618.33,76632.88,12693
1781594520,2026-06-16T12:52:00,76634.11,76638.68,76622.21,76624.33,8791
1781594580,2026-06-16T12:53:00,76623.12,76623.12,76598.71,76607.29,11507
1781594640,2026-06-16T12:54:00,76607.62,76607.62,76587.25,76597.31,25517
1781594700,2026-06-16T12:55:00,76598.26,76606.61,76586.25,76593.53,9715
1781594760,2026-06-16T12:56:00,76593.02,76611.42,76593.02,76608.07,12704
1781594820,2026-06-16T12:57:00,76611.82,76634.32,76611.82,76631.54,11468
1781594880,2026-06-16T12:58:00,76631.54,76634.98,76618.87,76621.7,12607
1781594940,2026-06-16T12:59:00,76626.09,76650.5,76623.8,76646.93,12212
1781595000,2026-06-16T13:00:00,76648.76,76661.45,76648.29,76655.99,16779
1781595060,2026-06-16T13:01:00,76654.19,76654.53,76640.63,76641.83,7425
1781595120,2026-06-16T13:02:00,76640.01,76640.01,76628.41,76628.49,9379
1781595180,2026-06-16T13:03:00,76628.79,76630.2,76603.58,76607.02,9751
1781595240,2026-06-16T13:04:00,76605.8,76630.75,76605.8,76628.64,16253
1781595300,2026-06-16T13:05:00,76629.11,76630.8,76620.12,76630.8,6452
1781595360,2026-06-16T13:06:00,76630.4,76642.05,76624.65,76624.93,10606
1781595420,2026-06-16T13:07:00,76625.24,76634.6,76619.17,76626.06,7448
1781595480,2026-06-16T13:08:00,76628.47,76636.46,76622.84,76626.29,13154
1781595540,2026-06-16T13:09:00,76626.29,76647.55,76626.29,76647.55,8201
1781595600,2026-06-16T13:10:00,76646.74,76656.73,76641.51,76656.29,8557
1781595660,2026-06-16T13:11:00,76656.15,76662.19,76650.01,76658.92,9881
1781595720,2026-06-16T13:12:00,76660.32,76675.88,76653.13,76674.31,12890
1781595780,2026-06-16T13:13:00,76666.59,76681.98,76658.77,76659.33,18795
1781595840,2026-06-16T13:14:00,76660.02,76679.27,76660.02,76677.28,1012159
1781595900,2026-06-16T13:15:00,76680.02,76681.53,76662.87,76666.11,28194
1781595960,2026-06-16T13:16:00,76668.95,76677.52,76661.1,76665.96,10119
1781596020,2026-06-16T13:17:00,76666.05,76680.47,76663.88,76668.91,17365
1781596080,2026-06-16T13:18:00,76667.43,76667.43,76653.29,76654.45,8447
1781596140,2026-06-16T13:19:00,76654.98,76660.5,76643.68,76656.52,26455
1781596200,2026-06-16T13:20:00,76654.41,76656.48,76639.67,76644.23,8251
1781596260,2026-06-16T13:21:00,76644.23,76670.72,76641.95,76665.21,19014
1781596320,2026-06-16T13:22:00,76671.12,76703.64,76671.12,76703.64,29457
1781596380,2026-06-16T13:23:00,76702.26,76717.6,76695.68,76698.55,16864
1781596440,2026-06-16T13:24:00,76698.59,76710.42,76692.83,76703.91,8345
1781596500,2026-06-16T13:25:00,76703.85,76721.15,76702.18,76715.27,17140
1781596560,2026-06-16T13:26:00,76712.95,76727.89,76701.18,76725.03,16699
1781596620,2026-06-16T13:27:00,76725.72,76733.89,76711.27,76711.27,517736
1781596680,2026-06-16T13:28:00,76711.6,76728.72,76711.6,76728.72,15422
1781596740,2026-06-16T13:29:00,76728.31,76738.03,76722.49,76737.27,20000
1781596800,2026-06-16T13:30:00,76736.75,76743.19,76726.48,76730.9,9451
1781596860,2026-06-16T13:31:00,76731.67,76742.11,76726.46,76726.48,8185
1781596920,2026-06-16T13:32:00,76725.05,76734.8,76723.41,76727.4,14725
1781596980,2026-06-16T13:33:00,76722.98,76735.03,76722.98,76733.8,10668
1781597040,2026-06-16T13:34:00,76732.56,76744.07,76726.31,76740.47,6678
1781597100,2026-06-16T13:35:00,76740.27,76749.21,76729.51,76732.61,15669
1781597160,2026-06-16T13:36:00,76735.15,76757.44,76734.45,76755.86,11398
1781597220,2026-06-16T13:37:00,76755.86,76766.47,76751.32,76758.1,26219
1781597280,2026-06-16T13:38:00,76758.93,76767.16,76745.71,76749.51,10168
1781597340,2026-06-16T13:39:00,76749.74,76768.55,76746.39,76749.49,21960
1781597400,2026-06-16T13:40:00,76747.99,76754.52,76738.34,76742.26,10751
1781597460,2026-06-16T13:41:00,76741.46,76750.27,76723.14,76724.99,21593
1781597520,2026-06-16T13:42:00,76729.61,76752.09,76729.61,76750.97,11090
1781597580,2026-06-16T13:43:00,76750.27,76757.02,76736.44,76740.47,21561
1781597640,2026-06-16T13:44:00,76736.17,76746.5,76724.55,76733.85,12929
1781597700,2026-06-16T13:45:00,76733.85,76748.24,76721.81,76741.89,9362
1781597760,2026-06-16T13:46:00,76741.89,76747.95,76730.75,76739.6,15869
1781597820,2026-06-16T13:47:00,76738.55,76738.89,76725.2,76726.31,9026
1781597880,2026-06-16T13:48:00,76725.71,76731.06,76717.52,76725.32,11500
1781597940,2026-06-16T13:49:00,76725.32,76749.87,76721.75,76746.0,8102
1781598000,2026-06-16T13:50:00,76747.04,76752.6,76726.52,76727.35,27448
1781598060,2026-06-16T13:51:00,76731.8,76731.84,76711.81,76714.3,12801
1781598120,2026-06-16T13:52:00,76716.41,76727.43,76712.98,76722.39,8492
1781598180,2026-06-16T13:53:00,76725.62,76725.62,76705.85,76706.79,12777
1781598240,2026-06-16T13:54:00,76706.79,76711.24,76696.99,76704.1,9219
1781598300,2026-06-16T13:55:00,76703.97,76722.55,76703.25,76721.48,9046
1781598360,2026-06-16T13:56:00,76720.29,76753.53,76720.29,76750.64,20889
1781598420,2026-06-16T13:57:00,76749.24,76756.93,76743.92,76747.32,15014
1781598480,2026-06-16T13:58:00,76746.99,76750.46,76733.54,76744.83,9375
1781598540,2026-06-16T13:59:00,76745.35,76746.21,76730.7,76734.32,6706
1781598600,2026-06-16T14:00:00,76732.04,76767.25,76730.23,76765.92,10669
1781598660,2026-06-16T14:01:00,76766.14,76766.14,76742.95,76742.95,8218
1781598720,2026-06-16T14:02:00,76743.04,76748.56,76724.66,76726.58,18208
1781598780,2026-06-16T14:03:00,76726.73,76758.47,76723.36,76752.38,24381
1781598840,2026-06-16T14:04:00,76752.48,76761.57,76752.07,76755.25,7942
1781598900,2026-06-16T14:05:00,76756.05,76780.75,76752.86,76780.75,13964
1781598960,2026-06-16T14:06:00,76782.08,76782.08,76753.9,76760.61,15960
1781599020,2026-06-16T14:07:00,76760.64,76760.64,76747.8,76753.96,12704
1781599080,2026-06-16T14:08:00,76751.72,76778.8,76749.74,76772.7,13603
1781599140,2026-06-16T14:09:00,76773.2,76781.55,76761.9,76781.17,13592
1781599200,2026-06-16T14:10:00,76781.22,76803.17,76775.26,76800.91,26747
1781599260,2026-06-16T14:11:00,76801.61,76815.46,76798.1,76800.61,28369
1781599320,2026-06-16T14:12:00,76801.43,76819.13,76795.12,76815.42,21134
1781599380,2026-06-16T14:13:00,76810.64,76824.17,76809.0,76824.17,25909
1781599440,2026-06-16T14:14:00,76825.87,76830.9,76817.48,76818.82,12984
1781599500,2026-06-16T14:15:00,76819.79,76830.19,76814.48,76827.4,7639
1781599560,2026-06-16T14:16:00,76827.89,76834.96,76822.55,76824.58,14076
1781599620,2026-06-16T14:17:00,76818.97,76831.84,76811.23,76821.24,19376
1781599680,2026-06-16T14:18:00,76822.43,76830.3,76810.98,76813.63,23078
1781599740,2026-06-16T14:19:00,76813.19,76818.6,76803.95,76803.95,10128
1781599800,2026-06-16T14:20:00,76804.2,76818.38,76797.66,76803.95,12887
1781599860,2026-06-16T14:21:00,76798.39,76804.59,76785.57,76789.82,12546
1781599920,2026-06-16T14:22:00,76793.01,76799.91,76784.38,76787.86,7374
1781599980,2026-06-16T14:23:00,76788.03,76797.08,76783.46,76796.27,19837
1781600040,2026-06-16T14:24:00,76796.23,76797.68,76774.59,76797.68,20850
1781600100,2026-06-16T14:25:00,76798.73,76812.84,76794.44,76797.08,16798
1781600160,2026-06-16T14:26:00,76797.58,76812.28,76794.02,76810.62,26861
1781600220,2026-06-16T14:27:00,76810.51,76810.51,76786.71,76798.55,9970
1781600280,2026-06-16T14:28:00,76794.86,76803.31,76790.01,76801.05,12941
1781600340,2026-06-16T14:29:00,76805.15,76805.15,76779.91,76783.57,10765
1781600400,2026-06-16T14:30:00,76783.97,76808.28,76783.97,76806.01,15639
1781600460,2026-06-16T14:31:00,76806.01,76817.54,76802.19,76809.77,39063
1781600520,2026-06-16T14:32:00,76811.51,76814.41,76795.35,76806.11,12398
1781600580,2026-06-16T14:33:00,76805.55,76810.99,76794.69,76803.78,20854
1781600640,2026-06-16T14:34:00,76802.04,76833.11,76802.04,76820.21,16129
1781600700,2026-06-16T14:35:00,76820.21,76825.16,76813.39,76816.44,14524
1781600760,2026-06-16T14:36:00,76817.79,76840.01,76817.79,76823.12,25070
1781600820,2026-06-16T14:37:00,76820.79,76827.74,76801.31,76809.06,13406
1781600880,2026-06-16T14:38:00,76811.26,76813.25,76796.22,76803.84,10232
1781600940,2026-06-16T14:39:00,76803.34,76845.68,76800.48,76845.68,20958
1781601000,2026-06-16T14:40:00,76845.76,76846.74,76816.16,76817.63,22958
1781601060,2026-06-16T14:41:00,76819.79,76835.55,76818.07,76830.78,27692
1781601120,2026-06-16T14:42:00,76830.8,76831.68,76817.82,76821.71,15290
1781601180,2026-06-16T14:43:00,76819.39,76819.39,76783.11,76783.11,58004
1781601240,2026-06-16T14:44:00,76784.33,76788.66,76746.78,76746.78,19922
1781601300,2026-06-16T14:45:00,76738.3,76763.25,76733.98,76763.25,24539
1781601360,2026-06-16T14:46:00,76763.53,76783.8,76757.93,76781.62,13263
1781601420,2026-06-16T14:47:00,76782.83,76789.85,76772.57,76781.76,16365
1781601480,2026-06-16T14:48:00,76780.49,76803.33,76780.49,76798.29,14228
1781601540,2026-06-16T14:49:00,76799.13,76801.38,76755.03,76768.92,18492
1781601600,2026-06-16T14:50:00,76767.77,76781.42,76756.11,76761.68,15951
1781601660,2026-06-16T14:51:00,76761.52,76773.42,76746.38,76752.04,20522
1781601720,2026-06-16T14:52:00,76751.64,76776.73,76749.88,76771.18,11946
1781601780,2026-06-16T14:53:00,76774.51,76817.06,76773.95,76817.06,12553
1781601840,2026-06-16T14:54:00,76819.88,76825.81,76813.17,76816.3,12788
1781601900,2026-06-16T14:55:00,76819.06,76822.65,76806.49,76819.42,13116
1781601960,2026-06-16T14:56:00,76820.89,76831.68,76792.33,76798.12,13908
1781602020,2026-06-16T14:57:00,76797.97,76799.84,76776.66,76791.3,24768
1781602080,2026-06-16T14:58:00,76793.01,76804.75,76782.92,76797.04,20157
1781602140,2026-06-16T14:59:00,76789.25,76794.76,76772.46,76781.06,44276
1781602200,2026-06-16T15:00:00,76790.95,76799.52,76769.75,76774.43,39983
1781602260,2026-06-16T15:01:00,76779.15,76795.49,76767.68,76795.49,32536
1781602320,2026-06-16T15:02:00,76795.46,76820.83,76791.95,76817.47,57726
1781602380,2026-06-16T15:03:00,76816.09,76832.94,76802.08,76802.08,68468
1781602440,2026-06-16T15:04:00,76805.01,76809.2,76768.0,76776.65,40290
1781602500,2026-06-16T15:05:00,76772.53,76786.79,76757.81,76783.06,42233
1781602560,2026-06-16T15:06:00,76785.08,76821.47,76785.08,76814.48,23947
1781602620,2026-06-16T15:07:00,76817.43,76824.27,76796.73,76806.39,22017
1781602680,2026-06-16T15:08:00,76802.86,76806.34,76783.86,76787.29,43134
1781602740,2026-06-16T15:09:00,76788.82,76814.39,76787.73,76811.88,18434
1781602800,2026-06-16T15:10:00,76811.02,76811.17,76788.66,76788.66,25045
1781602860,2026-06-16T15:11:00,76797.54,76816.26,76785.93,76811.49,18881
1781602920,2026-06-16T15:12:00,76813.44,76813.44,76780.46,76791.41,22197
1781602980,2026-06-16T15:13:00,76793.23,76806.5,76784.0,76798.17,35629
1781603040,2026-06-16T15:14:00,76811.72,76812.18,76796.01,76800.52,41414
1781603100,2026-06-16T15:15:00,76803.33,76808.2,76780.56,76781.59,44478
1781603160,2026-06-16T15:16:00,76788.53,76810.52,76788.53,76810.25,51215
1781603220,2026-06-16T15:17:00,76811.35,76818.61,76800.65,76806.48,28466
1781603280,2026-06-16T15:18:00,76813.88,76813.88,76788.26,76788.26,22138
1781603340,2026-06-16T15:19:00,76790.05,76803.29,76784.93,76798.82,41576
1781603400,2026-06-16T15:20:00,76801.81,76802.88,76783.92,76800.1,64865
1781603460,2026-06-16T15:21:00,76801.86,76821.73,76800.65,76812.16,86159
1781603520,2026-06-16T15:22:00,76813.59,76821.32,76802.29,76805.6,32153
1781603580,2026-06-16T15:23:00,76804.49,76818.32,76804.49,76811.19,70081
1781603640,2026-06-16T15:24:00,76803.39,76828.12,76796.81,76796.81,61163
1781603700,2026-06-16T15:25:00,76801.16,76823.75,76798.57,76805.41,31359
1781603760,2026-06-16T15:26:00,76806.5,76813.31,76800.26,76801.29,40344
1781603820,2026-06-16T15:27:00,76805.05,76820.29,76799.27,76819.43,67104
1781603880,2026-06-16T15:28:00,76817.57,76834.15,76794.53,76805.06,130633
1781603940,2026-06-16T15:29:00,76803.83,76830.65,76784.42,76826.78,40980
1781667900,2026-06-17T09:15:00,77080.09,77093.17,76861.18,76895.58,104555
1781667960,2026-06-17T09:16:00,76893.0,76909.1,76853.27,76879.45,78855
1781668020,2026-06-17T09:17:00,76872.72,76914.78,76856.19,76893.69,72606
1781668080,2026-06-17T09:18:00,76891.09,76891.25,76833.89,76842.17,75908
1781668140,2026-06-17T09:19:00,76841.06,76855.35,76768.49,76781.79,70963
1781668200,2026-06-17T09:20:00,76782.11,76854.75,76776.74,76854.75,88340
1781668260,2026-06-17T09:21:00,76840.81,76847.49,76807.07,76816.63,40727
1781668320,2026-06-17T09:22:00,76817.86,76841.86,76805.47,76836.9,39385
1781668380,2026-06-17T09:23:00,76837.34,76837.34,76811.37,76823.09,52331
1781668440,2026-06-17T09:24:00,76823.72,76838.94,76818.15,76819.73,43726
1781668500,2026-06-17T09:25:00,76816.09,76840.54,76815.53,76834.14,33345
1781668560,2026-06-17T09:26:00,76834.82,76862.65,76834.82,76859.59,24071
1781668620,2026-06-17T09:27:00,76862.89,76895.3,76862.89,76872.62,41940
1781668680,2026-06-17T09:28:00,76872.83,76903.7,76868.9,76903.7,36574
1781668740,2026-06-17T09:29:00,76904.99,76927.4,76897.36,76924.78,68178
1781668800,2026-06-17T09:30:00,76925.81,76944.88,76916.04,76940.8,21572
1781668860,2026-06-17T09:31:00,76935.45,76966.25,76934.37,76960.03,54258
1781668920,2026-06-17T09:32:00,76960.03,76983.62,76956.75,76982.64,37646
1781668980,2026-06-17T09:33:00,76984.75,77001.96,76982.0,76991.43,37650
1781669040,2026-06-17T09:34:00,76995.09,77003.63,76967.96,76971.73,31499
1781669100,2026-06-17T09:35:00,76966.85,76972.27,76947.93,76971.8,40555
1781669160,2026-06-17T09:36:00,76968.48,76983.57,76966.73,76970.58,31047
1781669220,2026-06-17T09:37:00,76969.1,76997.53,76968.65,76992.62,26918
1781669280,2026-06-17T09:38:00,76986.62,77012.3,76986.62,77012.28,440137
1781669340,2026-06-17T09:39:00,77014.55,77022.04,77006.78,77020.18,23523
1781669400,2026-06-17T09:40:00,77021.23,77028.85,77005.29,77006.13,36578
1781669460,2026-06-17T09:41:00,77007.53,77035.5,76998.13,77028.83,31861
1781669520,2026-06-17T09:42:00,77027.24,77037.59,77020.3,77030.45,46084
1781669580,2026-06-17T09:43:00,77030.25,77041.64,77020.15,77034.36,24690
1781669640,2026-06-17T09:44:00,77034.5,77053.93,77031.16,77051.98,65263
1781669700,2026-06-17T09:45:00,77050.01,77068.28,77048.6,77066.03,49905
1781669760,2026-06-17T09:46:00,77059.95,77074.96,77054.57,77067.61,38124
1781669820,2026-06-17T09:47:00,77065.83,77068.48,77049.06,77050.57,45572
1781669880,2026-06-17T09:48:00,77040.42,77059.21,77031.53,77059.21,30694
1781669940,2026-06-17T09:49:00,77057.55,77077.93,77050.19,77071.53,41514
1781670000,2026-06-17T09:50:00,77070.08,77071.7,77045.41,77052.52,51873
1781670060,2026-06-17T09:51:00,77051.46,77061.95,77049.31,77061.95,27935
1781670120,2026-06-17T09:52:00,77063.1,77073.68,77055.13,77068.59,17910
1781670180,2026-06-17T09:53:00,77062.75,77080.35,77060.5,77067.15,26586
1781670240,2026-06-17T09:54:00,77069.56,77073.29,77062.53,77068.71,17668
1781670300,2026-06-17T09:55:00,77068.69,77079.23,77051.69,77055.47,37131
1781670360,2026-06-17T09:56:00,77057.68,77070.53,77046.49,77063.03,22877
1781670420,2026-06-17T09:57:00,77063.22,77071.42,77055.39,77066.93,13849
1781670480,2026-06-17T09:58:00,77067.38,77089.2,77064.06,77085.68,26591
1781670540,2026-06-17T09:59:00,77090.83,77093.09,77080.91,77086.5,26197
1781670600,2026-06-17T10:00:00,77087.4,77087.83,77067.17,77070.58,21826
1781670660,2026-06-17T10:01:00,77068.83,77068.83,77046.38,77049.39,39217
1781670720,2026-06-17T10:02:00,77047.19,77053.21,77032.86,77041.79,14940
1781670780,2026-06-17T10:03:00,77040.1,77050.11,77030.92,77031.18,32222
1781670840,2026-06-17T10:04:00,77031.18,77034.86,77018.15,77019.68,18297
1781670900,2026-06-17T10:05:00,77021.48,77029.09,77013.27,77015.35,15941
1781670960,2026-06-17T10:06:00,77015.5,77034.34,77010.4,77034.34,14547
1781671020,2026-06-17T10:07:00,77033.59,77041.17,77024.26,77039.47,11925
1781671080,2026-06-17T10:08:00,77039.47,77069.02,77038.02,77068.71,10143
1781671140,2026-06-17T10:09:00,77069.33,77080.87,77064.53,77076.13,756701
1781671200,2026-06-17T10:10:00,77076.34,77079.85,77061.98,77069.62,15815
1781671260,2026-06-17T10:11:00,77070.07,77079.18,77060.24,77069.55,18344
1781671320,2026-06-17T10:12:00,77070.37,77076.67,77056.93,77059.13,25006
1781671380,2026-06-17T10:13:00,77059.26,77063.38,77032.8,77035.4,2020867
1781671440,2026-06-17T10:14:00,77034.27,77044.02,77015.77,77021.96,9474
1781671500,2026-06-17T10:15:00,77021.48,77037.87,77011.79,77037.87,464186
1781671560,2026-06-17T10:16:00,77037.68,77059.06,77037.3,77050.84,26009
1781671620,2026-06-17T10:17:00,77048.77,77070.11,77047.95,77067.17,24134
1781671680,2026-06-17T10:18:00,77061.71,77071.94,77052.33,77065.14,16036
1781671740,2026-06-17T10:19:00,77069.41,77085.14,77066.74,77082.66,60904
1781671800,2026-06-17T10:20:00,77082.65,77094.91,77071.45,77086.92,30121
1781671860,2026-06-17T10:21:00,77082.56,77096.72,77079.05,77085.16,28553
1781671920,2026-06-17T10:22:00,77080.85,77107.12,77080.02,77093.99,51654
1781671980,2026-06-17T10:23:00,77094.14,77113.89,77093.09,77113.89,22149
1781672040,2026-06-17T10:24:00,77108.85,77128.84,77097.04,77125.12,36782
1781672100,2026-06-17T10:25:00,77115.84,77132.14,77115.84,77127.86,27378
1781672160,2026-06-17T10:26:00,77129.15,77134.72,77114.19,77114.19,86151
1781672220,2026-06-17T10:27:00,77114.53,77124.43,77107.89,77109.32,20435
1781672280,2026-06-17T10:28:00,77110.73,77115.71,77093.27,77093.27,16185
1781672340,2026-06-17T10:29:00,77089.94,77100.76,77077.73,77089.11,21499
1781672400,2026-06-17T10:30:00,77080.47,77101.04,77080.47,77098.32,43852
1781672460,2026-06-17T10:31:00,77098.48,77098.48,77073.39,77073.39,15915
1781672520,2026-06-17T10:32:00,77076.61,77080.45,77064.79,77075.34,18843
1781672580,2026-06-17T10:33:00,77077.27,77079.86,77064.38,77065.53,17229
1781672640,2026-06-17T10:34:00,77065.53,77106.08,77065.53,77100.52,29750
1781672700,2026-06-17T10:35:00,77104.96,77126.44,77104.71,77124.39,46906
1781672760,2026-06-17T10:36:00,77124.05,77126.18,77102.73,77102.73,22937
1781672820,2026-06-17T10:37:00,77103.95,77126.04,77103.34,77119.56,24021
1781672880,2026-06-17T10:38:00,77121.59,77133.5,77113.04,77113.67,24992
1781672940,2026-06-17T10:39:00,77114.32,77128.75,77108.97,77110.15,13421
1781673000,2026-06-17T10:40:00,77110.15,77118.09,77103.92,77113.61,12855
1781673060,2026-06-17T10:41:00,77119.88,77140.82,77117.18,77140.82,38133
1781673120,2026-06-17T10:42:00,77138.84,77140.67,77118.0,77136.91,16576
1781673180,2026-06-17T10:43:00,77137.9,77139.92,77116.7,77119.8,20603
1781673240,2026-06-17T10:44:00,77120.24,77132.14,77115.93,77120.49,13279
1781673300,2026-06-17T10:45:00,77121.26,77130.88,77119.12,77123.27,26848
1781673360,2026-06-17T10:46:00,77123.24,77137.19,77118.03,77135.42,12944
1781673420,2026-06-17T10:47:00,77128.25,77132.2,77119.21,77122.04,28296
1781673480,2026-06-17T10:48:00,77121.66,77121.82,77087.41,77109.91,18086
1781673540,2026-06-17T10:49:00,77110.46,77116.16,77097.15,77104.75,7439
1781673600,2026-06-17T10:50:00,77107.24,77113.55,77100.24,77100.24,11680
1781673660,2026-06-17T10:51:00,77101.66,77115.26,77098.15,77107.54,20664
1781673720,2026-06-17T10:52:00,77109.58,77133.24,77106.36,77133.24,27008
1781673780,2026-06-17T10:53:00,77132.5,77136.55,77125.55,77130.8,29474
1781673840,2026-06-17T10:54:00,77132.43,77132.43,77123.15,77127.01,10517
1781673900,2026-06-17T10:55:00,77129.28,77174.04,77129.28,77170.91,21969
1781673960,2026-06-17T10:56:00,77173.01,77176.51,77159.12,77161.39,212534
1781674020,2026-06-17T10:57:00,77161.97,77163.45,77151.17,77152.7,13849
1781674080,2026-06-17T10:58:00,77145.46,77153.41,77116.74,77127.35,134795
1781674140,2026-06-17T10:59:00,77128.98,77132.45,77118.88,77123.77,6871
1781674200,2026-06-17T11:00:00,77125.1,77130.75,77115.54,77117.05,24417
1781674260,2026-06-17T11:01:00,77117.56,77121.59,77095.78,77103.11,18207
1781674320,2026-06-17T11:02:00,77103.07,77108.65,77095.96,77108.65,16953
1781674380,2026-06-17T11:03:00,77110.16,77112.56,77091.83,77098.64,98060
1781674440,2026-06-17T11:04:00,77096.52,77104.26,77092.08,77099.62,7846
1781674500,2026-06-17T11:05:00,77093.83,77109.63,77083.76,77102.85,23848
1781674560,2026-06-17T11:06:00,77102.85,77103.21,77085.94,77099.2,16890
1781674620,2026-06-17T11:07:00,77101.7,77111.76,77096.59,77109.29,18130
1781674680,2026-06-17T11:08:00,77109.29,77110.12,77091.42,77093.31,15157
1781674740,2026-06-17T11:09:00,77092.59,77102.31,77082.73,77083.08,20863
1781674800,2026-06-17T11:10:00,77083.08,77093.31,77061.51,77085.41,18499
1781674860,2026-06-17T11:11:00,77084.88,77090.64,77077.52,77082.26,20858
1781674920,2026-06-17T11:12:00,77081.23,77099.36,77075.19,77098.75,16136
1781674980,2026-06-17T11:13:00,77099.52,77102.15,77089.5,77096.27,18247
1781675040,2026-06-17T11:14:00,77096.17,77119.05,77094.63,77112.76,9858
1781675100,2026-06-17T11:15:00,77111.6,77150.82,77110.52,77139.66,29927
1781675160,2026-06-17T11:16:00,77136.89,77136.89,77104.88,77115.95,26834
1781675220,2026-06-17T11:17:00,77115.35,77120.77,77101.74,77114.95,12391
1781675280,2026-06-17T11:18:00,77107.73,77119.13,77107.22,77113.08,8422
1781675340,2026-06-17T11:19:00,77110.7,77143.95,77110.26,77142.5,12388
1781675400,2026-06-17T11:20:00,77140.47,77155.2,77134.47,77143.98,12080
1781675460,2026-06-17T11:21:00,77144.97,77154.94,77137.5,77145.23,10773
1781675520,2026-06-17T11:22:00,77146.41,77148.73,77138.24,77148.53,11980
1781675580,2026-06-17T11:23:00,77148.34,77157.12,77145.01,77150.75,11427
1781675640,2026-06-17T11:24:00,77151.18,77154.12,77132.17,77141.42,9272
1781675700,2026-06-17T11:25:00,77139.69,77146.12,77133.26,77139.24,12048
1781675760,2026-06-17T11:26:00,77139.09,77147.95,77126.48,77126.48,35879
1781675820,2026-06-17T11:27:00,77125.18,77146.86,77120.59,77130.05,18019
1781675880,2026-06-17T11:28:00,77130.62,77146.28,77126.56,77138.0,8397
1781675940,2026-06-17T11:29:00,77136.14,77159.25,77136.09,77159.14,15227
1781676000,2026-06-17T11:30:00,77158.97,77165.98,77148.51,77163.23,14568
1781676060,2026-06-17T11:31:00,77168.48,77194.19,77160.24,77190.95,19605
1781676120,2026-06-17T11:32:00,77190.76,77218.3,77188.89,77216.43,25055
1781676180,2026-06-17T11:33:00,77217.34,77218.99,77193.22,77193.79,24549
1781676240,2026-06-17T11:34:00,77192.13,77195.35,77174.41,77175.53,13146
1781676300,2026-06-17T11:35:00,77175.16,77180.13,77164.05,77166.68,30169
1781676360,2026-06-17T11:36:00,77167.6,77172.15,77148.53,77155.37,9213
1781676420,2026-06-17T11:37:00,77155.37,77156.96,77135.61,77145.23,23887
1781676480,2026-06-17T11:38:00,77146.02,77153.98,77133.26,77136.56,13770
1781676540,2026-06-17T11:39:00,77137.9,77137.9,77107.18,77107.18,13116
1781676600,2026-06-17T11:40:00,77107.18,77109.87,77081.73,77096.37,9648
1781676660,2026-06-17T11:41:00,77094.63,77127.49,77094.63,77127.49,14279
1781676720,2026-06-17T11:42:00,77125.8,77151.25,77110.63,77151.25,35284
1781676780,2026-06-17T11:43:00,77144.03,77154.91,77137.22,77153.06,31869
1781676840,2026-06-17T11:44:00,77153.06,77153.06,77139.35,77151.8,7828
1781676900,2026-06-17T11:45:00,77151.68,77151.68,77136.16,77142.81,27482
1781676960,2026-06-17T11:46:00,77143.17,77151.27,77132.77,77148.26,8991
1781677020,2026-06-17T11:47:00,77147.64,77147.64,77119.53,77122.45,9625
1781677080,2026-06-17T11:48:00,77121.38,77122.55,77112.65,77119.66,9891
1781677140,2026-06-17T11:49:00,77118.9,77121.31,77104.9,77107.32,7396
1781677200,2026-06-17T11:50:00,77107.36,77121.35,77107.15,77109.88,7443
1781677260,2026-06-17T11:51:00,77110.31,77114.42,77100.86,77100.86,19551
1781677320,2026-06-17T11:52:00,77104.33,77119.76,77102.43,77119.3,23394
1781677380,2026-06-17T11:53:00,77119.61,77120.37,77103.16,77109.91,15871
1781677440,2026-06-17T11:54:00,77109.37,77110.73,77087.97,77087.97,31688
1781677500,2026-06-17T11:55:00,77095.37,77113.73,77076.73,77112.77,23906
1781677560,2026-06-17T11:56:00,77108.98,77116.27,77095.5,77104.94,17063
1781677620,2026-06-17T11:57:00,77106.38,77113.89,77087.25,77089.27,12209
1781677680,2026-06-17T11:58:00,77087.05,77088.87,77074.33,77076.98,7892
1781677740,2026-06-17T11:59:00,77076.98,77086.13,77063.71,77068.06,9243
1781677800,2026-06-17T12:00:00,77070.67,77080.07,77045.59,77048.97,42855
1781677860,2026-06-17T12:01:00,77051.61,77060.11,77044.26,77050.22,14176
1781677920,2026-06-17T12:02:00,77054.33,77069.27,77037.68,77069.27,34583
1781677980,2026-06-17T12:03:00,77072.01,77072.01,77041.21,77045.55,21848
1781678040,2026-06-17T12:04:00,77041.9,77094.61,77041.81,77087.42,18442
1781678100,2026-06-17T12:05:00,77088.76,77089.26,77068.94,77078.72,19805
1781678160,2026-06-17T12:06:00,77078.72,77085.08,77058.81,77067.02,46333
1781678220,2026-06-17T12:07:00,77067.63,77085.82,77058.4,77085.82,19149
1781678280,2026-06-17T12:08:00,77081.56,77099.68,77074.07,77085.39,16605
1781678340,2026-06-17T12:09:00,77087.39,77089.0,77067.35,77068.35,6768
1781678400,2026-06-17T12:10:00,77066.72,77076.41,77062.48,77062.48,8173
1781678460,2026-06-17T12:11:00,77063.67,77072.84,77059.63,77067.46,14876
1781678520,2026-06-17T12:12:00,77067.46,77069.64,77043.26,77049.82,15095
1781678580,2026-06-17T12:13:00,77049.47,77053.7,77036.95,77047.69,70615
1781678640,2026-06-17T12:14:00,77046.28,77053.62,77035.08,77040.25,7550
1781678700,2026-06-17T12:15:00,77041.77,77047.94,77031.86,77047.94,7191
1781678760,2026-06-17T12:16:00,77047.34,77047.34,77008.59,77012.35,12459
1781678820,2026-06-17T12:17:00,77013.67,77037.89,77008.22,77037.89,24662
1781678880,2026-06-17T12:18:00,77038.47,77040.92,77025.01,77039.27,51914
1781678940,2026-06-17T12:19:00,77038.92,77055.46,77036.22,77052.74,35015
1781679000,2026-06-17T12:20:00,77053.09,77057.14,77039.71,77051.5,83637
1781679060,2026-06-17T12:21:00,77052.27,77052.45,77027.66,77032.4,40239
1781679120,2026-06-17T12:22:00,77031.13,77045.73,77030.23,77041.35,12245
1781679180,2026-06-17T12:23:00,77040.89,77045.05,77031.72,77034.28,19604
1781679240,2026-06-17T12:24:00,77034.28,77039.11,77007.52,77008.29,39118
1781679300,2026-06-17T12:25:00,77009.15,77019.01,76986.91,76991.46,26314
1781679360,2026-06-17T12:26:00,76986.82,76992.47,76976.04,76987.57,24932
1781679420,2026-06-17T12:27:00,76987.26,76999.42,76980.25,76996.18,11649
1781679480,2026-06-17T12:28:00,76996.18,77022.17,76996.18,77017.81,20199
1781679540,2026-06-17T12:29:00,77021.45,77041.14,77002.08,77022.75,35248
1781679600,2026-06-17T12:30:00,77023.89,77023.89,77003.2,77007.12,10063
1781679660,2026-06-17T12:31:00,77007.12,77011.24,76992.83,77005.09,9524
1781679720,2026-06-17T12:32:00,77001.62,77008.08,76989.41,76994.82,16198
1781679780,2026-06-17T12:33:00,76998.13,77014.02,76998.13,77003.61,10025
1781679840,2026-06-17T12:34:00,77007.49,77023.99,76999.5,77023.99,29893
1781679900,2026-06-17T12:35:00,77024.98,77036.47,77001.23,77010.53,41640
1781679960,2026-06-17T12:36:00,77010.53,77019.97,76971.47,76971.9,57040
1781680020,2026-06-17T12:37:00,76973.47,76998.76,76967.64,76998.76,13732
1781680080,2026-06-17T12:38:00,76996.43,76999.64,76982.05,76987.77,9418
1781680140,2026-06-17T12:39:00,76985.85,76997.29,76985.66,76987.09,8044
1781680200,2026-06-17T12:40:00,76986.7,76995.39,76984.11,76992.2,3721
1781680260,2026-06-17T12:41:00,76992.85,77025.14,76990.67,77022.52,40251
1781680320,2026-06-17T12:42:00,77023.79,77036.42,77023.49,77031.77,22659
1781680380,2026-06-17T12:43:00,77030.72,77036.17,77009.97,77027.43,46740
1781680440,2026-06-17T12:44:00,77027.31,77045.98,77009.95,77009.95,40773
1781680500,2026-06-17T12:45:00,77010.84,77040.98,77008.98,77036.29,38108
1781680560,2026-06-17T12:46:00,77032.66,77055.53,77031.02,77049.53,18153
1781680620,2026-06-17T12:47:00,77050.46,77050.66,77024.45,77027.5,8513
1781680680,2026-06-17T12:48:00,77027.5,77037.46,77016.71,77022.54,16382
1781680740,2026-06-17T12:49:00,77021.2,77034.98,77017.21,77028.69,6585
1781680800,2026-06-17T12:50:00,77028.69,77038.61,77018.5,77027.29,8585
1781680860,2026-06-17T12:51:00,77026.87,77026.87,77008.98,77017.01,13050
1781680920,2026-06-17T12:52:00,77018.22,77021.12,77006.42,77007.89,10792
1781680980,2026-06-17T12:53:00,77007.69,77007.69,76995.51,77000.42,12736
1781681040,2026-06-17T12:54:00,76999.43,77001.31,76974.15,76974.38,71021
1781681100,2026-06-17T12:55:00,76976.81,77000.9,76973.3,76978.33,30015
1781681160,2026-06-17T12:56:00,76978.33,76982.51,76966.66,76980.22,8965
1781681220,2026-06-17T12:57:00,76980.22,76987.55,76977.24,76985.89,10376
1781681280,2026-06-17T12:58:00,76985.72,76992.33,76974.55,76977.48,7980
1781681340,2026-06-17T12:59:00,76976.88,76985.56,76972.86,76977.45,7008
1781681400,2026-06-17T13:00:00,76977.6,76978.81,76961.16,76970.49,41724
1781681460,2026-06-17T13:01:00,76974.36,76974.36,76955.63,76967.56,14280
1781681520,2026-06-17T13:02:00,76968.56,76983.51,76967.19,76974.87,17730
1781681580,2026-06-17T13:03:00,76973.72,76988.0,76973.72,76985.62,9374
1781681640,2026-06-17T13:04:00,76984.06,77001.44,76984.06,76996.59,14649
1781681700,2026-06-17T13:05:00,76997.12,77006.39,76991.44,76991.44,10942
1781681760,2026-06-17T13:06:00,76991.8,76997.62,76986.67,76988.66,17435
1781681820,2026-06-17T13:07:00,76990.48,76992.26,76971.74,76971.74,11410
1781681880,2026-06-17T13:08:00,76972.26,76975.53,76954.59,76954.59,22329
1781681940,2026-06-17T13:09:00,76954.59,76954.94,76935.42,76935.42,10997
1781682000,2026-06-17T13:10:00,76934.5,76952.85,76918.58,76945.25,45248
1781682060,2026-06-17T13:11:00,76945.23,76945.23,76931.5,76941.26,28365
1781682120,2026-06-17T13:12:00,76943.12,76944.73,76925.85,76926.67,7634
1781682180,2026-06-17T13:13:00,76925.94,76928.88,76922.2,76923.11,12263
1781682240,2026-06-17T13:14:00,76918.65,76921.44,76915.35,76919.55,14484
1781682300,2026-06-17T13:15:00,76918.26,76919.3,76900.54,76914.4,24488
1781682360,2026-06-17T13:16:00,76914.23,76955.41,76914.23,76955.41,12272
1781682420,2026-06-17T13:17:00,76955.41,76971.64,76947.78,76954.51,10890
1781682480,2026-06-17T13:18:00,76955.96,76965.52,76953.2,76953.2,19469
1781682540,2026-06-17T13:19:00,76953.2,76968.74,76949.31,76953.89,12556
1781682600,2026-06-17T13:20:00,76954.0,76970.34,76949.59,76970.34,14564
1781682660,2026-06-17T13:21:00,76971.31,76982.63,76966.17,76979.42,5335
1781682720,2026-06-17T13:22:00,76978.93,76989.56,76975.57,76986.32,7166
1781682780,2026-06-17T13:23:00,76988.37,77001.77,76985.6,76987.13,24996
1781682840,2026-06-17T13:24:00,76987.13,76997.19,76983.21,76989.73,530032
1781682900,2026-06-17T13:25:00,76988.78,77004.43,76979.46,76992.6,41529
1781682960,2026-06-17T13:26:00,76997.99,77003.71,76986.27,77003.24,15779
1781683020,2026-06-17T13:27:00,77001.98,77001.98,76988.37,76993.18,292903
1781683080,2026-06-17T13:28:00,76994.76,77000.43,76972.7,76978.62,45331
1781683140,2026-06-17T13:29:00,76978.91,77002.55,76978.85,76984.87,13075
1781683200,2026-06-17T13:30:00,76988.36,76992.5,76979.31,76990.77,29983
1781683260,2026-06-17T13:31:00,76990.69,76991.28,76979.5,76984.5,7055
1781683320,2026-06-17T13:32:00,76983.92,76990.28,76982.66,76983.7,8736
1781683380,2026-06-17T13:33:00,76984.71,76989.18,76983.08,76983.53,6987
1781683440,2026-06-17T13:34:00,76984.61,77012.02,76983.89,77012.02,13554
1781683500,2026-06-17T13:35:00,77012.02,77024.66,77005.61,77024.66,13077
1781683560,2026-06-17T13:36:00,77023.36,77043.93,77019.06,77029.72,37191
1781683620,2026-06-17T13:37:00,77032.55,77039.66,77019.42,77038.51,52548
1781683680,2026-06-17T13:38:00,77036.53,77038.71,77026.57,77032.96,4880
1781683740,2026-06-17T13:39:00,77034.29,77060.99,77034.29,77053.78,14178
1781683800,2026-06-17T13:40:00,77051.88,77054.78,77031.81,77033.31,8408
1781683860,2026-06-17T13:41:00,77032.53,77034.91,77022.43,77025.55,9955
1781683920,2026-06-17T13:42:00,77025.55,77035.89,77020.17,77030.91,35526
1781683980,2026-06-17T13:43:00,77033.64,77043.74,77030.8,77041.31,26711
1781684040,2026-06-17T13:44:00,77041.31,77044.89,77027.59,77031.39,70858
1781684100,2026-06-17T13:45:00,77031.39,77043.23,77027.74,77042.05,1517725
1781684160,2026-06-17T13:46:00,77042.05,77044.77,77037.46,77038.78,50137
1781684220,2026-06-17T13:47:00,77040.16,77045.03,77035.12,77043.28,10948
1781684280,2026-06-17T13:48:00,77043.45,77046.74,77033.65,77035.63,9724
1781684340,2026-06-17T13:49:00,77034.39,77055.47,77027.34,77054.63,31645
1781684400,2026-06-17T13:50:00,77049.6,77060.05,77012.11,77012.11,57821
1781684460,2026-06-17T13:51:00,77008.3,77009.75,76983.39,76996.37,57814
1781684520,2026-06-17T13:52:00,76999.94,77029.86,76989.04,77028.89,23038
1781684580,2026-06-17T13:53:00,77028.86,77045.62,77019.8,77043.39,28378
1781684640,2026-06-17T13:54:00,77043.39,77047.13,77033.57,77039.58,12402
1781684700,2026-06-17T13:55:00,77039.58,77045.22,77029.45,77031.72,7020
1781684760,2026-06-17T13:56:00,77032.32,77045.69,77027.87,77042.65,21967
1781684820,2026-06-17T13:57:00,77042.62,77050.29,77040.51,77050.29,38664
1781684880,2026-06-17T13:58:00,77050.64,77054.08,77039.87,77050.16,315860
1781684940,2026-06-17T13:59:00,77050.16,77058.97,77050.16,77052.02,20576
1781685000,2026-06-17T14:00:00,77050.8,77068.1,77046.87,77066.38,25980
1781685060,2026-06-17T14:01:00,77066.38,77068.65,77047.43,77056.67,31199
1781685120,2026-06-17T14:02:00,77055.44,77062.39,77048.73,77061.48,34815
1781685180,2026-06-17T14:03:00,77060.61,77073.35,77055.01,77073.35,12426
1781685240,2026-06-17T14:04:00,77071.4,77073.18,77053.7,77064.37,93508
1781685300,2026-06-17T14:05:00,77064.37,77067.79,77049.83,77055.76,17142
1781685360,2026-06-17T14:06:00,77056.09,77060.38,77042.07,77049.45,35246
1781685420,2026-06-17T14:07:00,77045.88,77051.75,77038.21,77043.16,11218
1781685480,2026-06-17T14:08:00,77042.42,77056.57,77036.38,77053.96,25405
1781685540,2026-06-17T14:09:00,77055.11,77057.73,77033.96,77038.79,12837
1781685600,2026-06-17T14:10:00,77037.62,77042.48,77029.15,77033.58,46102
1781685660,2026-06-17T14:11:00,77033.45,77035.14,77016.72,77023.49,56127
1781685720,2026-06-17T14:12:00,77024.07,77045.42,77022.07,77040.18,17453
1781685780,2026-06-17T14:13:00,77036.33,77058.82,77036.33,77051.51,19073
1781685840,2026-06-17T14:14:00,77054.41,77059.6,77047.31,77048.72,15831
1781685900,2026-06-17T14:15:00,77049.25,77058.67,77036.82,77050.89,30359
1781685960,2026-06-17T14:16:00,77052.94,77054.59,77030.24,77033.38,14353
1781686020,2026-06-17T14:17:00,77028.31,77028.31,77010.37,77013.93,11247
1781686080,2026-06-17T14:18:00,77013.93,77042.51,77013.93,77042.46,7078
1781686140,2026-06-17T14:19:00,77042.16,77051.41,77041.29,77048.63,16456
1781686200,2026-06-17T14:20:00,77048.63,77049.96,77030.34,77043.36,14642
1781686260,2026-06-17T14:21:00,77045.23,77045.86,77026.32,77028.43,15292
1781686320,2026-06-17T14:22:00,77028.43,77037.96,77025.29,77032.68,36192
1781686380,2026-06-17T14:23:00,77033.22,77044.55,77026.08,77030.92,8721
1781686440,2026-06-17T14:24:00,77030.9,77034.29,77017.58,77032.95,23157
1781686500,2026-06-17T14:25:00,77032.95,77032.95,76997.4,77007.67,19588
1781686560,2026-06-17T14:26:00,77006.76,77006.76,76976.4,76980.1,9617
1781686620,2026-06-17T14:27:00,76979.0,76993.96,76977.95,76986.57,4198
1781686680,2026-06-17T14:28:00,76987.27,76987.27,76972.46,76982.9,11785
1781686740,2026-06-17T14:29:00,76980.8,76990.86,76976.31,76978.58,12681
1781686800,2026-06-17T14:30:00,76976.64,76979.52,76952.26,76953.28,18783
1781686860,2026-06-17T14:31:00,76954.92,77011.39,76954.92,77007.09,30137
1781686920,2026-06-17T14:32:00,77001.52,77002.37,76989.82,77000.33,1404263
1781686980,2026-06-17T14:33:00,76999.59,77000.69,76982.7,76987.93,38735
1781687040,2026-06-17T14:34:00,76986.89,76991.43,76981.65,76987.15,18350
1781687100,2026-06-17T14:35:00,76989.09,77006.23,76977.68,77006.23,39856
1781687160,2026-06-17T14:36:00,77004.91,77024.22,76995.14,77022.28,22810
1781687220,2026-06-17T14:37:00,77018.16,77045.51,77012.91,77043.22,22406
1781687280,2026-06-17T14:38:00,77044.22,77055.78,77035.78,77055.78,13953
1781687340,2026-06-17T14:39:00,77055.78,77055.78,77035.27,77047.32,10767
1781687400,2026-06-17T14:40:00,77046.74,77048.22,77025.47,77029.7,14466
1781687460,2026-06-17T14:41:00,77032.93,77035.59,77025.72,77025.72,15139
1781687520,2026-06-17T14:42:00,77025.27,77040.69,77021.21,77023.79,9634
1781687580,2026-06-17T14:43:00,77025.72,77033.6,77017.59,77030.76,27805
1781687640,2026-06-17T14:44:00,77026.25,77047.64,77026.25,77036.28,20965
1781687700,2026-06-17T14:45:00,77035.92,77037.37,77028.91,77034.13,22248
1781687760,2026-06-17T14:46:00,77033.62,77045.22,77031.76,77037.87,20316
1781687820,2026-06-17T14:47:00,77039.06,77052.05,77037.97,77042.76,25367
1781687880,2026-06-17T14:48:00,77046.15,77050.84,77034.63,77040.07,17562
1781687940,2026-06-17T14:49:00,77040.59,77045.42,77025.83,77035.86,12094
1781688000,2026-06-17T14:50:00,77039.01,77050.85,77031.84,77044.01,17163
1781688060,2026-06-17T14:51:00,77045.93,77045.93,77024.23,77031.22,19830
1781688120,2026-06-17T14:52:00,77028.36,77028.36,77003.14,77006.96,12782
1781688180,2026-06-17T14:53:00,77002.42,77022.86,76988.04,77022.86,20274
1781688240,2026-06-17T14:54:00,77026.27,77056.38,77026.27,77053.28,18101
1781688300,2026-06-17T14:55:00,77050.81,77050.81,77035.72,77038.99,18440
1781688360,2026-06-17T14:56:00,77039.17,77046.32,77032.61,77040.05,28553
1781688420,2026-06-17T14:57:00,77041.28,77065.93,77037.85,77065.93,35056
1781688480,2026-06-17T14:58:00,77062.1,77097.57,77061.65,77097.57,46226
1781688540,2026-06-17T14:59:00,77098.21,77130.07,77096.53,77130.07,48145
1781688600,2026-06-17T15:00:00,77127.95,77150.65,77114.52,77147.83,50767
1781688660,2026-06-17T15:01:00,77144.36,77165.56,77144.36,77158.56,37584
1781688720,2026-06-17T15:02:00,77159.61,77187.5,77159.61,77187.18,41365
1781688780,2026-06-17T15:03:00,77190.37,77195.89,77171.61,77179.16,42208
1781688840,2026-06-17T15:04:00,77178.9,77191.73,77173.35,77173.35,30707
1781688900,2026-06-17T15:05:00,77177.65,77206.86,77169.81,77193.91,62648
1781688960,2026-06-17T15:06:00,77192.8,77192.8,77139.02,77166.36,220800
1781689020,2026-06-17T15:07:00,77165.5,77177.38,77163.68,77169.78,31156
1781689080,2026-06-17T15:08:00,77169.87,77202.39,77169.52,77184.15,35089
1781689140,2026-06-17T15:09:00,77181.23,77197.72,77178.76,77179.67,20726
1781689200,2026-06-17T15:10:00,77184.33,77187.57,77163.58,77169.33,50606
1781689260,2026-06-17T15:11:00,77168.87,77189.71,77166.75,77175.29,20399
1781689320,2026-06-17T15:12:00,77175.78,77178.08,77164.32,77169.47,31750
1781689380,2026-06-17T15:13:00,77170.62,77178.59,77155.43,77168.32,14666
1781689440,2026-06-17T15:14:00,77182.8,77182.8,77151.67,77156.63,36860
1781689500,2026-06-17T15:15:00,77153.9,77163.81,77148.92,77155.99,44906
1781689560,2026-06-17T15:16:00,77156.46,77162.2,77147.6,77152.05,95868
1781689620,2026-06-17T15:17:00,77154.42,77165.08,77149.18,77165.08,31798
1781689680,2026-06-17T15:18:00,77166.35,77171.23,77157.71,77165.94,27323
1781689740,2026-06-17T15:19:00,77165.02,77180.77,77156.06,77179.48,35180
1781689800,2026-06-17T15:20:00,77177.3,77187.84,77172.83,77177.93,19496
1781689860,2026-06-17T15:21:00,77176.97,77184.82,77159.25,77168.41,36407
1781689920,2026-06-17T15:22:00,77166.93,77175.83,77160.45,77174.45,38568
1781689980,2026-06-17T15:23:00,77172.84,77177.94,77164.14,77168.38,35496
1781690040,2026-06-17T15:24:00,77167.19,77167.19,77139.99,77148.49,34634
1781690100,2026-06-17T15:25:00,77151.79,77157.93,77141.83,77144.33,44649
1781690160,2026-06-17T15:26:00,77149.32,77156.31,77136.88,77145.39,36615
1781690220,2026-06-17T15:27:00,77145.33,77147.42,77122.66,77132.14,64715
1781690280,2026-06-17T15:28:00,77132.76,77146.7,77119.02,77137.85,49145
1781690340,2026-06-17T15:29:00,77135.89,77152.27,77109.91,77143.39,57672
1781754300,2026-06-18T09:15:00,77131.66,77281.83,77066.37,77123.35,201377
1781754360,2026-06-18T09:16:00,77104.85,77105.66,77044.39,77067.34,135876
1781754420,2026-06-18T09:17:00,77069.7,77108.81,77057.36,77106.26,79138
1781754480,2026-06-18T09:18:00,77100.46,77151.37,77100.46,77147.69,88853
1781754540,2026-06-18T09:19:00,77147.09,77148.69,77120.02,77120.02,67364
1781754600,2026-06-18T09:20:00,77127.31,77135.68,77103.69,77114.56,42253
1781754660,2026-06-18T09:21:00,77120.35,77121.28,77096.79,77096.79,34335
1781754720,2026-06-18T09:22:00,77093.69,77155.55,77093.69,77148.19,54625
1781754780,2026-06-18T09:23:00,77147.34,77153.34,77127.85,77139.17,56617
1781754840,2026-06-18T09:24:00,77139.68,77150.5,77133.94,77138.45,50067
1781754900,2026-06-18T09:25:00,77139.16,77140.91,77115.35,77119.15,49711
1781754960,2026-06-18T09:26:00,77116.87,77138.13,77116.87,77137.26,59907
1781755020,2026-06-18T09:27:00,77139.93,77154.94,77135.0,77145.83,31352
1781755080,2026-06-18T09:28:00,77139.33,77144.97,77113.54,77117.07,36477
1781755140,2026-06-18T09:29:00,77119.13,77139.58,77117.76,77130.41,34911
1781755200,2026-06-18T09:30:00,77131.22,77157.71,77131.22,77150.37,25554
1781755260,2026-06-18T09:31:00,77148.45,77149.67,77106.57,77110.92,21305
1781755320,2026-06-18T09:32:00,77109.63,77123.18,77092.49,77123.18,43781
1781755380,2026-06-18T09:33:00,77120.46,77124.8,77108.71,77112.79,46913
1781755440,2026-06-18T09:34:00,77114.56,77123.8,77098.02,77099.78,31200
1781755500,2026-06-18T09:35:00,77098.92,77109.4,77069.4,77069.4,38168
1781755560,2026-06-18T09:36:00,77068.48,77091.65,77068.48,77077.76,38835
1781755620,2026-06-18T09:37:00,77078.64,77087.53,77054.96,77086.05,45282
1781755680,2026-06-18T09:38:00,77088.18,77096.87,77073.55,77092.7,35539
1781755740,2026-06-18T09:39:00,77093.58,77110.8,77083.61,77110.2,19280
1781755800,2026-06-18T09:40:00,77118.76,77148.61,77113.36,77148.61,45271
1781755860,2026-06-18T09:41:00,77148.66,77164.45,77145.29,77163.08,36428
1781755920,2026-06-18T09:42:00,77164.83,77212.99,77164.83,77212.75,43710
1781755980,2026-06-18T09:43:00,77219.63,77226.42,77203.08,77209.05,452684
1781756040,2026-06-18T09:44:00,77211.69,77215.22,77197.56,77202.53,47619
1781756100,2026-06-18T09:45:00,77203.66,77216.54,77195.26,77209.83,27323
1781756160,2026-06-18T09:46:00,77210.97,77234.36,77200.49,77224.38,27260
1781756220,2026-06-18T09:47:00,77222.4,77268.66,77221.87,77259.81,65510
1781756280,2026-06-18T09:48:00,77263.09,77283.88,77247.0,77258.77,70864
1781756340,2026-06-18T09:49:00,77259.96,77280.49,77234.81,77268.43,62891
1781756400,2026-06-18T09:50:00,77267.82,77289.09,77262.51,77289.09,39064
1781756460,2026-06-18T09:51:00,77289.09,77289.29,77261.74,77262.74,20791
1781756520,2026-06-18T09:52:00,77260.08,77274.88,77252.33,77256.29,25079
1781756580,2026-06-18T09:53:00,77259.52,77279.54,77249.04,77277.96,22310
1781756640,2026-06-18T09:54:00,77277.85,77305.33,77274.73,77300.53,41276
1781756700,2026-06-18T09:55:00,77297.05,77320.32,77288.56,77288.56,58149
1781756760,2026-06-18T09:56:00,77285.84,77285.84,77254.25,77281.11,36979
1781756820,2026-06-18T09:57:00,77277.9,77298.02,77270.82,77289.66,17915
1781756880,2026-06-18T09:58:00,77290.54,77293.44,77271.69,77271.69,17446
1781756940,2026-06-18T09:59:00,77267.17,77283.51,77245.96,77248.61,16981
1781757000,2026-06-18T10:00:00,77248.4,77256.94,77241.49,77246.01,17671
1781757060,2026-06-18T10:01:00,77246.2,77249.45,77241.19,77241.19,21619
1781757120,2026-06-18T10:02:00,77242.32,77252.49,77219.5,77252.49,24664
1781757180,2026-06-18T10:03:00,77251.84,77255.65,77232.88,77233.77,20100
1781757240,2026-06-18T10:04:00,77235.18,77240.97,77217.53,77227.68,11804
1781757300,2026-06-18T10:05:00,77227.02,77234.92,77223.22,77223.22,10829
1781757360,2026-06-18T10:06:00,77222.96,77229.88,77214.79,77219.25,12196
1781757420,2026-06-18T10:07:00,77220.58,77221.9,77211.64,77216.65,12408
1781757480,2026-06-18T10:08:00,77215.28,77236.25,77213.83,77235.94,19850
1781757540,2026-06-18T10:09:00,77233.61,77255.3,77233.13,77255.3,25797
1781757600,2026-06-18T10:10:00,77256.73,77285.67,77235.5,77250.94,40212
1781757660,2026-06-18T10:11:00,77259.54,77291.64,77252.63,77291.32,20872
1781757720,2026-06-18T10:12:00,77293.72,77304.51,77278.6,77283.94,24780
1781757780,2026-06-18T10:13:00,77284.15,77291.34,77272.62,77275.14,13551
1781757840,2026-06-18T10:14:00,77275.44,77278.99,77259.91,77260.12,19096
1781757900,2026-06-18T10:15:00,77259.28,77275.45,77254.95,77261.57,25706
1781757960,2026-06-18T10:16:00,77261.49,77275.69,77250.4,77265.43,24479
1781758020,2026-06-18T10:17:00,77267.32,77268.47,77252.52,77258.75,9559
1781758080,2026-06-18T10:18:00,77255.53,77256.39,77210.28,77219.41,22777
1781758140,2026-06-18T10:19:00,77214.12,77225.6,77204.06,77224.32,17086
1781758200,2026-06-18T10:20:00,77226.76,77231.63,77218.28,77219.03,15263
1781758260,2026-06-18T10:21:00,77218.19,77226.38,77213.91,77218.66,7561
1781758320,2026-06-18T10:22:00,77219.32,77224.7,77211.51,77218.67,10852
1781758380,2026-06-18T10:23:00,77218.06,77235.09,77216.21,77233.97,9323
1781758440,2026-06-18T10:24:00,77230.38,77234.91,77220.91,77231.96,9900
1781758500,2026-06-18T10:25:00,77234.14,77237.38,77214.45,77219.01,17110
1781758560,2026-06-18T10:26:00,77218.2,77221.78,77209.83,77211.11,28641
1781758620,2026-06-18T10:27:00,77212.35,77230.85,77208.38,77219.73,16065
1781758680,2026-06-18T10:28:00,77215.9,77222.9,77184.83,77219.37,32586
1781758740,2026-06-18T10:29:00,77212.28,77219.47,77201.02,77204.43,14772
1781758800,2026-06-18T10:30:00,77203.33,77210.84,77173.97,77173.97,14769
1781758860,2026-06-18T10:31:00,77173.13,77214.56,77168.53,77197.4,30131
1781758920,2026-06-18T10:32:00,77200.66,77213.56,77197.98,77206.55,10534
1781758980,2026-06-18T10:33:00,77205.35,77211.02,77195.19,77211.02,6530
1781759040,2026-06-18T10:34:00,77206.24,77218.89,77203.04,77205.19,10445
1781759100,2026-06-18T10:35:00,77206.38,77212.97,77182.98,77197.89,23873
1781759160,2026-06-18T10:36:00,77197.94,77205.21,77185.37,77198.6,31210
1781759220,2026-06-18T10:37:00,77198.03,77202.27,77189.7,77197.79,8253
1781759280,2026-06-18T10:38:00,77195.03,77195.03,77143.32,77143.45,42985
1781759340,2026-06-18T10:39:00,77146.83,77150.41,77098.74,77098.74,21574
1781759400,2026-06-18T10:40:00,77097.26,77097.26,77033.74,77054.18,40299
1781759460,2026-06-18T10:41:00,77054.8,77075.67,77051.2,77069.99,9194
1781759520,2026-06-18T10:42:00,77070.29,77073.66,77057.09,77064.7,29120
1781759580,2026-06-18T10:43:00,77062.11,77108.46,77062.07,77106.0,27827
1781759640,2026-06-18T10:44:00,77107.3,77115.56,77076.63,77086.26,30328
1781759700,2026-06-18T10:45:00,77081.78,77111.83,77073.7,77105.04,9159
1781759760,2026-06-18T10:46:00,77105.93,77134.25,77094.94,77094.94,16892
1781759820,2026-06-18T10:47:00,77093.64,77117.72,77090.5,77114.37,8685
1781759880,2026-06-18T10:48:00,77115.53,77126.25,77106.36,77106.36,8167
1781759940,2026-06-18T10:49:00,77106.81,77108.21,77074.54,77078.98,10513
1781760000,2026-06-18T10:50:00,77073.29,77073.29,77049.87,77054.71,14421
1781760060,2026-06-18T10:51:00,77052.34,77109.02,77050.09,77082.6,19859
1781760120,2026-06-18T10:52:00,77084.09,77111.37,77084.09,77109.33,11041
1781760180,2026-06-18T10:53:00,77109.09,77111.86,77100.68,77104.42,7911
1781760240,2026-06-18T10:54:00,77104.27,77130.55,77094.17,77115.63,30720
1781760300,2026-06-18T10:55:00,77115.26,77126.23,77108.42,77126.23,18697
1781760360,2026-06-18T10:56:00,77126.65,77138.94,77126.03,77128.4,12174
1781760420,2026-06-18T10:57:00,77127.92,77127.92,77111.73,77115.74,11175
1781760480,2026-06-18T10:58:00,77115.33,77142.2,77106.26,77142.2,35167
1781760540,2026-06-18T10:59:00,77142.01,77151.14,77125.92,77151.14,30166
1781760600,2026-06-18T11:00:00,77153.15,77155.95,77097.48,77119.09,53905
1781760660,2026-06-18T11:01:00,77118.0,77120.34,77103.55,77103.55,10888
1781760720,2026-06-18T11:02:00,77104.0,77118.37,77103.32,77117.84,11644
1781760780,2026-06-18T11:03:00,77118.49,77122.24,77111.3,77111.85,430915
1781760840,2026-06-18T11:04:00,77117.0,77120.16,77108.76,77111.64,15204
1781760900,2026-06-18T11:05:00,77113.1,77117.19,77088.87,77091.98,14473
1781760960,2026-06-18T11:06:00,77090.57,77112.62,77070.53,77111.4,25429
1781761020,2026-06-18T11:07:00,77111.05,77111.05,77090.7,77094.05,15812
1781761080,2026-06-18T11:08:00,77090.43,77101.46,77087.79,77096.93,10434
1781761140,2026-06-18T11:09:00,77098.13,77113.26,77094.26,77096.38,231189
1781761200,2026-06-18T11:10:00,77095.34,77106.08,77073.79,77090.15,26944
1781761260,2026-06-18T11:11:00,77090.15,77100.01,77087.64,77093.77,10649
1781761320,2026-06-18T11:12:00,77093.51,77096.51,77072.23,77076.2,16167
1781761380,2026-06-18T11:13:00,77070.01,77073.24,77037.24,77037.52,21886
1781761440,2026-06-18T11:14:00,77031.04,77079.54,77029.1,77053.39,66393
1781761500,2026-06-18T11:15:00,77053.39,77055.17,77022.28,77030.48,8896
1781761560,2026-06-18T11:16:00,77031.63,77037.59,76994.4,77022.6,29776
1781761620,2026-06-18T11:17:00,77017.33,77025.36,77007.83,77013.28,38265
1781761680,2026-06-18T11:18:00,77013.08,77028.88,77012.72,77012.72,11712
1781761740,2026-06-18T11:19:00,77013.34,77023.22,77000.33,77003.1,10827
1781761800,2026-06-18T11:20:00,77002.4,77002.4,76953.0,76962.48,19609
1781761860,2026-06-18T11:21:00,76967.27,76999.56,76967.27,76987.11,14096
1781761920,2026-06-18T11:22:00,76990.34,77000.99,76965.26,76965.26,47826
1781761980,2026-06-18T11:23:00,76972.37,77011.76,76972.37,77011.76,18436
1781762040,2026-06-18T11:24:00,77016.03,77027.25,77007.05,77008.81,8302
1781762100,2026-06-18T11:25:00,77011.1,77013.41,77001.46,77008.1,17694
1781762160,2026-06-18T11:26:00,77008.28,77008.28,76973.42,76975.03,26871
1781762220,2026-06-18T11:27:00,76977.13,77014.98,76975.09,77009.63,31099
1781762280,2026-06-18T11:28:00,77005.85,77016.52,77002.63,77015.03,64125
1781762340,2026-06-18T11:29:00,77016.1,77023.57,77015.79,77020.14,16798
1781762400,2026-06-18T11:30:00,77025.49,77029.49,77013.52,77029.49,20623
1781762460,2026-06-18T11:31:00,77029.62,77029.62,77006.77,77012.94,11382
1781762520,2026-06-18T11:32:00,77012.41,77025.95,77008.11,77023.37,16342
1781762580,2026-06-18T11:33:00,77024.56,77056.61,77023.13,77036.23,13265
1781762640,2026-06-18T11:34:00,77037.41,77056.38,77023.79,77051.14,57007
1781762700,2026-06-18T11:35:00,77051.26,77055.19,77030.27,77038.84,41665
1781762760,2026-06-18T11:36:00,77046.05,77051.11,77041.53,77048.49,31371
1781762820,2026-06-18T11:37:00,77048.23,77055.76,76998.52,77000.21,40140
1781762880,2026-06-18T11:38:00,77000.29,77016.31,76997.74,77005.41,16696
1781762940,2026-06-18T11:39:00,77003.54,77023.5,77000.5,77023.5,14440
1781763000,2026-06-18T11:40:00,77023.47,77030.2,77009.68,77023.1,13365
1781763060,2026-06-18T11:41:00,77026.33,77053.6,77018.88,77053.6,28791
1781763120,2026-06-18T11:42:00,77052.73,77052.73,77004.91,77005.2,47682
1781763180,2026-06-18T11:43:00,77002.19,77048.65,76999.41,77048.65,27414
1781763240,2026-06-18T11:44:00,77048.32,77057.86,77042.06,77053.79,26030
1781763300,2026-06-18T11:45:00,77058.75,77096.28,77058.15,77093.62,23078
1781763360,2026-06-18T11:46:00,77092.12,77108.64,77073.3,77073.3,14599
1781763420,2026-06-18T11:47:00,77075.32,77093.58,77047.74,77073.19,29670
1781763480,2026-06-18T11:48:00,77073.73,77080.5,77057.5,77061.74,43903
1781763540,2026-06-18T11:49:00,77064.07,77075.66,77060.77,77061.63,20386
1781763600,2026-06-18T11:50:00,77062.84,77064.2,77027.33,77043.54,39134
1781763660,2026-06-18T11:51:00,77041.15,77047.84,77033.33,77046.08,33833
1781763720,2026-06-18T11:52:00,77045.81,77073.1,77045.08,77047.55,26380
1781763780,2026-06-18T11:53:00,77053.44,77086.55,77048.67,77076.29,36202
1781763840,2026-06-18T11:54:00,77070.92,77074.15,77053.64,77066.27,30595
1781763900,2026-06-18T11:55:00,77066.68,77081.76,77065.67,77069.11,52202
1781763960,2026-06-18T11:56:00,77069.72,77096.32,77060.83,77090.49,398303
1781764020,2026-06-18T11:57:00,77088.85,77092.75,77081.89,77086.68,24897
1781764080,2026-06-18T11:58:00,77088.91,77101.3,77083.79,77098.75,44023
1781764140,2026-06-18T11:59:00,77099.26,77099.26,77060.34,77095.21,44921
1781764200,2026-06-18T12:00:00,77095.21,77129.5,77094.79,77129.09,39927
1781764260,2026-06-18T12:01:00,77126.91,77164.47,77119.39,77126.78,94890
1781764320,2026-06-18T12:02:00,77130.94,77159.59,77130.94,77153.63,27129
1781764380,2026-06-18T12:03:00,77155.12,77171.41,77154.99,77158.21,17365
1781764440,2026-06-18T12:04:00,77152.71,77170.6,77146.83,77170.6,24680
1781764500,2026-06-18T12:05:00,77168.44,77168.44,77156.64,77165.53,24134
1781764560,2026-06-18T12:06:00,77164.59,77167.32,77153.56,77164.94,12368
1781764620,2026-06-18T12:07:00,77163.91,77190.43,77163.91,77180.9,38942
1781764680,2026-06-18T12:08:00,77180.9,77201.22,77180.9,77186.08,20529
1781764740,2026-06-18T12:09:00,77186.24,77195.93,77182.9,77189.04,16611
1781764800,2026-06-18T12:10:00,77189.26,77189.9,77155.51,77161.28,27141
1781764860,2026-06-18T12:11:00,77160.22,77169.54,77152.07,77158.11,15331
1781764920,2026-06-18T12:12:00,77157.51,77162.01,77141.88,77162.01,18672
1781764980,2026-06-18T12:13:00,77160.89,77171.78,77142.41,77171.78,22652
1781765040,2026-06-18T12:14:00,77168.88,77178.06,77157.31,77160.98,20015
1781765100,2026-06-18T12:15:00,77161.35,77167.42,77139.69,77139.76,11429
1781765160,2026-06-18T12:16:00,77139.81,77153.12,77127.71,77139.9,39465
1781765220,2026-06-18T12:17:00,77139.29,77145.23,77134.96,77135.95,29436
1781765280,2026-06-18T12:18:00,77135.8,77181.66,77135.58,77180.28,15599
1781765340,2026-06-18T12:19:00,77180.23,77187.71,77169.83,77184.16,15505
1781765400,2026-06-18T12:20:00,77183.63,77186.12,77177.72,77183.94,5551
1781765460,2026-06-18T12:21:00,77181.21,77186.32,77170.13,77174.58,12656
1781765520,2026-06-18T12:22:00,77174.2,77174.2,77161.48,77164.24,6440
1781765580,2026-06-18T12:23:00,77162.82,77186.84,77162.82,77185.12,30611
1781765640,2026-06-18T12:24:00,77186.88,77212.79,77185.37,77201.73,21575
1781765700,2026-06-18T12:25:00,77204.45,77227.48,77199.56,77217.42,21830
1781765760,2026-06-18T12:26:00,77218.03,77219.61,77192.1,77201.25,21758
1781765820,2026-06-18T12:27:00,77204.55,77227.66,77204.55,77227.66,25949
1781765880,2026-06-18T12:28:00,77228.12,77241.97,77225.26,77237.04,39376
1781765940,2026-06-18T12:29:00,77237.04,77267.21,77237.04,77265.33,19108
1781766000,2026-06-18T12:30:00,77266.24,77302.29,77257.66,77257.66,51237
1781766060,2026-06-18T12:31:00,77261.07,77263.07,77240.04,77244.87,26479
1781766120,2026-06-18T12:32:00,77244.87,77269.94,77233.42,77262.4,14780
1781766180,2026-06-18T12:33:00,77262.97,77304.67,77262.94,77302.05,13956
1781766240,2026-06-18T12:34:00,77302.13,77309.82,77300.17,77309.82,17979
1781766300,2026-06-18T12:35:00,77310.39,77323.75,77274.98,77274.98,45081
1781766360,2026-06-18T12:36:00,77273.64,77281.67,77263.18,77263.18,6584
1781766420,2026-06-18T12:37:00,77262.6,77272.72,77261.88,77268.47,7760
1781766480,2026-06-18T12:38:00,77268.47,77271.65,77257.4,77267.31,8591
1781766540,2026-06-18T12:39:00,77266.42,77278.19,77262.5,77272.29,15472
1781766600,2026-06-18T12:40:00,77272.29,77278.06,77264.53,77277.48,10194
1781766660,2026-06-18T12:41:00,77274.63,77292.94,77274.63,77292.94,15920
1781766720,2026-06-18T12:42:00,77292.94,77303.82,77286.41,77287.35,9980
1781766780,2026-06-18T12:43:00,77288.66,77293.6,77270.37,77283.4,9200
1781766840,2026-06-18T12:44:00,77284.0,77285.9,77270.79,77271.45,6153
1781766900,2026-06-18T12:45:00,77276.36,77285.0,77269.06,77272.84,8274
1781766960,2026-06-18T12:46:00,77272.54,77280.86,77247.51,77256.37,1125127
1781767020,2026-06-18T12:47:00,77255.67,77277.13,77253.26,77266.23,11282
1781767080,2026-06-18T12:48:00,77266.23,77275.05,77260.46,77273.7,16796
1781767140,2026-06-18T12:49:00,77274.3,77277.71,77268.46,77276.13,20229
1781767200,2026-06-18T12:50:00,77275.18,77287.51,77274.6,77281.07,14923
1781767260,2026-06-18T12:51:00,77282.3,77303.18,77282.3,77298.6,23710
1781767320,2026-06-18T12:52:00,77294.87,77337.78,77294.87,77296.67,26385
1781767380,2026-06-18T12:53:00,77293.38,77294.77,77279.2,77291.7,18651
1781767440,2026-06-18T12:54:00,77297.33,77328.98,77292.1,77296.12,15039
1781767500,2026-06-18T12:55:00,77293.02,77307.58,77286.04,77303.24,19369
1781767560,2026-06-18T12:56:00,77304.29,77311.69,77297.7,77301.43,16968
1781767620,2026-06-18T12:57:00,77300.23,77318.73,77300.23,77306.65,16476
1781767680,2026-06-18T12:58:00,77308.33,77334.6,77308.33,77325.16,52077
1781767740,2026-06-18T12:59:00,77324.11,77324.76,77284.14,77297.71,42390
1781767800,2026-06-18T13:00:00,77300.31,77320.94,77281.85,77302.24,44333
1781767860,2026-06-18T13:01:00,77302.59,77302.73,77278.53,77291.69,21923
1781767920,2026-06-18T13:02:00,77292.46,77305.05,77287.72,77300.16,22771
1781767980,2026-06-18T13:03:00,77300.47,77305.59,77293.32,77293.44,8350
1781768040,2026-06-18T13:04:00,77293.49,77307.36,77291.09,77302.93,33482
1781768100,2026-06-18T13:05:00,77304.7,77307.41,77294.43,77294.43,27172
1781768160,2026-06-18T13:06:00,77295.61,77321.47,77261.52,77261.52,41404
1781768220,2026-06-18T13:07:00,77262.39,77305.87,77262.39,77303.73,14126
1781768280,2026-06-18T13:08:00,77303.93,77308.4,77285.3,77304.93,41648
1781768340,2026-06-18T13:09:00,77304.93,77309.56,77297.04,77308.64,17025
1781768400,2026-06-18T13:10:00,77308.38,77308.38,77290.54,77294.93,8779
1781768460,2026-06-18T13:11:00,77299.14,77305.28,77294.29,77305.28,15108
1781768520,2026-06-18T13:12:00,77305.17,77309.55,77291.89,77292.33,15116
1781768580,2026-06-18T13:13:00,77294.52,77304.0,77286.61,77302.51,12334
1781768640,2026-06-18T13:14:00,77303.02,77306.73,77295.89,77306.09,14786
1781768700,2026-06-18T13:15:00,77306.37,77319.0,77287.8,77298.45,81085
1781768760,2026-06-18T13:16:00,77297.47,77311.49,77263.03,77265.25,41536
1781768820,2026-06-18T13:17:00,77302.81,77323.13,77292.35,77294.12,67747
1781768880,2026-06-18T13:18:00,77294.12,77302.55,77246.86,77286.38,69889
1781768940,2026-06-18T13:19:00,77283.93,77284.6,77273.5,77276.19,13390
1781769000,2026-06-18T13:20:00,77275.46,77278.74,77263.94,77278.74,15709
1781769060,2026-06-18T13:21:00,77299.16,77310.98,77259.65,77278.62,119441
1781769120,2026-06-18T13:22:00,77277.5,77301.84,77272.6,77301.67,106785
1781769180,2026-06-18T13:23:00,77302.01,77302.54,77280.71,77286.34,28040
1781769240,2026-06-18T13:24:00,77287.39,77289.09,77267.75,77267.97,11532
1781769300,2026-06-18T13:25:00,77268.45,77270.2,77224.26,77235.56,26071
1781769360,2026-06-18T13:26:00,77235.39,77240.59,77221.75,77238.41,10200
1781769420,2026-06-18T13:27:00,77240.87,77259.99,77238.53,77259.99,8319
1781769480,2026-06-18T13:28:00,77261.67,77278.09,77249.47,77278.09,18824
1781769540,2026-06-18T13:29:00,77279.23,77292.71,77277.42,77287.33,10032
1781769600,2026-06-18T13:30:00,77286.68,77290.23,77255.07,77274.91,17315
1781769660,2026-06-18T13:31:00,77274.22,77290.25,77268.38,77289.85,24980
1781769720,2026-06-18T13:32:00,77293.13,77325.31,77290.52,77325.19,35594
1781769780,2026-06-18T13:33:00,77326.03,77326.03,77291.11,77297.69,25191
1781769840,2026-06-18T13:34:00,77294.44,77300.2,77279.9,77300.2,51674
1781769900,2026-06-18T13:35:00,77299.5,77301.11,77288.96,77292.09,14340
1781769960,2026-06-18T13:36:00,77292.7,77292.7,77280.03,77287.96,7896
1781770020,2026-06-18T13:37:00,77287.96,77294.9,77283.59,77289.47,19802
1781770080,2026-06-18T13:38:00,77287.37,77294.51,77279.57,77279.57,27088
1781770140,2026-06-18T13:39:00,77278.89,77284.86,77273.26,77284.71,26634
1781770200,2026-06-18T13:40:00,77284.53,77290.14,77275.23,77275.37,17759
1781770260,2026-06-18T13:41:00,77275.82,77278.52,77258.11,77268.86,22920
1781770320,2026-06-18T13:42:00,77268.97,77292.51,77262.54,77290.82,13201
1781770380,2026-06-18T13:43:00,77292.48,77302.68,77284.72,77302.24,14652
1781770440,2026-06-18T13:44:00,77301.56,77303.57,77279.64,77279.64,21488
1781770500,2026-06-18T13:45:00,77278.88,77280.26,77270.29,77271.36,12895
1781770560,2026-06-18T13:46:00,77273.73,77287.5,77271.38,77285.57,10534
1781770620,2026-06-18T13:47:00,77283.37,77300.61,77282.31,77298.39,14574
1781770680,2026-06-18T13:48:00,77298.43,77302.41,77284.92,77286.53,14187
1781770740,2026-06-18T13:49:00,77286.02,77286.02,77263.87,77272.07,18009
1781770800,2026-06-18T13:50:00,77272.07,77277.99,77265.89,77276.03,16537
1781770860,2026-06-18T13:51:00,77274.07,77280.42,77268.9,77272.36,13294
1781770920,2026-06-18T13:52:00,77272.95,77296.4,77268.09,77284.64,24756
1781770980,2026-06-18T13:53:00,77284.43,77288.41,77254.92,77265.95,21531
1781771040,2026-06-18T13:54:00,77267.57,77279.01,77265.65,77274.2,13123
1781771100,2026-06-18T13:55:00,77274.2,77278.26,77261.93,77272.96,11229
1781771160,2026-06-18T13:56:00,77273.39,77278.94,77265.82,77276.73,101956
1781771220,2026-06-18T13:57:00,77276.6,77279.85,77260.35,77265.51,11093
1781771280,2026-06-18T13:58:00,77267.28,77272.79,77250.12,77259.96,17192
1781771340,2026-06-18T13:59:00,77259.96,77259.96,77237.22,77248.1,10259
1781771400,2026-06-18T14:00:00,77247.06,77253.06,77241.64,77246.79,7350
1781771460,2026-06-18T14:01:00,77247.55,77247.55,77232.53,77239.21,12702
1781771520,2026-06-18T14:02:00,77235.59,77240.73,77218.81,77240.73,12437
1781771580,2026-06-18T14:03:00,77238.42,77245.33,77229.31,77245.33,10308
1781771640,2026-06-18T14:04:00,77242.82,77249.7,77220.3,77226.24,12581
1781771700,2026-06-18T14:05:00,77226.39,77241.82,77218.64,77232.06,23852
1781771760,2026-06-18T14:06:00,77230.07,77253.98,77229.74,77249.06,11777
1781771820,2026-06-18T14:07:00,77248.45,77249.07,77228.89,77228.89,8469
1781771880,2026-06-18T14:08:00,77228.89,77233.63,77214.58,77221.34,19815
1781771940,2026-06-18T14:09:00,77221.54,77240.46,77212.39,77218.91,63727
1781772000,2026-06-18T14:10:00,77218.3,77232.66,77204.36,77206.14,30297
1781772060,2026-06-18T14:11:00,77208.12,77233.89,77208.12,77233.89,10942
1781772120,2026-06-18T14:12:00,77234.18,77248.51,77227.22,77246.99,12195
1781772180,2026-06-18T14:13:00,77248.02,77252.97,77230.7,77230.7,11937
1781772240,2026-06-18T14:14:00,77231.89,77231.89,77213.98,77217.65,83495
1781772300,2026-06-18T14:15:00,77217.51,77224.37,77205.06,77210.54,7039
1781772360,2026-06-18T14:16:00,77211.1,77212.03,77203.35,77209.28,11757
1781772420,2026-06-18T14:17:00,77208.36,77223.64,77208.36,77216.38,5842
1781772480,2026-06-18T14:18:00,77212.17,77212.17,77189.42,77189.93,7469
1781772540,2026-06-18T14:19:00,77189.93,77210.44,77180.83,77201.96,22466
1781772600,2026-06-18T14:20:00,77204.0,77204.0,77159.81,77159.81,28589
1781772660,2026-06-18T14:21:00,77157.02,77178.09,77148.93,77172.82,34249
1781772720,2026-06-18T14:22:00,77170.93,77184.77,77168.56,77179.9,9706
1781772780,2026-06-18T14:23:00,77179.01,77198.83,77174.31,77198.83,19240
1781772840,2026-06-18T14:24:00,77199.9,77228.55,77197.28,77222.56,42052
1781772900,2026-06-18T14:25:00,77222.83,77242.48,77215.13,77218.86,9532
1781772960,2026-06-18T14:26:00,77218.86,77227.59,77202.96,77202.96,14156
1781773020,2026-06-18T14:27:00,77202.6,77204.24,77170.57,77203.1,33475
1781773080,2026-06-18T14:28:00,77203.48,77203.83,77170.24,77193.05,20653
1781773140,2026-06-18T14:29:00,77192.75,77196.32,77185.81,77191.5,9038
1781773200,2026-06-18T14:30:00,77191.53,77191.53,77133.95,77133.95,37156
1781773260,2026-06-18T14:31:00,77130.79,77163.96,77129.58,77147.74,32169
1781773320,2026-06-18T14:32:00,77148.3,77202.86,77140.12,77149.73,82355
1781773380,2026-06-18T14:33:00,77151.76,77186.07,77151.76,77186.07,10196
1781773440,2026-06-18T14:34:00,77190.23,77203.43,77187.05,77203.06,11709
1781773500,2026-06-18T14:35:00,77204.02,77216.96,77179.84,77182.81,37726
1781773560,2026-06-18T14:36:00,77181.62,77232.85,77174.63,77229.07,12541
1781773620,2026-06-18T14:37:00,77231.08,77243.45,77203.59,77203.59,22340
1781773680,2026-06-18T14:38:00,77202.23,77205.54,77196.76,77199.03,9184
1781773740,2026-06-18T14:39:00,77199.03,77211.74,77179.94,77182.25,17064
1781773800,2026-06-18T14:40:00,77181.96,77221.63,77181.96,77216.85,19543
1781773860,2026-06-18T14:41:00,77215.23,77221.71,77192.37,77203.07,17261
1781773920,2026-06-18T14:42:00,77203.37,77209.05,77185.15,77209.05,20057
1781773980,2026-06-18T14:43:00,77209.36,77212.48,77201.16,77210.47,8506
1781774040,2026-06-18T14:44:00,77212.23,77216.58,77197.63,77206.87,9164
1781774100,2026-06-18T14:45:00,77205.24,77244.86,77196.58,77240.4,84811
1781774160,2026-06-18T14:46:00,77249.15,77257.08,77218.29,77218.29,258862
1781774220,2026-06-18T14:47:00,77216.78,77217.79,77164.28,77193.71,408677
1781774280,2026-06-18T14:48:00,77197.18,77206.46,77197.0,77198.63,15214
1781774340,2026-06-18T14:49:00,77200.36,77201.13,77170.26,77171.85,168736
1781774400,2026-06-18T14:50:00,77171.14,77188.53,77162.94,77188.53,36176
1781774460,2026-06-18T14:51:00,77188.91,77217.5,77188.7,77207.47,12179
1781774520,2026-06-18T14:52:00,77208.65,77242.3,77203.83,77237.7,228218
1781774580,2026-06-18T14:53:00,77239.11,77242.42,77173.44,77195.27,272732
1781774640,2026-06-18T14:54:00,77202.64,77217.84,77199.45,77212.06,14361
1781774700,2026-06-18T14:55:00,77210.55,77214.64,77201.74,77203.3,14113
1781774760,2026-06-18T14:56:00,77204.06,77216.48,77203.77,77207.62,7889
1781774820,2026-06-18T14:57:00,77203.67,77232.21,77202.39,77229.75,20776
1781774880,2026-06-18T14:58:00,77229.99,77240.93,77198.91,77239.05,154439
1781774940,2026-06-18T14:59:00,77240.26,77278.95,77224.86,77278.95,188228
1781775000,2026-06-18T15:00:00,77278.72,77291.17,77247.15,77291.17,44411
1781775060,2026-06-18T15:01:00,77290.22,77323.78,77279.27,77279.27,55363
1781775120,2026-06-18T15:02:00,77277.9,77351.79,77271.64,77347.55,225321
1781775180,2026-06-18T15:03:00,77344.83,77362.88,77336.87,77340.58,91478
1781775240,2026-06-18T15:04:00,77339.27,77377.25,77323.43,77362.14,379690
1781775300,2026-06-18T15:05:00,77362.07,77374.95,77328.9,77361.73,123653
1781775360,2026-06-18T15:06:00,77362.07,77439.83,77362.07,77416.66,661482
1781775420,2026-06-18T15:07:00,77418.28,77433.8,77390.87,77429.55,113072
1781775480,2026-06-18T15:08:00,77429.46,77443.47,77428.09,77439.7,59372
1781775540,2026-06-18T15:09:00,77439.44,77444.57,77430.5,77440.04,26172
1781775600,2026-06-18T15:10:00,77442.91,77472.81,77434.49,77465.13,74273
1781775660,2026-06-18T15:11:00,77468.31,77468.31,77422.26,77423.29,83013
1781775720,2026-06-18T15:12:00,77423.14,77423.14,77360.32,77388.05,1007287
1781775780,2026-06-18T15:13:00,77390.69,77467.23,77390.69,77460.0,69491
1781775840,2026-06-18T15:14:00,77466.6,77492.33,77446.75,77456.21,843556
1781775900,2026-06-18T15:15:00,77449.88,77467.62,77446.07,77449.6,176620
1781775960,2026-06-18T15:16:00,77450.7,77464.21,77447.37,77458.83,36177
1781776020,2026-06-18T15:17:00,77459.41,77461.85,77444.1,77453.89,39265
1781776080,2026-06-18T15:18:00,77456.68,77470.33,77448.24,77470.33,33490
1781776140,2026-06-18T15:19:00,77471.27,77471.27,77447.94,77458.65,22742
1781776200,2026-06-18T15:20:00,77460.28,77471.11,77448.47,77448.47,46790
1781776260,2026-06-18T15:21:00,77439.05,77439.59,77417.16,77431.84,102745
1781776320,2026-06-18T15:22:00,77439.43,77455.72,77435.81,77445.09,32700
1781776380,2026-06-18T15:23:00,77447.04,77468.71,77447.04,77457.19,60503
1781776440,2026-06-18T15:24:00,77459.2,77469.29,77449.13,77453.2,32575
1781776500,2026-06-18T15:25:00,77452.66,77457.08,77436.55,77441.21,40882
1781776560,2026-06-18T15:26:00,77439.73,77457.86,77435.18,77449.85,57610
1781776620,2026-06-18T15:27:00,77445.27,77457.41,77440.77,77444.86,47992
1781776680,2026-06-18T15:28:00,77441.77,77450.23,77431.0,77434.5,26848
1781776740,2026-06-18T15:29:00,77430.01,77453.89,77409.31,77446.28,41613
1781840700,2026-06-19T09:15:00,76852.86,76858.8,76639.12,76655.62,299342
1781840760,2026-06-19T09:16:00,76658.22,76692.01,76605.24,76691.02,226013
1781840820,2026-06-19T09:17:00,76699.26,76734.01,76669.68,76734.01,197370
1781840880,2026-06-19T09:18:00,76736.83,76736.83,76676.91,76724.75,137128
1781840940,2026-06-19T09:19:00,76713.43,76734.45,76691.37,76728.29,121442
1781841000,2026-06-19T09:20:00,76730.29,76730.29,76694.97,76714.41,92670
1781841060,2026-06-19T09:21:00,76715.58,76721.7,76696.58,76702.08,89269
1781841120,2026-06-19T09:22:00,76702.73,76715.05,76675.67,76679.17,61937
1781841180,2026-06-19T09:23:00,76679.93,76709.59,76676.7,76685.87,599912
1781841240,2026-06-19T09:24:00,76682.76,76690.08,76661.51,76664.47,74177
1781841300,2026-06-19T09:25:00,76660.81,76666.57,76616.03,76625.72,92591
1781841360,2026-06-19T09:26:00,76631.03,76653.49,76609.83,76646.07,78985
1781841420,2026-06-19T09:27:00,76645.03,76660.05,76630.57,76634.94,66486
1781841480,2026-06-19T09:28:00,76635.99,76648.93,76622.92,76646.16,53217
1781841540,2026-06-19T09:29:00,76641.57,76653.54,76632.95,76638.7,60253
1781841600,2026-06-19T09:30:00,76632.22,76632.22,76582.11,76595.84,75641
1781841660,2026-06-19T09:31:00,76592.8,76618.79,76590.9,76598.62,78412
1781841720,2026-06-19T09:32:00,76598.79,76630.37,76578.08,76626.43,75814
1781841780,2026-06-19T09:33:00,76622.42,76641.93,76620.77,76633.62,41087
1781841840,2026-06-19T09:34:00,76632.95,76632.95,76612.15,76615.52,61286
1781841900,2026-06-19T09:35:00,76612.26,76635.72,76607.25,76627.47,45251
1781841960,2026-06-19T09:36:00,76625.55,76679.98,76624.61,76679.98,37170
1781842020,2026-06-19T09:37:00,76682.84,76682.84,76654.51,76656.85,263017
1781842080,2026-06-19T09:38:00,76658.03,76662.84,76644.8,76647.48,47326
1781842140,2026-06-19T09:39:00,76650.01,76685.63,76647.2,76682.7,64102
1781842200,2026-06-19T09:40:00,76686.8,76722.14,76686.8,76722.14,46622
1781842260,2026-06-19T09:41:00,76720.98,76727.13,76682.41,76682.41,78043
1781842320,2026-06-19T09:42:00,76680.62,76690.18,76674.12,76679.2,42649
1781842380,2026-06-19T09:43:00,76681.94,76708.53,76681.94,76695.05,44036
1781842440,2026-06-19T09:44:00,76693.82,76706.65,76684.89,76696.43,49546
1781842500,2026-06-19T09:45:00,76699.16,76699.16,76665.84,76672.17,46320
1781842560,2026-06-19T09:46:00,76667.53,76682.55,76655.89,76681.94,47570
1781842620,2026-06-19T09:47:00,76679.76,76695.82,76673.7,76693.47,40438
1781842680,2026-06-19T09:48:00,76695.02,76700.37,76686.31,76696.01,37727
1781842740,2026-06-19T09:49:00,76694.76,76708.5,76688.34,76708.03,29891
1781842800,2026-06-19T09:50:00,76702.45,76702.67,76677.02,76687.58,35521
1781842860,2026-06-19T09:51:00,76687.89,76687.89,76670.04,76675.86,38519
1781842920,2026-06-19T09:52:00,76667.72,76698.25,76662.29,76697.56,27768
1781842980,2026-06-19T09:53:00,76702.56,76721.19,76693.99,76718.54,40846
1781843040,2026-06-19T09:54:00,76722.74,76746.35,76717.9,76735.31,129663
1781843100,2026-06-19T09:55:00,76744.62,76759.14,76737.25,76737.88,1059179
1781843160,2026-06-19T09:56:00,76740.75,76755.18,76737.17,76737.17,42552
1781843220,2026-06-19T09:57:00,76736.62,76749.85,76726.87,76741.74,43455
1781843280,2026-06-19T09:58:00,76741.6,76749.24,76727.62,76744.03,51558
1781843340,2026-06-19T09:59:00,76742.45,76763.37,76740.23,76744.22,36936
1781843400,2026-06-19T10:00:00,76744.99,76754.82,76715.28,76721.12,19427
1781843460,2026-06-19T10:01:00,76717.92,76719.21,76685.81,76686.83,41866
1781843520,2026-06-19T10:02:00,76689.22,76711.04,76684.39,76686.73,31053
1781843580,2026-06-19T10:03:00,76687.1,76690.2,76673.19,76680.16,20311
1781843640,2026-06-19T10:04:00,76675.91,76701.71,76675.64,76696.75,18610
1781843700,2026-06-19T10:05:00,76695.7,76709.21,76695.08,76706.7,37659
1781843760,2026-06-19T10:06:00,76711.48,76730.23,76704.1,76724.95,33745
1781843820,2026-06-19T10:07:00,76727.27,76758.3,76722.73,76747.26,46903
1781843880,2026-06-19T10:08:00,76750.06,76757.41,76741.43,76753.39,25820
1781843940,2026-06-19T10:09:00,76751.15,76769.97,76749.37,76765.38,40570
1781844000,2026-06-19T10:10:00,76757.95,76777.67,76754.2,76766.67,26718
1781844060,2026-06-19T10:11:00,76769.97,76776.3,76762.45,76772.22,24985
1781844120,2026-06-19T10:12:00,76771.22,76788.25,76768.21,76784.77,39434
1781844180,2026-06-19T10:13:00,76781.21,76794.46,76767.65,76785.44,29217
1781844240,2026-06-19T10:14:00,76784.75,76818.36,76784.75,76811.31,21181
1781844300,2026-06-19T10:15:00,76810.62,76814.9,76792.8,76800.45,27801
1781844360,2026-06-19T10:16:00,76799.98,76799.98,76779.33,76780.92,23811
1781844420,2026-06-19T10:17:00,76778.19,76778.19,76750.42,76757.42,18462
1781844480,2026-06-19T10:18:00,76760.67,76772.21,76749.29,76772.21,21518
1781844540,2026-06-19T10:19:00,76774.23,76782.13,76761.21,76765.1,21556
1781844600,2026-06-19T10:20:00,76764.47,76775.0,76753.59,76762.01,28627
1781844660,2026-06-19T10:21:00,76763.09,76763.09,76738.08,76742.02,28847
1781844720,2026-06-19T10:22:00,76744.09,76756.07,76727.06,76754.17,29971
1781844780,2026-06-19T10:23:00,76754.06,76773.42,76737.45,76737.45,27222
1781844840,2026-06-19T10:24:00,76737.95,76737.95,76711.15,76723.44,22377
1781844900,2026-06-19T10:25:00,76718.83,76722.68,76706.04,76715.22,18618
1781844960,2026-06-19T10:26:00,76711.01,76721.66,76683.1,76685.26,34889
1781845020,2026-06-19T10:27:00,76686.65,76693.36,76681.2,76681.71,15870
1781845080,2026-06-19T10:28:00,76682.12,76688.02,76669.12,76678.89,19641
1781845140,2026-06-19T10:29:00,76677.17,76683.15,76666.58,76668.32,16702
1781845200,2026-06-19T10:30:00,76667.92,76683.54,76667.25,76675.53,20576
1781845260,2026-06-19T10:31:00,76675.41,76678.69,76656.89,76657.92,25353
1781845320,2026-06-19T10:32:00,76652.4,76655.84,76632.98,76644.53,22732
1781845380,2026-06-19T10:33:00,76643.78,76645.26,76625.79,76634.51,22656
1781845440,2026-06-19T10:34:00,76633.98,76655.61,76625.72,76651.05,12433
1781845500,2026-06-19T10:35:00,76650.7,76653.26,76636.94,76648.23,21151
1781845560,2026-06-19T10:36:00,76648.23,76660.55,76642.17,76650.06,14342
1781845620,2026-06-19T10:37:00,76649.51,76662.59,76643.07,76659.5,31276
1781845680,2026-06-19T10:38:00,76659.17,76666.55,76650.37,76657.35,28963
1781845740,2026-06-19T10:39:00,76659.36,76672.61,76657.22,76668.91,41426
1781845800,2026-06-19T10:40:00,76668.91,76678.08,76661.32,76664.25,34045
1781845860,2026-06-19T10:41:00,76664.25,76665.85,76634.71,76645.9,61837
1781845920,2026-06-19T10:42:00,76641.53,76649.15,76619.18,76626.35,17623
1781845980,2026-06-19T10:43:00,76625.3,76654.52,76621.91,76647.98,61241
1781846040,2026-06-19T10:44:00,76648.3,76673.87,76644.0,76668.61,37970
1781846100,2026-06-19T10:45:00,76671.84,76673.52,76653.8,76661.83,57945
1781846160,2026-06-19T10:46:00,76664.56,76672.82,76662.64,76670.4,14628
1781846220,2026-06-19T10:47:00,76670.74,76671.52,76660.21,76670.84,20276
1781846280,2026-06-19T10:48:00,76670.14,76670.66,76638.23,76640.65,17931
1781846340,2026-06-19T10:49:00,76643.23,76645.32,76621.0,76621.0,42573
1781846400,2026-06-19T10:50:00,76619.87,76626.55,76613.41,76613.56,23861
1781846460,2026-06-19T10:51:00,76616.27,76620.79,76606.75,76614.33,71830
1781846520,2026-06-19T10:52:00,76614.33,76625.49,76612.48,76619.06,45592
1781846580,2026-06-19T10:53:00,76620.13,76623.52,76595.29,76595.29,50388
1781846640,2026-06-19T10:54:00,76586.45,76600.49,76577.67,76598.97,14602
1781846700,2026-06-19T10:55:00,76599.11,76614.52,76588.15,76607.37,21624
1781846760,2026-06-19T10:56:00,76609.44,76609.44,76586.04,76589.99,19234
1781846820,2026-06-19T10:57:00,76588.84,76594.73,76576.89,76584.19,10865
1781846880,2026-06-19T10:58:00,76582.12,76593.29,76572.67,76593.29,13753
1781846940,2026-06-19T10:59:00,76593.04,76596.41,76583.1,76587.51,18716
1781847000,2026-06-19T11:00:00,76587.06,76594.78,76581.77,76589.44,30386
1781847060,2026-06-19T11:01:00,76599.06,76599.06,76574.36,76594.67,36072
1781847120,2026-06-19T11:02:00,76595.38,76617.96,76595.38,76616.0,26011
1781847180,2026-06-19T11:03:00,76612.82,76612.94,76582.47,76588.08,38206
1781847240,2026-06-19T11:04:00,76587.78,76590.74,76577.13,76589.57,10378
1781847300,2026-06-19T11:05:00,76594.1,76594.74,76575.18,76584.2,28460
1781847360,2026-06-19T11:06:00,76582.69,76586.08,76557.31,76568.83,35900
1781847420,2026-06-19T11:07:00,76574.22,76580.09,76570.79,76572.38,24993
1781847480,2026-06-19T11:08:00,76573.1,76586.03,76570.6,76582.36,19955
1781847540,2026-06-19T11:09:00,76587.15,76610.33,76586.01,76610.33,34759
1781847600,2026-06-19T11:10:00,76610.76,76634.04,76610.02,76633.46,25849
1781847660,2026-06-19T11:11:00,76633.78,76648.42,76633.51,76646.07,25320
1781847720,2026-06-19T11:12:00,76645.01,76646.82,76629.65,76646.23,26484
1781847780,2026-06-19T11:13:00,76646.23,76650.99,76639.47,76646.14,37099
1781847840,2026-06-19T11:14:00,76648.08,76653.96,76624.45,76637.62,24076
1781847900,2026-06-19T11:15:00,76637.62,76652.25,76627.11,76634.14,18081
1781847960,2026-06-19T11:16:00,76635.4,76635.4,76608.05,76621.63,14830
1781848020,2026-06-19T11:17:00,76621.63,76633.85,76619.65,76629.2,14601
1781848080,2026-06-19T11:18:00,76629.08,76637.19,76620.93,76632.65,16470
1781848140,2026-06-19T11:19:00,76632.96,76644.36,76631.49,76642.31,11815
1781848200,2026-06-19T11:20:00,76643.03,76643.03,76620.43,76626.09,31337
1781848260,2026-06-19T11:21:00,76626.7,76629.1,76612.48,76613.86,11034
1781848320,2026-06-19T11:22:00,76611.94,76620.29,76606.82,76616.19,13159
1781848380,2026-06-19T11:23:00,76614.82,76617.03,76596.28,76597.79,19494
1781848440,2026-06-19T11:24:00,76597.04,76606.71,76591.45,76594.8,8290
1781848500,2026-06-19T11:25:00,76594.89,76597.58,76577.15,76582.45,13069
1781848560,2026-06-19T11:26:00,76584.57,76594.3,76576.29,76592.11,14519
1781848620,2026-06-19T11:27:00,76592.45,76594.75,76573.66,76582.46,15073
1781848680,2026-06-19T11:28:00,76583.13,76592.24,76574.61,76592.24,31840
1781848740,2026-06-19T11:29:00,76591.26,76608.69,76589.21,76606.21,15494
1781848800,2026-06-19T11:30:00,76607.01,76612.64,76585.97,76612.64,40656
1781848860,2026-06-19T11:31:00,76613.28,76619.32,76601.49,76619.32,19531
1781848920,2026-06-19T11:32:00,76618.41,76633.26,76613.53,76632.98,20327
1781848980,2026-06-19T11:33:00,76627.62,76636.19,76626.35,76629.16,17553
1781849040,2026-06-19T11:34:00,76629.86,76638.54,76623.11,76633.34,27783
1781849100,2026-06-19T11:35:00,76635.72,76648.68,76633.27,76644.58,15428
1781849160,2026-06-19T11:36:00,76645.72,76650.07,76635.45,76638.74,48382
1781849220,2026-06-19T11:37:00,76638.74,76647.7,76629.02,76639.72,32590
1781849280,2026-06-19T11:38:00,76638.97,76640.52,76629.77,76630.88,18134
1781849340,2026-06-19T11:39:00,76629.74,76636.77,76616.24,76620.38,84941
1781849400,2026-06-19T11:40:00,76620.05,76627.89,76614.51,76624.26,45674
1781849460,2026-06-19T11:41:00,76623.86,76635.64,76620.65,76628.71,28231
1781849520,2026-06-19T11:42:00,76624.26,76628.43,76613.98,76620.63,26613
1781849580,2026-06-19T11:43:00,76620.63,76632.94,76615.32,76622.69,32673
1781849640,2026-06-19T11:44:00,76621.96,76623.86,76608.51,76609.83,27110
1781849700,2026-06-19T11:45:00,76609.33,76610.95,76597.19,76598.59,24026
1781849760,2026-06-19T11:46:00,76598.45,76599.54,76586.87,76593.39,26409
1781849820,2026-06-19T11:47:00,76593.19,76597.35,76574.35,76583.07,78546
1781849880,2026-06-19T11:48:00,76584.03,76587.3,76571.11,76572.16,35709
1781849940,2026-06-19T11:49:00,76572.99,76592.06,76572.25,76577.98,16870
1781850000,2026-06-19T11:50:00,76578.94,76590.13,76577.23,76584.15,19766
1781850060,2026-06-19T11:51:00,76584.36,76598.12,76576.94,76598.01,17347
1781850120,2026-06-19T11:52:00,76599.82,76599.82,76586.61,76591.51,17862
1781850180,2026-06-19T11:53:00,76590.91,76603.65,76589.21,76599.65,20151
1781850240,2026-06-19T11:54:00,76599.91,76599.91,76586.29,76598.16,24364
1781850300,2026-06-19T11:55:00,76594.28,76594.59,76577.54,76582.41,24879
1781850360,2026-06-19T11:56:00,76582.5,76601.48,76576.82,76593.77,10080
1781850420,2026-06-19T11:57:00,76591.04,76615.55,76591.04,76606.57,19331
1781850480,2026-06-19T11:58:00,76605.28,76618.46,76602.48,76613.33,28950
1781850540,2026-06-19T11:59:00,76611.87,76625.61,76609.16,76621.22,16859
1781850600,2026-06-19T12:00:00,76620.92,76634.03,76608.86,76628.12,6991
1781850660,2026-06-19T12:01:00,76628.61,76640.0,76616.34,76639.76,30321
1781850720,2026-06-19T12:02:00,76639.11,76658.81,76638.24,76650.27,21182
1781850780,2026-06-19T12:03:00,76652.16,76654.13,76631.11,76631.55,16738
1781850840,2026-06-19T12:04:00,76630.75,76635.3,76616.79,76619.85,38744
1781850900,2026-06-19T12:05:00,76619.9,76625.02,76608.31,76612.47,36639
1781850960,2026-06-19T12:06:00,76612.7,76615.87,76599.28,76603.32,1046553
1781851020,2026-06-19T12:07:00,76604.46,76621.58,76604.46,76621.58,14587
1781851080,2026-06-19T12:08:00,76621.88,76626.54,76610.15,76619.8,32501
1781851140,2026-06-19T12:09:00,76618.04,76621.12,76605.67,76620.9,10250
1781851200,2026-06-19T12:10:00,76624.63,76632.85,76611.88,76626.16,12765
1781851260,2026-06-19T12:11:00,76627.01,76629.51,76614.9,76626.54,15256
1781851320,2026-06-19T12:12:00,76626.69,76633.5,76610.06,76610.06,21617
1781851380,2026-06-19T12:13:00,76609.87,76633.8,76609.87,76628.87,24200
1781851440,2026-06-19T12:14:00,76629.55,76641.26,76629.55,76634.34,7215
1781851500,2026-06-19T12:15:00,76635.03,76638.79,76622.91,76631.35,10168
1781851560,2026-06-19T12:16:00,76633.73,76649.14,76630.94,76649.14,12117
1781851620,2026-06-19T12:17:00,76649.14,76653.41,76640.2,76651.61,18930
1781851680,2026-06-19T12:18:00,76651.16,76651.16,76617.87,76620.57,15486
1781851740,2026-06-19T12:19:00,76624.11,76627.95,76616.0,76616.48,11813
1781851800,2026-06-19T12:20:00,76622.97,76640.81,76618.65,76640.81,7136
1781851860,2026-06-19T12:21:00,76641.21,76655.92,76637.83,76647.18,13150
1781851920,2026-06-19T12:22:00,76647.18,76669.79,76647.18,76669.44,12518
1781851980,2026-06-19T12:23:00,76672.1,76675.82,76664.15,76671.65,11485
1781852040,2026-06-19T12:24:00,76671.14,76671.14,76654.09,76659.71,8037
1781852100,2026-06-19T12:25:00,76660.02,76670.24,76653.33,76658.11,9290
1781852160,2026-06-19T12:26:00,76660.0,76675.57,76659.48,76672.14,9269
1781852220,2026-06-19T12:27:00,76672.86,76690.09,76672.36,76686.56,12904
1781852280,2026-06-19T12:28:00,76688.7,76696.36,76676.74,76684.24,12784
1781852340,2026-06-19T12:29:00,76684.53,76686.66,76671.5,76674.55,6677
1781852400,2026-06-19T12:30:00,76674.55,76688.89,76674.55,76679.92,13576
1781852460,2026-06-19T12:31:00,76677.54,76688.36,76663.1,76663.1,28216
1781852520,2026-06-19T12:32:00,76663.51,76668.51,76658.51,76668.51,21998
1781852580,2026-06-19T12:33:00,76668.51,76671.25,76658.0,76670.4,22369
1781852640,2026-06-19T12:34:00,76672.33,76678.09,76666.75,76668.98,19432
1781852700,2026-06-19T12:35:00,76667.56,76669.51,76651.6,76652.62,15206
1781852760,2026-06-19T12:36:00,76652.62,76661.15,76649.27,76656.76,23530
1781852820,2026-06-19T12:37:00,76658.27,76658.96,76644.43,76649.93,11653
1781852880,2026-06-19T12:38:00,76649.79,76664.62,76640.02,76663.15,12064
1781852940,2026-06-19T12:39:00,76663.56,76676.71,76663.56,76675.5,9809
1781853000,2026-06-19T12:40:00,76673.22,76677.25,76655.28,76655.28,15468
1781853060,2026-06-19T12:41:00,76653.91,76659.94,76646.31,76653.97,32320
1781853120,2026-06-19T12:42:00,76652.74,76658.65,76637.6,76638.54,13785
1781853180,2026-06-19T12:43:00,76638.54,76638.54,76558.32,76609.39,45819
1781853240,2026-06-19T12:44:00,76608.56,76625.14,76597.56,76618.03,49490
1781853300,2026-06-19T12:45:00,76615.56,76635.71,76615.56,76631.42,32860
1781853360,2026-06-19T12:46:00,76631.89,76656.1,76630.36,76648.32,33130
1781853420,2026-06-19T12:47:00,76643.59,76661.69,76643.59,76661.69,14871
1781853480,2026-06-19T12:48:00,76652.85,76657.48,76642.68,76649.13,14296
1781853540,2026-06-19T12:49:00,76649.45,76652.12,76635.07,76638.37,14973
1781853600,2026-06-19T12:50:00,76638.63,76647.77,76635.69,76644.76,17158
1781853660,2026-06-19T12:51:00,76643.03,76664.1,76638.08,76652.34,15020
1781853720,2026-06-19T12:52:00,76652.91,76657.66,76638.6,76644.39,16412
1781853780,2026-06-19T12:53:00,76644.38,76645.1,76624.62,76625.77,34708
1781853840,2026-06-19T12:54:00,76625.77,76633.09,76616.38,76625.02,12603
1781853900,2026-06-19T12:55:00,76624.4,76628.37,76610.57,76621.29,13497
1781853960,2026-06-19T12:56:00,76619.01,76622.06,76603.02,76609.97,16846
1781854020,2026-06-19T12:57:00,76609.04,76619.67,76588.8,76592.62,21140
1781854080,2026-06-19T12:58:00,76593.27,76593.27,76571.45,76572.21,17556
1781854140,2026-06-19T12:59:00,76572.24,76581.06,76562.74,76581.06,19779
1781854200,2026-06-19T13:00:00,76580.11,76585.1,76567.46,76573.68,9048
1781854260,2026-06-19T13:01:00,76573.82,76573.82,76550.27,76554.85,21546
1781854320,2026-06-19T13:02:00,76552.57,76557.66,76547.38,76549.91,9285
1781854380,2026-06-19T13:03:00,76551.32,76551.32,76537.15,76538.39,12261
1781854440,2026-06-19T13:04:00,76537.55,76540.27,76517.45,76517.45,16721
1781854500,2026-06-19T13:05:00,76520.38,76520.38,76500.54,76500.54,26636
1781854560,2026-06-19T13:06:00,76501.55,76516.35,76500.83,76506.6,23119
1781854620,2026-06-19T13:07:00,76506.23,76543.39,76499.22,76543.39,18053
1781854680,2026-06-19T13:08:00,76544.78,76556.83,76543.28,76556.31,49166
1781854740,2026-06-19T13:09:00,76556.46,76565.12,76549.86,76553.03,37749
1781854800,2026-06-19T13:10:00,76551.44,76554.14,76525.22,76527.77,32811
1781854860,2026-06-19T13:11:00,76529.04,76544.32,76525.03,76542.24,22484
1781854920,2026-06-19T13:12:00,76539.2,76547.85,76538.04,76547.0,12413
1781854980,2026-06-19T13:13:00,76544.1,76545.11,76528.54,76532.75,22445
1781855040,2026-06-19T13:14:00,76531.81,76555.96,76528.86,76553.92,27957
1781855100,2026-06-19T13:15:00,76553.92,76559.07,76548.19,76557.62,14030
1781855160,2026-06-19T13:16:00,76556.74,76560.36,76541.62,76544.61,24269
1781855220,2026-06-19T13:17:00,76544.39,76552.04,76539.77,76545.45,32778
1781855280,2026-06-19T13:18:00,76545.66,76550.91,76527.6,76530.71,40508
1781855340,2026-06-19T13:19:00,76530.33,76532.93,76522.55,76523.36,29206
1781855400,2026-06-19T13:20:00,76525.35,76532.58,76516.6,76523.46,68070
1781855460,2026-06-19T13:21:00,76522.13,76537.37,76522.13,76532.94,14522
1781855520,2026-06-19T13:22:00,76533.63,76540.15,76525.99,76525.99,10020
1781855580,2026-06-19T13:23:00,76523.93,76550.15,76522.97,76537.62,21921
1781855640,2026-06-19T13:24:00,76541.19,76543.0,76508.24,76508.24,34068
1781855700,2026-06-19T13:25:00,76508.49,76517.8,76503.92,76514.29,12386
1781855760,2026-06-19T13:26:00,76514.26,76520.88,76509.6,76520.88,22566
1781855820,2026-06-19T13:27:00,76522.64,76537.07,76519.61,76534.91,13202
1781855880,2026-06-19T13:28:00,76529.1,76545.5,76529.1,76541.54,10133
1781855940,2026-06-19T13:29:00,76539.82,76552.66,76539.82,76546.89,24474
1781856000,2026-06-19T13:30:00,76550.42,76558.97,76545.03,76550.11,27446
1781856060,2026-06-19T13:31:00,76549.06,76553.73,76545.35,76549.52,19547
1781856120,2026-06-19T13:32:00,76550.68,76561.84,76549.44,76553.62,27932
1781856180,2026-06-19T13:33:00,76551.38,76553.12,76539.21,76541.8,24286
1781856240,2026-06-19T13:34:00,76541.44,76570.8,76536.07,76570.64,86763
1781856300,2026-06-19T13:35:00,76571.14,76595.7,76571.14,76573.99,11508
1781856360,2026-06-19T13:36:00,76575.09,76586.27,76562.93,76565.87,8836
1781856420,2026-06-19T13:37:00,76566.09,76573.99,76547.23,76550.37,10075
1781856480,2026-06-19T13:38:00,76549.98,76568.15,76549.98,76562.59,18686
1781856540,2026-06-19T13:39:00,76564.37,76588.1,76562.69,76576.61,18783
1781856600,2026-06-19T13:40:00,76576.61,76594.2,76575.17,76588.58,16282
1781856660,2026-06-19T13:41:00,76585.16,76596.24,76581.08,76583.9,10401
1781856720,2026-06-19T13:42:00,76583.9,76595.35,76576.8,76594.74,21616
1781856780,2026-06-19T13:43:00,76596.16,76611.77,76593.98,76599.03,8148
1781856840,2026-06-19T13:44:00,76601.0,76613.15,76598.03,76605.36,10030
1781856900,2026-06-19T13:45:00,76605.0,76611.34,76600.86,76605.03,19715
1781856960,2026-06-19T13:46:00,76604.7,76614.11,76597.32,76602.8,8266
1781857020,2026-06-19T13:47:00,76603.86,76637.48,76602.49,76622.51,21080
1781857080,2026-06-19T13:48:00,76621.72,76632.3,76620.0,76631.35,15038
1781857140,2026-06-19T13:49:00,76631.35,76655.89,76629.67,76655.49,13079
1781857200,2026-06-19T13:50:00,76659.53,76660.18,76641.8,76650.08,10050
1781857260,2026-06-19T13:51:00,76649.88,76653.5,76634.61,76640.39,9588
1781857320,2026-06-19T13:52:00,76640.6,76646.15,76625.85,76629.08,13144
1781857380,2026-06-19T13:53:00,76629.07,76636.85,76624.74,76629.09,12304
1781857440,2026-06-19T13:54:00,76629.27,76629.27,76611.18,76622.9,9948
1781857500,2026-06-19T13:55:00,76620.51,76631.94,76618.49,76629.22,66836
1781857560,2026-06-19T13:56:00,76628.24,76640.74,76626.26,76636.72,37198
1781857620,2026-06-19T13:57:00,76637.49,76649.24,76629.94,76638.34,37087
1781857680,2026-06-19T13:58:00,76638.31,76652.25,76636.63,76650.38,7269
1781857740,2026-06-19T13:59:00,76649.9,76668.69,76648.15,76663.22,10395
1781857800,2026-06-19T14:00:00,76664.17,76694.46,76664.17,76683.53,22418
1781857860,2026-06-19T14:01:00,76687.98,76690.93,76663.27,76663.27,9732
1781857920,2026-06-19T14:02:00,76663.19,76665.44,76640.59,76659.19,10091
1781857980,2026-06-19T14:03:00,76662.46,76684.13,76654.34,76676.53,13945
1781858040,2026-06-19T14:04:00,76677.21,76699.77,76666.71,76699.77,21455
1781858100,2026-06-19T14:05:00,76698.95,76733.1,76698.95,76707.46,24886
1781858160,2026-06-19T14:06:00,76706.45,76708.13,76685.42,76688.38,14043
1781858220,2026-06-19T14:07:00,76690.1,76690.8,76667.53,76683.28,13574
1781858280,2026-06-19T14:08:00,76682.82,76689.92,76674.59,76678.78,8741
1781858340,2026-06-19T14:09:00,76676.68,76690.37,76673.78,76676.75,35046
1781858400,2026-06-19T14:10:00,76676.99,76687.93,76674.52,76684.68,20356
1781858460,2026-06-19T14:11:00,76680.09,76690.54,76680.09,76688.39,12338
1781858520,2026-06-19T14:12:00,76688.99,76699.35,76676.74,76699.35,18237
1781858580,2026-06-19T14:13:00,76697.25,76707.98,76670.29,76701.83,18729
1781858640,2026-06-19T14:14:00,76711.3,76747.07,76711.3,76742.99,20055
1781858700,2026-06-19T14:15:00,76745.32,76762.74,76729.8,76762.74,35382
1781858760,2026-06-19T14:16:00,76761.15,76771.1,76741.0,76742.92,28288
1781858820,2026-06-19T14:17:00,76735.87,76743.89,76725.02,76738.91,34532
1781858880,2026-06-19T14:18:00,76738.91,76761.93,76730.63,76758.37,25846
1781858940,2026-06-19T14:19:00,76763.14,76776.06,76752.97,76764.85,27898
1781859000,2026-06-19T14:20:00,76768.46,76769.26,76651.18,76652.16,55046
1781859060,2026-06-19T14:21:00,76650.81,76660.96,76612.41,76655.45,43481
1781859120,2026-06-19T14:22:00,76655.73,76682.74,76636.52,76663.17,24032
1781859180,2026-06-19T14:23:00,76664.46,76670.68,76637.15,76638.3,67654
1781859240,2026-06-19T14:24:00,76643.8,76655.45,76627.15,76647.51,43520
1781859300,2026-06-19T14:25:00,76645.93,76669.12,76638.96,76656.23,30627
1781859360,2026-06-19T14:26:00,76654.74,76663.77,76651.09,76654.3,1046867
1781859420,2026-06-19T14:27:00,76654.99,76660.55,76630.0,76635.41,51384
1781859480,2026-06-19T14:28:00,76634.65,76668.03,76634.65,76663.9,27767
1781859540,2026-06-19T14:29:00,76660.89,76664.63,76635.8,76635.8,24183
1781859600,2026-06-19T14:30:00,76624.1,76680.16,76624.1,76660.22,22031
1781859660,2026-06-19T14:31:00,76659.06,76676.19,76643.36,76666.46,24681
1781859720,2026-06-19T14:32:00,76666.5,76687.03,76666.5,76671.12,25752
1781859780,2026-06-19T14:33:00,76672.64,76676.12,76654.6,76662.47,27218
1781859840,2026-06-19T14:34:00,76666.96,76686.22,76654.31,76674.9,13479
1781859900,2026-06-19T14:35:00,76675.99,76690.26,76667.84,76687.26,55834
1781859960,2026-06-19T14:36:00,76692.6,76741.72,76692.6,76740.3,30309
1781860020,2026-06-19T14:37:00,76741.07,76758.87,76736.08,76749.51,22659
1781860080,2026-06-19T14:38:00,76749.46,76756.89,76731.14,76747.56,21963
1781860140,2026-06-19T14:39:00,76745.16,76749.81,76696.88,76696.88,21237
1781860200,2026-06-19T14:40:00,76703.22,76711.99,76670.93,76683.45,29364
1781860260,2026-06-19T14:41:00,76686.7,76694.94,76677.04,76684.96,20075
1781860320,2026-06-19T14:42:00,76683.84,76696.21,76670.78,76672.9,33200
1781860380,2026-06-19T14:43:00,76672.76,76684.16,76664.84,76673.47,15211
1781860440,2026-06-19T14:44:00,76673.9,76695.97,76663.75,76683.73,33930
1781860500,2026-06-19T14:45:00,76679.75,76690.61,76676.22,76678.04,36098
1781860560,2026-06-19T14:46:00,76678.69,76695.43,76676.67,76678.06,19607
1781860620,2026-06-19T14:47:00,76680.09,76694.83,76674.52,76691.85,19832
1781860680,2026-06-19T14:48:00,76693.16,76698.33,76686.76,76698.05,17799
1781860740,2026-06-19T14:49:00,76697.04,76715.42,76694.8,76714.58,41183
1781860800,2026-06-19T14:50:00,76712.65,76712.65,76667.8,76682.13,39996
1781860860,2026-06-19T14:51:00,76679.02,76681.07,76608.97,76609.17,37140
1781860920,2026-06-19T14:52:00,76613.42,76627.38,76597.44,76610.6,28088
1781860980,2026-06-19T14:53:00,76613.73,76613.73,76564.79,76577.07,61016
1781861040,2026-06-19T14:54:00,76580.12,76585.54,76552.7,76557.55,39367
1781861100,2026-06-19T14:55:00,76562.4,76562.4,76494.68,76500.03,43436
1781861160,2026-06-19T14:56:00,76500.01,76501.14,76471.61,76494.26,56102
1781861220,2026-06-19T14:57:00,76489.67,76499.61,76479.42,76494.05,17421
1781861280,2026-06-19T14:58:00,76494.12,76494.12,76474.06,76475.23,15005
1781861340,2026-06-19T14:59:00,76471.68,76493.55,76469.72,76489.71,59322
1781861400,2026-06-19T15:00:00,76496.42,76619.16,76480.32,76610.42,192474
1781861460,2026-06-19T15:01:00,76611.71,76647.74,76604.99,76644.83,99984
1781861520,2026-06-19T15:02:00,76645.5,76741.89,76645.5,76737.76,94797
1781861580,2026-06-19T15:03:00,76738.25,76779.56,76729.18,76752.64,81341
1781861640,2026-06-19T15:04:00,76756.46,76791.2,76733.82,76779.31,67663
1781861700,2026-06-19T15:05:00,76785.39,76826.38,76785.39,76805.09,74033
1781861760,2026-06-19T15:06:00,76806.11,76820.82,76775.86,76812.28,55359
1781861820,2026-06-19T15:07:00,76819.1,76844.27,76811.94,76838.24,56314
1781861880,2026-06-19T15:08:00,76838.42,76849.46,76815.55,76823.95,59730
1781861940,2026-06-19T15:09:00,76829.44,76848.38,76810.85,76822.66,65724
1781862000,2026-06-19T15:10:00,76823.15,76860.16,76823.15,76857.43,127864
1781862060,2026-06-19T15:11:00,76856.41,76901.65,76856.41,76875.15,57342
1781862120,2026-06-19T15:12:00,76875.94,76884.49,76853.23,76866.47,42214
1781862180,2026-06-19T15:13:00,76858.08,76878.27,76849.63,76866.04,56101
1781862240,2026-06-19T15:14:00,76861.87,76870.24,76832.2,76837.29,73138
1781862300,2026-06-19T15:15:00,76837.15,76847.59,76793.13,76800.1,138580
1781862360,2026-06-19T15:16:00,76797.3,76822.05,76797.3,76815.34,66081
1781862420,2026-06-19T15:17:00,76811.52,76841.63,76809.18,76839.44,55368
1781862480,2026-06-19T15:18:00,76837.34,76853.11,76828.96,76838.91,40563
1781862540,2026-06-19T15:19:00,76842.65,76856.05,76831.28,76846.98,52858
1781862600,2026-06-19T15:20:00,76847.08,76872.82,76841.8,76862.1,73988
1781862660,2026-06-19T15:21:00,76857.76,76884.79,76851.36,76857.15,55921
1781862720,2026-06-19T15:22:00,76865.42,76869.22,76840.59,76845.5,47631
1781862780,2026-06-19T15:23:00,76848.28,76862.56,76841.54,76852.43,74673
1781862840,2026-06-19T15:24:00,76857.44,76877.83,76854.68,76857.86,76649
1781862900,2026-06-19T15:25:00,76853.14,76876.23,76838.61,76859.77,127568
1781862960,2026-06-19T15:26:00,76858.94,76867.75,76832.71,76832.71,156229
1781863020,2026-06-19T15:27:00,76843.03,76869.55,76826.38,76856.15,185395
1781863080,2026-06-19T15:28:00,76863.24,76881.73,76844.27,76881.73,850059
1781863140,2026-06-19T15:29:00,76871.33,76893.8,76855.38,76871.95,86670
1782099900,2026-06-22T09:15:00,77160.67,77223.78,77008.02,77089.23,216905
1782099960,2026-06-22T09:16:00,77089.84,77158.75,77082.09,77149.38,210665
1782100020,2026-06-22T09:17:00,77153.54,77223.88,77153.54,77194.62,147002
1782100080,2026-06-22T09:18:00,77199.0,77233.37,77195.7,77202.7,92587
1782100140,2026-06-22T09:19:00,77202.81,77212.85,77166.46,77166.46,83675
1782100200,2026-06-22T09:20:00,77174.82,77207.34,77164.85,77187.4,77519
1782100260,2026-06-22T09:21:00,77181.58,77210.66,77168.09,77203.01,68113
1782100320,2026-06-22T09:22:00,77201.06,77213.97,77182.15,77213.97,115671
1782100380,2026-06-22T09:23:00,77211.41,77241.77,77206.15,77226.18,79272
1782100440,2026-06-22T09:24:00,77218.03,77249.27,77218.03,77234.52,92530
1782100500,2026-06-22T09:25:00,77233.61,77238.31,77205.67,77205.67,76876
1782100560,2026-06-22T09:26:00,77202.07,77243.16,77196.77,77234.85,67067
1782100620,2026-06-22T09:27:00,77238.09,77238.09,77197.5,77197.5,87114
1782100680,2026-06-22T09:28:00,77201.78,77213.26,77190.02,77198.86,62316
1782100740,2026-06-22T09:29:00,77201.07,77216.19,77191.52,77208.48,74420
1782100800,2026-06-22T09:30:00,77212.25,77229.64,77203.42,77222.21,53059
1782100860,2026-06-22T09:31:00,77224.48,77233.31,77217.71,77227.21,37848
1782100920,2026-06-22T09:32:00,77231.01,77237.07,77197.37,77209.13,45529
1782100980,2026-06-22T09:33:00,77206.87,77221.34,77201.28,77217.0,49622
1782101040,2026-06-22T09:34:00,77216.64,77229.86,77209.6,77215.93,42610
1782101100,2026-06-22T09:35:00,77216.78,77225.65,77190.16,77190.16,40880
1782101160,2026-06-22T09:36:00,77188.33,77197.08,77174.84,77176.43,53490
1782101220,2026-06-22T09:37:00,77177.26,77179.63,77149.73,77149.73,46328
1782101280,2026-06-22T09:38:00,77147.54,77158.42,77143.05,77146.5,36362
1782101340,2026-06-22T09:39:00,77143.79,77191.3,77143.79,77188.11,28690
1782101400,2026-06-22T09:40:00,77189.91,77189.91,77170.58,77177.56,26197
1782101460,2026-06-22T09:41:00,77183.61,77190.79,77167.48,77174.48,20315
1782101520,2026-06-22T09:42:00,77177.3,77181.7,77152.79,77158.28,32200
1782101580,2026-06-22T09:43:00,77158.28,77161.77,77141.86,77152.06,21811
1782101640,2026-06-22T09:44:00,77152.81,77157.07,77132.14,77137.61,44293
1782101700,2026-06-22T09:45:00,77133.82,77136.72,77119.18,77134.45,26812
1782101760,2026-06-22T09:46:00,77132.18,77140.7,77121.31,77129.92,29968
1782101820,2026-06-22T09:47:00,77133.14,77140.78,77105.08,77115.07,31510
1782101880,2026-06-22T09:48:00,77115.18,77128.21,77107.25,77120.53,23131
1782101940,2026-06-22T09:49:00,77116.71,77134.08,77109.45,77130.74,24971
1782102000,2026-06-22T09:50:00,77131.43,77166.39,77131.04,77161.47,39418
1782102060,2026-06-22T09:51:00,77158.85,77173.26,77157.32,77169.32,23589
1782102120,2026-06-22T09:52:00,77169.75,77172.13,77157.89,77162.59,16846
1782102180,2026-06-22T09:53:00,77166.42,77188.78,77150.6,77177.66,1176755
1782102240,2026-06-22T09:54:00,77179.04,77188.17,77173.71,77180.08,24067
1782102300,2026-06-22T09:55:00,77181.93,77187.56,77174.54,77185.54,104998
1782102360,2026-06-22T09:56:00,77188.19,77200.12,77179.37,77186.18,52342
1782102420,2026-06-22T09:57:00,77196.45,77208.84,77188.35,77198.41,35111
1782102480,2026-06-22T09:58:00,77200.5,77212.71,77191.79,77206.38,26670
1782102540,2026-06-22T09:59:00,77205.64,77216.3,77190.82,77214.99,21873
1782102600,2026-06-22T10:00:00,77216.11,77232.3,77216.11,77227.28,16210
1782102660,2026-06-22T10:01:00,77228.96,77228.96,77208.02,77225.21,19828
1782102720,2026-06-22T10:02:00,77224.82,77232.71,77211.96,77218.48,11650
1782102780,2026-06-22T10:03:00,77220.54,77220.54,77199.46,77199.46,31098
1782102840,2026-06-22T10:04:00,77206.32,77206.32,77180.63,77185.86,614436
1782102900,2026-06-22T10:05:00,77180.44,77182.43,77162.49,77171.62,13107
1782102960,2026-06-22T10:06:00,77172.02,77198.54,77162.81,77194.71,16729
1782103020,2026-06-22T10:07:00,77193.83,77207.05,77191.02,77207.05,21201
1782103080,2026-06-22T10:08:00,77199.33,77225.39,77199.33,77211.09,22336
1782103140,2026-06-22T10:09:00,77209.93,77245.17,77204.84,77241.01,16213
1782103200,2026-06-22T10:10:00,77246.9,77265.28,77243.55,77263.9,33720
1782103260,2026-06-22T10:11:00,77263.16,77263.16,77224.6,77227.53,25773
1782103320,2026-06-22T10:12:00,77223.85,77240.77,77217.73,77237.13,17930
1782103380,2026-06-22T10:13:00,77237.01,77241.07,77220.89,77222.08,18773
1782103440,2026-06-22T10:14:00,77225.78,77243.55,77225.78,77237.57,34981
1782103500,2026-06-22T10:15:00,77237.61,77253.27,77233.99,77247.91,44332
1782103560,2026-06-22T10:16:00,77247.49,77250.36,77233.39,77246.41,17504
1782103620,2026-06-22T10:17:00,77247.5,77253.43,77240.64,77245.79,27650
1782103680,2026-06-22T10:18:00,77245.5,77255.34,77244.41,77244.41,15262
1782103740,2026-06-22T10:19:00,77240.05,77245.23,77232.65,77240.79,13557
1782103800,2026-06-22T10:20:00,77241.4,77259.42,77241.4,77259.42,31046
1782103860,2026-06-22T10:21:00,77259.44,77265.61,77252.6,77254.1,14102
1782103920,2026-06-22T10:22:00,77258.85,77262.62,77245.41,77253.51,17116
1782103980,2026-06-22T10:23:00,77253.86,77261.27,77243.62,77249.33,14423
1782104040,2026-06-22T10:24:00,77250.77,77257.31,77244.84,77249.54,18546
1782104100,2026-06-22T10:25:00,77248.37,77258.5,77239.29,77249.58,29689
1782104160,2026-06-22T10:26:00,77245.17,77261.71,77242.92,77253.61,23180
1782104220,2026-06-22T10:27:00,77255.49,77264.22,77250.84,77256.41,18004
1782104280,2026-06-22T10:28:00,77253.65,77263.25,77242.15,77263.25,19573
1782104340,2026-06-22T10:29:00,77261.23,77263.15,77241.61,77251.65,16364
1782104400,2026-06-22T10:30:00,77249.57,77269.85,77249.57,77267.46,44778
1782104460,2026-06-22T10:31:00,77269.39,77275.9,77249.13,77252.85,35895
1782104520,2026-06-22T10:32:00,77248.96,77261.12,77247.69,77247.69,33043
1782104580,2026-06-22T10:33:00,77247.7,77247.7,77223.14,77230.98,37391
1782104640,2026-06-22T10:34:00,77232.08,77235.03,77209.54,77210.94,23341
1782104700,2026-06-22T10:35:00,77209.92,77223.16,77205.51,77216.5,31986
1782104760,2026-06-22T10:36:00,77219.95,77241.23,77214.63,77228.98,18365
1782104820,2026-06-22T10:37:00,77235.07,77253.68,77229.62,77252.06,333728
1782104880,2026-06-22T10:38:00,77248.53,77267.23,77248.53,77259.29,22101
1782104940,2026-06-22T10:39:00,77263.65,77270.57,77252.48,77264.67,22715
1782105000,2026-06-22T10:40:00,77263.04,77273.66,77256.8,77266.26,13755
1782105060,2026-06-22T10:41:00,77268.54,77271.91,77249.59,77259.04,12708
1782105120,2026-06-22T10:42:00,77260.8,77270.94,77252.99,77257.9,17370
1782105180,2026-06-22T10:43:00,77257.15,77268.85,77249.66,77256.17,12661
1782105240,2026-06-22T10:44:00,77260.95,77263.58,77244.26,77257.62,11926
1782105300,2026-06-22T10:45:00,77258.39,77265.6,77243.56,77265.6,15199
1782105360,2026-06-22T10:46:00,77263.56,77276.68,77250.85,77271.23,18455
1782105420,2026-06-22T10:47:00,77272.39,77274.38,77255.48,77255.48,16857
1782105480,2026-06-22T10:48:00,77259.01,77260.91,77243.34,77243.55,8612
1782105540,2026-06-22T10:49:00,77244.36,77253.25,77239.64,77252.17,8536
1782105600,2026-06-22T10:50:00,77252.78,77268.3,77250.12,77265.42,18624
1782105660,2026-06-22T10:51:00,77265.97,77284.61,77265.29,77284.61,18221
1782105720,2026-06-22T10:52:00,77282.41,77292.24,77278.75,77291.58,14280
1782105780,2026-06-22T10:53:00,77289.92,77292.47,77282.02,77285.05,18415
1782105840,2026-06-22T10:54:00,77286.37,77292.35,77274.37,77275.77,8415
1782105900,2026-06-22T10:55:00,77277.26,77296.24,77267.58,77295.28,29740
1782105960,2026-06-22T10:56:00,77294.61,77309.91,77288.94,77306.77,38094
1782106020,2026-06-22T10:57:00,77306.57,77325.56,77305.6,77317.18,34965
1782106080,2026-06-22T10:58:00,77317.6,77317.6,77300.71,77300.71,9731
1782106140,2026-06-22T10:59:00,77300.57,77314.08,77300.57,77304.44,10868
1782106200,2026-06-22T11:00:00,77304.7,77308.95,77286.49,77294.43,14324
1782106260,2026-06-22T11:01:00,77294.38,77300.68,77289.23,77295.14,12666
1782106320,2026-06-22T11:02:00,77291.68,77299.63,77278.14,77289.56,20130
1782106380,2026-06-22T11:03:00,77288.31,77289.21,77274.1,77274.1,10585
1782106440,2026-06-22T11:04:00,77274.49,77304.53,77274.42,77304.4,26790
1782106500,2026-06-22T11:05:00,77301.44,77310.28,77286.76,77307.75,35728
1782106560,2026-06-22T11:06:00,77309.03,77313.95,77294.02,77307.15,40865
1782106620,2026-06-22T11:07:00,77302.8,77311.48,77295.46,77301.61,16071
1782106680,2026-06-22T11:08:00,77303.07,77312.98,77299.36,77308.33,20158
1782106740,2026-06-22T11:09:00,77308.33,77317.05,77302.95,77311.13,18503
1782106800,2026-06-22T11:10:00,77309.72,77315.58,77297.0,77306.88,24102
1782106860,2026-06-22T11:11:00,77304.72,77307.96,77283.11,77295.62,18423
1782106920,2026-06-22T11:12:00,77293.62,77297.08,77276.12,77293.27,8387
1782106980,2026-06-22T11:13:00,77292.09,77294.17,77280.38,77285.88,10786
1782107040,2026-06-22T11:14:00,77283.17,77287.88,77276.13,77283.32,11006
1782107100,2026-06-22T11:15:00,77284.25,77290.22,77277.73,77285.23,15768
1782107160,2026-06-22T11:16:00,77285.16,77292.56,77275.18,77284.76,15300
1782107220,2026-06-22T11:17:00,77284.9,77286.56,77266.43,77272.38,11858
1782107280,2026-06-22T11:18:00,77271.67,77285.56,77265.61,77268.95,14430
1782107340,2026-06-22T11:19:00,77269.04,77277.64,77261.32,77275.03,9332
1782107400,2026-06-22T11:20:00,77275.18,77277.68,77255.85,77262.61,24543
1782107460,2026-06-22T11:21:00,77261.57,77264.59,77243.58,77243.58,14704
1782107520,2026-06-22T11:22:00,77242.82,77248.81,77221.46,77221.46,16669
1782107580,2026-06-22T11:23:00,77222.95,77246.78,77222.58,77239.8,11234
1782107640,2026-06-22T11:24:00,77238.25,77261.11,77233.4,77256.46,8137
1782107700,2026-06-22T11:25:00,77255.92,77267.46,77249.37,77262.85,17326
1782107760,2026-06-22T11:26:00,77266.12,77275.53,77262.22,77275.06,16691
1782107820,2026-06-22T11:27:00,77276.23,77290.17,77275.13,77287.09,16317
1782107880,2026-06-22T11:28:00,77285.71,77296.86,77279.78,77288.75,11841
1782107940,2026-06-22T11:29:00,77286.59,77300.73,77285.02,77293.23,21665
1782108000,2026-06-22T11:30:00,77293.16,77293.95,77283.3,77291.31,11534
1782108060,2026-06-22T11:31:00,77290.67,77304.86,77287.62,77301.21,11911
1782108120,2026-06-22T11:32:00,77301.21,77301.73,77288.53,77297.12,369234
1782108180,2026-06-22T11:33:00,77294.55,77304.57,77285.8,77303.72,8794
1782108240,2026-06-22T11:34:00,77303.35,77309.52,77294.05,77303.61,13811
1782108300,2026-06-22T11:35:00,77302.94,77306.67,77294.34,77303.02,5955
1782108360,2026-06-22T11:36:00,77301.73,77313.03,77287.64,77294.84,6344
1782108420,2026-06-22T11:37:00,77294.7,77303.26,77288.59,77300.24,22408
1782108480,2026-06-22T11:38:00,77303.88,77303.88,77287.44,77293.53,7305
1782108540,2026-06-22T11:39:00,77291.48,77297.32,77284.79,77288.34,19517
1782108600,2026-06-22T11:40:00,77289.44,77291.18,77274.48,77285.44,7849
1782108660,2026-06-22T11:41:00,77289.42,77290.61,77259.49,77263.37,15949
1782108720,2026-06-22T11:42:00,77263.37,77265.51,77246.58,77252.67,14914
1782108780,2026-06-22T11:43:00,77252.97,77261.83,77245.76,77259.84,522680
1782108840,2026-06-22T11:44:00,77259.43,77267.24,77254.01,77258.77,11253
1782108900,2026-06-22T11:45:00,77258.77,77260.29,77246.4,77246.66,10601
1782108960,2026-06-22T11:46:00,77249.17,77254.54,77231.67,77243.33,9932
1782109020,2026-06-22T11:47:00,77240.84,77261.74,77238.14,77248.27,10339
1782109080,2026-06-22T11:48:00,77245.59,77264.34,77244.68,77259.49,16977
1782109140,2026-06-22T11:49:00,77258.85,77258.85,77241.68,77243.06,16053
1782109200,2026-06-22T11:50:00,77243.87,77245.11,77232.88,77235.43,17955
1782109260,2026-06-22T11:51:00,77237.15,77243.54,77221.02,77223.81,10038
1782109320,2026-06-22T11:52:00,77223.81,77239.17,77211.51,77232.3,10804
1782109380,2026-06-22T11:53:00,77226.41,77233.31,77217.97,77229.72,9449
1782109440,2026-06-22T11:54:00,77228.54,77228.78,77204.4,77214.55,5174
1782109500,2026-06-22T11:55:00,77209.54,77217.65,77206.14,77209.95,6774
1782109560,2026-06-22T11:56:00,77211.09,77216.06,77198.34,77208.6,12038
1782109620,2026-06-22T11:57:00,77210.15,77211.83,77191.57,77196.06,13302
1782109680,2026-06-22T11:58:00,77194.95,77207.48,77191.56,77205.11,6062
1782109740,2026-06-22T11:59:00,77205.29,77229.1,77203.25,77220.8,9946
1782109800,2026-06-22T12:00:00,77221.17,77235.43,77219.82,77230.45,12003
1782109860,2026-06-22T12:01:00,77230.45,77232.06,77205.18,77205.18,9061
1782109920,2026-06-22T12:02:00,77205.51,77206.28,77187.43,77192.97,15417
1782109980,2026-06-22T12:03:00,77196.36,77197.08,77180.11,77186.46,12191
1782110040,2026-06-22T12:04:00,77185.84,77199.68,77177.39,77177.9,21998
1782110100,2026-06-22T12:05:00,77177.61,77184.54,77172.54,77177.43,5965
1782110160,2026-06-22T12:06:00,77178.48,77184.96,77173.42,77184.44,7070
1782110220,2026-06-22T12:07:00,77185.41,77191.68,77180.31,77188.84,19987
1782110280,2026-06-22T12:08:00,77188.82,77198.82,77184.79,77194.82,6523
1782110340,2026-06-22T12:09:00,77192.76,77199.58,77185.97,77187.15,9792
1782110400,2026-06-22T12:10:00,77189.91,77194.79,77181.75,77188.93,11528
1782110460,2026-06-22T12:11:00,77180.55,77186.46,77174.21,77185.57,11419
1782110520,2026-06-22T12:12:00,77185.4,77189.09,77176.28,77184.41,7476
1782110580,2026-06-22T12:13:00,77182.6,77184.9,77170.2,77174.54,5992
1782110640,2026-06-22T12:14:00,77176.94,77176.94,77151.84,77153.9,14274
1782110700,2026-06-22T12:15:00,77153.61,77172.97,77153.61,77165.24,6771
1782110760,2026-06-22T12:16:00,77165.15,77169.3,77152.43,77158.64,13423
1782110820,2026-06-22T12:17:00,77158.64,77172.71,77154.65,77165.43,6262
1782110880,2026-06-22T12:18:00,77165.43,77176.54,77156.9,77176.54,16267
1782110940,2026-06-22T12:19:00,77174.86,77182.77,77166.38,77172.59,18114
1782111000,2026-06-22T12:20:00,77172.55,77180.36,77166.54,77178.31,6935
1782111060,2026-06-22T12:21:00,77178.31,77179.14,77166.21,77178.69,12051
1782111120,2026-06-22T12:22:00,77178.23,77194.37,77175.65,77193.58,10377
1782111180,2026-06-22T12:23:00,77193.58,77197.19,77182.95,77189.02,10112
1782111240,2026-06-22T12:24:00,77190.24,77197.08,77187.0,77188.37,10266
1782111300,2026-06-22T12:25:00,77189.06,77196.7,77183.37,77190.73,8838
1782111360,2026-06-22T12:26:00,77192.77,77192.77,77171.62,77171.62,7081
1782111420,2026-06-22T12:27:00,77169.99,77180.91,77157.51,77161.26,14709
1782111480,2026-06-22T12:28:00,77160.57,77160.57,77148.66,77151.42,12669
1782111540,2026-06-22T12:29:00,77151.53,77164.18,77147.22,77159.48,11433
1782111600,2026-06-22T12:30:00,77160.2,77185.62,77158.07,77174.74,9590
1782111660,2026-06-22T12:31:00,77176.7,77177.44,77158.06,77158.06,8645
1782111720,2026-06-22T12:32:00,77151.96,77156.01,77139.94,77143.5,9897
1782111780,2026-06-22T12:33:00,77144.54,77171.09,77139.95,77170.36,19523
1782111840,2026-06-22T12:34:00,77170.49,77178.94,77164.56,77164.86,10376
1782111900,2026-06-22T12:35:00,77169.7,77179.06,77167.23,77172.17,7290
1782111960,2026-06-22T12:36:00,77172.41,77184.42,77171.73,77175.72,6180
1782112020,2026-06-22T12:37:00,77175.0,77180.82,77166.72,77177.83,6776
1782112080,2026-06-22T12:38:00,77178.86,77178.86,77160.07,77171.08,6736
1782112140,2026-06-22T12:39:00,77170.4,77172.47,77163.31,77168.84,9018
1782112200,2026-06-22T12:40:00,77168.02,77170.08,77159.79,77164.88,7977
1782112260,2026-06-22T12:41:00,77163.66,77170.07,77153.63,77166.5,21350
1782112320,2026-06-22T12:42:00,77168.66,77168.66,77154.42,77160.36,24476
1782112380,2026-06-22T12:43:00,77159.26,77173.4,77159.26,77172.47,11362
1782112440,2026-06-22T12:44:00,77170.84,77172.3,77160.69,77166.08,23706
1782112500,2026-06-22T12:45:00,77165.44,77171.91,77159.77,77163.15,12882
1782112560,2026-06-22T12:46:00,77167.09,77167.29,77152.24,77152.79,7520
1782112620,2026-06-22T12:47:00,77151.98,77156.43,77147.91,77152.5,10323
1782112680,2026-06-22T12:48:00,77146.54,77158.33,77145.79,77156.22,8272
1782112740,2026-06-22T12:49:00,77156.39,77164.88,77154.42,77157.32,8200
1782112800,2026-06-22T12:50:00,77160.53,77181.6,77160.23,77181.2,9278
1782112860,2026-06-22T12:51:00,77181.89,77190.59,77171.47,77186.0,5714
1782112920,2026-06-22T12:52:00,77187.25,77188.64,77169.08,77175.7,11984
1782112980,2026-06-22T12:53:00,77176.3,77177.32,77166.35,77169.91,11715
1782113040,2026-06-22T12:54:00,77169.91,77169.91,77152.84,77154.52,5371
1782113100,2026-06-22T12:55:00,77154.52,77176.69,77149.13,77171.22,6787
1782113160,2026-06-22T12:56:00,77167.43,77176.32,77161.73,77167.82,39837
1782113220,2026-06-22T12:57:00,77165.9,77173.26,77161.16,77172.29,8807
1782113280,2026-06-22T12:58:00,77172.29,77174.92,77164.81,77168.02,6957
1782113340,2026-06-22T12:59:00,77167.38,77173.02,77162.89,77172.68,7415
1782113400,2026-06-22T13:00:00,77172.77,77181.26,77163.57,77168.99,25194
1782113460,2026-06-22T13:01:00,77165.78,77174.16,77165.78,77170.18,11750
1782113520,2026-06-22T13:02:00,77170.56,77173.41,77164.99,77167.4,12063
1782113580,2026-06-22T13:03:00,77168.97,77169.3,77153.64,77153.8,9054
1782113640,2026-06-22T13:04:00,77155.61,77160.93,77150.94,77154.16,22212
1782113700,2026-06-22T13:05:00,77158.18,77158.18,77137.24,77138.66,7047
1782113760,2026-06-22T13:06:00,77141.93,77165.53,77141.02,77158.2,16186
1782113820,2026-06-22T13:07:00,77159.2,77165.67,77152.58,77153.39,9948
1782113880,2026-06-22T13:08:00,77153.39,77158.12,77146.48,77152.52,9769
1782113940,2026-06-22T13:09:00,77151.65,77152.76,77131.16,77134.85,17757
1782114000,2026-06-22T13:10:00,77136.3,77138.24,77118.23,77127.08,7379
1782114060,2026-06-22T13:11:00,77124.3,77125.98,77116.33,77119.5,10757
1782114120,2026-06-22T13:12:00,77115.43,77121.99,77111.73,77113.29,24778
1782114180,2026-06-22T13:13:00,77113.29,77120.16,77105.43,77119.82,8769
1782114240,2026-06-22T13:14:00,77120.07,77132.66,77120.07,77127.08,10862
1782114300,2026-06-22T13:15:00,77133.44,77145.47,77123.61,77145.47,16506
1782114360,2026-06-22T13:16:00,77145.44,77160.89,77144.74,77155.68,14110
1782114420,2026-06-22T13:17:00,77157.63,77176.41,77157.63,77176.41,13069
1782114480,2026-06-22T13:18:00,77180.22,77181.42,77169.62,77173.2,13110
1782114540,2026-06-22T13:19:00,77173.2,77178.48,77170.93,77178.48,4701
1782114600,2026-06-22T13:20:00,77174.79,77175.59,77162.23,77162.39,6475
1782114660,2026-06-22T13:21:00,77161.36,77175.83,77159.26,77165.05,10176
1782114720,2026-06-22T13:22:00,77165.05,77168.49,77151.15,77158.83,15824
1782114780,2026-06-22T13:23:00,77156.78,77170.81,77156.66,77169.51,8231
1782114840,2026-06-22T13:24:00,77165.59,77169.78,77155.54,77168.96,6780
1782114900,2026-06-22T13:25:00,77169.76,77172.38,77155.83,77157.28,8821
1782114960,2026-06-22T13:26:00,77157.1,77170.6,77152.55,77165.45,4058
1782115020,2026-06-22T13:27:00,77167.82,77179.26,77167.82,77175.89,4763
1782115080,2026-06-22T13:28:00,77174.57,77174.57,77164.01,77165.21,29704
1782115140,2026-06-22T13:29:00,77162.98,77162.98,77152.18,77160.64,4956
1782115200,2026-06-22T13:30:00,77162.5,77165.12,77153.97,77163.29,9427
1782115260,2026-06-22T13:31:00,77161.24,77170.48,77153.06,77168.58,15710
1782115320,2026-06-22T13:32:00,77169.33,77175.25,77159.86,77161.96,4771
1782115380,2026-06-22T13:33:00,77161.5,77168.08,77160.01,77165.18,12128
1782115440,2026-06-22T13:34:00,77165.54,77172.36,77154.95,77163.61,7379
1782115500,2026-06-22T13:35:00,77162.69,77171.85,77159.82,77165.43,10604
1782115560,2026-06-22T13:36:00,77161.76,77176.85,77161.76,77173.96,21448
1782115620,2026-06-22T13:37:00,77175.52,77182.61,77170.66,77178.73,11660
1782115680,2026-06-22T13:38:00,77179.37,77180.49,77167.07,77171.59,14918
1782115740,2026-06-22T13:39:00,77172.33,77172.33,77159.63,77164.78,9738
1782115800,2026-06-22T13:40:00,77164.78,77164.78,77120.67,77120.67,20382
1782115860,2026-06-22T13:41:00,77121.48,77130.32,77115.45,77115.49,13278
1782115920,2026-06-22T13:42:00,77115.02,77130.25,77113.23,77122.87,14532
1782115980,2026-06-22T13:43:00,77126.07,77183.84,77126.07,77163.78,16644
1782116040,2026-06-22T13:44:00,77164.78,77169.74,77155.53,77166.11,16232
1782116100,2026-06-22T13:45:00,77165.71,77182.45,77157.8,77176.18,41670
1782116160,2026-06-22T13:46:00,77176.84,77178.18,77169.9,77175.7,9349
1782116220,2026-06-22T13:47:00,77175.7,77176.12,77162.06,77171.05,7067
1782116280,2026-06-22T13:48:00,77170.96,77173.72,77156.92,77170.45,7161
1782116340,2026-06-22T13:49:00,77170.45,77170.63,77156.62,77167.11,113755
1782116400,2026-06-22T13:50:00,77167.68,77174.65,77157.99,77166.07,19782
1782116460,2026-06-22T13:51:00,77166.07,77180.96,77163.53,77178.93,18396
1782116520,2026-06-22T13:52:00,77178.05,77185.88,77173.21,77178.29,9561
1782116580,2026-06-22T13:53:00,77178.36,77182.74,77167.33,77176.45,16702
1782116640,2026-06-22T13:54:00,77175.91,77190.68,77175.54,77186.97,73368
1782116700,2026-06-22T13:55:00,77182.58,77214.52,77179.53,77214.52,31577
1782116760,2026-06-22T13:56:00,77214.52,77214.78,77200.68,77205.87,31793
1782116820,2026-06-22T13:57:00,77205.87,77226.79,77198.97,77226.79,25359
1782116880,2026-06-22T13:58:00,77226.43,77230.73,77216.09,77230.73,12884
1782116940,2026-06-22T13:59:00,77232.06,77232.26,77187.81,77188.02,35928
1782117000,2026-06-22T14:00:00,77186.8,77206.17,77186.8,77197.0,24836
1782117060,2026-06-22T14:01:00,77195.2,77208.77,77182.68,77186.1,15717
1782117120,2026-06-22T14:02:00,77185.07,77206.54,77183.64,77204.93,16804
1782117180,2026-06-22T14:03:00,77204.93,77205.53,77181.41,77188.0,15739
1782117240,2026-06-22T14:04:00,77188.3,77197.86,77181.18,77193.99,11200
1782117300,2026-06-22T14:05:00,77193.07,77216.51,77193.07,77203.88,23656
1782117360,2026-06-22T14:06:00,77207.74,77211.15,77191.96,77191.96,9340
1782117420,2026-06-22T14:07:00,77190.91,77205.14,77190.08,77205.14,4632
1782117480,2026-06-22T14:08:00,77205.14,77206.07,77185.64,77192.4,8140
1782117540,2026-06-22T14:09:00,77187.76,77194.7,77178.22,77178.83,13602
1782117600,2026-06-22T14:10:00,77173.0,77192.28,77165.68,77192.28,23491
1782117660,2026-06-22T14:11:00,77194.26,77209.85,77193.45,77199.02,22915
1782117720,2026-06-22T14:12:00,77199.98,77209.02,77195.99,77202.69,12075
1782117780,2026-06-22T14:13:00,77202.09,77203.58,77188.57,77195.47,19879
1782117840,2026-06-22T14:14:00,77192.35,77198.11,77168.4,77171.24,12687
1782117900,2026-06-22T14:15:00,77168.96,77180.48,77165.46,77176.38,5626
1782117960,2026-06-22T14:16:00,77177.56,77177.56,77156.65,77170.13,35509
1782118020,2026-06-22T14:17:00,77169.66,77176.73,77160.55,77175.72,13005
1782118080,2026-06-22T14:18:00,77176.65,77198.83,77174.43,77178.46,11119
1782118140,2026-06-22T14:19:00,77180.08,77189.13,77180.07,77186.78,14819
1782118200,2026-06-22T14:20:00,77183.98,77198.3,77178.49,77197.4,14358
1782118260,2026-06-22T14:21:00,77192.35,77198.13,77181.25,77185.82,17530
1782118320,2026-06-22T14:22:00,77185.47,77193.2,77178.78,77189.14,116361
1782118380,2026-06-22T14:23:00,77189.3,77193.44,77179.74,77188.3,7821
1782118440,2026-06-22T14:24:00,77187.58,77190.76,77180.13,77186.27,70363
1782118500,2026-06-22T14:25:00,77185.12,77190.55,77178.71,77188.47,22139
1782118560,2026-06-22T14:26:00,77188.47,77210.37,77188.47,77203.26,11098
1782118620,2026-06-22T14:27:00,77202.36,77215.54,77199.77,77215.54,17135
1782118680,2026-06-22T14:28:00,77212.14,77233.37,77209.4,77233.01,36372
1782118740,2026-06-22T14:29:00,77232.56,77241.8,77221.26,77241.8,18718
1782118800,2026-06-22T14:30:00,77241.8,77251.31,77230.79,77231.39,25394
1782118860,2026-06-22T14:31:00,77220.43,77235.96,77213.49,77229.44,18360
1782118920,2026-06-22T14:32:00,77230.04,77234.69,77216.4,77224.42,24874
1782118980,2026-06-22T14:33:00,77224.57,77224.57,77192.24,77201.54,169640
1782119040,2026-06-22T14:34:00,77201.54,77218.49,77199.69,77209.5,19951
1782119100,2026-06-22T14:35:00,77215.4,77228.27,77207.44,77222.31,25301
1782119160,2026-06-22T14:36:00,77224.38,77232.9,77220.1,77232.9,22562
1782119220,2026-06-22T14:37:00,77232.9,77243.43,77219.27,77238.07,33584
1782119280,2026-06-22T14:38:00,77233.28,77250.97,77230.57,77249.78,1550479
1782119340,2026-06-22T14:39:00,77246.64,77246.64,77228.34,77232.44,15734
1782119400,2026-06-22T14:40:00,77238.47,77240.18,77226.9,77229.83,17770
1782119460,2026-06-22T14:41:00,77231.73,77239.13,77227.66,77231.23,13190
1782119520,2026-06-22T14:42:00,77229.83,77240.4,77221.24,77226.38,11440
1782119580,2026-06-22T14:43:00,77228.11,77232.56,77215.37,77221.96,14795
1782119640,2026-06-22T14:44:00,77220.74,77227.44,77216.31,77219.65,10248
1782119700,2026-06-22T14:45:00,77220.14,77229.88,77219.26,77222.91,23359
1782119760,2026-06-22T14:46:00,77224.16,77244.41,77224.16,77238.84,13969
1782119820,2026-06-22T14:47:00,77237.98,77251.55,77235.05,77241.82,13286
1782119880,2026-06-22T14:48:00,77241.76,77247.39,77238.19,77241.82,18751
1782119940,2026-06-22T14:49:00,77239.31,77239.31,77225.44,77234.84,19126
1782120000,2026-06-22T14:50:00,77239.14,77239.43,77226.05,77234.22,9265
1782120060,2026-06-22T14:51:00,77236.03,77248.94,77234.37,77237.28,21025
1782120120,2026-06-22T14:52:00,77238.02,77241.13,77225.1,77230.24,7807
1782120180,2026-06-22T14:53:00,77226.5,77226.5,77210.24,77217.71,32715
1782120240,2026-06-22T14:54:00,77217.48,77229.52,77209.12,77209.12,11907
1782120300,2026-06-22T14:55:00,77209.12,77219.29,77200.38,77202.83,19097
1782120360,2026-06-22T14:56:00,77201.86,77211.25,77196.06,77203.57,10241
1782120420,2026-06-22T14:57:00,77203.57,77212.53,77194.35,77208.19,18209
1782120480,2026-06-22T14:58:00,77208.49,77215.4,77205.98,77212.16,13978
1782120540,2026-06-22T14:59:00,77217.77,77229.33,77213.69,77220.87,29541
1782120600,2026-06-22T15:00:00,77220.67,77238.22,77150.15,77151.75,36363
1782120660,2026-06-22T15:01:00,77151.91,77176.27,77151.91,77176.05,85158
1782120720,2026-06-22T15:02:00,77176.01,77176.01,77137.53,77137.53,37196
1782120780,2026-06-22T15:03:00,77138.36,77151.01,77136.89,77147.38,17441
1782120840,2026-06-22T15:04:00,77144.44,77162.16,77142.45,77150.92,17944
1782120900,2026-06-22T15:05:00,77152.85,77158.35,77136.03,77140.17,20227
1782120960,2026-06-22T15:06:00,77141.95,77145.31,77120.56,77120.56,30471
1782121020,2026-06-22T15:07:00,77120.84,77124.95,77107.49,77114.48,18299
1782121080,2026-06-22T15:08:00,77113.63,77116.61,77100.01,77102.61,16660
1782121140,2026-06-22T15:09:00,77098.18,77110.23,77094.44,77095.69,29634
1782121200,2026-06-22T15:10:00,77096.21,77101.06,77078.87,77097.54,34808
1782121260,2026-06-22T15:11:00,77098.03,77104.33,77086.5,77098.57,20205
1782121320,2026-06-22T15:12:00,77099.61,77105.76,77089.5,77097.04,29627
1782121380,2026-06-22T15:13:00,77098.32,77128.49,77098.32,77124.21,32404
1782121440,2026-06-22T15:14:00,77135.9,77135.9,77102.83,77102.83,30266
1782121500,2026-06-22T15:15:00,77103.59,77109.26,77096.92,77108.71,35635
1782121560,2026-06-22T15:16:00,77108.34,77118.25,77098.53,77104.62,32295
1782121620,2026-06-22T15:17:00,77110.37,77113.28,77097.59,77098.66,20574
1782121680,2026-06-22T15:18:00,77100.65,77100.65,77073.61,77074.22,32398
1782121740,2026-06-22T15:19:00,77072.15,77081.36,77061.28,77062.35,24996
1782121800,2026-06-22T15:20:00,77059.36,77076.0,77053.09,77053.55,44686
1782121860,2026-06-22T15:21:00,77055.59,77073.15,77049.15,77066.58,21197
1782121920,2026-06-22T15:22:00,77062.15,77069.74,77054.3,77065.37,25349
1782121980,2026-06-22T15:23:00,77065.31,77068.92,77051.91,77056.62,21992
1782122040,2026-06-22T15:24:00,77056.94,77061.71,77033.49,77039.06,37151
1782122100,2026-06-22T15:25:00,77039.25,77051.75,77021.24,77025.59,31615
1782122160,2026-06-22T15:26:00,77026.4,77045.58,77024.15,77031.67,27444
1782122220,2026-06-22T15:27:00,77035.16,77041.53,77021.38,77032.76,31159
1782122280,2026-06-22T15:28:00,77028.93,77055.01,77025.8,77047.52,47061
1782122340,2026-06-22T15:29:00,77048.44,77069.09,77030.56,77042.87,36147
1782186300,2026-06-23T09:15:00,77086.05,77121.81,76916.64,76942.22,186863
1782186360,2026-06-23T09:16:00,76939.88,76939.88,76878.66,76917.73,192137
1782186420,2026-06-23T09:17:00,76918.67,76952.1,76918.67,76940.15,135477
1782186480,2026-06-23T09:18:00,76939.57,76960.53,76922.99,76959.08,70575
1782186540,2026-06-23T09:19:00,76960.17,76998.91,76958.77,76998.91,57655
1782186600,2026-06-23T09:20:00,76999.82,77043.53,76999.82,77038.25,110931
1782186660,2026-06-23T09:21:00,77043.35,77058.64,77031.65,77033.87,70744
1782186720,2026-06-23T09:22:00,77033.79,77035.14,77008.72,77020.36,51383
1782186780,2026-06-23T09:23:00,77021.54,77046.78,77019.68,77044.57,50196
1782186840,2026-06-23T09:24:00,77039.86,77045.21,77024.73,77025.69,46456
1782186900,2026-06-23T09:25:00,77024.78,77033.96,77010.27,77025.22,31045
1782186960,2026-06-23T09:26:00,77022.05,77031.26,77008.59,77022.8,39157
1782187020,2026-06-23T09:27:00,77025.15,77034.58,77021.79,77027.38,51210
1782187080,2026-06-23T09:28:00,77031.9,77045.41,77028.72,77030.13,43125
1782187140,2026-06-23T09:29:00,77028.06,77040.7,77023.02,77040.7,37263
1782187200,2026-06-23T09:30:00,77041.91,77067.82,77036.0,77067.82,36216
1782187260,2026-06-23T09:31:00,77066.43,77084.07,77051.43,77082.51,30436
1782187320,2026-06-23T09:32:00,77084.38,77084.38,77066.38,77067.81,23060
1782187380,2026-06-23T09:33:00,77071.06,77082.43,77057.85,77076.07,37792
1782187440,2026-06-23T09:34:00,77075.66,77085.82,77061.6,77067.26,34878
1782187500,2026-06-23T09:35:00,77072.35,77090.93,77064.0,77088.22,21871
1782187560,2026-06-23T09:36:00,77089.56,77107.33,77089.53,77097.85,47937
1782187620,2026-06-23T09:37:00,77099.25,77133.08,77088.77,77123.6,36623
1782187680,2026-06-23T09:38:00,77123.6,77137.9,77114.95,77122.78,24310
1782187740,2026-06-23T09:39:00,77125.73,77153.13,77120.15,77141.43,26640
1782187800,2026-06-23T09:40:00,77147.64,77169.08,77134.86,77134.86,23098
1782187860,2026-06-23T09:41:00,77131.45,77138.74,77105.98,77119.14,33869
1782187920,2026-06-23T09:42:00,77121.39,77140.9,77121.1,77130.84,23666
1782187980,2026-06-23T09:43:00,77130.28,77130.28,77110.2,77119.88,17745
1782188040,2026-06-23T09:44:00,77117.92,77128.58,77110.0,77126.18,25108
1782188100,2026-06-23T09:45:00,77126.53,77129.66,77115.43,77119.85,28132
1782188160,2026-06-23T09:46:00,77120.53,77130.8,77101.94,77124.42,29714
1782188220,2026-06-23T09:47:00,77126.85,77133.75,77114.39,77125.67,13052
1782188280,2026-06-23T09:48:00,77129.87,77130.23,77114.68,77127.53,24528
1782188340,2026-06-23T09:49:00,77125.86,77138.52,77123.0,77130.47,13061
1782188400,2026-06-23T09:50:00,77131.4,77143.39,77112.04,77140.58,35543
1782188460,2026-06-23T09:51:00,77134.73,77152.98,77133.06,77141.06,41263
1782188520,2026-06-23T09:52:00,77140.47,77147.66,77121.53,77124.62,15933
1782188580,2026-06-23T09:53:00,77124.17,77137.54,77120.77,77129.4,18025
1782188640,2026-06-23T09:54:00,77129.4,77151.15,77123.69,77149.22,28305
1782188700,2026-06-23T09:55:00,77148.65,77161.9,77147.19,77159.72,12470
1782188760,2026-06-23T09:56:00,77159.51,77173.61,77149.6,77165.42,27160
1782188820,2026-06-23T09:57:00,77164.68,77181.93,77164.05,77174.8,34011
1782188880,2026-06-23T09:58:00,77176.11,77179.18,77163.63,77179.02,32900
1782188940,2026-06-23T09:59:00,77174.25,77184.39,77169.82,77182.25,14370
1782189000,2026-06-23T10:00:00,77176.47,77192.63,77168.96,77174.45,27365
1782189060,2026-06-23T10:01:00,77174.45,77175.15,77158.43,77162.31,25281
1782189120,2026-06-23T10:02:00,77166.87,77170.34,77141.6,77142.86,11193
1782189180,2026-06-23T10:03:00,77143.03,77167.94,77142.09,77166.87,15035
1782189240,2026-06-23T10:04:00,77171.92,77174.42,77158.47,77158.47,17781
1782189300,2026-06-23T10:05:00,77160.58,77173.24,77155.08,77168.64,31121
1782189360,2026-06-23T10:06:00,77169.6,77176.77,77146.94,77147.84,14779
1782189420,2026-06-23T10:07:00,77148.58,77156.03,77131.52,77137.8,20532
1782189480,2026-06-23T10:08:00,77137.34,77145.55,77132.96,77140.35,20243
1782189540,2026-06-23T10:09:00,77141.45,77165.55,77134.31,77165.49,18043
1782189600,2026-06-23T10:10:00,77165.12,77185.54,77162.64,77162.64,14919
1782189660,2026-06-23T10:11:00,77165.08,77175.32,77160.17,77167.73,15644
1782189720,2026-06-23T10:12:00,77172.42,77172.42,77148.4,77165.34,17938
1782189780,2026-06-23T10:13:00,77164.32,77171.9,77152.07,77163.71,14603
1782189840,2026-06-23T10:14:00,77162.31,77163.54,77154.22,77159.82,9909
1782189900,2026-06-23T10:15:00,77158.08,77169.05,77151.55,77162.87,25409
1782189960,2026-06-23T10:16:00,77162.63,77166.65,77149.99,77151.7,10193
1782190020,2026-06-23T10:17:00,77152.15,77155.48,77143.24,77143.24,18277
1782190080,2026-06-23T10:18:00,77133.6,77147.48,77129.7,77140.13,17052
1782190140,2026-06-23T10:19:00,77140.69,77176.78,77136.19,77176.78,13038
1782190200,2026-06-23T10:20:00,77178.68,77182.34,77166.56,77180.94,24658
1782190260,2026-06-23T10:21:00,77179.13,77185.87,77169.88,77172.05,25545
1782190320,2026-06-23T10:22:00,77178.77,77185.04,77167.54,77168.08,12250
1782190380,2026-06-23T10:23:00,77167.26,77177.46,77154.63,77165.82,10253
1782190440,2026-06-23T10:24:00,77165.53,77166.21,77152.13,77166.21,19333
1782190500,2026-06-23T10:25:00,77162.79,77162.79,77141.58,77156.79,19518
1782190560,2026-06-23T10:26:00,77153.2,77153.2,77137.47,77142.33,26232
1782190620,2026-06-23T10:27:00,77141.52,77141.52,77129.87,77132.73,18453
1782190680,2026-06-23T10:28:00,77133.2,77142.26,77126.11,77131.14,318048
1782190740,2026-06-23T10:29:00,77132.65,77133.6,77112.7,77126.04,29435
1782190800,2026-06-23T10:30:00,77127.54,77139.51,77124.65,77139.51,12869
1782190860,2026-06-23T10:31:00,77138.71,77141.56,77122.25,77125.94,9063
1782190920,2026-06-23T10:32:00,77125.21,77128.12,77112.71,77116.8,508982
1782190980,2026-06-23T10:33:00,77121.77,77123.68,77109.13,77109.13,51503
1782191040,2026-06-23T10:34:00,77108.79,77131.34,77104.72,77131.03,41414
1782191100,2026-06-23T10:35:00,77133.46,77154.54,77133.46,77153.51,851720
1782191160,2026-06-23T10:36:00,77150.65,77156.91,77141.46,77148.23,14072
1782191220,2026-06-23T10:37:00,77148.15,77158.95,77143.74,77148.42,51500
1782191280,2026-06-23T10:38:00,77146.38,77150.11,77122.3,77122.3,14509
1782191340,2026-06-23T10:39:00,77117.32,77153.82,77111.88,77152.93,21823
1782191400,2026-06-23T10:40:00,77153.19,77169.98,77145.36,77167.71,14543
1782191460,2026-06-23T10:41:00,77167.49,77168.31,77147.56,77153.0,18368
1782191520,2026-06-23T10:42:00,77155.87,77167.16,77150.64,77156.61,15541
1782191580,2026-06-23T10:43:00,77157.36,77160.8,77149.48,77152.68,12730
1782191640,2026-06-23T10:44:00,77154.67,77155.75,77131.82,77132.72,21304
1782191700,2026-06-23T10:45:00,77122.61,77130.58,77111.81,77114.22,21524
1782191760,2026-06-23T10:46:00,77114.86,77115.17,77106.62,77115.17,9821
1782191820,2026-06-23T10:47:00,77116.17,77121.76,77105.62,77121.57,19171
1782191880,2026-06-23T10:48:00,77122.39,77127.69,77105.99,77109.07,19587
1782191940,2026-06-23T10:49:00,77108.85,77108.85,77091.76,77108.06,16830
1782192000,2026-06-23T10:50:00,77108.36,77129.85,77104.33,77124.06,10815
1782192060,2026-06-23T10:51:00,77122.96,77126.24,77103.19,77107.91,10262
1782192120,2026-06-23T10:52:00,77108.46,77112.64,77099.32,77100.11,8746
1782192180,2026-06-23T10:53:00,77103.62,77106.04,77089.43,77104.6,18515
1782192240,2026-06-23T10:54:00,77105.51,77108.24,77098.75,77106.62,9440
1782192300,2026-06-23T10:55:00,77107.65,77109.47,77092.7,77105.83,12103
1782192360,2026-06-23T10:56:00,77103.32,77103.32,77092.16,77097.61,9593
1782192420,2026-06-23T10:57:00,77097.66,77097.66,77077.15,77083.88,27253
1782192480,2026-06-23T10:58:00,77080.75,77085.98,77076.96,77080.6,16237
1782192540,2026-06-23T10:59:00,77080.3,77088.98,77075.68,77079.42,9290
1782192600,2026-06-23T11:00:00,77087.75,77088.22,77069.92,77070.79,15259
1782192660,2026-06-23T11:01:00,77071.37,77077.18,77052.55,77054.19,10069
1782192720,2026-06-23T11:02:00,77055.14,77079.27,77052.7,77072.73,32388
1782192780,2026-06-23T11:03:00,77074.21,77104.73,77068.66,77103.04,16810
1782192840,2026-06-23T11:04:00,77100.97,77105.69,77090.84,77097.09,11886
1782192900,2026-06-23T11:05:00,77096.51,77101.11,77092.51,77097.7,7902
1782192960,2026-06-23T11:06:00,77097.78,77114.67,77096.51,77108.9,16859
1782193020,2026-06-23T11:07:00,77112.99,77135.33,77111.43,77119.51,14423
1782193080,2026-06-23T11:08:00,77119.04,77132.55,77117.17,77123.04,10432
1782193140,2026-06-23T11:09:00,77122.61,77127.02,77109.14,77110.38,18128
1782193200,2026-06-23T11:10:00,77109.69,77133.54,77109.69,77129.21,13066
1782193260,2026-06-23T11:11:00,77130.72,77134.92,77121.36,77121.36,9268
1782193320,2026-06-23T11:12:00,77122.47,77146.69,77121.29,77146.69,10121
1782193380,2026-06-23T11:13:00,77144.98,77150.1,77139.29,77149.31,11726
1782193440,2026-06-23T11:14:00,77148.44,77148.59,77138.41,77140.22,40389
1782193500,2026-06-23T11:15:00,77140.22,77170.86,77139.59,77162.02,9007
1782193560,2026-06-23T11:16:00,77161.81,77171.58,77152.55,77171.29,38703
1782193620,2026-06-23T11:17:00,77172.84,77175.99,77161.14,77173.5,10809
1782193680,2026-06-23T11:18:00,77173.79,77194.56,77171.6,77178.7,22454
1782193740,2026-06-23T11:19:00,77178.26,77190.64,77177.65,77190.64,12812
1782193800,2026-06-23T11:20:00,77191.07,77194.83,77174.9,77178.72,15660
1782193860,2026-06-23T11:21:00,77181.26,77188.8,77163.69,77166.43,13255
1782193920,2026-06-23T11:22:00,77162.47,77165.1,77143.25,77151.1,20149
1782193980,2026-06-23T11:23:00,77145.98,77173.53,77145.03,77173.53,16710
1782194040,2026-06-23T11:24:00,77172.19,77175.68,77162.79,77162.79,9927
1782194100,2026-06-23T11:25:00,77164.67,77166.22,77148.82,77153.29,9718
1782194160,2026-06-23T11:26:00,77154.91,77164.67,77150.95,77157.77,6531
1782194220,2026-06-23T11:27:00,77157.06,77169.33,77152.14,77157.57,6613
1782194280,2026-06-23T11:28:00,77156.2,77157.72,77143.53,77144.76,10550
1782194340,2026-06-23T11:29:00,77143.41,77152.17,77134.3,77138.23,8054
1782194400,2026-06-23T11:30:00,77137.12,77141.4,77118.6,77128.28,20941
1782194460,2026-06-23T11:31:00,77128.18,77128.84,77102.81,77113.75,33475
1782194520,2026-06-23T11:32:00,77112.35,77124.28,77106.9,77110.68,15452
1782194580,2026-06-23T11:33:00,77110.16,77115.75,77105.23,77113.87,27604
1782194640,2026-06-23T11:34:00,77114.64,77123.21,77104.14,77118.4,9341
1782194700,2026-06-23T11:35:00,77116.37,77116.37,77099.32,77105.05,27786
1782194760,2026-06-23T11:36:00,77106.8,77110.59,77093.26,77106.08,23732
1782194820,2026-06-23T11:37:00,77106.24,77108.47,77093.58,77093.9,18576
1782194880,2026-06-23T11:38:00,77094.78,77097.54,77068.92,77087.36,54471
1782194940,2026-06-23T11:39:00,77086.78,77101.61,77075.89,77094.61,24403
1782195000,2026-06-23T11:40:00,77097.04,77097.04,77074.0,77074.42,13188
1782195060,2026-06-23T11:41:00,77075.06,77084.99,77066.85,77066.85,24802
1782195120,2026-06-23T11:42:00,77068.32,77084.65,77065.27,77077.78,27689
1782195180,2026-06-23T11:43:00,77077.67,77079.24,77046.65,77048.23,11056
1782195240,2026-06-23T11:44:00,77049.99,77058.52,77045.35,77050.53,36760
1782195300,2026-06-23T11:45:00,77051.65,77052.33,76947.96,76947.96,59491
1782195360,2026-06-23T11:46:00,76945.23,76945.49,76909.2,76909.2,33016
1782195420,2026-06-23T11:47:00,76908.49,76948.17,76908.49,76938.94,14170
1782195480,2026-06-23T11:48:00,76938.71,76938.77,76887.21,76894.05,40752
1782195540,2026-06-23T11:49:00,76893.13,76893.13,76848.71,76848.89,23405
1782195600,2026-06-23T11:50:00,76849.3,76856.38,76823.99,76846.46,29997
1782195660,2026-06-23T11:51:00,76846.38,76857.02,76829.52,76850.17,30859
1782195720,2026-06-23T11:52:00,76850.39,76861.76,76844.12,76857.9,17950
1782195780,2026-06-23T11:53:00,76860.34,76862.3,76837.31,76848.27,18453
1782195840,2026-06-23T11:54:00,76848.4,76849.72,76833.51,76837.45,27779
1782195900,2026-06-23T11:55:00,76835.1,76849.3,76795.5,76795.5,37045
1782195960,2026-06-23T11:56:00,76785.38,76788.23,76742.85,76755.28,32322
1782196020,2026-06-23T11:57:00,76749.18,76760.66,76739.09,76743.61,990477
1782196080,2026-06-23T11:58:00,76743.41,76743.45,76698.91,76698.96,42245
1782196140,2026-06-23T11:59:00,76701.22,76720.9,76694.23,76712.62,33694
1782196200,2026-06-23T12:00:00,76712.03,76717.69,76676.48,76716.51,25603
1782196260,2026-06-23T12:01:00,76723.98,76734.73,76712.92,76732.24,13337
1782196320,2026-06-23T12:02:00,76730.93,76749.21,76723.83,76740.36,30060
1782196380,2026-06-23T12:03:00,76740.77,76742.77,76689.69,76689.69,69752
1782196440,2026-06-23T12:04:00,76690.24,76701.28,76670.16,76671.37,51535
1782196500,2026-06-23T12:05:00,76673.12,76681.94,76666.97,76680.55,26826
1782196560,2026-06-23T12:06:00,76675.94,76689.98,76674.83,76685.55,21908
1782196620,2026-06-23T12:07:00,76684.08,76686.51,76659.02,76659.41,11117
1782196680,2026-06-23T12:08:00,76658.99,76661.02,76631.66,76659.0,15280
1782196740,2026-06-23T12:09:00,76660.71,76662.48,76637.03,76660.73,10943
1782196800,2026-06-23T12:10:00,76660.83,76662.49,76646.24,76646.3,18567
1782196860,2026-06-23T12:11:00,76646.64,76647.46,76627.04,76631.28,23581
1782196920,2026-06-23T12:12:00,76632.53,76641.48,76615.99,76626.13,15455
1782196980,2026-06-23T12:13:00,76627.57,76649.23,76621.97,76649.23,70360
1782197040,2026-06-23T12:14:00,76646.11,76662.64,76638.35,76649.92,16749
1782197100,2026-06-23T12:15:00,76649.31,76654.52,76637.01,76653.58,11625
1782197160,2026-06-23T12:16:00,76654.38,76663.59,76648.13,76659.22,14526
1782197220,2026-06-23T12:17:00,76659.68,76680.06,76652.92,76653.34,22403
1782197280,2026-06-23T12:18:00,76648.24,76661.61,76646.34,76650.42,12527
1782197340,2026-06-23T12:19:00,76649.12,76665.19,76648.38,76663.37,15406
1782197400,2026-06-23T12:20:00,76661.66,76661.91,76611.32,76616.8,21414
1782197460,2026-06-23T12:21:00,76616.17,76616.17,76555.92,76555.92,41377
1782197520,2026-06-23T12:22:00,76557.45,76557.45,76501.52,76507.19,32503
1782197580,2026-06-23T12:23:00,76507.14,76527.63,76507.14,76526.1,46802
1782197640,2026-06-23T12:24:00,76528.51,76529.42,76509.46,76510.15,13655
1782197700,2026-06-23T12:25:00,76509.82,76551.71,76508.97,76550.37,21155
1782197760,2026-06-23T12:26:00,76551.06,76593.75,76541.91,76593.75,24052
1782197820,2026-06-23T12:27:00,76593.69,76617.07,76586.39,76614.05,13550
1782197880,2026-06-23T12:28:00,76611.7,76616.82,76591.63,76598.2,12466
1782197940,2026-06-23T12:29:00,76596.45,76603.41,76591.42,76594.53,10739
1782198000,2026-06-23T12:30:00,76596.22,76604.27,76583.37,76594.99,60949
1782198060,2026-06-23T12:31:00,76592.69,76599.27,76578.24,76578.24,12708
1782198120,2026-06-23T12:32:00,76578.24,76587.82,76568.33,76570.68,25106
1782198180,2026-06-23T12:33:00,76567.59,76572.73,76557.71,76572.73,15348
1782198240,2026-06-23T12:34:00,76568.5,76571.62,76556.9,76561.82,11519
1782198300,2026-06-23T12:35:00,76563.64,76571.81,76560.36,76569.78,11562
1782198360,2026-06-23T12:36:00,76570.78,76576.88,76562.69,76568.5,14629
1782198420,2026-06-23T12:37:00,76569.09,76601.38,76560.24,76597.14,10777
1782198480,2026-06-23T12:38:00,76596.34,76619.34,76593.58,76619.34,6857
1782198540,2026-06-23T12:39:00,76622.81,76637.6,76622.17,76636.82,8714
1782198600,2026-06-23T12:40:00,76634.48,76634.99,76595.33,76597.64,14281
1782198660,2026-06-23T12:41:00,76593.71,76612.46,76593.71,76610.68,9905
1782198720,2026-06-23T12:42:00,76610.68,76629.55,76610.68,76629.46,19538
1782198780,2026-06-23T12:43:00,76629.46,76629.46,76607.84,76611.47,11840
1782198840,2026-06-23T12:44:00,76610.77,76614.31,76600.99,76608.42,11836
1782198900,2026-06-23T12:45:00,76608.08,76614.65,76601.56,76608.03,9468
1782198960,2026-06-23T12:46:00,76607.46,76619.25,76606.36,76610.4,24139
1782199020,2026-06-23T12:47:00,76611.23,76614.3,76579.91,76580.72,12166
1782199080,2026-06-23T12:48:00,76577.74,76578.02,76568.21,76569.29,8643
1782199140,2026-06-23T12:49:00,76568.07,76569.69,76542.56,76546.52,13498
1782199200,2026-06-23T12:50:00,76546.58,76555.62,76541.45,76550.18,9829
1782199260,2026-06-23T12:51:00,76550.2,76567.49,76549.63,76562.32,13107
1782199320,2026-06-23T12:52:00,76561.16,76568.71,76553.29,76568.25,11156
1782199380,2026-06-23T12:53:00,76565.53,76580.73,76565.22,76574.48,20253
1782199440,2026-06-23T12:54:00,76575.46,76575.8,76566.07,76570.47,9555
1782199500,2026-06-23T12:55:00,76571.06,76578.89,76563.44,76564.05,36575
1782199560,2026-06-23T12:56:00,76557.33,76571.37,76557.33,76571.37,19585
1782199620,2026-06-23T12:57:00,76571.45,76581.05,76571.32,76573.54,14932
1782199680,2026-06-23T12:58:00,76573.8,76585.84,76573.8,76576.5,12278
1782199740,2026-06-23T12:59:00,76574.93,76589.47,76573.39,76583.72,24406
1782199800,2026-06-23T13:00:00,76583.27,76584.51,76566.95,76568.12,19263
1782199860,2026-06-23T13:01:00,76567.76,76568.99,76536.25,76540.54,22916
1782199920,2026-06-23T13:02:00,76541.94,76541.94,76520.85,76520.85,19639
1782199980,2026-06-23T13:03:00,76523.26,76535.73,76516.42,76535.73,9197
1782200040,2026-06-23T13:04:00,76535.59,76539.36,76518.3,76538.84,9633
1782200100,2026-06-23T13:05:00,76537.91,76568.18,76533.1,76566.96,13276
1782200160,2026-06-23T13:06:00,76568.39,76590.03,76568.39,76580.7,22455
1782200220,2026-06-23T13:07:00,76581.68,76583.07,76565.35,76565.97,11670
1782200280,2026-06-23T13:08:00,76567.17,76579.32,76560.64,76579.32,10139
1782200340,2026-06-23T13:09:00,76578.65,76597.54,76576.21,76597.54,30333
1782200400,2026-06-23T13:10:00,76594.05,76596.39,76588.32,76590.82,10512
1782200460,2026-06-23T13:11:00,76586.41,76586.41,76573.5,76580.07,8023
1782200520,2026-06-23T13:12:00,76580.07,76594.02,76574.61,76592.06,12931
1782200580,2026-06-23T13:13:00,76592.06,76592.6,76578.44,76582.84,10307
1782200640,2026-06-23T13:14:00,76582.71,76586.1,76569.37,76571.66,10314
1782200700,2026-06-23T13:15:00,76569.58,76569.73,76531.28,76531.6,16423
1782200760,2026-06-23T13:16:00,76530.89,76532.83,76510.06,76532.83,12016
1782200820,2026-06-23T13:17:00,76528.94,76554.58,76528.94,76554.58,15036
1782200880,2026-06-23T13:18:00,76554.12,76562.98,76550.26,76559.64,11408
1782200940,2026-06-23T13:19:00,76562.62,76572.87,76555.79,76560.96,6363
1782201000,2026-06-23T13:20:00,76560.24,76576.77,76554.83,76574.0,9256
1782201060,2026-06-23T13:21:00,76574.86,76589.22,76572.07,76581.64,14441
1782201120,2026-06-23T13:22:00,76578.39,76578.39,76560.65,76562.74,7917
1782201180,2026-06-23T13:23:00,76563.44,76578.61,76563.44,76571.43,10713
1782201240,2026-06-23T13:24:00,76571.86,76572.13,76556.36,76558.43,14017
1782201300,2026-06-23T13:25:00,76558.59,76562.32,76535.9,76535.9,12305
1782201360,2026-06-23T13:26:00,76536.6,76536.6,76517.95,76519.5,16504
1782201420,2026-06-23T13:27:00,76519.41,76523.39,76504.23,76507.92,10091
1782201480,2026-06-23T13:28:00,76506.53,76513.57,76502.67,76511.91,13874
1782201540,2026-06-23T13:29:00,76511.53,76517.13,76507.57,76511.43,13992
1782201600,2026-06-23T13:30:00,76509.58,76518.52,76433.89,76433.89,38526
1782201660,2026-06-23T13:31:00,76434.19,76442.63,76422.65,76426.74,14587
1782201720,2026-06-23T13:32:00,76425.46,76434.81,76416.87,76418.8,19088
1782201780,2026-06-23T13:33:00,76418.8,76424.67,76412.64,76417.88,60498
1782201840,2026-06-23T13:34:00,76416.07,76416.07,76397.93,76410.15,20135
1782201900,2026-06-23T13:35:00,76407.62,76407.62,76371.7,76394.39,16032
1782201960,2026-06-23T13:36:00,76393.98,76420.59,76392.76,76420.02,15130
1782202020,2026-06-23T13:37:00,76418.6,76422.8,76409.37,76410.86,20069
1782202080,2026-06-23T13:38:00,76407.75,76427.6,76407.75,76408.85,12130
1782202140,2026-06-23T13:39:00,76409.29,76425.86,76406.41,76422.1,17551
1782202200,2026-06-23T13:40:00,76418.67,76434.51,76416.92,76434.51,20229
1782202260,2026-06-23T13:41:00,76434.28,76448.82,76430.08,76448.47,23819
1782202320,2026-06-23T13:42:00,76448.54,76457.76,76436.96,76439.4,7549
1782202380,2026-06-23T13:43:00,76442.5,76473.1,76442.5,76469.04,12719
1782202440,2026-06-23T13:44:00,76468.71,76472.53,76454.87,76467.64,11972
1782202500,2026-06-23T13:45:00,76467.46,76476.02,76456.77,76473.74,9236
1782202560,2026-06-23T13:46:00,76473.41,76473.48,76447.77,76449.71,18249
1782202620,2026-06-23T13:47:00,76448.81,76464.12,76437.31,76459.32,23367
1782202680,2026-06-23T13:48:00,76456.96,76458.33,76443.17,76450.34,13863
1782202740,2026-06-23T13:49:00,76451.57,76473.19,76450.25,76467.59,18592
1782202800,2026-06-23T13:50:00,76468.02,76468.84,76433.79,76435.78,22768
1782202860,2026-06-23T13:51:00,76432.38,76433.77,76399.31,76402.31,31636
1782202920,2026-06-23T13:52:00,76403.46,76408.4,76382.63,76390.99,32310
1782202980,2026-06-23T13:53:00,76389.38,76406.89,76385.98,76399.29,20958
1782203040,2026-06-23T13:54:00,76398.37,76410.3,76398.37,76407.9,15603
1782203100,2026-06-23T13:55:00,76405.8,76418.37,76385.32,76386.91,55159
1782203160,2026-06-23T13:56:00,76384.5,76385.79,76374.63,76376.31,9981
1782203220,2026-06-23T13:57:00,76376.31,76406.46,76376.31,76403.82,9371
1782203280,2026-06-23T13:58:00,76403.94,76416.26,76391.76,76402.72,7908
1782203340,2026-06-23T13:59:00,76402.72,76409.22,76391.4,76395.73,12021
1782203400,2026-06-23T14:00:00,76398.05,76404.46,76384.97,76396.12,25174
1782203460,2026-06-23T14:01:00,76396.34,76408.46,76392.3,76397.72,23946
1782203520,2026-06-23T14:02:00,76395.32,76399.57,76382.43,76394.81,9054
1782203580,2026-06-23T14:03:00,76396.66,76425.25,76396.66,76425.25,17618
1782203640,2026-06-23T14:04:00,76424.53,76463.13,76424.53,76463.13,20748
1782203700,2026-06-23T14:05:00,76465.53,76476.52,76462.78,76472.22,11177
1782203760,2026-06-23T14:06:00,76474.08,76486.78,76463.66,76464.55,17791
1782203820,2026-06-23T14:07:00,76464.26,76465.18,76424.55,76424.55,10234
1782203880,2026-06-23T14:08:00,76424.55,76458.09,76423.68,76458.09,20183
1782203940,2026-06-23T14:09:00,76459.21,76459.21,76436.89,76445.3,18809
1782204000,2026-06-23T14:10:00,76444.71,76468.17,76443.1,76468.17,9506
1782204060,2026-06-23T14:11:00,76467.01,76496.33,76464.99,76492.87,26762
1782204120,2026-06-23T14:12:00,76492.87,76531.58,76490.95,76527.81,24288
1782204180,2026-06-23T14:13:00,76528.59,76540.68,76528.59,76535.76,31585
1782204240,2026-06-23T14:14:00,76536.11,76536.11,76522.31,76534.58,6233
1782204300,2026-06-23T14:15:00,76533.42,76534.41,76520.95,76520.95,33193
1782204360,2026-06-23T14:16:00,76525.45,76530.33,76511.31,76530.33,12119
1782204420,2026-06-23T14:17:00,76530.33,76548.77,76527.12,76543.24,15691
1782204480,2026-06-23T14:18:00,76543.24,76547.79,76522.63,76525.32,13494
1782204540,2026-06-23T14:19:00,76529.81,76534.44,76486.55,76488.89,42984
1782204600,2026-06-23T14:20:00,76488.44,76488.44,76475.64,76486.26,42848
1782204660,2026-06-23T14:21:00,76490.79,76518.11,76485.08,76518.11,136249
1782204720,2026-06-23T14:22:00,76517.38,76539.75,76517.38,76526.81,16252
1782204780,2026-06-23T14:23:00,76524.91,76534.77,76520.14,76530.42,13590
1782204840,2026-06-23T14:24:00,76530.37,76537.75,76524.12,76536.66,13832
1782204900,2026-06-23T14:25:00,76536.84,76545.8,76523.75,76528.37,31495
1782204960,2026-06-23T14:26:00,76528.82,76545.13,76528.82,76541.52,25357
1782205020,2026-06-23T14:27:00,76541.52,76550.54,76535.53,76542.42,41816
1782205080,2026-06-23T14:28:00,76542.92,76545.05,76523.22,76523.22,9655
1782205140,2026-06-23T14:29:00,76525.64,76528.98,76514.12,76528.98,13761
1782205200,2026-06-23T14:30:00,76529.24,76546.82,76528.4,76534.44,10125
1782205260,2026-06-23T14:31:00,76534.09,76537.7,76524.32,76527.44,9217
1782205320,2026-06-23T14:32:00,76526.01,76533.08,76521.79,76533.08,7175
1782205380,2026-06-23T14:33:00,76534.07,76535.48,76523.58,76526.95,7865
1782205440,2026-06-23T14:34:00,76529.58,76535.45,76514.81,76517.26,9581
1782205500,2026-06-23T14:35:00,76518.07,76524.72,76499.45,76502.13,19602
1782205560,2026-06-23T14:36:00,76501.75,76517.95,76495.65,76516.31,17257
1782205620,2026-06-23T14:37:00,76516.18,76517.27,76497.98,76500.36,10897
1782205680,2026-06-23T14:38:00,76502.04,76521.66,76502.04,76519.6,109490
1782205740,2026-06-23T14:39:00,76519.6,76520.84,76503.3,76508.11,108130
1782205800,2026-06-23T14:40:00,76509.11,76509.11,76484.22,76489.75,15734
1782205860,2026-06-23T14:41:00,76490.1,76524.33,76490.1,76524.33,12305
1782205920,2026-06-23T14:42:00,76523.76,76544.97,76522.28,76544.97,36539
1782205980,2026-06-23T14:43:00,76549.95,76568.88,76549.95,76567.81,18242
1782206040,2026-06-23T14:44:00,76569.1,76571.64,76552.76,76553.82,10408
1782206100,2026-06-23T14:45:00,76556.62,76572.57,76555.3,76568.94,17881
1782206160,2026-06-23T14:46:00,76573.74,76575.44,76539.19,76539.19,16077
1782206220,2026-06-23T14:47:00,76540.51,76541.49,76519.54,76532.39,7905
1782206280,2026-06-23T14:48:00,76536.97,76536.97,76509.89,76511.41,8467
1782206340,2026-06-23T14:49:00,76509.8,76528.49,76497.63,76528.34,17702
1782206400,2026-06-23T14:50:00,76529.2,76549.76,76529.2,76536.14,21554
1782206460,2026-06-23T14:51:00,76534.77,76534.77,76500.7,76500.7,21788
1782206520,2026-06-23T14:52:00,76500.34,76525.79,76499.89,76520.71,14748
1782206580,2026-06-23T14:53:00,76517.69,76525.18,76498.79,76504.4,18823
1782206640,2026-06-23T14:54:00,76508.39,76546.83,76507.1,76523.61,18429
1782206700,2026-06-23T14:55:00,76525.08,76539.37,76522.64,76534.54,12904
1782206760,2026-06-23T14:56:00,76533.19,76547.98,76528.01,76535.52,11869
1782206820,2026-06-23T14:57:00,76539.0,76549.96,76531.39,76549.96,7189
1782206880,2026-06-23T14:58:00,76547.26,76547.81,76520.41,76536.21,11032
1782206940,2026-06-23T14:59:00,76531.65,76556.2,76494.84,76505.73,26607
1782207000,2026-06-23T15:00:00,76503.4,76511.22,76288.5,76296.25,70561
1782207060,2026-06-23T15:01:00,76292.21,76292.21,76217.68,76239.91,82191
1782207120,2026-06-23T15:02:00,76242.79,76259.69,76237.9,76242.57,23428
1782207180,2026-06-23T15:03:00,76243.47,76245.97,76226.36,76226.36,23524
1782207240,2026-06-23T15:04:00,76225.03,76248.6,76187.83,76245.26,48869
1782207300,2026-06-23T15:05:00,76243.49,76276.01,76241.77,76272.7,32364
1782207360,2026-06-23T15:06:00,76273.58,76305.32,76273.58,76289.35,33926
1782207420,2026-06-23T15:07:00,76288.32,76290.22,76275.91,76286.18,16711
1782207480,2026-06-23T15:08:00,76287.35,76298.84,76283.91,76288.03,21909
1782207540,2026-06-23T15:09:00,76287.42,76292.39,76276.47,76282.98,46081
1782207600,2026-06-23T15:10:00,76272.5,76288.48,76252.69,76254.67,45011
1782207660,2026-06-23T15:11:00,76254.27,76319.87,76245.62,76287.86,64349
1782207720,2026-06-23T15:12:00,76285.98,76288.93,76226.11,76229.9,31024
1782207780,2026-06-23T15:13:00,76232.8,76247.75,76221.49,76240.42,30788
1782207840,2026-06-23T15:14:00,76240.92,76249.31,76223.72,76229.14,130610
1782207900,2026-06-23T15:15:00,76226.86,76230.12,76218.0,76223.07,66833
1782207960,2026-06-23T15:16:00,76222.06,76224.53,76198.12,76207.42,52014
1782208020,2026-06-23T15:17:00,76203.66,76211.24,76185.72,76191.68,162929
1782208080,2026-06-23T15:18:00,76189.83,76191.54,76148.62,76160.77,31966
1782208140,2026-06-23T15:19:00,76158.51,76160.25,76129.46,76156.02,40788
1782208200,2026-06-23T15:20:00,76155.97,76165.29,76128.77,76135.95,61368
1782208260,2026-06-23T15:21:00,76137.52,76178.51,76137.52,76159.64,24976
1782208320,2026-06-23T15:22:00,76156.9,76159.0,76128.2,76144.68,63492
1782208380,2026-06-23T15:23:00,76146.13,76187.08,76122.61,76135.83,70846
1782208440,2026-06-23T15:24:00,76129.86,76132.24,76105.74,76130.4,62581
1782208500,2026-06-23T15:25:00,76130.2,76130.85,76087.63,76093.37,36733
1782208560,2026-06-23T15:26:00,76092.76,76112.14,76092.76,76107.57,24226
1782208620,2026-06-23T15:27:00,76104.48,76114.32,76083.99,76101.01,46656
1782208680,2026-06-23T15:28:00,76095.41,76130.29,76088.19,76088.19,42701
1782208740,2026-06-23T15:29:00,76102.73,76131.04,76082.51,76111.93,28643
1782272700,2026-06-24T09:15:00,76173.14,76289.93,76121.59,76288.2,2886472
1782272760,2026-06-24T09:16:00,76294.96,76352.19,76288.52,76338.3,120648
1782272820,2026-06-24T09:17:00,76344.0,76361.92,76312.36,76355.72,100086
1782272880,2026-06-24T09:18:00,76353.92,76389.07,76347.04,76370.68,67401
1782272940,2026-06-24T09:19:00,76373.06,76381.53,76320.76,76320.76,120421
1782273000,2026-06-24T09:20:00,76320.82,76344.38,76302.76,76310.48,72359
1782273060,2026-06-24T09:21:00,76312.05,76361.89,76312.05,76360.59,65874
1782273120,2026-06-24T09:22:00,76360.95,76385.74,76349.36,76379.45,62768
1782273180,2026-06-24T09:23:00,76385.54,76422.13,76378.28,76386.58,50372
1782273240,2026-06-24T09:24:00,76387.6,76396.12,76362.37,76395.87,52223
1782273300,2026-06-24T09:25:00,76402.43,76405.49,76374.57,76398.86,51505
1782273360,2026-06-24T09:26:00,76403.26,76448.41,76398.04,76430.8,39655
1782273420,2026-06-24T09:27:00,76434.81,76436.4,76417.95,76421.31,231094
1782273480,2026-06-24T09:28:00,76419.91,76463.98,76419.91,76445.73,30332
1782273540,2026-06-24T09:29:00,76445.07,76454.42,76419.13,76448.63,29442
1782273600,2026-06-24T09:30:00,76449.04,76478.91,76447.82,76463.01,34587
1782273660,2026-06-24T09:31:00,76463.48,76472.94,76450.52,76453.77,70263
1782273720,2026-06-24T09:32:00,76455.84,76477.62,76455.84,76471.84,30072
1782273780,2026-06-24T09:33:00,76472.8,76476.9,76457.84,76460.51,24952
1782273840,2026-06-24T09:34:00,76450.83,76450.83,76420.9,76439.84,33191
1782273900,2026-06-24T09:35:00,76440.12,76440.73,76419.66,76435.61,30494
1782273960,2026-06-24T09:36:00,76411.51,76483.33,76411.51,76433.91,28683
1782274020,2026-06-24T09:37:00,76435.28,76448.15,76414.01,76433.24,30012
1782274080,2026-06-24T09:38:00,76433.42,76454.8,76400.65,76400.65,30873
1782274140,2026-06-24T09:39:00,76402.12,76459.74,76389.29,76458.37,41163
1782274200,2026-06-24T09:40:00,76460.14,76514.79,76450.1,76510.64,41723
1782274260,2026-06-24T09:41:00,76510.35,76511.38,76480.48,76482.63,29336
1782274320,2026-06-24T09:42:00,76484.34,76492.81,76466.56,76482.12,27147
1782274380,2026-06-24T09:43:00,76483.22,76486.6,76471.1,76477.66,21729
1782274440,2026-06-24T09:44:00,76477.31,76477.31,76441.42,76443.39,28633
1782274500,2026-06-24T09:45:00,76447.93,76463.98,76418.5,76435.44,60067
1782274560,2026-06-24T09:46:00,76434.6,76476.05,76431.4,76470.32,59237
1782274620,2026-06-24T09:47:00,76470.43,76470.43,76396.28,76396.28,42978
1782274680,2026-06-24T09:48:00,76396.5,76404.78,76372.2,76377.86,39714
1782274740,2026-06-24T09:49:00,76373.64,76376.93,76318.45,76318.45,546593
1782274800,2026-06-24T09:50:00,76313.72,76328.03,76294.44,76326.93,48935
1782274860,2026-06-24T09:51:00,76322.18,76322.18,76285.67,76285.94,55807
1782274920,2026-06-24T09:52:00,76284.36,76297.91,76259.49,76294.35,33918
1782274980,2026-06-24T09:53:00,76291.92,76299.24,76264.87,76274.49,35864
1782275040,2026-06-24T09:54:00,76270.54,76308.19,76267.66,76308.19,47192
1782275100,2026-06-24T09:55:00,76303.86,76355.34,76303.86,76355.05,28477
1782275160,2026-06-24T09:56:00,76350.01,76405.69,76350.01,76405.69,96424
1782275220,2026-06-24T09:57:00,76405.69,76405.69,76365.21,76366.75,29660
1782275280,2026-06-24T09:58:00,76370.28,76383.93,76354.62,76382.96,117448
1782275340,2026-06-24T09:59:00,76380.93,76396.46,76367.57,76378.01,38427
1782275400,2026-06-24T10:00:00,76378.54,76440.64,76378.43,76440.5,133907
1782275460,2026-06-24T10:01:00,76441.12,76460.06,76441.12,76457.62,111447
1782275520,2026-06-24T10:02:00,76458.36,76525.61,76458.13,76525.61,123628
1782275580,2026-06-24T10:03:00,76520.72,76564.18,76519.68,76559.48,20631
1782275640,2026-06-24T10:04:00,76553.21,76559.86,76536.16,76538.56,17236
1782275700,2026-06-24T10:05:00,76542.62,76550.48,76500.61,76535.9,13427
1782275760,2026-06-24T10:06:00,76535.0,76543.59,76498.31,76506.75,118212
1782275820,2026-06-24T10:07:00,76505.88,76530.37,76497.79,76526.73,26848
1782275880,2026-06-24T10:08:00,76533.13,76562.02,76529.15,76556.47,26320
1782275940,2026-06-24T10:09:00,76554.4,76583.02,76550.36,76578.7,12688
1782276000,2026-06-24T10:10:00,76581.59,76592.32,76567.51,76588.84,18975
1782276060,2026-06-24T10:11:00,76588.65,76603.24,76584.05,76587.69,17807
1782276120,2026-06-24T10:12:00,76588.58,76597.48,76573.52,76586.19,16666
1782276180,2026-06-24T10:13:00,76585.67,76619.74,76585.67,76612.99,11905
1782276240,2026-06-24T10:14:00,76612.28,76623.43,76607.35,76611.85,24866
1782276300,2026-06-24T10:15:00,76611.85,76635.55,76607.6,76610.17,29243
1782276360,2026-06-24T10:16:00,76615.71,76632.6,76602.34,76632.23,18476
1782276420,2026-06-24T10:17:00,76630.55,76669.43,76630.55,76653.37,25880
1782276480,2026-06-24T10:18:00,76655.65,76662.6,76648.59,76657.09,22254
1782276540,2026-06-24T10:19:00,76659.4,76662.5,76624.91,76625.75,21221
1782276600,2026-06-24T10:20:00,76624.4,76640.89,76620.09,76629.73,31846
1782276660,2026-06-24T10:21:00,76634.85,76660.68,76633.3,76660.68,21899
1782276720,2026-06-24T10:22:00,76659.28,76677.92,76659.28,76677.92,24095
1782276780,2026-06-24T10:23:00,76673.54,76705.68,76672.76,76699.64,23534
1782276840,2026-06-24T10:24:00,76700.05,76717.12,76697.09,76712.88,36541
1782276900,2026-06-24T10:25:00,76711.26,76736.71,76705.57,76723.11,32997
1782276960,2026-06-24T10:26:00,76723.26,76732.84,76720.6,76731.91,24765
1782277020,2026-06-24T10:27:00,76735.93,76788.88,76735.93,76784.63,81227
1782277080,2026-06-24T10:28:00,76784.53,76784.53,76722.61,76723.9,24496
1782277140,2026-06-24T10:29:00,76725.64,76744.51,76708.76,76708.76,39817
1782277200,2026-06-24T10:30:00,76740.98,76773.08,76736.07,76739.62,52534
1782277260,2026-06-24T10:31:00,76741.9,76743.13,76718.93,76720.66,21956
1782277320,2026-06-24T10:32:00,76720.66,76723.46,76707.17,76718.13,25184
1782277380,2026-06-24T10:33:00,76718.43,76729.39,76718.36,76724.56,44184
1782277440,2026-06-24T10:34:00,76726.61,76753.65,76726.61,76744.9,50228
1782277500,2026-06-24T10:35:00,76750.88,76750.88,76726.06,76740.44,34694
1782277560,2026-06-24T10:36:00,76740.36,76749.53,76694.01,76698.3,27422
1782277620,2026-06-24T10:37:00,76699.82,76704.61,76675.04,76679.33,15804
1782277680,2026-06-24T10:38:00,76680.66,76729.97,76679.5,76729.09,17949
1782277740,2026-06-24T10:39:00,76724.6,76724.6,76683.76,76703.21,16367
1782277800,2026-06-24T10:40:00,76705.73,76735.5,76705.73,76735.36,30873
1782277860,2026-06-24T10:41:00,76735.64,76745.76,76717.01,76744.33,32550
1782277920,2026-06-24T10:42:00,76741.46,76745.78,76701.7,76744.67,50224
1782277980,2026-06-24T10:43:00,76746.13,76747.01,76700.11,76703.64,21007
1782278040,2026-06-24T10:44:00,76704.71,76707.49,76641.07,76650.69,39708
1782278100,2026-06-24T10:45:00,76643.11,76703.98,76643.11,76703.98,988748
1782278160,2026-06-24T10:46:00,76703.03,76730.18,76697.03,76729.79,83913
1782278220,2026-06-24T10:47:00,76732.02,76754.5,76709.14,76710.72,11797
1782278280,2026-06-24T10:48:00,76711.41,76733.31,76711.41,76720.2,17374
1782278340,2026-06-24T10:49:00,76716.99,76719.37,76706.57,76706.57,12841
1782278400,2026-06-24T10:50:00,76707.61,76712.41,76693.5,76697.92,10169
1782278460,2026-06-24T10:51:00,76696.31,76713.92,76696.31,76708.94,14283
1782278520,2026-06-24T10:52:00,76711.6,76719.53,76710.32,76710.32,10636
1782278580,2026-06-24T10:53:00,76710.07,76732.95,76710.07,76712.43,14745
1782278640,2026-06-24T10:54:00,76716.1,76716.1,76692.15,76692.15,12967
1782278700,2026-06-24T10:55:00,76695.39,76716.72,76695.39,76714.49,8586
1782278760,2026-06-24T10:56:00,76711.06,76713.99,76686.86,76696.86,9198
1782278820,2026-06-24T10:57:00,76696.93,76713.92,76687.31,76713.92,15167
1782278880,2026-06-24T10:58:00,76712.76,76750.93,76710.19,76749.14,21046
1782278940,2026-06-24T10:59:00,76750.84,76760.37,76721.67,76729.75,10888
1782279000,2026-06-24T11:00:00,76733.86,76773.35,76733.86,76772.56,25977
1782279060,2026-06-24T11:01:00,76771.03,76775.1,76756.19,76772.77,28060
1782279120,2026-06-24T11:02:00,76784.96,76790.26,76778.22,76787.77,15664
1782279180,2026-06-24T11:03:00,76787.17,76800.36,76777.18,76777.18,286758
1782279240,2026-06-24T11:04:00,76777.18,76783.89,76770.31,76770.86,7881
1782279300,2026-06-24T11:05:00,76772.35,76793.97,76768.36,76792.13,22347
1782279360,2026-06-24T11:06:00,76797.59,76817.59,76785.93,76815.68,14866
1782279420,2026-06-24T11:07:00,76804.5,76817.58,76797.06,76801.37,18628
1782279480,2026-06-24T11:08:00,76802.08,76844.83,76802.08,76838.62,24119
1782279540,2026-06-24T11:09:00,76838.72,76867.1,76836.99,76859.48,25785
1782279600,2026-06-24T11:10:00,76859.13,76882.37,76837.14,76864.87,13630
1782279660,2026-06-24T11:11:00,76865.43,76868.52,76839.06,76842.55,14443
1782279720,2026-06-24T11:12:00,76842.55,76851.92,76819.9,76837.86,22181
1782279780,2026-06-24T11:13:00,76837.07,76849.76,76818.73,76844.16,16141
1782279840,2026-06-24T11:14:00,76841.69,76877.73,76841.69,76872.42,14907
1782279900,2026-06-24T11:15:00,76872.42,76880.52,76852.13,76874.9,16312
1782279960,2026-06-24T11:16:00,76875.8,76876.77,76854.45,76867.39,17780
1782280020,2026-06-24T11:17:00,76865.2,76870.75,76826.92,76868.23,13980
1782280080,2026-06-24T11:18:00,76867.0,76872.61,76830.3,76843.85,9396
1782280140,2026-06-24T11:19:00,76843.11,76843.11,76807.65,76819.3,19057
1782280200,2026-06-24T11:20:00,76819.95,76857.16,76812.34,76853.64,34977
1782280260,2026-06-24T11:21:00,76853.42,76856.62,76796.77,76834.55,12058
1782280320,2026-06-24T11:22:00,76833.68,76843.25,76819.96,76830.3,9166
1782280380,2026-06-24T11:23:00,76830.08,76862.42,76819.23,76824.57,18382
1782280440,2026-06-24T11:24:00,76822.59,76861.18,76822.59,76825.69,15048
1782280500,2026-06-24T11:25:00,76826.39,76845.89,76798.34,76798.66,25170
1782280560,2026-06-24T11:26:00,76797.06,76848.66,76792.2,76816.04,33510
1782280620,2026-06-24T11:27:00,76820.29,76856.89,76815.53,76844.46,20458
1782280680,2026-06-24T11:28:00,76843.96,76849.97,76836.89,76838.74,26483
1782280740,2026-06-24T11:29:00,76838.74,76848.16,76830.4,76841.17,13494
1782280800,2026-06-24T11:30:00,76841.77,76851.04,76803.93,76803.93,16181
1782280860,2026-06-24T11:31:00,76802.92,76805.74,76781.5,76781.89,11910
1782280920,2026-06-24T11:32:00,76781.02,76818.97,76776.62,76818.97,1428003
1782280980,2026-06-24T11:33:00,76818.97,76820.55,76798.55,76818.98,21459
1782281040,2026-06-24T11:34:00,76819.01,76836.18,76814.15,76826.84,20535
1782281100,2026-06-24T11:35:00,76826.35,76848.06,76817.17,76830.41,19611
1782281160,2026-06-24T11:36:00,76822.91,76858.5,76816.6,76823.08,14724
1782281220,2026-06-24T11:37:00,76820.89,76843.31,76809.44,76839.5,34958
1782281280,2026-06-24T11:38:00,76842.59,76847.93,76812.03,76846.28,35260
1782281340,2026-06-24T11:39:00,76845.94,76877.63,76837.57,76839.43,21214
1782281400,2026-06-24T11:40:00,76838.3,76884.95,76836.09,76872.23,26561
1782281460,2026-06-24T11:41:00,76868.3,76902.33,76858.52,76858.52,9985
1782281520,2026-06-24T11:42:00,76859.86,76904.58,76855.8,76855.8,37284
1782281580,2026-06-24T11:43:00,76860.7,76898.8,76856.41,76890.46,8840
1782281640,2026-06-24T11:44:00,76893.68,76948.15,76890.19,76947.09,17289
1782281700,2026-06-24T11:45:00,76948.06,76968.63,76926.32,76956.29,15580
1782281760,2026-06-24T11:46:00,76958.08,76961.98,76905.47,76920.5,18565
1782281820,2026-06-24T11:47:00,76919.67,76951.51,76914.47,76917.37,10865
1782281880,2026-06-24T11:48:00,76918.2,76957.81,76912.66,76919.42,16620
1782281940,2026-06-24T11:49:00,76915.0,76943.31,76915.0,76937.23,9541
1782282000,2026-06-24T11:50:00,76938.98,76946.23,76932.86,76945.72,12049
1782282060,2026-06-24T11:51:00,76947.6,76967.93,76943.07,76962.26,16087
1782282120,2026-06-24T11:52:00,76963.82,76976.37,76932.02,76940.11,17444
1782282180,2026-06-24T11:53:00,76937.06,76970.31,76931.59,76956.23,15700
1782282240,2026-06-24T11:54:00,76953.37,76960.22,76913.82,76922.92,14168
1782282300,2026-06-24T11:55:00,76919.97,76955.16,76915.69,76945.27,21804
1782282360,2026-06-24T11:56:00,76947.84,76959.77,76930.06,76935.79,13469
1782282420,2026-06-24T11:57:00,76938.75,76969.95,76931.1,76931.17,9646
1782282480,2026-06-24T11:58:00,76930.71,76961.46,76930.71,76946.79,14021
1782282540,2026-06-24T11:59:00,76944.03,76953.75,76902.4,76905.38,17893
1782282600,2026-06-24T12:00:00,76905.23,76931.6,76884.58,76924.66,15737
1782282660,2026-06-24T12:01:00,76925.15,76926.88,76893.7,76926.26,12256
1782282720,2026-06-24T12:02:00,76925.87,76948.03,76922.54,76934.21,11875
1782282780,2026-06-24T12:03:00,76933.53,76939.54,76924.15,76936.49,19919
1782282840,2026-06-24T12:04:00,76934.86,76954.17,76934.15,76945.1,10413
1782282900,2026-06-24T12:05:00,76945.1,76946.77,76924.49,76924.49,10247
1782282960,2026-06-24T12:06:00,76924.49,76929.76,76914.87,76920.29,16416
1782283020,2026-06-24T12:07:00,76916.97,76918.22,76897.52,76902.07,11433
1782283080,2026-06-24T12:08:00,76902.42,76904.63,76887.95,76901.84,12954
1782283140,2026-06-24T12:09:00,76905.27,76908.03,76868.33,76869.58,10998
1782283200,2026-06-24T12:10:00,76871.0,76887.93,76847.88,76849.74,12934
1782283260,2026-06-24T12:11:00,76854.66,76876.08,76835.7,76839.04,11078
1782283320,2026-06-24T12:12:00,76843.15,76896.24,76836.62,76850.93,102416
1782283380,2026-06-24T12:13:00,76860.14,76866.6,76824.09,76859.18,51099
1782283440,2026-06-24T12:14:00,76855.25,76872.35,76846.48,76855.22,19442
1782283500,2026-06-24T12:15:00,76855.76,76867.94,76848.25,76867.16,12523
1782283560,2026-06-24T12:16:00,76865.13,76891.05,76862.63,76887.93,14128
1782283620,2026-06-24T12:17:00,76890.21,76895.3,76883.37,76895.3,8807
1782283680,2026-06-24T12:18:00,76895.47,76906.5,76867.73,76867.73,49302
1782283740,2026-06-24T12:19:00,76881.03,76922.14,76873.32,76918.47,36313
1782283800,2026-06-24T12:20:00,76919.64,76929.54,76897.06,76897.06,55238
1782283860,2026-06-24T12:21:00,76898.97,76919.4,76898.97,76919.4,7107
1782283920,2026-06-24T12:22:00,76918.38,76919.52,76894.83,76900.22,10066
1782283980,2026-06-24T12:23:00,76912.21,76946.28,76912.21,76919.21,11086
1782284040,2026-06-24T12:24:00,76912.73,76946.03,76912.57,76942.4,17826
1782284100,2026-06-24T12:25:00,76942.58,76947.69,76906.46,76939.0,512453
1782284160,2026-06-24T12:26:00,76939.63,76941.31,76907.37,76907.37,10686
1782284220,2026-06-24T12:27:00,76906.14,76940.17,76899.57,76900.91,11897
1782284280,2026-06-24T12:28:00,76902.26,76940.04,76899.34,76909.59,15418
1782284340,2026-06-24T12:29:00,76907.2,76919.89,76882.05,76919.89,36209
1782284400,2026-06-24T12:30:00,76921.68,76923.43,76831.38,76831.38,60089
1782284460,2026-06-24T12:31:00,76862.78,76865.09,76823.13,76831.42,29122
1782284520,2026-06-24T12:32:00,76829.57,76835.12,76814.07,76824.7,13930
1782284580,2026-06-24T12:33:00,76822.22,76838.6,76796.27,76802.36,16411
1782284640,2026-06-24T12:34:00,76806.92,76833.33,76806.18,76828.92,10234
1782284700,2026-06-24T12:35:00,76842.75,76842.75,76805.22,76822.07,41326
1782284760,2026-06-24T12:36:00,76823.4,76831.55,76791.19,76815.59,61124
1782284820,2026-06-24T12:37:00,76814.03,76823.61,76792.02,76792.02,15579
1782284880,2026-06-24T12:38:00,76793.04,76820.02,76787.88,76807.04,12784
1782284940,2026-06-24T12:39:00,76807.98,76822.98,76791.33,76822.98,17699
1782285000,2026-06-24T12:40:00,76824.69,76837.39,76822.98,76824.02,8384
1782285060,2026-06-24T12:41:00,76827.88,76841.71,76827.88,76835.22,12004
1782285120,2026-06-24T12:42:00,76833.91,76833.91,76817.62,76825.33,15802
1782285180,2026-06-24T12:43:00,76824.1,76836.39,76817.22,76836.39,12868
1782285240,2026-06-24T12:44:00,76836.06,76868.26,76836.06,76866.8,7842
1782285300,2026-06-24T12:45:00,76867.05,76870.59,76854.48,76862.82,9334
1782285360,2026-06-24T12:46:00,76863.11,76863.11,76852.53,76862.12,6724
1782285420,2026-06-24T12:47:00,76862.54,76866.08,76851.71,76860.93,836885
1782285480,2026-06-24T12:48:00,76861.12,76871.13,76860.35,76863.4,12098
1782285540,2026-06-24T12:49:00,76863.4,76868.15,76849.04,76849.04,22781
1782285600,2026-06-24T12:50:00,76846.97,76849.97,76837.92,76840.47,7757
1782285660,2026-06-24T12:51:00,76840.47,76878.91,76834.62,76861.12,51762
1782285720,2026-06-24T12:52:00,76862.71,76875.59,76830.02,76875.59,57453
1782285780,2026-06-24T12:53:00,76875.12,76893.45,76874.71,76888.91,47056
1782285840,2026-06-24T12:54:00,76888.31,76893.2,76877.92,76886.41,22270
1782285900,2026-06-24T12:55:00,76883.5,76889.84,76873.89,76889.84,9085
1782285960,2026-06-24T12:56:00,76885.23,76903.7,76879.94,76899.4,10495
1782286020,2026-06-24T12:57:00,76898.57,76915.24,76898.57,76913.15,23988
1782286080,2026-06-24T12:58:00,76911.42,76937.79,76887.7,76894.34,80961
1782286140,2026-06-24T12:59:00,76889.19,76916.71,76889.19,76914.2,23004
1782286200,2026-06-24T13:00:00,76913.51,76922.75,76900.39,76914.12,38465
1782286260,2026-06-24T13:01:00,76913.25,76916.65,76897.46,76901.13,46327
1782286320,2026-06-24T13:02:00,76897.22,76897.22,76875.93,76889.83,28668
1782286380,2026-06-24T13:03:00,76892.06,76903.84,76889.38,76894.17,10946
1782286440,2026-06-24T13:04:00,76897.8,76900.38,76876.92,76879.32,10532
1782286500,2026-06-24T13:05:00,76879.47,76906.69,76879.47,76882.42,66534
1782286560,2026-06-24T13:06:00,76883.56,76893.15,76880.25,76893.15,6899
1782286620,2026-06-24T13:07:00,76893.11,76910.46,76888.34,76904.92,22588
1782286680,2026-06-24T13:08:00,76904.77,76937.59,76904.22,76905.44,34435
1782286740,2026-06-24T13:09:00,76907.32,76949.57,76896.32,76948.03,55353
1782286800,2026-06-24T13:10:00,76949.42,76959.69,76946.75,76958.97,11973
1782286860,2026-06-24T13:11:00,76960.32,76983.41,76951.98,76966.06,65970
1782286920,2026-06-24T13:12:00,76965.36,76976.47,76960.75,76973.23,17294
1782286980,2026-06-24T13:13:00,76974.25,76986.79,76972.83,76984.57,14600
1782287040,2026-06-24T13:14:00,76984.57,77023.6,76949.84,77008.76,108429
1782287100,2026-06-24T13:15:00,77007.35,77014.61,76997.63,77012.06,15941
1782287160,2026-06-24T13:16:00,77012.08,77023.29,77006.73,77012.32,12526
1782287220,2026-06-24T13:17:00,77011.05,77041.51,77011.05,77041.27,11467
1782287280,2026-06-24T13:18:00,77043.04,77051.33,77036.56,77042.88,16640
1782287340,2026-06-24T13:19:00,77043.66,77064.3,77038.06,77064.17,23324
1782287400,2026-06-24T13:20:00,77064.13,77073.04,77030.9,77072.56,22757
1782287460,2026-06-24T13:21:00,77073.16,77079.54,77044.67,77061.45,25508
1782287520,2026-06-24T13:22:00,77058.13,77092.08,77056.96,77077.68,12963
1782287580,2026-06-24T13:23:00,77085.53,77086.52,77053.78,77054.6,10544
1782287640,2026-06-24T13:24:00,77057.48,77058.55,77015.24,77018.66,10297
1782287700,2026-06-24T13:25:00,77024.16,77057.19,77013.02,77044.67,10212
1782287760,2026-06-24T13:26:00,77044.28,77058.99,77039.94,77056.32,24946
1782287820,2026-06-24T13:27:00,77057.54,77074.24,77057.54,77073.51,12464
1782287880,2026-06-24T13:28:00,77073.58,77080.17,77067.88,77069.49,13325
1782287940,2026-06-24T13:29:00,77068.18,77080.27,77065.08,77074.09,10620
1782288000,2026-06-24T13:30:00,77073.54,77090.86,77073.54,77089.97,8205
1782288060,2026-06-24T13:31:00,77089.99,77093.45,77067.18,77069.25,11283
1782288120,2026-06-24T13:32:00,77069.25,77101.84,77069.25,77095.91,13168
1782288180,2026-06-24T13:33:00,77096.35,77110.11,77094.01,77106.02,17557
1782288240,2026-06-24T13:34:00,77106.84,77122.92,77099.79,77122.92,47408
1782288300,2026-06-24T13:35:00,77122.92,77167.42,77122.01,77164.56,35572
1782288360,2026-06-24T13:36:00,77158.26,77177.96,77157.12,77174.43,28632
1782288420,2026-06-24T13:37:00,77175.68,77187.0,77170.16,77173.79,18189
1782288480,2026-06-24T13:38:00,77174.34,77176.65,77142.98,77157.11,13054
1782288540,2026-06-24T13:39:00,77155.97,77160.87,77084.49,77117.04,71867
1782288600,2026-06-24T13:40:00,77118.47,77132.22,77113.04,77126.39,16631
1782288660,2026-06-24T13:41:00,77128.5,77170.61,77087.96,77153.49,127195
1782288720,2026-06-24T13:42:00,77153.21,77153.21,77126.02,77129.78,10177
1782288780,2026-06-24T13:43:00,77130.47,77132.99,77117.6,77129.75,17291
1782288840,2026-06-24T13:44:00,77132.89,77151.99,77113.2,77149.19,23300
1782288900,2026-06-24T13:45:00,77149.19,77156.02,77135.54,77144.99,14496
1782288960,2026-06-24T13:46:00,77146.85,77168.06,77146.77,77159.86,17347
1782289020,2026-06-24T13:47:00,77159.86,77190.37,77145.38,77145.38,45437
1782289080,2026-06-24T13:48:00,77142.97,77180.04,77142.97,77162.25,24786
1782289140,2026-06-24T13:49:00,77163.02,77167.72,77115.88,77150.14,18028
1782289200,2026-06-24T13:50:00,77150.49,77156.07,77109.85,77127.34,17990
1782289260,2026-06-24T13:51:00,77127.34,77127.81,77093.6,77098.0,17837
1782289320,2026-06-24T13:52:00,77097.59,77133.16,77094.56,77105.7,22392
1782289380,2026-06-24T13:53:00,77106.59,77142.64,77102.71,77103.85,16449
1782289440,2026-06-24T13:54:00,77101.76,77132.57,77086.83,77132.57,11755
1782289500,2026-06-24T13:55:00,77130.6,77136.04,77087.19,77110.2,12933
1782289560,2026-06-24T13:56:00,77109.38,77119.56,77084.11,77111.12,13499
1782289620,2026-06-24T13:57:00,77105.5,77108.86,77092.95,77101.44,7667
1782289680,2026-06-24T13:58:00,77101.44,77101.44,77058.13,77058.13,9527
1782289740,2026-06-24T13:59:00,77063.08,77098.61,77057.6,77080.07,78474
1782289800,2026-06-24T14:00:00,77081.05,77089.58,77027.1,77029.38,26109
1782289860,2026-06-24T14:01:00,77030.04,77075.24,77013.59,77016.61,98464
1782289920,2026-06-24T14:02:00,77016.61,77052.74,77016.61,77049.63,13977
1782289980,2026-06-24T14:03:00,77050.68,77052.87,77011.83,77011.83,17356
1782290040,2026-06-24T14:04:00,77013.57,77047.51,77010.86,77016.54,20001
1782290100,2026-06-24T14:05:00,77019.22,77053.68,77011.16,77029.44,16642
1782290160,2026-06-24T14:06:00,77020.83,77021.47,76976.14,77002.84,26061
1782290220,2026-06-24T14:07:00,77003.19,77044.15,77003.19,77041.68,27289
1782290280,2026-06-24T14:08:00,77037.58,77052.07,77000.17,77032.13,30247
1782290340,2026-06-24T14:09:00,77033.22,77053.96,76989.59,77053.84,58844
1782290400,2026-06-24T14:10:00,77052.28,77070.98,77018.74,77048.82,13002
1782290460,2026-06-24T14:11:00,77047.6,77075.83,77043.64,77071.67,13257
1782290520,2026-06-24T14:12:00,77071.03,77071.95,77033.97,77066.28,13178
1782290580,2026-06-24T14:13:00,77066.52,77092.86,77062.41,77091.09,47237
1782290640,2026-06-24T14:14:00,77081.44,77102.79,77071.13,77101.77,23494
1782290700,2026-06-24T14:15:00,77102.46,77105.31,77074.83,77078.32,19480
1782290760,2026-06-24T14:16:00,77080.27,77111.36,77078.47,77083.04,25916
1782290820,2026-06-24T14:17:00,77081.81,77126.42,77081.81,77085.0,21829
1782290880,2026-06-24T14:18:00,77081.86,77113.3,77069.85,77084.94,831401
1782290940,2026-06-24T14:19:00,77082.16,77120.09,77082.16,77099.33,15593
1782291000,2026-06-24T14:20:00,77098.8,77129.31,77096.74,77127.67,35828
1782291060,2026-06-24T14:21:00,77129.86,77134.07,77081.75,77099.06,21433
1782291120,2026-06-24T14:22:00,77097.86,77106.49,77091.26,77104.13,13810
1782291180,2026-06-24T14:23:00,77101.39,77105.78,77066.71,77072.78,24881
1782291240,2026-06-24T14:24:00,77073.2,77089.61,77068.83,77089.61,18359
1782291300,2026-06-24T14:25:00,77089.72,77090.85,77077.07,77086.51,14353
1782291360,2026-06-24T14:26:00,77085.8,77094.6,77053.29,77094.6,27960
1782291420,2026-06-24T14:27:00,77090.75,77109.63,77088.18,77099.81,24952
1782291480,2026-06-24T14:28:00,77098.93,77113.51,77098.05,77113.51,11183
1782291540,2026-06-24T14:29:00,77113.81,77115.51,77093.96,77102.92,11843
1782291600,2026-06-24T14:30:00,77105.31,77107.62,77091.24,77091.24,13125
1782291660,2026-06-24T14:31:00,77091.74,77103.69,77078.64,77085.81,11122
1782291720,2026-06-24T14:32:00,77084.86,77094.62,77049.92,77091.59,38431
1782291780,2026-06-24T14:33:00,77087.83,77092.55,77041.78,77072.93,43502
1782291840,2026-06-24T14:34:00,77073.49,77081.55,77068.38,77072.28,20120
1782291900,2026-06-24T14:35:00,77072.67,77081.24,77053.48,77066.16,263317
1782291960,2026-06-24T14:36:00,77066.72,77081.27,77057.97,77074.84,57296
1782292020,2026-06-24T14:37:00,77074.84,77079.99,77023.76,77054.62,20855
1782292080,2026-06-24T14:38:00,77055.9,77073.94,77018.85,77043.63,24256
1782292140,2026-06-24T14:39:00,77043.43,77060.02,77030.64,77033.29,14896
1782292200,2026-06-24T14:40:00,77036.06,77079.95,77024.69,77077.39,69021
1782292260,2026-06-24T14:41:00,77076.59,77097.55,77070.61,77084.3,26729
1782292320,2026-06-24T14:42:00,77069.05,77115.86,77048.1,77113.31,23408
1782292380,2026-06-24T14:43:00,77114.27,77120.27,77059.96,77066.72,29986
1782292440,2026-06-24T14:44:00,77060.99,77101.18,77060.99,77096.91,65620
1782292500,2026-06-24T14:45:00,77097.76,77120.45,77094.22,77106.14,59056
1782292560,2026-06-24T14:46:00,77101.24,77108.95,77053.69,77061.08,28386
1782292620,2026-06-24T14:47:00,77061.43,77061.79,77043.66,77055.48,23072
1782292680,2026-06-24T14:48:00,77054.35,77072.94,77051.74,77070.82,25110
1782292740,2026-06-24T14:49:00,77069.59,77084.73,77068.36,77081.82,15880
1782292800,2026-06-24T14:50:00,77080.6,77100.82,77074.95,77099.38,23284
1782292860,2026-06-24T14:51:00,77100.68,77134.36,77095.44,77125.8,31982
1782292920,2026-06-24T14:52:00,77128.35,77130.48,77117.73,77125.2,53973
1782292980,2026-06-24T14:53:00,77125.91,77145.11,77120.47,77131.15,19458
1782293040,2026-06-24T14:54:00,77130.5,77133.57,77116.6,77133.15,13727
1782293100,2026-06-24T14:55:00,77130.91,77145.69,77127.46,77139.49,21232
1782293160,2026-06-24T14:56:00,77144.36,77144.36,77099.02,77101.6,25600
1782293220,2026-06-24T14:57:00,77101.47,77105.3,77066.26,77078.76,35866
1782293280,2026-06-24T14:58:00,77081.7,77100.65,77073.86,77093.22,55518
1782293340,2026-06-24T14:59:00,77093.57,77098.51,77080.04,77080.04,56974
1782293400,2026-06-24T15:00:00,77077.51,77077.51,76999.76,77058.14,65696
1782293460,2026-06-24T15:01:00,77055.47,77077.03,77029.98,77029.98,35123
1782293520,2026-06-24T15:02:00,77028.53,77057.8,76976.5,76992.55,70100
1782293580,2026-06-24T15:03:00,76991.82,77042.78,76990.05,77040.3,25180
1782293640,2026-06-24T15:04:00,77040.24,77052.21,77028.0,77045.03,45607
1782293700,2026-06-24T15:05:00,77039.01,77040.87,76996.79,77009.66,40912
1782293760,2026-06-24T15:06:00,77010.78,77019.41,76985.49,76999.84,32980
1782293820,2026-06-24T15:07:00,77007.82,77023.34,76970.14,76970.96,21147
1782293880,2026-06-24T15:08:00,76968.4,76993.13,76957.2,76986.5,13546
1782293940,2026-06-24T15:09:00,76987.07,77010.47,76984.07,77006.01,20124
1782294000,2026-06-24T15:10:00,77007.37,77008.18,76962.9,76979.31,26759
1782294060,2026-06-24T15:11:00,76977.59,77007.51,76949.35,76985.73,27807
1782294120,2026-06-24T15:12:00,76982.43,76986.32,76928.11,76928.11,45173
1782294180,2026-06-24T15:13:00,76930.8,76959.42,76917.49,76921.16,42714
1782294240,2026-06-24T15:14:00,76926.62,76939.73,76923.99,76937.51,38386
1782294300,2026-06-24T15:15:00,76934.28,77006.96,76925.6,77005.3,58804
1782294360,2026-06-24T15:16:00,77010.73,77018.27,77004.48,77009.0,33221
1782294420,2026-06-24T15:17:00,77007.4,77012.31,76974.11,76980.51,28025
1782294480,2026-06-24T15:18:00,76981.34,76982.85,76959.33,76970.57,59921
1782294540,2026-06-24T15:19:00,76971.66,76973.71,76944.55,76962.6,27706
1782294600,2026-06-24T15:20:00,76962.35,76966.38,76949.06,76963.92,49875
1782294660,2026-06-24T15:21:00,76962.81,76977.99,76938.71,76954.68,47515
1782294720,2026-06-24T15:22:00,76956.12,76985.36,76954.68,76966.34,37330
1782294780,2026-06-24T15:23:00,76969.79,76979.48,76957.93,76961.84,63135
1782294840,2026-06-24T15:24:00,76958.99,77005.85,76958.99,76994.38,50271
1782294900,2026-06-24T15:25:00,76990.09,76994.91,76972.28,76973.87,33258
1782294960,2026-06-24T15:26:00,76975.11,76975.58,76956.03,76960.09,60132
1782295020,2026-06-24T15:27:00,76960.87,76971.24,76953.45,76967.99,50496
1782295080,2026-06-24T15:28:00,76967.99,76992.03,76949.87,76968.73,45187
1782295140,2026-06-24T15:29:00,76969.39,76991.32,76942.95,76976.82,40715
1782359100,2026-06-25T09:15:00,77391.07,77444.87,77319.07,77384.71,183342
1782359160,2026-06-25T09:16:00,77374.06,77374.06,77280.49,77288.61,111010
1782359220,2026-06-25T09:17:00,77293.34,77315.85,77286.87,77308.95,140921
1782359280,2026-06-25T09:18:00,77319.16,77378.31,77299.7,77365.41,90469
1782359340,2026-06-25T09:19:00,77364.17,77370.91,77316.86,77330.99,79750
1782359400,2026-06-25T09:20:00,77328.84,77374.45,77326.45,77365.41,65470
1782359460,2026-06-25T09:21:00,77362.83,77394.52,77343.54,77390.85,58482
1782359520,2026-06-25T09:22:00,77385.54,77412.44,77372.92,77373.63,4944394
1782359580,2026-06-25T09:23:00,77377.17,77410.33,77372.86,77401.86,64175
1782359640,2026-06-25T09:24:00,77401.28,77438.76,77392.21,77438.76,1100513
1782359700,2026-06-25T09:25:00,77431.56,77481.14,77430.17,77465.36,54377
1782359760,2026-06-25T09:26:00,77472.71,77472.71,77448.24,77454.44,60085
1782359820,2026-06-25T09:27:00,77451.06,77465.59,77423.48,77426.32,61194
1782359880,2026-06-25T09:28:00,77427.9,77445.52,77412.78,77416.51,45752
1782359940,2026-06-25T09:29:00,77415.29,77423.38,77400.28,77418.43,75803
1782360000,2026-06-25T09:30:00,77425.8,77425.8,77370.08,77397.05,46939
1782360060,2026-06-25T09:31:00,77398.0,77404.68,77361.09,77361.09,42513
1782360120,2026-06-25T09:32:00,77361.66,77377.15,77345.9,77360.85,58559
1782360180,2026-06-25T09:33:00,77360.64,77377.55,77354.56,77361.2,50103
1782360240,2026-06-25T09:34:00,77360.66,77404.79,77359.67,77393.07,72213
1782360300,2026-06-25T09:35:00,77392.81,77394.93,77368.55,77370.02,28602
1782360360,2026-06-25T09:36:00,77368.34,77372.66,77355.28,77366.79,56196
1782360420,2026-06-25T09:37:00,77363.79,77389.4,77354.55,77389.4,27078
1782360480,2026-06-25T09:38:00,77392.42,77403.89,77384.92,77397.02,5378525
1782360540,2026-06-25T09:39:00,77393.38,77399.09,77383.95,77391.52,715849
1782360600,2026-06-25T09:40:00,77391.95,77395.06,77353.51,77355.0,110736
1782360660,2026-06-25T09:41:00,77359.47,77381.95,77353.31,77357.03,1118671
1782360720,2026-06-25T09:42:00,77356.24,77373.48,77356.17,77368.17,88520
1782360780,2026-06-25T09:43:00,77370.37,77402.37,77368.31,77387.29,37623
1782360840,2026-06-25T09:44:00,77394.01,77400.37,77381.3,77390.05,30868
1782360900,2026-06-25T09:45:00,77389.24,77444.17,77385.44,77442.96,25816
1782360960,2026-06-25T09:46:00,77445.72,77461.7,77421.78,77460.78,19788
1782361020,2026-06-25T09:47:00,77462.74,77477.77,77427.59,77474.18,40003
1782361080,2026-06-25T09:48:00,77474.39,77474.39,77442.96,77451.74,27969
1782361140,2026-06-25T09:49:00,77452.75,77481.28,77448.57,77471.28,78169
1782361200,2026-06-25T09:50:00,77472.16,77489.63,77461.93,77487.35,41309
1782361260,2026-06-25T09:51:00,77492.91,77517.04,77492.91,77510.01,24630
1782361320,2026-06-25T09:52:00,77505.33,77541.36,77500.95,77537.45,34432
1782361380,2026-06-25T09:53:00,77535.16,77542.01,77522.17,77526.94,22055
1782361440,2026-06-25T09:54:00,77526.45,77530.01,77495.99,77514.66,70184
1782361500,2026-06-25T09:55:00,77514.65,77514.65,77482.22,77509.84,27517
1782361560,2026-06-25T09:56:00,77509.31,77517.85,77493.34,77514.27,32586
1782361620,2026-06-25T09:57:00,77511.72,77535.21,77508.31,77530.05,48553
1782361680,2026-06-25T09:58:00,77526.35,77533.9,77504.89,77509.21,58120
1782361740,2026-06-25T09:59:00,77509.78,77526.29,77493.1,77509.89,28172
1782361800,2026-06-25T10:00:00,77511.92,77526.54,77488.1,77488.1,40195
1782361860,2026-06-25T10:01:00,77486.62,77511.59,77475.72,77492.78,27462
1782361920,2026-06-25T10:02:00,77493.64,77511.73,77474.22,77496.03,42131
1782361980,2026-06-25T10:03:00,77493.97,77509.3,77490.17,77491.11,39020
1782362040,2026-06-25T10:04:00,77494.4,77532.03,77467.04,77532.03,766512
1782362100,2026-06-25T10:05:00,77538.23,77548.48,77493.99,77517.14,17149
1782362160,2026-06-25T10:06:00,77518.31,77520.55,77467.77,77485.3,42647
1782362220,2026-06-25T10:07:00,77482.52,77492.75,77459.36,77485.16,96942
1782362280,2026-06-25T10:08:00,77483.44,77495.47,77475.51,77486.24,25372
1782362340,2026-06-25T10:09:00,77482.7,77494.34,77477.46,77484.97,124127
1782362400,2026-06-25T10:10:00,77484.83,77499.09,77479.8,77489.13,20524
1782362460,2026-06-25T10:11:00,77488.75,77497.72,77471.84,77474.67,48903
1782362520,2026-06-25T10:12:00,77478.0,77488.92,77444.24,77452.94,72949
1782362580,2026-06-25T10:13:00,77452.65,77532.67,77447.37,77513.78,120948
1782362640,2026-06-25T10:14:00,77512.74,77556.11,77512.02,77554.89,56921
1782362700,2026-06-25T10:15:00,77554.58,77565.13,77546.17,77560.29,38146
1782362760,2026-06-25T10:16:00,77559.94,77563.08,77525.66,77527.39,23572
1782362820,2026-06-25T10:17:00,77526.66,77539.81,77507.55,77533.95,29785
1782362880,2026-06-25T10:18:00,77533.67,77535.38,77514.31,77530.8,40273
1782362940,2026-06-25T10:19:00,77531.46,77556.62,77526.73,77550.22,84674
1782363000,2026-06-25T10:20:00,77546.7,77546.7,77528.47,77531.83,38000
1782363060,2026-06-25T10:21:00,77527.17,77538.38,77514.25,77521.11,47588
1782363120,2026-06-25T10:22:00,77519.42,77526.45,77509.47,77520.2,63262
1782363180,2026-06-25T10:23:00,77521.3,77524.24,77492.57,77496.81,26665
1782363240,2026-06-25T10:24:00,77497.56,77501.47,77465.32,77473.58,211358
1782363300,2026-06-25T10:25:00,77468.42,77526.62,77453.93,77522.6,140523
1782363360,2026-06-25T10:26:00,77525.75,77532.92,77511.45,77531.25,44736
1782363420,2026-06-25T10:27:00,77532.2,77539.34,77490.86,77490.86,14058
1782363480,2026-06-25T10:28:00,77487.18,77506.17,77476.78,77506.17,18128
1782363540,2026-06-25T10:29:00,77504.21,77526.52,77497.56,77522.63,17075
1782363600,2026-06-25T10:30:00,77504.65,77517.03,77482.69,77498.82,21055
1782363660,2026-06-25T10:31:00,77499.49,77524.46,77497.54,77507.31,17771
1782363720,2026-06-25T10:32:00,77518.06,77534.39,77509.23,77510.28,18572
1782363780,2026-06-25T10:33:00,77516.43,77517.31,77476.41,77517.31,213712
1782363840,2026-06-25T10:34:00,77517.57,77546.81,77474.4,77546.81,99906
1782363900,2026-06-25T10:35:00,77530.94,77545.02,77477.46,77495.7,92347
1782363960,2026-06-25T10:36:00,77492.54,77525.86,77492.54,77525.86,28426
1782364020,2026-06-25T10:37:00,77524.83,77545.32,77519.97,77542.25,17464
1782364080,2026-06-25T10:38:00,77544.05,77544.05,77513.97,77513.97,17901
1782364140,2026-06-25T10:39:00,77514.54,77529.2,77489.54,77493.74,16616
1782364200,2026-06-25T10:40:00,77489.04,77516.41,77482.68,77499.39,16211
1782364260,2026-06-25T10:41:00,77498.47,77531.38,77491.67,77526.22,13174
1782364320,2026-06-25T10:42:00,77531.05,77563.41,77495.33,77563.41,37667
1782364380,2026-06-25T10:43:00,77562.07,77565.44,77498.6,77539.6,48705
1782364440,2026-06-25T10:44:00,77536.87,77557.62,77530.21,77544.19,2017563
1782364500,2026-06-25T10:45:00,77546.13,77565.16,77528.37,77541.16,36362
1782364560,2026-06-25T10:46:00,77542.03,77581.93,77542.03,77578.0,18845
1782364620,2026-06-25T10:47:00,77581.17,77591.65,77545.38,77561.51,17983
1782364680,2026-06-25T10:48:00,77563.49,77590.34,77552.62,77552.62,39115
1782364740,2026-06-25T10:49:00,77552.33,77589.1,77543.18,77586.06,40890
1782364800,2026-06-25T10:50:00,77588.27,77588.27,77565.68,77571.22,10936
1782364860,2026-06-25T10:51:00,77566.48,77568.17,77541.27,77543.34,13866
1782364920,2026-06-25T10:52:00,77546.93,77555.68,77541.24,77544.08,14217
1782364980,2026-06-25T10:53:00,77544.08,77554.09,77523.32,77535.48,23160
1782365040,2026-06-25T10:54:00,77535.88,77538.41,77516.74,77516.74,244162
1782365100,2026-06-25T10:55:00,77517.17,77541.34,77512.87,77541.34,39202
1782365160,2026-06-25T10:56:00,77543.36,77545.04,77506.63,77529.26,21740
1782365220,2026-06-25T10:57:00,77532.89,77540.73,77518.04,77529.32,11580
1782365280,2026-06-25T10:58:00,77532.6,77547.79,77529.19,77547.79,10790
1782365340,2026-06-25T10:59:00,77547.9,77567.23,77540.13,77567.23,19858
1782365400,2026-06-25T11:00:00,77570.25,77577.78,77542.21,77544.83,17975
1782365460,2026-06-25T11:01:00,77545.63,77545.63,77517.27,77517.27,26868
1782365520,2026-06-25T11:02:00,77519.1,77546.78,77518.42,77530.77,17958
1782365580,2026-06-25T11:03:00,77530.36,77541.17,77517.85,77522.2,16079
1782365640,2026-06-25T11:04:00,77518.33,77534.87,77495.08,77514.99,39283
1782365700,2026-06-25T11:05:00,77516.91,77520.61,77477.82,77478.22,27345
1782365760,2026-06-25T11:06:00,77477.37,77519.55,77477.37,77519.55,20126
1782365820,2026-06-25T11:07:00,77519.55,77531.72,77504.72,77531.72,25849
1782365880,2026-06-25T11:08:00,77534.68,77539.29,77525.43,77531.18,28304
1782365940,2026-06-25T11:09:00,77536.13,77550.99,77528.37,77547.16,17001
1782366000,2026-06-25T11:10:00,77547.16,77547.58,77529.1,77535.66,62948
1782366060,2026-06-25T11:11:00,77537.06,77549.28,77536.17,77544.9,11689
1782366120,2026-06-25T11:12:00,77545.16,77558.14,77543.76,77548.55,12676
1782366180,2026-06-25T11:13:00,77551.01,77552.47,77538.93,77542.81,11269
1782366240,2026-06-25T11:14:00,77543.71,77560.23,77543.71,77557.26,13357
1782366300,2026-06-25T11:15:00,77560.35,77570.74,77556.86,77566.03,15955
1782366360,2026-06-25T11:16:00,77564.93,77600.24,77558.41,77581.76,19271
1782366420,2026-06-25T11:17:00,77581.76,77586.95,77557.9,77570.61,2026753
1782366480,2026-06-25T11:18:00,77567.62,77571.72,77556.21,77561.66,552644
1782366540,2026-06-25T11:19:00,77561.85,77570.26,77553.31,77560.77,14093
1782366600,2026-06-25T11:20:00,77560.77,77567.58,77550.73,77559.57,10095
1782366660,2026-06-25T11:21:00,77558.17,77567.86,77556.8,77564.93,16106
1782366720,2026-06-25T11:22:00,77558.25,77571.85,77558.25,77566.6,7013
1782366780,2026-06-25T11:23:00,77567.06,77567.06,77527.97,77562.76,19356
1782366840,2026-06-25T11:24:00,77562.76,77565.52,77519.43,77519.43,11345
1782366900,2026-06-25T11:25:00,77519.17,77555.46,77514.11,77518.51,13219
1782366960,2026-06-25T11:26:00,77516.92,77564.23,77514.67,77533.5,13968
1782367020,2026-06-25T11:27:00,77529.42,77561.65,77522.81,77535.92,19386
1782367080,2026-06-25T11:28:00,77534.11,77545.81,77526.57,77526.57,14155
1782367140,2026-06-25T11:29:00,77528.15,77536.79,77520.66,77533.89,11497
1782367200,2026-06-25T11:30:00,77535.06,77541.68,77509.49,77512.85,52715
1782367260,2026-06-25T11:31:00,77513.11,77523.52,77509.92,77516.58,12943
1782367320,2026-06-25T11:32:00,77517.33,77521.13,77499.17,77510.62,18639
1782367380,2026-06-25T11:33:00,77508.89,77523.44,77508.31,77523.44,34510
1782367440,2026-06-25T11:34:00,77523.44,77534.65,77513.27,77532.91,148233
1782367500,2026-06-25T11:35:00,77534.0,77544.13,77528.84,77538.75,17826
1782367560,2026-06-25T11:36:00,77538.75,77547.85,77499.98,77499.98,16430
1782367620,2026-06-25T11:37:00,77502.19,77539.78,77498.33,77539.78,46479
1782367680,2026-06-25T11:38:00,77538.47,77543.1,77509.55,77543.1,19345
1782367740,2026-06-25T11:39:00,77542.15,77549.58,77531.94,77549.58,13354
1782367800,2026-06-25T11:40:00,77549.58,77565.28,77544.22,77549.02,12310
1782367860,2026-06-25T11:41:00,77548.3,77549.82,77536.77,77545.86,9184
1782367920,2026-06-25T11:42:00,77543.81,77556.81,77536.38,77536.79,134961
1782367980,2026-06-25T11:43:00,77534.99,77550.87,77533.17,77545.76,176270
1782368040,2026-06-25T11:44:00,77545.85,77550.68,77522.63,77545.97,21706
1782368100,2026-06-25T11:45:00,77550.25,77579.45,77550.25,77576.97,36543
1782368160,2026-06-25T11:46:00,77571.13,77581.77,77559.27,77569.02,25240
1782368220,2026-06-25T11:47:00,77566.36,77572.53,77555.11,77568.04,35721
1782368280,2026-06-25T11:48:00,77571.16,77574.77,77558.79,77564.35,36312
1782368340,2026-06-25T11:49:00,77567.29,77603.6,77565.59,77583.09,21298
1782368400,2026-06-25T11:50:00,77577.88,77614.47,77571.72,77614.47,28401
1782368460,2026-06-25T11:51:00,77615.03,77622.94,77581.64,77585.84,30042
1782368520,2026-06-25T11:52:00,77585.45,77592.54,77574.01,77581.77,19353
1782368580,2026-06-25T11:53:00,77587.64,77606.35,77581.04,77606.07,29811
1782368640,2026-06-25T11:54:00,77609.43,77610.06,77596.97,77603.1,18387
1782368700,2026-06-25T11:55:00,77603.53,77618.74,77602.6,77612.68,29862
1782368760,2026-06-25T11:56:00,77609.48,77627.63,77598.77,77625.41,94168
1782368820,2026-06-25T11:57:00,77628.23,77674.32,77628.23,77674.32,49103
1782368880,2026-06-25T11:58:00,77678.58,77704.68,77674.28,77702.66,54526
1782368940,2026-06-25T11:59:00,77702.91,77714.49,77692.04,77714.49,22232
1782369000,2026-06-25T12:00:00,77710.23,77745.14,77710.23,77744.5,40654
1782369060,2026-06-25T12:01:00,77745.05,77761.8,77730.54,77741.73,26445
1782369120,2026-06-25T12:02:00,77742.48,77744.52,77716.28,77726.2,14308
1782369180,2026-06-25T12:03:00,77722.09,77739.25,77720.8,77735.05,39432
1782369240,2026-06-25T12:04:00,77731.2,77752.29,77710.97,77751.72,49602
1782369300,2026-06-25T12:05:00,77745.93,77762.09,77742.76,77750.15,15597
1782369360,2026-06-25T12:06:00,77750.77,77754.07,77740.99,77746.2,16195
1782369420,2026-06-25T12:07:00,77745.26,77756.77,77736.35,77755.97,16170
1782369480,2026-06-25T12:08:00,77755.97,77757.68,77746.4,77753.43,25286
1782369540,2026-06-25T12:09:00,77753.57,77770.18,77753.57,77759.6,12491
1782369600,2026-06-25T12:10:00,77763.37,77767.47,77747.99,77765.08,13736
1782369660,2026-06-25T12:11:00,77766.48,77789.63,77764.6,77784.2,12727
1782369720,2026-06-25T12:12:00,77786.32,77803.18,77765.03,77780.97,61238
1782369780,2026-06-25T12:13:00,77778.87,77778.87,77745.8,77754.93,39992
1782369840,2026-06-25T12:14:00,77760.47,77761.42,77729.1,77729.1,22280
1782369900,2026-06-25T12:15:00,77727.82,77768.13,77727.82,77768.13,24333
1782369960,2026-06-25T12:16:00,77767.09,77770.19,77751.8,77762.35,15292
1782370020,2026-06-25T12:17:00,77761.31,77761.31,77742.39,77742.39,25371
1782370080,2026-06-25T12:18:00,77741.18,77764.93,77738.77,77764.79,19110
1782370140,2026-06-25T12:19:00,77764.42,77767.31,77726.28,77754.71,79941
1782370200,2026-06-25T12:20:00,77757.64,77780.41,77751.67,77754.71,49940
1782370260,2026-06-25T12:21:00,77753.94,77758.3,77745.13,77747.02,11778
1782370320,2026-06-25T12:22:00,77740.45,77750.89,77694.93,77731.08,57115
1782370380,2026-06-25T12:23:00,77732.92,77733.21,77681.66,77685.52,31557
1782370440,2026-06-25T12:24:00,77687.5,77697.7,77679.73,77679.73,15232
1782370500,2026-06-25T12:25:00,77680.08,77691.52,77667.06,77668.06,15864
1782370560,2026-06-25T12:26:00,77672.6,77684.86,77653.38,77670.96,24582
1782370620,2026-06-25T12:27:00,77671.87,77671.87,77632.4,77643.16,20750
1782370680,2026-06-25T12:28:00,77643.25,77643.25,77618.55,77624.14,15332
1782370740,2026-06-25T12:29:00,77624.96,77624.96,77585.43,77588.39,21488
1782370800,2026-06-25T12:30:00,77588.65,77624.23,77588.65,77607.78,55824
1782370860,2026-06-25T12:31:00,77607.78,77613.4,77550.05,77550.05,29433
1782370920,2026-06-25T12:32:00,77549.23,77557.06,77494.72,77549.31,52595
1782370980,2026-06-25T12:33:00,77552.47,77557.35,77518.97,77538.39,15825
1782371040,2026-06-25T12:34:00,77539.87,77556.96,77538.53,77556.96,21509
1782371100,2026-06-25T12:35:00,77556.63,77581.24,77518.48,77581.24,12668
1782371160,2026-06-25T12:36:00,77583.97,77600.31,77546.83,77599.82,13409
1782371220,2026-06-25T12:37:00,77597.35,77611.99,77566.36,77577.95,13163
1782371280,2026-06-25T12:38:00,77578.07,77591.97,77572.38,77577.36,16526
1782371340,2026-06-25T12:39:00,77578.59,77627.35,77578.59,77590.76,24589
1782371400,2026-06-25T12:40:00,77591.54,77614.57,77584.45,77606.59,17082
1782371460,2026-06-25T12:41:00,77606.17,77606.17,77567.0,77594.71,8304
1782371520,2026-06-25T12:42:00,77598.4,77603.52,77556.52,77592.15,12720
1782371580,2026-06-25T12:43:00,77591.47,77591.47,77544.75,77589.86,13579
1782371640,2026-06-25T12:44:00,77587.92,77587.92,77532.24,77547.91,36634
1782371700,2026-06-25T12:45:00,77548.82,77577.96,77548.82,77556.4,39307
1782371760,2026-06-25T12:46:00,77554.13,77565.61,77548.16,77548.16,37385
1782371820,2026-06-25T12:47:00,77549.3,77564.19,77547.75,77557.81,23088
1782371880,2026-06-25T12:48:00,77559.0,77574.38,77548.97,77571.08,13642
1782371940,2026-06-25T12:49:00,77570.99,77587.96,77562.52,77587.96,15745
1782372000,2026-06-25T12:50:00,77586.54,77594.19,77548.99,77548.99,13760
1782372060,2026-06-25T12:51:00,77552.82,77586.68,77552.82,77586.37,17391
1782372120,2026-06-25T12:52:00,77586.37,77590.14,77545.68,77590.14,9392
1782372180,2026-06-25T12:53:00,77590.28,77593.55,77578.07,77586.62,15458
1782372240,2026-06-25T12:54:00,77589.6,77603.86,77586.71,77599.19,18890
1782372300,2026-06-25T12:55:00,77599.83,77610.45,77590.25,77593.15,9112
1782372360,2026-06-25T12:56:00,77593.15,77594.58,77575.44,77579.23,7849
1782372420,2026-06-25T12:57:00,77578.59,77596.34,77578.07,77593.01,10257
1782372480,2026-06-25T12:58:00,77590.21,77590.21,77567.79,77567.79,16202
1782372540,2026-06-25T12:59:00,77566.66,77587.55,77563.9,77584.5,9020
1782372600,2026-06-25T13:00:00,77587.43,77595.93,77551.88,77585.23,10839
1782372660,2026-06-25T13:01:00,77585.23,77587.72,77547.66,77575.55,9999
1782372720,2026-06-25T13:02:00,77575.55,77621.67,77575.55,77593.77,12154
1782372780,2026-06-25T13:03:00,77593.93,77644.13,77580.61,77609.54,28545
1782372840,2026-06-25T13:04:00,77609.99,77627.1,77608.93,77613.41,33301
1782372900,2026-06-25T13:05:00,77616.1,77644.22,77581.59,77610.64,25485
1782372960,2026-06-25T13:06:00,77619.42,77623.02,77581.34,77614.84,7898
1782373020,2026-06-25T13:07:00,77612.09,77616.91,77572.33,77577.76,15388
1782373080,2026-06-25T13:08:00,77579.65,77596.42,77550.99,77555.33,17610
1782373140,2026-06-25T13:09:00,77558.47,77593.96,77552.29,77587.53,9773
1782373200,2026-06-25T13:10:00,77563.84,77600.78,77555.56,77598.19,13982
1782373260,2026-06-25T13:11:00,77600.25,77606.43,77558.88,77558.88,11524
1782373320,2026-06-25T13:12:00,77557.52,77577.56,77527.82,77554.52,59758
1782373380,2026-06-25T13:13:00,77551.18,77556.05,77510.86,77535.59,12316
1782373440,2026-06-25T13:14:00,77546.94,77550.38,77476.35,77516.34,24837
1782373500,2026-06-25T13:15:00,77514.99,77515.84,77474.94,77486.39,11916
1782373560,2026-06-25T13:16:00,77489.96,77510.57,77488.18,77505.5,7481
1782373620,2026-06-25T13:17:00,77506.04,77542.19,77503.73,77504.5,9692
1782373680,2026-06-25T13:18:00,77504.05,77554.23,77500.7,77523.02,9485
1782373740,2026-06-25T13:19:00,77518.48,77568.07,77515.38,77561.88,16465
1782373800,2026-06-25T13:20:00,77562.3,77584.77,77557.06,77564.88,22228
1782373860,2026-06-25T13:21:00,77567.44,77575.95,77529.92,77531.26,15199
1782373920,2026-06-25T13:22:00,77531.41,77552.08,77510.96,77541.5,10622
1782373980,2026-06-25T13:23:00,77540.32,77563.06,77539.16,77563.06,13795
1782374040,2026-06-25T13:24:00,77560.75,77564.14,77508.67,77539.62,10138
1782374100,2026-06-25T13:25:00,77541.29,77541.74,77501.7,77504.45,6674
1782374160,2026-06-25T13:26:00,77509.38,77540.79,77490.02,77528.65,34421
1782374220,2026-06-25T13:27:00,77527.95,77537.49,77488.34,77488.6,4045
1782374280,2026-06-25T13:28:00,77488.18,77536.81,77485.97,77520.64,21248
1782374340,2026-06-25T13:29:00,77523.83,77535.57,77504.86,77504.86,24581
1782374400,2026-06-25T13:30:00,77502.34,77511.95,77467.78,77504.54,35354
1782374460,2026-06-25T13:31:00,77509.05,77517.35,77474.59,77500.18,101514
1782374520,2026-06-25T13:32:00,77501.7,77529.15,77489.48,77505.64,9807
1782374580,2026-06-25T13:33:00,77508.49,77550.79,77506.39,77518.22,12185
1782374640,2026-06-25T13:34:00,77520.22,77540.54,77516.76,77540.5,30680
1782374700,2026-06-25T13:35:00,77539.28,77572.47,77535.7,77572.05,17100
1782374760,2026-06-25T13:36:00,77568.98,77569.26,77526.56,77537.9,41373
1782374820,2026-06-25T13:37:00,77538.95,77552.03,77534.48,77546.72,36441
1782374880,2026-06-25T13:38:00,77545.32,77568.78,77527.34,77537.01,16082
1782374940,2026-06-25T13:39:00,77540.05,77577.86,77535.9,77560.13,17763
1782375000,2026-06-25T13:40:00,77566.07,77607.5,77556.06,77606.05,16169
1782375060,2026-06-25T13:41:00,77606.05,77624.09,77586.13,77588.01,20951
1782375120,2026-06-25T13:42:00,77591.35,77626.41,77588.57,77617.19,6677
1782375180,2026-06-25T13:43:00,77616.51,77616.51,77568.25,77577.08,10018
1782375240,2026-06-25T13:44:00,77575.92,77609.38,77568.67,77570.43,8411
1782375300,2026-06-25T13:45:00,77569.33,77604.43,77560.67,77595.42,27621
1782375360,2026-06-25T13:46:00,77595.43,77599.02,77559.61,77582.5,7665
1782375420,2026-06-25T13:47:00,77582.51,77600.06,77573.21,77597.23,13693
1782375480,2026-06-25T13:48:00,77597.23,77608.49,77587.74,77598.41,15353
1782375540,2026-06-25T13:49:00,77600.65,77609.05,77589.36,77594.56,8803
1782375600,2026-06-25T13:50:00,77596.55,77601.78,77565.88,77570.74,17230
1782375660,2026-06-25T13:51:00,77573.26,77601.31,77573.26,77594.8,56259
1782375720,2026-06-25T13:52:00,77594.57,77609.46,77590.41,77595.3,34240
1782375780,2026-06-25T13:53:00,77593.88,77594.22,77550.78,77550.81,24318
1782375840,2026-06-25T13:54:00,77549.12,77577.31,77533.5,77555.89,32027
1782375900,2026-06-25T13:55:00,77553.96,77553.96,77517.57,77544.86,66441
1782375960,2026-06-25T13:56:00,77546.1,77565.67,77533.68,77549.98,33688
1782376020,2026-06-25T13:57:00,77549.98,77549.98,77483.71,77490.67,22777
1782376080,2026-06-25T13:58:00,77486.33,77543.46,77486.33,77539.85,135665
1782376140,2026-06-25T13:59:00,77538.41,77543.61,77518.25,77527.25,9243
1782376200,2026-06-25T14:00:00,77525.67,77528.97,77463.81,77488.71,57920
1782376260,2026-06-25T14:01:00,77488.71,77521.72,77488.71,77501.74,41607
1782376320,2026-06-25T14:02:00,77500.68,77523.05,77482.92,77510.25,429883
1782376380,2026-06-25T14:03:00,77519.04,77530.25,77487.8,77509.02,299388
1782376440,2026-06-25T14:04:00,77510.43,77517.91,77484.17,77502.57,446610
1782376500,2026-06-25T14:05:00,77498.26,77525.14,77482.73,77515.35,30138
1782376560,2026-06-25T14:06:00,77522.55,77539.9,77507.19,77507.58,176891
1782376620,2026-06-25T14:07:00,77505.33,77537.99,77493.0,77525.71,147346
1782376680,2026-06-25T14:08:00,77513.2,77535.98,77480.99,77495.07,18227
1782376740,2026-06-25T14:09:00,77493.85,77527.08,77477.65,77505.0,23582
1782376800,2026-06-25T14:10:00,77502.58,77502.58,77453.24,77469.94,166986
1782376860,2026-06-25T14:11:00,77470.14,77470.14,77412.54,77459.46,99255
1782376920,2026-06-25T14:12:00,77455.12,77467.05,77417.08,77417.9,38794
1782376980,2026-06-25T14:13:00,77419.45,77422.29,77375.94,77382.4,23139
1782377040,2026-06-25T14:14:00,77386.33,77389.33,77331.3,77361.11,101661
1782377100,2026-06-25T14:15:00,77358.56,77360.24,77312.08,77312.08,23325
1782377160,2026-06-25T14:16:00,77307.09,77309.63,77286.22,77308.26,20323
1782377220,2026-06-25T14:17:00,77307.17,77349.89,77304.93,77347.39,17543
1782377280,2026-06-25T14:18:00,77346.76,77346.76,77298.46,77317.41,24143
1782377340,2026-06-25T14:19:00,77317.35,77324.4,77284.34,77308.73,9845
1782377400,2026-06-25T14:20:00,77312.86,77331.41,77289.29,77317.65,13236
1782377460,2026-06-25T14:21:00,77308.21,77308.21,77259.3,77279.16,31237
1782377520,2026-06-25T14:22:00,77277.74,77318.26,77275.83,77314.74,24669
1782377580,2026-06-25T14:23:00,77319.0,77328.23,77212.57,77251.73,42130
1782377640,2026-06-25T14:24:00,77247.62,77297.59,77247.62,77297.52,55666
1782377700,2026-06-25T14:25:00,77297.12,77297.12,77239.75,77245.74,31458
1782377760,2026-06-25T14:26:00,77245.74,77252.41,77211.77,77223.42,15477
1782377820,2026-06-25T14:27:00,77224.07,77258.4,77220.75,77258.4,13175
1782377880,2026-06-25T14:28:00,77258.92,77258.92,77209.57,77248.23,16108
1782377940,2026-06-25T14:29:00,77238.97,77290.81,77197.99,77285.07,22469
1782378000,2026-06-25T14:30:00,77285.07,77309.6,77271.95,77291.47,15972
1782378060,2026-06-25T14:31:00,77283.5,77287.37,77260.96,77283.41,13094
1782378120,2026-06-25T14:32:00,77283.58,77299.84,77272.61,77272.93,23042
1782378180,2026-06-25T14:33:00,77273.46,77281.61,77237.64,77240.51,23587
1782378240,2026-06-25T14:34:00,77238.76,77262.62,77231.45,77235.66,74520
1782378300,2026-06-25T14:35:00,77236.15,77366.67,77230.11,77351.66,666328
1782378360,2026-06-25T14:36:00,77354.58,77356.44,77252.15,77252.2,317467
1782378420,2026-06-25T14:37:00,77259.35,77291.07,77219.63,77257.12,422908
1782378480,2026-06-25T14:38:00,77257.05,77292.17,77237.98,77245.45,50413
1782378540,2026-06-25T14:39:00,77247.12,77283.36,77231.49,77232.29,20924
1782378600,2026-06-25T14:40:00,77228.57,77276.85,77209.62,77276.85,36464
1782378660,2026-06-25T14:41:00,77279.85,77310.91,77235.77,77237.78,613856
1782378720,2026-06-25T14:42:00,77239.07,77267.26,77156.07,77192.49,589390
1782378780,2026-06-25T14:43:00,77200.11,77213.5,77123.77,77162.19,181125
1782378840,2026-06-25T14:44:00,77157.59,77172.87,77131.53,77136.85,47279
1782378900,2026-06-25T14:45:00,77138.96,77223.32,77121.83,77223.32,138574
1782378960,2026-06-25T14:46:00,77226.04,77267.69,77166.71,77217.47,520108
1782379020,2026-06-25T14:47:00,77209.81,77233.65,77180.73,77230.13,2479932
1782379080,2026-06-25T14:48:00,77232.84,77232.84,77177.68,77224.9,119984
1782379140,2026-06-25T14:49:00,77200.89,77200.98,77132.74,77133.23,863274
1782379200,2026-06-25T14:50:00,77131.14,77184.58,77131.14,77179.51,57283
1782379260,2026-06-25T14:51:00,77182.33,77236.5,77178.95,77192.94,859349
1782379320,2026-06-25T14:52:00,77186.22,77211.98,77148.51,77198.91,302377
1782379380,2026-06-25T14:53:00,77196.75,77269.78,77196.75,77268.53,75153
1782379440,2026-06-25T14:54:00,77274.63,77315.24,77245.95,77245.95,40390
1782379500,2026-06-25T14:55:00,77250.32,77297.17,77232.38,77246.68,41205
1782379560,2026-06-25T14:56:00,77244.76,77264.55,77244.76,77256.46,41363
1782379620,2026-06-25T14:57:00,77255.01,77258.35,77226.87,77230.65,97398
1782379680,2026-06-25T14:58:00,77226.79,77257.59,77215.97,77236.77,444008
1782379740,2026-06-25T14:59:00,77237.92,77237.92,77191.12,77218.44,34675
1782379800,2026-06-25T15:00:00,77222.83,77222.83,77092.42,77119.7,91020
1782379860,2026-06-25T15:01:00,77118.06,77161.7,77097.57,77110.76,57904
1782379920,2026-06-25T15:02:00,77114.2,77114.2,77039.75,77104.7,200820
1782379980,2026-06-25T15:03:00,77104.92,77172.65,77076.89,77087.97,1536561
1782380040,2026-06-25T15:04:00,77083.92,77113.24,77075.78,77098.09,52223
1782380100,2026-06-25T15:05:00,77095.49,77132.81,76993.16,77121.0,1542985
1782380160,2026-06-25T15:06:00,77119.07,77140.59,77117.37,77126.1,110363
1782380220,2026-06-25T15:07:00,77124.56,77141.94,77113.4,77116.94,121389
1782380280,2026-06-25T15:08:00,77120.0,77165.29,77120.0,77154.6,91850
1782380340,2026-06-25T15:09:00,77153.24,77163.37,77072.82,77083.5,134068
1782380400,2026-06-25T15:10:00,77091.62,77164.0,77091.62,77155.13,224874
1782380460,2026-06-25T15:11:00,77153.38,77174.99,77111.42,77111.42,101508
1782380520,2026-06-25T15:12:00,77110.91,77115.78,77068.32,77106.23,77256
1782380580,2026-06-25T15:13:00,77106.59,77121.32,77061.65,77121.32,217092
1782380640,2026-06-25T15:14:00,77117.7,77131.68,77078.94,77090.1,385570
1782380700,2026-06-25T15:15:00,77090.92,77125.53,77031.75,77082.49,422409
1782380760,2026-06-25T15:16:00,77081.45,77159.27,77068.83,77156.57,344213
1782380820,2026-06-25T15:17:00,77156.9,77162.76,77079.81,77082.41,202738
1782380880,2026-06-25T15:18:00,77094.77,77118.88,77066.81,77066.81,36655
1782380940,2026-06-25T15:19:00,77063.21,77107.52,77025.83,77102.39,501978
1782381000,2026-06-25T15:20:00,77103.25,77113.94,77051.92,77051.92,95843
1782381060,2026-06-25T15:21:00,77055.6,77084.6,77036.22,77061.57,56851
1782381120,2026-06-25T15:22:00,77063.88,77068.0,77033.88,77057.56,35381
1782381180,2026-06-25T15:23:00,77058.7,77101.29,77046.81,77101.29,75700
1782381240,2026-06-25T15:24:00,77097.9,77108.44,77073.84,77093.06,101465
1782381300,2026-06-25T15:25:00,77095.28,77100.2,77073.22,77078.81,36055
1782381360,2026-06-25T15:26:00,77081.34,77097.83,77076.09,77089.02,63874
1782381420,2026-06-25T15:27:00,77088.53,77108.79,77075.72,77108.79,173713
1782381480,2026-06-25T15:28:00,77110.46,77120.03,77082.29,77094.41,110031
1782381540,2026-06-25T15:29:00,77088.7,77110.48,77078.86,77084.94,140466
1782704700,2026-06-29T09:15:00,77055.21,77189.78,76991.51,77161.48,743738
1782704760,2026-06-29T09:16:00,77171.79,77228.23,77165.93,77222.34,129518
1782704820,2026-06-29T09:17:00,77206.87,77212.31,77137.04,77139.89,158786
1782704880,2026-06-29T09:18:00,77134.86,77188.88,77134.86,77170.81,119410
1782704940,2026-06-29T09:19:00,77176.06,77176.06,77101.14,77104.46,96995
1782705000,2026-06-29T09:20:00,77106.05,77155.86,77105.26,77151.07,104009
1782705060,2026-06-29T09:21:00,77150.88,77184.55,77147.31,77184.55,90413
1782705120,2026-06-29T09:22:00,77180.17,77196.24,77158.3,77170.71,64928
1782705180,2026-06-29T09:23:00,77170.43,77176.58,77148.34,77150.25,74606
1782705240,2026-06-29T09:24:00,77146.81,77146.81,77087.39,77091.51,64206
1782705300,2026-06-29T09:25:00,77091.51,77092.43,77048.71,77070.63,96726
1782705360,2026-06-29T09:26:00,77075.18,77077.17,77030.52,77030.52,89194
1782705420,2026-06-29T09:27:00,77026.13,77041.64,76998.56,77040.14,60092
1782705480,2026-06-29T09:28:00,77039.98,77059.47,77032.27,77041.43,93262
1782705540,2026-06-29T09:29:00,77037.42,77063.99,77029.72,77037.61,75343
1782705600,2026-06-29T09:30:00,77040.75,77040.75,76980.18,76980.18,105284
1782705660,2026-06-29T09:31:00,76985.33,77018.74,76958.31,76963.04,94344
1782705720,2026-06-29T09:32:00,76964.57,76968.25,76916.37,76961.64,76098
1782705780,2026-06-29T09:33:00,76966.22,76971.87,76945.91,76947.32,74259
1782705840,2026-06-29T09:34:00,76946.5,76946.5,76892.8,76892.8,46081
1782705900,2026-06-29T09:35:00,76890.92,76890.92,76853.93,76860.04,58641
1782705960,2026-06-29T09:36:00,76861.65,76896.42,76861.65,76896.42,47943
1782706020,2026-06-29T09:37:00,76892.01,76939.13,76892.01,76939.0,896561
1782706080,2026-06-29T09:38:00,76939.35,76984.58,76931.86,76984.58,33487
1782706140,2026-06-29T09:39:00,76991.01,77039.55,76987.34,77031.52,48368
1782706200,2026-06-29T09:40:00,77029.81,77070.87,77024.45,77070.87,29153
1782706260,2026-06-29T09:41:00,77072.31,77091.12,77055.79,77061.42,42125
1782706320,2026-06-29T09:42:00,77063.2,77089.58,77054.69,77089.58,31743
1782706380,2026-06-29T09:43:00,77091.37,77102.67,77081.22,77090.22,45461
1782706440,2026-06-29T09:44:00,77091.57,77149.85,77091.57,77149.85,26574
1782706500,2026-06-29T09:45:00,77146.44,77146.44,77112.55,77113.04,39302
1782706560,2026-06-29T09:46:00,77121.37,77121.37,77083.91,77099.43,22368
1782706620,2026-06-29T09:47:00,77098.68,77123.07,77097.96,77123.07,23766
1782706680,2026-06-29T09:48:00,77121.8,77144.64,77115.08,77143.89,33768
1782706740,2026-06-29T09:49:00,77144.25,77144.4,77116.77,77116.77,38628
1782706800,2026-06-29T09:50:00,77113.34,77115.76,77092.58,77105.03,1148031
1782706860,2026-06-29T09:51:00,77109.53,77109.84,77082.08,77082.08,80166
1782706920,2026-06-29T09:52:00,77079.67,77082.55,77066.66,77075.94,43411
1782706980,2026-06-29T09:53:00,77076.38,77100.19,77074.07,77082.09,47472
1782707040,2026-06-29T09:54:00,77082.09,77097.15,77064.35,77069.84,83478
1782707100,2026-06-29T09:55:00,77066.9,77090.02,77060.5,77083.91,74933
1782707160,2026-06-29T09:56:00,77083.71,77083.92,77040.91,77044.0,149211
1782707220,2026-06-29T09:57:00,77044.37,77070.97,77038.97,77067.38,13968
1782707280,2026-06-29T09:58:00,77067.38,77084.48,77059.3,77084.48,19699
1782707340,2026-06-29T09:59:00,77079.73,77091.5,77065.76,77065.76,22706
1782707400,2026-06-29T10:00:00,77063.24,77094.55,77062.46,77089.23,23282
1782707460,2026-06-29T10:01:00,77087.44,77119.3,77083.61,77092.9,20664
1782707520,2026-06-29T10:02:00,77096.32,77096.32,77067.1,77073.32,14089
1782707580,2026-06-29T10:03:00,77073.88,77080.98,77045.42,77052.71,19077
1782707640,2026-06-29T10:04:00,77053.63,77053.63,76999.08,76999.08,56694
1782707700,2026-06-29T10:05:00,77002.21,77033.86,76993.91,77024.89,24060
1782707760,2026-06-29T10:06:00,77027.38,77062.55,77023.97,77044.06,13092
1782707820,2026-06-29T10:07:00,77044.68,77088.42,77043.87,77086.64,13901
1782707880,2026-06-29T10:08:00,77086.39,77086.39,77068.13,77081.62,9765
1782707940,2026-06-29T10:09:00,77077.95,77077.95,77059.48,77059.48,16775
1782708000,2026-06-29T10:10:00,77061.59,77063.68,77025.35,77034.7,17846
1782708060,2026-06-29T10:11:00,77030.3,77048.09,77023.96,77026.89,210295
1782708120,2026-06-29T10:12:00,77027.33,77053.3,77026.5,77050.65,13936
1782708180,2026-06-29T10:13:00,77051.88,77065.41,77047.23,77062.82,21466
1782708240,2026-06-29T10:14:00,77066.53,77081.01,77035.43,77035.43,33036
1782708300,2026-06-29T10:15:00,77033.22,77033.22,76996.7,77005.21,56960
1782708360,2026-06-29T10:16:00,77003.96,77020.03,77003.96,77010.21,55321
1782708420,2026-06-29T10:17:00,77016.97,77036.4,77006.71,77019.97,35722
1782708480,2026-06-29T10:18:00,77019.97,77032.4,77017.51,77020.66,11679
1782708540,2026-06-29T10:19:00,77021.02,77041.62,77008.09,77041.62,33139
1782708600,2026-06-29T10:20:00,77042.79,77057.92,77034.62,77043.34,35105
1782708660,2026-06-29T10:21:00,77044.9,77056.09,77028.16,77038.44,46285
1782708720,2026-06-29T10:22:00,77038.57,77103.76,77028.27,77103.76,47456
1782708780,2026-06-29T10:23:00,77104.21,77132.05,77104.21,77132.05,16279
1782708840,2026-06-29T10:24:00,77130.8,77173.8,77130.8,77173.8,35400
1782708900,2026-06-29T10:25:00,77177.05,77189.7,77172.1,77189.7,27685
1782708960,2026-06-29T10:26:00,77189.57,77232.14,77189.57,77232.14,30082
1782709020,2026-06-29T10:27:00,77230.87,77247.3,77215.33,77244.36,27608
1782709080,2026-06-29T10:28:00,77244.65,77252.78,77217.72,77227.45,16537
1782709140,2026-06-29T10:29:00,77232.75,77237.55,77221.08,77221.08,16448
1782709200,2026-06-29T10:30:00,77220.6,77233.82,77216.85,77224.87,17710
1782709260,2026-06-29T10:31:00,77224.78,77224.78,77198.02,77208.66,12318
1782709320,2026-06-29T10:32:00,77208.11,77231.39,77180.39,77231.39,22188
1782709380,2026-06-29T10:33:00,77224.47,77240.06,77223.66,77238.16,21515
1782709440,2026-06-29T10:34:00,77241.19,77244.41,77204.58,77207.95,20341
1782709500,2026-06-29T10:35:00,77209.36,77209.4,77189.31,77204.86,22767
1782709560,2026-06-29T10:36:00,77207.94,77221.07,77200.57,77211.27,19763
1782709620,2026-06-29T10:37:00,77209.63,77209.63,77178.05,77178.05,23156
1782709680,2026-06-29T10:38:00,77175.83,77180.86,77155.69,77172.41,50463
1782709740,2026-06-29T10:39:00,77168.64,77190.78,77168.64,77188.26,14466
1782709800,2026-06-29T10:40:00,77187.1,77208.25,77176.32,77190.55,11203
1782709860,2026-06-29T10:41:00,77192.13,77202.43,77179.12,77202.43,16637
1782709920,2026-06-29T10:42:00,77207.25,77231.02,77203.15,77221.29,42925
1782709980,2026-06-29T10:43:00,77219.04,77228.22,77212.5,77221.19,22168
1782710040,2026-06-29T10:44:00,77223.29,77251.32,77204.98,77243.9,23041
1782710100,2026-06-29T10:45:00,77240.84,77245.83,77226.31,77232.9,16863
1782710160,2026-06-29T10:46:00,77229.68,77231.7,77187.25,77188.48,20462
1782710220,2026-06-29T10:47:00,77189.64,77189.64,77170.59,77173.05,19911
1782710280,2026-06-29T10:48:00,77173.05,77178.54,77142.37,77142.4,21468
1782710340,2026-06-29T10:49:00,77141.76,77158.91,77133.45,77138.22,28188
1782710400,2026-06-29T10:50:00,77142.55,77146.96,77101.42,77110.58,20239
1782710460,2026-06-29T10:51:00,77109.47,77109.47,77056.68,77065.88,26593
1782710520,2026-06-29T10:52:00,77065.92,77080.63,77044.7,77047.08,17215
1782710580,2026-06-29T10:53:00,77045.8,77049.91,77018.3,77023.78,16506
1782710640,2026-06-29T10:54:00,77025.2,77048.61,77024.79,77041.13,18013
1782710700,2026-06-29T10:55:00,77038.73,77064.31,77030.77,77056.61,16134
1782710760,2026-06-29T10:56:00,77062.3,77081.09,77060.44,77071.52,12099
1782710820,2026-06-29T10:57:00,77074.88,77083.64,77038.36,77059.79,19119
1782710880,2026-06-29T10:58:00,77061.19,77097.83,77061.19,77094.11,24356
1782710940,2026-06-29T10:59:00,77092.39,77093.34,77066.66,77077.07,10385
1782711000,2026-06-29T11:00:00,77077.07,77093.22,77058.71,77063.4,10890
1782711060,2026-06-29T11:01:00,77064.21,77100.09,77059.84,77095.02,19882
1782711120,2026-06-29T11:02:00,77092.81,77141.35,77092.22,77135.89,16468
1782711180,2026-06-29T11:03:00,77138.35,77142.92,77114.93,77125.07,10985
1782711240,2026-06-29T11:04:00,77126.94,77148.61,77120.33,77148.3,15102
1782711300,2026-06-29T11:05:00,77147.2,77161.7,77137.59,77139.91,19497
1782711360,2026-06-29T11:06:00,77138.99,77140.27,77096.48,77114.39,23609
1782711420,2026-06-29T11:07:00,77112.89,77145.66,77109.85,77144.89,21405
1782711480,2026-06-29T11:08:00,77144.83,77154.47,77134.67,77139.54,31243
1782711540,2026-06-29T11:09:00,77140.3,77142.29,77119.5,77126.43,22570
1782711600,2026-06-29T11:10:00,77129.09,77150.39,77113.56,77145.34,25682
1782711660,2026-06-29T11:11:00,77146.34,77151.0,77129.39,77133.96,19895
1782711720,2026-06-29T11:12:00,77133.01,77134.27,77117.43,77117.43,16457
1782711780,2026-06-29T11:13:00,77120.95,77121.5,77098.83,77110.56,18395
1782711840,2026-06-29T11:14:00,77116.91,77137.32,77110.54,77111.05,13589
1782711900,2026-06-29T11:15:00,77110.26,77118.2,77102.79,77112.64,14766
1782711960,2026-06-29T11:16:00,77110.94,77148.24,77107.5,77133.21,28232
1782712020,2026-06-29T11:17:00,77133.09,77137.83,77113.42,77134.61,18247
1782712080,2026-06-29T11:18:00,77138.87,77148.58,77125.54,77126.55,13000
1782712140,2026-06-29T11:19:00,77123.57,77129.89,77116.67,77119.82,45364
1782712200,2026-06-29T11:20:00,77122.74,77126.24,77101.75,77103.45,13984
1782712260,2026-06-29T11:21:00,77102.52,77132.67,77099.52,77117.77,16197
1782712320,2026-06-29T11:22:00,77112.91,77117.53,77088.19,77092.08,14253
1782712380,2026-06-29T11:23:00,77097.22,77113.52,77089.84,77108.89,1067119
1782712440,2026-06-29T11:24:00,77107.22,77107.97,77084.36,77085.56,17374
1782712500,2026-06-29T11:25:00,77084.32,77089.98,77070.46,77073.88,59349
1782712560,2026-06-29T11:26:00,77074.87,77087.45,77074.87,77082.36,52315
1782712620,2026-06-29T11:27:00,77080.34,77098.12,77079.91,77096.4,9023
1782712680,2026-06-29T11:28:00,77096.4,77097.65,77071.55,77071.55,12843
1782712740,2026-06-29T11:29:00,77070.74,77070.74,77051.08,77067.55,11350
1782712800,2026-06-29T11:30:00,77066.46,77083.24,77062.91,77062.91,8394
1782712860,2026-06-29T11:31:00,77061.2,77072.57,77052.51,77063.33,109187
1782712920,2026-06-29T11:32:00,77063.92,77064.7,77008.32,77014.3,33407
1782712980,2026-06-29T11:33:00,77007.74,77011.07,76958.56,76958.56,24648
1782713040,2026-06-29T11:34:00,76953.19,76967.52,76931.51,76955.39,36825
1782713100,2026-06-29T11:35:00,76957.07,76989.65,76951.2,76980.94,15345
1782713160,2026-06-29T11:36:00,76980.05,77002.49,76975.33,76995.93,9831
1782713220,2026-06-29T11:37:00,76996.85,77004.9,76982.15,76993.25,13100
1782713280,2026-06-29T11:38:00,76994.96,77002.87,76986.24,76986.51,14421
1782713340,2026-06-29T11:39:00,76986.72,76999.03,76981.95,76981.95,12123
1782713400,2026-06-29T11:40:00,76984.35,76992.96,76976.72,76985.45,9990
1782713460,2026-06-29T11:41:00,76985.01,76997.85,76980.97,76997.14,360293
1782713520,2026-06-29T11:42:00,76990.34,76999.07,76976.56,76984.62,9235
1782713580,2026-06-29T11:43:00,76984.62,76987.67,76962.74,76973.3,21066
1782713640,2026-06-29T11:44:00,76975.22,76981.44,76956.24,76956.24,16908
1782713700,2026-06-29T11:45:00,76957.99,76961.96,76941.89,76941.89,18819
1782713760,2026-06-29T11:46:00,76940.31,76955.46,76936.95,76948.54,18889
1782713820,2026-06-29T11:47:00,76948.19,76963.04,76942.51,76958.51,112196
1782713880,2026-06-29T11:48:00,76958.54,76966.67,76955.57,76962.81,33597
1782713940,2026-06-29T11:49:00,76962.26,76962.26,76937.8,76937.8,10529
1782714000,2026-06-29T11:50:00,76937.99,76945.65,76922.44,76924.3,47438
1782714060,2026-06-29T11:51:00,76925.2,76925.2,76901.84,76910.54,18465
1782714120,2026-06-29T11:52:00,76909.9,76909.9,76892.16,76892.16,10577
1782714180,2026-06-29T11:53:00,76897.15,76900.39,76877.62,76877.62,16825
1782714240,2026-06-29T11:54:00,76877.35,76886.56,76867.43,76869.22,10384
1782714300,2026-06-29T11:55:00,76862.4,76882.12,76856.74,76876.53,22319
1782714360,2026-06-29T11:56:00,76873.79,76897.04,76866.22,76884.14,18069
1782714420,2026-06-29T11:57:00,76880.01,76894.26,76857.6,76894.26,13162
1782714480,2026-06-29T11:58:00,76895.35,76917.76,76891.98,76908.43,13876
1782714540,2026-06-29T11:59:00,76907.07,76911.07,76896.65,76897.98,10912
1782714600,2026-06-29T12:00:00,76897.34,76904.53,76879.73,76900.19,14821
1782714660,2026-06-29T12:01:00,76900.19,76914.31,76896.48,76906.99,11441
1782714720,2026-06-29T12:02:00,76906.65,76908.25,76896.74,76899.41,11375
1782714780,2026-06-29T12:03:00,76900.35,76902.48,76887.83,76890.72,12367
1782714840,2026-06-29T12:04:00,76889.17,76896.75,76884.19,76894.12,11373
1782714900,2026-06-29T12:05:00,76890.78,76902.77,76879.72,76886.76,46924
1782714960,2026-06-29T12:06:00,76881.64,76891.07,76876.74,76876.86,8619
1782715020,2026-06-29T12:07:00,76879.84,76890.56,76877.66,76882.82,11097
1782715080,2026-06-29T12:08:00,76882.79,76900.47,76878.55,76900.47,18079
1782715140,2026-06-29T12:09:00,76899.67,76914.28,76896.36,76910.98,17714
1782715200,2026-06-29T12:10:00,76909.91,76917.4,76903.15,76904.99,20617
1782715260,2026-06-29T12:11:00,76906.67,76917.34,76901.11,76905.86,62261
1782715320,2026-06-29T12:12:00,76907.45,76907.45,76845.24,76846.82,15806
1782715380,2026-06-29T12:13:00,76845.47,76867.18,76843.59,76862.78,51820
1782715440,2026-06-29T12:14:00,76861.52,76861.52,76838.04,76850.21,24035
1782715500,2026-06-29T12:15:00,76850.61,76855.12,76840.14,76849.21,29166
1782715560,2026-06-29T12:16:00,76849.56,76856.12,76808.78,76814.73,16357
1782715620,2026-06-29T12:17:00,76816.56,76827.44,76808.64,76808.64,34882
1782715680,2026-06-29T12:18:00,76806.1,76807.69,76782.38,76784.39,27465
1782715740,2026-06-29T12:19:00,76783.62,76793.95,76776.16,76776.16,8218
1782715800,2026-06-29T12:20:00,76775.55,76800.55,76771.41,76798.18,12638
1782715860,2026-06-29T12:21:00,76799.59,76799.59,76777.77,76780.97,33388
1782715920,2026-06-29T12:22:00,76781.97,76800.95,76777.02,76790.52,25008
1782715980,2026-06-29T12:23:00,76789.54,76798.31,76782.82,76787.25,11445
1782716040,2026-06-29T12:24:00,76787.21,76799.5,76781.73,76794.21,14812
1782716100,2026-06-29T12:25:00,76792.93,76797.57,76778.53,76793.21,8537
1782716160,2026-06-29T12:26:00,76792.2,76804.53,76786.67,76793.11,1646407
1782716220,2026-06-29T12:27:00,76784.35,76811.2,76783.64,76802.26,13951
1782716280,2026-06-29T12:28:00,76801.21,76808.09,76789.26,76796.71,6150
1782716340,2026-06-29T12:29:00,76794.05,76794.05,76751.47,76765.73,14788
1782716400,2026-06-29T12:30:00,76764.34,76779.02,76755.32,76769.45,10424
1782716460,2026-06-29T12:31:00,76775.6,76778.52,76749.67,76750.8,12303
1782716520,2026-06-29T12:32:00,76742.37,76744.3,76686.06,76694.49,19330
1782716580,2026-06-29T12:33:00,76688.09,76691.43,76661.98,76688.7,29768
1782716640,2026-06-29T12:34:00,76688.7,76689.33,76673.06,76677.4,22888
1782716700,2026-06-29T12:35:00,76676.66,76688.84,76661.55,76688.1,22238
1782716760,2026-06-29T12:36:00,76688.93,76700.0,76678.61,76678.61,11529
1782716820,2026-06-29T12:37:00,76678.07,76684.04,76660.43,76668.24,13860
1782716880,2026-06-29T12:38:00,76665.91,76675.47,76649.34,76662.79,30662
1782716940,2026-06-29T12:39:00,76662.8,76662.8,76644.82,76645.68,17633
1782717000,2026-06-29T12:40:00,76646.17,76648.35,76633.72,76634.32,51509
1782717060,2026-06-29T12:41:00,76636.13,76641.88,76623.38,76628.39,26436
1782717120,2026-06-29T12:42:00,76628.39,76668.76,76623.95,76668.76,21010
1782717180,2026-06-29T12:43:00,76665.29,76669.54,76651.1,76662.63,10594
1782717240,2026-06-29T12:44:00,76664.16,76681.68,76659.45,76681.68,32322
1782717300,2026-06-29T12:45:00,76684.76,76733.23,76679.09,76733.23,22287
1782717360,2026-06-29T12:46:00,76739.01,76743.4,76715.03,76716.34,10550
1782717420,2026-06-29T12:47:00,76717.56,76722.76,76699.54,76700.14,11445
1782717480,2026-06-29T12:48:00,76701.61,76710.0,76694.29,76710.0,13055
1782717540,2026-06-29T12:49:00,76708.93,76712.6,76690.75,76696.77,6367
1782717600,2026-06-29T12:50:00,76697.78,76702.9,76677.76,76685.01,15348
1782717660,2026-06-29T12:51:00,76685.01,76707.88,76674.69,76702.43,17692
1782717720,2026-06-29T12:52:00,76701.64,76723.75,76699.97,76702.75,43380
1782717780,2026-06-29T12:53:00,76706.81,76707.52,76693.24,76700.07,8010
1782717840,2026-06-29T12:54:00,76700.07,76711.95,76700.07,76709.64,22626
1782717900,2026-06-29T12:55:00,76709.64,76740.24,76709.64,76736.56,9725
1782717960,2026-06-29T12:56:00,76736.05,76741.03,76726.33,76737.41,29882
1782718020,2026-06-29T12:57:00,76738.09,76753.39,76737.62,76752.48,11908
1782718080,2026-06-29T12:58:00,76754.31,76761.95,76743.53,76756.28,19081
1782718140,2026-06-29T12:59:00,76756.35,76766.88,76746.94,76753.59,11459
1782718200,2026-06-29T13:00:00,76749.87,76769.61,76747.83,76764.63,13177
1782718260,2026-06-29T13:01:00,76764.63,76772.46,76744.76,76754.93,12388
1782718320,2026-06-29T13:02:00,76755.01,76756.1,76705.16,76714.85,9911
1782718380,2026-06-29T13:03:00,76715.39,76741.27,76708.68,76732.74,7988
1782718440,2026-06-29T13:04:00,76734.47,76764.69,76734.47,76751.3,10203
1782718500,2026-06-29T13:05:00,76753.57,76753.57,76725.59,76725.59,6238
1782718560,2026-06-29T13:06:00,76725.41,76745.1,76723.48,76744.94,6608
1782718620,2026-06-29T13:07:00,76744.94,76756.5,76732.31,76732.31,9786
1782718680,2026-06-29T13:08:00,76737.45,76765.15,76732.66,76763.31,116613
1782718740,2026-06-29T13:09:00,76763.61,76802.47,76757.16,76802.47,6278
1782718800,2026-06-29T13:10:00,76802.47,76804.91,76779.71,76782.6,14487
1782718860,2026-06-29T13:11:00,76783.11,76786.91,76773.67,76780.73,9389
1782718920,2026-06-29T13:12:00,76779.86,76783.85,76753.63,76765.91,15298
1782718980,2026-06-29T13:13:00,76766.09,76774.94,76751.06,76763.98,9514
1782719040,2026-06-29T13:14:00,76763.98,76766.11,76751.22,76755.49,7696
1782719100,2026-06-29T13:15:00,76756.13,76756.13,76720.94,76720.94,10580
1782719160,2026-06-29T13:16:00,76722.36,76737.15,76709.29,76737.15,30935
1782719220,2026-06-29T13:17:00,76733.52,76739.34,76727.59,76727.59,25400
1782719280,2026-06-29T13:18:00,76730.93,76733.26,76700.15,76704.64,18040
1782719340,2026-06-29T13:19:00,76705.05,76722.55,76694.36,76712.37,29664
1782719400,2026-06-29T13:20:00,76715.01,76717.24,76702.01,76709.06,7520
1782719460,2026-06-29T13:21:00,76709.91,76719.4,76704.75,76719.4,8553
1782719520,2026-06-29T13:22:00,76715.51,76722.35,76703.63,76703.63,13774
1782719580,2026-06-29T13:23:00,76703.63,76706.98,76691.36,76704.8,7176
1782719640,2026-06-29T13:24:00,76704.8,76712.09,76700.67,76712.09,42673
1782719700,2026-06-29T13:25:00,76711.65,76729.23,76708.57,76719.9,7860
1782719760,2026-06-29T13:26:00,76719.98,76720.27,76698.42,76711.13,10077
1782719820,2026-06-29T13:27:00,76711.89,76740.07,76711.62,76740.07,11924
1782719880,2026-06-29T13:28:00,76738.22,76750.89,76732.34,76743.46,11014
1782719940,2026-06-29T13:29:00,76743.64,76758.01,76740.39,76752.54,12722
1782720000,2026-06-29T13:30:00,76754.39,76768.58,76746.09,76749.0,12981
1782720060,2026-06-29T13:31:00,76750.66,76771.94,76735.53,76771.94,15065
1782720120,2026-06-29T13:32:00,76772.0,76801.66,76764.73,76791.52,14932
1782720180,2026-06-29T13:33:00,76791.45,76795.05,76757.53,76759.18,7575
1782720240,2026-06-29T13:34:00,76755.91,76756.0,76719.48,76720.51,7340
1782720300,2026-06-29T13:35:00,76719.56,76738.25,76703.29,76738.25,102766
1782720360,2026-06-29T13:36:00,76739.08,76758.73,76736.63,76754.52,12921
1782720420,2026-06-29T13:37:00,76755.21,76766.43,76743.3,76743.4,5308
1782720480,2026-06-29T13:38:00,76748.14,76751.08,76730.81,76736.22,49219
1782720540,2026-06-29T13:39:00,76733.47,76736.32,76718.22,76733.93,18189
1782720600,2026-06-29T13:40:00,76725.92,76731.32,76717.02,76717.02,10267
1782720660,2026-06-29T13:41:00,76721.51,76736.75,76718.27,76736.41,43913
1782720720,2026-06-29T13:42:00,76734.13,76747.67,76726.71,76747.67,14257
1782720780,2026-06-29T13:43:00,76748.67,76748.67,76673.7,76674.66,100394
1782720840,2026-06-29T13:44:00,76672.28,76678.52,76658.16,76676.57,10299
1782720900,2026-06-29T13:45:00,76674.91,76675.48,76663.19,76675.15,4277
1782720960,2026-06-29T13:46:00,76674.99,76696.13,76674.99,76696.13,28235
1782721020,2026-06-29T13:47:00,76697.74,76702.31,76684.27,76684.6,8480
1782721080,2026-06-29T13:48:00,76684.89,76709.68,76684.89,76703.44,13408
1782721140,2026-06-29T13:49:00,76703.67,76708.35,76665.25,76667.83,9357
1782721200,2026-06-29T13:50:00,76668.32,76673.41,76634.52,76635.26,10857
1782721260,2026-06-29T13:51:00,76634.0,76655.54,76621.75,76651.41,17871
1782721320,2026-06-29T13:52:00,76652.51,76677.22,76652.51,76660.52,11345
1782721380,2026-06-29T13:53:00,76660.1,76682.0,76660.06,76681.95,8163
1782721440,2026-06-29T13:54:00,76683.74,76685.84,76667.92,76685.84,6095
1782721500,2026-06-29T13:55:00,76682.08,76715.38,76682.08,76707.71,10386
1782721560,2026-06-29T13:56:00,76705.95,76716.55,76690.83,76704.67,7881
1782721620,2026-06-29T13:57:00,76699.53,76712.42,76695.27,76701.06,13248
1782721680,2026-06-29T13:58:00,76700.22,76719.03,76699.12,76718.48,13625
1782721740,2026-06-29T13:59:00,76718.02,76718.98,76693.78,76714.46,31415
1782721800,2026-06-29T14:00:00,76713.63,76748.74,76697.11,76748.74,27727
1782721860,2026-06-29T14:01:00,76749.66,76759.31,76735.8,76743.81,6512
1782721920,2026-06-29T14:02:00,76743.81,76749.06,76728.44,76739.76,6196
1782721980,2026-06-29T14:03:00,76739.76,76741.99,76734.21,76737.43,7525
1782722040,2026-06-29T14:04:00,76737.39,76745.95,76715.13,76716.13,13246
1782722100,2026-06-29T14:05:00,76716.49,76733.11,76716.13,76731.07,8561
1782722160,2026-06-29T14:06:00,76728.8,76734.57,76725.15,76729.95,7629
1782722220,2026-06-29T14:07:00,76730.76,76738.88,76724.3,76735.86,6986
1782722280,2026-06-29T14:08:00,76735.86,76761.89,76732.2,76746.86,16913
1782722340,2026-06-29T14:09:00,76745.34,76748.95,76721.99,76727.32,9039
1782722400,2026-06-29T14:10:00,76722.21,76726.08,76703.02,76703.02,13053
1782722460,2026-06-29T14:11:00,76703.18,76728.86,76703.18,76726.31,21322
1782722520,2026-06-29T14:12:00,76726.27,76737.38,76718.3,76733.78,15333
1782722580,2026-06-29T14:13:00,76732.66,76739.93,76719.08,76738.71,13432
1782722640,2026-06-29T14:14:00,76738.71,76754.4,76737.1,76737.11,15471
1782722700,2026-06-29T14:15:00,76737.62,76742.4,76723.55,76735.46,6816
1782722760,2026-06-29T14:16:00,76735.42,76740.11,76728.11,76734.92,9993
1782722820,2026-06-29T14:17:00,76734.92,76746.6,76728.45,76736.05,13278
1782722880,2026-06-29T14:18:00,76735.48,76744.66,76732.58,76735.54,12087
1782722940,2026-06-29T14:19:00,76734.66,76771.31,76734.66,76765.34,7279
1782723000,2026-06-29T14:20:00,76765.34,76769.06,76740.49,76764.53,18000
1782723060,2026-06-29T14:21:00,76764.53,76776.92,76759.5,76759.5,19053
1782723120,2026-06-29T14:22:00,76753.67,76763.35,76745.42,76753.27,6225
1782723180,2026-06-29T14:23:00,76753.27,76757.74,76724.63,76732.76,8351
1782723240,2026-06-29T14:24:00,76737.66,76737.66,76714.86,76716.27,12106
1782723300,2026-06-29T14:25:00,76715.19,76719.27,76699.57,76710.17,9805
1782723360,2026-06-29T14:26:00,76716.54,76727.17,76712.12,76721.22,15044
1782723420,2026-06-29T14:27:00,76721.39,76734.41,76713.44,76727.94,5470
1782723480,2026-06-29T14:28:00,76728.04,76731.01,76711.23,76716.74,10335
1782723540,2026-06-29T14:29:00,76718.18,76720.51,76709.31,76716.18,16672
1782723600,2026-06-29T14:30:00,76715.85,76724.09,76681.42,76683.99,17930
1782723660,2026-06-29T14:31:00,76682.97,76713.62,76664.22,76713.16,49912
1782723720,2026-06-29T14:32:00,76714.56,76742.29,76703.49,76742.29,13570
1782723780,2026-06-29T14:33:00,76743.84,76766.8,76743.36,76759.85,15188
1782723840,2026-06-29T14:34:00,76759.85,76764.88,76752.74,76754.08,22433
1782723900,2026-06-29T14:35:00,76753.7,76756.98,76738.19,76751.03,20882
1782723960,2026-06-29T14:36:00,76753.91,76768.23,76743.81,76745.63,10262
1782724020,2026-06-29T14:37:00,76730.7,76741.77,76719.4,76720.55,13597
1782724080,2026-06-29T14:38:00,76720.55,76743.09,76720.55,76724.56,12704
1782724140,2026-06-29T14:39:00,76726.68,76726.68,76700.3,76709.8,8823
1782724200,2026-06-29T14:40:00,76709.8,76733.48,76705.34,76724.4,9243
1782724260,2026-06-29T14:41:00,76725.41,76738.21,76718.77,76727.89,10493
1782724320,2026-06-29T14:42:00,76726.87,76741.84,76720.59,76741.49,19148
1782724380,2026-06-29T14:43:00,76742.27,76761.48,76738.25,76761.48,12993
1782724440,2026-06-29T14:44:00,76764.61,76772.69,76757.52,76765.67,10963
1782724500,2026-06-29T14:45:00,76766.07,76772.09,76754.11,76768.38,16342
1782724560,2026-06-29T14:46:00,76768.79,76783.27,76760.43,76774.25,11935
1782724620,2026-06-29T14:47:00,76780.61,76786.31,76773.76,76782.63,13006
1782724680,2026-06-29T14:48:00,76782.89,76782.89,76765.57,76766.4,13391
1782724740,2026-06-29T14:49:00,76763.82,76768.68,76756.03,76764.23,19645
1782724800,2026-06-29T14:50:00,76764.23,76764.23,76683.46,76683.46,328705
1782724860,2026-06-29T14:51:00,76683.55,76722.17,76683.55,76722.17,20500
1782724920,2026-06-29T14:52:00,76724.04,76732.52,76721.9,76723.82,14936
1782724980,2026-06-29T14:53:00,76723.49,76725.67,76689.48,76689.48,7236
1782725040,2026-06-29T14:54:00,76689.77,76699.2,76684.36,76695.93,8336
1782725100,2026-06-29T14:55:00,76696.99,76708.15,76682.26,76701.59,35523
1782725160,2026-06-29T14:56:00,76698.95,76704.11,76692.52,76700.91,10850
1782725220,2026-06-29T14:57:00,76700.57,76704.26,76685.3,76687.57,14396
1782725280,2026-06-29T14:58:00,76688.71,76691.24,76645.79,76658.64,22591
1782725340,2026-06-29T14:59:00,76657.99,76667.55,76636.07,76655.57,30514
1782725400,2026-06-29T15:00:00,76658.75,76834.48,76657.41,76801.32,504492
1782725460,2026-06-29T15:01:00,76801.67,76806.0,76735.89,76747.77,125328
1782725520,2026-06-29T15:02:00,76748.87,76749.04,76714.69,76735.21,107693
1782725580,2026-06-29T15:03:00,76740.98,76741.24,76703.03,76708.55,77674
1782725640,2026-06-29T15:04:00,76709.17,76731.44,76699.51,76703.3,84404
1782725700,2026-06-29T15:05:00,76703.92,76706.15,76670.01,76682.55,111290
1782725760,2026-06-29T15:06:00,76686.24,76722.36,76681.81,76713.73,69152
1782725820,2026-06-29T15:07:00,76713.81,76743.11,76702.39,76739.47,56633
1782725880,2026-06-29T15:08:00,76742.63,76745.64,76726.92,76741.89,56295
1782725940,2026-06-29T15:09:00,76741.21,76753.95,76716.28,76724.0,71444
1782726000,2026-06-29T15:10:00,76720.36,76720.87,76643.99,76677.28,118984
1782726060,2026-06-29T15:11:00,76675.66,76693.13,76670.15,76677.26,80818
1782726120,2026-06-29T15:12:00,76682.17,76694.3,76676.24,76685.65,79581
1782726180,2026-06-29T15:13:00,76688.5,76709.46,76665.37,76668.31,97758
1782726240,2026-06-29T15:14:00,76680.83,76708.34,76675.24,76705.5,77426
1782726300,2026-06-29T15:15:00,76706.48,76716.97,76680.45,76685.76,110682
1782726360,2026-06-29T15:16:00,76683.8,76729.44,76683.8,76729.44,102947
1782726420,2026-06-29T15:17:00,76728.59,76742.67,76709.81,76740.24,92046
1782726480,2026-06-29T15:18:00,76739.09,76741.27,76709.62,76722.82,114732
1782726540,2026-06-29T15:19:00,76722.79,76723.29,76705.75,76711.24,112478
1782726600,2026-06-29T15:20:00,76713.5,76725.01,76706.67,76719.04,123802
1782726660,2026-06-29T15:21:00,76717.62,76732.34,76715.67,76725.3,99594
1782726720,2026-06-29T15:22:00,76727.44,76727.44,76677.18,76698.4,168124
1782726780,2026-06-29T15:23:00,76700.21,76734.37,76696.71,76734.37,131266
1782726840,2026-06-29T15:24:00,76737.7,76747.51,76708.86,76746.23,173574
1782726900,2026-06-29T15:25:00,76746.64,76747.41,76716.79,76738.29,135567
1782726960,2026-06-29T15:26:00,76741.97,76774.41,76729.5,76762.13,157714
1782727020,2026-06-29T15:27:00,76759.88,76818.63,76744.14,76818.63,272958
1782727080,2026-06-29T15:28:00,76814.5,76843.42,76799.69,76835.77,96023
1782727140,2026-06-29T15:29:00,76834.99,76837.14,76780.96,76789.56,52738
1782791100,2026-06-30T09:15:00,77005.51,77037.36,76912.73,76932.33,276433
1782791160,2026-06-30T09:16:00,76932.45,76932.45,76775.69,76788.56,158577
1782791220,2026-06-30T09:17:00,76794.87,76828.42,76787.63,76791.84,114386
1782791280,2026-06-30T09:18:00,76786.45,76798.42,76745.23,76756.98,86208
1782791340,2026-06-30T09:19:00,76760.51,76765.47,76738.91,76757.05,87423
1782791400,2026-06-30T09:20:00,76760.68,76760.68,76715.53,76720.79,95282
1782791460,2026-06-30T09:21:00,76716.85,76729.94,76704.43,76713.85,116131
1782791520,2026-06-30T09:22:00,76707.73,76707.73,76626.81,76674.33,71018
1782791580,2026-06-30T09:23:00,76673.26,76683.9,76635.19,76648.65,44296
1782791640,2026-06-30T09:24:00,76651.95,76653.98,76609.26,76628.78,46363
1782791700,2026-06-30T09:25:00,76622.3,76635.34,76600.95,76634.96,36894
1782791760,2026-06-30T09:26:00,76633.18,76642.01,76626.15,76633.02,49741
1782791820,2026-06-30T09:27:00,76628.72,76655.34,76624.31,76628.9,44152
1782791880,2026-06-30T09:28:00,76630.98,76646.46,76612.69,76641.14,30768
1782791940,2026-06-30T09:29:00,76635.72,76636.07,76609.53,76615.08,28679
1782792000,2026-06-30T09:30:00,76618.93,76619.24,76574.68,76586.57,63422
1782792060,2026-06-30T09:31:00,76584.94,76603.43,76557.81,76596.74,71764
1782792120,2026-06-30T09:32:00,76601.11,76601.11,76524.13,76529.35,44515
1782792180,2026-06-30T09:33:00,76530.42,76538.71,76505.93,76525.56,38232
1782792240,2026-06-30T09:34:00,76529.75,76545.02,76515.33,76523.69,37190
1782792300,2026-06-30T09:35:00,76523.58,76556.56,76512.37,76547.35,30558
1782792360,2026-06-30T09:36:00,76550.43,76570.18,76550.43,76555.67,50873
1782792420,2026-06-30T09:37:00,76555.61,76582.66,76549.82,76567.66,49490
1782792480,2026-06-30T09:38:00,76564.11,76581.43,76554.95,76563.84,29660
1782792540,2026-06-30T09:39:00,76565.29,76565.29,76535.03,76535.03,55112
1782792600,2026-06-30T09:40:00,76533.04,76561.58,76532.53,76541.96,53085
1782792660,2026-06-30T09:41:00,76542.34,76549.71,76496.9,76521.97,55950
1782792720,2026-06-30T09:42:00,76524.1,76535.42,76520.73,76535.42,32234
1782792780,2026-06-30T09:43:00,76535.85,76547.83,76507.73,76507.73,40254
1782792840,2026-06-30T09:44:00,76511.65,76524.43,76498.64,76521.27,36107
1782792900,2026-06-30T09:45:00,76521.99,76528.41,76502.01,76503.59,64887
1782792960,2026-06-30T09:46:00,76507.62,76518.98,76472.42,76483.61,85563
1782793020,2026-06-30T09:47:00,76484.24,76493.64,76459.94,76467.87,36192
1782793080,2026-06-30T09:48:00,76469.21,76492.09,76455.49,76463.52,54712
1782793140,2026-06-30T09:49:00,76464.83,76482.1,76460.64,76482.1,1040243
1782793200,2026-06-30T09:50:00,76483.63,76489.45,76458.7,76471.7,26037
1782793260,2026-06-30T09:51:00,76472.32,76488.16,76471.74,76487.22,45032
1782793320,2026-06-30T09:52:00,76488.77,76515.0,76487.26,76506.55,30376
1782793380,2026-06-30T09:53:00,76507.21,76508.53,76493.44,76497.51,26781
1782793440,2026-06-30T09:54:00,76498.09,76511.21,76495.01,76499.85,29429
1782793500,2026-06-30T09:55:00,76496.43,76511.31,76491.85,76511.31,19540
1782793560,2026-06-30T09:56:00,76511.14,76548.87,76505.44,76548.87,34505
1782793620,2026-06-30T09:57:00,76550.85,76572.21,76548.65,76563.38,36314
1782793680,2026-06-30T09:58:00,76563.66,76574.93,76562.94,76569.37,39758
1782793740,2026-06-30T09:59:00,76563.84,76566.6,76552.22,76554.7,41042
1782793800,2026-06-30T10:00:00,76554.48,76567.96,76545.98,76559.81,32652
1782793860,2026-06-30T10:01:00,76557.16,76577.44,76557.16,76568.35,73709
1782793920,2026-06-30T10:02:00,76566.59,76601.63,76566.59,76601.63,23816
1782793980,2026-06-30T10:03:00,76605.84,76637.02,76603.98,76636.22,36531
1782794040,2026-06-30T10:04:00,76641.51,76667.32,76630.7,76665.1,42709
1782794100,2026-06-30T10:05:00,76668.06,76685.04,76664.15,76685.04,20627
1782794160,2026-06-30T10:06:00,76681.04,76681.8,76648.42,76652.01,21118
1782794220,2026-06-30T10:07:00,76652.65,76652.65,76592.11,76592.58,31150
1782794280,2026-06-30T10:08:00,76598.66,76609.95,76591.97,76601.03,48236
1782794340,2026-06-30T10:09:00,76597.29,76597.29,76553.82,76553.82,28270
1782794400,2026-06-30T10:10:00,76557.89,76606.1,76551.99,76606.1,467598
1782794460,2026-06-30T10:11:00,76604.94,76609.75,76596.51,76607.99,85093
1782794520,2026-06-30T10:12:00,76602.52,76618.39,76600.58,76612.84,16150
1782794580,2026-06-30T10:13:00,76611.86,76618.77,76592.92,76615.96,22299
1782794640,2026-06-30T10:14:00,76615.4,76623.21,76604.2,76607.16,21353
1782794700,2026-06-30T10:15:00,76606.14,76606.14,76575.99,76580.75,19197
1782794760,2026-06-30T10:16:00,76579.11,76601.53,76578.7,76589.81,22807
1782794820,2026-06-30T10:17:00,76589.89,76597.51,76577.81,76595.43,32311
1782794880,2026-06-30T10:18:00,76596.64,76612.95,76589.0,76612.95,11540
1782794940,2026-06-30T10:19:00,76612.56,76612.78,76586.7,76592.05,50546
1782795000,2026-06-30T10:20:00,76591.81,76601.07,76572.19,76577.93,28202
1782795060,2026-06-30T10:21:00,76577.76,76586.82,76563.28,76572.53,57552
1782795120,2026-06-30T10:22:00,76569.77,76571.77,76543.08,76543.08,32952
1782795180,2026-06-30T10:23:00,76548.58,76564.31,76531.11,76555.65,16159
1782795240,2026-06-30T10:24:00,76564.11,76596.74,76553.03,76596.74,171480
1782795300,2026-06-30T10:25:00,76590.82,76643.39,76590.82,76643.39,26693
1782795360,2026-06-30T10:26:00,76645.17,76645.34,76597.47,76607.93,33095
1782795420,2026-06-30T10:27:00,76603.13,76629.05,76600.8,76626.36,30119
1782795480,2026-06-30T10:28:00,76626.36,76634.25,76618.35,76627.26,32568
1782795540,2026-06-30T10:29:00,76624.79,76625.11,76602.07,76606.95,19316
1782795600,2026-06-30T10:30:00,76608.69,76609.0,76583.61,76583.61,31145
1782795660,2026-06-30T10:31:00,76582.18,76582.35,76559.55,76569.02,24770
1782795720,2026-06-30T10:32:00,76576.08,76581.85,76561.64,76580.42,40862
1782795780,2026-06-30T10:33:00,76581.52,76622.63,76580.76,76616.07,31359
1782795840,2026-06-30T10:34:00,76616.14,76624.22,76612.1,76620.33,15502
1782795900,2026-06-30T10:35:00,76619.42,76628.72,76617.19,76626.69,14788
1782795960,2026-06-30T10:36:00,76628.18,76650.41,76625.06,76643.0,28773
1782796020,2026-06-30T10:37:00,76643.71,76647.54,76631.29,76637.8,23336
1782796080,2026-06-30T10:38:00,76635.89,76648.76,76627.45,76643.42,28368
1782796140,2026-06-30T10:39:00,76644.71,76656.3,76606.52,76606.52,21207
1782796200,2026-06-30T10:40:00,76609.22,76609.22,76578.91,76581.39,17623
1782796260,2026-06-30T10:41:00,76578.57,76578.57,76541.9,76561.88,60025
1782796320,2026-06-30T10:42:00,76563.25,76584.71,76560.03,76573.59,13046
1782796380,2026-06-30T10:43:00,76572.31,76582.91,76569.73,76571.34,9896
1782796440,2026-06-30T10:44:00,76573.6,76590.88,76573.6,76586.79,19477
1782796500,2026-06-30T10:45:00,76588.97,76597.26,76583.24,76583.24,13295
1782796560,2026-06-30T10:46:00,76585.03,76618.44,76583.82,76616.93,16330
1782796620,2026-06-30T10:47:00,76610.3,76621.9,76609.56,76619.35,32077
1782796680,2026-06-30T10:48:00,76620.21,76633.44,76614.53,76628.49,37694
1782796740,2026-06-30T10:49:00,76628.73,76655.54,76623.6,76655.51,27394
1782796800,2026-06-30T10:50:00,76653.68,76686.95,76652.89,76684.84,45997
1782796860,2026-06-30T10:51:00,76684.02,76694.65,76677.93,76694.65,28743
1782796920,2026-06-30T10:52:00,76694.95,76695.29,76674.04,76674.04,15319
1782796980,2026-06-30T10:53:00,76673.83,76681.62,76662.43,76665.58,16792
1782797040,2026-06-30T10:54:00,76672.27,76672.27,76635.09,76635.09,9902
1782797100,2026-06-30T10:55:00,76635.1,76647.88,76617.58,76644.68,28477
1782797160,2026-06-30T10:56:00,76646.87,76646.87,76624.19,76626.61,18581
1782797220,2026-06-30T10:57:00,76625.27,76625.81,76587.25,76596.71,19827
1782797280,2026-06-30T10:58:00,76592.53,76610.33,76575.3,76577.55,318889
1782797340,2026-06-30T10:59:00,76575.08,76581.63,76551.0,76551.0,45558
1782797400,2026-06-30T11:00:00,76544.25,76548.34,76519.24,76544.14,24778
1782797460,2026-06-30T11:01:00,76541.16,76570.24,76541.16,76567.91,26625
1782797520,2026-06-30T11:02:00,76567.18,76583.07,76562.23,76569.13,32756
1782797580,2026-06-30T11:03:00,76569.13,76575.27,76554.21,76572.77,21669
1782797640,2026-06-30T11:04:00,76571.73,76571.73,76539.45,76549.48,32201
1782797700,2026-06-30T11:05:00,76550.83,76550.83,76529.69,76531.33,42177
1782797760,2026-06-30T11:06:00,76531.24,76539.64,76525.74,76535.99,30291
1782797820,2026-06-30T11:07:00,76540.84,76549.57,76534.7,76538.78,17923
1782797880,2026-06-30T11:08:00,76538.35,76546.72,76535.12,76542.09,20658
1782797940,2026-06-30T11:09:00,76544.49,76572.81,76540.86,76572.81,12612
1782798000,2026-06-30T11:10:00,76572.94,76618.9,76568.1,76613.95,32296
1782798060,2026-06-30T11:11:00,76615.05,76668.21,76615.05,76666.42,17155
1782798120,2026-06-30T11:12:00,76669.96,76730.02,76669.96,76722.77,37028
1782798180,2026-06-30T11:13:00,76721.67,76744.78,76719.17,76724.79,36825
1782798240,2026-06-30T11:14:00,76723.44,76727.21,76711.24,76720.23,28338
1782798300,2026-06-30T11:15:00,76726.59,76742.03,76720.18,76735.03,22690
1782798360,2026-06-30T11:16:00,76734.31,76734.31,76712.01,76715.21,20539
1782798420,2026-06-30T11:17:00,76710.91,76718.38,76697.22,76697.94,33530
1782798480,2026-06-30T11:18:00,76691.0,76705.53,76685.94,76687.43,14624
1782798540,2026-06-30T11:19:00,76686.98,76715.75,76680.29,76715.75,11849
1782798600,2026-06-30T11:20:00,76711.05,76721.59,76705.79,76709.35,22071
1782798660,2026-06-30T11:21:00,76708.91,76736.63,76705.65,76732.49,14264
1782798720,2026-06-30T11:22:00,76727.51,76746.65,76727.51,76733.58,16296
1782798780,2026-06-30T11:23:00,76731.8,76848.11,76731.8,76845.89,51032
1782798840,2026-06-30T11:24:00,76851.44,76899.63,76851.44,76898.84,54052
1782798900,2026-06-30T11:25:00,76900.88,76910.28,76890.4,76899.23,32269
1782798960,2026-06-30T11:26:00,76898.93,76902.64,76870.04,76886.91,42708
1782799020,2026-06-30T11:27:00,76890.92,76897.64,76875.89,76882.98,31810
1782799080,2026-06-30T11:28:00,76885.14,76894.02,76850.19,76857.7,37070
1782799140,2026-06-30T11:29:00,76856.22,76865.39,76840.93,76852.64,19150
1782799200,2026-06-30T11:30:00,76854.75,76854.75,76797.44,76802.27,96674
1782799260,2026-06-30T11:31:00,76804.02,76804.02,76753.78,76787.5,22446
1782799320,2026-06-30T11:32:00,76786.61,76786.61,76728.41,76736.74,45318
1782799380,2026-06-30T11:33:00,76737.74,76745.91,76728.45,76742.06,90731
1782799440,2026-06-30T11:34:00,76743.09,76749.1,76733.29,76736.15,19849
1782799500,2026-06-30T11:35:00,76737.77,76738.14,76660.04,76667.88,62720
1782799560,2026-06-30T11:36:00,76665.75,76692.19,76659.1,76689.44,18759
1782799620,2026-06-30T11:37:00,76692.01,76714.65,76692.01,76704.1,43069
1782799680,2026-06-30T11:38:00,76704.27,76718.59,76695.8,76702.51,21038
1782799740,2026-06-30T11:39:00,76707.94,76731.87,76687.95,76730.74,38382
1782799800,2026-06-30T11:40:00,76731.19,76758.68,76727.82,76758.68,13987
1782799860,2026-06-30T11:41:00,76759.32,76760.6,76727.75,76728.56,17958
1782799920,2026-06-30T11:42:00,76725.29,76729.36,76716.93,76717.87,15926
1782799980,2026-06-30T11:43:00,76718.65,76718.65,76698.59,76703.48,56860
1782800040,2026-06-30T11:44:00,76702.18,76706.89,76678.41,76683.09,22724
1782800100,2026-06-30T11:45:00,76679.33,76689.31,76658.75,76667.16,16961
1782800160,2026-06-30T11:46:00,76667.12,76672.01,76647.32,76661.05,21379
1782800220,2026-06-30T11:47:00,76660.65,76691.87,76656.84,76686.03,11007
1782800280,2026-06-30T11:48:00,76687.69,76692.14,76682.81,76686.77,20992
1782800340,2026-06-30T11:49:00,76690.82,76690.82,76664.55,76676.07,15191
1782800400,2026-06-30T11:50:00,76676.51,76688.56,76664.82,76669.65,16339
1782800460,2026-06-30T11:51:00,76667.08,76695.43,76665.13,76683.8,26310
1782800520,2026-06-30T11:52:00,76681.6,76697.69,76681.6,76689.39,9527
1782800580,2026-06-30T11:53:00,76689.39,76699.33,76679.75,76679.75,11677
1782800640,2026-06-30T11:54:00,76685.17,76716.9,76681.32,76716.9,41229
1782800700,2026-06-30T11:55:00,76715.8,76729.76,76714.87,76722.14,17707
1782800760,2026-06-30T11:56:00,76721.84,76721.92,76703.17,76714.18,78783
1782800820,2026-06-30T11:57:00,76714.75,76724.68,76710.84,76716.54,39621
1782800880,2026-06-30T11:58:00,76714.7,76726.03,76711.09,76716.14,27740
1782800940,2026-06-30T11:59:00,76718.74,76738.05,76715.51,76727.02,19492
1782801000,2026-06-30T12:00:00,76726.15,76736.7,76694.02,76699.53,19172
1782801060,2026-06-30T12:01:00,76697.37,76703.43,76690.15,76690.81,18164
1782801120,2026-06-30T12:02:00,76688.29,76688.29,76670.0,76685.0,25544
1782801180,2026-06-30T12:03:00,76682.62,76697.44,76682.59,76688.38,20555
1782801240,2026-06-30T12:04:00,76689.41,76692.66,76683.26,76683.26,25830
1782801300,2026-06-30T12:05:00,76685.43,76687.51,76671.04,76671.04,22456
1782801360,2026-06-30T12:06:00,76669.1,76679.27,76666.04,76677.01,37185
1782801420,2026-06-30T12:07:00,76675.29,76685.55,76668.85,76675.56,45628
1782801480,2026-06-30T12:08:00,76669.88,76684.88,76664.54,76664.54,13807
1782801540,2026-06-30T12:09:00,76665.97,76669.63,76657.37,76662.49,8897
1782801600,2026-06-30T12:10:00,76662.98,76679.68,76648.07,76672.72,22446
1782801660,2026-06-30T12:11:00,76672.86,76678.18,76650.22,76654.7,12170
1782801720,2026-06-30T12:12:00,76652.59,76667.65,76650.03,76661.57,12224
1782801780,2026-06-30T12:13:00,76660.58,76670.84,76658.41,76661.73,17639
1782801840,2026-06-30T12:14:00,76662.95,76665.16,76650.73,76655.25,17420
1782801900,2026-06-30T12:15:00,76654.57,76669.59,76646.97,76668.57,27760
1782801960,2026-06-30T12:16:00,76667.77,76675.56,76657.71,76662.9,12914
1782802020,2026-06-30T12:17:00,76665.26,76665.26,76631.84,76637.8,13579
1782802080,2026-06-30T12:18:00,76634.53,76637.35,76622.43,76622.43,19901
1782802140,2026-06-30T12:19:00,76625.02,76644.74,76621.42,76640.15,28835
1782802200,2026-06-30T12:20:00,76637.69,76646.95,76626.71,76642.74,15560
1782802260,2026-06-30T12:21:00,76642.15,76652.02,76636.54,76645.77,16530
1782802320,2026-06-30T12:22:00,76649.03,76663.96,76644.11,76661.68,11363
1782802380,2026-06-30T12:23:00,76657.4,76670.85,76654.98,76667.53,15207
1782802440,2026-06-30T12:24:00,76667.88,76686.1,76659.46,76684.2,11804
1782802500,2026-06-30T12:25:00,76684.85,76688.85,76668.49,76669.63,11768
1782802560,2026-06-30T12:26:00,76669.61,76679.75,76663.08,76679.75,19148
1782802620,2026-06-30T12:27:00,76680.88,76687.19,76669.54,76676.13,10699
1782802680,2026-06-30T12:28:00,76676.42,76678.93,76665.55,76677.73,18143
1782802740,2026-06-30T12:29:00,76672.5,76677.11,76664.31,76675.95,24392
1782802800,2026-06-30T12:30:00,76674.48,76679.29,76637.02,76639.68,27600
1782802860,2026-06-30T12:31:00,76646.28,76651.76,76612.23,76612.23,24212
1782802920,2026-06-30T12:32:00,76608.48,76628.98,76601.01,76628.76,19907
1782802980,2026-06-30T12:33:00,76626.03,76626.03,76611.9,76621.08,33564
1782803040,2026-06-30T12:34:00,76621.16,76639.61,76619.89,76633.71,20210
1782803100,2026-06-30T12:35:00,76635.75,76644.97,76628.62,76631.73,129207
1782803160,2026-06-30T12:36:00,76641.21,76660.86,76635.35,76660.86,113064
1782803220,2026-06-30T12:37:00,76664.26,76664.26,76645.86,76659.55,11767
1782803280,2026-06-30T12:38:00,76663.86,76706.77,76660.87,76705.13,30865
1782803340,2026-06-30T12:39:00,76708.29,76708.29,76690.68,76703.29,31014
1782803400,2026-06-30T12:40:00,76705.16,76721.5,76704.74,76717.28,14882
1782803460,2026-06-30T12:41:00,76719.91,76728.4,76714.92,76726.66,15671
1782803520,2026-06-30T12:42:00,76723.62,76745.03,76723.37,76737.8,13714
1782803580,2026-06-30T12:43:00,76738.43,76757.19,76736.1,76754.69,21603
1782803640,2026-06-30T12:44:00,76753.57,76761.94,76752.46,76760.06,12710
1782803700,2026-06-30T12:45:00,76760.03,76760.03,76736.72,76747.68,24119
1782803760,2026-06-30T12:46:00,76747.0,76769.97,76746.09,76755.07,1356266
1782803820,2026-06-30T12:47:00,76758.23,76761.27,76740.0,76760.15,6376
1782803880,2026-06-30T12:48:00,76760.3,76760.97,76735.8,76735.8,11657
1782803940,2026-06-30T12:49:00,76736.16,76747.78,76728.9,76740.45,22593
1782804000,2026-06-30T12:50:00,76737.55,76737.55,76723.4,76724.99,33316
1782804060,2026-06-30T12:51:00,76729.16,76729.6,76705.37,76706.67,21383
1782804120,2026-06-30T12:52:00,76705.89,76705.89,76686.72,76694.29,15608
1782804180,2026-06-30T12:53:00,76694.29,76710.88,76692.63,76710.64,14381
1782804240,2026-06-30T12:54:00,76709.41,76737.03,76709.41,76726.87,26297
1782804300,2026-06-30T12:55:00,76726.02,76726.4,76703.21,76723.81,20762
1782804360,2026-06-30T12:56:00,76725.04,76731.97,76704.43,76726.27,20880
1782804420,2026-06-30T12:57:00,76725.64,76770.91,76725.64,76761.34,37947
1782804480,2026-06-30T12:58:00,76750.18,76755.54,76728.63,76748.87,14231
1782804540,2026-06-30T12:59:00,76748.78,76753.59,76729.86,76738.29,8934
1782804600,2026-06-30T13:00:00,76731.87,76745.33,76730.32,76734.93,10744
1782804660,2026-06-30T13:01:00,76734.49,76735.56,76707.75,76707.75,26722
1782804720,2026-06-30T13:02:00,76706.23,76721.37,76706.23,76714.47,17851
1782804780,2026-06-30T13:03:00,76715.35,76715.35,76700.06,76703.75,11785
1782804840,2026-06-30T13:04:00,76707.72,76718.3,76703.07,76718.3,12243
1782804900,2026-06-30T13:05:00,76717.66,76725.79,76712.98,76714.77,8283
1782804960,2026-06-30T13:06:00,76713.29,76713.59,76682.18,76686.95,22483
1782805020,2026-06-30T13:07:00,76686.66,76697.68,76681.55,76681.55,38476
1782805080,2026-06-30T13:08:00,76678.36,76678.36,76660.27,76663.99,18981
1782805140,2026-06-30T13:09:00,76664.59,76676.18,76659.36,76665.77,13351
1782805200,2026-06-30T13:10:00,76665.15,76675.31,76659.54,76668.08,7794
1782805260,2026-06-30T13:11:00,76668.61,76677.98,76665.75,76672.24,24598
1782805320,2026-06-30T13:12:00,76672.31,76683.94,76665.67,76682.34,70184
1782805380,2026-06-30T13:13:00,76685.88,76690.65,76671.11,76672.11,13454
1782805440,2026-06-30T13:14:00,76672.11,76672.99,76653.18,76665.72,10920
1782805500,2026-06-30T13:15:00,76671.39,76686.87,76667.99,76680.33,11245
1782805560,2026-06-30T13:16:00,76682.24,76683.19,76669.52,76679.69,13840
1782805620,2026-06-30T13:17:00,76681.91,76693.87,76675.2,76691.36,10210
1782805680,2026-06-30T13:18:00,76690.63,76695.49,76681.52,76692.49,16542
1782805740,2026-06-30T13:19:00,76691.55,76692.78,76645.17,76646.14,35448
1782805800,2026-06-30T13:20:00,76650.21,76652.45,76634.28,76645.44,30294
1782805860,2026-06-30T13:21:00,76645.75,76648.1,76596.08,76618.81,25913
1782805920,2026-06-30T13:22:00,76622.15,76628.04,76608.12,76615.08,16614
1782805980,2026-06-30T13:23:00,76615.3,76615.72,76599.39,76610.12,22861
1782806040,2026-06-30T13:24:00,76610.12,76611.77,76592.98,76609.05,12216
1782806100,2026-06-30T13:25:00,76603.27,76618.23,76602.92,76616.52,17169
1782806160,2026-06-30T13:26:00,76616.78,76638.89,76611.26,76638.17,15373
1782806220,2026-06-30T13:27:00,76639.87,76668.36,76637.38,76666.73,16016
1782806280,2026-06-30T13:28:00,76668.34,76679.1,76663.84,76669.71,16694
1782806340,2026-06-30T13:29:00,76668.01,76673.4,76652.41,76669.26,14749
1782806400,2026-06-30T13:30:00,76670.15,76679.04,76664.54,76675.22,6431
1782806460,2026-06-30T13:31:00,76674.49,76675.84,76659.04,76663.44,19790
1782806520,2026-06-30T13:32:00,76665.16,76665.16,76650.03,76650.94,15061
1782806580,2026-06-30T13:33:00,76650.94,76681.08,76648.53,76667.9,14454
1782806640,2026-06-30T13:34:00,76667.55,76670.8,76657.74,76663.28,14542
1782806700,2026-06-30T13:35:00,76663.75,76675.77,76653.68,76668.0,9584
1782806760,2026-06-30T13:36:00,76666.82,76670.27,76656.14,76664.9,10502
1782806820,2026-06-30T13:37:00,76664.9,76671.33,76658.93,76661.57,12102
1782806880,2026-06-30T13:38:00,76661.35,76677.37,76661.35,76677.37,11476
1782806940,2026-06-30T13:39:00,76676.6,76680.17,76652.0,76659.79,13226
1782807000,2026-06-30T13:40:00,76659.92,76667.95,76658.69,76664.69,8014
1782807060,2026-06-30T13:41:00,76664.43,76691.22,76658.0,76691.22,8443
1782807120,2026-06-30T13:42:00,76691.34,76716.52,76691.34,76706.24,25448
1782807180,2026-06-30T13:43:00,76708.68,76718.7,76703.36,76716.9,25058
1782807240,2026-06-30T13:44:00,76717.13,76719.4,76700.19,76703.47,18106
1782807300,2026-06-30T13:45:00,76706.08,76707.93,76668.84,76668.85,28455
1782807360,2026-06-30T13:46:00,76669.14,76700.09,76668.64,76688.9,38544
1782807420,2026-06-30T13:47:00,76688.17,76688.39,76663.27,76666.69,14216
1782807480,2026-06-30T13:48:00,76666.69,76673.52,76659.49,76672.63,24077
1782807540,2026-06-30T13:49:00,76673.82,76678.83,76667.64,76674.59,6717
1782807600,2026-06-30T13:50:00,76674.64,76674.64,76661.43,76671.14,12132
1782807660,2026-06-30T13:51:00,76670.99,76676.01,76665.0,76673.44,15803
1782807720,2026-06-30T13:52:00,76672.49,76691.11,76671.02,76689.13,31897
1782807780,2026-06-30T13:53:00,76684.2,76691.29,76682.06,76691.29,87902
1782807840,2026-06-30T13:54:00,76691.96,76698.95,76656.71,76656.71,33953
1782807900,2026-06-30T13:55:00,76650.89,76652.48,76635.1,76650.2,18026
1782807960,2026-06-30T13:56:00,76651.14,76651.14,76615.73,76625.72,33241
1782808020,2026-06-30T13:57:00,76625.27,76632.67,76604.71,76606.85,10565
1782808080,2026-06-30T13:58:00,76608.36,76619.39,76603.15,76613.48,19166
1782808140,2026-06-30T13:59:00,76612.87,76632.0,76612.37,76622.29,15636
1782808200,2026-06-30T14:00:00,76622.29,76640.14,76602.8,76609.45,8925
1782808260,2026-06-30T14:01:00,76604.21,76618.2,76584.92,76615.33,19079
1782808320,2026-06-30T14:02:00,76618.14,76630.84,76610.36,76614.13,13719
1782808380,2026-06-30T14:03:00,76613.1,76613.39,76538.42,76538.42,29668
1782808440,2026-06-30T14:04:00,76530.24,76530.24,76479.98,76490.35,34374
1782808500,2026-06-30T14:05:00,76492.17,76497.85,76481.5,76486.3,30589
1782808560,2026-06-30T14:06:00,76488.45,76490.27,76475.7,76476.85,69620
1782808620,2026-06-30T14:07:00,76476.33,76515.31,76472.75,76515.2,72807
1782808680,2026-06-30T14:08:00,76520.81,76535.15,76514.48,76520.06,13376
1782808740,2026-06-30T14:09:00,76515.66,76530.31,76509.92,76521.97,158102
1782808800,2026-06-30T14:10:00,76521.62,76526.34,76510.02,76510.17,124605
1782808860,2026-06-30T14:11:00,76512.85,76519.99,76497.21,76497.21,1190104
1782808920,2026-06-30T14:12:00,76495.81,76509.03,76489.62,76496.39,1282642
1782808980,2026-06-30T14:13:00,76496.87,76497.37,76487.26,76493.51,157161
1782809040,2026-06-30T14:14:00,76487.79,76498.5,76480.36,76486.69,185457
1782809100,2026-06-30T14:15:00,76487.88,76504.89,76480.4,76497.83,30695
1782809160,2026-06-30T14:16:00,76497.48,76538.68,76497.48,76538.52,21584
1782809220,2026-06-30T14:17:00,76537.97,76544.27,76506.89,76512.15,31095
1782809280,2026-06-30T14:18:00,76512.74,76512.74,76438.34,76455.38,61706
1782809340,2026-06-30T14:19:00,76453.54,76484.59,76448.02,76480.48,574311
1782809400,2026-06-30T14:20:00,76478.16,76479.27,76454.57,76459.5,16978
1782809460,2026-06-30T14:21:00,76458.48,76477.92,76458.29,76473.03,27206
1782809520,2026-06-30T14:22:00,76473.11,76496.22,76470.84,76491.48,119966
1782809580,2026-06-30T14:23:00,76496.7,76573.89,76493.88,76572.88,103227
1782809640,2026-06-30T14:24:00,76578.88,76672.07,76578.88,76672.07,49766
1782809700,2026-06-30T14:25:00,76676.43,76768.82,76676.43,76751.26,415002
1782809760,2026-06-30T14:26:00,76755.47,76755.47,76732.81,76735.18,28460
1782809820,2026-06-30T14:27:00,76734.34,76751.86,76726.87,76742.87,29393
1782809880,2026-06-30T14:28:00,76744.19,76744.19,76685.52,76691.07,141822
1782809940,2026-06-30T14:29:00,76690.18,76703.08,76684.23,76697.97,25268
1782810000,2026-06-30T14:30:00,76687.4,76691.76,76673.31,76676.69,363641
1782810060,2026-06-30T14:31:00,76678.49,76688.93,76663.99,76665.77,135688
1782810120,2026-06-30T14:32:00,76665.77,76694.7,76665.77,76669.78,35131
1782810180,2026-06-30T14:33:00,76662.59,76671.8,76626.46,76669.18,51657
1782810240,2026-06-30T14:34:00,76668.31,76689.68,76659.08,76680.28,297966
1782810300,2026-06-30T14:35:00,76682.7,76702.64,76676.94,76677.32,18316
1782810360,2026-06-30T14:36:00,76675.1,76695.25,76675.1,76687.32,15277
1782810420,2026-06-30T14:37:00,76687.32,76693.21,76679.22,76679.45,10153
1782810480,2026-06-30T14:38:00,76679.09,76687.08,76666.26,76677.58,20124
1782810540,2026-06-30T14:39:00,76673.31,76683.45,76660.3,76679.3,27791
1782810600,2026-06-30T14:40:00,76678.64,76688.78,76670.06,76683.16,103834
1782810660,2026-06-30T14:41:00,76684.96,76690.17,76673.06,76680.34,138352
1782810720,2026-06-30T14:42:00,76680.12,76695.85,76671.87,76695.85,54801
1782810780,2026-06-30T14:43:00,76696.21,76724.55,76694.5,76712.97,43978
1782810840,2026-06-30T14:44:00,76717.9,76720.24,76694.11,76698.72,37654
1782810900,2026-06-30T14:45:00,76698.72,76705.72,76672.18,76676.05,37306
1782810960,2026-06-30T14:46:00,76678.92,76699.87,76671.86,76679.86,33603
1782811020,2026-06-30T14:47:00,76676.55,76692.9,76674.46,76685.33,25347
1782811080,2026-06-30T14:48:00,76685.58,76694.16,76663.52,76669.17,22511
1782811140,2026-06-30T14:49:00,76670.82,76696.26,76665.56,76684.76,22864
1782811200,2026-06-30T14:50:00,76684.26,76688.22,76631.06,76631.46,36401
1782811260,2026-06-30T14:51:00,76628.18,76667.48,76628.18,76656.88,11488
1782811320,2026-06-30T14:52:00,76656.88,76677.83,76656.88,76660.94,29053
1782811380,2026-06-30T14:53:00,76661.28,76678.14,76659.89,76678.14,9104
1782811440,2026-06-30T14:54:00,76678.84,76682.45,76672.81,76681.8,17487
1782811500,2026-06-30T14:55:00,76683.98,76692.99,76673.01,76683.39,14584
1782811560,2026-06-30T14:56:00,76683.71,76693.92,76675.9,76682.47,9998
1782811620,2026-06-30T14:57:00,76683.0,76683.0,76642.98,76644.33,18164
1782811680,2026-06-30T14:58:00,76645.95,76645.95,76565.74,76565.74,216166
1782811740,2026-06-30T14:59:00,76562.31,76573.97,76551.24,76568.84,54533
1782811800,2026-06-30T15:00:00,76564.16,76565.86,76411.6,76412.88,91221
1782811860,2026-06-30T15:01:00,76410.6,76410.6,76341.74,76347.77,112591
1782811920,2026-06-30T15:02:00,76347.32,76379.38,76333.51,76379.38,79750
1782811980,2026-06-30T15:03:00,76378.89,76386.66,76349.71,76350.34,49053
1782812040,2026-06-30T15:04:00,76347.5,76366.6,76329.39,76363.85,72656
1782812100,2026-06-30T15:05:00,76364.62,76366.27,76342.82,76345.68,56051
1782812160,2026-06-30T15:06:00,76346.9,76396.47,76341.29,76393.84,40227
1782812220,2026-06-30T15:07:00,76395.07,76442.63,76395.07,76427.57,60436
1782812280,2026-06-30T15:08:00,76429.46,76429.46,76400.31,76405.68,36962
1782812340,2026-06-30T15:09:00,76407.84,76416.31,76402.64,76402.81,65176
1782812400,2026-06-30T15:10:00,76398.53,76472.3,76383.96,76472.3,78242
1782812460,2026-06-30T15:11:00,76469.34,76469.86,76453.14,76457.95,42603
1782812520,2026-06-30T15:12:00,76457.44,76464.69,76449.32,76450.18,59745
1782812580,2026-06-30T15:13:00,76450.25,76460.3,76437.43,76448.74,119795
1782812640,2026-06-30T15:14:00,76457.66,76459.35,76443.69,76447.83,59738
1782812700,2026-06-30T15:15:00,76447.69,76472.43,76446.31,76469.79,91205
1782812760,2026-06-30T15:16:00,76472.05,76481.93,76462.73,76463.76,115014
1782812820,2026-06-30T15:17:00,76461.09,76471.44,76452.77,76462.88,50625
1782812880,2026-06-30T15:18:00,76464.96,76480.15,76456.64,76470.81,44265
1782812940,2026-06-30T15:19:00,76475.05,76509.64,76467.66,76504.8,97067
1782813000,2026-06-30T15:20:00,76513.85,76516.88,76505.32,76512.56,239747
1782813060,2026-06-30T15:21:00,76513.9,76524.69,76502.14,76507.78,66552
1782813120,2026-06-30T15:22:00,76505.46,76532.87,76504.56,76526.57,56098
1782813180,2026-06-30T15:23:00,76526.44,76534.65,76521.72,76526.29,83550
1782813240,2026-06-30T15:24:00,76526.39,76534.25,76514.3,76522.69,63722
1782813300,2026-06-30T15:25:00,76524.01,76530.32,76511.68,76521.45,44254
1782813360,2026-06-30T15:26:00,76522.32,76538.29,76514.66,76528.16,70901
1782813420,2026-06-30T15:27:00,76522.65,76552.03,76516.48,76549.01,192453
1782813480,2026-06-30T15:28:00,76558.42,76632.02,76558.42,76606.73,149292
1782813540,2026-06-30T15:29:00,76603.51,76643.45,76603.51,76639.4,63057
