Epoch,Timestamp,Open,High,Low,Close
1789703100,2026-09-18T09:15:00,74532.38,74591.17,74486.66,74551.92
1789703115,2026-09-18T09:15:15,74559.46,74574.45,74546.75,74574.45
1789703130,2026-09-18T09:15:30,74563.27,74563.27,74507.42,74520.87
1789703145,2026-09-18T09:15:45,74527,74553.17,74522.18,74552.72
1789703160,2026-09-18T09:16:00,74550.97,74569.33,74505.41,74527.23
1789703175,2026-09-18T09:16:15,74529.87,74536.15,74520.1,74524.59
1789703190,2026-09-18T09:16:30,74534.1,74573.12,74529.71,74573.12
1789703205,2026-09-18T09:16:45,74565.79,74571.16,74559.02,74567.77
1789703220,2026-09-18T09:17:00,74569.36,74571.28,74556.09,74564.51
1789703235,2026-09-18T09:17:15,74565.11,74573.16,74557.19,74563.85
1789703250,2026-09-18T09:17:30,74563.59,74563.59,74545.31,74554.59
1789703265,2026-09-18T09:17:45,74556.56,74560.44,74548.61,74551.34
1789703280,2026-09-18T09:18:00,74560.77,74563.98,74555.25,74558.41
1789703295,2026-09-18T09:18:15,74556.97,74556.97,74521.05,74521.05
1789703310,2026-09-18T09:18:30,74522.53,74522.53,74502.1,74503.9
1789703325,2026-09-18T09:18:45,74510.31,74513.37,74474.95,74474.95
1789703340,2026-09-18T09:19:00,74473.97,74488.86,74472.45,74483.12
1789703355,2026-09-18T09:19:15,74476.16,74485.71,74474.5,74485.18
1789703370,2026-09-18T09:19:30,74483.95,74492.97,74480.78,74491.41
1789703385,2026-09-18T09:19:45,74492.62,74499.64,74490.02,74499.64
1789703400,2026-09-18T09:20:00,74501.78,74501.78,74482.61,74487.34
1789703415,2026-09-18T09:20:15,74486.47,74488.64,74461.8,74461.8
1789703430,2026-09-18T09:20:30,74460.13,74464.87,74450.97,74456.89
1789703445,2026-09-18T09:20:45,74451.4,74451.4,74442,74446.36
1789703460,2026-09-18T09:21:00,74448.33,74459.41,74448.33,74455.53
1789703475,2026-09-18T09:21:15,74456.07,74458.77,74453.69,74453.99
1789703490,2026-09-18T09:21:30,74459.22,74460.37,74453.75,74457
1789703505,2026-09-18T09:21:45,74456.8,74459.87,74449.65,74453.91
1789703520,2026-09-18T09:22:00,74454.88,74477.98,74452.42,74477.98
1789703535,2026-09-18T09:22:15,74477.89,74480.84,74471.57,74471.74
1789703550,2026-09-18T09:22:30,74470.48,74479.76,74470.48,74474.4
1789703565,2026-09-18T09:22:45,74471.17,74487.42,74471.17,74476.35
1789703580,2026-09-18T09:23:00,74475.58,74477.16,74469.83,74469.83
1789703595,2026-09-18T09:23:15,74470.15,74477.49,74467.42,74474.92
1789703610,2026-09-18T09:23:30,74474.23,74485.89,74471.06,74483.09
1789703625,2026-09-18T09:23:45,74486.24,74508.15,74486.24,74508.15
1789703640,2026-09-18T09:24:00,74511.81,74511.81,74500.26,74503.71
1789703655,2026-09-18T09:24:15,74506.49,74520.02,74506.49,74516.53
1789703670,2026-09-18T09:24:30,74516.53,74525.31,74516.53,74520.65
1789703685,2026-09-18T09:24:45,74521.44,74526.23,74517.44,74517.44
1789703700,2026-09-18T09:25:00,74522.32,74529.63,74514.89,74523.19
1789703715,2026-09-18T09:25:15,74516.35,74519.18,74503.83,74503.83
1789703730,2026-09-18T09:25:30,74505.82,74506.73,74491.15,74493.53
1789703745,2026-09-18T09:25:45,74491.74,74493.83,74487.82,74488.23
1789703760,2026-09-18T09:26:00,74488.2,74488.2,74475.71,74477.87
1789703775,2026-09-18T09:26:15,74478.06,74483.38,74477.19,74483.38
1789703790,2026-09-18T09:26:30,74482.64,74487.74,74468.09,74468.09
1789703805,2026-09-18T09:26:45,74469.23,74471.58,74459.56,74464.1
1789703820,2026-09-18T09:27:00,74465.01,74465.01,74449.68,74449.68
1789703835,2026-09-18T09:27:15,74445.08,74449.22,74432.43,74438.38
1789703850,2026-09-18T09:27:30,74433.02,74435.99,74416.81,74417.67
1789703865,2026-09-18T09:27:45,74418.51,74434.4,74418.51,74429.13
1789703880,2026-09-18T09:28:00,74423.81,74424.29,74411.98,74411.98
1789703895,2026-09-18T09:28:15,74410.95,74410.95,74399.29,74403.81
1789703910,2026-09-18T09:28:30,74402.63,74413.18,74400.96,74410.63
1789703925,2026-09-18T09:28:45,74412.02,74417.85,74408.84,74417.4
1789703940,2026-09-18T09:29:00,74413.69,74415.26,74404.53,74409.37
1789703955,2026-09-18T09:29:15,74411.52,74429.87,74410.5,74429.87
1789703970,2026-09-18T09:29:30,74432.7,74432.7,74422.73,74425.91
1789703985,2026-09-18T09:29:45,74429.31,74439.29,74428.42,74437.55
1789704000,2026-09-18T09:30:00,74437.93,74450.26,74432.67,74450.26
1789704015,2026-09-18T09:30:15,74451.91,74454.68,74429.75,74431.65
1789704030,2026-09-18T09:30:30,74430.81,74432.73,74413.34,74415.19
1789704045,2026-09-18T09:30:45,74417.61,74424.61,74409.07,74409.07
1789704060,2026-09-18T09:31:00,74409.82,74422.3,74404.09,74419.13
1789704075,2026-09-18T09:31:15,74421.06,74435.42,74421.06,74435.42
1789704090,2026-09-18T09:31:30,74436.77,74442.23,74427.72,74427.72
1789704105,2026-09-18T09:31:45,74426.7,74434.23,74422.82,74422.82
1789704120,2026-09-18T09:32:00,74422.16,74422.16,74402.41,74402.41
1789704135,2026-09-18T09:32:15,74412.85,74413.99,74407.42,74413.99
1789704150,2026-09-18T09:32:30,74409.13,74419.31,74409.13,74414.35
1789704165,2026-09-18T09:32:45,74413.67,74416.71,74411.59,74413.31
1789704180,2026-09-18T09:33:00,74414.63,74416.91,74407.92,74411.79
1789704195,2026-09-18T09:33:15,74410.74,74410.74,74389.94,74389.94
1789704210,2026-09-18T09:33:30,74388.11,74394.46,74387.74,74394.46
1789704225,2026-09-18T09:33:45,74394.56,74398.59,74391.62,74396.82
1789704240,2026-09-18T09:34:00,74397.25,74403.07,74396.19,74397.45
1789704255,2026-09-18T09:34:15,74397.34,74408.18,74397.22,74407.91
1789704270,2026-09-18T09:34:30,74408.89,74410.96,74402.53,74402.53
1789704285,2026-09-18T09:34:45,74403.14,74403.66,74386.65,74386.65
1789704300,2026-09-18T09:35:00,74387.25,74387.93,74381.51,74384.72
1789704315,2026-09-18T09:35:15,74382.15,74388.8,74375.07,74388.51
1789704330,2026-09-18T09:35:30,74387.82,74395.7,74382.18,74395.7
1789704345,2026-09-18T09:35:45,74391.36,74411.48,74389.04,74411.48
1789704360,2026-09-18T09:36:00,74415.37,74423.95,74412.22,74423.95
1789704375,2026-09-18T09:36:15,74426.3,74440.15,74420.64,74440.15
1789704390,2026-09-18T09:36:30,74429.63,74450.15,74429.63,74444.67
1789704405,2026-09-18T09:36:45,74446.09,74471.33,74446.09,74471.33
1789704420,2026-09-18T09:37:00,74472.82,74482.1,74468.64,74471.31
1789704435,2026-09-18T09:37:15,74470.98,74470.98,74461.83,74461.83
1789704450,2026-09-18T09:37:30,74460.9,74462.05,74445.99,74454.15
1789704465,2026-09-18T09:37:45,74454.11,74457.48,74449.14,74452.48
1789704480,2026-09-18T09:38:00,74458.27,74462.23,74455.05,74456.81
1789704495,2026-09-18T09:38:15,74451.74,74465.44,74451.74,74462.74
1789704510,2026-09-18T09:38:30,74463.59,74466.61,74456.55,74465.07
1789704525,2026-09-18T09:38:45,74466.49,74466.86,74458.16,74458.89
1789704540,2026-09-18T09:39:00,74460.01,74460.18,74449.53,74456.05
1789704555,2026-09-18T09:39:15,74454.56,74465.36,74451.19,74465.36
1789704570,2026-09-18T09:39:30,74473.07,74477.84,74470.33,74477.02
1789704585,2026-09-18T09:39:45,74477.02,74483.45,74470.52,74478.54
1789704600,2026-09-18T09:40:00,74480,74480,74462.73,74465.17
1789704615,2026-09-18T09:40:15,74469.02,74469.02,74451.45,74452.32
1789704630,2026-09-18T09:40:30,74453.97,74465.03,74450.89,74457.04
1789704645,2026-09-18T09:40:45,74459.58,74469.69,74457.56,74468.89
1789704660,2026-09-18T09:41:00,74466.85,74471.73,74463.17,74463.68
1789704675,2026-09-18T09:41:15,74461.3,74465.45,74459.54,74460.1
1789704690,2026-09-18T09:41:30,74460.3,74461.46,74456.85,74460.35
1789704705,2026-09-18T09:41:45,74460.74,74463.17,74457.05,74458.39
1789704720,2026-09-18T09:42:00,74458.13,74464.65,74455.44,74455.44
1789704735,2026-09-18T09:42:15,74454.67,74468.45,74454.67,74466.34
1789704750,2026-09-18T09:42:30,74469.05,74482.05,74469.05,74477.34
1789704765,2026-09-18T09:42:45,74474.49,74479.51,74468.32,74470.9
1789704780,2026-09-18T09:43:00,74472.15,74475.29,74467.97,74468.52
1789704795,2026-09-18T09:43:15,74468.78,74468.78,74454.55,74458.54
1789704810,2026-09-18T09:43:30,74454.68,74455.9,74439.59,74444.91
1789704825,2026-09-18T09:43:45,74440.24,74443.88,74435.31,74437.12
1789704840,2026-09-18T09:44:00,74433.44,74437.59,74420.41,74421.31
1789704855,2026-09-18T09:44:15,74418.15,74427.57,74417.31,74422.57
1789704870,2026-09-18T09:44:30,74422.57,74427.87,74421.26,74425.51
1789704885,2026-09-18T09:44:45,74425.39,74438.83,74422.03,74436.59
1789704900,2026-09-18T09:45:00,74442.38,74446.33,74440.26,74442.14
1789704915,2026-09-18T09:45:15,74442.27,74443.32,74437.12,74440.48
1789704930,2026-09-18T09:45:30,74440.48,74442.98,74435.15,74442.98
1789704945,2026-09-18T09:45:45,74439.79,74441,74433.87,74438.69
1789704960,2026-09-18T09:46:00,74437.82,74437.88,74430.18,74433.08
1789704975,2026-09-18T09:46:15,74432.45,74438.63,74429.58,74437.72
1789704990,2026-09-18T09:46:30,74437.59,74446.5,74437.27,74446.43
1789705005,2026-09-18T09:46:45,74443.8,74445.21,74438.11,74441.38
1789705020,2026-09-18T09:47:00,74439.71,74440.54,74432.68,74434.83
1789705035,2026-09-18T09:47:15,74436.87,74443.53,74434.6,74443.53
1789705050,2026-09-18T09:47:30,74443.57,74443.57,74433.05,74439.66
1789705065,2026-09-18T09:47:45,74440.11,74444.82,74438.12,74444.82
1789705080,2026-09-18T09:48:00,74444.97,74458.12,74444.97,74456.54
1789705095,2026-09-18T09:48:15,74454.38,74460.6,74451.8,74458.39
1789705110,2026-09-18T09:48:30,74460.39,74463.79,74458.82,74460.38
1789705125,2026-09-18T09:48:45,74459.65,74471.57,74459.65,74471.57
1789705140,2026-09-18T09:49:00,74473.36,74474.03,74463.77,74467.81
1789705155,2026-09-18T09:49:15,74467.38,74468.09,74461.26,74462.88
1789705170,2026-09-18T09:49:30,74463.68,74463.68,74448.73,74450.68
1789705185,2026-09-18T09:49:45,74449.67,74449.67,74439.72,74439.72
1789705200,2026-09-18T09:50:00,74438.8,74444.84,74435.55,74437.06
1789705215,2026-09-18T09:50:15,74438.2,74446.23,74438.2,74445.48
1789705230,2026-09-18T09:50:30,74446.15,74451.42,74441.46,74444.71
1789705245,2026-09-18T09:50:45,74441.45,74445.44,74432.88,74433
1789705260,2026-09-18T09:51:00,74434.8,74445.53,74434.8,74440.2
1789705275,2026-09-18T09:51:15,74442.41,74457.85,74442.41,74457.13
1789705290,2026-09-18T09:51:30,74455.15,74455.15,74444.5,74444.5
1789705305,2026-09-18T09:51:45,74442.06,74453.83,74442.06,74453.55
1789705320,2026-09-18T09:52:00,74454.87,74457,74443.65,74443.65
1789705335,2026-09-18T09:52:15,74442.84,74446.34,74442.84,74446.34
1789705350,2026-09-18T09:52:30,74449.14,74453.16,74445.6,74448.82
1789705365,2026-09-18T09:52:45,74451.96,74461.13,74451.96,74457.31
1789705380,2026-09-18T09:53:00,74458.76,74465.71,74456.16,74463.46
1789705395,2026-09-18T09:53:15,74462.12,74469.98,74462.12,74464.99
1789705410,2026-09-18T09:53:30,74460.46,74464.1,74460.1,74460.1
1789705425,2026-09-18T09:53:45,74458.23,74470.78,74458.23,74470.08
1789705440,2026-09-18T09:54:00,74469.37,74473.72,74469.37,74470.31
1789705455,2026-09-18T09:54:15,74468.22,74480,74468.22,74474.52
1789705470,2026-09-18T09:54:30,74475.08,74482.8,74475.08,74479.36
1789705485,2026-09-18T09:54:45,74478.05,74481.09,74473.23,74481.09
1789705500,2026-09-18T09:55:00,74479.98,74495.26,74477.54,74495.26
1789705515,2026-09-18T09:55:15,74496.97,74496.97,74491.17,74491.17
1789705530,2026-09-18T09:55:30,74488.35,74495.58,74488.35,74493.1
1789705545,2026-09-18T09:55:45,74495.9,74496.52,74482.3,74482.3
1789705560,2026-09-18T09:56:00,74482.3,74482.3,74475.35,74476.15
1789705575,2026-09-18T09:56:15,74475.71,74475.71,74462.83,74467.42
1789705590,2026-09-18T09:56:30,74468.16,74468.16,74459.73,74465.29
1789705605,2026-09-18T09:56:45,74464.24,74482.54,74463.41,74480.5
1789705620,2026-09-18T09:57:00,74481.24,74510.98,74481.24,74510.98
1789705635,2026-09-18T09:57:15,74513.73,74530.23,74513.73,74520.03
1789705650,2026-09-18T09:57:30,74519.84,74522.68,74512.55,74513.13
1789705665,2026-09-18T09:57:45,74515.79,74515.79,74502.25,74510.36
1789705680,2026-09-18T09:58:00,74510.36,74510.36,74501.44,74501.44
1789705695,2026-09-18T09:58:15,74502.12,74505.35,74494.56,74499.04
1789705710,2026-09-18T09:58:30,74499.75,74502.33,74491.11,74499.32
1789705725,2026-09-18T09:58:45,74499.47,74505.39,74495.31,74495.31
1789705740,2026-09-18T09:59:00,74493.74,74496.02,74487.45,74489.33
1789705755,2026-09-18T09:59:15,74490.67,74512.74,74490.67,74512.74
1789705770,2026-09-18T09:59:30,74506.71,74511.11,74506.38,74508.6
1789705785,2026-09-18T09:59:45,74508.12,74514.06,74507.02,74510.68
1789705800,2026-09-18T10:00:00,74510.95,74510.95,74494.5,74494.5
1789705815,2026-09-18T10:00:15,74494.5,74498.39,74493.29,74497.04
1789705830,2026-09-18T10:00:30,74500.86,74512.98,74500.86,74512.98
1789705845,2026-09-18T10:00:45,74513.15,74515.95,74512.61,74515.55
1789705860,2026-09-18T10:01:00,74516.4,74516.4,74507.98,74510.02
1789705875,2026-09-18T10:01:15,74508.91,74515.13,74506.59,74510.45
1789705890,2026-09-18T10:01:30,74511.32,74512.89,74505.83,74511.58
1789705905,2026-09-18T10:01:45,74510.05,74514.24,74505.58,74507.51
1789705920,2026-09-18T10:02:00,74508.7,74515.52,74503.31,74509.07
1789705935,2026-09-18T10:02:15,74508.92,74511.82,74506.41,74507.55
1789705950,2026-09-18T10:02:30,74506.12,74506.73,74495.02,74496.18
1789705965,2026-09-18T10:02:45,74497.72,74504.03,74493.87,74502.13
1789705980,2026-09-18T10:03:00,74501.46,74506.74,74497.46,74498.96
1789705995,2026-09-18T10:03:15,74501.65,74508.77,74499.61,74507.79
1789706010,2026-09-18T10:03:30,74506.51,74507.23,74500.2,74501.95
1789706025,2026-09-18T10:03:45,74502.17,74503.3,74484.08,74487.42
1789706040,2026-09-18T10:04:00,74487.16,74490.8,74483.94,74489.28
1789706055,2026-09-18T10:04:15,74490.8,74490.8,74475.65,74479.77
1789706070,2026-09-18T10:04:30,74478.15,74484.23,74474.14,74477.03
1789706085,2026-09-18T10:04:45,74481.48,74483.04,74477.16,74477.85
1789706100,2026-09-18T10:05:00,74477.4,74483.25,74477.4,74481.78
1789706115,2026-09-18T10:05:15,74481.8,74489.71,74478.27,74489.02
1789706130,2026-09-18T10:05:30,74487.27,74500.78,74485.78,74500.7
1789706145,2026-09-18T10:05:45,74500.8,74511.43,74499.68,74511.43
1789706160,2026-09-18T10:06:00,74508.94,74508.94,74498.74,74498.74
1789706175,2026-09-18T10:06:15,74500.21,74505.89,74497.56,74497.56
1789706190,2026-09-18T10:06:30,74497.75,74497.75,74472.63,74474.28
1789706205,2026-09-18T10:06:45,74475.54,74475.54,74458.21,74458.21
1789706220,2026-09-18T10:07:00,74460.93,74460.93,74445,74449.25
1789706235,2026-09-18T10:07:15,74445.15,74458.92,74443.93,74454.91
1789706250,2026-09-18T10:07:30,74452.99,74470.21,74452.99,74467.86
1789706265,2026-09-18T10:07:45,74467.86,74469.28,74463.71,74467.15
1789706280,2026-09-18T10:08:00,74463.89,74480.61,74463.89,74480.61
1789706295,2026-09-18T10:08:15,74479.57,74491.98,74479.57,74488.75
1789706310,2026-09-18T10:08:30,74488.47,74491.46,74481.65,74486.77
1789706325,2026-09-18T10:08:45,74487.85,74492.88,74479.92,74492.82
1789706340,2026-09-18T10:09:00,74491.06,74509.86,74491.06,74509.86
1789706355,2026-09-18T10:09:15,74507.54,74510.58,74504.57,74510.58
1789706370,2026-09-18T10:09:30,74510.59,74512.9,74491.89,74493.9
1789706385,2026-09-18T10:09:45,74490.68,74502.12,74490.55,74501.56
1789706400,2026-09-18T10:10:00,74501.72,74510.24,74500.55,74510.24
1789706415,2026-09-18T10:10:15,74506.91,74516.17,74506.91,74511.78
1789706430,2026-09-18T10:10:30,74511.44,74512.47,74496.44,74503.99
1789706445,2026-09-18T10:10:45,74501.21,74503.14,74499.8,74503.14
1789706460,2026-09-18T10:11:00,74504.11,74508.32,74501.74,74501.96
1789706475,2026-09-18T10:11:15,74501.96,74509.59,74498.51,74502.06
1789706490,2026-09-18T10:11:30,74500.97,74507.26,74500.97,74506.08
1789706505,2026-09-18T10:11:45,74508.22,74508.53,74500,74506.49
1789706520,2026-09-18T10:12:00,74506.78,74516.68,74506.78,74514.55
1789706535,2026-09-18T10:12:15,74514.55,74516.72,74509.36,74514.55
1789706550,2026-09-18T10:12:30,74513.21,74516.69,74506.9,74513.87
1789706565,2026-09-18T10:12:45,74514.56,74514.56,74507.2,74509.97
1789706580,2026-09-18T10:13:00,74509.5,74510.8,74506.79,74509.05
1789706595,2026-09-18T10:13:15,74509.54,74516.03,74508.98,74511.92
1789706610,2026-09-18T10:13:30,74511.78,74512.54,74504.89,74508.45
1789706625,2026-09-18T10:13:45,74504.37,74512.39,74504.37,74507.02
1789706640,2026-09-18T10:14:00,74507.41,74511.02,74505.04,74509.94
1789706655,2026-09-18T10:14:15,74508.17,74512.44,74505.42,74512.44
1789706670,2026-09-18T10:14:30,74509.99,74511.98,74507.08,74509.48
1789706685,2026-09-18T10:14:45,74509.16,74509.16,74502.53,74505.78
1789706700,2026-09-18T10:15:00,74506.01,74510.29,74506.01,74509.72
1789706715,2026-09-18T10:15:15,74509.35,74512.27,74507.67,74509.96
1789706730,2026-09-18T10:15:30,74508.62,74513.13,74504.34,74510.96
1789706745,2026-09-18T10:15:45,74510.51,74512.14,74503.22,74503.22
1789706760,2026-09-18T10:16:00,74501.35,74501.9,74493.87,74498.18
1789706775,2026-09-18T10:16:15,74498.18,74502.41,74495.62,74498.88
1789706790,2026-09-18T10:16:30,74496.07,74496.07,74483.94,74493.19
1789706805,2026-09-18T10:16:45,74493.91,74495.68,74492.59,74492.59
1789706820,2026-09-18T10:17:00,74493.19,74496.89,74491.6,74491.6
1789706835,2026-09-18T10:17:15,74490.14,74495.09,74485.18,74494.8
1789706850,2026-09-18T10:17:30,74494.31,74499.23,74491.74,74497.47
1789706865,2026-09-18T10:17:45,74497.44,74498.43,74493.28,74494.76
1789706880,2026-09-18T10:18:00,74492.92,74501.73,74492.92,74501.28
1789706895,2026-09-18T10:18:15,74501.78,74501.85,74494.89,74496.69
1789706910,2026-09-18T10:18:30,74495.79,74499.9,74490.19,74493.1
1789706925,2026-09-18T10:18:45,74490.93,74498.85,74490.93,74494.63
1789706940,2026-09-18T10:19:00,74490.91,74495.6,74490.77,74494.05
1789706955,2026-09-18T10:19:15,74494.05,74494.05,74489.4,74489.4
1789706970,2026-09-18T10:19:30,74487.9,74489.57,74478.51,74479.05
1789706985,2026-09-18T10:19:45,74480.3,74481.4,74478.02,74479.66
1789707000,2026-09-18T10:20:00,74479.94,74483.89,74479.94,74480.49
1789707015,2026-09-18T10:20:15,74481.25,74485.07,74478.78,74481.62
1789707030,2026-09-18T10:20:30,74481.62,74483.31,74476.47,74480.07
1789707045,2026-09-18T10:20:45,74479.76,74483.66,74478.1,74481.53
1789707060,2026-09-18T10:21:00,74481.87,74489.83,74481.25,74489.83
1789707075,2026-09-18T10:21:15,74489.63,74495.32,74487.44,74489.86
1789707090,2026-09-18T10:21:30,74489.22,74489.22,74480.31,74484.26
1789707105,2026-09-18T10:21:45,74484.63,74486.09,74479.08,74485.33
1789707120,2026-09-18T10:22:00,74487.06,74490.64,74481.97,74488.96
1789707135,2026-09-18T10:22:15,74489.05,74489.08,74486.33,74486.33
1789707150,2026-09-18T10:22:30,74486.17,74486.17,74476,74476.73
1789707165,2026-09-18T10:22:45,74474.84,74478.99,74474.1,74477.01
1789707180,2026-09-18T10:23:00,74477.43,74477.43,74470.86,74472.08
1789707195,2026-09-18T10:23:15,74470.55,74474.11,74465.56,74468.64
1789707210,2026-09-18T10:23:30,74466.71,74467.37,74462.83,74463.81
1789707225,2026-09-18T10:23:45,74462.31,74466.38,74459.35,74464.48
1789707240,2026-09-18T10:24:00,74460.07,74463.82,74453.3,74453.3
1789707255,2026-09-18T10:24:15,74453.98,74453.98,74448.2,74450.78
1789707270,2026-09-18T10:24:30,74451.31,74451.31,74438.7,74438.7
1789707285,2026-09-18T10:24:45,74438.57,74441.34,74436.74,74437.68
1789707300,2026-09-18T10:25:00,74437.61,74439.24,74431.75,74435.73
1789707315,2026-09-18T10:25:15,74436.42,74441.86,74435.51,74437.57
1789707330,2026-09-18T10:25:30,74441.32,74448.12,74441.32,74447.12
1789707345,2026-09-18T10:25:45,74446.78,74452.66,74441.71,74446.11
1789707360,2026-09-18T10:26:00,74443.42,74445.98,74440.79,74441.41
1789707375,2026-09-18T10:26:15,74435.29,74441.87,74435.29,74440.28
1789707390,2026-09-18T10:26:30,74439.43,74443.38,74435.54,74443.38
1789707405,2026-09-18T10:26:45,74443.38,74443.38,74427.94,74427.94
1789707420,2026-09-18T10:27:00,74426.9,74438.11,74425.83,74433.48
1789707435,2026-09-18T10:27:15,74432.48,74432.48,74411.04,74417.06
1789707450,2026-09-18T10:27:30,74417.7,74417.7,74412.98,74413.03
1789707465,2026-09-18T10:27:45,74413.11,74418.85,74412.06,74418.11
1789707480,2026-09-18T10:28:00,74422.48,74447.27,74421.87,74447.27
1789707495,2026-09-18T10:28:15,74447.19,74447.19,74443.5,74443.5
1789707510,2026-09-18T10:28:30,74445.93,74452.37,74445.55,74445.55
1789707525,2026-09-18T10:28:45,74447.66,74452.28,74440.46,74447.35
1789707540,2026-09-18T10:29:00,74447.35,74447.35,74441.03,74445.07
1789707555,2026-09-18T10:29:15,74444.73,74447.74,74437.24,74446.33
1789707570,2026-09-18T10:29:30,74442.03,74442.64,74438.66,74440.45
1789707585,2026-09-18T10:29:45,74437.39,74439.05,74434.4,74436.7
1789707600,2026-09-18T10:30:00,74432.46,74455.96,74432.46,74455.96
1789707615,2026-09-18T10:30:15,74456.48,74458.69,74449.09,74458.69
1789707630,2026-09-18T10:30:30,74458.69,74458.69,74449.05,74453.04
1789707645,2026-09-18T10:30:45,74457.15,74460.92,74450.13,74460.92
1789707660,2026-09-18T10:31:00,74460.92,74460.92,74450.78,74454.75
1789707675,2026-09-18T10:31:15,74454.08,74462.12,74452.65,74458.31
1789707690,2026-09-18T10:31:30,74460.22,74460.22,74450.4,74450.4
1789707705,2026-09-18T10:31:45,74455.66,74455.66,74443.49,74445.93
1789707720,2026-09-18T10:32:00,74444.41,74445.01,74429.32,74430.65
1789707735,2026-09-18T10:32:15,74425.22,74426.26,74418.85,74419.1
1789707750,2026-09-18T10:32:30,74416.53,74424.8,74416.53,74419.73
1789707765,2026-09-18T10:32:45,74419.31,74419.31,74413.69,74417.18
1789707780,2026-09-18T10:33:00,74417.18,74421.22,74413.04,74416.08
1789707795,2026-09-18T10:33:15,74417.11,74427.46,74417.11,74424
1789707810,2026-09-18T10:33:30,74420.25,74426.21,74420.25,74422.78
1789707825,2026-09-18T10:33:45,74421.19,74424.87,74419.14,74419.53
1789707840,2026-09-18T10:34:00,74419.53,74424.52,74415.06,74424.52
1789707855,2026-09-18T10:34:15,74423.05,74425.92,74414.23,74418.4
1789707870,2026-09-18T10:34:30,74417.71,74419.53,74413.18,74419.53
1789707885,2026-09-18T10:34:45,74419.53,74422.6,74419.29,74422.6
1789707900,2026-09-18T10:35:00,74422.6,74426.42,74420.02,74423.32
1789707915,2026-09-18T10:35:15,74423.2,74434.98,74423.2,74429.11
1789707930,2026-09-18T10:35:30,74429.1,74429.1,74425.14,74426.59
1789707945,2026-09-18T10:35:45,74427.24,74429.71,74418.61,74429.71
1789707960,2026-09-18T10:36:00,74428.14,74428.14,74421.32,74425.2
1789707975,2026-09-18T10:36:15,74425.2,74428.94,74416.19,74416.19
1789707990,2026-09-18T10:36:30,74416.1,74425.27,74416.1,74419.55
1789708005,2026-09-18T10:36:45,74421.31,74423.65,74419.84,74421.62
1789708020,2026-09-18T10:37:00,74420.74,74428.47,74420.74,74428.47
1789708035,2026-09-18T10:37:15,74425.84,74430.18,74425.84,74427.92
1789708050,2026-09-18T10:37:30,74426.96,74432.99,74425.85,74428.87
1789708065,2026-09-18T10:37:45,74428.1,74432.84,74426.67,74428.3
1789708080,2026-09-18T10:38:00,74426.15,74430.83,74426.15,74430.49
1789708095,2026-09-18T10:38:15,74430.69,74437.21,74428.83,74437.21
1789708110,2026-09-18T10:38:30,74436.52,74439.42,74431.35,74433.63
1789708125,2026-09-18T10:38:45,74433.63,74437.12,74431.21,74431.21
1789708140,2026-09-18T10:39:00,74430.39,74435.48,74425.7,74435.48
1789708155,2026-09-18T10:39:15,74436.78,74444.31,74435.34,74439.9
1789708170,2026-09-18T10:39:30,74439.9,74439.9,74429.55,74429.66
1789708185,2026-09-18T10:39:45,74428.67,74429.96,74423.59,74423.59
1789708200,2026-09-18T10:40:00,74420.91,74425.5,74420.91,74423.49
1789708215,2026-09-18T10:40:15,74423.92,74424.89,74404.26,74404.26
1789708230,2026-09-18T10:40:30,74407.86,74407.86,74397.89,74400.7
1789708245,2026-09-18T10:40:45,74401.74,74401.74,74393.45,74397.04
1789708260,2026-09-18T10:41:00,74397.56,74399.1,74391.69,74398.59
1789708275,2026-09-18T10:41:15,74398.59,74403.07,74394.87,74396.68
1789708290,2026-09-18T10:41:30,74394.02,74402.31,74394.02,74400.26
1789708305,2026-09-18T10:41:45,74401.09,74408.52,74401.09,74405.47
1789708320,2026-09-18T10:42:00,74406.24,74416.07,74406.24,74416.07
1789708335,2026-09-18T10:42:15,74416.07,74420.04,74412.58,74412.58
1789708350,2026-09-18T10:42:30,74415.79,74416.39,74409.73,74410.75
1789708365,2026-09-18T10:42:45,74410.75,74419.03,74409.1,74413.72
1789708380,2026-09-18T10:43:00,74412.54,74416.35,74409.25,74409.96
1789708395,2026-09-18T10:43:15,74408.48,74419.71,74408.48,74416.36
1789708410,2026-09-18T10:43:30,74416.53,74420.63,74412.59,74412.59
1789708425,2026-09-18T10:43:45,74415.14,74425.1,74414.94,74425.1
1789708440,2026-09-18T10:44:00,74424.86,74424.86,74412.27,74418.45
1789708455,2026-09-18T10:44:15,74415.18,74417.94,74413.38,74414.94
1789708470,2026-09-18T10:44:30,74421.11,74427.79,74417.15,74427.79
1789708485,2026-09-18T10:44:45,74425.27,74431.05,74425.27,74426.49
1789708500,2026-09-18T10:45:00,74426.49,74426.49,74418.51,74426.31
1789708515,2026-09-18T10:45:15,74425.5,74425.5,74417.99,74419.86
1789708530,2026-09-18T10:45:30,74420.21,74421.19,74415.4,74420.72
1789708545,2026-09-18T10:45:45,74421.46,74423.2,74417.43,74422.27
1789708560,2026-09-18T10:46:00,74420.24,74429.47,74420.24,74424.43
1789708575,2026-09-18T10:46:15,74424.03,74427.51,74423.61,74423.61
1789708590,2026-09-18T10:46:30,74422.72,74427.09,74421.49,74422.14
1789708605,2026-09-18T10:46:45,74422.4,74426.73,74420.1,74426.73
1789708620,2026-09-18T10:47:00,74427.25,74427.58,74423.16,74427.58
1789708635,2026-09-18T10:47:15,74425.68,74426.26,74420.96,74421.38
1789708650,2026-09-18T10:47:30,74422.11,74431.06,74420.48,74431.06
1789708665,2026-09-18T10:47:45,74431.54,74431.54,74425.92,74427.47
1789708680,2026-09-18T10:48:00,74423.65,74428.84,74423.35,74428.09
1789708695,2026-09-18T10:48:15,74428.09,74430.83,74420.84,74421.78
1789708710,2026-09-18T10:48:30,74420.5,74424.8,74420.5,74422.33
1789708725,2026-09-18T10:48:45,74424.22,74428.21,74418.08,74422.37
1789708740,2026-09-18T10:49:00,74422.41,74422.41,74415.37,74415.37
1789708755,2026-09-18T10:49:15,74415.75,74417.19,74408.06,74410.65
1789708770,2026-09-18T10:49:30,74410.36,74412.99,74407.84,74412.53
1789708785,2026-09-18T10:49:45,74409.36,74412.55,74407.83,74411.79
1789708800,2026-09-18T10:50:00,74412.09,74417.48,74410.53,74417.45
1789708815,2026-09-18T10:50:15,74420.66,74427.01,74420.66,74420.83
1789708830,2026-09-18T10:50:30,74422.27,74424.15,74421.09,74423.38
1789708845,2026-09-18T10:50:45,74422.54,74426.62,74422.38,74426.62
1789708860,2026-09-18T10:51:00,74426.73,74433.34,74422.36,74433.34
1789708875,2026-09-18T10:51:15,74433.08,74439.61,74432.23,74439.61
1789708890,2026-09-18T10:51:30,74437.2,74439.16,74435.7,74437.78
1789708905,2026-09-18T10:51:45,74438.47,74444.77,74438.02,74443.05
1789708920,2026-09-18T10:52:00,74440.12,74449.15,74436.69,74448.86
1789708935,2026-09-18T10:52:15,74453.04,74455.34,74449.56,74452.42
1789708950,2026-09-18T10:52:30,74452.87,74453.56,74447.37,74447.37
1789708965,2026-09-18T10:52:45,74449.61,74449.61,74442.56,74445.1
1789708980,2026-09-18T10:53:00,74445.06,74449.25,74441.78,74447.61
1789708995,2026-09-18T10:53:15,74448.26,74448.26,74437.75,74444.07
1789709010,2026-09-18T10:53:30,74445.88,74445.88,74440.37,74444.48
1789709025,2026-09-18T10:53:45,74445.52,74445.52,74436.82,74438.81
1789709040,2026-09-18T10:54:00,74440.28,74442.17,74438.35,74440.32
1789709055,2026-09-18T10:54:15,74441.27,74442.22,74436.62,74442.17
1789709070,2026-09-18T10:54:30,74445.53,74448.48,74443.97,74443.97
1789709085,2026-09-18T10:54:45,74444.63,74447.47,74441.42,74443.34
1789709100,2026-09-18T10:55:00,74446.48,74446.48,74438.76,74438.76
1789709115,2026-09-18T10:55:15,74450.12,74454.81,74446.27,74454.55
1789709130,2026-09-18T10:55:30,74453.9,74457.84,74445.44,74457.84
1789709145,2026-09-18T10:55:45,74457.28,74461.32,74450.15,74459.91
1789709160,2026-09-18T10:56:00,74457.98,74458.57,74450.04,74455.93
1789709175,2026-09-18T10:56:15,74455.33,74457.24,74450.23,74450.91
1789709190,2026-09-18T10:56:30,74450.91,74451.73,74437.54,74440.33
1789709205,2026-09-18T10:56:45,74440.33,74444.1,74436.09,74442.9
1789709220,2026-09-18T10:57:00,74438.4,74448.24,74438.4,74445.75
1789709235,2026-09-18T10:57:15,74446.18,74449.32,74443.72,74449.17
1789709250,2026-09-18T10:57:30,74448.56,74449.56,74445.42,74448.67
1789709265,2026-09-18T10:57:45,74449.16,74458.85,74449.16,74458.85
1789709280,2026-09-18T10:58:00,74456.04,74456.99,74447.92,74451.2
1789709295,2026-09-18T10:58:15,74453.77,74453.77,74448.24,74452.55
1789709310,2026-09-18T10:58:30,74448.86,74448.86,74445.52,74446.07
1789709325,2026-09-18T10:58:45,74446.07,74446.07,74434.55,74443.79
1789709340,2026-09-18T10:59:00,74442.93,74448.62,74442.93,74448.62
1789709355,2026-09-18T10:59:15,74446.54,74447.92,74438.9,74438.9
1789709370,2026-09-18T10:59:30,74439.2,74449.14,74439.2,74448.09
1789709385,2026-09-18T10:59:45,74445.55,74448.18,74442.24,74442.24
1789709400,2026-09-18T11:00:00,74442.24,74447.94,74440.62,74444.86
1789709415,2026-09-18T11:00:15,74444.86,74450.59,74442.72,74448.63
1789709430,2026-09-18T11:00:30,74448.26,74448.82,74443.97,74448.82
1789709445,2026-09-18T11:00:45,74448.82,74457.34,74447.14,74457.34
1789709460,2026-09-18T11:01:00,74458.09,74459.94,74450.91,74450.94
1789709475,2026-09-18T11:01:15,74458.66,74459.25,74446.73,74446.73
1789709490,2026-09-18T11:01:30,74448.01,74448.01,74441,74442.17
1789709505,2026-09-18T11:01:45,74441.26,74441.26,74433.32,74433.32
1789709520,2026-09-18T11:02:00,74433.32,74433.32,74422,74431.85
1789709535,2026-09-18T11:02:15,74430.52,74439.89,74429.27,74439.89
1789709550,2026-09-18T11:02:30,74441.03,74443.17,74437.22,74441.39
1789709565,2026-09-18T11:02:45,74446.64,74449.82,74446.07,74448.02
1789709580,2026-09-18T11:03:00,74440.53,74447.24,74440.53,74444.46
1789709595,2026-09-18T11:03:15,74444.46,74446.73,74441.98,74444.8
1789709610,2026-09-18T11:03:30,74445.5,74445.71,74435.82,74436.97
1789709625,2026-09-18T11:03:45,74437.67,74442.88,74435.81,74442.46
1789709640,2026-09-18T11:04:00,74443.1,74443.82,74437.18,74437.18
1789709655,2026-09-18T11:04:15,74437.15,74443.54,74436.8,74441.42
1789709670,2026-09-18T11:04:30,74440.61,74443.41,74436.1,74442.21
1789709685,2026-09-18T11:04:45,74443.09,74443.09,74430.22,74433.86
1789709700,2026-09-18T11:05:00,74433.56,74433.56,74420.47,74421.62
1789709715,2026-09-18T11:05:15,74420.7,74420.7,74391.51,74397.87
1789709730,2026-09-18T11:05:30,74398.63,74400.08,74394.58,74397.94
1789709745,2026-09-18T11:05:45,74397.05,74404.41,74395.7,74398.05
1789709760,2026-09-18T11:06:00,74399.12,74399.12,74396.25,74396.62
1789709775,2026-09-18T11:06:15,74396.08,74397.95,74389.59,74392.74
1789709790,2026-09-18T11:06:30,74391.31,74400.27,74391.31,74400.06
1789709805,2026-09-18T11:06:45,74399.32,74401.99,74397.64,74399.91
1789709820,2026-09-18T11:07:00,74402.66,74409.25,74402.66,74409.25
1789709835,2026-09-18T11:07:15,74409.25,74414.97,74402.54,74411.97
1789709850,2026-09-18T11:07:30,74415.74,74415.74,74405.41,74414.64
1789709865,2026-09-18T11:07:45,74414.64,74415.74,74411.2,74412.23
1789709880,2026-09-18T11:08:00,74414.58,74418.34,74412.14,74417.81
1789709895,2026-09-18T11:08:15,74418.15,74420.5,74416.13,74419.41
1789709910,2026-09-18T11:08:30,74419.55,74423.27,74419.55,74420.38
1789709925,2026-09-18T11:08:45,74417.59,74425.01,74413.06,74413.88
1789709940,2026-09-18T11:09:00,74413.88,74421.34,74410.68,74419.69
1789709955,2026-09-18T11:09:15,74421.28,74424.26,74419.25,74420.3
1789709970,2026-09-18T11:09:30,74416.44,74423.02,74416.44,74423.02
1789709985,2026-09-18T11:09:45,74421.47,74424.9,74418.66,74424.58
1789710000,2026-09-18T11:10:00,74425.34,74425.49,74420.39,74421.22
1789710015,2026-09-18T11:10:15,74420.91,74424.77,74419.24,74419.24
1789710030,2026-09-18T11:10:30,74418.95,74421.69,74415.66,74421.69
1789710045,2026-09-18T11:10:45,74420.77,74425.22,74420.48,74423.69
1789710060,2026-09-18T11:11:00,74423.99,74434.57,74418.05,74428.07
1789710075,2026-09-18T11:11:15,74432.4,74436.7,74429.77,74434.3
1789710090,2026-09-18T11:11:30,74434.1,74439.52,74434.1,74434.37
1789710105,2026-09-18T11:11:45,74432.95,74436.63,74430.99,74432.02
1789710120,2026-09-18T11:12:00,74437.89,74440.7,74435,74440.7
1789710135,2026-09-18T11:12:15,74439.9,74439.9,74430.6,74431.17
1789710150,2026-09-18T11:12:30,74431.17,74432.71,74423.57,74427.82
1789710165,2026-09-18T11:12:45,74427.64,74427.64,74421.65,74422.11
1789710180,2026-09-18T11:13:00,74422.92,74423.24,74410.57,74411.93
1789710195,2026-09-18T11:13:15,74411.86,74413.81,74410.56,74413.76
1789710210,2026-09-18T11:13:30,74413.76,74413.76,74404.22,74408.72
1789710225,2026-09-18T11:13:45,74410.68,74419.24,74410.68,74419.24
1789710240,2026-09-18T11:14:00,74419.24,74423.16,74418.58,74420.73
1789710255,2026-09-18T11:14:15,74416.23,74417.73,74411.33,74415.24
1789710270,2026-09-18T11:14:30,74414.71,74418.67,74412.7,74418.67
1789710285,2026-09-18T11:14:45,74416.87,74431.46,74416.87,74430.85
1789710300,2026-09-18T11:15:00,74426.35,74429.81,74426.1,74429.81
1789710315,2026-09-18T11:15:15,74426.78,74437.28,74426.27,74431.72
1789710330,2026-09-18T11:15:30,74429.88,74440.19,74429.88,74438.19
1789710345,2026-09-18T11:15:45,74438.55,74438.85,74429.12,74429.12
1789710360,2026-09-18T11:16:00,74428.26,74433.36,74426.76,74429.76
1789710375,2026-09-18T11:16:15,74428.82,74436.57,74426.22,74435.57
1789710390,2026-09-18T11:16:30,74436.29,74437.25,74424.97,74434.42
1789710405,2026-09-18T11:16:45,74435.35,74435.35,74427.24,74427.28
1789710420,2026-09-18T11:17:00,74423.65,74429.16,74423.65,74428.64
1789710435,2026-09-18T11:17:15,74429.07,74430.37,74421.86,74424.5
1789710450,2026-09-18T11:17:30,74424.33,74424.58,74417.44,74417.44
1789710465,2026-09-18T11:17:45,74420.04,74420.04,74410.9,74414.27
1789710480,2026-09-18T11:18:00,74414.95,74414.95,74409.65,74410.18
1789710495,2026-09-18T11:18:15,74411.22,74414.7,74399.57,74400.51
1789710510,2026-09-18T11:18:30,74398.79,74405.56,74398.34,74402.85
1789710525,2026-09-18T11:18:45,74403.15,74403.15,74395.22,74401.95
1789710540,2026-09-18T11:19:00,74400.84,74404.32,74396.16,74401.24
1789710555,2026-09-18T11:19:15,74399.41,74401.88,74397.6,74401.88
1789710570,2026-09-18T11:19:30,74401.88,74406.13,74399.92,74406.13
1789710585,2026-09-18T11:19:45,74406.89,74411.81,74405.97,74409.94
1789710600,2026-09-18T11:20:00,74409.35,74410.74,74405.89,74410.74
1789710615,2026-09-18T11:20:15,74410.32,74416.49,74408.81,74416.49
1789710630,2026-09-18T11:20:30,74416.35,74421.22,74415.64,74420.54
1789710645,2026-09-18T11:20:45,74417.36,74422.63,74415.4,74422.63
1789710660,2026-09-18T11:21:00,74422.63,74427.07,74422.63,74427.07
1789710675,2026-09-18T11:21:15,74425.8,74427.88,74422.76,74422.76
1789710690,2026-09-18T11:21:30,74422.76,74429.76,74422.76,74427.94
1789710705,2026-09-18T11:21:45,74428.73,74429.13,74427.88,74428.55
1789710720,2026-09-18T11:22:00,74427.56,74433.14,74423.54,74433.14
1789710735,2026-09-18T11:22:15,74432.68,74433.78,74429.92,74432.75
1789710750,2026-09-18T11:22:30,74433.27,74434.27,74429.11,74431.32
1789710765,2026-09-18T11:22:45,74431.19,74437.56,74429.37,74433.99
1789710780,2026-09-18T11:23:00,74431.99,74437.76,74431.99,74433.79
1789710795,2026-09-18T11:23:15,74433.09,74439.13,74431.03,74432.61
1789710810,2026-09-18T11:23:30,74434.31,74440.83,74434.06,74439.07
1789710825,2026-09-18T11:23:45,74443.57,74443.57,74435.08,74435.24
1789710840,2026-09-18T11:24:00,74435.59,74439.65,74433.46,74434.27
1789710855,2026-09-18T11:24:15,74437.24,74439.21,74436.74,74437.79
1789710870,2026-09-18T11:24:30,74433.83,74437.69,74429.38,74434.05
1789710885,2026-09-18T11:24:45,74434.05,74437.62,74432.65,74434.49
1789710900,2026-09-18T11:25:00,74434.17,74438.54,74425.36,74425.36
1789710915,2026-09-18T11:25:15,74425.74,74434.98,74425.24,74431.6
1789710930,2026-09-18T11:25:30,74431.55,74431.55,74418.72,74419.08
1789710945,2026-09-18T11:25:45,74418.06,74419.45,74409,74409
1789710960,2026-09-18T11:26:00,74413.57,74424.89,74410.02,74422.87
1789710975,2026-09-18T11:26:15,74422.4,74422.4,74416.04,74416.04
1789710990,2026-09-18T11:26:30,74418.41,74422.47,74417.01,74417.45
1789711005,2026-09-18T11:26:45,74420.54,74421.04,74414.95,74417.35
1789711020,2026-09-18T11:27:00,74416.89,74420.51,74415.92,74418.21
1789711035,2026-09-18T11:27:15,74418.21,74420.14,74416.37,74419.9
1789711050,2026-09-18T11:27:30,74420.38,74425.86,74420.38,74421.16
1789711065,2026-09-18T11:27:45,74422.42,74423.91,74420.42,74423.22
1789711080,2026-09-18T11:28:00,74423.25,74423.63,74417.54,74423.63
1789711095,2026-09-18T11:28:15,74423.24,74423.24,74418.32,74422.71
1789711110,2026-09-18T11:28:30,74421.97,74425.45,74418.29,74420.21
1789711125,2026-09-18T11:28:45,74419.99,74420.41,74410.6,74410.6
1789711140,2026-09-18T11:29:00,74410.6,74420.13,74410.6,74420.13
1789711155,2026-09-18T11:29:15,74420.68,74420.68,74412.53,74419.78
1789711170,2026-09-18T11:29:30,74419.61,74420.2,74407,74407
1789711185,2026-09-18T11:29:45,74414.66,74414.66,74406.69,74409.26
1789711200,2026-09-18T11:30:00,74409.26,74441.23,74409.26,74434.04
1789711215,2026-09-18T11:30:15,74436.46,74441.82,74434.85,74439.02
1789711230,2026-09-18T11:30:30,74435.6,74441.99,74432.97,74435.8
1789711245,2026-09-18T11:30:45,74435.82,74442.31,74434.28,74439.31
1789711260,2026-09-18T11:31:00,74438.61,74438.64,74433.64,74437
1789711275,2026-09-18T11:31:15,74429.77,74434.04,74427.35,74429.82
1789711290,2026-09-18T11:31:30,74429.08,74429.5,74412.84,74412.84
1789711305,2026-09-18T11:31:45,74413.14,74422.85,74408.25,74422.85
1789711320,2026-09-18T11:32:00,74423.25,74433.03,74420.82,74426.92
1789711335,2026-09-18T11:32:15,74432.06,74432.99,74426.61,74428.81
1789711350,2026-09-18T11:32:30,74432.02,74432.02,74420.35,74424.39
1789711365,2026-09-18T11:32:45,74424.27,74430.96,74424.27,74428.93
1789711380,2026-09-18T11:33:00,74428.31,74431.68,74426.92,74427.03
1789711395,2026-09-18T11:33:15,74424.76,74427.06,74419.08,74420.61
1789711410,2026-09-18T11:33:30,74418.58,74419.39,74408.32,74408.32
1789711425,2026-09-18T11:33:45,74410.87,74417.98,74410.42,74417.98
1789711440,2026-09-18T11:34:00,74418.06,74433.71,74418.06,74421.41
1789711455,2026-09-18T11:34:15,74422.73,74430.02,74422.73,74430.02
1789711470,2026-09-18T11:34:30,74431.2,74432.91,74427.11,74430.28
1789711485,2026-09-18T11:34:45,74431.5,74436.92,74427.38,74427.38
1789711500,2026-09-18T11:35:00,74428.29,74431.65,74426.5,74431.14
1789711515,2026-09-18T11:35:15,74430.52,74430.52,74424.43,74429.63
1789711530,2026-09-18T11:35:30,74428.84,74429.22,74422.61,74429.22
1789711545,2026-09-18T11:35:45,74428.47,74428.47,74423.17,74425.67
1789711560,2026-09-18T11:36:00,74426.1,74426.11,74422.14,74426.11
1789711575,2026-09-18T11:36:15,74426.35,74431.57,74420.25,74431.57
1789711590,2026-09-18T11:36:30,74429,74432.64,74427.92,74432.64
1789711605,2026-09-18T11:36:45,74434.26,74437.73,74434.24,74435.87
1789711620,2026-09-18T11:37:00,74435.83,74440.01,74434.31,74440.01
1789711635,2026-09-18T11:37:15,74437.33,74440.62,74437.33,74439.03
1789711650,2026-09-18T11:37:30,74439.21,74439.9,74432.89,74432.89
1789711665,2026-09-18T11:37:45,74435.56,74440.67,74432.42,74434.28
1789711680,2026-09-18T11:38:00,74432.7,74433,74428.64,74431.05
1789711695,2026-09-18T11:38:15,74431.09,74435.13,74421.6,74421.6
1789711710,2026-09-18T11:38:30,74421.3,74429.09,74421.3,74425.41
1789711725,2026-09-18T11:38:45,74417.53,74427.27,74417.53,74426.28
1789711740,2026-09-18T11:39:00,74427.33,74435.17,74422.25,74429.41
1789711755,2026-09-18T11:39:15,74431.43,74438.86,74427.38,74437.98
1789711770,2026-09-18T11:39:30,74437.98,74437.98,74429.42,74429.42
1789711785,2026-09-18T11:39:45,74431.21,74431.5,74426.16,74427.05
1789711800,2026-09-18T11:40:00,74428.84,74431.22,74426.94,74428.96
1789711815,2026-09-18T11:40:15,74428.6,74428.6,74423.17,74423.17
1789711830,2026-09-18T11:40:30,74421.41,74422.13,74417.38,74422.13
1789711845,2026-09-18T11:40:45,74421.91,74427.07,74417.58,74427.07
1789711860,2026-09-18T11:41:00,74426.17,74430.36,74418.73,74418.73
1789711875,2026-09-18T11:41:15,74420.66,74426.45,74418.44,74421.45
1789711890,2026-09-18T11:41:30,74421.67,74427.49,74421.67,74426.38
1789711905,2026-09-18T11:41:45,74426.73,74429.07,74425.63,74429.07
1789711920,2026-09-18T11:42:00,74429.11,74432.08,74429.11,74431.56
1789711935,2026-09-18T11:42:15,74431.56,74434.69,74431.56,74433.11
1789711950,2026-09-18T11:42:30,74432.9,74440.4,74431.18,74439.85
1789711965,2026-09-18T11:42:45,74441.4,74441.4,74434.66,74436.96
1789711980,2026-09-18T11:43:00,74436.87,74439.24,74423.51,74424.17
1789711995,2026-09-18T11:43:15,74426.3,74426.3,74409.21,74413.21
1789712010,2026-09-18T11:43:30,74413.21,74419.62,74411.43,74411.81
1789712025,2026-09-18T11:43:45,74408.95,74415.52,74402.54,74415.34
1789712040,2026-09-18T11:44:00,74415.34,74417.3,74411.37,74417.02
1789712055,2026-09-18T11:44:15,74416.73,74416.73,74410.06,74410.06
1789712070,2026-09-18T11:44:30,74410.04,74418.6,74410.04,74418.6
1789712085,2026-09-18T11:44:45,74418.6,74421.41,74418.05,74419.08
1789712100,2026-09-18T11:45:00,74418.77,74423.09,74418.37,74423.09
1789712115,2026-09-18T11:45:15,74422.49,74427.04,74418.92,74423.49
1789712130,2026-09-18T11:45:30,74427.51,74427.52,74425.06,74426.22
1789712145,2026-09-18T11:45:45,74426.68,74432.29,74419.44,74432.29
1789712160,2026-09-18T11:46:00,74431.07,74435.81,74429.47,74434.64
1789712175,2026-09-18T11:46:15,74435.38,74445.56,74435.38,74444.67
1789712190,2026-09-18T11:46:30,74442.81,74448.92,74442.63,74445.79
1789712205,2026-09-18T11:46:45,74446.72,74448.99,74442.2,74443.24
1789712220,2026-09-18T11:47:00,74444.47,74448.51,74442.9,74448.51
1789712235,2026-09-18T11:47:15,74448.51,74449.62,74436,74436
1789712250,2026-09-18T11:47:30,74429.31,74436.22,74429.31,74436.22
1789712265,2026-09-18T11:47:45,74433,74433,74427.73,74430.4
1789712280,2026-09-18T11:48:00,74429.05,74433.75,74429.05,74432.59
1789712295,2026-09-18T11:48:15,74430.8,74437.18,74429.83,74432
1789712310,2026-09-18T11:48:30,74432.91,74441.65,74432.85,74435.94
1789712325,2026-09-18T11:48:45,74437.26,74437.3,74432.92,74435.85
1789712340,2026-09-18T11:49:00,74436.03,74439.31,74436.03,74439.31
1789712355,2026-09-18T11:49:15,74439.31,74444.55,74435.42,74440.93
1789712370,2026-09-18T11:49:30,74443.75,74452.09,74439.7,74452.09
1789712385,2026-09-18T11:49:45,74452.39,74456.17,74452.19,74456.17
1789712400,2026-09-18T11:50:00,74455.75,74457.61,74446.85,74446.85
1789712415,2026-09-18T11:50:15,74446.85,74456.53,74446.15,74453.79
1789712430,2026-09-18T11:50:30,74454.83,74456.55,74454.83,74455.1
1789712445,2026-09-18T11:50:45,74456.12,74458.98,74449.99,74458.98
1789712460,2026-09-18T11:51:00,74458.67,74461.33,74455.32,74456.95
1789712475,2026-09-18T11:51:15,74456.97,74456.97,74436.97,74438.88
1789712490,2026-09-18T11:51:30,74440.05,74443.89,74437.71,74439.24
1789712505,2026-09-18T11:51:45,74440.75,74452.34,74440.75,74452.34
1789712520,2026-09-18T11:52:00,74454.63,74461.34,74452.26,74454.9
1789712535,2026-09-18T11:52:15,74455.36,74474.29,74454.95,74473.5
1789712550,2026-09-18T11:52:30,74473.5,74477.63,74473.5,74476.99
1789712565,2026-09-18T11:52:45,74476.04,74476.52,74470.66,74471.94
1789712580,2026-09-18T11:53:00,74471.11,74480.82,74470.91,74473.28
1789712595,2026-09-18T11:53:15,74473.28,74480.75,74473.01,74479.79
1789712610,2026-09-18T11:53:30,74479.79,74492.2,74479.79,74492.2
1789712625,2026-09-18T11:53:45,74492.2,74493.64,74483.39,74486.48
1789712640,2026-09-18T11:54:00,74489.33,74489.95,74483,74488.19
1789712655,2026-09-18T11:54:15,74490.82,74497.95,74489,74489
1789712670,2026-09-18T11:54:30,74489.48,74491.93,74485.97,74487.36
1789712685,2026-09-18T11:54:45,74484.94,74489.45,74481.52,74483.8
1789712700,2026-09-18T11:55:00,74483.48,74486.72,74478.85,74486.72
1789712715,2026-09-18T11:55:15,74486.89,74497.67,74486.89,74492
1789712730,2026-09-18T11:55:30,74492.56,74493.28,74486.7,74487.38
1789712745,2026-09-18T11:55:45,74484.35,74485.93,74477.62,74477.62
1789712760,2026-09-18T11:56:00,74476.58,74481.9,74476.58,74479.2
1789712775,2026-09-18T11:56:15,74480.14,74485.06,74478.11,74482.81
1789712790,2026-09-18T11:56:30,74480.3,74484.74,74478.97,74481.71
1789712805,2026-09-18T11:56:45,74480.43,74482.86,74476.26,74480.09
1789712820,2026-09-18T11:57:00,74480.09,74482.27,74477.41,74482.13
1789712835,2026-09-18T11:57:15,74482.43,74494.82,74482.43,74494.82
1789712850,2026-09-18T11:57:30,74496.1,74503.39,74494.62,74502.95
1789712865,2026-09-18T11:57:45,74502.74,74503.96,74495.31,74501.87
1789712880,2026-09-18T11:58:00,74501.12,74524.55,74501.12,74524.55
1789712895,2026-09-18T11:58:15,74518.52,74519.36,74511,74514.21
1789712910,2026-09-18T11:58:30,74513.87,74513.87,74494.99,74498.24
1789712925,2026-09-18T11:58:45,74507.25,74512.26,74506.99,74509.51
1789712940,2026-09-18T11:59:00,74509.51,74509.51,74499.39,74506.85
1789712955,2026-09-18T11:59:15,74506.85,74506.95,74496.93,74497.34
1789712970,2026-09-18T11:59:30,74497.34,74499.43,74495.45,74496.62
1789712985,2026-09-18T11:59:45,74491.56,74495.73,74486.12,74486.12
1789713000,2026-09-18T12:00:00,74486.12,74491.89,74481.6,74482.7
1789713015,2026-09-18T12:00:15,74488.94,74489.03,74481.22,74485.28
1789713030,2026-09-18T12:00:30,74488.95,74510.72,74478.2,74506.5
1789713045,2026-09-18T12:00:45,74508.98,74522.72,74508.98,74516.03
1789713060,2026-09-18T12:01:00,74515.01,74519.34,74512.3,74516.95
1789713075,2026-09-18T12:01:15,74516.61,74520.66,74506.99,74506.99
1789713090,2026-09-18T12:01:30,74506.99,74512.34,74506.09,74512.34
1789713105,2026-09-18T12:01:45,74514.34,74517.13,74510.12,74510.64
1789713120,2026-09-18T12:02:00,74513.09,74518.98,74509.72,74516.23
1789713135,2026-09-18T12:02:15,74513.71,74514.29,74501.43,74501.93
1789713150,2026-09-18T12:02:30,74507.12,74513.63,74505.42,74507.95
1789713165,2026-09-18T12:02:45,74505.13,74509.4,74504.53,74509.4
1789713180,2026-09-18T12:03:00,74508.87,74509.37,74505.39,74505.62
1789713195,2026-09-18T12:03:15,74501.76,74510.12,74501.53,74510.12
1789713210,2026-09-18T12:03:30,74510.15,74510.38,74497.92,74506.72
1789713225,2026-09-18T12:03:45,74505.65,74505.65,74494.84,74500.53
1789713240,2026-09-18T12:04:00,74499.82,74500.03,74487.92,74488.47
1789713255,2026-09-18T12:04:15,74487.73,74491.63,74477.02,74479.99
1789713270,2026-09-18T12:04:30,74480.31,74482.02,74472.38,74472.38
1789713285,2026-09-18T12:04:45,74472.1,74477.81,74468.64,74477.81
1789713300,2026-09-18T12:05:00,74477.81,74479.88,74470.39,74473.39
1789713315,2026-09-18T12:05:15,74473.27,74473.63,74467.02,74471.84
1789713330,2026-09-18T12:05:30,74471.03,74475.14,74468.73,74475.14
1789713345,2026-09-18T12:05:45,74475.41,74475.41,74464.82,74468.01
1789713360,2026-09-18T12:06:00,74467.28,74468.09,74464.02,74468.09
1789713375,2026-09-18T12:06:15,74468.09,74468.09,74456.46,74461.19
1789713390,2026-09-18T12:06:30,74463.04,74467.89,74456.16,74456.16
1789713405,2026-09-18T12:06:45,74456.88,74470.29,74453.97,74470.29
1789713420,2026-09-18T12:07:00,74469.85,74469.85,74455.73,74461.5
1789713435,2026-09-18T12:07:15,74463.85,74471.23,74463.85,74471.19
1789713450,2026-09-18T12:07:30,74471.81,74475.95,74468.47,74475.95
1789713465,2026-09-18T12:07:45,74474.56,74474.85,74468.93,74468.93
1789713480,2026-09-18T12:08:00,74470.28,74472.47,74464.69,74472.17
1789713495,2026-09-18T12:08:15,74466.38,74472.99,74464.66,74464.66
1789713510,2026-09-18T12:08:30,74460.66,74467.91,74460.66,74465.24
1789713525,2026-09-18T12:08:45,74463.96,74463.96,74452.06,74453.7
1789713540,2026-09-18T12:09:00,74453.7,74453.7,74441.47,74449.5
1789713555,2026-09-18T12:09:15,74447.21,74451.9,74447.21,74451.9
1789713570,2026-09-18T12:09:30,74454.32,74460.51,74451.62,74460.51
1789713585,2026-09-18T12:09:45,74463.85,74466.12,74460.15,74466.12
1789713600,2026-09-18T12:10:00,74464.65,74475.3,74463.87,74475.3
1789713615,2026-09-18T12:10:15,74477.73,74481.89,74475.25,74481.89
1789713630,2026-09-18T12:10:30,74480.84,74480.84,74470.7,74477.12
1789713645,2026-09-18T12:10:45,74474.76,74476.66,74470.13,74472.85
1789713660,2026-09-18T12:11:00,74471.98,74480.35,74471.98,74479
1789713675,2026-09-18T12:11:15,74478.31,74480.58,74472.85,74474.09
1789713690,2026-09-18T12:11:30,74478.9,74479.21,74473.37,74479.21
1789713705,2026-09-18T12:11:45,74479.01,74485.3,74478.5,74484.96
1789713720,2026-09-18T12:12:00,74485.54,74485.54,74482.55,74482.58
1789713735,2026-09-18T12:12:15,74484.27,74487.67,74480.68,74482.31
1789713750,2026-09-18T12:12:30,74482.31,74486.45,74479.83,74481.85
1789713765,2026-09-18T12:12:45,74481.93,74490.78,74481.93,74482.17
1789713780,2026-09-18T12:13:00,74482.8,74485.89,74476.98,74485.25
1789713795,2026-09-18T12:13:15,74486.29,74490.45,74484.08,74490.45
1789713810,2026-09-18T12:13:30,74489.8,74489.8,74481.46,74489.39
1789713825,2026-09-18T12:13:45,74485.85,74490.7,74483.17,74490.7
1789713840,2026-09-18T12:14:00,74490.25,74494.79,74485.21,74490.29
1789713855,2026-09-18T12:14:15,74489.28,74494.42,74486.24,74492.74
1789713870,2026-09-18T12:14:30,74491.89,74492.25,74485.26,74486.42
1789713885,2026-09-18T12:14:45,74486.42,74489.55,74484.94,74489.55
1789713900,2026-09-18T12:15:00,74487.99,74491.42,74486.08,74491.42
1789713915,2026-09-18T12:15:15,74492.05,74492.05,74482.01,74485.23
1789713930,2026-09-18T12:15:30,74485.92,74486.32,74478.62,74485.18
1789713945,2026-09-18T12:15:45,74485.31,74487.16,74478.08,74487.16
1789713960,2026-09-18T12:16:00,74487.16,74492.02,74487.16,74491.88
1789713975,2026-09-18T12:16:15,74492.5,74496.21,74489.6,74491.57
1789713990,2026-09-18T12:16:30,74494.26,74496.67,74493.17,74493.53
1789714005,2026-09-18T12:16:45,74493.53,74493.53,74485.95,74486.4
1789714020,2026-09-18T12:17:00,74487.82,74491.63,74487.7,74487.89
1789714035,2026-09-18T12:17:15,74485.46,74486.05,74483.46,74483.5
1789714050,2026-09-18T12:17:30,74483.49,74488.49,74482.07,74482.07
1789714065,2026-09-18T12:17:45,74482.07,74485.68,74477.19,74483.14
1789714080,2026-09-18T12:18:00,74482.98,74482.98,74460.08,74469.53
1789714095,2026-09-18T12:18:15,74470,74479.08,74470,74473.38
1789714110,2026-09-18T12:18:30,74476.71,74483.81,74475.94,74476.32
1789714125,2026-09-18T12:18:45,74475.04,74475.21,74465.47,74472.91
1789714140,2026-09-18T12:19:00,74471.57,74479.3,74469.31,74478.89
1789714155,2026-09-18T12:19:15,74475.68,74475.68,74460.95,74463.66
1789714170,2026-09-18T12:19:30,74463.26,74463.26,74459.17,74461.96
1789714185,2026-09-18T12:19:45,74461.26,74461.26,74452.08,74454.46
1789714200,2026-09-18T12:20:00,74457.89,74457.89,74451.18,74452.46
1789714215,2026-09-18T12:20:15,74450.14,74450.14,74444.74,74444.74
1789714230,2026-09-18T12:20:30,74444.16,74445.71,74440.82,74445.71
1789714245,2026-09-18T12:20:45,74445.07,74452.85,74442.42,74452.85
1789714260,2026-09-18T12:21:00,74452.71,74453.24,74450.85,74450.93
1789714275,2026-09-18T12:21:15,74450.65,74455.83,74448.81,74450.96
1789714290,2026-09-18T12:21:30,74447.97,74453.64,74447.97,74453.64
1789714305,2026-09-18T12:21:45,74452.99,74456.45,74451.47,74452.4
1789714320,2026-09-18T12:22:00,74452.9,74455.81,74449.3,74453.76
1789714335,2026-09-18T12:22:15,74453.61,74458.62,74447.09,74458.51
1789714350,2026-09-18T12:22:30,74458.51,74458.85,74452.15,74452.79
1789714365,2026-09-18T12:22:45,74451.73,74451.94,74447.32,74449.85
1789714380,2026-09-18T12:23:00,74451.89,74458.35,74450.7,74458.35
1789714395,2026-09-18T12:23:15,74463.05,74464.55,74461.18,74461.85
1789714410,2026-09-18T12:23:30,74459.14,74464.83,74454.3,74464.83
1789714425,2026-09-18T12:23:45,74464.83,74466.52,74457.9,74461.2
1789714440,2026-09-18T12:24:00,74461.39,74478.8,74461.39,74475.76
1789714455,2026-09-18T12:24:15,74474.36,74479.76,74459.91,74467.06
1789714470,2026-09-18T12:24:30,74468.51,74468.68,74455.26,74455.26
1789714485,2026-09-18T12:24:45,74455.26,74475.09,74455.26,74472.94
1789714500,2026-09-18T12:25:00,74468.35,74471.79,74463.24,74467.7
1789714515,2026-09-18T12:25:15,74470.28,74470.28,74462.37,74463.61
1789714530,2026-09-18T12:25:30,74467.13,74467.34,74461.24,74464.31
1789714545,2026-09-18T12:25:45,74464.32,74464.88,74461.04,74461.04
1789714560,2026-09-18T12:26:00,74464.48,74467.92,74460.56,74460.56
1789714575,2026-09-18T12:26:15,74460.55,74467.59,74458.35,74460.07
1789714590,2026-09-18T12:26:30,74463.58,74464.72,74454.86,74456.96
1789714605,2026-09-18T12:26:45,74457.66,74462.06,74456.68,74456.68
1789714620,2026-09-18T12:27:00,74456.72,74458.25,74451.19,74451.93
1789714635,2026-09-18T12:27:15,74456.2,74459.62,74453.13,74454.33
1789714650,2026-09-18T12:27:30,74455.02,74461.74,74455.02,74456.15
1789714665,2026-09-18T12:27:45,74460.63,74461.71,74453.45,74455.34
1789714680,2026-09-18T12:28:00,74456.66,74471.08,74452.43,74471.08
1789714695,2026-09-18T12:28:15,74470.04,74480.11,74470.04,74480.11
1789714710,2026-09-18T12:28:30,74479.69,74485.45,74475.82,74485.45
1789714725,2026-09-18T12:28:45,74485.49,74490.37,74484.33,74484.33
1789714740,2026-09-18T12:29:00,74484.21,74486.24,74482.51,74484.31
1789714755,2026-09-18T12:29:15,74484.9,74490.41,74484.9,74490.18
1789714770,2026-09-18T12:29:30,74483.45,74490.46,74483.45,74485.51
1789714785,2026-09-18T12:29:45,74487.2,74489.81,74483.34,74489.81
1789714800,2026-09-18T12:30:00,74488.62,74494.15,74488.11,74494.15
1789714815,2026-09-18T12:30:15,74495.9,74502.03,74495.9,74498.75
1789714830,2026-09-18T12:30:30,74498.75,74500.96,74495.56,74500.96
1789714845,2026-09-18T12:30:45,74501.57,74504.63,74500.18,74502.01
1789714860,2026-09-18T12:31:00,74502.01,74504.4,74497.43,74504.4
1789714875,2026-09-18T12:31:15,74505.94,74506.72,74498.6,74498.6
1789714890,2026-09-18T12:31:30,74498.6,74503,74495.15,74497.32
1789714905,2026-09-18T12:31:45,74497.49,74499.77,74493.9,74493.9
1789714920,2026-09-18T12:32:00,74491.97,74501.74,74491.7,74501.45
1789714935,2026-09-18T12:32:15,74502.09,74506.64,74497.04,74502.13
1789714950,2026-09-18T12:32:30,74500.59,74506.09,74500.55,74504.53
1789714965,2026-09-18T12:32:45,74504.32,74507.49,74492.24,74492.24
1789714980,2026-09-18T12:33:00,74492.18,74499.64,74492.18,74499.64
1789714995,2026-09-18T12:33:15,74500.82,74501.09,74499.48,74500.5
1789715010,2026-09-18T12:33:30,74499.57,74499.57,74492.74,74495.04
1789715025,2026-09-18T12:33:45,74496.26,74496.26,74487.8,74491.64
1789715040,2026-09-18T12:34:00,74487.78,74498.32,74487.78,74498.32
1789715055,2026-09-18T12:34:15,74497.19,74497.19,74493.27,74493.27
1789715070,2026-09-18T12:34:30,74491.07,74491.07,74484.48,74488.61
1789715085,2026-09-18T12:34:45,74488,74495.78,74485.88,74495.78
1789715100,2026-09-18T12:35:00,74494.73,74495.81,74494.04,74494.96
1789715115,2026-09-18T12:35:15,74494.59,74497.45,74490.47,74496.31
1789715130,2026-09-18T12:35:30,74496.31,74499.98,74496.31,74499.98
1789715145,2026-09-18T12:35:45,74499.98,74505.42,74499.15,74499.98
1789715160,2026-09-18T12:36:00,74501.93,74512.73,74501.93,74512.73
1789715175,2026-09-18T12:36:15,74514.25,74517.27,74514.25,74514.41
1789715190,2026-09-18T12:36:30,74513.82,74519.36,74512.59,74519.36
1789715205,2026-09-18T12:36:45,74519.36,74519.36,74514.08,74514.46
1789715220,2026-09-18T12:37:00,74519.22,74519.7,74517.6,74519.12
1789715235,2026-09-18T12:37:15,74519.46,74520.34,74516.43,74516.43
1789715250,2026-09-18T12:37:30,74516.46,74517.86,74510.1,74513.43
1789715265,2026-09-18T12:37:45,74509.29,74519.95,74509.29,74519.55
1789715280,2026-09-18T12:38:00,74519.55,74520.48,74512.21,74520.48
1789715295,2026-09-18T12:38:15,74521.17,74523.27,74512.71,74513.68
1789715310,2026-09-18T12:38:30,74512.46,74517.17,74508.85,74517.17
1789715325,2026-09-18T12:38:45,74517.38,74518.28,74505.23,74505.23
1789715340,2026-09-18T12:39:00,74507.35,74513.94,74502.83,74502.83
1789715355,2026-09-18T12:39:15,74505.97,74512.15,74505.29,74510.13
1789715370,2026-09-18T12:39:30,74509.48,74510.94,74502.88,74502.88
1789715385,2026-09-18T12:39:45,74502.28,74504.48,74501.67,74501.67
1789715400,2026-09-18T12:40:00,74501.71,74505.38,74500.45,74505.38
1789715415,2026-09-18T12:40:15,74505.38,74506.41,74500.92,74502.24
1789715430,2026-09-18T12:40:30,74502.24,74507.09,74502.24,74503.36
1789715445,2026-09-18T12:40:45,74503.63,74505.36,74499.43,74499.43
1789715460,2026-09-18T12:41:00,74499.22,74502.34,74496.29,74502.34
1789715475,2026-09-18T12:41:15,74501.1,74507.13,74496.1,74507.13
1789715490,2026-09-18T12:41:30,74507.13,74512.94,74505.23,74508.43
1789715505,2026-09-18T12:41:45,74508.43,74511.21,74506.51,74511.21
1789715520,2026-09-18T12:42:00,74511.21,74515.1,74509.06,74515.1
1789715535,2026-09-18T12:42:15,74517.37,74521.59,74516.14,74521.44
1789715550,2026-09-18T12:42:30,74523.26,74529.72,74522.36,74527.8
1789715565,2026-09-18T12:42:45,74528.3,74528.3,74518.1,74518.1
1789715580,2026-09-18T12:43:00,74520.96,74524.96,74520.96,74523.69
1789715595,2026-09-18T12:43:15,74523.31,74523.84,74520.24,74520.59
1789715610,2026-09-18T12:43:30,74521.21,74531.92,74521.21,74531.92
1789715625,2026-09-18T12:43:45,74531.92,74535.28,74529.11,74534.54
1789715640,2026-09-18T12:44:00,74534.54,74542.05,74531.82,74535.97
1789715655,2026-09-18T12:44:15,74535.97,74550.98,74535.97,74547.12
1789715670,2026-09-18T12:44:30,74546.08,74546.08,74539.05,74539.05
1789715685,2026-09-18T12:44:45,74539.05,74543.71,74530.74,74532.11
1789715700,2026-09-18T12:45:00,74532.72,74539.38,74532.66,74536.02
1789715715,2026-09-18T12:45:15,74536.02,74536.02,74521.8,74521.8
1789715730,2026-09-18T12:45:30,74522.85,74526.77,74522.24,74526.77
1789715745,2026-09-18T12:45:45,74526.84,74528.38,74524.52,74525.9
1789715760,2026-09-18T12:46:00,74521.36,74524.01,74520.78,74521.47
1789715775,2026-09-18T12:46:15,74521.47,74523.09,74517.91,74523.02
1789715790,2026-09-18T12:46:30,74523.02,74528.97,74523.02,74527.15
1789715805,2026-09-18T12:46:45,74527.15,74527.15,74521.79,74525.91
1789715820,2026-09-18T12:47:00,74523.55,74529.85,74523.55,74529.07
1789715835,2026-09-18T12:47:15,74528.76,74530.9,74524.56,74528.32
1789715850,2026-09-18T12:47:30,74527.98,74534.63,74527.98,74530.93
1789715865,2026-09-18T12:47:45,74528.78,74528.78,74522.44,74522.54
1789715880,2026-09-18T12:48:00,74520.83,74523.23,74518.24,74519.07
1789715895,2026-09-18T12:48:15,74517.79,74521.43,74511.86,74519.67
1789715910,2026-09-18T12:48:30,74519.71,74521.36,74509.09,74510.2
1789715925,2026-09-18T12:48:45,74510.49,74516.18,74508.35,74514.93
1789715940,2026-09-18T12:49:00,74512.95,74513.45,74509.09,74512.2
1789715955,2026-09-18T12:49:15,74512.74,74514.49,74512.23,74514.49
1789715970,2026-09-18T12:49:30,74512.49,74513.79,74504.65,74506.98
1789715985,2026-09-18T12:49:45,74504.62,74511.86,74502.01,74511.86
1789716000,2026-09-18T12:50:00,74512.13,74513.42,74503.02,74503.02
1789716015,2026-09-18T12:50:15,74503.66,74513.45,74501.67,74507.59
1789716030,2026-09-18T12:50:30,74510.16,74514.79,74506.95,74511.77
1789716045,2026-09-18T12:50:45,74513.2,74513.2,74505.4,74505.4
1789716060,2026-09-18T12:51:00,74505.03,74512.89,74505.03,74512.75
1789716075,2026-09-18T12:51:15,74507.79,74511.89,74502.91,74504.24
1789716090,2026-09-18T12:51:30,74502.64,74508.09,74502.47,74507
1789716105,2026-09-18T12:51:45,74506.74,74510.13,74503.57,74503.57
1789716120,2026-09-18T12:52:00,74508.07,74508.07,74501.43,74503.22
1789716135,2026-09-18T12:52:15,74503.68,74514.38,74503.68,74513.45
1789716150,2026-09-18T12:52:30,74514.86,74514.86,74499.53,74504.23
1789716165,2026-09-18T12:52:45,74502.09,74505.31,74496.74,74500.84
1789716180,2026-09-18T12:53:00,74501.16,74511.2,74500.28,74511.2
1789716195,2026-09-18T12:53:15,74509.12,74511.02,74506,74511.02
1789716210,2026-09-18T12:53:30,74508.6,74509.16,74502.26,74506.49
1789716225,2026-09-18T12:53:45,74507.07,74513.16,74507.07,74509.35
1789716240,2026-09-18T12:54:00,74511.19,74519.62,74511.19,74513.63
1789716255,2026-09-18T12:54:15,74517.97,74522.74,74517.97,74520.59
1789716270,2026-09-18T12:54:30,74519.77,74520.69,74512.66,74520.69
1789716285,2026-09-18T12:54:45,74521.98,74524.65,74514.8,74516.48
1789716300,2026-09-18T12:55:00,74517.9,74522.95,74514.93,74521.02
1789716315,2026-09-18T12:55:15,74520.21,74522.52,74518.96,74520.73
1789716330,2026-09-18T12:55:30,74520.73,74520.78,74516.72,74517.46
1789716345,2026-09-18T12:55:45,74516.61,74518.59,74514.03,74518.59
1789716360,2026-09-18T12:56:00,74518.59,74522.26,74516.55,74522.07
1789716375,2026-09-18T12:56:15,74522.07,74522.84,74516.66,74522.84
1789716390,2026-09-18T12:56:30,74522.62,74523.68,74519.6,74519.6
1789716405,2026-09-18T12:56:45,74521.09,74528.65,74521.06,74528.65
1789716420,2026-09-18T12:57:00,74530.49,74530.49,74523.88,74525.16
1789716435,2026-09-18T12:57:15,74524.74,74530.37,74521.51,74530.37
1789716450,2026-09-18T12:57:30,74530.31,74533.89,74526.78,74528.78
1789716465,2026-09-18T12:57:45,74527.6,74527.6,74521.53,74523.12
1789716480,2026-09-18T12:58:00,74523.77,74527.03,74522.06,74525.05
1789716495,2026-09-18T12:58:15,74525.05,74529.22,74522.38,74528.57
1789716510,2026-09-18T12:58:30,74526.52,74530.72,74525.59,74525.59
1789716525,2026-09-18T12:58:45,74525.59,74532.31,74524.95,74528.63
1789716540,2026-09-18T12:59:00,74528.23,74533.57,74522.45,74528.07
1789716555,2026-09-18T12:59:15,74530.56,74535.39,74529.95,74534.12
1789716570,2026-09-18T12:59:30,74534.12,74537.91,74531.54,74532.3
1789716585,2026-09-18T12:59:45,74532.3,74541.46,74532.3,74540.25
1789716600,2026-09-18T13:00:00,74540.95,74541.22,74531.84,74532.28
1789716615,2026-09-18T13:00:15,74533.22,74543.78,74533.22,74541.58
1789716630,2026-09-18T13:00:30,74541.58,74545.56,74539.91,74545.1
1789716645,2026-09-18T13:00:45,74545.2,74545.2,74538,74542.01
1789716660,2026-09-18T13:01:00,74542.35,74550.41,74538.23,74550.41
1789716675,2026-09-18T13:01:15,74550.06,74550.06,74546.5,74547.47
1789716690,2026-09-18T13:01:30,74547.45,74548.41,74544.41,74546.22
1789716705,2026-09-18T13:01:45,74547.37,74549.3,74545.15,74548.13
1789716720,2026-09-18T13:02:00,74552.03,74552.42,74549.91,74551.35
1789716735,2026-09-18T13:02:15,74551.58,74553.68,74549.91,74553.68
1789716750,2026-09-18T13:02:30,74550.43,74552.23,74547.94,74552.14
1789716765,2026-09-18T13:02:45,74553.64,74562.3,74551.26,74561.54
1789716780,2026-09-18T13:03:00,74563.47,74564.9,74561.69,74564.9
1789716795,2026-09-18T13:03:15,74564.9,74566.49,74556.51,74560.58
1789716810,2026-09-18T13:03:30,74560.58,74566.38,74560.58,74566.38
1789716825,2026-09-18T13:03:45,74565.93,74565.93,74560.03,74562.38
1789716840,2026-09-18T13:04:00,74563.28,74577.92,74563.28,74577.92
1789716855,2026-09-18T13:04:15,74577.98,74586.04,74574.09,74584.91
1789716870,2026-09-18T13:04:30,74584.46,74588.22,74582.46,74585.71
1789716885,2026-09-18T13:04:45,74585.82,74585.82,74576.21,74577.68
1789716900,2026-09-18T13:05:00,74578.02,74579.02,74575.71,74577.15
1789716915,2026-09-18T13:05:15,74576.89,74577.92,74571.4,74571.4
1789716930,2026-09-18T13:05:30,74571.4,74578.14,74570.84,74570.84
1789716945,2026-09-18T13:05:45,74571.75,74571.75,74565.81,74565.93
1789716960,2026-09-18T13:06:00,74565.9,74569.47,74564.06,74564.06
1789716975,2026-09-18T13:06:15,74564.17,74577.77,74564.17,74575.94
1789716990,2026-09-18T13:06:30,74577.09,74577.09,74571.15,74574.49
1789717005,2026-09-18T13:06:45,74573.85,74573.85,74568.64,74568.64
1789717020,2026-09-18T13:07:00,74569.29,74570.92,74566.38,74566.38
1789717035,2026-09-18T13:07:15,74566.68,74568.3,74565.87,74568.3
1789717050,2026-09-18T13:07:30,74568.53,74569.06,74564.44,74567.48
1789717065,2026-09-18T13:07:45,74566.59,74571.49,74565.16,74569.56
1789717080,2026-09-18T13:08:00,74569.38,74579.55,74569.38,74576.07
1789717095,2026-09-18T13:08:15,74575.02,74580.05,74574.35,74574.72
1789717110,2026-09-18T13:08:30,74574.51,74576.02,74567.31,74571.57
1789717125,2026-09-18T13:08:45,74566.54,74575.11,74564.21,74575.11
1789717140,2026-09-18T13:09:00,74575.11,74575.76,74568.4,74569.25
1789717155,2026-09-18T13:09:15,74573.11,74576.97,74570.32,74570.32
1789717170,2026-09-18T13:09:30,74570.32,74573.39,74566.84,74566.84
1789717185,2026-09-18T13:09:45,74570.62,74576.68,74568.89,74569.62
1789717200,2026-09-18T13:10:00,74570.71,74573.75,74568.91,74572.47
1789717215,2026-09-18T13:10:15,74569.61,74574.68,74569.61,74570.83
1789717230,2026-09-18T13:10:30,74572.36,74572.49,74567.23,74569.18
1789717245,2026-09-18T13:10:45,74569.29,74572.39,74564.38,74564.38
1789717260,2026-09-18T13:11:00,74564.38,74565.35,74557.9,74564.9
1789717275,2026-09-18T13:11:15,74564.9,74566.52,74559.85,74562.7
1789717290,2026-09-18T13:11:30,74563.07,74564.76,74557.16,74558.01
1789717305,2026-09-18T13:11:45,74557.35,74558.88,74551.68,74558.34
1789717320,2026-09-18T13:12:00,74559.68,74562.41,74555.92,74558.33
1789717335,2026-09-18T13:12:15,74559.78,74561.02,74553.1,74559.77
1789717350,2026-09-18T13:12:30,74561.47,74564.25,74558.75,74564.25
1789717365,2026-09-18T13:12:45,74565.38,74566.69,74563.43,74564.26
1789717380,2026-09-18T13:13:00,74563.23,74567.74,74558.66,74562.34
1789717395,2026-09-18T13:13:15,74562.58,74566.5,74561.62,74566.5
1789717410,2026-09-18T13:13:30,74566.5,74568.38,74561.49,74561.49
1789717425,2026-09-18T13:13:45,74561.38,74561.38,74549.85,74549.85
1789717440,2026-09-18T13:14:00,74550.07,74555.63,74549.43,74555.63
1789717455,2026-09-18T13:14:15,74553.41,74559.1,74548.66,74550.5
1789717470,2026-09-18T13:14:30,74548.42,74554.39,74547.4,74554.39
1789717485,2026-09-18T13:14:45,74553.74,74553.74,74547.31,74549.17
1789717500,2026-09-18T13:15:00,74549.86,74550.51,74546.01,74548.87
1789717515,2026-09-18T13:15:15,74547.16,74554.39,74539.1,74551.22
1789717530,2026-09-18T13:15:30,74551.03,74553.95,74545.24,74549.11
1789717545,2026-09-18T13:15:45,74548.2,74548.6,74539.87,74542.71
1789717560,2026-09-18T13:16:00,74538.98,74542.71,74536.73,74536.73
1789717575,2026-09-18T13:16:15,74539.38,74539.38,74526.43,74528.78
1789717590,2026-09-18T13:16:30,74529.99,74535.69,74529.91,74535.69
1789717605,2026-09-18T13:16:45,74535.31,74535.31,74531.55,74532.18
1789717620,2026-09-18T13:17:00,74533.95,74539.38,74533.95,74539.38
1789717635,2026-09-18T13:17:15,74536.6,74540.83,74534.39,74537.24
1789717650,2026-09-18T13:17:30,74534.68,74540.22,74534.68,74535.37
1789717665,2026-09-18T13:17:45,74540.43,74543.28,74538.88,74541.5
1789717680,2026-09-18T13:18:00,74540.31,74541.05,74531.98,74531.98
1789717695,2026-09-18T13:18:15,74531.92,74537.46,74531.5,74531.64
1789717710,2026-09-18T13:18:30,74531.29,74535.72,74529.09,74531.5
1789717725,2026-09-18T13:18:45,74529.97,74532.26,74526.01,74531.83
1789717740,2026-09-18T13:19:00,74531.92,74532.18,74518.24,74523.86
1789717755,2026-09-18T13:19:15,74524.09,74524.09,74517.92,74521.81
1789717770,2026-09-18T13:19:30,74519.46,74526.25,74518.73,74526.25
1789717785,2026-09-18T13:19:45,74523.96,74525.63,74518.53,74519.09
1789717800,2026-09-18T13:20:00,74519.09,74524.46,74519.09,74522.71
1789717815,2026-09-18T13:20:15,74522.49,74523.13,74508.05,74511.96
1789717830,2026-09-18T13:20:30,74511.96,74514.42,74506.49,74512.55
1789717845,2026-09-18T13:20:45,74511.63,74511.63,74501.31,74505.62
1789717860,2026-09-18T13:21:00,74503.24,74511.85,74503.24,74511.85
1789717875,2026-09-18T13:21:15,74511.21,74516.91,74510.93,74512.6
1789717890,2026-09-18T13:21:30,74511.06,74514.34,74511.06,74514.19
1789717905,2026-09-18T13:21:45,74513.81,74519.95,74510.73,74519.95
1789717920,2026-09-18T13:22:00,74519.95,74527.61,74519.95,74525.52
1789717935,2026-09-18T13:22:15,74523.74,74525.17,74513.44,74519.11
1789717950,2026-09-18T13:22:30,74519.16,74523.92,74515.03,74522.2
1789717965,2026-09-18T13:22:45,74525.24,74526.67,74515.78,74516.13
1789717980,2026-09-18T13:23:00,74516.4,74531.46,74516.4,74529.94
1789717995,2026-09-18T13:23:15,74530.85,74537.9,74525.3,74530.18
1789718010,2026-09-18T13:23:30,74526.97,74534.35,74524.48,74524.48
1789718025,2026-09-18T13:23:45,74530.86,74532.89,74530.09,74532.89
1789718040,2026-09-18T13:24:00,74531.63,74533.14,74530.23,74531.77
1789718055,2026-09-18T13:24:15,74531.85,74535.38,74527.16,74535.38
1789718070,2026-09-18T13:24:30,74541.52,74545.1,74535.24,74535.24
1789718085,2026-09-18T13:24:45,74535.24,74541.93,74531.85,74532.44
1789718100,2026-09-18T13:25:00,74533.43,74534.08,74520.96,74521.86
1789718115,2026-09-18T13:25:15,74521.86,74526.63,74520.87,74523.82
1789718130,2026-09-18T13:25:30,74524.01,74530.79,74523.15,74526.72
1789718145,2026-09-18T13:25:45,74526.72,74531.87,74523.98,74528.82
1789718160,2026-09-18T13:26:00,74528.82,74529.59,74522.88,74522.98
1789718175,2026-09-18T13:26:15,74518.43,74528.99,74518.43,74528.99
1789718190,2026-09-18T13:26:30,74527.76,74529.48,74520.61,74525.97
1789718205,2026-09-18T13:26:45,74525.14,74527.63,74522.54,74523.11
1789718220,2026-09-18T13:27:00,74523.11,74532.18,74522.32,74532.18
1789718235,2026-09-18T13:27:15,74532.18,74532.18,74525.15,74530.66
1789718250,2026-09-18T13:27:30,74528.73,74528.73,74522.22,74523.65
1789718265,2026-09-18T13:27:45,74523.34,74525.87,74520.76,74524.72
1789718280,2026-09-18T13:28:00,74519.55,74522.7,74515.29,74520.57
1789718295,2026-09-18T13:28:15,74520.57,74534.44,74520.57,74533.35
1789718310,2026-09-18T13:28:30,74533.35,74535.91,74530.39,74535.52
1789718325,2026-09-18T13:28:45,74532.95,74536.6,74527.22,74530.44
1789718340,2026-09-18T13:29:00,74523.65,74533.41,74522.21,74533.41
1789718355,2026-09-18T13:29:15,74528.23,74531.37,74524.68,74524.88
1789718370,2026-09-18T13:29:30,74525.07,74530.13,74525.07,74526.71
1789718385,2026-09-18T13:29:45,74526.45,74534.7,74523.46,74532.6
1789718400,2026-09-18T13:30:00,74532.17,74535.1,74522.78,74524.87
1789718415,2026-09-18T13:30:15,74528.2,74535.95,74528.2,74533.83
1789718430,2026-09-18T13:30:30,74534.11,74538.16,74531.77,74537.05
1789718445,2026-09-18T13:30:45,74533.49,74539.04,74533.18,74534.83
1789718460,2026-09-18T13:31:00,74535.44,74543.17,74525.4,74525.4
1789718475,2026-09-18T13:31:15,74524.51,74530.67,74522.2,74528.63
1789718490,2026-09-18T13:31:30,74528.17,74530.51,74524.78,74530.42
1789718505,2026-09-18T13:31:45,74528.77,74529.94,74524.63,74527.61
1789718520,2026-09-18T13:32:00,74526.19,74532.72,74525.17,74531.25
1789718535,2026-09-18T13:32:15,74531.47,74531.47,74525.74,74525.85
1789718550,2026-09-18T13:32:30,74526.79,74530.35,74525.14,74529.07
1789718565,2026-09-18T13:32:45,74526.41,74541,74526.41,74537.55
1789718580,2026-09-18T13:33:00,74537.37,74541.02,74535.35,74540.11
1789718595,2026-09-18T13:33:15,74539.3,74543.67,74538.36,74541.67
1789718610,2026-09-18T13:33:30,74541.67,74541.67,74534.75,74538.04
1789718625,2026-09-18T13:33:45,74539.24,74547.02,74539.24,74547.02
1789718640,2026-09-18T13:34:00,74547.02,74551.8,74539.66,74549.75
1789718655,2026-09-18T13:34:15,74549.75,74549.75,74539.76,74542.96
1789718670,2026-09-18T13:34:30,74543.38,74547.63,74541.39,74543.42
1789718685,2026-09-18T13:34:45,74541.54,74541.54,74532.76,74536.06
1789718700,2026-09-18T13:35:00,74534.17,74536.66,74527.62,74528.84
1789718715,2026-09-18T13:35:15,74527.89,74537.78,74526.8,74534.69
1789718730,2026-09-18T13:35:30,74532.29,74536.01,74531.34,74536.01
1789718745,2026-09-18T13:35:45,74532.95,74533.49,74516.4,74516.55
1789718760,2026-09-18T13:36:00,74525.08,74527.35,74521.44,74525.35
1789718775,2026-09-18T13:36:15,74525.35,74525.35,74517.23,74520.76
1789718790,2026-09-18T13:36:30,74520.72,74520.72,74512.01,74516.51
1789718805,2026-09-18T13:36:45,74518.13,74525.13,74516.94,74521.1
1789718820,2026-09-18T13:37:00,74522.58,74525.49,74519.01,74520.08
1789718835,2026-09-18T13:37:15,74520.87,74525.53,74520.51,74523.08
1789718850,2026-09-18T13:37:30,74522.58,74525.16,74519.07,74523.6
1789718865,2026-09-18T13:37:45,74522.36,74528.83,74522.36,74526.68
1789718880,2026-09-18T13:38:00,74526.68,74533.9,74518.89,74518.89
1789718895,2026-09-18T13:38:15,74518.89,74529.3,74517.07,74523.59
1789718910,2026-09-18T13:38:30,74523.59,74529.78,74523.59,74526.76
1789718925,2026-09-18T13:38:45,74526.76,74533.44,74524.36,74533.44
1789718940,2026-09-18T13:39:00,74529.74,74535.91,74529,74535.91
1789718955,2026-09-18T13:39:15,74535.68,74543.22,74533.6,74543.22
1789718970,2026-09-18T13:39:30,74535.5,74541.95,74534.24,74535.66
1789718985,2026-09-18T13:39:45,74532.78,74533.52,74520.88,74522.81
1789719000,2026-09-18T13:40:00,74521.95,74522.68,74510.01,74513.27
1789719015,2026-09-18T13:40:15,74517.77,74521.21,74510.49,74510.99
1789719030,2026-09-18T13:40:30,74510,74512.52,74503.01,74511.8
1789719045,2026-09-18T13:40:45,74511.51,74519.69,74511.51,74515.1
1789719060,2026-09-18T13:41:00,74515.19,74518.85,74506.89,74506.89
1789719075,2026-09-18T13:41:15,74511.99,74513.48,74506.11,74506.11
1789719090,2026-09-18T13:41:30,74505.7,74507.91,74501.79,74507.79
1789719105,2026-09-18T13:41:45,74506.41,74508.17,74498.29,74502.08
1789719120,2026-09-18T13:42:00,74502.58,74504.78,74501.12,74504.78
1789719135,2026-09-18T13:42:15,74506.69,74506.69,74499.65,74500.63
1789719150,2026-09-18T13:42:30,74501.5,74502.05,74497.65,74497.66
1789719165,2026-09-18T13:42:45,74498.35,74504.33,74498.35,74502.27
1789719180,2026-09-18T13:43:00,74504.03,74504.51,74496.85,74497.87
1789719195,2026-09-18T13:43:15,74495.56,74503.28,74493.01,74503.28
1789719210,2026-09-18T13:43:30,74501.36,74505.3,74500.09,74500.1
1789719225,2026-09-18T13:43:45,74500.1,74500.1,74493.01,74494.96
1789719240,2026-09-18T13:44:00,74495.6,74501.29,74494.84,74501.29
1789719255,2026-09-18T13:44:15,74501.22,74501.22,74489.88,74489.88
1789719270,2026-09-18T13:44:30,74490.64,74490.91,74484.85,74484.85
1789719285,2026-09-18T13:44:45,74483.91,74483.91,74480,74480.64
1789719300,2026-09-18T13:45:00,74481.08,74482.7,74466.16,74470.74
1789719315,2026-09-18T13:45:15,74465.93,74466.54,74457.87,74462.43
1789719330,2026-09-18T13:45:30,74461.63,74463.61,74460.37,74462.32
1789719345,2026-09-18T13:45:45,74461.86,74467.36,74461.86,74465.57
1789719360,2026-09-18T13:46:00,74464.75,74477.09,74463.46,74476.36
1789719375,2026-09-18T13:46:15,74476.36,74479.07,74474.32,74478.77
1789719390,2026-09-18T13:46:30,74479.06,74480.29,74478.12,74480.29
1789719405,2026-09-18T13:46:45,74480.39,74484.22,74478.78,74484.22
1789719420,2026-09-18T13:47:00,74487.07,74493.54,74486.3,74492.12
1789719435,2026-09-18T13:47:15,74496.11,74497.85,74487.36,74487.36
1789719450,2026-09-18T13:47:30,74487.29,74512.21,74487.29,74512.21
1789719465,2026-09-18T13:47:45,74511.76,74516.52,74500.79,74500.79
1789719480,2026-09-18T13:48:00,74501.49,74503.1,74498.21,74500
1789719495,2026-09-18T13:48:15,74499.56,74499.56,74491.87,74491.87
1789719510,2026-09-18T13:48:30,74494.44,74494.53,74484.57,74484.85
1789719525,2026-09-18T13:48:45,74482.22,74487.09,74482.22,74485.59
1789719540,2026-09-18T13:49:00,74485.38,74490.1,74484.69,74487.25
1789719555,2026-09-18T13:49:15,74487.25,74492.36,74487.25,74488.19
1789719570,2026-09-18T13:49:30,74488.39,74488.61,74483.33,74484.38
1789719585,2026-09-18T13:49:45,74489.06,74493.24,74484,74493.24
1789719600,2026-09-18T13:50:00,74494.58,74498.1,74492,74498.1
1789719615,2026-09-18T13:50:15,74498.36,74500.57,74491.08,74500.48
1789719630,2026-09-18T13:50:30,74500.18,74505.21,74496.52,74505.21
1789719645,2026-09-18T13:50:45,74505.38,74505.38,74500.68,74500.68
1789719660,2026-09-18T13:51:00,74504.11,74508.17,74501.73,74508.17
1789719675,2026-09-18T13:51:15,74502.04,74532,74502.04,74532
1789719690,2026-09-18T13:51:30,74528.71,74535.89,74528.71,74532.89
1789719705,2026-09-18T13:51:45,74537.61,74538.45,74529.14,74532.37
1789719720,2026-09-18T13:52:00,74532.15,74544.57,74532.15,74544.57
1789719735,2026-09-18T13:52:15,74543.48,74546.22,74540.33,74542.85
1789719750,2026-09-18T13:52:30,74539.43,74543.29,74537.97,74541.19
1789719765,2026-09-18T13:52:45,74541.19,74542.8,74534.44,74537.57
1789719780,2026-09-18T13:53:00,74537.57,74545.34,74533.44,74537.93
1789719795,2026-09-18T13:53:15,74536.79,74538.9,74533.02,74534.42
1789719810,2026-09-18T13:53:30,74534.42,74534.42,74525.23,74527.47
1789719825,2026-09-18T13:53:45,74527.82,74536.1,74527.73,74536.1
1789719840,2026-09-18T13:54:00,74536.1,74549.68,74533.93,74547.8
1789719855,2026-09-18T13:54:15,74550.01,74550.64,74541.19,74547.91
1789719870,2026-09-18T13:54:30,74547.91,74548.81,74539.2,74541.88
1789719885,2026-09-18T13:54:45,74541.88,74553.04,74541.88,74552.46
1789719900,2026-09-18T13:55:00,74547.23,74552.07,74545.66,74545.8
1789719915,2026-09-18T13:55:15,74551.12,74555.07,74547.06,74555.07
1789719930,2026-09-18T13:55:30,74555.17,74556.33,74548.83,74552.69
1789719945,2026-09-18T13:55:45,74548.48,74549.04,74545.07,74548.87
1789719960,2026-09-18T13:56:00,74549.62,74549.62,74538.79,74538.79
1789719975,2026-09-18T13:56:15,74538.79,74538.95,74536.24,74537.74
1789719990,2026-09-18T13:56:30,74538.97,74543.91,74538.97,74539.92
1789720005,2026-09-18T13:56:45,74539.92,74543.54,74539.92,74542.84
1789720020,2026-09-18T13:57:00,74542.25,74548.23,74542.25,74545.09
1789720035,2026-09-18T13:57:15,74546.1,74548.59,74545.55,74547.71
1789720050,2026-09-18T13:57:30,74549.5,74557.94,74548.53,74555.9
1789720065,2026-09-18T13:57:45,74552.85,74554.77,74544.57,74549.66
1789720080,2026-09-18T13:58:00,74552.28,74553.76,74546.34,74551.91
1789720095,2026-09-18T13:58:15,74552.29,74559.43,74552.29,74559.43
1789720110,2026-09-18T13:58:30,74559.9,74561.65,74553.66,74553.66
1789720125,2026-09-18T13:58:45,74553.92,74555.74,74547.91,74547.91
1789720140,2026-09-18T13:59:00,74547.81,74552.72,74547.81,74549.82
1789720155,2026-09-18T13:59:15,74545.82,74547.86,74540.1,74540.1
1789720170,2026-09-18T13:59:30,74542.68,74542.91,74539.12,74542.49
1789720185,2026-09-18T13:59:45,74541.06,74541.06,74537.04,74537.04
1789720200,2026-09-18T14:00:00,74534.36,74536.73,74531.45,74531.55
1789720215,2026-09-18T14:00:15,74532.64,74534.46,74530.98,74532.36
1789720230,2026-09-18T14:00:30,74532.36,74537.28,74531.72,74536.94
1789720245,2026-09-18T14:00:45,74537.93,74541.91,74537.29,74541.67
1789720260,2026-09-18T14:01:00,74542.83,74544.91,74536.83,74538.03
1789720275,2026-09-18T14:01:15,74536.8,74540.65,74533.94,74533.94
1789720290,2026-09-18T14:01:30,74535.87,74539.1,74533.94,74539.1
1789720305,2026-09-18T14:01:45,74539.4,74539.4,74524.62,74525.02
1789720320,2026-09-18T14:02:00,74524.64,74538.31,74524.64,74538.31
1789720335,2026-09-18T14:02:15,74538.31,74538.61,74535.75,74537.02
1789720350,2026-09-18T14:02:30,74532.13,74537.5,74530.05,74537.5
1789720365,2026-09-18T14:02:45,74537.5,74539,74534.23,74538.86
1789720380,2026-09-18T14:03:00,74537.82,74539.53,74534.79,74535.03
1789720395,2026-09-18T14:03:15,74535.73,74536.7,74532.99,74536.67
1789720410,2026-09-18T14:03:30,74537.96,74545.95,74537.41,74545.07
1789720425,2026-09-18T14:03:45,74545.07,74551,74545.07,74550.62
1789720440,2026-09-18T14:04:00,74550.68,74556.55,74549.07,74556.55
1789720455,2026-09-18T14:04:15,74556.55,74561.9,74555.33,74556.55
1789720470,2026-09-18T14:04:30,74556.7,74563.11,74556.58,74562.23
1789720485,2026-09-18T14:04:45,74561.23,74561.55,74559.69,74560.32
1789720500,2026-09-18T14:05:00,74560.77,74564.13,74560.77,74561.59
1789720515,2026-09-18T14:05:15,74562.8,74571.15,74562.53,74567.71
1789720530,2026-09-18T14:05:30,74571.96,74575.19,74569.81,74575.12
1789720545,2026-09-18T14:05:45,74573.12,74584.2,74570.66,74579.8
1789720560,2026-09-18T14:06:00,74576.74,74581.45,74570.31,74581.45
1789720575,2026-09-18T14:06:15,74579.28,74584.54,74577.44,74579.42
1789720590,2026-09-18T14:06:30,74579.73,74582.3,74577.37,74577.37
1789720605,2026-09-18T14:06:45,74578.02,74583.41,74572.13,74583.41
1789720620,2026-09-18T14:07:00,74582.57,74589.2,74581.66,74582.75
1789720635,2026-09-18T14:07:15,74586.61,74588.47,74583.83,74588.47
1789720650,2026-09-18T14:07:30,74588.47,74592.56,74587.91,74592.56
1789720665,2026-09-18T14:07:45,74592.56,74596.77,74589.76,74596.39
1789720680,2026-09-18T14:08:00,74596.39,74603.65,74594.1,74603.65
1789720695,2026-09-18T14:08:15,74603.72,74603.72,74598.66,74599.23
1789720710,2026-09-18T14:08:30,74598.73,74604.57,74594.94,74604.57
1789720725,2026-09-18T14:08:45,74604.61,74604.61,74592.13,74593.7
1789720740,2026-09-18T14:09:00,74595.92,74600.66,74594.36,74600.66
1789720755,2026-09-18T14:09:15,74596.45,74619.54,74596.42,74605.79
1789720770,2026-09-18T14:09:30,74607.82,74621.09,74607.3,74617.68
1789720785,2026-09-18T14:09:45,74619.22,74626.2,74619.14,74623.76
1789720800,2026-09-18T14:10:00,74624.67,74631.64,74624.67,74631.64
1789720815,2026-09-18T14:10:15,74630.4,74636.32,74628.97,74632.83
1789720830,2026-09-18T14:10:30,74632.64,74637.13,74630,74630
1789720845,2026-09-18T14:10:45,74627.65,74627.65,74624.29,74625.67
1789720860,2026-09-18T14:11:00,74625.11,74637.42,74625.11,74636.8
1789720875,2026-09-18T14:11:15,74636.8,74640.15,74634.96,74636.21
1789720890,2026-09-18T14:11:30,74631.07,74638.81,74631.07,74636.98
1789720905,2026-09-18T14:11:45,74636.33,74641.01,74632.1,74641.01
1789720920,2026-09-18T14:12:00,74641.01,74647.25,74635.78,74647.25
1789720935,2026-09-18T14:12:15,74643.91,74648.34,74635.87,74638.27
1789720950,2026-09-18T14:12:30,74636.75,74639.97,74631.16,74632.25
1789720965,2026-09-18T14:12:45,74633.28,74635.91,74628.71,74635.91
1789720980,2026-09-18T14:13:00,74634.01,74634.25,74613.94,74614.64
1789720995,2026-09-18T14:13:15,74611.88,74618.07,74607.94,74607.94
1789721010,2026-09-18T14:13:30,74607.03,74609.27,74598.94,74600.29
1789721025,2026-09-18T14:13:45,74600.29,74607.43,74600.29,74607.43
1789721040,2026-09-18T14:14:00,74607.09,74613.71,74607.09,74613.71
1789721055,2026-09-18T14:14:15,74612.45,74617.61,74611.13,74614.27
1789721070,2026-09-18T14:14:30,74612.06,74616.34,74608.4,74609.85
1789721085,2026-09-18T14:14:45,74607.41,74611,74601.97,74606.31
1789721100,2026-09-18T14:15:00,74608.01,74608.01,74601.26,74602.15
1789721115,2026-09-18T14:15:15,74602.1,74614.57,74602.1,74614.03
1789721130,2026-09-18T14:15:30,74614.27,74617.37,74613.29,74614.38
1789721145,2026-09-18T14:15:45,74617.89,74623.02,74616.7,74621.56
1789721160,2026-09-18T14:16:00,74622.85,74622.85,74615.49,74619.03
1789721175,2026-09-18T14:16:15,74618.99,74619.64,74612.94,74616.08
1789721190,2026-09-18T14:16:30,74623.03,74629.84,74619.86,74629.84
1789721205,2026-09-18T14:16:45,74630.04,74632.35,74622.21,74624.52
1789721220,2026-09-18T14:17:00,74623.67,74633.39,74622.78,74628.4
1789721235,2026-09-18T14:17:15,74628.4,74633.48,74621.2,74621.2
1789721250,2026-09-18T14:17:30,74621.2,74631.46,74621.2,74631.46
1789721265,2026-09-18T14:17:45,74626.34,74632,74626.34,74628.41
1789721280,2026-09-18T14:18:00,74629.28,74634.83,74624.79,74633.2
1789721295,2026-09-18T14:18:15,74633.57,74633.57,74624.38,74625.81
1789721310,2026-09-18T14:18:30,74625.81,74625.81,74610.78,74610.78
1789721325,2026-09-18T14:18:45,74616.92,74619.6,74607.25,74619.6
1789721340,2026-09-18T14:19:00,74617.2,74619.86,74614.64,74614.79
1789721355,2026-09-18T14:19:15,74614.62,74626.14,74614.62,74619.69
1789721370,2026-09-18T14:19:30,74619.08,74621.93,74611.11,74621.93
1789721385,2026-09-18T14:19:45,74622.28,74624.29,74620.45,74624.29
1789721400,2026-09-18T14:20:00,74625.58,74630.31,74623.81,74625.49
1789721415,2026-09-18T14:20:15,74622.59,74633.65,74622.31,74633.05
1789721430,2026-09-18T14:20:30,74633.05,74634.75,74626.52,74627.7
1789721445,2026-09-18T14:20:45,74628.45,74632.52,74624.54,74632.18
1789721460,2026-09-18T14:21:00,74631.89,74631.89,74628.15,74630.29
1789721475,2026-09-18T14:21:15,74630.29,74639.34,74630.17,74630.17
1789721490,2026-09-18T14:21:30,74630.45,74635.33,74628.08,74634.23
1789721505,2026-09-18T14:21:45,74632.94,74635.93,74631.22,74635.93
1789721520,2026-09-18T14:22:00,74635.21,74637.16,74632.79,74635.96
1789721535,2026-09-18T14:22:15,74635.96,74639.87,74635.96,74638.63
1789721550,2026-09-18T14:22:30,74638.63,74644.09,74636.56,74640.63
1789721565,2026-09-18T14:22:45,74638.43,74646.69,74633.75,74646.69
1789721580,2026-09-18T14:23:00,74644.82,74645.57,74639.63,74644.68
1789721595,2026-09-18T14:23:15,74640.95,74650.06,74640.95,74650.06
1789721610,2026-09-18T14:23:30,74648.64,74648.64,74638.96,74638.96
1789721625,2026-09-18T14:23:45,74639.57,74641.63,74635.53,74637
1789721640,2026-09-18T14:24:00,74637.39,74637.91,74630.56,74634.3
1789721655,2026-09-18T14:24:15,74634.43,74635.67,74631.83,74631.83
1789721670,2026-09-18T14:24:30,74632.01,74634.16,74624.74,74628.35
1789721685,2026-09-18T14:24:45,74629,74630.26,74619.83,74621.53
1789721700,2026-09-18T14:25:00,74620.98,74623.41,74619.65,74621.86
1789721715,2026-09-18T14:25:15,74619.61,74625.53,74618.29,74621.5
1789721730,2026-09-18T14:25:30,74621,74624.24,74620.61,74624.01
1789721745,2026-09-18T14:25:45,74624.87,74626.78,74617.72,74617.72
1789721760,2026-09-18T14:26:00,74621.53,74621.53,74617.33,74620.37
1789721775,2026-09-18T14:26:15,74616.72,74626.37,74613.14,74625.91
1789721790,2026-09-18T14:26:30,74624.67,74626.44,74622.47,74625.02
1789721805,2026-09-18T14:26:45,74620.6,74620.6,74616.68,74616.68
1789721820,2026-09-18T14:27:00,74617.24,74625.86,74617.24,74623.36
1789721835,2026-09-18T14:27:15,74622.74,74624.65,74622.74,74623.77
1789721850,2026-09-18T14:27:30,74626.34,74634.66,74626.34,74628.37
1789721865,2026-09-18T14:27:45,74628.59,74638.12,74628.59,74633.29
1789721880,2026-09-18T14:28:00,74633.12,74637.59,74633.12,74637.55
1789721895,2026-09-18T14:28:15,74637.89,74638.6,74634.06,74635.13
1789721910,2026-09-18T14:28:30,74633.7,74640.16,74630.2,74635.56
1789721925,2026-09-18T14:28:45,74634.85,74646.44,74634.25,74646.44
1789721940,2026-09-18T14:29:00,74644.74,74653.54,74644.74,74653.54
1789721955,2026-09-18T14:29:15,74653.58,74660.08,74653.58,74658.55
1789721970,2026-09-18T14:29:30,74659.03,74661,74655.88,74657.49
1789721985,2026-09-18T14:29:45,74658.78,74662.17,74653.8,74662.17
1789722000,2026-09-18T14:30:00,74661.95,74674.28,74661.95,74672.79
1789722015,2026-09-18T14:30:15,74673.04,74673.04,74664.89,74669.79
1789722030,2026-09-18T14:30:30,74666.39,74666.39,74660.62,74662.02
1789722045,2026-09-18T14:30:45,74663.56,74671.73,74663.56,74671.63
1789722060,2026-09-18T14:31:00,74670.26,74672.43,74665.99,74665.99
1789722075,2026-09-18T14:31:15,74666.74,74674.43,74665.54,74674.32
1789722090,2026-09-18T14:31:30,74670.94,74670.94,74665.39,74667.51
1789722105,2026-09-18T14:31:45,74667.09,74667.88,74661.41,74664.62
1789722120,2026-09-18T14:32:00,74663.43,74669.48,74659.11,74668.31
1789722135,2026-09-18T14:32:15,74668.08,74672.68,74667.77,74671.04
1789722150,2026-09-18T14:32:30,74673.33,74678.24,74672.45,74678.24
1789722165,2026-09-18T14:32:45,74678.24,74683.01,74674.06,74674.06
1789722180,2026-09-18T14:33:00,74673.99,74685.89,74673.99,74685.17
1789722195,2026-09-18T14:33:15,74685.44,74690.64,74682.61,74687.69
1789722210,2026-09-18T14:33:30,74691.75,74692.18,74683.31,74691.06
1789722225,2026-09-18T14:33:45,74691.7,74691.7,74678.77,74678.77
1789722240,2026-09-18T14:34:00,74678.43,74683.58,74678.43,74681.25
1789722255,2026-09-18T14:34:15,74680.47,74686.79,74680.47,74686.79
1789722270,2026-09-18T14:34:30,74686.79,74688.29,74685.01,74685.01
1789722285,2026-09-18T14:34:45,74682.2,74686.96,74682.2,74685.68
1789722300,2026-09-18T14:35:00,74683.21,74683.85,74673.69,74682.26
1789722315,2026-09-18T14:35:15,74681.81,74681.81,74675.68,74678.33
1789722330,2026-09-18T14:35:30,74678.33,74685.23,74678.33,74683.18
1789722345,2026-09-18T14:35:45,74679.33,74684.43,74679.33,74684.43
1789722360,2026-09-18T14:36:00,74684.1,74686.41,74674.16,74676.47
1789722375,2026-09-18T14:36:15,74676.92,74681.99,74668.01,74668.93
1789722390,2026-09-18T14:36:30,74669.74,74673.5,74665.87,74673.2
1789722405,2026-09-18T14:36:45,74675.57,74675.57,74667.59,74672.37
1789722420,2026-09-18T14:37:00,74674.16,74677.26,74668.14,74668.14
1789722435,2026-09-18T14:37:15,74667.46,74672.95,74665.81,74666.86
1789722450,2026-09-18T14:37:30,74667.85,74667.85,74662.83,74665.15
1789722465,2026-09-18T14:37:45,74665.15,74678.05,74665.15,74678.05
1789722480,2026-09-18T14:38:00,74678.05,74678.05,74662.16,74664.27
1789722495,2026-09-18T14:38:15,74663.71,74669.65,74662.39,74669.17
1789722510,2026-09-18T14:38:30,74669.17,74673.06,74662.86,74670.35
1789722525,2026-09-18T14:38:45,74673.08,74673.3,74663.58,74663.58
1789722540,2026-09-18T14:39:00,74664.25,74669.72,74662.09,74669.72
1789722555,2026-09-18T14:39:15,74669.72,74670.62,74665.25,74667.92
1789722570,2026-09-18T14:39:30,74668.69,74670.27,74663.54,74667.23
1789722585,2026-09-18T14:39:45,74670.97,74670.97,74664.68,74664.68
1789722600,2026-09-18T14:40:00,74665.79,74665.79,74661.33,74661.84
1789722615,2026-09-18T14:40:15,74661.73,74662.05,74657.48,74660.13
1789722630,2026-09-18T14:40:30,74658.94,74659.71,74654.17,74658.32
1789722645,2026-09-18T14:40:45,74658.32,74659.38,74655.66,74658.19
1789722660,2026-09-18T14:41:00,74657.27,74665.85,74655.14,74661.59
1789722675,2026-09-18T14:41:15,74660.65,74667.21,74659.23,74661.98
1789722690,2026-09-18T14:41:30,74660.87,74667.18,74656.99,74656.99
1789722705,2026-09-18T14:41:45,74661.86,74661.86,74652.13,74657.97
1789722720,2026-09-18T14:42:00,74652.17,74658.09,74649.27,74655.2
1789722735,2026-09-18T14:42:15,74655.37,74655.37,74646.71,74646.71
1789722750,2026-09-18T14:42:30,74647.62,74652.05,74646.36,74650.27
1789722765,2026-09-18T14:42:45,74650.07,74650.07,74645.39,74646.1
1789722780,2026-09-18T14:43:00,74645.01,74646.51,74640.31,74644.98
1789722795,2026-09-18T14:43:15,74644.39,74646.54,74638.73,74642.68
1789722810,2026-09-18T14:43:30,74642.13,74647.27,74639.91,74640.31
1789722825,2026-09-18T14:43:45,74640.31,74644.19,74636.9,74636.9
1789722840,2026-09-18T14:44:00,74636.28,74637.61,74630.34,74637.56
1789722855,2026-09-18T14:44:15,74638.17,74638.17,74630.87,74630.87
1789722870,2026-09-18T14:44:30,74629.74,74635.87,74627.6,74633.95
1789722885,2026-09-18T14:44:45,74629.44,74629.71,74625.45,74626.13
1789722900,2026-09-18T14:45:00,74622.2,74622.2,74614.46,74621.43
1789722915,2026-09-18T14:45:15,74622.11,74624.49,74614.26,74616.32
1789722930,2026-09-18T14:45:30,74613.74,74630.21,74613.71,74630.21
1789722945,2026-09-18T14:45:45,74630.21,74633.7,74625.08,74631.26
1789722960,2026-09-18T14:46:00,74631.62,74636.53,74627.37,74636.53
1789722975,2026-09-18T14:46:15,74637.04,74641.36,74632.31,74634.29
1789722990,2026-09-18T14:46:30,74634.29,74642.21,74634.29,74635.05
1789723005,2026-09-18T14:46:45,74639.02,74647.51,74639.02,74641.13
1789723020,2026-09-18T14:47:00,74641.58,74645.67,74633.44,74639.84
1789723035,2026-09-18T14:47:15,74639.84,74649.14,74639.78,74649.14
1789723050,2026-09-18T14:47:30,74646.65,74650.22,74645.89,74648.34
1789723065,2026-09-18T14:47:45,74650.86,74651.94,74647.98,74651.94
1789723080,2026-09-18T14:48:00,74651.24,74653.24,74647.09,74648.42
1789723095,2026-09-18T14:48:15,74648.12,74649.84,74646.35,74649.84
1789723110,2026-09-18T14:48:30,74650.89,74656.48,74647.63,74656.23
1789723125,2026-09-18T14:48:45,74654.34,74659.17,74650.32,74651
1789723140,2026-09-18T14:49:00,74653.85,74659.44,74653.85,74654.11
1789723155,2026-09-18T14:49:15,74653.82,74659.62,74653.82,74656.86
1789723170,2026-09-18T14:49:30,74655.33,74656.32,74649.97,74656.32
1789723185,2026-09-18T14:49:45,74656.99,74656.99,74648.91,74655.55
1789723200,2026-09-18T14:50:00,74654.26,74666.37,74654.26,74664.08
1789723215,2026-09-18T14:50:15,74664.5,74676.93,74664.04,74676.28
1789723230,2026-09-18T14:50:30,74676.28,74677.26,74673.49,74677.26
1789723245,2026-09-18T14:50:45,74678.22,74678.22,74668.23,74668.64
1789723260,2026-09-18T14:51:00,74670.01,74677.45,74668.64,74675.16
1789723275,2026-09-18T14:51:15,74675.87,74681.73,74669.02,74674.84
1789723290,2026-09-18T14:51:30,74679.37,74684.75,74672.83,74684.75
1789723305,2026-09-18T14:51:45,74684.75,74684.75,74671.18,74678.5
1789723320,2026-09-18T14:52:00,74679.19,74681.99,74676.04,74679.97
1789723335,2026-09-18T14:52:15,74680.41,74685.48,74678.18,74679.7
1789723350,2026-09-18T14:52:30,74683.39,74695.1,74683.39,74695.1
1789723365,2026-09-18T14:52:45,74695.49,74704.44,74689.74,74697.27
1789723380,2026-09-18T14:53:00,74700.67,74717.74,74699.83,74717.74
1789723395,2026-09-18T14:53:15,74717.14,74717.14,74705.3,74705.3
1789723410,2026-09-18T14:53:30,74705.82,74714.57,74705.5,74714.09
1789723425,2026-09-18T14:53:45,74714.08,74714.19,74708.7,74709.03
1789723440,2026-09-18T14:54:00,74705.18,74716.02,74705.18,74714.25
1789723455,2026-09-18T14:54:15,74715.08,74717.87,74711.89,74715.55
1789723470,2026-09-18T14:54:30,74715.47,74717.29,74707.89,74707.89
1789723485,2026-09-18T14:54:45,74708.58,74714.93,74708.04,74712.63
1789723500,2026-09-18T14:55:00,74714.39,74717.19,74711.11,74711.11
1789723515,2026-09-18T14:55:15,74713.94,74716.65,74707.95,74709.41
1789723530,2026-09-18T14:55:30,74715.94,74715.94,74709.62,74715.45
1789723545,2026-09-18T14:55:45,74718.15,74718.15,74709.69,74711.96
1789723560,2026-09-18T14:56:00,74711.45,74715.64,74710.61,74715.06
1789723575,2026-09-18T14:56:15,74713.19,74718.5,74708.26,74708.6
1789723590,2026-09-18T14:56:30,74711.65,74711.65,74705.48,74709.26
1789723605,2026-09-18T14:56:45,74713.54,74719.57,74710.85,74719.57
1789723620,2026-09-18T14:57:00,74717.78,74717.78,74703.35,74703.35
1789723635,2026-09-18T14:57:15,74703.91,74707.32,74698.21,74698.67
1789723650,2026-09-18T14:57:30,74698.38,74702.51,74698.38,74698.89
1789723665,2026-09-18T14:57:45,74698.89,74702.26,74696.27,74700.97
1789723680,2026-09-18T14:58:00,74702.96,74703.58,74700.71,74702.43
1789723695,2026-09-18T14:58:15,74701.73,74701.73,74695.18,74701.05
1789723710,2026-09-18T14:58:30,74703.75,74708.08,74701.66,74708.08
1789723725,2026-09-18T14:58:45,74710.16,74723.92,74710.16,74723.92
1789723740,2026-09-18T14:59:00,74723.98,74726.01,74717.81,74724.9
1789723755,2026-09-18T14:59:15,74727.52,74727.52,74722.05,74722.05
1789723770,2026-09-18T14:59:30,74720.45,74723.09,74719.35,74720.18
1789723785,2026-09-18T14:59:45,74719.06,74719.58,74708.89,74708.89
1789723800,2026-09-18T15:00:00,74702.24,74702.24,74693.86,74695.41
1789723815,2026-09-18T15:00:15,74693.43,74694.93,74683.09,74686.53
1789723830,2026-09-18T15:00:30,74670.5,74691.4,74670.2,74690.31
1789723845,2026-09-18T15:00:45,74691.83,74694.17,74678.28,74679.78
1789723860,2026-09-18T15:01:00,74659.97,74671.29,74659.97,74665.44
1789723875,2026-09-18T15:01:15,74662.78,74667.73,74655.75,74655.75
1789723890,2026-09-18T15:01:30,74652.78,74657.2,74649.61,74656.71
1789723905,2026-09-18T15:01:45,74654.82,74664.01,74653.4,74655.04
1789723920,2026-09-18T15:02:00,74644.67,74647.5,74642.66,74647.21
1789723935,2026-09-18T15:02:15,74650.91,74656.12,74646.41,74646.41
1789723950,2026-09-18T15:02:30,74635.89,74638.37,74632.57,74634.49
1789723965,2026-09-18T15:02:45,74633.35,74634.48,74630.9,74632.59
1789723980,2026-09-18T15:03:00,74626.66,74639.61,74626.66,74639.61
1789723995,2026-09-18T15:03:15,74641.14,74644.21,74636.48,74644.21
1789724010,2026-09-18T15:03:30,74626.67,74646.46,74626.67,74642.31
1789724025,2026-09-18T15:03:45,74645.42,74645.87,74627.62,74630.72
1789724040,2026-09-18T15:04:00,74624.48,74633.77,74624.26,74633.31
1789724055,2026-09-18T15:04:15,74635.69,74637.48,74628.72,74635.21
1789724070,2026-09-18T15:04:30,74624.29,74627.24,74612.86,74615.64
1789724085,2026-09-18T15:04:45,74617.63,74625.29,74617.63,74624.45
1789724100,2026-09-18T15:05:00,74609.26,74613.25,74602.41,74602.41
1789724115,2026-09-18T15:05:15,74605.38,74607.21,74598.71,74602.05
1789724130,2026-09-18T15:05:30,74593.32,74610.53,74593.32,74610.53
1789724145,2026-09-18T15:05:45,74613.04,74613.34,74606.32,74607.19
1789724160,2026-09-18T15:06:00,74598.71,74618.01,74598.71,74612.12
1789724175,2026-09-18T15:06:15,74616.33,74624.82,74607.97,74619.68
1789724190,2026-09-18T15:06:30,74610.88,74629.4,74610.88,74614.86
1789724205,2026-09-18T15:06:45,74619.54,74625.64,74614.67,74618.46
1789724220,2026-09-18T15:07:00,74596.39,74605.78,74592.62,74600.95
1789724235,2026-09-18T15:07:15,74610.04,74610.04,74598.85,74601.13
1789724250,2026-09-18T15:07:30,74587.87,74605.7,74587.87,74596.06
1789724265,2026-09-18T15:07:45,74591.01,74601.71,74591.01,74599.57
1789724280,2026-09-18T15:08:00,74581.75,74584.16,74575.89,74580.5
1789724295,2026-09-18T15:08:15,74584.82,74593.78,74583.49,74589.53
1789724310,2026-09-18T15:08:30,74574.49,74585.69,74574.49,74581.99
1789724325,2026-09-18T15:08:45,74584.7,74584.7,74569.13,74576.3
1789724340,2026-09-18T15:09:00,74569.61,74575.06,74566.3,74569.14
1789724355,2026-09-18T15:09:15,74570.73,74586.36,74570.73,74571.76
1789724370,2026-09-18T15:09:30,74565.55,74579.18,74565.55,74572.52
1789724385,2026-09-18T15:09:45,74579.78,74586.48,74572.33,74586.48
1789724400,2026-09-18T15:10:00,74568.19,74586.67,74568.19,74586.24
1789724415,2026-09-18T15:10:15,74593.88,74596.15,74577.38,74578.83
1789724430,2026-09-18T15:10:30,74577.08,74588.44,74575.08,74577.66
1789724445,2026-09-18T15:10:45,74583.17,74583.17,74567.88,74576.4
1789724460,2026-09-18T15:11:00,74571.42,74587.74,74571.42,74585.95
1789724475,2026-09-18T15:11:15,74574.84,74579.61,74574.48,74579.61
1789724490,2026-09-18T15:11:30,74572.91,74585.45,74570,74584.8
1789724505,2026-09-18T15:11:45,74589.35,74598.63,74589.35,74598.63
1789724520,2026-09-18T15:12:00,74582.36,74585.45,74581.03,74584.24
1789724535,2026-09-18T15:12:15,74584.89,74589.56,74581.67,74585.13
1789724550,2026-09-18T15:12:30,74574.5,74582.44,74553.35,74557.08
1789724565,2026-09-18T15:12:45,74557.44,74570.19,74553.06,74567.41
1789724580,2026-09-18T15:13:00,74558.67,74573.46,74557.33,74563.08
1789724595,2026-09-18T15:13:15,74561.78,74579.55,74558.74,74579.55
1789724610,2026-09-18T15:13:30,74587.3,74590.48,74565.73,74573.83
1789724625,2026-09-18T15:13:45,74577.82,74588.13,74577.82,74582.52
1789724640,2026-09-18T15:14:00,74565.8,74590.73,74565.8,74589
1789724655,2026-09-18T15:14:15,74585.94,74603.29,74585.94,74603.29
1789724670,2026-09-18T15:14:30,74602.47,74602.47,74558.8,74568.81
1789724685,2026-09-18T15:14:45,74574.79,74575.05,74524.7,74562
1789724700,2026-09-18T15:15:00,74559.97,74559.97,74559.97,74559.97
1789724715,2026-09-18T15:15:15,74559.97,74559.97,74559.97,74559.97
1789724730,2026-09-18T15:15:30,74559.97,74559.97,74559.97,74559.97
1789724745,2026-09-18T15:15:45,74559.97,74559.97,74559.97,74559.97
1789724760,2026-09-18T15:16:00,74559.97,74559.97,74559.97,74559.97
1789724775,2026-09-18T15:16:15,74559.97,74559.97,74559.97,74559.97
1789724790,2026-09-18T15:16:30,74559.97,74559.97,74559.97,74559.97
1789724805,2026-09-18T15:16:45,74559.97,74559.97,74559.97,74559.97
1789724820,2026-09-18T15:17:00,74559.97,74559.97,74559.97,74559.97
1789724835,2026-09-18T15:17:15,74559.97,74559.97,74559.97,74559.97
1789724850,2026-09-18T15:17:30,74559.97,74559.97,74559.97,74559.97
1789724865,2026-09-18T15:17:45,74559.97,74559.97,74559.97,74559.97
1789724880,2026-09-18T15:18:00,74559.97,74559.97,74559.97,74559.97
1789724895,2026-09-18T15:18:15,74559.97,74559.97,74559.97,74559.97
1789724910,2026-09-18T15:18:30,74559.97,74559.97,74559.97,74559.97
1789724925,2026-09-18T15:18:45,74559.97,74559.97,74559.97,74559.97
1789724940,2026-09-18T15:19:00,74559.97,74559.97,74559.97,74559.97
1789724955,2026-09-18T15:19:15,74559.97,74559.97,74559.97,74559.97
1789724970,2026-09-18T15:19:30,74559.97,74559.97,74559.97,74559.97
1789724985,2026-09-18T15:19:45,74559.97,74559.97,74559.97,74559.97
1789725000,2026-09-18T15:20:00,74559.97,74559.97,74559.97,74559.97
1789725015,2026-09-18T15:20:15,74559.97,74559.97,74559.97,74559.97
1789725030,2026-09-18T15:20:30,74559.97,74559.97,74559.97,74559.97
1789725045,2026-09-18T15:20:45,74559.97,74559.97,74559.97,74559.97
1789725060,2026-09-18T15:21:00,74559.97,74559.97,74559.97,74559.97
1789725075,2026-09-18T15:21:15,74559.97,74559.97,74559.97,74559.97
1789725090,2026-09-18T15:21:30,74559.97,74559.97,74559.97,74559.97
1789725105,2026-09-18T15:21:45,74559.97,74559.97,74559.97,74559.97
1789725120,2026-09-18T15:22:00,74559.97,74559.97,74559.97,74559.97
1789725135,2026-09-18T15:22:15,74559.97,74559.97,74559.97,74559.97
1789725150,2026-09-18T15:22:30,74559.97,74559.97,74559.97,74559.97
1789725165,2026-09-18T15:22:45,74559.97,74559.97,74559.97,74559.97
1789725180,2026-09-18T15:23:00,74559.97,74559.97,74559.97,74559.97
1789725195,2026-09-18T15:23:15,74559.97,74559.97,74559.97,74559.97
1789725210,2026-09-18T15:23:30,74559.97,74559.97,74559.97,74559.97
1789725225,2026-09-18T15:23:45,74559.97,74559.97,74559.97,74559.97
1789725240,2026-09-18T15:24:00,74559.97,74559.97,74559.97,74559.97
1789725255,2026-09-18T15:24:15,74559.97,74559.97,74559.97,74559.97
1789725270,2026-09-18T15:24:30,74559.97,74559.97,74559.97,74559.97
1789725285,2026-09-18T15:24:45,74559.97,74559.97,74559.97,74559.97
1789725300,2026-09-18T15:25:00,74559.97,74559.97,74559.97,74559.97
1789725315,2026-09-18T15:25:15,74559.97,74559.97,74559.97,74559.97
1789725330,2026-09-18T15:25:30,74559.97,74559.97,74559.97,74559.97
1789725345,2026-09-18T15:25:45,74559.97,74559.97,74559.97,74559.97
1789725360,2026-09-18T15:26:00,74559.97,74559.97,74559.97,74559.97
1789725375,2026-09-18T15:26:15,74559.97,74559.97,74559.97,74559.97
1789725390,2026-09-18T15:26:30,74559.97,74559.97,74559.97,74559.97
1789725405,2026-09-18T15:26:45,74559.97,74559.97,74559.97,74559.97
1789725420,2026-09-18T15:27:00,74559.97,74559.97,74559.97,74559.97
1789725435,2026-09-18T15:27:15,74559.97,74559.97,74559.97,74559.97
1789725450,2026-09-18T15:27:30,74559.97,74559.97,74559.97,74559.97
1789725465,2026-09-18T15:27:45,74559.97,74559.97,74559.97,74559.97
1789725480,2026-09-18T15:28:00,74559.97,74559.97,74559.97,74559.97
1789725495,2026-09-18T15:28:15,74559.97,74559.97,74559.97,74559.97
1789725510,2026-09-18T15:28:30,74559.97,74559.97,74559.97,74559.97
1789725525,2026-09-18T15:28:45,74559.97,74559.97,74559.97,74559.97
1789725540,2026-09-18T15:29:00,74559.97,74559.97,74559.97,74559.97
1789725555,2026-09-18T15:29:15,74559.97,74559.97,74559.97,74559.97
1789725570,2026-09-18T15:29:30,74559.97,74559.97,74559.97,74559.97
1789725585,2026-09-18T15:29:45,74559.97,74559.97,74294.96,74294.96
