Epoch,Timestamp,Open,High,Low,Close
1790048700,2026-09-22T09:15:00,74971.36,75034.16,74971.36,75018.88
1790048715,2026-09-22T09:15:15,75022.33,75022.33,74974.74,74975.12
1790048730,2026-09-22T09:15:30,74972.98,74980.87,74956.12,74980.87
1790048745,2026-09-22T09:15:45,74977.58,74978.35,74948.83,74957.84
1790048760,2026-09-22T09:16:00,74953.88,74971.89,74953.88,74962.57
1790048775,2026-09-22T09:16:15,74961.09,74962.45,74936.61,74953.67
1790048790,2026-09-22T09:16:30,74957.06,74962.1,74932.44,74940.67
1790048805,2026-09-22T09:16:45,74936.7,74937.64,74899.02,74907.33
1790048820,2026-09-22T09:17:00,74905.59,74905.59,74890.12,74893.66
1790048835,2026-09-22T09:17:15,74891.03,74892.05,74882.57,74887.62
1790048850,2026-09-22T09:17:30,74889.33,74900.74,74889.33,74895.68
1790048865,2026-09-22T09:17:45,74897.39,74916.06,74896.31,74908.26
1790048880,2026-09-22T09:18:00,74915.36,74933.21,74911.77,74933.21
1790048895,2026-09-22T09:18:15,74934.74,74936.18,74922.95,74928.39
1790048910,2026-09-22T09:18:30,74935.15,74939.85,74930.51,74930.51
1790048925,2026-09-22T09:18:45,74931.39,74952.52,74931.39,74942.12
1790048940,2026-09-22T09:19:00,74943.32,74945.14,74929.41,74942.16
1790048955,2026-09-22T09:19:15,74944.24,74947.66,74937.25,74937.25
1790048970,2026-09-22T09:19:30,74937.04,74937.92,74922.8,74925.31
1790048985,2026-09-22T09:19:45,74918.01,74923.91,74915.51,74923.91
1790049000,2026-09-22T09:20:00,74918.81,74931.79,74917.45,74920.94
1790049015,2026-09-22T09:20:15,74918.75,74938.52,74918.75,74934.43
1790049030,2026-09-22T09:20:30,74935.02,74935.02,74895.05,74907.79
1790049045,2026-09-22T09:20:45,74899.5,74910.91,74899.5,74899.89
1790049060,2026-09-22T09:21:00,74894.13,74907.32,74894.13,74900.71
1790049075,2026-09-22T09:21:15,74899.98,74907.47,74899.42,74905.05
1790049090,2026-09-22T09:21:30,74905.68,74919.92,74905.2,74915.7
1790049105,2026-09-22T09:21:45,74918.29,74927.58,74912.21,74926.81
1790049120,2026-09-22T09:22:00,74928.85,74940.32,74924.45,74936.65
1790049135,2026-09-22T09:22:15,74937.66,74939.5,74931.19,74931.19
1790049150,2026-09-22T09:22:30,74932.93,74946.79,74932.93,74942.21
1790049165,2026-09-22T09:22:45,74940.59,74943.61,74920.78,74924.64
1790049180,2026-09-22T09:23:00,74925.96,74925.96,74912.59,74912.59
1790049195,2026-09-22T09:23:15,74915.28,74923.69,74908.85,74923.69
1790049210,2026-09-22T09:23:30,74924.59,74928.52,74919,74919
1790049225,2026-09-22T09:23:45,74917,74931.72,74917,74931.68
1790049240,2026-09-22T09:24:00,74933.2,74949.68,74930,74947.48
1790049255,2026-09-22T09:24:15,74948.63,74952.44,74941.42,74947.26
1790049270,2026-09-22T09:24:30,74951.26,74951.26,74944.67,74944.67
1790049285,2026-09-22T09:24:45,74943.69,74949.79,74932.49,74937.5
1790049300,2026-09-22T09:25:00,74933.34,74933.34,74920.04,74928.34
1790049315,2026-09-22T09:25:15,74924.75,74925.95,74915.2,74915.39
1790049330,2026-09-22T09:25:30,74914.03,74916.64,74907.09,74908.95
1790049345,2026-09-22T09:25:45,74908.52,74916.39,74904.9,74907.88
1790049360,2026-09-22T09:26:00,74913.21,74913.21,74894.39,74894.39
1790049375,2026-09-22T09:26:15,74895.96,74904.65,74887.64,74895.17
1790049390,2026-09-22T09:26:30,74896.29,74896.29,74880.69,74880.69
1790049405,2026-09-22T09:26:45,74886.38,74892.27,74877.41,74879.19
1790049420,2026-09-22T09:27:00,74880.5,74880.6,74868.09,74868.09
1790049435,2026-09-22T09:27:15,74875.68,74875.68,74867.67,74871.75
1790049450,2026-09-22T09:27:30,74868.54,74870.33,74853.04,74864.77
1790049465,2026-09-22T09:27:45,74872.53,74875.88,74865.74,74874.37
1790049480,2026-09-22T09:28:00,74877.26,74888.07,74877.26,74880.27
1790049495,2026-09-22T09:28:15,74880.98,74896.09,74880.98,74888.38
1790049510,2026-09-22T09:28:30,74891.83,74905.32,74891.83,74901.04
1790049525,2026-09-22T09:28:45,74900.11,74900.11,74891.66,74896.92
1790049540,2026-09-22T09:29:00,74890.84,74902.67,74890.84,74899.7
1790049555,2026-09-22T09:29:15,74902.39,74903.74,74896.18,74903.74
1790049570,2026-09-22T09:29:30,74908.81,74918.35,74904.65,74904.65
1790049585,2026-09-22T09:29:45,74914.5,74932.92,74909.97,74930.19
1790049600,2026-09-22T09:30:00,74926.92,74941.94,74926.92,74939.88
1790049615,2026-09-22T09:30:15,74939.7,74956.04,74939.7,74946.29
1790049630,2026-09-22T09:30:30,74949.31,74949.31,74933.76,74940.14
1790049645,2026-09-22T09:30:45,74938.98,74943.91,74933.79,74941.2
1790049660,2026-09-22T09:31:00,74943.53,74946.43,74930.24,74930.24
1790049675,2026-09-22T09:31:15,74932.13,74936.67,74929.08,74936.67
1790049690,2026-09-22T09:31:30,74940.28,74944.78,74935.01,74944.78
1790049705,2026-09-22T09:31:45,74944.74,74960.11,74944.74,74953.86
1790049720,2026-09-22T09:32:00,74958.83,74958.83,74950.38,74950.38
1790049735,2026-09-22T09:32:15,74947.52,74951.98,74935.98,74935.98
1790049750,2026-09-22T09:32:30,74931.6,74936.53,74920.1,74927.05
1790049765,2026-09-22T09:32:45,74925.06,74925.2,74918.75,74918.82
1790049780,2026-09-22T09:33:00,74919.1,74929.21,74919.1,74926.12
1790049795,2026-09-22T09:33:15,74929.85,74929.85,74917.51,74917.51
1790049810,2026-09-22T09:33:30,74919.05,74920.27,74907.4,74919.28
1790049825,2026-09-22T09:33:45,74921.21,74921.21,74905.53,74905.53
1790049840,2026-09-22T09:34:00,74905.99,74907.35,74897.96,74901.45
1790049855,2026-09-22T09:34:15,74907.54,74908.14,74901.26,74907.45
1790049870,2026-09-22T09:34:30,74906.01,74909.71,74902.08,74906.17
1790049885,2026-09-22T09:34:45,74907.41,74910.45,74901.25,74901.27
1790049900,2026-09-22T09:35:00,74898.7,74909.34,74896.26,74907.35
1790049915,2026-09-22T09:35:15,74907.43,74907.7,74898.5,74902.17
1790049930,2026-09-22T09:35:30,74898.98,74915.58,74898.98,74911.74
1790049945,2026-09-22T09:35:45,74911.85,74915.32,74902.23,74902.23
1790049960,2026-09-22T09:36:00,74899.72,74913.47,74899.72,74905.7
1790049975,2026-09-22T09:36:15,74907.3,74912.78,74905.62,74908.39
1790049990,2026-09-22T09:36:30,74906.28,74912.5,74900.39,74908.71
1790050005,2026-09-22T09:36:45,74910.69,74910.69,74901.76,74907.08
1790050020,2026-09-22T09:37:00,74910.26,74912.52,74904.15,74912.52
1790050035,2026-09-22T09:37:15,74913.02,74925.82,74909.89,74925.82
1790050050,2026-09-22T09:37:30,74921.84,74930.74,74918.4,74926.11
1790050065,2026-09-22T09:37:45,74929.75,74932.99,74925.92,74927.04
1790050080,2026-09-22T09:38:00,74926.53,74934.55,74925.93,74934.55
1790050095,2026-09-22T09:38:15,74935.64,74942.91,74935.03,74940.67
1790050110,2026-09-22T09:38:30,74941.28,74949.74,74938.08,74949.74
1790050125,2026-09-22T09:38:45,74950.1,74956.79,74944.89,74952.77
1790050140,2026-09-22T09:39:00,74944.97,74953.95,74944.53,74949.59
1790050155,2026-09-22T09:39:15,74954.09,74960.78,74949.07,74958.06
1790050170,2026-09-22T09:39:30,74961.76,74969.09,74960.15,74963.94
1790050185,2026-09-22T09:39:45,74966.81,74967.62,74961.56,74967.15
1790050200,2026-09-22T09:40:00,74965.56,74966.93,74946.82,74954.97
1790050215,2026-09-22T09:40:15,74954.83,74956.06,74936.09,74940.43
1790050230,2026-09-22T09:40:30,74948.36,74948.36,74933.3,74933.73
1790050245,2026-09-22T09:40:45,74938.74,74945.5,74932.58,74945.5
1790050260,2026-09-22T09:41:00,74945.09,74955.19,74941.11,74951.21
1790050275,2026-09-22T09:41:15,74949.66,74959.9,74949.66,74954.88
1790050290,2026-09-22T09:41:30,74954.07,74961.52,74948.79,74959.16
1790050305,2026-09-22T09:41:45,74959.94,74962.74,74949.35,74958.4
1790050320,2026-09-22T09:42:00,74954,74963.32,74954,74957.21
1790050335,2026-09-22T09:42:15,74960.26,74964.61,74949.89,74951.29
1790050350,2026-09-22T09:42:30,74955.79,74962.87,74952.69,74962.87
1790050365,2026-09-22T09:42:45,74965.58,74966.65,74958.21,74961.84
1790050380,2026-09-22T09:43:00,74968.23,74968.71,74963.49,74963.49
1790050395,2026-09-22T09:43:15,74962.5,74971.9,74961.97,74966.41
1790050410,2026-09-22T09:43:30,74966.82,74968.3,74958.84,74958.84
1790050425,2026-09-22T09:43:45,74960.53,74963.48,74956.51,74961.22
1790050440,2026-09-22T09:44:00,74960.41,74975.08,74959.96,74972.01
1790050455,2026-09-22T09:44:15,74967.58,74972.57,74962.15,74968.65
1790050470,2026-09-22T09:44:30,74966.66,74970.07,74959.35,74962.83
1790050485,2026-09-22T09:44:45,74964.97,74969.9,74963.08,74965.8
1790050500,2026-09-22T09:45:00,74966.02,74972.11,74960.37,74972.11
1790050515,2026-09-22T09:45:15,74972.46,74973.1,74965.89,74970.41
1790050530,2026-09-22T09:45:30,74971.62,74972.51,74965.14,74967.5
1790050545,2026-09-22T09:45:45,74967.5,74973.45,74962.4,74962.4
1790050560,2026-09-22T09:46:00,74961.82,74965.33,74961.21,74964.6
1790050575,2026-09-22T09:46:15,74964.72,74970.04,74964.72,74965.94
1790050590,2026-09-22T09:46:30,74967.7,74975.49,74963.99,74970.03
1790050605,2026-09-22T09:46:45,74969.16,74981.94,74965.45,74981.94
1790050620,2026-09-22T09:47:00,74981,74985.07,74975.06,74985.07
1790050635,2026-09-22T09:47:15,74985.07,74985.07,74973.89,74975.91
1790050650,2026-09-22T09:47:30,74973.89,74979.61,74966.4,74968.22
1790050665,2026-09-22T09:47:45,74969.08,74978.41,74969.08,74977.12
1790050680,2026-09-22T09:48:00,74979.83,74982.74,74976.27,74981.93
1790050695,2026-09-22T09:48:15,74978.88,74985.64,74974.17,74982.57
1790050710,2026-09-22T09:48:30,74982.23,74983.37,74977.4,74981.64
1790050725,2026-09-22T09:48:45,74980.2,74981.42,74974.47,74976.11
1790050740,2026-09-22T09:49:00,74973.08,74974.19,74963.41,74971.51
1790050755,2026-09-22T09:49:15,74968.29,74973.24,74960.63,74965.55
1790050770,2026-09-22T09:49:30,74958.44,74962.53,74953.82,74955.57
1790050785,2026-09-22T09:49:45,74953.73,74962.07,74953.73,74959.43
1790050800,2026-09-22T09:50:00,74956.93,74971.8,74956.93,74964.43
1790050815,2026-09-22T09:50:15,74966.66,74975.15,74956.63,74974.69
1790050830,2026-09-22T09:50:30,74970.07,74972.67,74962.8,74964.8
1790050845,2026-09-22T09:50:45,74967.14,74971.68,74963.63,74971.29
1790050860,2026-09-22T09:51:00,74972.68,74983.43,74972.68,74979.02
1790050875,2026-09-22T09:51:15,74976.64,74978.99,74970.81,74978.99
1790050890,2026-09-22T09:51:30,74979.41,74979.54,74970.47,74976.67
1790050905,2026-09-22T09:51:45,74976.63,74976.63,74963.63,74963.63
1790050920,2026-09-22T09:52:00,74963.03,74973.78,74960.86,74973.78
1790050935,2026-09-22T09:52:15,74976.72,74980.09,74968.06,74968.06
1790050950,2026-09-22T09:52:30,74965.49,74975.49,74965.49,74975.49
1790050965,2026-09-22T09:52:45,74975.06,74977.15,74968.7,74973.6
1790050980,2026-09-22T09:53:00,74972.49,74978.72,74972.49,74977.95
1790050995,2026-09-22T09:53:15,74986,74987.23,74966.69,74966.69
1790051010,2026-09-22T09:53:30,74970.19,74978.8,74970.19,74970.92
1790051025,2026-09-22T09:53:45,74970.92,74980.12,74970.92,74976.91
1790051040,2026-09-22T09:54:00,74975.59,74987.77,74972.61,74986.05
1790051055,2026-09-22T09:54:15,74988.8,74991.61,74983.51,74983.51
1790051070,2026-09-22T09:54:30,74986.01,74990.89,74981.65,74981.65
1790051085,2026-09-22T09:54:45,74980.43,74985.06,74972.49,74978.22
1790051100,2026-09-22T09:55:00,74978.82,74983.05,74975.84,74975.84
1790051115,2026-09-22T09:55:15,74976.32,74976.32,74970.91,74972.14
1790051130,2026-09-22T09:55:30,74968.18,74975.52,74965.65,74970.96
1790051145,2026-09-22T09:55:45,74971.94,74973.78,74967.62,74973.78
1790051160,2026-09-22T09:56:00,74974.84,74980.12,74972.19,74973.61
1790051175,2026-09-22T09:56:15,74972.51,74975.71,74968.74,74970.82
1790051190,2026-09-22T09:56:30,74969.51,74979.72,74968.17,74979.72
1790051205,2026-09-22T09:56:45,74978.32,74983.35,74970.76,74982.62
1790051220,2026-09-22T09:57:00,74979.71,74979.71,74972.02,74972.22
1790051235,2026-09-22T09:57:15,74970.18,74971.35,74965.18,74965.81
1790051250,2026-09-22T09:57:30,74960.65,74967.98,74960.57,74967.51
1790051265,2026-09-22T09:57:45,74965.07,74969,74962.9,74968.7
1790051280,2026-09-22T09:58:00,74969.52,74971.19,74965.33,74965.36
1790051295,2026-09-22T09:58:15,74966.6,74974.37,74965.47,74970.58
1790051310,2026-09-22T09:58:30,74969.76,74977.08,74969.16,74977.08
1790051325,2026-09-22T09:58:45,74973.93,74988.4,74973.93,74988.4
1790051340,2026-09-22T09:59:00,74988.74,74988.74,74980.21,74980.21
1790051355,2026-09-22T09:59:15,74978.18,74979.47,74969.46,74969.46
1790051370,2026-09-22T09:59:30,74969.11,74980.78,74967.62,74979.12
1790051385,2026-09-22T09:59:45,74979.99,74981,74976.03,74980.05
1790051400,2026-09-22T10:00:00,74985.11,74988.29,74980.66,74980.66
1790051415,2026-09-22T10:00:15,74981.46,74995.91,74981.46,74995.01
1790051430,2026-09-22T10:00:30,74995.65,74995.65,74989.79,74995.48
1790051445,2026-09-22T10:00:45,74997.37,74997.47,74988.6,74996.77
1790051460,2026-09-22T10:01:00,74998.58,75000.32,74994.41,74998.24
1790051475,2026-09-22T10:01:15,74997.12,75000.02,74993.58,74997.98
1790051490,2026-09-22T10:01:30,74997.98,75000.32,74985.99,74985.99
1790051505,2026-09-22T10:01:45,74988.96,74994.45,74985.78,74994.2
1790051520,2026-09-22T10:02:00,74992,74992.26,74984.33,74985.56
1790051535,2026-09-22T10:02:15,74984.11,74985.92,74974.76,74982.02
1790051550,2026-09-22T10:02:30,74982.13,74982.13,74969.04,74969.39
1790051565,2026-09-22T10:02:45,74974.4,74975.5,74967.51,74975.5
1790051580,2026-09-22T10:03:00,74975.5,74981.01,74974.54,74981.01
1790051595,2026-09-22T10:03:15,74981.94,74988.94,74980.29,74988.94
1790051610,2026-09-22T10:03:30,74983.05,74985.3,74979.06,74984.14
1790051625,2026-09-22T10:03:45,74988.36,74993.77,74979.83,74988.62
1790051640,2026-09-22T10:04:00,74987.3,74990.13,74985.97,74985.97
1790051655,2026-09-22T10:04:15,74985.97,74997.92,74985.97,74997.92
1790051670,2026-09-22T10:04:30,74999.18,75005.93,74998.77,74998.77
1790051685,2026-09-22T10:04:45,74994.95,74999.89,74989.57,74992.01
1790051700,2026-09-22T10:05:00,74995.24,75000.92,74990.93,74990.93
1790051715,2026-09-22T10:05:15,74989.88,75001.17,74989.88,74993.53
1790051730,2026-09-22T10:05:30,74996.74,75000.43,74992.81,74997.73
1790051745,2026-09-22T10:05:45,74998.94,74998.94,74991.32,74994.04
1790051760,2026-09-22T10:06:00,74992.18,74996.24,74988.24,74989.63
1790051775,2026-09-22T10:06:15,74989.56,74992.91,74985.37,74990.17
1790051790,2026-09-22T10:06:30,74991.19,74991.19,74980.73,74984.27
1790051805,2026-09-22T10:06:45,74982.93,74983.61,74973.96,74979.2
1790051820,2026-09-22T10:07:00,74977.68,74980.04,74965.05,74979.21
1790051835,2026-09-22T10:07:15,74980.39,74980.39,74970.06,74971.63
1790051850,2026-09-22T10:07:30,74969.74,74982.96,74969.14,74976.13
1790051865,2026-09-22T10:07:45,74981.27,74985.16,74976.35,74981.72
1790051880,2026-09-22T10:08:00,74987.67,74992.73,74980.72,74992.73
1790051895,2026-09-22T10:08:15,74991.37,75006.44,74991.37,75005.91
1790051910,2026-09-22T10:08:30,75005.91,75008.13,74991.5,75002.83
1790051925,2026-09-22T10:08:45,75005.73,75010.03,74998.21,75010.03
1790051940,2026-09-22T10:09:00,75008.89,75012.31,75007.22,75007.4
1790051955,2026-09-22T10:09:15,75009.07,75017.54,75009.07,75017.54
1790051970,2026-09-22T10:09:30,75020.46,75020.91,75014.11,75017.65
1790051985,2026-09-22T10:09:45,75021.45,75023.38,75018.18,75021.34
1790052000,2026-09-22T10:10:00,75018.55,75027.98,75018.55,75025.95
1790052015,2026-09-22T10:10:15,75026.66,75027.94,75016.75,75019.64
1790052030,2026-09-22T10:10:30,75019.15,75020.02,75013.35,75014.74
1790052045,2026-09-22T10:10:45,75015.07,75015.07,75003.87,75009.1
1790052060,2026-09-22T10:11:00,75009.85,75018.61,75006.05,75016.77
1790052075,2026-09-22T10:11:15,75012.9,75028.81,75012.9,75028.37
1790052090,2026-09-22T10:11:30,75028.42,75032.37,75024.2,75025.16
1790052105,2026-09-22T10:11:45,75025.48,75029.04,75015.85,75019.66
1790052120,2026-09-22T10:12:00,75022.17,75022.17,75014.42,75014.42
1790052135,2026-09-22T10:12:15,75016.95,75016.95,75003.13,75003.13
1790052150,2026-09-22T10:12:30,75005.21,75008.77,74992.88,74992.88
1790052165,2026-09-22T10:12:45,74994.91,75000.06,74994.91,74996.7
1790052180,2026-09-22T10:13:00,75002.95,75003.68,74993.49,74996.02
1790052195,2026-09-22T10:13:15,74998.04,74998.17,74990.32,74990.52
1790052210,2026-09-22T10:13:30,74994.75,74996.04,74988.6,74988.6
1790052225,2026-09-22T10:13:45,74991.66,74998.74,74988.4,74995.11
1790052240,2026-09-22T10:14:00,74992.98,75001.26,74992.78,75001.26
1790052255,2026-09-22T10:14:15,74998.84,75004.94,74998.81,75004.89
1790052270,2026-09-22T10:14:30,75004.3,75008.47,75001.47,75001.47
1790052285,2026-09-22T10:14:45,75004.61,75010.42,75000.82,75006.3
1790052300,2026-09-22T10:15:00,75006.46,75011.18,75003.31,75004.43
1790052315,2026-09-22T10:15:15,75005.41,75008.64,75003.34,75003.72
1790052330,2026-09-22T10:15:30,75004.54,75007.69,74989.01,74989.01
1790052345,2026-09-22T10:15:45,74995.75,75000.33,74992.16,74994.73
1790052360,2026-09-22T10:16:00,74992.55,74992.55,74978.91,74987.27
1790052375,2026-09-22T10:16:15,74981.54,74991.32,74981.54,74986.98
1790052390,2026-09-22T10:16:30,74983.72,74993.02,74980.08,74984.02
1790052405,2026-09-22T10:16:45,74981.64,74985.98,74975.38,74985.98
1790052420,2026-09-22T10:17:00,74981.05,74986.15,74972.49,74972.49
1790052435,2026-09-22T10:17:15,74972.79,74979.61,74972.79,74973.34
1790052450,2026-09-22T10:17:30,74975.01,74981.97,74975.01,74979.21
1790052465,2026-09-22T10:17:45,74978.87,74989.56,74978.87,74987.9
1790052480,2026-09-22T10:18:00,74988.24,74992.49,74981.19,74985.69
1790052495,2026-09-22T10:18:15,74985.24,74990.48,74985.04,74986.11
1790052510,2026-09-22T10:18:30,74986.43,74992.09,74982.09,74988.87
1790052525,2026-09-22T10:18:45,74989.32,74999.29,74986.8,74999.29
1790052540,2026-09-22T10:19:00,74998.45,75001.41,74988.84,74991.41
1790052555,2026-09-22T10:19:15,74994.77,74998.69,74993.25,74998.38
1790052570,2026-09-22T10:19:30,74998.5,75000.71,74991.65,74993.39
1790052585,2026-09-22T10:19:45,74991.31,74993.31,74986.02,74987.95
1790052600,2026-09-22T10:20:00,74987.06,74990.79,74981.47,74989.21
1790052615,2026-09-22T10:20:15,74986.82,74996.14,74982.81,74982.81
1790052630,2026-09-22T10:20:30,74984.33,74991.71,74982.96,74982.96
1790052645,2026-09-22T10:20:45,74983.39,74987.67,74978.57,74978.57
1790052660,2026-09-22T10:21:00,74978.22,74978.22,74968.4,74976.78
1790052675,2026-09-22T10:21:15,74975.9,74983.18,74973.29,74979.3
1790052690,2026-09-22T10:21:30,74978.44,74982.87,74969.16,74969.16
1790052705,2026-09-22T10:21:45,74966.28,74967.87,74961.29,74962.82
1790052720,2026-09-22T10:22:00,74959.04,74960.41,74941.71,74944.09
1790052735,2026-09-22T10:22:15,74944.15,74944.15,74931.87,74935.82
1790052750,2026-09-22T10:22:30,74935.75,74940.05,74928.55,74931.41
1790052765,2026-09-22T10:22:45,74932.67,74932.67,74921.32,74927.52
1790052780,2026-09-22T10:23:00,74927.57,74940.95,74922.52,74940.95
1790052795,2026-09-22T10:23:15,74939.78,74943.53,74936.78,74937.64
1790052810,2026-09-22T10:23:30,74937.79,74943.97,74936.88,74943.97
1790052825,2026-09-22T10:23:45,74943.67,74944.79,74941.68,74942.65
1790052840,2026-09-22T10:24:00,74941.71,74941.71,74934.88,74938.79
1790052855,2026-09-22T10:24:15,74937.11,74937.11,74928.8,74928.8
1790052870,2026-09-22T10:24:30,74933.22,74940.84,74933.22,74939.04
1790052885,2026-09-22T10:24:45,74938.84,74940.48,74933.75,74938.06
1790052900,2026-09-22T10:25:00,74940.03,74940.69,74928.38,74933.51
1790052915,2026-09-22T10:25:15,74934.05,74935.48,74925.62,74932.79
1790052930,2026-09-22T10:25:30,74933.33,74934.85,74924.48,74924.48
1790052945,2026-09-22T10:25:45,74924.48,74930.24,74917.59,74919.04
1790052960,2026-09-22T10:26:00,74919.59,74926.49,74917.52,74918.06
1790052975,2026-09-22T10:26:15,74913.9,74921.04,74913.9,74921.04
1790052990,2026-09-22T10:26:30,74919.65,74919.65,74912.46,74912.46
1790053005,2026-09-22T10:26:45,74914.94,74914.94,74897.31,74909.37
1790053020,2026-09-22T10:27:00,74911.08,74911.08,74900.4,74907.39
1790053035,2026-09-22T10:27:15,74908.65,74915.61,74904.89,74915.01
1790053050,2026-09-22T10:27:30,74912.48,74915.76,74908.25,74915.76
1790053065,2026-09-22T10:27:45,74915.76,74920.71,74911.55,74918.79
1790053080,2026-09-22T10:28:00,74918.79,74924.15,74910.45,74921.26
1790053095,2026-09-22T10:28:15,74921.99,74926.49,74914.11,74914.18
1790053110,2026-09-22T10:28:30,74918.21,74925.13,74916.52,74924.86
1790053125,2026-09-22T10:28:45,74923.13,74924.97,74916.89,74924.93
1790053140,2026-09-22T10:29:00,74923.81,74930.19,74921.13,74930.19
1790053155,2026-09-22T10:29:15,74929.57,74933.29,74926.97,74929.33
1790053170,2026-09-22T10:29:30,74928.96,74942.73,74928.96,74938.52
1790053185,2026-09-22T10:29:45,74935.58,74935.58,74922.64,74922.64
1790053200,2026-09-22T10:30:00,74920.05,74930.68,74920.05,74930.55
1790053215,2026-09-22T10:30:15,74930.55,74933.27,74930.16,74930.45
1790053230,2026-09-22T10:30:30,74930.45,74931.49,74904.47,74905.63
1790053245,2026-09-22T10:30:45,74905.63,74905.9,74898.46,74899.16
1790053260,2026-09-22T10:31:00,74900.38,74900.38,74882.1,74886.75
1790053275,2026-09-22T10:31:15,74883.26,74884.18,74868.57,74875.11
1790053290,2026-09-22T10:31:30,74872.04,74880.6,74872.04,74873.91
1790053305,2026-09-22T10:31:45,74877.3,74895.48,74876.73,74888.37
1790053320,2026-09-22T10:32:00,74890.22,74891.24,74884.37,74884.37
1790053335,2026-09-22T10:32:15,74886.8,74886.8,74868.34,74868.73
1790053350,2026-09-22T10:32:30,74872.73,74872.73,74858.81,74859.81
1790053365,2026-09-22T10:32:45,74868.56,74873.35,74867.01,74870.94
1790053380,2026-09-22T10:33:00,74870.6,74870.6,74858.35,74860.65
1790053395,2026-09-22T10:33:15,74862.17,74862.53,74857.84,74857.84
1790053410,2026-09-22T10:33:30,74856.5,74859.81,74849.82,74849.82
1790053425,2026-09-22T10:33:45,74849.18,74849.18,74841.02,74841.02
1790053440,2026-09-22T10:34:00,74839.47,74843.02,74835.11,74836.07
1790053455,2026-09-22T10:34:15,74838.47,74853.29,74835.83,74851.42
1790053470,2026-09-22T10:34:30,74855.27,74860.27,74853.62,74860.27
1790053485,2026-09-22T10:34:45,74857.64,74861.09,74854.71,74854.71
1790053500,2026-09-22T10:35:00,74857.92,74858.62,74845.34,74851.18
1790053515,2026-09-22T10:35:15,74849.27,74849.27,74836.81,74836.81
1790053530,2026-09-22T10:35:30,74835.6,74841.06,74832.09,74832.09
1790053545,2026-09-22T10:35:45,74832.24,74832.24,74819.4,74819.4
1790053560,2026-09-22T10:36:00,74818.19,74824.6,74815.85,74818.84
1790053575,2026-09-22T10:36:15,74817.99,74824.85,74816.69,74823.59
1790053590,2026-09-22T10:36:30,74822.95,74823.47,74815.08,74817.38
1790053605,2026-09-22T10:36:45,74814.19,74818.98,74810.84,74811.78
1790053620,2026-09-22T10:37:00,74809.57,74819.82,74809.57,74818.72
1790053635,2026-09-22T10:37:15,74817.09,74829.98,74814.66,74829.98
1790053650,2026-09-22T10:37:30,74830.37,74837.86,74828.55,74831.75
1790053665,2026-09-22T10:37:45,74835.11,74836.34,74830.8,74831.76
1790053680,2026-09-22T10:38:00,74831.76,74837.03,74830.01,74831.46
1790053695,2026-09-22T10:38:15,74831.68,74832.44,74826.41,74826.41
1790053710,2026-09-22T10:38:30,74826.25,74826.31,74813.96,74815.95
1790053725,2026-09-22T10:38:45,74817.38,74817.74,74805.38,74805.83
1790053740,2026-09-22T10:39:00,74803.23,74803.23,74788.88,74789.07
1790053755,2026-09-22T10:39:15,74791.66,74798.44,74791,74791
1790053770,2026-09-22T10:39:30,74788.26,74794.54,74785.02,74785.02
1790053785,2026-09-22T10:39:45,74783.51,74788.33,74781.49,74786.69
1790053800,2026-09-22T10:40:00,74786.69,74811.25,74782.65,74811
1790053815,2026-09-22T10:40:15,74811,74818.85,74809.89,74809.92
1790053830,2026-09-22T10:40:30,74809.92,74814.99,74801.37,74801.37
1790053845,2026-09-22T10:40:45,74800.55,74808.87,74800.55,74806.95
1790053860,2026-09-22T10:41:00,74806.5,74808.08,74797.71,74808.08
1790053875,2026-09-22T10:41:15,74809.14,74809.14,74795.51,74796.73
1790053890,2026-09-22T10:41:30,74797.56,74801.18,74787.83,74788.59
1790053905,2026-09-22T10:41:45,74787.37,74787.37,74758.94,74761.52
1790053920,2026-09-22T10:42:00,74758.93,74758.93,74723.38,74724.05
1790053935,2026-09-22T10:42:15,74719.2,74720.67,74697.16,74701.9
1790053950,2026-09-22T10:42:30,74703.74,74709.86,74696,74707.9
1790053965,2026-09-22T10:42:45,74707.9,74718.21,74701.9,74718.21
1790053980,2026-09-22T10:43:00,74721.71,74744.02,74721.71,74739.03
1790053995,2026-09-22T10:43:15,74740.78,74752.76,74740.78,74746.68
1790054010,2026-09-22T10:43:30,74752.14,74769.96,74749.5,74769.96
1790054025,2026-09-22T10:43:45,74768.44,74770.32,74763.95,74769.74
1790054040,2026-09-22T10:44:00,74769.46,74770.11,74754.09,74758.55
1790054055,2026-09-22T10:44:15,74757.9,74759.13,74749.38,74753.78
1790054070,2026-09-22T10:44:30,74751.53,74751.53,74739.57,74739.57
1790054085,2026-09-22T10:44:45,74739.57,74745.59,74733.05,74733.55
1790054100,2026-09-22T10:45:00,74738.89,74739.59,74728.37,74728.37
1790054115,2026-09-22T10:45:15,74725.73,74725.73,74717.27,74717.27
1790054130,2026-09-22T10:45:30,74722.41,74726.15,74716.32,74716.32
1790054145,2026-09-22T10:45:45,74719.42,74719.42,74707.81,74713.51
1790054160,2026-09-22T10:46:00,74713.48,74722.6,74708.05,74722.48
1790054175,2026-09-22T10:46:15,74722.35,74730.49,74720.44,74726.12
1790054190,2026-09-22T10:46:30,74727.48,74729.85,74714.41,74725.5
1790054205,2026-09-22T10:46:45,74725.53,74734.75,74721.35,74734.12
1790054220,2026-09-22T10:47:00,74736.62,74738.59,74728.22,74728.22
1790054235,2026-09-22T10:47:15,74730.55,74733.81,74727.68,74732.81
1790054250,2026-09-22T10:47:30,74732.93,74738.3,74730.3,74738.3
1790054265,2026-09-22T10:47:45,74736,74739.83,74727.14,74727.14
1790054280,2026-09-22T10:48:00,74728.22,74734.49,74728.06,74733.88
1790054295,2026-09-22T10:48:15,74733.84,74733.84,74713.94,74719.31
1790054310,2026-09-22T10:48:30,74720.27,74729.12,74714.34,74716.89
1790054325,2026-09-22T10:48:45,74717.19,74726.89,74717.04,74722.29
1790054340,2026-09-22T10:49:00,74721.62,74727.5,74719.07,74721.33
1790054355,2026-09-22T10:49:15,74718.95,74727.21,74715.06,74727.21
1790054370,2026-09-22T10:49:30,74727.77,74734.55,74726.42,74734.2
1790054385,2026-09-22T10:49:45,74728.95,74732.1,74721.74,74722.45
1790054400,2026-09-22T10:50:00,74723.37,74723.37,74710.63,74710.63
1790054415,2026-09-22T10:50:15,74710.63,74711.29,74703.05,74703.59
1790054430,2026-09-22T10:50:30,74703.15,74703.49,74697.23,74697.73
1790054445,2026-09-22T10:50:45,74695.55,74696.33,74690.94,74696.33
1790054460,2026-09-22T10:51:00,74699.47,74700.46,74693.2,74698.11
1790054475,2026-09-22T10:51:15,74698.75,74698.75,74690.63,74693.55
1790054490,2026-09-22T10:51:30,74697.03,74699.76,74690.04,74690.04
1790054505,2026-09-22T10:51:45,74697.57,74703.23,74695,74701.13
1790054520,2026-09-22T10:52:00,74703.17,74706.66,74695.22,74695.22
1790054535,2026-09-22T10:52:15,74697.03,74704.97,74693.97,74693.97
1790054550,2026-09-22T10:52:30,74698.53,74698.53,74679.05,74679.05
1790054565,2026-09-22T10:52:45,74682,74687.16,74677.17,74678.99
1790054580,2026-09-22T10:53:00,74681.46,74681.86,74673.44,74675.89
1790054595,2026-09-22T10:53:15,74675.96,74682.43,74673.75,74677.15
1790054610,2026-09-22T10:53:30,74679.94,74681.24,74677.05,74681.15
1790054625,2026-09-22T10:53:45,74681.15,74682.84,74677.97,74678.78
1790054640,2026-09-22T10:54:00,74679.65,74679.65,74672.19,74674.8
1790054655,2026-09-22T10:54:15,74677.44,74685.1,74676.13,74684.77
1790054670,2026-09-22T10:54:30,74690.23,74690.36,74684.33,74687.46
1790054685,2026-09-22T10:54:45,74688.99,74703.91,74688.99,74703.91
1790054700,2026-09-22T10:55:00,74705.68,74706.03,74700.61,74702.75
1790054715,2026-09-22T10:55:15,74706.71,74714.69,74706.71,74714.47
1790054730,2026-09-22T10:55:30,74715.72,74715.88,74703.27,74707.31
1790054745,2026-09-22T10:55:45,74706.09,74710.11,74700.79,74710.11
1790054760,2026-09-22T10:56:00,74716.54,74716.54,74710.98,74711.1
1790054775,2026-09-22T10:56:15,74715.26,74721.5,74714.3,74721.5
1790054790,2026-09-22T10:56:30,74721.5,74721.5,74713,74713
1790054805,2026-09-22T10:56:45,74715.51,74718.63,74714.82,74717.61
1790054820,2026-09-22T10:57:00,74719.78,74724.09,74716.78,74724.09
1790054835,2026-09-22T10:57:15,74722.28,74730.36,74720.9,74726.71
1790054850,2026-09-22T10:57:30,74728.68,74729.21,74726.65,74728.02
1790054865,2026-09-22T10:57:45,74723.16,74732.02,74723.16,74727.69
1790054880,2026-09-22T10:58:00,74730.96,74744.36,74730.96,74740.25
1790054895,2026-09-22T10:58:15,74737.98,74739.29,74732.24,74734.36
1790054910,2026-09-22T10:58:30,74734.36,74736.11,74726.06,74726.06
1790054925,2026-09-22T10:58:45,74727.6,74739.83,74725.57,74738.41
1790054940,2026-09-22T10:59:00,74739.22,74742.58,74733.6,74742.58
1790054955,2026-09-22T10:59:15,74742.26,74746.28,74740.85,74745.56
1790054970,2026-09-22T10:59:30,74745.71,74754.18,74741.91,74750.12
1790054985,2026-09-22T10:59:45,74750.68,74757.72,74749.65,74755.5
1790055000,2026-09-22T11:00:00,74756.19,74763.42,74755.72,74757.5
1790055015,2026-09-22T11:00:15,74753.94,74753.94,74736.05,74736.05
1790055030,2026-09-22T11:00:30,74736.05,74748.54,74736.05,74748.16
1790055045,2026-09-22T11:00:45,74747.49,74752.58,74747.22,74751.92
1790055060,2026-09-22T11:01:00,74751.25,74756.54,74742.95,74743.94
1790055075,2026-09-22T11:01:15,74740.66,74745.76,74740.66,74742.08
1790055090,2026-09-22T11:01:30,74741.04,74742.42,74723.93,74729.8
1790055105,2026-09-22T11:01:45,74727.07,74727.07,74719.13,74724.26
1790055120,2026-09-22T11:02:00,74725.5,74725.5,74715.65,74715.65
1790055135,2026-09-22T11:02:15,74718.01,74722.16,74717.12,74721.71
1790055150,2026-09-22T11:02:30,74724.23,74725.36,74712.4,74712.4
1790055165,2026-09-22T11:02:45,74716.65,74719.8,74713.38,74718.12
1790055180,2026-09-22T11:03:00,74718.57,74718.57,74708.63,74708.7
1790055195,2026-09-22T11:03:15,74709.98,74711.61,74705.64,74707.26
1790055210,2026-09-22T11:03:30,74705.64,74710.27,74704.98,74709.74
1790055225,2026-09-22T11:03:45,74710.1,74713.74,74709.08,74711.54
1790055240,2026-09-22T11:04:00,74711.98,74712.7,74708.09,74712.26
1790055255,2026-09-22T11:04:15,74711.29,74715.79,74708.61,74715.79
1790055270,2026-09-22T11:04:30,74714.78,74714.78,74700.79,74700.79
1790055285,2026-09-22T11:04:45,74700.14,74712.74,74700.14,74706.54
1790055300,2026-09-22T11:05:00,74706.01,74717.95,74706.01,74711.55
1790055315,2026-09-22T11:05:15,74705.43,74708.14,74697.74,74704.78
1790055330,2026-09-22T11:05:30,74704.57,74704.57,74698.44,74699.5
1790055345,2026-09-22T11:05:45,74698.65,74700.53,74697.06,74700.05
1790055360,2026-09-22T11:06:00,74701.46,74706.05,74698.6,74702.76
1790055375,2026-09-22T11:06:15,74700.02,74703.83,74695.25,74702.53
1790055390,2026-09-22T11:06:30,74702.23,74706.25,74699.74,74706.25
1790055405,2026-09-22T11:06:45,74702.31,74707.91,74702.17,74702.27
1790055420,2026-09-22T11:07:00,74702.84,74715.17,74702.84,74715.17
1790055435,2026-09-22T11:07:15,74713.43,74717.74,74704.72,74710.29
1790055450,2026-09-22T11:07:30,74709.63,74713.81,74704.19,74704.19
1790055465,2026-09-22T11:07:45,74708.12,74709.89,74700.87,74706.49
1790055480,2026-09-22T11:08:00,74705.57,74705.57,74698.71,74698.89
1790055495,2026-09-22T11:08:15,74696.89,74708.44,74696.89,74703.66
1790055510,2026-09-22T11:08:30,74705.63,74708.43,74702.74,74707.9
1790055525,2026-09-22T11:08:45,74706.94,74706.94,74700.2,74704.22
1790055540,2026-09-22T11:09:00,74697.53,74705.03,74695.31,74703.89
1790055555,2026-09-22T11:09:15,74703.89,74706.85,74701.71,74705.16
1790055570,2026-09-22T11:09:30,74704.49,74712.08,74698.19,74708.95
1790055585,2026-09-22T11:09:45,74708.91,74710.84,74697.24,74702.38
1790055600,2026-09-22T11:10:00,74700.7,74713.07,74700.7,74705.67
1790055615,2026-09-22T11:10:15,74709.08,74719.22,74707.72,74718.28
1790055630,2026-09-22T11:10:30,74718.67,74725.69,74718.31,74725.69
1790055645,2026-09-22T11:10:45,74724.82,74724.82,74720.52,74720.93
1790055660,2026-09-22T11:11:00,74721.43,74729.32,74721.43,74727.79
1790055675,2026-09-22T11:11:15,74727.94,74733.81,74726.64,74726.64
1790055690,2026-09-22T11:11:30,74726.42,74729.97,74715.43,74718.78
1790055705,2026-09-22T11:11:45,74718.69,74723.37,74713.07,74715.23
1790055720,2026-09-22T11:12:00,74715.36,74720.71,74711.69,74711.69
1790055735,2026-09-22T11:12:15,74711.49,74720.66,74711.35,74720.66
1790055750,2026-09-22T11:12:30,74720.66,74727.73,74719.83,74727.73
1790055765,2026-09-22T11:12:45,74728.89,74732.85,74724.71,74732.45
1790055780,2026-09-22T11:13:00,74732.45,74737.01,74728.88,74737.01
1790055795,2026-09-22T11:13:15,74736.34,74741.7,74733.52,74733.52
1790055810,2026-09-22T11:13:30,74733.52,74747.93,74732.84,74746.89
1790055825,2026-09-22T11:13:45,74743.84,74747.59,74735.72,74746.8
1790055840,2026-09-22T11:14:00,74750.76,74756.99,74748.05,74756.99
1790055855,2026-09-22T11:14:15,74759,74760.71,74752.77,74753.26
1790055870,2026-09-22T11:14:30,74758.19,74759.41,74745.43,74747.06
1790055885,2026-09-22T11:14:45,74748.46,74755.19,74746.01,74752.12
1790055900,2026-09-22T11:15:00,74754.82,74763.29,74754.2,74762.67
1790055915,2026-09-22T11:15:15,74762.56,74762.56,74750.99,74750.99
1790055930,2026-09-22T11:15:30,74754.75,74761.29,74754.75,74760.36
1790055945,2026-09-22T11:15:45,74762.05,74764.77,74759.66,74759.66
1790055960,2026-09-22T11:16:00,74757.79,74759.98,74752.35,74752.35
1790055975,2026-09-22T11:16:15,74756.36,74762.47,74750.12,74762.47
1790055990,2026-09-22T11:16:30,74760.98,74769.2,74760.98,74766.72
1790056005,2026-09-22T11:16:45,74766.21,74772.68,74761.36,74766.74
1790056020,2026-09-22T11:17:00,74766.43,74771.41,74765.47,74768.46
1790056035,2026-09-22T11:17:15,74765.88,74779.36,74765.88,74777.84
1790056050,2026-09-22T11:17:30,74776.93,74777.33,74774.38,74777.21
1790056065,2026-09-22T11:17:45,74777.77,74782.66,74776.84,74779.04
1790056080,2026-09-22T11:18:00,74777.06,74777.67,74766.32,74766.32
1790056095,2026-09-22T11:18:15,74764.63,74769.63,74762.46,74768.61
1790056110,2026-09-22T11:18:30,74768.61,74769.95,74764.77,74765.17
1790056125,2026-09-22T11:18:45,74764.92,74768.13,74762.64,74764.26
1790056140,2026-09-22T11:19:00,74764.31,74764.64,74749.68,74749.68
1790056155,2026-09-22T11:19:15,74752.13,74755.51,74749.22,74749.22
1790056170,2026-09-22T11:19:30,74749.68,74752.33,74736.13,74736.13
1790056185,2026-09-22T11:19:45,74735.67,74740.28,74735.67,74735.89
1790056200,2026-09-22T11:20:00,74736.02,74743.82,74732.4,74737.81
1790056215,2026-09-22T11:20:15,74737.55,74738.52,74731.47,74734.92
1790056230,2026-09-22T11:20:30,74735.17,74745.83,74731.15,74745.83
1790056245,2026-09-22T11:20:45,74745.83,74746.9,74738.24,74746.9
1790056260,2026-09-22T11:21:00,74747.75,74750.95,74743.41,74749.49
1790056275,2026-09-22T11:21:15,74750.97,74757.27,74750.35,74756.38
1790056290,2026-09-22T11:21:30,74764.27,74764.27,74747.9,74747.9
1790056305,2026-09-22T11:21:45,74751.71,74761.55,74751.71,74756.3
1790056320,2026-09-22T11:22:00,74754.54,74766.75,74754.54,74766.75
1790056335,2026-09-22T11:22:15,74762.54,74765.44,74755.88,74758.88
1790056350,2026-09-22T11:22:30,74764.61,74772.87,74763.68,74765.34
1790056365,2026-09-22T11:22:45,74768.66,74773.08,74767.75,74767.75
1790056380,2026-09-22T11:23:00,74768.32,74776.74,74768.32,74773.17
1790056395,2026-09-22T11:23:15,74771.6,74780.24,74771.29,74772.17
1790056410,2026-09-22T11:23:30,74770.62,74775.54,74766.3,74766.3
1790056425,2026-09-22T11:23:45,74763.16,74772.24,74763.16,74772.24
1790056440,2026-09-22T11:24:00,74768.42,74773.13,74767.75,74771.32
1790056455,2026-09-22T11:24:15,74775.33,74781.84,74771.24,74776.67
1790056470,2026-09-22T11:24:30,74776.67,74785.73,74775.73,74775.92
1790056485,2026-09-22T11:24:45,74779.03,74787.09,74776.15,74785.42
1790056500,2026-09-22T11:25:00,74787.35,74788.5,74783.35,74788.42
1790056515,2026-09-22T11:25:15,74788.23,74799.82,74788.19,74798.48
1790056530,2026-09-22T11:25:30,74798.48,74798.93,74792.94,74796.08
1790056545,2026-09-22T11:25:45,74790.17,74795.97,74785.6,74794.05
1790056560,2026-09-22T11:26:00,74792.78,74792.88,74786.24,74786.43
1790056575,2026-09-22T11:26:15,74787.68,74799.07,74787.68,74791.99
1790056590,2026-09-22T11:26:30,74791.5,74791.72,74781.18,74782.67
1790056605,2026-09-22T11:26:45,74782.67,74785.96,74781.5,74783
1790056620,2026-09-22T11:27:00,74785.64,74786.93,74781.37,74781.49
1790056635,2026-09-22T11:27:15,74781.56,74781.93,74775.16,74775.16
1790056650,2026-09-22T11:27:30,74776.18,74780.41,74775.45,74777
1790056665,2026-09-22T11:27:45,74772.5,74777.91,74771.41,74772.53
1790056680,2026-09-22T11:28:00,74773.23,74776.29,74772.91,74772.91
1790056695,2026-09-22T11:28:15,74772.91,74773.8,74766.72,74770.2
1790056710,2026-09-22T11:28:30,74772.07,74779.71,74771.58,74777.47
1790056725,2026-09-22T11:28:45,74778.18,74781.05,74771.49,74771.49
1790056740,2026-09-22T11:29:00,74774.32,74778.32,74772.88,74773.43
1790056755,2026-09-22T11:29:15,74769.57,74781.25,74769.57,74776.56
1790056770,2026-09-22T11:29:30,74776.82,74778.72,74773.69,74773.69
1790056785,2026-09-22T11:29:45,74770.25,74772.92,74760.57,74760.57
1790056800,2026-09-22T11:30:00,74757.1,74765.68,74757.1,74758.99
1790056815,2026-09-22T11:30:15,74754.72,74758.58,74747.2,74749.46
1790056830,2026-09-22T11:30:30,74749.58,74750.59,74743.76,74749.81
1790056845,2026-09-22T11:30:45,74749.28,74749.71,74737.91,74749.71
1790056860,2026-09-22T11:31:00,74749.71,74755.95,74745.73,74746.6
1790056875,2026-09-22T11:31:15,74747.57,74757.8,74747.57,74750.76
1790056890,2026-09-22T11:31:30,74750.76,74753.8,74748.03,74748.03
1790056905,2026-09-22T11:31:45,74747.17,74749.01,74741.56,74741.56
1790056920,2026-09-22T11:32:00,74741.17,74742.45,74733.08,74733.08
1790056935,2026-09-22T11:32:15,74732.7,74732.7,74722.55,74723.72
1790056950,2026-09-22T11:32:30,74722.95,74729.32,74720.89,74725.91
1790056965,2026-09-22T11:32:45,74731.97,74731.97,74725.84,74729.29
1790056980,2026-09-22T11:33:00,74730.81,74739.46,74730.81,74735.53
1790056995,2026-09-22T11:33:15,74736.72,74737.59,74727.88,74730.68
1790057010,2026-09-22T11:33:30,74728.2,74729.7,74726.41,74726.92
1790057025,2026-09-22T11:33:45,74726.77,74733.67,74726.62,74733.67
1790057040,2026-09-22T11:34:00,74735.03,74735.03,74725.56,74730.05
1790057055,2026-09-22T11:34:15,74726.19,74730.88,74724.86,74730.01
1790057070,2026-09-22T11:34:30,74729.89,74736.79,74725.54,74735.37
1790057085,2026-09-22T11:34:45,74735.73,74735.73,74730.28,74731.17
1790057100,2026-09-22T11:35:00,74733.22,74733.37,74713,74713.32
1790057115,2026-09-22T11:35:15,74713.72,74715.84,74706.4,74706.75
1790057130,2026-09-22T11:35:30,74704.99,74708.44,74700.01,74700.01
1790057145,2026-09-22T11:35:45,74700.48,74703.36,74697.05,74697.5
1790057160,2026-09-22T11:36:00,74696.28,74709.2,74696.28,74705.33
1790057175,2026-09-22T11:36:15,74707.26,74712.46,74707.26,74712.46
1790057190,2026-09-22T11:36:30,74712.31,74712.31,74704.1,74704.97
1790057205,2026-09-22T11:36:45,74705.84,74713.15,74705.84,74708.79
1790057220,2026-09-22T11:37:00,74710.72,74714.76,74707.19,74713.64
1790057235,2026-09-22T11:37:15,74710.93,74720.98,74710.93,74714.97
1790057250,2026-09-22T11:37:30,74712.17,74713.79,74711.11,74713.27
1790057265,2026-09-22T11:37:45,74712.25,74715.62,74709.8,74715.62
1790057280,2026-09-22T11:38:00,74715.62,74718.25,74709.73,74709.73
1790057295,2026-09-22T11:38:15,74710.85,74717.62,74710.75,74710.75
1790057310,2026-09-22T11:38:30,74708.24,74716.42,74708.24,74712.25
1790057325,2026-09-22T11:38:45,74711.7,74715.72,74711.13,74711.41
1790057340,2026-09-22T11:39:00,74712.29,74712.29,74708.05,74711.03
1790057355,2026-09-22T11:39:15,74711.03,74713.46,74703.26,74703.49
1790057370,2026-09-22T11:39:30,74704.75,74704.75,74693.57,74693.57
1790057385,2026-09-22T11:39:45,74690.85,74693.71,74685.45,74685.45
1790057400,2026-09-22T11:40:00,74684.87,74689.63,74682.53,74689.63
1790057415,2026-09-22T11:40:15,74689.37,74691.56,74683.73,74683.74
1790057430,2026-09-22T11:40:30,74683.45,74684.73,74674.9,74680.03
1790057445,2026-09-22T11:40:45,74681.35,74693.04,74681.35,74688.07
1790057460,2026-09-22T11:41:00,74687.81,74698.62,74687.81,74695.28
1790057475,2026-09-22T11:41:15,74695.28,74697.81,74693.7,74693.7
1790057490,2026-09-22T11:41:30,74693.78,74697.24,74690.94,74691.8
1790057505,2026-09-22T11:41:45,74692.1,74696.14,74686.1,74696.14
1790057520,2026-09-22T11:42:00,74693.64,74697.69,74691.83,74693.9
1790057535,2026-09-22T11:42:15,74694.51,74694.86,74683.69,74694.19
1790057550,2026-09-22T11:42:30,74691.48,74696.92,74684.06,74686.54
1790057565,2026-09-22T11:42:45,74691.43,74694.23,74676.25,74676.25
1790057580,2026-09-22T11:43:00,74678.82,74681.99,74675.75,74676.45
1790057595,2026-09-22T11:43:15,74676.41,74682.1,74675.11,74677.51
1790057610,2026-09-22T11:43:30,74677.5,74685.41,74675.81,74677.06
1790057625,2026-09-22T11:43:45,74677.15,74682.98,74673.83,74679.53
1790057640,2026-09-22T11:44:00,74681.46,74683.29,74679.49,74681.32
1790057655,2026-09-22T11:44:15,74681.88,74684.24,74676.37,74684.24
1790057670,2026-09-22T11:44:30,74682.3,74694.55,74682.3,74694.55
1790057685,2026-09-22T11:44:45,74690.81,74696.54,74690.81,74692.65
1790057700,2026-09-22T11:45:00,74694.34,74696.04,74684.42,74684.42
1790057715,2026-09-22T11:45:15,74684.42,74689.94,74683.08,74683.08
1790057730,2026-09-22T11:45:30,74682.49,74687.5,74682.49,74687.2
1790057745,2026-09-22T11:45:45,74688.76,74691.34,74687.72,74688.44
1790057760,2026-09-22T11:46:00,74688.54,74688.54,74677.07,74677.1
1790057775,2026-09-22T11:46:15,74675.81,74679.18,74668.43,74671.81
1790057790,2026-09-22T11:46:30,74671.4,74673,74661.29,74662.91
1790057805,2026-09-22T11:46:45,74653.29,74663.55,74652.3,74662.89
1790057820,2026-09-22T11:47:00,74663.23,74663.23,74648.69,74651.7
1790057835,2026-09-22T11:47:15,74650.86,74658.53,74650.86,74654.51
1790057850,2026-09-22T11:47:30,74655.62,74659.13,74649.56,74649.56
1790057865,2026-09-22T11:47:45,74647.85,74657.77,74647.85,74655.81
1790057880,2026-09-22T11:48:00,74657.64,74657.64,74651.31,74657.16
1790057895,2026-09-22T11:48:15,74656.77,74672.04,74656.21,74670.56
1790057910,2026-09-22T11:48:30,74670.88,74670.88,74664.8,74667.49
1790057925,2026-09-22T11:48:45,74666.37,74670.2,74666.37,74668.74
1790057940,2026-09-22T11:49:00,74665.17,74670.07,74665.17,74667.88
1790057955,2026-09-22T11:49:15,74668.57,74672.75,74665.49,74668.01
1790057970,2026-09-22T11:49:30,74666.62,74670.88,74662.41,74663.79
1790057985,2026-09-22T11:49:45,74664.6,74666.12,74659.32,74664
1790058000,2026-09-22T11:50:00,74662.59,74672.22,74662.59,74664.57
1790058015,2026-09-22T11:50:15,74665.1,74669.1,74663.83,74666.75
1790058030,2026-09-22T11:50:30,74665.89,74669.58,74661.18,74665.19
1790058045,2026-09-22T11:50:45,74665.52,74665.52,74658.3,74658.3
1790058060,2026-09-22T11:51:00,74657.3,74667.21,74657.3,74661.08
1790058075,2026-09-22T11:51:15,74661.08,74661.08,74653.8,74655.44
1790058090,2026-09-22T11:51:30,74657.89,74657.89,74644.54,74644.54
1790058105,2026-09-22T11:51:45,74646.66,74649.88,74645.21,74649.88
1790058120,2026-09-22T11:52:00,74649.84,74652.8,74647.66,74652.8
1790058135,2026-09-22T11:52:15,74655.77,74657.07,74654.79,74655.26
1790058150,2026-09-22T11:52:30,74657.6,74664.94,74657.6,74664.94
1790058165,2026-09-22T11:52:45,74670.14,74670.68,74665.8,74668.61
1790058180,2026-09-22T11:53:00,74668.61,74669.81,74666.89,74667.11
1790058195,2026-09-22T11:53:15,74665.19,74667.19,74660.16,74661.73
1790058210,2026-09-22T11:53:30,74659.89,74660.29,74653.82,74653.82
1790058225,2026-09-22T11:53:45,74648.32,74655.16,74648.32,74653.38
1790058240,2026-09-22T11:54:00,74651.68,74658.64,74650.56,74658.64
1790058255,2026-09-22T11:54:15,74655.43,74659.52,74653.83,74653.83
1790058270,2026-09-22T11:54:30,74653.83,74653.83,74636.95,74636.95
1790058285,2026-09-22T11:54:45,74639.63,74642.83,74633.86,74633.86
1790058300,2026-09-22T11:55:00,74633.11,74639.5,74628.64,74628.64
1790058315,2026-09-22T11:55:15,74625.08,74628.26,74618.77,74625.98
1790058330,2026-09-22T11:55:30,74625.98,74627.84,74623.06,74624.97
1790058345,2026-09-22T11:55:45,74621.94,74623.83,74615.76,74621.05
1790058360,2026-09-22T11:56:00,74621.46,74621.46,74613.1,74613.62
1790058375,2026-09-22T11:56:15,74611.7,74613.22,74599.74,74599.74
1790058390,2026-09-22T11:56:30,74603.33,74603.33,74596.59,74598.37
1790058405,2026-09-22T11:56:45,74601.03,74627.45,74601.03,74627.45
1790058420,2026-09-22T11:57:00,74630.09,74636.89,74630.09,74636.02
1790058435,2026-09-22T11:57:15,74636.72,74636.72,74628.68,74628.74
1790058450,2026-09-22T11:57:30,74628.24,74631.58,74623.29,74623.29
1790058465,2026-09-22T11:57:45,74628.23,74632.1,74625.84,74630.85
1790058480,2026-09-22T11:58:00,74629.56,74631.62,74624.33,74626.93
1790058495,2026-09-22T11:58:15,74625.81,74631.81,74622.24,74627.12
1790058510,2026-09-22T11:58:30,74630.68,74636.94,74625.23,74636.94
1790058525,2026-09-22T11:58:45,74637.29,74637.29,74627.38,74633.65
1790058540,2026-09-22T11:59:00,74638.99,74644.94,74637.71,74644.24
1790058555,2026-09-22T11:59:15,74640.61,74645.63,74638.62,74645.63
1790058570,2026-09-22T11:59:30,74646.73,74648.04,74643.93,74645.82
1790058585,2026-09-22T11:59:45,74646.72,74652.42,74646.69,74651
1790058600,2026-09-22T12:00:00,74653.62,74659.73,74652.34,74658.83
1790058615,2026-09-22T12:00:15,74658.83,74661.74,74646.79,74646.79
1790058630,2026-09-22T12:00:30,74654.08,74656.39,74648.43,74649.63
1790058645,2026-09-22T12:00:45,74648.59,74650.88,74645.31,74650.88
1790058660,2026-09-22T12:01:00,74650.14,74650.14,74643.81,74643.81
1790058675,2026-09-22T12:01:15,74643.73,74643.73,74635.34,74639.44
1790058690,2026-09-22T12:01:30,74640.84,74641.77,74634.47,74634.47
1790058705,2026-09-22T12:01:45,74633.81,74642.68,74631.62,74642.68
1790058720,2026-09-22T12:02:00,74638.08,74645.7,74638.08,74642.84
1790058735,2026-09-22T12:02:15,74645.26,74652.86,74645.26,74647.42
1790058750,2026-09-22T12:02:30,74650.47,74653.6,74645.73,74645.73
1790058765,2026-09-22T12:02:45,74645.64,74645.64,74641.41,74644
1790058780,2026-09-22T12:03:00,74642.54,74644,74639.66,74642.01
1790058795,2026-09-22T12:03:15,74641.83,74645.35,74641.4,74641.4
1790058810,2026-09-22T12:03:30,74640.8,74648.55,74640.8,74648.55
1790058825,2026-09-22T12:03:45,74648.31,74658.04,74648.31,74655.66
1790058840,2026-09-22T12:04:00,74655.44,74657.96,74655.32,74655.83
1790058855,2026-09-22T12:04:15,74656.43,74658.86,74649.59,74650.28
1790058870,2026-09-22T12:04:30,74647.63,74647.69,74644.22,74647.69
1790058885,2026-09-22T12:04:45,74647.5,74659.95,74647.3,74653.6
1790058900,2026-09-22T12:05:00,74652.22,74658.78,74648.65,74655.59
1790058915,2026-09-22T12:05:15,74655.59,74656.44,74652.52,74655.03
1790058930,2026-09-22T12:05:30,74655.32,74655.32,74652.52,74653.47
1790058945,2026-09-22T12:05:45,74654.03,74654.78,74651.58,74652.75
1790058960,2026-09-22T12:06:00,74654.38,74655.1,74649.36,74652.15
1790058975,2026-09-22T12:06:15,74652.15,74656.56,74649.31,74649.31
1790058990,2026-09-22T12:06:30,74648.94,74653.01,74645.05,74653.01
1790059005,2026-09-22T12:06:45,74652.63,74653.74,74645.46,74645.46
1790059020,2026-09-22T12:07:00,74642.23,74645.46,74638.74,74642.56
1790059035,2026-09-22T12:07:15,74641.73,74645.02,74641.73,74643.91
1790059050,2026-09-22T12:07:30,74641.79,74641.79,74634.67,74635.89
1790059065,2026-09-22T12:07:45,74634.58,74639.56,74634.58,74638.23
1790059080,2026-09-22T12:08:00,74640.15,74641.65,74634.97,74637.99
1790059095,2026-09-22T12:08:15,74638.39,74648.99,74635.82,74648.99
1790059110,2026-09-22T12:08:30,74649.98,74659.27,74648.09,74656.01
1790059125,2026-09-22T12:08:45,74656.01,74664.93,74655.12,74664.08
1790059140,2026-09-22T12:09:00,74662.89,74665.14,74659.65,74665.14
1790059155,2026-09-22T12:09:15,74665.59,74666.14,74654.48,74654.48
1790059170,2026-09-22T12:09:30,74658.65,74664.24,74658.53,74664.24
1790059185,2026-09-22T12:09:45,74664.82,74666.71,74660.74,74663.17
1790059200,2026-09-22T12:10:00,74664.79,74672.06,74663.68,74667.74
1790059215,2026-09-22T12:10:15,74669.16,74672.46,74667.88,74672.46
1790059230,2026-09-22T12:10:30,74672.88,74677.3,74669.92,74674.59
1790059245,2026-09-22T12:10:45,74673.98,74676.28,74670.72,74671.04
1790059260,2026-09-22T12:11:00,74672.26,74673.18,74654.86,74654.86
1790059275,2026-09-22T12:11:15,74657.25,74657.37,74649.79,74649.79
1790059290,2026-09-22T12:11:30,74649.47,74652.82,74647.91,74651.26
1790059305,2026-09-22T12:11:45,74651.26,74654.85,74650.35,74650.85
1790059320,2026-09-22T12:12:00,74648.99,74650.01,74647.48,74650.01
1790059335,2026-09-22T12:12:15,74648.86,74656.2,74645.54,74653.87
1790059350,2026-09-22T12:12:30,74653.87,74656.1,74651.05,74654.44
1790059365,2026-09-22T12:12:45,74652.98,74653.71,74649.78,74649.78
1790059380,2026-09-22T12:13:00,74647.67,74651.6,74647.17,74651.6
1790059395,2026-09-22T12:13:15,74645.81,74648.9,74645.19,74645.19
1790059410,2026-09-22T12:13:30,74645.19,74647.12,74641.7,74641.7
1790059425,2026-09-22T12:13:45,74640.59,74644.5,74637.81,74637.81
1790059440,2026-09-22T12:14:00,74637.81,74641.09,74636.56,74636.56
1790059455,2026-09-22T12:14:15,74637.56,74642.9,74634.75,74639.77
1790059470,2026-09-22T12:14:30,74639.77,74640.21,74635.4,74640.1
1790059485,2026-09-22T12:14:45,74641.39,74642.38,74636.31,74638.25
1790059500,2026-09-22T12:15:00,74637.91,74639.33,74636.23,74636.24
1790059515,2026-09-22T12:15:15,74636.24,74636.88,74629.95,74629.95
1790059530,2026-09-22T12:15:30,74624.71,74625.82,74622.18,74623.65
1790059545,2026-09-22T12:15:45,74622.65,74622.65,74618.21,74618.63
1790059560,2026-09-22T12:16:00,74618.31,74618.31,74612.89,74614.92
1790059575,2026-09-22T12:16:15,74615.27,74628.52,74615.27,74628.52
1790059590,2026-09-22T12:16:30,74628.33,74632.11,74624.01,74629.43
1790059605,2026-09-22T12:16:45,74626.47,74635.77,74626.47,74635.77
1790059620,2026-09-22T12:17:00,74632.55,74641.13,74630.98,74641.13
1790059635,2026-09-22T12:17:15,74641.13,74647.71,74638.9,74645.72
1790059650,2026-09-22T12:17:30,74647.4,74651.18,74642.47,74642.94
1790059665,2026-09-22T12:17:45,74641.16,74651.28,74640.46,74650.72
1790059680,2026-09-22T12:18:00,74651.9,74656.09,74647.61,74656.09
1790059695,2026-09-22T12:18:15,74656.09,74656.63,74651.21,74651.35
1790059710,2026-09-22T12:18:30,74651.35,74657.67,74651.35,74657.67
1790059725,2026-09-22T12:18:45,74660.02,74660.02,74654.07,74657.27
1790059740,2026-09-22T12:19:00,74657.16,74660.53,74652.14,74657.32
1790059755,2026-09-22T12:19:15,74657.51,74659.56,74654.67,74658.69
1790059770,2026-09-22T12:19:30,74655.05,74663.09,74655.05,74660.06
1790059785,2026-09-22T12:19:45,74660.06,74665.88,74659.53,74661.92
1790059800,2026-09-22T12:20:00,74662.03,74666.11,74656.75,74656.75
1790059815,2026-09-22T12:20:15,74658.03,74668.63,74656.43,74667.16
1790059830,2026-09-22T12:20:30,74667.76,74672.1,74661.66,74662
1790059845,2026-09-22T12:20:45,74661.92,74667.1,74658.23,74658.23
1790059860,2026-09-22T12:21:00,74657.58,74667.37,74655.12,74660.16
1790059875,2026-09-22T12:21:15,74660.21,74665.89,74660.21,74664.73
1790059890,2026-09-22T12:21:30,74665.47,74667.7,74661.26,74667.63
1790059905,2026-09-22T12:21:45,74663.75,74671.73,74663.07,74668.88
1790059920,2026-09-22T12:22:00,74667.55,74670.88,74662.51,74663.35
1790059935,2026-09-22T12:22:15,74664.38,74670.07,74663.32,74666.34
1790059950,2026-09-22T12:22:30,74665.16,74668.42,74661.74,74668.42
1790059965,2026-09-22T12:22:45,74668.42,74668.42,74659.17,74663.67
1790059980,2026-09-22T12:23:00,74663.12,74663.82,74658.5,74661.11
1790059995,2026-09-22T12:23:15,74661.91,74667.57,74655.05,74664.44
1790060010,2026-09-22T12:23:30,74663.63,74670.8,74662.41,74670.8
1790060025,2026-09-22T12:23:45,74668.83,74670.05,74660.61,74664.82
1790060040,2026-09-22T12:24:00,74664.52,74664.52,74655.04,74661.42
1790060055,2026-09-22T12:24:15,74657.45,74663.14,74656.6,74656.6
1790060070,2026-09-22T12:24:30,74656.6,74658.95,74651.12,74651.12
1790060085,2026-09-22T12:24:45,74651.12,74662.08,74651.12,74656.48
1790060100,2026-09-22T12:25:00,74655.72,74656.47,74647.05,74647.05
1790060115,2026-09-22T12:25:15,74649.94,74655.36,74647.64,74655.36
1790060130,2026-09-22T12:25:30,74654.13,74660.88,74652.81,74658.85
1790060145,2026-09-22T12:25:45,74657.9,74657.94,74653.35,74655.84
1790060160,2026-09-22T12:26:00,74656.07,74656.62,74650.74,74656.62
1790060175,2026-09-22T12:26:15,74656.65,74661.77,74654.51,74658.55
1790060190,2026-09-22T12:26:30,74655.94,74663.48,74655.94,74661.78
1790060205,2026-09-22T12:26:45,74662.47,74662.47,74654.61,74654.61
1790060220,2026-09-22T12:27:00,74656.2,74662.91,74656.2,74659.43
1790060235,2026-09-22T12:27:15,74659.43,74669.31,74659.43,74662.96
1790060250,2026-09-22T12:27:30,74663.14,74663.14,74647.02,74648.25
1790060265,2026-09-22T12:27:45,74641.32,74650.2,74641.32,74650.2
1790060280,2026-09-22T12:28:00,74650.2,74655.17,74649.62,74652.22
1790060295,2026-09-22T12:28:15,74653.26,74653.26,74648.32,74652.09
1790060310,2026-09-22T12:28:30,74652.38,74667.38,74650.46,74666.44
1790060325,2026-09-22T12:28:45,74663.65,74665.08,74658.37,74663.36
1790060340,2026-09-22T12:29:00,74664.28,74670.53,74663.94,74665.49
1790060355,2026-09-22T12:29:15,74665.9,74667.97,74662.99,74662.99
1790060370,2026-09-22T12:29:30,74662.99,74662.99,74651.36,74651.36
1790060385,2026-09-22T12:29:45,74653.29,74653.29,74643.31,74645.6
1790060400,2026-09-22T12:30:00,74644.78,74648.71,74641.96,74644.43
1790060415,2026-09-22T12:30:15,74644.08,74645.07,74633.37,74633.71
1790060430,2026-09-22T12:30:30,74633.58,74635.21,74627.65,74631.22
1790060445,2026-09-22T12:30:45,74633.49,74638.97,74633.49,74637.78
1790060460,2026-09-22T12:31:00,74637.78,74637.78,74626.97,74627.34
1790060475,2026-09-22T12:31:15,74625.68,74629.49,74622.4,74628.76
1790060490,2026-09-22T12:31:30,74628.98,74639.64,74628.98,74639.63
1790060505,2026-09-22T12:31:45,74639.33,74642.37,74637.15,74639.66
1790060520,2026-09-22T12:32:00,74642.19,74649.05,74642.19,74647.13
1790060535,2026-09-22T12:32:15,74646.68,74649.37,74644.33,74647.59
1790060550,2026-09-22T12:32:30,74646.98,74656.79,74646.98,74656.79
1790060565,2026-09-22T12:32:45,74656.79,74656.79,74654.03,74654.05
1790060580,2026-09-22T12:33:00,74654.05,74661.62,74654.05,74661.3
1790060595,2026-09-22T12:33:15,74657.64,74668.16,74655.12,74668.16
1790060610,2026-09-22T12:33:30,74668.16,74668.16,74653.47,74653.47
1790060625,2026-09-22T12:33:45,74653.47,74658.98,74653.2,74658.98
1790060640,2026-09-22T12:34:00,74658,74658,74650.42,74655.58
1790060655,2026-09-22T12:34:15,74655.8,74659.64,74653.87,74656.6
1790060670,2026-09-22T12:34:30,74654.77,74655.69,74646.68,74648.44
1790060685,2026-09-22T12:34:45,74648.44,74659.08,74648.44,74658.54
1790060700,2026-09-22T12:35:00,74659.76,74661.43,74654.94,74655.63
1790060715,2026-09-22T12:35:15,74655.63,74665.53,74655.63,74661.95
1790060730,2026-09-22T12:35:30,74661.59,74663.51,74655.27,74663.51
1790060745,2026-09-22T12:35:45,74663.16,74663.16,74659.02,74660.16
1790060760,2026-09-22T12:36:00,74660.16,74660.69,74653.43,74653.43
1790060775,2026-09-22T12:36:15,74653.87,74653.87,74642.58,74647.2
1790060790,2026-09-22T12:36:30,74645.91,74651.71,74643.12,74643.12
1790060805,2026-09-22T12:36:45,74643.27,74652.69,74643.27,74652.29
1790060820,2026-09-22T12:37:00,74651.89,74652.98,74649.78,74650.98
1790060835,2026-09-22T12:37:15,74650.98,74655.36,74644.08,74644.08
1790060850,2026-09-22T12:37:30,74645.91,74651.75,74644.82,74651.75
1790060865,2026-09-22T12:37:45,74652.36,74653.91,74650.15,74651.41
1790060880,2026-09-22T12:38:00,74651.19,74656.14,74647.68,74656.06
1790060895,2026-09-22T12:38:15,74654.87,74661.33,74652.12,74655.95
1790060910,2026-09-22T12:38:30,74658.73,74667.84,74658.44,74667.84
1790060925,2026-09-22T12:38:45,74656.15,74662.36,74650.83,74662.36
1790060940,2026-09-22T12:39:00,74660,74662.81,74658.47,74659.37
1790060955,2026-09-22T12:39:15,74656.11,74656.82,74646.02,74649.36
1790060970,2026-09-22T12:39:30,74649.91,74652.92,74648.04,74650.47
1790060985,2026-09-22T12:39:45,74652.4,74653.83,74651.29,74653.83
1790061000,2026-09-22T12:40:00,74653.98,74653.98,74645.92,74646.86
1790061015,2026-09-22T12:40:15,74648.89,74649.83,74642.04,74643.01
1790061030,2026-09-22T12:40:30,74642.45,74649.28,74642.45,74649.28
1790061045,2026-09-22T12:40:45,74649.28,74660.87,74648.71,74660.87
1790061060,2026-09-22T12:41:00,74658.3,74658.9,74654.64,74654.64
1790061075,2026-09-22T12:41:15,74654.74,74662.24,74654.74,74658.84
1790061090,2026-09-22T12:41:30,74661.15,74661.15,74654.69,74660.57
1790061105,2026-09-22T12:41:45,74658.98,74660.46,74655.25,74655.25
1790061120,2026-09-22T12:42:00,74656.54,74656.54,74651.83,74654.1
1790061135,2026-09-22T12:42:15,74652.82,74654.6,74649.77,74651.42
1790061150,2026-09-22T12:42:30,74652.47,74655.81,74650.62,74655.81
1790061165,2026-09-22T12:42:45,74656.26,74657.54,74647.84,74647.84
1790061180,2026-09-22T12:43:00,74648.48,74650.97,74646.81,74650.28
1790061195,2026-09-22T12:43:15,74649.45,74652.04,74648.26,74650.12
1790061210,2026-09-22T12:43:30,74648.57,74649.38,74628.39,74628.39
1790061225,2026-09-22T12:43:45,74628.39,74629.5,74624.41,74627.54
1790061240,2026-09-22T12:44:00,74627.54,74628,74622.09,74624.46
1790061255,2026-09-22T12:44:15,74625.46,74627.15,74624.34,74625.54
1790061270,2026-09-22T12:44:30,74627.47,74627.47,74611.81,74611.81
1790061285,2026-09-22T12:44:45,74611.81,74612.99,74602.99,74602.99
1790061300,2026-09-22T12:45:00,74605.94,74608.68,74599.55,74599.55
1790061315,2026-09-22T12:45:15,74599.55,74599.55,74590.88,74596.52
1790061330,2026-09-22T12:45:30,74596.58,74596.58,74584.93,74595
1790061345,2026-09-22T12:45:45,74594.18,74601.44,74594.18,74600.56
1790061360,2026-09-22T12:46:00,74599.05,74599.05,74592.26,74592.26
1790061375,2026-09-22T12:46:15,74591.14,74601.45,74587.38,74599.99
1790061390,2026-09-22T12:46:30,74598.05,74609.78,74597.96,74608.39
1790061405,2026-09-22T12:46:45,74607.34,74611.43,74607.34,74611.06
1790061420,2026-09-22T12:47:00,74607.13,74607.13,74599.06,74604.37
1790061435,2026-09-22T12:47:15,74602.51,74606.96,74602.51,74606.96
1790061450,2026-09-22T12:47:30,74605.33,74613.14,74605.33,74610.29
1790061465,2026-09-22T12:47:45,74608.33,74612.95,74606.57,74610.67
1790061480,2026-09-22T12:48:00,74609.13,74613.8,74608.57,74613.8
1790061495,2026-09-22T12:48:15,74612.51,74616.23,74611.31,74611.67
1790061510,2026-09-22T12:48:30,74612.36,74614.21,74611.02,74613.04
1790061525,2026-09-22T12:48:45,74614.33,74615.12,74613.45,74614.23
1790061540,2026-09-22T12:49:00,74615.51,74620.48,74615.51,74618.44
1790061555,2026-09-22T12:49:15,74618.78,74621.91,74616.27,74617
1790061570,2026-09-22T12:49:30,74613.41,74613.41,74598.02,74598.02
1790061585,2026-09-22T12:49:45,74597.74,74603.74,74597.74,74600.91
1790061600,2026-09-22T12:50:00,74598.89,74599.07,74589.33,74591.27
1790061615,2026-09-22T12:50:15,74590.02,74591.15,74583.38,74588.29
1790061630,2026-09-22T12:50:30,74589.34,74589.62,74583.89,74583.89
1790061645,2026-09-22T12:50:45,74582.5,74582.5,74572.54,74572.59
1790061660,2026-09-22T12:51:00,74570.97,74577.47,74570.97,74572.34
1790061675,2026-09-22T12:51:15,74573.15,74580.01,74572.82,74572.82
1790061690,2026-09-22T12:51:30,74573.44,74573.9,74570.04,74570.31
1790061705,2026-09-22T12:51:45,74571.18,74576.84,74568.89,74576.21
1790061720,2026-09-22T12:52:00,74575.67,74580.82,74574.73,74580.82
1790061735,2026-09-22T12:52:15,74581.28,74581.28,74575.75,74575.75
1790061750,2026-09-22T12:52:30,74577.68,74588.27,74577.68,74588.27
1790061765,2026-09-22T12:52:45,74587.98,74594.58,74587.98,74592.86
1790061780,2026-09-22T12:53:00,74590.5,74605.37,74590.4,74603.01
1790061795,2026-09-22T12:53:15,74603.01,74603.01,74589.64,74590.01
1790061810,2026-09-22T12:53:30,74587.68,74590.32,74583.27,74590.32
1790061825,2026-09-22T12:53:45,74591.51,74594.28,74587.29,74589.61
1790061840,2026-09-22T12:54:00,74589.61,74590.07,74582.95,74582.95
1790061855,2026-09-22T12:54:15,74581.02,74587.19,74581.02,74584.95
1790061870,2026-09-22T12:54:30,74584.91,74584.91,74578.18,74581.35
1790061885,2026-09-22T12:54:45,74584.01,74592.78,74584.01,74588
1790061900,2026-09-22T12:55:00,74584.24,74586.76,74574.86,74574.86
1790061915,2026-09-22T12:55:15,74573.81,74575.93,74567.59,74575.68
1790061930,2026-09-22T12:55:30,74574.28,74575.01,74566.61,74567.78
1790061945,2026-09-22T12:55:45,74569.92,74572.18,74561.19,74561.19
1790061960,2026-09-22T12:56:00,74558.27,74560.78,74553.57,74556.42
1790061975,2026-09-22T12:56:15,74556.57,74564.36,74556.12,74556.99
1790061990,2026-09-22T12:56:30,74560.2,74561.81,74552.93,74557.81
1790062005,2026-09-22T12:56:45,74559.03,74565.19,74557.32,74564.77
1790062020,2026-09-22T12:57:00,74567.47,74576.8,74563.42,74573.47
1790062035,2026-09-22T12:57:15,74573.92,74580.86,74573.92,74580.86
1790062050,2026-09-22T12:57:30,74580.9,74580.9,74570.96,74571.91
1790062065,2026-09-22T12:57:45,74572.43,74572.99,74563.99,74565.5
1790062080,2026-09-22T12:58:00,74566.08,74567.65,74563.33,74563.33
1790062095,2026-09-22T12:58:15,74565.34,74569.61,74562.97,74566.6
1790062110,2026-09-22T12:58:30,74566.7,74572.78,74566.66,74570.56
1790062125,2026-09-22T12:58:45,74569.27,74573.45,74567.21,74569.72
1790062140,2026-09-22T12:59:00,74567.15,74567.15,74561.16,74561.16
1790062155,2026-09-22T12:59:15,74558.62,74561.97,74558.44,74558.59
1790062170,2026-09-22T12:59:30,74559.5,74565.01,74559.5,74563.92
1790062185,2026-09-22T12:59:45,74564.93,74569.28,74563.91,74566.9
1790062200,2026-09-22T13:00:00,74566.6,74567.75,74554.64,74555.58
1790062215,2026-09-22T13:00:15,74556.06,74558.89,74533.98,74533.98
1790062230,2026-09-22T13:00:30,74533.73,74534.03,74521.51,74521.51
1790062245,2026-09-22T13:00:45,74522.72,74522.72,74517.7,74521.94
1790062260,2026-09-22T13:01:00,74525.27,74528.05,74521.35,74528.05
1790062275,2026-09-22T13:01:15,74528.05,74532.74,74528.05,74529.86
1790062290,2026-09-22T13:01:30,74528.75,74537.4,74528.75,74537.4
1790062305,2026-09-22T13:01:45,74536.52,74547.28,74536.33,74547.28
1790062320,2026-09-22T13:02:00,74547.03,74557.4,74547.03,74557.4
1790062335,2026-09-22T13:02:15,74557.4,74558.53,74548.23,74552.68
1790062350,2026-09-22T13:02:30,74552.34,74553.52,74533.13,74533.77
1790062365,2026-09-22T13:02:45,74532.4,74538.17,74531.85,74534.24
1790062380,2026-09-22T13:03:00,74536.63,74536.63,74524.37,74524.37
1790062395,2026-09-22T13:03:15,74525.29,74528.67,74523.03,74523.03
1790062410,2026-09-22T13:03:30,74522.72,74527.55,74522.29,74522.29
1790062425,2026-09-22T13:03:45,74525.14,74529.01,74524.4,74528.1
1790062440,2026-09-22T13:04:00,74528.1,74529.15,74525.49,74529.15
1790062455,2026-09-22T13:04:15,74527.33,74532.47,74524.73,74531.83
1790062470,2026-09-22T13:04:30,74531.85,74531.85,74523.97,74526.71
1790062485,2026-09-22T13:04:45,74526.16,74537.22,74526.16,74535.97
1790062500,2026-09-22T13:05:00,74533.91,74535.08,74530.98,74531.63
1790062515,2026-09-22T13:05:15,74532.18,74538.81,74532.18,74533.01
1790062530,2026-09-22T13:05:30,74531.44,74536.43,74531.44,74536.43
1790062545,2026-09-22T13:05:45,74536.43,74540.23,74535.21,74539.57
1790062560,2026-09-22T13:06:00,74540.3,74541.36,74536.49,74537.67
1790062575,2026-09-22T13:06:15,74537.67,74544.47,74537.67,74544.36
1790062590,2026-09-22T13:06:30,74545.62,74548.34,74545.36,74546.52
1790062605,2026-09-22T13:06:45,74545.73,74547.31,74542.24,74544.18
1790062620,2026-09-22T13:07:00,74546.42,74556.7,74546.42,74554.02
1790062635,2026-09-22T13:07:15,74556.59,74562.57,74556.59,74558.03
1790062650,2026-09-22T13:07:30,74564.16,74565.18,74560.7,74562.92
1790062665,2026-09-22T13:07:45,74566.01,74568.07,74563.62,74565.98
1790062680,2026-09-22T13:08:00,74566.28,74571.69,74565.41,74566.04
1790062695,2026-09-22T13:08:15,74566.14,74569.49,74561,74563.94
1790062710,2026-09-22T13:08:30,74567.01,74567.08,74560.62,74561.14
1790062725,2026-09-22T13:08:45,74560.96,74569.97,74560.96,74566.12
1790062740,2026-09-22T13:09:00,74566.42,74570.74,74566.42,74570.28
1790062755,2026-09-22T13:09:15,74569.28,74574.52,74569.28,74571.82
1790062770,2026-09-22T13:09:30,74571.96,74574.51,74571.34,74572.53
1790062785,2026-09-22T13:09:45,74571.89,74576.06,74569.77,74575.64
1790062800,2026-09-22T13:10:00,74577.26,74583.05,74575.57,74583.05
1790062815,2026-09-22T13:10:15,74582.52,74587.85,74581.13,74584.91
1790062830,2026-09-22T13:10:30,74584.07,74587.79,74583.59,74583.59
1790062845,2026-09-22T13:10:45,74583.46,74583.46,74577.94,74582.12
1790062860,2026-09-22T13:11:00,74582.12,74582.12,74575.84,74575.84
1790062875,2026-09-22T13:11:15,74575.28,74582.52,74575.17,74581.98
1790062890,2026-09-22T13:11:30,74580.67,74581.1,74577.6,74579.11
1790062905,2026-09-22T13:11:45,74582.95,74582.95,74577.68,74577.68
1790062920,2026-09-22T13:12:00,74578.61,74579.51,74573.66,74576.78
1790062935,2026-09-22T13:12:15,74575.78,74583.8,74575.1,74583.8
1790062950,2026-09-22T13:12:30,74580.92,74585.26,74579.13,74579.13
1790062965,2026-09-22T13:12:45,74579.16,74579.8,74573.8,74576.15
1790062980,2026-09-22T13:13:00,74576.93,74582.89,74572.2,74575.14
1790062995,2026-09-22T13:13:15,74575.23,74580.07,74575.04,74575.12
1790063010,2026-09-22T13:13:30,74575.18,74576.62,74569.47,74574.3
1790063025,2026-09-22T13:13:45,74574.94,74576.9,74571.67,74576.9
1790063040,2026-09-22T13:14:00,74576.9,74582.81,74575.95,74577.72
1790063055,2026-09-22T13:14:15,74577.71,74584.75,74577.71,74582.39
1790063070,2026-09-22T13:14:30,74582.39,74582.39,74577.11,74577.87
1790063085,2026-09-22T13:14:45,74581.08,74582.15,74575.56,74575.56
1790063100,2026-09-22T13:15:00,74578.4,74581.27,74575.33,74575.33
1790063115,2026-09-22T13:15:15,74578.02,74585.72,74578.02,74585.72
1790063130,2026-09-22T13:15:30,74585.72,74589.87,74582.81,74588.36
1790063145,2026-09-22T13:15:45,74591.67,74591.67,74581.51,74584.34
1790063160,2026-09-22T13:16:00,74584.39,74585.9,74582.61,74583.16
1790063175,2026-09-22T13:16:15,74583.53,74583.53,74576.98,74579.29
1790063190,2026-09-22T13:16:30,74579.81,74579.81,74571.12,74572.9
1790063205,2026-09-22T13:16:45,74572.64,74577.39,74570.31,74573.16
1790063220,2026-09-22T13:17:00,74572.36,74573.1,74566.87,74568.34
1790063235,2026-09-22T13:17:15,74569.11,74569.11,74565.85,74568.28
1790063250,2026-09-22T13:17:30,74568.28,74568.28,74560.01,74567.96
1790063265,2026-09-22T13:17:45,74567.52,74568.47,74557.4,74561.23
1790063280,2026-09-22T13:18:00,74560.6,74564.13,74552.65,74554.28
1790063295,2026-09-22T13:18:15,74556.32,74557.21,74549.02,74549.73
1790063310,2026-09-22T13:18:30,74549.03,74552.06,74546.1,74551.23
1790063325,2026-09-22T13:18:45,74553.53,74553.53,74550.96,74551.27
1790063340,2026-09-22T13:19:00,74552.49,74557.63,74552.25,74557.63
1790063355,2026-09-22T13:19:15,74557.18,74561.02,74556.84,74558.63
1790063370,2026-09-22T13:19:30,74558.12,74563.58,74557.33,74560.08
1790063385,2026-09-22T13:19:45,74559.93,74567.75,74557.67,74558.12
1790063400,2026-09-22T13:20:00,74557.89,74564.58,74557.89,74562.51
1790063415,2026-09-22T13:20:15,74560.58,74560.58,74551.45,74553.13
1790063430,2026-09-22T13:20:30,74554.4,74554.89,74549.86,74551.07
1790063445,2026-09-22T13:20:45,74552.72,74563.24,74551.89,74557.17
1790063460,2026-09-22T13:21:00,74561.89,74562.49,74557.25,74557.25
1790063475,2026-09-22T13:21:15,74555.01,74558.85,74548.63,74548.63
1790063490,2026-09-22T13:21:30,74551.04,74552.84,74546.7,74546.7
1790063505,2026-09-22T13:21:45,74545.22,74549.27,74543.61,74543.61
1790063520,2026-09-22T13:22:00,74543.61,74543.98,74540.86,74543.02
1790063535,2026-09-22T13:22:15,74545.52,74545.52,74539.66,74543.81
1790063550,2026-09-22T13:22:30,74543.81,74545.98,74537.47,74537.47
1790063565,2026-09-22T13:22:45,74537.92,74544.94,74535.73,74544.21
1790063580,2026-09-22T13:23:00,74543.57,74543.57,74537.48,74541.88
1790063595,2026-09-22T13:23:15,74541.76,74544.39,74541.76,74542.54
1790063610,2026-09-22T13:23:30,74542.54,74543.48,74538.67,74538.71
1790063625,2026-09-22T13:23:45,74541.28,74549.38,74540.12,74548.89
1790063640,2026-09-22T13:24:00,74548.89,74548.89,74541.47,74541.68
1790063655,2026-09-22T13:24:15,74541.68,74547.54,74540.68,74547.54
1790063670,2026-09-22T13:24:30,74547.54,74548.56,74540.84,74545.67
1790063685,2026-09-22T13:24:45,74549.22,74552.72,74543.91,74547.12
1790063700,2026-09-22T13:25:00,74546.67,74551.31,74545.16,74551.18
1790063715,2026-09-22T13:25:15,74543.17,74547.06,74540.09,74543.4
1790063730,2026-09-22T13:25:30,74545.63,74553.25,74545.63,74552.37
1790063745,2026-09-22T13:25:45,74552.58,74556.93,74551.3,74556.52
1790063760,2026-09-22T13:26:00,74556.93,74558.27,74545.36,74546.54
1790063775,2026-09-22T13:26:15,74547.99,74554.55,74547.96,74550.53
1790063790,2026-09-22T13:26:30,74549.37,74557.34,74548.13,74553.15
1790063805,2026-09-22T13:26:45,74555.33,74557.33,74550.64,74550.64
1790063820,2026-09-22T13:27:00,74548.62,74556.36,74548.62,74556.36
1790063835,2026-09-22T13:27:15,74556.1,74564.64,74554.29,74564.64
1790063850,2026-09-22T13:27:30,74562.91,74567.87,74560.33,74567.69
1790063865,2026-09-22T13:27:45,74567.08,74572.1,74564.12,74572.1
1790063880,2026-09-22T13:28:00,74571.79,74577.65,74570,74577.65
1790063895,2026-09-22T13:28:15,74578.03,74585.18,74578.03,74584.49
1790063910,2026-09-22T13:28:30,74584.49,74584.49,74578.1,74580.57
1790063925,2026-09-22T13:28:45,74580.57,74585.83,74579.95,74584.73
1790063940,2026-09-22T13:29:00,74585.32,74585.59,74576.83,74576.83
1790063955,2026-09-22T13:29:15,74580.63,74581.64,74578.52,74581.64
1790063970,2026-09-22T13:29:30,74581.58,74586.46,74581.58,74585.45
1790063985,2026-09-22T13:29:45,74588.62,74589.68,74585.65,74588.6
1790064000,2026-09-22T13:30:00,74588.25,74588.86,74585.05,74587.07
1790064015,2026-09-22T13:30:15,74583.85,74591.76,74581.98,74591.76
1790064030,2026-09-22T13:30:30,74591.76,74591.76,74587.9,74590.55
1790064045,2026-09-22T13:30:45,74589.42,74592.59,74584.09,74588.43
1790064060,2026-09-22T13:31:00,74591.59,74592.63,74587.78,74590.38
1790064075,2026-09-22T13:31:15,74592.37,74595.5,74588.98,74590.19
1790064090,2026-09-22T13:31:30,74590.19,74594.47,74590.19,74594.01
1790064105,2026-09-22T13:31:45,74593.27,74594.84,74589.35,74593.33
1790064120,2026-09-22T13:32:00,74595.15,74604.1,74595.15,74598.05
1790064135,2026-09-22T13:32:15,74598.55,74603.35,74596.66,74603.35
1790064150,2026-09-22T13:32:30,74602.71,74603.13,74588.02,74594.99
1790064165,2026-09-22T13:32:45,74594.99,74594.99,74589.82,74592
1790064180,2026-09-22T13:33:00,74592.46,74592.91,74584.19,74584.19
1790064195,2026-09-22T13:33:15,74584.48,74591.53,74584.48,74587.49
1790064210,2026-09-22T13:33:30,74589.42,74595.42,74588.24,74593.29
1790064225,2026-09-22T13:33:45,74592.77,74594.86,74589.04,74590.23
1790064240,2026-09-22T13:34:00,74592.61,74600.13,74590.56,74599.55
1790064255,2026-09-22T13:34:15,74596.34,74601.31,74592.41,74598.61
1790064270,2026-09-22T13:34:30,74598.09,74599.8,74591.41,74592.25
1790064285,2026-09-22T13:34:45,74591.04,74600.43,74590.75,74600.43
1790064300,2026-09-22T13:35:00,74599.21,74599.21,74593.13,74593.34
1790064315,2026-09-22T13:35:15,74593.57,74601.18,74593.57,74596.87
1790064330,2026-09-22T13:35:30,74596.87,74601.98,74594.34,74601.03
1790064345,2026-09-22T13:35:45,74600.57,74604.11,74599.64,74604.11
1790064360,2026-09-22T13:36:00,74605.49,74610.34,74601.89,74610.13
1790064375,2026-09-22T13:36:15,74610.38,74612.04,74609.37,74611.93
1790064390,2026-09-22T13:36:30,74611.14,74612.35,74603.49,74603.49
1790064405,2026-09-22T13:36:45,74604.46,74612.47,74604.46,74612.47
1790064420,2026-09-22T13:37:00,74611.7,74611.7,74602.92,74605.05
1790064435,2026-09-22T13:37:15,74604.96,74606.04,74602.93,74606.04
1790064450,2026-09-22T13:37:30,74606.04,74608.36,74603.63,74603.63
1790064465,2026-09-22T13:37:45,74603.63,74608.68,74603.43,74608.68
1790064480,2026-09-22T13:38:00,74605.32,74609.14,74605.32,74606.73
1790064495,2026-09-22T13:38:15,74606.73,74611.27,74606.73,74609.12
1790064510,2026-09-22T13:38:30,74609.85,74611.67,74602.75,74602.75
1790064525,2026-09-22T13:38:45,74603.55,74607.79,74602.32,74603.89
1790064540,2026-09-22T13:39:00,74599.67,74601.85,74599.67,74601.04
1790064555,2026-09-22T13:39:15,74603.61,74608.87,74601.98,74608.01
1790064570,2026-09-22T13:39:30,74611.86,74615.13,74608.82,74608.82
1790064585,2026-09-22T13:39:45,74602.69,74614.11,74602.69,74614.11
1790064600,2026-09-22T13:40:00,74613.91,74620.02,74613.91,74620.02
1790064615,2026-09-22T13:40:15,74620.56,74620.88,74612.98,74614.6
1790064630,2026-09-22T13:40:30,74614.69,74616.77,74610.76,74612.55
1790064645,2026-09-22T13:40:45,74613.15,74615.36,74611.32,74615.26
1790064660,2026-09-22T13:41:00,74615.26,74618.69,74615.26,74617.78
1790064675,2026-09-22T13:41:15,74616.15,74617.28,74612.92,74615.54
1790064690,2026-09-22T13:41:30,74613.2,74615.92,74612.29,74615.62
1790064705,2026-09-22T13:41:45,74614.87,74618.59,74614.87,74615.83
1790064720,2026-09-22T13:42:00,74616.99,74616.99,74612.35,74615.24
1790064735,2026-09-22T13:42:15,74616.41,74620.12,74616.41,74620.12
1790064750,2026-09-22T13:42:30,74618.99,74626.7,74617.54,74626.7
1790064765,2026-09-22T13:42:45,74626.14,74637.14,74625.63,74631.39
1790064780,2026-09-22T13:43:00,74629.47,74631.19,74623.77,74623.77
1790064795,2026-09-22T13:43:15,74622.76,74623.44,74613.68,74613.68
1790064810,2026-09-22T13:43:30,74615.2,74616.58,74609.48,74609.63
1790064825,2026-09-22T13:43:45,74609.67,74618.32,74609.67,74613.35
1790064840,2026-09-22T13:44:00,74613.24,74615.38,74612.98,74615.38
1790064855,2026-09-22T13:44:15,74612.8,74614.92,74608.13,74609.86
1790064870,2026-09-22T13:44:30,74611.88,74614.76,74605.47,74605.47
1790064885,2026-09-22T13:44:45,74604.35,74606.72,74600.11,74600.11
1790064900,2026-09-22T13:45:00,74592.93,74595.18,74572.91,74572.91
1790064915,2026-09-22T13:45:15,74571.54,74580.39,74571.54,74578.62
1790064930,2026-09-22T13:45:30,74577.93,74577.93,74561.77,74565.49
1790064945,2026-09-22T13:45:45,74565.32,74565.32,74558.89,74565.2
1790064960,2026-09-22T13:46:00,74564.79,74565.38,74558.52,74560.01
1790064975,2026-09-22T13:46:15,74560.01,74568.49,74560.01,74567.77
1790064990,2026-09-22T13:46:30,74567.42,74568.56,74562.26,74562.26
1790065005,2026-09-22T13:46:45,74562.11,74566.44,74561.34,74564.47
1790065020,2026-09-22T13:47:00,74565.59,74566.31,74560.76,74566.31
1790065035,2026-09-22T13:47:15,74566.31,74577.2,74565.71,74577.2
1790065050,2026-09-22T13:47:30,74576.55,74577.98,74576.06,74577.98
1790065065,2026-09-22T13:47:45,74576.95,74578.66,74568.66,74574.17
1790065080,2026-09-22T13:48:00,74575.72,74576.02,74569.61,74569.86
1790065095,2026-09-22T13:48:15,74569.75,74570.84,74564.31,74564.31
1790065110,2026-09-22T13:48:30,74565.98,74566.32,74561.72,74562.13
1790065125,2026-09-22T13:48:45,74561.88,74565.54,74556.16,74562.33
1790065140,2026-09-22T13:49:00,74561.03,74561.03,74538.61,74540.29
1790065155,2026-09-22T13:49:15,74539.9,74547.28,74539.9,74547.28
1790065170,2026-09-22T13:49:30,74547.28,74551.92,74546.62,74548.19
1790065185,2026-09-22T13:49:45,74548.19,74554.57,74547.9,74553.95
1790065200,2026-09-22T13:50:00,74555.83,74555.97,74542.82,74546.19
1790065215,2026-09-22T13:50:15,74547.23,74551.51,74541.8,74549.22
1790065230,2026-09-22T13:50:30,74548.53,74548.53,74540.95,74540.95
1790065245,2026-09-22T13:50:45,74538.16,74547.58,74538.16,74542.79
1790065260,2026-09-22T13:51:00,74543.55,74545.02,74538.17,74541.69
1790065275,2026-09-22T13:51:15,74541.54,74550.48,74541.54,74547.62
1790065290,2026-09-22T13:51:30,74548.03,74548.03,74534.57,74534.57
1790065305,2026-09-22T13:51:45,74532.57,74533.06,74528.49,74532.62
1790065320,2026-09-22T13:52:00,74532.82,74534.76,74527.53,74534.76
1790065335,2026-09-22T13:52:15,74534.76,74538.74,74530.23,74537.04
1790065350,2026-09-22T13:52:30,74539.84,74544.7,74536.39,74539.99
1790065365,2026-09-22T13:52:45,74541.05,74545.06,74538.91,74544.2
1790065380,2026-09-22T13:53:00,74544.89,74545.62,74540.37,74540.37
1790065395,2026-09-22T13:53:15,74540.31,74541.28,74531.87,74535.32
1790065410,2026-09-22T13:53:30,74535.32,74538.87,74531.43,74533
1790065425,2026-09-22T13:53:45,74527.4,74530.1,74485.92,74485.92
1790065440,2026-09-22T13:54:00,74484.81,74487.63,74473.42,74473.42
1790065455,2026-09-22T13:54:15,74472.04,74472.4,74462.1,74463.43
1790065470,2026-09-22T13:54:30,74462.43,74477.22,74462.43,74476.53
1790065485,2026-09-22T13:54:45,74477.81,74479.06,74470.94,74473.51
1790065500,2026-09-22T13:55:00,74472.19,74477.8,74472.19,74472.41
1790065515,2026-09-22T13:55:15,74475.86,74502.68,74475.86,74502.14
1790065530,2026-09-22T13:55:30,74500.27,74506.26,74498.99,74503.05
1790065545,2026-09-22T13:55:45,74503.05,74503.05,74488.76,74488.76
1790065560,2026-09-22T13:56:00,74488.63,74492.09,74484.02,74484.02
1790065575,2026-09-22T13:56:15,74486.08,74486.08,74476.13,74481.93
1790065590,2026-09-22T13:56:30,74482.64,74487.48,74480.98,74481.69
1790065605,2026-09-22T13:56:45,74478.61,74480.36,74468.54,74469.35
1790065620,2026-09-22T13:57:00,74469.35,74470.29,74462.64,74470.29
1790065635,2026-09-22T13:57:15,74470.29,74470.64,74463.35,74464.99
1790065650,2026-09-22T13:57:30,74465.55,74479.93,74465.55,74476.97
1790065665,2026-09-22T13:57:45,74477.75,74480.04,74467.86,74467.86
1790065680,2026-09-22T13:58:00,74469.26,74478.54,74469.26,74477.65
1790065695,2026-09-22T13:58:15,74480.52,74482.4,74474.42,74477.74
1790065710,2026-09-22T13:58:30,74480.23,74483.76,74470.12,74470.12
1790065725,2026-09-22T13:58:45,74470.12,74476.08,74470.12,74471.37
1790065740,2026-09-22T13:59:00,74476.63,74478.55,74469.89,74478.2
1790065755,2026-09-22T13:59:15,74477.97,74477.97,74473.33,74477.48
1790065770,2026-09-22T13:59:30,74474.47,74477.96,74472.55,74475.51
1790065785,2026-09-22T13:59:45,74476.14,74485.15,74476.14,74476.99
1790065800,2026-09-22T14:00:00,74476.99,74476.99,74462.81,74462.81
1790065815,2026-09-22T14:00:15,74456.85,74456.85,74445.83,74447.53
1790065830,2026-09-22T14:00:30,74447.53,74447.53,74439.34,74439.34
1790065845,2026-09-22T14:00:45,74439.34,74439.9,74425.51,74429.01
1790065860,2026-09-22T14:01:00,74429.18,74442.96,74423.71,74441.73
1790065875,2026-09-22T14:01:15,74441.99,74447,74437.59,74439.22
1790065890,2026-09-22T14:01:30,74438.92,74441.42,74434.33,74434.52
1790065905,2026-09-22T14:01:45,74435.33,74452.89,74434.11,74452.89
1790065920,2026-09-22T14:02:00,74451.16,74455.52,74446.86,74448.71
1790065935,2026-09-22T14:02:15,74443.93,74450.13,74435.17,74442.82
1790065950,2026-09-22T14:02:30,74442.82,74444.71,74439.6,74443.81
1790065965,2026-09-22T14:02:45,74451.5,74460.76,74451.19,74453.13
1790065980,2026-09-22T14:03:00,74451.59,74457.84,74448.17,74456.93
1790065995,2026-09-22T14:03:15,74458.43,74458.43,74448.35,74453.23
1790066010,2026-09-22T14:03:30,74452.28,74461.96,74452.28,74461.96
1790066025,2026-09-22T14:03:45,74462.54,74462.54,74450.62,74450.94
1790066040,2026-09-22T14:04:00,74452.54,74453.48,74442.93,74443.53
1790066055,2026-09-22T14:04:15,74442.7,74460.88,74442.7,74460.88
1790066070,2026-09-22T14:04:30,74460.07,74465.48,74456.83,74456.83
1790066085,2026-09-22T14:04:45,74456.74,74470.42,74456.74,74470.42
1790066100,2026-09-22T14:05:00,74471.51,74475.44,74471.51,74475.44
1790066115,2026-09-22T14:05:15,74481.54,74485.16,74478.55,74479.84
1790066130,2026-09-22T14:05:30,74478.64,74480.29,74472.7,74473.43
1790066145,2026-09-22T14:05:45,74468.5,74469.62,74456.21,74456.64
1790066160,2026-09-22T14:06:00,74459.71,74459.75,74446.98,74447.73
1790066175,2026-09-22T14:06:15,74451.55,74451.55,74446.42,74450.8
1790066190,2026-09-22T14:06:30,74450.89,74457.4,74450.15,74457.1
1790066205,2026-09-22T14:06:45,74457.68,74469.08,74456.13,74469.08
1790066220,2026-09-22T14:07:00,74473.26,74478.06,74467.97,74467.97
1790066235,2026-09-22T14:07:15,74466.59,74466.59,74456.22,74456.22
1790066250,2026-09-22T14:07:30,74457.68,74465.82,74454.21,74464.1
1790066265,2026-09-22T14:07:45,74462,74463.58,74456.63,74458.02
1790066280,2026-09-22T14:08:00,74459.58,74460.89,74447.25,74447.25
1790066295,2026-09-22T14:08:15,74450.06,74457.13,74450.06,74452.13
1790066310,2026-09-22T14:08:30,74450.9,74455.98,74445.85,74448.69
1790066325,2026-09-22T14:08:45,74447.59,74454.35,74444.28,74454.35
1790066340,2026-09-22T14:09:00,74454.35,74465.39,74454.35,74463.85
1790066355,2026-09-22T14:09:15,74463.9,74468.97,74463.04,74465.93
1790066370,2026-09-22T14:09:30,74465.82,74474.19,74465.82,74474.19
1790066385,2026-09-22T14:09:45,74478.43,74486.6,74476.55,74483.44
1790066400,2026-09-22T14:10:00,74485.42,74492.3,74485.42,74492.3
1790066415,2026-09-22T14:10:15,74492.27,74499.45,74492.21,74492.21
1790066430,2026-09-22T14:10:30,74493.33,74513.28,74493.33,74513.28
1790066445,2026-09-22T14:10:45,74514.77,74524.64,74509.32,74521.34
1790066460,2026-09-22T14:11:00,74521.94,74522,74513.46,74518.51
1790066475,2026-09-22T14:11:15,74517.79,74517.79,74508.77,74512.48
1790066490,2026-09-22T14:11:30,74510.89,74519.88,74510.89,74516.84
1790066505,2026-09-22T14:11:45,74519.82,74536.51,74519.82,74531.66
1790066520,2026-09-22T14:12:00,74536.11,74541.33,74532.77,74538.07
1790066535,2026-09-22T14:12:15,74538.93,74538.93,74534.04,74534.68
1790066550,2026-09-22T14:12:30,74533.14,74548.5,74531.92,74548.5
1790066565,2026-09-22T14:12:45,74549.09,74573.69,74542.92,74572.76
1790066580,2026-09-22T14:13:00,74575.03,74585.1,74575.03,74583.7
1790066595,2026-09-22T14:13:15,74583.67,74585.51,74578.68,74580.91
1790066610,2026-09-22T14:13:30,74581.9,74581.9,74568.01,74568.01
1790066625,2026-09-22T14:13:45,74566.29,74569.71,74560.67,74569.71
1790066640,2026-09-22T14:14:00,74569.63,74571.41,74561.2,74561.61
1790066655,2026-09-22T14:14:15,74561.33,74589.63,74561.33,74589.63
1790066670,2026-09-22T14:14:30,74590.32,74614.48,74587.94,74614.48
1790066685,2026-09-22T14:14:45,74615.14,74713.72,74615.14,74713.72
1790066700,2026-09-22T14:15:00,74717.3,74770.33,74717.3,74770.33
1790066715,2026-09-22T14:15:15,74770.09,74781.94,74770.09,74776.17
1790066730,2026-09-22T14:15:30,74774.96,74776.31,74750.72,74750.72
1790066745,2026-09-22T14:15:45,74746.52,74746.52,74729.73,74731.34
1790066760,2026-09-22T14:16:00,74725.1,74725.1,74693.75,74694.71
1790066775,2026-09-22T14:16:15,74695.25,74698.42,74685.79,74685.79
1790066790,2026-09-22T14:16:30,74685.72,74685.72,74676.51,74684.8
1790066805,2026-09-22T14:16:45,74688.05,74703.68,74688.05,74699.44
1790066820,2026-09-22T14:17:00,74707.45,74713.31,74704.92,74712.95
1790066835,2026-09-22T14:17:15,74715.23,74729.69,74713.97,74722.23
1790066850,2026-09-22T14:17:30,74721.54,74725.63,74721.23,74724.55
1790066865,2026-09-22T14:17:45,74724.59,74730.77,74718.55,74728.2
1790066880,2026-09-22T14:18:00,74731,74744.78,74731,74744.75
1790066895,2026-09-22T14:18:15,74743.81,74749.17,74743.81,74744.13
1790066910,2026-09-22T14:18:30,74741.59,74742.09,74733.18,74734.38
1790066925,2026-09-22T14:18:45,74736.04,74740.77,74729.52,74740.77
1790066940,2026-09-22T14:19:00,74739.64,74739.64,74735.96,74737.84
1790066955,2026-09-22T14:19:15,74736.61,74736.61,74729.75,74732.62
1790066970,2026-09-22T14:19:30,74730.24,74745.04,74730.24,74742.61
1790066985,2026-09-22T14:19:45,74743.34,74743.34,74731.4,74737.67
1790067000,2026-09-22T14:20:00,74737.79,74746.38,74737.79,74745.02
1790067015,2026-09-22T14:20:15,74745.62,74756.97,74745.62,74752.08
1790067030,2026-09-22T14:20:30,74753.53,74767.11,74751.6,74766.58
1790067045,2026-09-22T14:20:45,74763.59,74770.85,74757.98,74762.37
1790067060,2026-09-22T14:21:00,74765.98,74772.17,74765.98,74771.62
1790067075,2026-09-22T14:21:15,74767.96,74782.75,74767.96,74782.75
1790067090,2026-09-22T14:21:30,74778.34,74781.46,74766.17,74776.4
1790067105,2026-09-22T14:21:45,74778.04,74779.61,74768.52,74768.52
1790067120,2026-09-22T14:22:00,74772.9,74774.12,74765.58,74770.32
1790067135,2026-09-22T14:22:15,74770.3,74775.87,74767.2,74772.89
1790067150,2026-09-22T14:22:30,74772.89,74778.72,74770.23,74770.23
1790067165,2026-09-22T14:22:45,74771.59,74776.89,74769.54,74770.21
1790067180,2026-09-22T14:23:00,74770.25,74771.41,74765.28,74769.07
1790067195,2026-09-22T14:23:15,74770.29,74776.68,74769.06,74769.06
1790067210,2026-09-22T14:23:30,74772.13,74779.04,74772.13,74777.23
1790067225,2026-09-22T14:23:45,74774.57,74778.19,74764.46,74764.46
1790067240,2026-09-22T14:24:00,74761.89,74761.89,74745,74745
1790067255,2026-09-22T14:24:15,74743,74751.69,74743,74747.09
1790067270,2026-09-22T14:24:30,74746.62,74751.67,74741.74,74741.74
1790067285,2026-09-22T14:24:45,74738.39,74738.39,74719.4,74720.64
1790067300,2026-09-22T14:25:00,74721.03,74732.15,74721.03,74732.15
1790067315,2026-09-22T14:25:15,74732.3,74732.3,74724.17,74725.87
1790067330,2026-09-22T14:25:30,74729.24,74733.06,74728.73,74729.81
1790067345,2026-09-22T14:25:45,74735.85,74750.37,74735.6,74750.37
1790067360,2026-09-22T14:26:00,74753.53,74754.19,74739.84,74740.92
1790067375,2026-09-22T14:26:15,74739.58,74744.06,74739.33,74739.33
1790067390,2026-09-22T14:26:30,74738.69,74738.97,74733.1,74735.52
1790067405,2026-09-22T14:26:45,74739.04,74756.14,74739.04,74753.09
1790067420,2026-09-22T14:27:00,74753.86,74754.64,74737.5,74737.5
1790067435,2026-09-22T14:27:15,74739.43,74741.36,74726.15,74729.43
1790067450,2026-09-22T14:27:30,74729.08,74750.83,74727.73,74750.19
1790067465,2026-09-22T14:27:45,74749.89,74757.18,74745.71,74757.18
1790067480,2026-09-22T14:28:00,74755.53,74755.71,74741.06,74741.06
1790067495,2026-09-22T14:28:15,74739.27,74742.46,74736.35,74739.62
1790067510,2026-09-22T14:28:30,74742.8,74744.23,74740.52,74744.23
1790067525,2026-09-22T14:28:45,74744,74749.21,74743.42,74745.35
1790067540,2026-09-22T14:29:00,74744.14,74749.17,74742.56,74748.87
1790067555,2026-09-22T14:29:15,74748.87,74759.17,74746.97,74757.67
1790067570,2026-09-22T14:29:30,74759.3,74760.14,74751.99,74757.27
1790067585,2026-09-22T14:29:45,74758.07,74760.27,74749.44,74749.44
1790067600,2026-09-22T14:30:00,74746.93,74752.72,74743.53,74752.72
1790067615,2026-09-22T14:30:15,74749.71,74749.71,74743.13,74744.52
1790067630,2026-09-22T14:30:30,74740.46,74746.35,74738.89,74745.91
1790067645,2026-09-22T14:30:45,74745.83,74748,74737.38,74739.72
1790067660,2026-09-22T14:31:00,74744.3,74753.19,74744.3,74751.35
1790067675,2026-09-22T14:31:15,74748.71,74751.06,74746.76,74749
1790067690,2026-09-22T14:31:30,74747.88,74752.1,74746.64,74751.14
1790067705,2026-09-22T14:31:45,74751.14,74757.12,74751.14,74752.05
1790067720,2026-09-22T14:32:00,74748.94,74757.74,74748.94,74756.3
1790067735,2026-09-22T14:32:15,74759.48,74763.23,74753.27,74758.43
1790067750,2026-09-22T14:32:30,74761.29,74770.45,74757.98,74768.96
1790067765,2026-09-22T14:32:45,74768.96,74768.96,74761.31,74763.14
1790067780,2026-09-22T14:33:00,74763.08,74766.27,74753.97,74753.97
1790067795,2026-09-22T14:33:15,74755.55,74756.97,74751,74752.61
1790067810,2026-09-22T14:33:30,74752.45,74763.7,74752.45,74763.7
1790067825,2026-09-22T14:33:45,74763.7,74763.7,74742.24,74748.43
1790067840,2026-09-22T14:34:00,74748.43,74748.43,74738.75,74742.99
1790067855,2026-09-22T14:34:15,74746.06,74747.84,74741.74,74741.74
1790067870,2026-09-22T14:34:30,74741.37,74741.37,74728.19,74728.19
1790067885,2026-09-22T14:34:45,74726.5,74726.5,74720.92,74721.72
1790067900,2026-09-22T14:35:00,74721.72,74733.66,74720.08,74733.66
1790067915,2026-09-22T14:35:15,74732.14,74739.97,74732.14,74734.55
1790067930,2026-09-22T14:35:30,74734.55,74742.91,74731.19,74742.91
1790067945,2026-09-22T14:35:45,74741.77,74754.33,74741.77,74754.33
1790067960,2026-09-22T14:36:00,74754.22,74754.22,74748.17,74748.74
1790067975,2026-09-22T14:36:15,74745.74,74750.06,74745.46,74749.96
1790067990,2026-09-22T14:36:30,74752.71,74758.59,74750.98,74758.59
1790068005,2026-09-22T14:36:45,74759.15,74760.24,74757.52,74758.31
1790068020,2026-09-22T14:37:00,74758.2,74765.54,74756.27,74760.86
1790068035,2026-09-22T14:37:15,74760.48,74760.48,74742.57,74742.86
1790068050,2026-09-22T14:37:30,74747.06,74747.06,74739.68,74740.91
1790068065,2026-09-22T14:37:45,74740.29,74752.92,74740.29,74752.92
1790068080,2026-09-22T14:38:00,74756.72,74756.72,74747.21,74748.61
1790068095,2026-09-22T14:38:15,74746.7,74753.11,74746.7,74748.19
1790068110,2026-09-22T14:38:30,74748.19,74750.96,74748.19,74749.12
1790068125,2026-09-22T14:38:45,74748.56,74749.98,74744.09,74744.54
1790068140,2026-09-22T14:39:00,74744.54,74748.88,74740.73,74744.2
1790068155,2026-09-22T14:39:15,74743.33,74747.81,74734.4,74734.4
1790068170,2026-09-22T14:39:30,74732.44,74740.37,74732.06,74738.75
1790068185,2026-09-22T14:39:45,74741.07,74743.97,74732.73,74743.97
1790068200,2026-09-22T14:40:00,74743.13,74744.01,74741.73,74742.59
1790068215,2026-09-22T14:40:15,74742.25,74743.03,74732.96,74732.96
1790068230,2026-09-22T14:40:30,74732.17,74739.97,74732.17,74736.72
1790068245,2026-09-22T14:40:45,74736.01,74736.87,74726.47,74726.47
1790068260,2026-09-22T14:41:00,74724.98,74728.85,74720.36,74720.36
1790068275,2026-09-22T14:41:15,74718.97,74721.38,74711.07,74711.07
1790068290,2026-09-22T14:41:30,74711.98,74712.71,74709.08,74709.28
1790068305,2026-09-22T14:41:45,74709.59,74718.12,74709.28,74716.29
1790068320,2026-09-22T14:42:00,74724,74725.73,74707.49,74707.49
1790068335,2026-09-22T14:42:15,74707.49,74707.49,74683.02,74683.02
1790068350,2026-09-22T14:42:30,74683.02,74683.11,74672.64,74677.68
1790068365,2026-09-22T14:42:45,74677.77,74685.39,74676.84,74684.07
1790068380,2026-09-22T14:43:00,74678.8,74685.44,74678.1,74682.34
1790068395,2026-09-22T14:43:15,74686.84,74692.93,74680.7,74680.7
1790068410,2026-09-22T14:43:30,74681.44,74688.42,74681.44,74686.96
1790068425,2026-09-22T14:43:45,74688.36,74690.94,74685.65,74686.16
1790068440,2026-09-22T14:44:00,74689.04,74692.6,74681.59,74692.08
1790068455,2026-09-22T14:44:15,74691.12,74694.5,74689.36,74690.22
1790068470,2026-09-22T14:44:30,74688.18,74693.82,74684.46,74690.07
1790068485,2026-09-22T14:44:45,74689.31,74689.31,74681.47,74681.47
1790068500,2026-09-22T14:45:00,74684.5,74689.21,74681.43,74686.89
1790068515,2026-09-22T14:45:15,74686.48,74701.33,74681.72,74698.63
1790068530,2026-09-22T14:45:30,74700.06,74713.09,74700.06,74713.09
1790068545,2026-09-22T14:45:45,74711.16,74720.45,74711.16,74718.15
1790068560,2026-09-22T14:46:00,74718.49,74720.86,74707.63,74707.63
1790068575,2026-09-22T14:46:15,74714.69,74717.89,74706.68,74709.11
1790068590,2026-09-22T14:46:30,74710.56,74714.02,74707.64,74713.34
1790068605,2026-09-22T14:46:45,74712.57,74715.52,74712.07,74715.14
1790068620,2026-09-22T14:47:00,74716.08,74716.65,74711.46,74713.26
1790068635,2026-09-22T14:47:15,74712.94,74716.05,74703.98,74703.98
1790068650,2026-09-22T14:47:30,74704.59,74713.47,74703.89,74711.58
1790068665,2026-09-22T14:47:45,74711.58,74714.85,74708.43,74713.29
1790068680,2026-09-22T14:48:00,74712.21,74713.53,74709.55,74710.66
1790068695,2026-09-22T14:48:15,74710.92,74718.35,74707.31,74708.77
1790068710,2026-09-22T14:48:30,74708.43,74712.06,74700.98,74701.67
1790068725,2026-09-22T14:48:45,74701.55,74707.65,74701.55,74706.06
1790068740,2026-09-22T14:49:00,74707.05,74708.93,74704.59,74708.93
1790068755,2026-09-22T14:49:15,74708.93,74708.93,74701.61,74707.61
1790068770,2026-09-22T14:49:30,74705.39,74706.26,74698.74,74702.96
1790068785,2026-09-22T14:49:45,74705.58,74706.25,74701.31,74704.31
1790068800,2026-09-22T14:50:00,74705,74705,74689.92,74689.92
1790068815,2026-09-22T14:50:15,74690.55,74694.7,74686.84,74694.37
1790068830,2026-09-22T14:50:30,74693.66,74708.61,74693.66,74707.56
1790068845,2026-09-22T14:50:45,74710.11,74724.17,74710.11,74722.24
1790068860,2026-09-22T14:51:00,74726.45,74736.38,74723.98,74731.2
1790068875,2026-09-22T14:51:15,74731.2,74735.55,74721.98,74721.98
1790068890,2026-09-22T14:51:30,74719.56,74726.07,74719.56,74722.31
1790068905,2026-09-22T14:51:45,74721.12,74721.95,74715.98,74715.98
1790068920,2026-09-22T14:52:00,74716.71,74716.71,74698.94,74704.58
1790068935,2026-09-22T14:52:15,74704.15,74709.69,74702.28,74702.28
1790068950,2026-09-22T14:52:30,74705.12,74710.1,74704.92,74710.1
1790068965,2026-09-22T14:52:45,74706.89,74724.24,74706.89,74724.24
1790068980,2026-09-22T14:53:00,74724.97,74724.97,74713.73,74718.01
1790068995,2026-09-22T14:53:15,74717.29,74728.7,74717.29,74725.59
1790069010,2026-09-22T14:53:30,74728.16,74728.16,74705.63,74707.25
1790069025,2026-09-22T14:53:45,74711.05,74718.22,74701.1,74701.1
1790069040,2026-09-22T14:54:00,74701.96,74716.07,74700.52,74702.08
1790069055,2026-09-22T14:54:15,74704.98,74717.03,74704.98,74712.54
1790069070,2026-09-22T14:54:30,74713.76,74718.01,74711.97,74716.05
1790069085,2026-09-22T14:54:45,74716.05,74719.4,74710.88,74716.13
1790069100,2026-09-22T14:55:00,74715.14,74734.62,74713.06,74713.06
1790069115,2026-09-22T14:55:15,74713.06,74717.42,74696.11,74696.11
1790069130,2026-09-22T14:55:30,74695,74700.31,74695,74697.14
1790069145,2026-09-22T14:55:45,74697.15,74709.6,74696.62,74706.12
1790069160,2026-09-22T14:56:00,74709.89,74713.01,74709.17,74710.04
1790069175,2026-09-22T14:56:15,74710.84,74710.84,74700.46,74707.79
1790069190,2026-09-22T14:56:30,74710.19,74710.19,74697.33,74704.63
1790069205,2026-09-22T14:56:45,74704.14,74707.33,74701.93,74702.6
1790069220,2026-09-22T14:57:00,74703.85,74706.7,74691.29,74691.29
1790069235,2026-09-22T14:57:15,74695.35,74695.62,74687.33,74687.33
1790069250,2026-09-22T14:57:30,74687.71,74697.21,74687.71,74695.03
1790069265,2026-09-22T14:57:45,74695.09,74695.09,74690.07,74690.07
1790069280,2026-09-22T14:58:00,74690.77,74691.89,74683.6,74684.04
1790069295,2026-09-22T14:58:15,74683.74,74684.09,74675.14,74684.09
1790069310,2026-09-22T14:58:30,74684.83,74687.76,74678.12,74680.9
1790069325,2026-09-22T14:58:45,74680.21,74680.21,74671.79,74673.07
1790069340,2026-09-22T14:59:00,74669.78,74669.78,74649.74,74653.85
1790069355,2026-09-22T14:59:15,74656.02,74656.02,74646.14,74646.14
1790069370,2026-09-22T14:59:30,74645.71,74645.71,74638.77,74639.42
1790069385,2026-09-22T14:59:45,74640.82,74645.5,74638.61,74644.84
1790069400,2026-09-22T15:00:00,74645.66,74665.4,74643.18,74662.33
1790069415,2026-09-22T15:00:15,74663.02,74670.6,74663.02,74663.57
1790069430,2026-09-22T15:00:30,74663.57,74670.35,74657.05,74657.05
1790069445,2026-09-22T15:00:45,74661.43,74663.98,74652.9,74652.9
1790069460,2026-09-22T15:01:00,74659.25,74659.25,74641.58,74645.36
1790069475,2026-09-22T15:01:15,74646.25,74652.77,74642.98,74647.74
1790069490,2026-09-22T15:01:30,74647.65,74667.38,74647.65,74667.38
1790069505,2026-09-22T15:01:45,74668.82,74668.82,74660.62,74665
1790069520,2026-09-22T15:02:00,74664.53,74671.29,74664.29,74664.29
1790069535,2026-09-22T15:02:15,74667.14,74669.05,74659.12,74667.08
1790069550,2026-09-22T15:02:30,74670.29,74672.19,74666.26,74672.19
1790069565,2026-09-22T15:02:45,74671.47,74672.46,74666.55,74669.17
1790069580,2026-09-22T15:03:00,74670.83,74672.37,74658.34,74658.34
1790069595,2026-09-22T15:03:15,74656.61,74657.8,74649.07,74649.28
1790069610,2026-09-22T15:03:30,74647.3,74654.09,74647.3,74653.03
1790069625,2026-09-22T15:03:45,74653.16,74657.65,74648.12,74653.03
1790069640,2026-09-22T15:04:00,74652.85,74665.33,74652.85,74662.65
1790069655,2026-09-22T15:04:15,74666.54,74671.37,74660.29,74666.07
1790069670,2026-09-22T15:04:30,74665.43,74665.43,74658.92,74658.92
1790069685,2026-09-22T15:04:45,74665,74665.2,74658.14,74664.63
1790069700,2026-09-22T15:05:00,74664.61,74664.61,74648.38,74650.4
1790069715,2026-09-22T15:05:15,74660.99,74670.59,74658.69,74663.7
1790069730,2026-09-22T15:05:30,74661.01,74667.74,74660.33,74667.68
1790069745,2026-09-22T15:05:45,74669.38,74670.79,74662.47,74665.29
1790069760,2026-09-22T15:06:00,74656.11,74657.86,74644.58,74648.81
1790069775,2026-09-22T15:06:15,74646.18,74649.79,74639.79,74641.72
1790069790,2026-09-22T15:06:30,74645.91,74646.22,74637.48,74637.48
1790069805,2026-09-22T15:06:45,74649.37,74654.65,74642.37,74651.26
1790069820,2026-09-22T15:07:00,74649.21,74656.6,74645.03,74656.32
1790069835,2026-09-22T15:07:15,74650.77,74651.22,74634.08,74634.8
1790069850,2026-09-22T15:07:30,74636.08,74643.79,74636.08,74637.62
1790069865,2026-09-22T15:07:45,74640.68,74642.29,74635.93,74638.76
1790069880,2026-09-22T15:08:00,74637.75,74639.25,74628.53,74628.83
1790069895,2026-09-22T15:08:15,74634.41,74644.37,74632.45,74640.22
1790069910,2026-09-22T15:08:30,74640.67,74641.41,74631.14,74632.27
1790069925,2026-09-22T15:08:45,74631.91,74633.13,74624.89,74626.52
1790069940,2026-09-22T15:09:00,74626.41,74635.07,74626.41,74633.05
1790069955,2026-09-22T15:09:15,74629.91,74636.71,74628.79,74631.87
1790069970,2026-09-22T15:09:30,74631.83,74647.1,74631.82,74646.21
1790069985,2026-09-22T15:09:45,74650.72,74650.72,74638.16,74638.59
1790070000,2026-09-22T15:10:00,74640.83,74644.85,74634.13,74637.74
1790070015,2026-09-22T15:10:15,74637.75,74647.72,74634.09,74647.72
1790070030,2026-09-22T15:10:30,74647.55,74655.94,74644.45,74655.94
1790070045,2026-09-22T15:10:45,74655.56,74655.56,74644.42,74644.42
1790070060,2026-09-22T15:11:00,74645.63,74651.25,74643.33,74643.33
1790070075,2026-09-22T15:11:15,74653.8,74657.43,74647.35,74651.47
1790070090,2026-09-22T15:11:30,74650.58,74671.68,74650.58,74668.62
1790070105,2026-09-22T15:11:45,74667.7,74672.31,74660.71,74662.17
1790070120,2026-09-22T15:12:00,74668.2,74670.41,74650.03,74650.03
1790070135,2026-09-22T15:12:15,74654.9,74657.75,74642.21,74651.61
1790070150,2026-09-22T15:12:30,74646.52,74657.47,74645.25,74653.23
1790070165,2026-09-22T15:12:45,74641.8,74657.43,74637.72,74656.08
1790070180,2026-09-22T15:13:00,74653.36,74653.36,74631.92,74632.05
1790070195,2026-09-22T15:13:15,74645.01,74650.15,74634.28,74642.57
1790070210,2026-09-22T15:13:30,74643.6,74656.13,74643.6,74654.66
1790070225,2026-09-22T15:13:45,74653.09,74657.36,74631.85,74631.85
1790070240,2026-09-22T15:14:00,74634.55,74654.88,74633.67,74652.5
1790070255,2026-09-22T15:14:15,74656.01,74668.68,74652.09,74656.36
1790070270,2026-09-22T15:14:30,74651.43,74666.82,74651.02,74664.56
1790070285,2026-09-22T15:14:45,74654.64,74682.52,74654.64,74654.82
1790070300,2026-09-22T15:15:00,74653.15,74653.15,74653.15,74653.15
1790070315,2026-09-22T15:15:15,74653.15,74653.15,74653.15,74653.15
1790070330,2026-09-22T15:15:30,74653.15,74653.15,74653.15,74653.15
1790070345,2026-09-22T15:15:45,74653.15,74653.15,74653.15,74653.15
1790070360,2026-09-22T15:16:00,74653.15,74653.15,74653.15,74653.15
1790070375,2026-09-22T15:16:15,74653.15,74653.15,74653.15,74653.15
1790070390,2026-09-22T15:16:30,74653.15,74653.15,74653.15,74653.15
1790070405,2026-09-22T15:16:45,74653.15,74653.15,74653.15,74653.15
1790070420,2026-09-22T15:17:00,74653.15,74653.15,74653.15,74653.15
1790070435,2026-09-22T15:17:15,74653.15,74653.15,74653.15,74653.15
1790070450,2026-09-22T15:17:30,74653.15,74653.15,74653.15,74653.15
1790070465,2026-09-22T15:17:45,74653.15,74653.15,74653.15,74653.15
1790070480,2026-09-22T15:18:00,74653.15,74653.15,74653.15,74653.15
1790070495,2026-09-22T15:18:15,74653.15,74653.15,74653.15,74653.15
1790070510,2026-09-22T15:18:30,74653.15,74653.15,74653.15,74653.15
1790070525,2026-09-22T15:18:45,74653.15,74653.15,74653.15,74653.15
1790070540,2026-09-22T15:19:00,74653.15,74653.15,74653.15,74653.15
1790070555,2026-09-22T15:19:15,74653.15,74653.15,74653.15,74653.15
1790070570,2026-09-22T15:19:30,74653.15,74653.15,74653.15,74653.15
1790070585,2026-09-22T15:19:45,74653.15,74653.15,74653.15,74653.15
1790070600,2026-09-22T15:20:00,74653.15,74653.15,74653.15,74653.15
1790070615,2026-09-22T15:20:15,74653.15,74653.15,74653.15,74653.15
1790070630,2026-09-22T15:20:30,74653.15,74653.15,74653.15,74653.15
1790070645,2026-09-22T15:20:45,74653.15,74653.15,74653.15,74653.15
1790070660,2026-09-22T15:21:00,74653.15,74653.15,74653.15,74653.15
1790070675,2026-09-22T15:21:15,74653.15,74653.15,74653.15,74653.15
1790070690,2026-09-22T15:21:30,74653.15,74653.15,74653.15,74653.15
1790070705,2026-09-22T15:21:45,74653.15,74653.15,74653.15,74653.15
1790070720,2026-09-22T15:22:00,74653.15,74653.15,74653.15,74653.15
1790070735,2026-09-22T15:22:15,74653.15,74653.15,74653.15,74653.15
1790070750,2026-09-22T15:22:30,74653.15,74653.15,74653.15,74653.15
1790070765,2026-09-22T15:22:45,74653.15,74653.15,74653.15,74653.15
1790070780,2026-09-22T15:23:00,74653.15,74653.15,74653.15,74653.15
1790070795,2026-09-22T15:23:15,74653.15,74653.15,74653.15,74653.15
1790070810,2026-09-22T15:23:30,74653.15,74653.15,74653.15,74653.15
1790070825,2026-09-22T15:23:45,74653.15,74653.15,74653.15,74653.15
1790070840,2026-09-22T15:24:00,74653.15,74653.15,74653.15,74653.15
1790070855,2026-09-22T15:24:15,74653.15,74653.15,74653.15,74653.15
1790070870,2026-09-22T15:24:30,74653.15,74653.15,74653.15,74653.15
1790070885,2026-09-22T15:24:45,74653.15,74653.15,74653.15,74653.15
1790070900,2026-09-22T15:25:00,74653.15,74653.15,74653.15,74653.15
1790070915,2026-09-22T15:25:15,74653.15,74653.15,74653.15,74653.15
1790070930,2026-09-22T15:25:30,74653.15,74653.15,74653.15,74653.15
1790070945,2026-09-22T15:25:45,74653.15,74653.15,74653.15,74653.15
1790070960,2026-09-22T15:26:00,74653.15,74653.15,74653.15,74653.15
1790070975,2026-09-22T15:26:15,74653.15,74653.15,74653.15,74653.15
1790070990,2026-09-22T15:26:30,74653.15,74653.15,74653.15,74653.15
1790071005,2026-09-22T15:26:45,74653.15,74653.15,74653.15,74653.15
1790071020,2026-09-22T15:27:00,74653.15,74653.15,74653.15,74653.15
1790071035,2026-09-22T15:27:15,74653.15,74653.15,74653.15,74653.15
1790071050,2026-09-22T15:27:30,74653.15,74653.15,74653.15,74653.15
1790071065,2026-09-22T15:27:45,74653.15,74653.15,74653.15,74653.15
1790071080,2026-09-22T15:28:00,74653.15,74653.15,74529.08,74529.08
1790071095,2026-09-22T15:28:15,74529.08,74529.08,74529.08,74529.08
1790071110,2026-09-22T15:28:30,74529.08,74529.08,74529.08,74529.08
1790071125,2026-09-22T15:28:45,74529.08,74529.08,74529.08,74529.08
1790071140,2026-09-22T15:29:00,74529.08,74529.08,74529.08,74529.08
1790071155,2026-09-22T15:29:15,74529.08,74529.08,74529.08,74529.08
1790071170,2026-09-22T15:29:30,74529.08,74529.08,74529.08,74529.08
1790071185,2026-09-22T15:29:45,74529.08,74529.08,74529.08,74529.08
