Epoch,Timestamp,Open,High,Low,Close
1790221500,2026-09-24T09:15:00,74164.52,74360.29,74164.52,74313.88
1790221515,2026-09-24T09:15:15,74301.71,74305.83,74247,74270.25
1790221530,2026-09-24T09:15:30,74279.51,74293.12,74247.84,74251.05
1790221545,2026-09-24T09:15:45,74238.39,74329.73,74238.39,74329.73
1790221560,2026-09-24T09:16:00,74317.65,74317.65,74242.04,74254.39
1790221575,2026-09-24T09:16:15,74261.38,74265.43,74238.37,74244.03
1790221590,2026-09-24T09:16:30,74243.1,74243.1,74228.65,74235.42
1790221605,2026-09-24T09:16:45,74226.6,74240.87,74210.93,74215.05
1790221620,2026-09-24T09:17:00,74216.93,74232.62,74208.49,74226.39
1790221635,2026-09-24T09:17:15,74229.27,74240.95,74216.17,74240.95
1790221650,2026-09-24T09:17:30,74245.78,74245.78,74215.44,74215.44
1790221665,2026-09-24T09:17:45,74214.53,74230.34,74212.12,74212.12
1790221680,2026-09-24T09:18:00,74200.87,74205.28,74191.09,74197.35
1790221695,2026-09-24T09:18:15,74198.14,74208.99,74198.14,74206.54
1790221710,2026-09-24T09:18:30,74208.23,74218.54,74208.23,74212.94
1790221725,2026-09-24T09:18:45,74216.13,74236.43,74216.13,74230.15
1790221740,2026-09-24T09:19:00,74226.22,74245.13,74223.06,74235.5
1790221755,2026-09-24T09:19:15,74235.69,74241.1,74215.98,74215.98
1790221770,2026-09-24T09:19:30,74209.09,74209.09,74188.47,74195.57
1790221785,2026-09-24T09:19:45,74198.85,74202.73,74189.75,74195.12
1790221800,2026-09-24T09:20:00,74189.55,74189.55,74179.92,74185.93
1790221815,2026-09-24T09:20:15,74201.36,74201.36,74181.08,74185.35
1790221830,2026-09-24T09:20:30,74182.47,74194.13,74181.99,74193.85
1790221845,2026-09-24T09:20:45,74192.09,74205,74180.96,74198.11
1790221860,2026-09-24T09:21:00,74201.83,74207.29,74183.37,74193.01
1790221875,2026-09-24T09:21:15,74193.44,74211.12,74192.38,74209.06
1790221890,2026-09-24T09:21:30,74207.95,74216.86,74202.91,74216.86
1790221905,2026-09-24T09:21:45,74216.74,74231.95,74209.37,74230.81
1790221920,2026-09-24T09:22:00,74229.89,74234.94,74225.13,74231
1790221935,2026-09-24T09:22:15,74234.92,74243.22,74231.14,74243.22
1790221950,2026-09-24T09:22:30,74238.44,74254.48,74238.44,74254.48
1790221965,2026-09-24T09:22:45,74255.97,74273.13,74250.58,74266.08
1790221980,2026-09-24T09:23:00,74263.25,74265.61,74251.63,74256.33
1790221995,2026-09-24T09:23:15,74258.74,74268.86,74255.59,74268.86
1790222010,2026-09-24T09:23:30,74270.21,74283.72,74268.29,74281.31
1790222025,2026-09-24T09:23:45,74282.25,74282.25,74262.55,74268.85
1790222040,2026-09-24T09:24:00,74266.64,74268.61,74252.19,74263.35
1790222055,2026-09-24T09:24:15,74265.63,74277.04,74260.79,74276.32
1790222070,2026-09-24T09:24:30,74276.59,74276.59,74258.64,74258.64
1790222085,2026-09-24T09:24:45,74261,74265.76,74241.41,74246.19
1790222100,2026-09-24T09:25:00,74241.52,74245.53,74234.25,74242.11
1790222115,2026-09-24T09:25:15,74242.57,74242.57,74232.4,74237.83
1790222130,2026-09-24T09:25:30,74234.94,74237.79,74222.07,74222.07
1790222145,2026-09-24T09:25:45,74222.29,74237.95,74217.37,74231.55
1790222160,2026-09-24T09:26:00,74223.71,74236.82,74217.39,74236.82
1790222175,2026-09-24T09:26:15,74240.24,74252.09,74234.6,74252.09
1790222190,2026-09-24T09:26:30,74252.37,74267.43,74252.37,74258.73
1790222205,2026-09-24T09:26:45,74259.63,74262.49,74250.17,74257.02
1790222220,2026-09-24T09:27:00,74248.05,74254.36,74242.97,74242.97
1790222235,2026-09-24T09:27:15,74244.11,74252.26,74239.22,74239.22
1790222250,2026-09-24T09:27:30,74237.9,74254.31,74237.9,74252.07
1790222265,2026-09-24T09:27:45,74250.2,74253.18,74241.21,74253.18
1790222280,2026-09-24T09:28:00,74251.57,74255.88,74241.69,74254.38
1790222295,2026-09-24T09:28:15,74254.33,74261.4,74251.08,74261.4
1790222310,2026-09-24T09:28:30,74264.54,74266.39,74254.84,74265.66
1790222325,2026-09-24T09:28:45,74261.71,74273.06,74261.31,74265.69
1790222340,2026-09-24T09:29:00,74268.78,74268.78,74257.84,74267.56
1790222355,2026-09-24T09:29:15,74265.22,74276.3,74265.22,74268.22
1790222370,2026-09-24T09:29:30,74264.62,74274.46,74253.69,74274.01
1790222385,2026-09-24T09:29:45,74276.55,74297.07,74275.87,74282.89
1790222400,2026-09-24T09:30:00,74285.77,74294.32,74275.29,74289.79
1790222415,2026-09-24T09:30:15,74287.48,74287.48,74267.19,74268.45
1790222430,2026-09-24T09:30:30,74262.52,74271.54,74261.9,74271.35
1790222445,2026-09-24T09:30:45,74270.64,74270.66,74258.49,74267.01
1790222460,2026-09-24T09:31:00,74270.09,74285.3,74268.66,74279.03
1790222475,2026-09-24T09:31:15,74278.06,74281.58,74273.2,74281.2
1790222490,2026-09-24T09:31:30,74281.91,74292.01,74281.91,74290.16
1790222505,2026-09-24T09:31:45,74293.4,74294.17,74281.69,74294.17
1790222520,2026-09-24T09:32:00,74302.43,74324.98,74300.6,74323.08
1790222535,2026-09-24T09:32:15,74323.77,74326.97,74320.76,74326.7
1790222550,2026-09-24T09:32:30,74325.37,74325.37,74312.23,74312.23
1790222565,2026-09-24T09:32:45,74313.88,74322.74,74313.88,74315.58
1790222580,2026-09-24T09:33:00,74311.3,74312.25,74295.9,74300.59
1790222595,2026-09-24T09:33:15,74301.49,74301.49,74287.87,74296.62
1790222610,2026-09-24T09:33:30,74297.31,74302.84,74292.81,74292.81
1790222625,2026-09-24T09:33:45,74292.42,74294.35,74277.76,74283.22
1790222640,2026-09-24T09:34:00,74284.79,74294.38,74283.63,74292.99
1790222655,2026-09-24T09:34:15,74293.14,74299.59,74285.31,74299.29
1790222670,2026-09-24T09:34:30,74295.24,74302.41,74291.42,74297.92
1790222685,2026-09-24T09:34:45,74297.02,74301.51,74292.62,74292.62
1790222700,2026-09-24T09:35:00,74293.55,74295.09,74285.85,74295.09
1790222715,2026-09-24T09:35:15,74290.55,74298.25,74290.55,74297.09
1790222730,2026-09-24T09:35:30,74296.1,74305.54,74295.45,74304.85
1790222745,2026-09-24T09:35:45,74304.25,74307.06,74290.21,74290.21
1790222760,2026-09-24T09:36:00,74290.11,74300.29,74288.49,74293.67
1790222775,2026-09-24T09:36:15,74294.23,74303.16,74294.23,74301.48
1790222790,2026-09-24T09:36:30,74298.95,74306.54,74292.73,74294.71
1790222805,2026-09-24T09:36:45,74299.66,74301.42,74294.32,74301.18
1790222820,2026-09-24T09:37:00,74298.13,74302.3,74289.01,74291.15
1790222835,2026-09-24T09:37:15,74291.12,74305.32,74291.12,74296.84
1790222850,2026-09-24T09:37:30,74295.11,74295.6,74284.89,74286.26
1790222865,2026-09-24T09:37:45,74293.56,74294.72,74286.61,74290.29
1790222880,2026-09-24T09:38:00,74287.8,74287.8,74282.59,74285.35
1790222895,2026-09-24T09:38:15,74283.63,74288.92,74273.46,74276.15
1790222910,2026-09-24T09:38:30,74275.94,74276.73,74267.72,74270.53
1790222925,2026-09-24T09:38:45,74268.83,74269.46,74254.44,74254.44
1790222940,2026-09-24T09:39:00,74254.02,74256.92,74247.68,74248.26
1790222955,2026-09-24T09:39:15,74248.85,74254.46,74245.65,74246.07
1790222970,2026-09-24T09:39:30,74244.36,74250.41,74243.3,74249.76
1790222985,2026-09-24T09:39:45,74250.01,74250.01,74236.56,74236.94
1790223000,2026-09-24T09:40:00,74237.11,74249.55,74232.92,74234.8
1790223015,2026-09-24T09:40:15,74232.46,74236.53,74225.24,74225.24
1790223030,2026-09-24T09:40:30,74222.02,74222.02,74206.35,74214.57
1790223045,2026-09-24T09:40:45,74215.36,74220.27,74215.15,74216.43
1790223060,2026-09-24T09:41:00,74215.73,74216.95,74203.48,74203.48
1790223075,2026-09-24T09:41:15,74206.03,74207.98,74200.81,74203.51
1790223090,2026-09-24T09:41:30,74208.22,74208.87,74195.63,74195.63
1790223105,2026-09-24T09:41:45,74195.4,74197.87,74190.19,74192
1790223120,2026-09-24T09:42:00,74191.9,74196.23,74191.16,74192.82
1790223135,2026-09-24T09:42:15,74197.26,74210.63,74197.26,74206.84
1790223150,2026-09-24T09:42:30,74201.07,74201.17,74186.82,74191.1
1790223165,2026-09-24T09:42:45,74192.29,74200.26,74183.15,74200.26
1790223180,2026-09-24T09:43:00,74201.37,74206.12,74199.81,74203.62
1790223195,2026-09-24T09:43:15,74204.53,74206.66,74186.83,74186.83
1790223210,2026-09-24T09:43:30,74185.43,74195.38,74185.43,74191.62
1790223225,2026-09-24T09:43:45,74186.33,74187.83,74174.6,74174.6
1790223240,2026-09-24T09:44:00,74175.23,74179.58,74175.23,74176.25
1790223255,2026-09-24T09:44:15,74175.31,74177.99,74166.62,74166.81
1790223270,2026-09-24T09:44:30,74169.11,74169.11,74161.73,74168.58
1790223285,2026-09-24T09:44:45,74170.1,74170.19,74164.17,74167.29
1790223300,2026-09-24T09:45:00,74165.54,74169.2,74160.9,74160.9
1790223315,2026-09-24T09:45:15,74156.96,74156.96,74145.3,74146.59
1790223330,2026-09-24T09:45:30,74144.07,74161.06,74144.07,74158.85
1790223345,2026-09-24T09:45:45,74162.42,74179.06,74162.42,74179.06
1790223360,2026-09-24T09:46:00,74178.45,74186.14,74176.79,74186.14
1790223375,2026-09-24T09:46:15,74186.21,74188.74,74175.62,74188.74
1790223390,2026-09-24T09:46:30,74185.53,74187.95,74163.15,74163.15
1790223405,2026-09-24T09:46:45,74163.11,74165.24,74155.44,74162.47
1790223420,2026-09-24T09:47:00,74162.31,74171.01,74153.24,74153.24
1790223435,2026-09-24T09:47:15,74157.05,74157.83,74139.82,74143.25
1790223450,2026-09-24T09:47:30,74146.6,74156.59,74143.84,74153.28
1790223465,2026-09-24T09:47:45,74152.81,74152.81,74146.32,74152.19
1790223480,2026-09-24T09:48:00,74154,74154.53,74149.49,74153.25
1790223495,2026-09-24T09:48:15,74150.08,74153.44,74149.52,74153.34
1790223510,2026-09-24T09:48:30,74153.19,74169.51,74152.66,74159.56
1790223525,2026-09-24T09:48:45,74159.56,74161.56,74152.96,74159.82
1790223540,2026-09-24T09:49:00,74165.03,74168.07,74161.13,74164.21
1790223555,2026-09-24T09:49:15,74164.7,74169.26,74154.89,74165.13
1790223570,2026-09-24T09:49:30,74166.21,74188,74166.21,74188
1790223585,2026-09-24T09:49:45,74192.4,74202.67,74190.56,74195.79
1790223600,2026-09-24T09:50:00,74197.84,74206.46,74193.8,74201.14
1790223615,2026-09-24T09:50:15,74196.06,74196.47,74185.54,74186.39
1790223630,2026-09-24T09:50:30,74185.97,74185.97,74180.76,74184.77
1790223645,2026-09-24T09:50:45,74184.92,74190.91,74184.74,74190.91
1790223660,2026-09-24T09:51:00,74194.97,74198.69,74190.19,74194.75
1790223675,2026-09-24T09:51:15,74195.39,74195.39,74183.31,74184.11
1790223690,2026-09-24T09:51:30,74185.33,74186.07,74176.53,74176.53
1790223705,2026-09-24T09:51:45,74173.16,74173.16,74159.37,74163.67
1790223720,2026-09-24T09:52:00,74160.76,74166.36,74156.73,74164.91
1790223735,2026-09-24T09:52:15,74163.98,74164.38,74157.35,74163.73
1790223750,2026-09-24T09:52:30,74161.04,74168.84,74160.16,74168.84
1790223765,2026-09-24T09:52:45,74167.9,74175.11,74164.96,74171.16
1790223780,2026-09-24T09:53:00,74170.13,74170.13,74152.18,74163.58
1790223795,2026-09-24T09:53:15,74164.6,74167.44,74160.41,74166
1790223810,2026-09-24T09:53:30,74166.07,74168.33,74160.32,74160.32
1790223825,2026-09-24T09:53:45,74158.13,74158.37,74147.81,74149.46
1790223840,2026-09-24T09:54:00,74149.86,74149.86,74143.1,74143.1
1790223855,2026-09-24T09:54:15,74143.84,74149.83,74143.84,74149.75
1790223870,2026-09-24T09:54:30,74146.77,74147.91,74143.21,74143.96
1790223885,2026-09-24T09:54:45,74143.96,74152,74142.82,74149.12
1790223900,2026-09-24T09:55:00,74147.82,74147.82,74126.94,74126.94
1790223915,2026-09-24T09:55:15,74129.48,74129.48,74117.3,74117.3
1790223930,2026-09-24T09:55:30,74117.3,74119.88,74111.32,74114.42
1790223945,2026-09-24T09:55:45,74114.42,74122.04,74113.15,74121.71
1790223960,2026-09-24T09:56:00,74121.22,74122.1,74118.69,74118.69
1790223975,2026-09-24T09:56:15,74118.09,74126.24,74113.78,74126.24
1790223990,2026-09-24T09:56:30,74123.32,74140.15,74122.97,74129.59
1790224005,2026-09-24T09:56:45,74135.42,74141.06,74133.07,74140.34
1790224020,2026-09-24T09:57:00,74139.37,74144.49,74139.37,74141.82
1790224035,2026-09-24T09:57:15,74142.25,74144.36,74134.75,74143.96
1790224050,2026-09-24T09:57:30,74138.82,74145.22,74137.01,74140.09
1790224065,2026-09-24T09:57:45,74141.19,74143.28,74134.31,74134.61
1790224080,2026-09-24T09:58:00,74141.52,74143.8,74139.1,74140.33
1790224095,2026-09-24T09:58:15,74136.87,74153.58,74136.58,74153.58
1790224110,2026-09-24T09:58:30,74152.09,74156.84,74148.1,74156.84
1790224125,2026-09-24T09:58:45,74156.77,74157.09,74152.38,74154.16
1790224140,2026-09-24T09:59:00,74155.57,74155.57,74151.3,74153.82
1790224155,2026-09-24T09:59:15,74153.82,74156.57,74144.24,74153.24
1790224170,2026-09-24T09:59:30,74150.02,74151.1,74148.3,74151.1
1790224185,2026-09-24T09:59:45,74151.1,74157.71,74149.18,74157.71
1790224200,2026-09-24T10:00:00,74156.08,74161.97,74156.08,74161.05
1790224215,2026-09-24T10:00:15,74161.93,74166.77,74159.29,74161.85
1790224230,2026-09-24T10:00:30,74159.75,74172.28,74159.75,74172.28
1790224245,2026-09-24T10:00:45,74169.21,74169.21,74165.21,74166.31
1790224260,2026-09-24T10:01:00,74165.02,74178.06,74165.02,74177.91
1790224275,2026-09-24T10:01:15,74176.24,74185.72,74175.67,74182.23
1790224290,2026-09-24T10:01:30,74176.15,74185.75,74173.21,74173.21
1790224305,2026-09-24T10:01:45,74172.44,74176.69,74170.36,74170.55
1790224320,2026-09-24T10:02:00,74171.7,74175.24,74162.86,74166.2
1790224335,2026-09-24T10:02:15,74166.96,74167.52,74161.74,74161.74
1790224350,2026-09-24T10:02:30,74167.92,74177.37,74167.92,74175.41
1790224365,2026-09-24T10:02:45,74177.94,74180.64,74175.53,74179.62
1790224380,2026-09-24T10:03:00,74179.62,74192.2,74178.25,74192.2
1790224395,2026-09-24T10:03:15,74192.2,74193.74,74188.71,74191.9
1790224410,2026-09-24T10:03:30,74188.44,74195.55,74183.93,74192.64
1790224425,2026-09-24T10:03:45,74191.94,74199.12,74189.31,74199.12
1790224440,2026-09-24T10:04:00,74197.37,74199.7,74192.12,74198.2
1790224455,2026-09-24T10:04:15,74198.93,74198.93,74188.73,74192.26
1790224470,2026-09-24T10:04:30,74189.41,74195.24,74186.49,74194.37
1790224485,2026-09-24T10:04:45,74193.08,74194.99,74187.36,74194.99
1790224500,2026-09-24T10:05:00,74194.84,74194.84,74188.1,74189.39
1790224515,2026-09-24T10:05:15,74188.27,74188.91,74181.05,74181.05
1790224530,2026-09-24T10:05:30,74176,74179.13,74172.2,74176.34
1790224545,2026-09-24T10:05:45,74176.36,74189.1,74175.57,74189.1
1790224560,2026-09-24T10:06:00,74191,74192.99,74184.95,74187.16
1790224575,2026-09-24T10:06:15,74186.08,74189.05,74173.76,74178.24
1790224590,2026-09-24T10:06:30,74177.59,74177.59,74166.97,74170.34
1790224605,2026-09-24T10:06:45,74169.96,74175.48,74166.31,74175.48
1790224620,2026-09-24T10:07:00,74173,74173.09,74166.6,74170.25
1790224635,2026-09-24T10:07:15,74171.25,74177.96,74167.61,74171.93
1790224650,2026-09-24T10:07:30,74165.35,74174.05,74160.88,74170.34
1790224665,2026-09-24T10:07:45,74170.34,74172.12,74164.96,74167.54
1790224680,2026-09-24T10:08:00,74173.32,74178.71,74169.8,74170.65
1790224695,2026-09-24T10:08:15,74169.61,74178.44,74168.89,74175.25
1790224710,2026-09-24T10:08:30,74172.57,74181.34,74172.25,74181.34
1790224725,2026-09-24T10:08:45,74184.28,74197.47,74184.17,74194.79
1790224740,2026-09-24T10:09:00,74193.75,74200.9,74193.75,74199.86
1790224755,2026-09-24T10:09:15,74199.76,74208.26,74199.76,74207.16
1790224770,2026-09-24T10:09:30,74206.92,74211.12,74205.24,74207.15
1790224785,2026-09-24T10:09:45,74207.99,74215.42,74201.99,74201.99
1790224800,2026-09-24T10:10:00,74201.7,74201.7,74198.01,74198.48
1790224815,2026-09-24T10:10:15,74198.65,74199.47,74191.55,74192.59
1790224830,2026-09-24T10:10:30,74194.45,74194.45,74189.38,74189.39
1790224845,2026-09-24T10:10:45,74187.43,74187.43,74179.38,74179.38
1790224860,2026-09-24T10:11:00,74179.71,74179.71,74169.47,74173.66
1790224875,2026-09-24T10:11:15,74167.34,74171.81,74167.22,74168.31
1790224890,2026-09-24T10:11:30,74167.03,74186.92,74167.03,74186.68
1790224905,2026-09-24T10:11:45,74186.86,74194,74184.01,74186.48
1790224920,2026-09-24T10:12:00,74184.89,74189.86,74174.19,74174.19
1790224935,2026-09-24T10:12:15,74174.79,74177.67,74169.16,74175.15
1790224950,2026-09-24T10:12:30,74173.1,74173.1,74163.82,74168.03
1790224965,2026-09-24T10:12:45,74168.29,74169.99,74163.4,74164.49
1790224980,2026-09-24T10:13:00,74164.11,74164.72,74160.5,74160.5
1790224995,2026-09-24T10:13:15,74159,74163.89,74156.74,74163.89
1790225010,2026-09-24T10:13:30,74163.85,74165.08,74159.9,74161.63
1790225025,2026-09-24T10:13:45,74161.04,74163.02,74158.28,74163.02
1790225040,2026-09-24T10:14:00,74162.48,74162.48,74147.56,74150.63
1790225055,2026-09-24T10:14:15,74146.59,74148.24,74140.34,74146.49
1790225070,2026-09-24T10:14:30,74146.13,74146.13,74129.31,74131.44
1790225085,2026-09-24T10:14:45,74129.46,74139.3,74128.03,74128.03
1790225100,2026-09-24T10:15:00,74135.85,74143.41,74135.85,74137.52
1790225115,2026-09-24T10:15:15,74136.25,74138.27,74131.84,74132.49
1790225130,2026-09-24T10:15:30,74135.01,74135.01,74125.82,74127.67
1790225145,2026-09-24T10:15:45,74123,74127.47,74121.71,74124.47
1790225160,2026-09-24T10:16:00,74125,74132.95,74120.65,74130.06
1790225175,2026-09-24T10:16:15,74130.75,74135.8,74126.51,74131.31
1790225190,2026-09-24T10:16:30,74131.31,74135.73,74125.79,74132.5
1790225205,2026-09-24T10:16:45,74132.85,74136.6,74127.91,74127.91
1790225220,2026-09-24T10:17:00,74125.53,74125.53,74105.31,74108.58
1790225235,2026-09-24T10:17:15,74110.32,74111.53,74096.04,74096.04
1790225250,2026-09-24T10:17:30,74095.7,74099.46,74089.35,74091.67
1790225265,2026-09-24T10:17:45,74092.06,74100.26,74092.06,74093.09
1790225280,2026-09-24T10:18:00,74094.96,74101.87,74094.76,74101.11
1790225295,2026-09-24T10:18:15,74102.09,74109.09,74100.4,74109.09
1790225310,2026-09-24T10:18:30,74108.08,74115.55,74108.08,74110.26
1790225325,2026-09-24T10:18:45,74111.96,74121.39,74111.96,74115.17
1790225340,2026-09-24T10:19:00,74113.24,74115.73,74106.12,74106.2
1790225355,2026-09-24T10:19:15,74103.17,74109.07,74102.2,74106.38
1790225370,2026-09-24T10:19:30,74106.95,74109.37,74102.16,74105.75
1790225385,2026-09-24T10:19:45,74108.94,74128.44,74108.94,74128.44
1790225400,2026-09-24T10:20:00,74131.21,74134.07,74124.79,74127.73
1790225415,2026-09-24T10:20:15,74128.14,74141.49,74128.04,74141.25
1790225430,2026-09-24T10:20:30,74142.81,74142.81,74133.54,74133.54
1790225445,2026-09-24T10:20:45,74131.39,74131.39,74121.17,74127
1790225460,2026-09-24T10:21:00,74126.7,74130.31,74121.02,74124.09
1790225475,2026-09-24T10:21:15,74120.85,74121.73,74105.65,74110.66
1790225490,2026-09-24T10:21:30,74108.09,74110.9,74100.08,74105.6
1790225505,2026-09-24T10:21:45,74106.42,74108.92,74095.9,74098.24
1790225520,2026-09-24T10:22:00,74100.77,74100.77,74090.95,74098.7
1790225535,2026-09-24T10:22:15,74097.88,74099.7,74094.29,74098.21
1790225550,2026-09-24T10:22:30,74096.92,74098.18,74091.44,74093.35
1790225565,2026-09-24T10:22:45,74090.49,74090.49,74064.76,74064.76
1790225580,2026-09-24T10:23:00,74064.98,74065.31,74054.37,74054.37
1790225595,2026-09-24T10:23:15,74056.03,74067.73,74056.03,74067.73
1790225610,2026-09-24T10:23:30,74068.38,74069.96,74057.72,74069.96
1790225625,2026-09-24T10:23:45,74072.04,74079.24,74070.11,74079.24
1790225640,2026-09-24T10:24:00,74078.67,74079.45,74069.89,74071.78
1790225655,2026-09-24T10:24:15,74075.47,74090.89,74075.47,74085.81
1790225670,2026-09-24T10:24:30,74086.02,74091.39,74086.02,74091.13
1790225685,2026-09-24T10:24:45,74094.12,74097.57,74090.34,74091.23
1790225700,2026-09-24T10:25:00,74085.64,74087.21,74082.53,74083.57
1790225715,2026-09-24T10:25:15,74084.63,74085.26,74070.88,74073.35
1790225730,2026-09-24T10:25:30,74072.61,74076.05,74070.9,74074.09
1790225745,2026-09-24T10:25:45,74070.37,74075.34,74070.13,74070.24
1790225760,2026-09-24T10:26:00,74068.59,74077.43,74062.14,74063.93
1790225775,2026-09-24T10:26:15,74064.77,74080.12,74064.77,74080.12
1790225790,2026-09-24T10:26:30,74080.02,74084.23,74077.9,74084.23
1790225805,2026-09-24T10:26:45,74086.25,74096.51,74086.25,74096.51
1790225820,2026-09-24T10:27:00,74097.57,74097.57,74088.57,74088.57
1790225835,2026-09-24T10:27:15,74089.24,74100.47,74088.9,74093.61
1790225850,2026-09-24T10:27:30,74093.71,74100.53,74091.56,74097.18
1790225865,2026-09-24T10:27:45,74092.33,74099.69,74092.33,74097.5
1790225880,2026-09-24T10:28:00,74096.28,74099.15,74092.96,74095.93
1790225895,2026-09-24T10:28:15,74093.99,74100.35,74088.53,74088.53
1790225910,2026-09-24T10:28:30,74089.58,74097.02,74086.23,74087.35
1790225925,2026-09-24T10:28:45,74090.47,74093.4,74084.46,74093.4
1790225940,2026-09-24T10:29:00,74089.96,74093.73,74088.16,74093.73
1790225955,2026-09-24T10:29:15,74094.08,74104.65,74094.08,74101.58
1790225970,2026-09-24T10:29:30,74100.09,74105.01,74099.73,74105.01
1790225985,2026-09-24T10:29:45,74105.55,74108.76,74098.27,74100.17
1790226000,2026-09-24T10:30:00,74102.15,74106.8,74099.51,74102.36
1790226015,2026-09-24T10:30:15,74105.13,74107.97,74103.06,74106.25
1790226030,2026-09-24T10:30:30,74105.42,74112.73,74104.36,74110.69
1790226045,2026-09-24T10:30:45,74107.56,74112.1,74106.22,74109.54
1790226060,2026-09-24T10:31:00,74106.86,74109.75,74104.92,74109.75
1790226075,2026-09-24T10:31:15,74112.59,74120.23,74110.17,74120.11
1790226090,2026-09-24T10:31:30,74119.67,74122.4,74117.88,74119.74
1790226105,2026-09-24T10:31:45,74120.58,74123.33,74117.26,74118.48
1790226120,2026-09-24T10:32:00,74117.86,74127.96,74116.16,74127.96
1790226135,2026-09-24T10:32:15,74131.48,74133.31,74128.41,74132.43
1790226150,2026-09-24T10:32:30,74132.43,74138.69,74132.43,74138.69
1790226165,2026-09-24T10:32:45,74139.57,74142.9,74137.27,74140.85
1790226180,2026-09-24T10:33:00,74139.24,74146.08,74138.65,74143.43
1790226195,2026-09-24T10:33:15,74145.24,74145.81,74139.8,74142.11
1790226210,2026-09-24T10:33:30,74142.59,74152.89,74142.59,74152.87
1790226225,2026-09-24T10:33:45,74152.8,74161.15,74152.8,74158.33
1790226240,2026-09-24T10:34:00,74155.67,74160.83,74153.83,74157.3
1790226255,2026-09-24T10:34:15,74157.3,74157.3,74141.32,74141.32
1790226270,2026-09-24T10:34:30,74142.51,74144.63,74137.31,74144.63
1790226285,2026-09-24T10:34:45,74144.63,74149.01,74140.79,74145.91
1790226300,2026-09-24T10:35:00,74146.06,74148.97,74140.17,74143.35
1790226315,2026-09-24T10:35:15,74144.88,74150.18,74142.13,74142.95
1790226330,2026-09-24T10:35:30,74139.07,74139.07,74128.32,74130.63
1790226345,2026-09-24T10:35:45,74130.39,74136.55,74125.53,74136.55
1790226360,2026-09-24T10:36:00,74135.68,74135.68,74125.63,74134.55
1790226375,2026-09-24T10:36:15,74138.8,74152.34,74137.56,74150.06
1790226390,2026-09-24T10:36:30,74144.02,74149.49,74141.32,74147.33
1790226405,2026-09-24T10:36:45,74153.53,74153.53,74147.6,74147.74
1790226420,2026-09-24T10:37:00,74147.69,74155.57,74146.64,74152.83
1790226435,2026-09-24T10:37:15,74152.23,74157.83,74150.26,74155.8
1790226450,2026-09-24T10:37:30,74157.14,74166.26,74154.68,74165.87
1790226465,2026-09-24T10:37:45,74165.86,74168.58,74154.01,74162.69
1790226480,2026-09-24T10:38:00,74162.47,74168.03,74159.13,74165.48
1790226495,2026-09-24T10:38:15,74164.79,74173.48,74164.79,74172.43
1790226510,2026-09-24T10:38:30,74169.26,74170.22,74162.8,74166.88
1790226525,2026-09-24T10:38:45,74166.9,74167.11,74157.61,74157.61
1790226540,2026-09-24T10:39:00,74161.47,74163.15,74155.42,74155.98
1790226555,2026-09-24T10:39:15,74155.5,74158.48,74149,74150.33
1790226570,2026-09-24T10:39:30,74151.85,74156.18,74150.26,74156.18
1790226585,2026-09-24T10:39:45,74157.5,74166.19,74157.5,74164.91
1790226600,2026-09-24T10:40:00,74163.7,74166.29,74159.51,74165.37
1790226615,2026-09-24T10:40:15,74164.32,74164.38,74153.51,74157.58
1790226630,2026-09-24T10:40:30,74152.39,74152.39,74139.09,74147.65
1790226645,2026-09-24T10:40:45,74148.06,74148.06,74132.53,74137.57
1790226660,2026-09-24T10:41:00,74132.43,74134.39,74125.25,74125.25
1790226675,2026-09-24T10:41:15,74127.36,74131.99,74121.49,74128.22
1790226690,2026-09-24T10:41:30,74126.5,74131.07,74122.96,74124.93
1790226705,2026-09-24T10:41:45,74129.33,74137.41,74126.34,74126.34
1790226720,2026-09-24T10:42:00,74125.08,74129.33,74120.11,74126.25
1790226735,2026-09-24T10:42:15,74129.03,74129.03,74120.81,74122.55
1790226750,2026-09-24T10:42:30,74123.39,74132.97,74120.92,74120.92
1790226765,2026-09-24T10:42:45,74120.12,74140.38,74120.12,74140.38
1790226780,2026-09-24T10:43:00,74133.45,74134.49,74125.52,74127.11
1790226795,2026-09-24T10:43:15,74131.6,74133.68,74120.23,74124.77
1790226810,2026-09-24T10:43:30,74120.77,74120.77,74105.79,74106.98
1790226825,2026-09-24T10:43:45,74104.6,74107.53,74097.23,74105.45
1790226840,2026-09-24T10:44:00,74103.74,74113.25,74098.05,74113.25
1790226855,2026-09-24T10:44:15,74113.97,74114.45,74107.95,74110.02
1790226870,2026-09-24T10:44:30,74111.92,74116.16,74108.24,74116.16
1790226885,2026-09-24T10:44:45,74117.18,74117.65,74109.89,74114.34
1790226900,2026-09-24T10:45:00,74116.6,74129.87,74115.76,74129.87
1790226915,2026-09-24T10:45:15,74129.88,74130.24,74124.17,74124.82
1790226930,2026-09-24T10:45:30,74124.49,74126.81,74121.23,74124.62
1790226945,2026-09-24T10:45:45,74123.46,74134.39,74122.12,74130.94
1790226960,2026-09-24T10:46:00,74132.09,74135.07,74128,74128.88
1790226975,2026-09-24T10:46:15,74133.98,74135.58,74129.95,74135.29
1790226990,2026-09-24T10:46:30,74133.53,74142.96,74133.53,74140.31
1790227005,2026-09-24T10:46:45,74139.9,74142.48,74137.82,74137.82
1790227020,2026-09-24T10:47:00,74134.53,74139.22,74133.28,74139.12
1790227035,2026-09-24T10:47:15,74139.12,74141.87,74139.12,74140.54
1790227050,2026-09-24T10:47:30,74138.55,74149.39,74138.55,74149.39
1790227065,2026-09-24T10:47:45,74147.09,74154.64,74145.66,74151.62
1790227080,2026-09-24T10:48:00,74150.03,74155.26,74150.03,74151.15
1790227095,2026-09-24T10:48:15,74149.82,74150.09,74140.79,74147.7
1790227110,2026-09-24T10:48:30,74146.25,74146.25,74139.17,74141.3
1790227125,2026-09-24T10:48:45,74141.35,74143.65,74131.39,74134.41
1790227140,2026-09-24T10:49:00,74131.59,74147.38,74131.59,74147.38
1790227155,2026-09-24T10:49:15,74147.12,74156.63,74146.24,74156.45
1790227170,2026-09-24T10:49:30,74154.5,74154.5,74149.49,74150.51
1790227185,2026-09-24T10:49:45,74152.89,74159.96,74146.67,74158.68
1790227200,2026-09-24T10:50:00,74154.37,74167.39,74154.37,74165.81
1790227215,2026-09-24T10:50:15,74159.64,74161.25,74158.96,74160.91
1790227230,2026-09-24T10:50:30,74158.72,74164.79,74158.45,74159.05
1790227245,2026-09-24T10:50:45,74161.13,74168.62,74160.49,74163.96
1790227260,2026-09-24T10:51:00,74165.63,74182.3,74165.33,74180.11
1790227275,2026-09-24T10:51:15,74181.25,74181.25,74176.59,74177.2
1790227290,2026-09-24T10:51:30,74176.43,74176.43,74166.42,74173.39
1790227305,2026-09-24T10:51:45,74171.76,74171.85,74168.38,74168.38
1790227320,2026-09-24T10:52:00,74168.86,74173.69,74168.86,74169.06
1790227335,2026-09-24T10:52:15,74169.62,74170.98,74163.72,74164.71
1790227350,2026-09-24T10:52:30,74166.61,74182.09,74166.57,74178.72
1790227365,2026-09-24T10:52:45,74181.63,74184.64,74180.43,74184.64
1790227380,2026-09-24T10:53:00,74184.36,74186.11,74175.45,74186.11
1790227395,2026-09-24T10:53:15,74187.33,74199.31,74187.33,74199.31
1790227410,2026-09-24T10:53:30,74199.31,74201.35,74192.96,74199.39
1790227425,2026-09-24T10:53:45,74196.73,74197.03,74188.76,74188.76
1790227440,2026-09-24T10:54:00,74188.36,74193.74,74188.36,74193.4
1790227455,2026-09-24T10:54:15,74193.79,74194.93,74187.77,74187.98
1790227470,2026-09-24T10:54:30,74186.43,74186.43,74178.72,74180.3
1790227485,2026-09-24T10:54:45,74181.96,74189.28,74180.74,74188.94
1790227500,2026-09-24T10:55:00,74188.69,74191.51,74184.45,74189.53
1790227515,2026-09-24T10:55:15,74188.31,74189.59,74186.14,74186.24
1790227530,2026-09-24T10:55:30,74188.1,74193.62,74186.82,74193.62
1790227545,2026-09-24T10:55:45,74196.6,74200.15,74195.32,74200.15
1790227560,2026-09-24T10:56:00,74199.36,74199.36,74193.88,74194.64
1790227575,2026-09-24T10:56:15,74197.27,74199.31,74194.06,74199.31
1790227590,2026-09-24T10:56:30,74199.92,74199.92,74180.75,74191.31
1790227605,2026-09-24T10:56:45,74193.02,74193.02,74184.87,74184.87
1790227620,2026-09-24T10:57:00,74184.28,74188.6,74182.92,74187.65
1790227635,2026-09-24T10:57:15,74190,74191.66,74179.3,74186.6
1790227650,2026-09-24T10:57:30,74186.6,74195.89,74184.26,74195.89
1790227665,2026-09-24T10:57:45,74195.89,74198.92,74187.43,74198.92
1790227680,2026-09-24T10:58:00,74193.43,74200.44,74184.18,74185.58
1790227695,2026-09-24T10:58:15,74189.61,74190.17,74181.93,74182.96
1790227710,2026-09-24T10:58:30,74185.09,74192.49,74178.23,74192.49
1790227725,2026-09-24T10:58:45,74193.21,74193.21,74186.75,74187.58
1790227740,2026-09-24T10:59:00,74187.58,74190.77,74186.57,74188.37
1790227755,2026-09-24T10:59:15,74189.79,74197.9,74189.79,74197.9
1790227770,2026-09-24T10:59:30,74195.42,74199.44,74186.69,74186.69
1790227785,2026-09-24T10:59:45,74184.76,74199.03,74184.76,74199.03
1790227800,2026-09-24T11:00:00,74195.16,74203.01,74190.39,74190.39
1790227815,2026-09-24T11:00:15,74191.38,74191.38,74177,74186.41
1790227830,2026-09-24T11:00:30,74184.24,74187.5,74178.62,74183.29
1790227845,2026-09-24T11:00:45,74182.05,74187.47,74181.44,74183.13
1790227860,2026-09-24T11:01:00,74179.01,74186.58,74176.87,74186.58
1790227875,2026-09-24T11:01:15,74186.01,74194.89,74186.01,74193.4
1790227890,2026-09-24T11:01:30,74190.43,74193.95,74187.71,74191.47
1790227905,2026-09-24T11:01:45,74191.47,74193.04,74186.93,74190.05
1790227920,2026-09-24T11:02:00,74189.68,74193.14,74188.75,74189.07
1790227935,2026-09-24T11:02:15,74188.79,74191.25,74188.44,74189.73
1790227950,2026-09-24T11:02:30,74190.07,74191.72,74185.88,74189.66
1790227965,2026-09-24T11:02:45,74190.08,74192.8,74189.63,74191.29
1790227980,2026-09-24T11:03:00,74191.29,74192.21,74183.12,74185.63
1790227995,2026-09-24T11:03:15,74185.63,74188.1,74181.21,74187.46
1790228010,2026-09-24T11:03:30,74189.21,74193.46,74184.98,74189.02
1790228025,2026-09-24T11:03:45,74191,74193.25,74180.24,74180.24
1790228040,2026-09-24T11:04:00,74180.75,74181.17,74168.36,74168.36
1790228055,2026-09-24T11:04:15,74168.36,74171.22,74165.96,74170.67
1790228070,2026-09-24T11:04:30,74166.15,74171.6,74165.82,74171.6
1790228085,2026-09-24T11:04:45,74171.99,74187.36,74170.24,74187.36
1790228100,2026-09-24T11:05:00,74186.04,74188.53,74179.75,74179.75
1790228115,2026-09-24T11:05:15,74179.75,74183.95,74179.75,74179.8
1790228130,2026-09-24T11:05:30,74178.31,74179.18,74173.39,74178
1790228145,2026-09-24T11:05:45,74177.44,74178.48,74171.95,74171.95
1790228160,2026-09-24T11:06:00,74169.7,74169.7,74147.2,74147.2
1790228175,2026-09-24T11:06:15,74147.46,74166.01,74147.46,74165.4
1790228190,2026-09-24T11:06:30,74164.98,74170.2,74163.93,74166.67
1790228205,2026-09-24T11:06:45,74168.87,74168.87,74148.07,74149.53
1790228220,2026-09-24T11:07:00,74149.23,74173.93,74149.23,74173.93
1790228235,2026-09-24T11:07:15,74167.17,74176.99,74164.27,74168.93
1790228250,2026-09-24T11:07:30,74170.25,74179.39,74166.77,74178.62
1790228265,2026-09-24T11:07:45,74180.18,74188.6,74178.43,74188.2
1790228280,2026-09-24T11:08:00,74187.42,74189.18,74179.01,74185.55
1790228295,2026-09-24T11:08:15,74186,74187.11,74176.62,74180.28
1790228310,2026-09-24T11:08:30,74178.72,74178.85,74171.18,74171.18
1790228325,2026-09-24T11:08:45,74170.88,74179.44,74170.88,74177.02
1790228340,2026-09-24T11:09:00,74175.9,74181,74173.59,74175.09
1790228355,2026-09-24T11:09:15,74172.14,74172.14,74153.76,74153.76
1790228370,2026-09-24T11:09:30,74153.31,74153.39,74123.6,74137.95
1790228385,2026-09-24T11:09:45,74139.02,74144.36,74131.17,74134.75
1790228400,2026-09-24T11:10:00,74134.75,74143.43,74134.75,74142.82
1790228415,2026-09-24T11:10:15,74139.86,74147.82,74136.97,74147.82
1790228430,2026-09-24T11:10:30,74146.78,74149.78,74142.13,74145.84
1790228445,2026-09-24T11:10:45,74145.09,74150.33,74144.2,74149.9
1790228460,2026-09-24T11:11:00,74149.74,74162.64,74148.63,74162.64
1790228475,2026-09-24T11:11:15,74166.14,74166.14,74159.55,74164.72
1790228490,2026-09-24T11:11:30,74164.09,74164.7,74156.32,74156.32
1790228505,2026-09-24T11:11:45,74159.34,74161.31,74154.35,74154.35
1790228520,2026-09-24T11:12:00,74154.35,74156.38,74151.71,74155.11
1790228535,2026-09-24T11:12:15,74157.06,74168.76,74157.06,74168.76
1790228550,2026-09-24T11:12:30,74167.41,74167.89,74162.15,74162.15
1790228565,2026-09-24T11:12:45,74163.28,74169.82,74161.4,74169.82
1790228580,2026-09-24T11:13:00,74169.82,74169.82,74164.36,74165.4
1790228595,2026-09-24T11:13:15,74165.12,74166.25,74153.15,74154.31
1790228610,2026-09-24T11:13:30,74153.48,74153.48,74135.81,74135.81
1790228625,2026-09-24T11:13:45,74136.38,74138.73,74129.31,74129.31
1790228640,2026-09-24T11:14:00,74132.45,74151.74,74132.45,74146.65
1790228655,2026-09-24T11:14:15,74143.5,74154.26,74132.15,74151.74
1790228670,2026-09-24T11:14:30,74152.26,74154.63,74133.9,74134.48
1790228685,2026-09-24T11:14:45,74134.48,74144.52,74132.65,74138.27
1790228700,2026-09-24T11:15:00,74136.87,74139.89,74129.49,74133.94
1790228715,2026-09-24T11:15:15,74135.47,74137.51,74132.36,74134.87
1790228730,2026-09-24T11:15:30,74135.98,74153.6,74135.98,74153.6
1790228745,2026-09-24T11:15:45,74153.41,74163.77,74151.23,74162.25
1790228760,2026-09-24T11:16:00,74163.49,74168.48,74151.78,74153.78
1790228775,2026-09-24T11:16:15,74153.47,74162.51,74148.25,74149.9
1790228790,2026-09-24T11:16:30,74156.33,74161.03,74150.37,74160.91
1790228805,2026-09-24T11:16:45,74160.91,74164.96,74156.97,74164.21
1790228820,2026-09-24T11:17:00,74164.21,74175.68,74158.44,74175.68
1790228835,2026-09-24T11:17:15,74175.68,74192,74170.23,74192
1790228850,2026-09-24T11:17:30,74192.04,74196.61,74190.2,74194.83
1790228865,2026-09-24T11:17:45,74190,74190,74177.31,74180.75
1790228880,2026-09-24T11:18:00,74183.33,74188.26,74181.75,74188.26
1790228895,2026-09-24T11:18:15,74189.61,74196.72,74187.2,74196.72
1790228910,2026-09-24T11:18:30,74196.32,74206.38,74193.71,74193.93
1790228925,2026-09-24T11:18:45,74194.07,74204.55,74191.89,74201.7
1790228940,2026-09-24T11:19:00,74201.77,74204.86,74199.06,74204.86
1790228955,2026-09-24T11:19:15,74202.77,74215.27,74202.19,74215.27
1790228970,2026-09-24T11:19:30,74214.51,74219.18,74212.49,74217.35
1790228985,2026-09-24T11:19:45,74219.5,74233.03,74216.63,74232.32
1790229000,2026-09-24T11:20:00,74231.29,74239.97,74218.61,74218.61
1790229015,2026-09-24T11:20:15,74211.82,74211.82,74196.49,74200.59
1790229030,2026-09-24T11:20:30,74200.38,74200.38,74189.74,74195.3
1790229045,2026-09-24T11:20:45,74186.97,74186.97,74167.14,74175.18
1790229060,2026-09-24T11:21:00,74173.51,74173.51,74158.15,74164.59
1790229075,2026-09-24T11:21:15,74167.92,74171.15,74162.8,74170.88
1790229090,2026-09-24T11:21:30,74170.3,74175.55,74166.01,74175.55
1790229105,2026-09-24T11:21:45,74176.11,74181.64,74176.04,74178.08
1790229120,2026-09-24T11:22:00,74178.37,74194.18,74178.37,74193.9
1790229135,2026-09-24T11:22:15,74193.81,74196.83,74188.81,74190.05
1790229150,2026-09-24T11:22:30,74190.57,74190.57,74179.97,74186.16
1790229165,2026-09-24T11:22:45,74184.04,74185.47,74179.88,74180.49
1790229180,2026-09-24T11:23:00,74176.89,74180.7,74172.18,74180.7
1790229195,2026-09-24T11:23:15,74180.7,74181.44,74174.55,74174.55
1790229210,2026-09-24T11:23:30,74176.86,74178.86,74166.3,74169.49
1790229225,2026-09-24T11:23:45,74168.21,74168.42,74165.01,74166.55
1790229240,2026-09-24T11:24:00,74168.17,74170.86,74160.81,74165.41
1790229255,2026-09-24T11:24:15,74164.66,74165.58,74148,74152.62
1790229270,2026-09-24T11:24:30,74151.46,74157.87,74143.06,74157.87
1790229285,2026-09-24T11:24:45,74153.27,74157.23,74143.98,74157.23
1790229300,2026-09-24T11:25:00,74152.73,74152.73,74139.74,74139.74
1790229315,2026-09-24T11:25:15,74141.11,74147.51,74138.95,74139.21
1790229330,2026-09-24T11:25:30,74136.51,74142.55,74132.31,74132.31
1790229345,2026-09-24T11:25:45,74131.08,74142.22,74131.08,74137.96
1790229360,2026-09-24T11:26:00,74133.87,74141.45,74133.21,74141.29
1790229375,2026-09-24T11:26:15,74141.67,74142.73,74123.53,74123.53
1790229390,2026-09-24T11:26:30,74123.18,74133.84,74123.18,74131.28
1790229405,2026-09-24T11:26:45,74131.28,74143.12,74131.28,74143.12
1790229420,2026-09-24T11:27:00,74140.75,74159.65,74140.29,74159.65
1790229435,2026-09-24T11:27:15,74161.28,74161.28,74152.26,74157.93
1790229450,2026-09-24T11:27:30,74157.93,74157.93,74149.96,74152.47
1790229465,2026-09-24T11:27:45,74151.25,74155.43,74149.8,74150.57
1790229480,2026-09-24T11:28:00,74150.45,74154.98,74150.45,74152.74
1790229495,2026-09-24T11:28:15,74152.67,74153.77,74147.83,74150.7
1790229510,2026-09-24T11:28:30,74152.89,74155.83,74152.56,74155.83
1790229525,2026-09-24T11:28:45,74154,74154.13,74151.72,74152.64
1790229540,2026-09-24T11:29:00,74154.93,74161.76,74151.95,74161.76
1790229555,2026-09-24T11:29:15,74160.81,74162.12,74155.32,74161.94
1790229570,2026-09-24T11:29:30,74161.25,74161.25,74158.63,74160.2
1790229585,2026-09-24T11:29:45,74160.2,74162.25,74150.93,74162.25
1790229600,2026-09-24T11:30:00,74161.3,74163,74157.51,74161.46
1790229615,2026-09-24T11:30:15,74162.49,74162.49,74153.5,74154.67
1790229630,2026-09-24T11:30:30,74151.14,74155.57,74140.13,74140.13
1790229645,2026-09-24T11:30:45,74140.48,74140.97,74135.17,74137.94
1790229660,2026-09-24T11:31:00,74135.54,74135.67,74127.87,74131.17
1790229675,2026-09-24T11:31:15,74131.17,74132.77,74127.99,74127.99
1790229690,2026-09-24T11:31:30,74127.29,74128.53,74125.21,74125.21
1790229705,2026-09-24T11:31:45,74124.75,74126.11,74120.58,74123.07
1790229720,2026-09-24T11:32:00,74123.07,74127.09,74121.49,74125.38
1790229735,2026-09-24T11:32:15,74125.38,74125.38,74111.27,74111.27
1790229750,2026-09-24T11:32:30,74111.27,74113.9,74104.64,74106.65
1790229765,2026-09-24T11:32:45,74105.55,74109.62,74097.74,74101.64
1790229780,2026-09-24T11:33:00,74093.14,74098.18,74087.8,74089.51
1790229795,2026-09-24T11:33:15,74096.85,74110.11,74088.43,74110.11
1790229810,2026-09-24T11:33:30,74109.2,74116.06,74104.12,74114.06
1790229825,2026-09-24T11:33:45,74113.07,74121.58,74112.53,74120.8
1790229840,2026-09-24T11:34:00,74123.17,74129.71,74121.27,74129.71
1790229855,2026-09-24T11:34:15,74126.06,74131.37,74125.29,74125.29
1790229870,2026-09-24T11:34:30,74125.44,74125.44,74108.48,74108.48
1790229885,2026-09-24T11:34:45,74108.48,74108.48,74100.12,74104.32
1790229900,2026-09-24T11:35:00,74104.32,74116.35,74104.32,74111.08
1790229915,2026-09-24T11:35:15,74111.08,74113.39,74106.9,74109.21
1790229930,2026-09-24T11:35:30,74108.81,74111.04,74105.38,74106.82
1790229945,2026-09-24T11:35:45,74105.53,74120.49,74105.02,74114.29
1790229960,2026-09-24T11:36:00,74114.77,74118.93,74114.32,74118.42
1790229975,2026-09-24T11:36:15,74113.92,74121.29,74113.92,74121.29
1790229990,2026-09-24T11:36:30,74120.44,74123.59,74118.96,74120.66
1790230005,2026-09-24T11:36:45,74120.66,74125.78,74120.66,74125.45
1790230020,2026-09-24T11:37:00,74130.86,74131.25,74123.09,74123.09
1790230035,2026-09-24T11:37:15,74123.09,74123.09,74110.53,74112.25
1790230050,2026-09-24T11:37:30,74113.5,74115.76,74103.14,74103.14
1790230065,2026-09-24T11:37:45,74106.83,74111.32,74098.32,74098.37
1790230080,2026-09-24T11:38:00,74099.25,74108.75,74097.99,74098.25
1790230095,2026-09-24T11:38:15,74099.18,74110.93,74099.18,74100.49
1790230110,2026-09-24T11:38:30,74098.64,74108.48,74098.28,74101.37
1790230125,2026-09-24T11:38:45,74101.25,74110.99,74096.33,74098.76
1790230140,2026-09-24T11:39:00,74096.62,74097.53,74090.85,74090.85
1790230155,2026-09-24T11:39:15,74090.7,74095.81,74086.02,74094.65
1790230170,2026-09-24T11:39:30,74094.65,74098.01,74081.7,74098.01
1790230185,2026-09-24T11:39:45,74096.84,74105.12,74092.34,74105.12
1790230200,2026-09-24T11:40:00,74106.43,74120.42,74106.43,74114.87
1790230215,2026-09-24T11:40:15,74113.24,74117.76,74108.34,74109.84
1790230230,2026-09-24T11:40:30,74115.46,74116.41,74107.96,74108.41
1790230245,2026-09-24T11:40:45,74108.41,74113.77,74103.88,74113.77
1790230260,2026-09-24T11:41:00,74107.08,74116.01,74104.52,74112.13
1790230275,2026-09-24T11:41:15,74111.84,74124.54,74110.04,74116.08
1790230290,2026-09-24T11:41:30,74119.93,74119.94,74116.82,74119.94
1790230305,2026-09-24T11:41:45,74115.21,74116.78,74101.72,74102.55
1790230320,2026-09-24T11:42:00,74102.25,74104.87,74100.9,74103.45
1790230335,2026-09-24T11:42:15,74100.63,74105.54,74100.62,74101.94
1790230350,2026-09-24T11:42:30,74100.72,74101.73,74096.55,74100.93
1790230365,2026-09-24T11:42:45,74099.32,74099.32,74090.84,74096.99
1790230380,2026-09-24T11:43:00,74096.59,74111.14,74092.74,74110.87
1790230395,2026-09-24T11:43:15,74110.94,74113.39,74108.14,74112.26
1790230410,2026-09-24T11:43:30,74112.26,74116,74111.22,74116
1790230425,2026-09-24T11:43:45,74116,74120.25,74113.27,74118.88
1790230440,2026-09-24T11:44:00,74117.53,74119.97,74112.89,74114.1
1790230455,2026-09-24T11:44:15,74113.8,74117.62,74111.72,74117.62
1790230470,2026-09-24T11:44:30,74117.97,74117.97,74114.16,74114.91
1790230485,2026-09-24T11:44:45,74117.65,74118.61,74111.96,74117.61
1790230500,2026-09-24T11:45:00,74115.68,74127.14,74113.93,74122.75
1790230515,2026-09-24T11:45:15,74121.53,74125.06,74118.25,74118.25
1790230530,2026-09-24T11:45:30,74117.77,74125.09,74117.63,74121.86
1790230545,2026-09-24T11:45:45,74122.27,74125.62,74121.19,74124.73
1790230560,2026-09-24T11:46:00,74125.45,74125.45,74121.52,74121.86
1790230575,2026-09-24T11:46:15,74121.67,74135.56,74121.07,74133.54
1790230590,2026-09-24T11:46:30,74133.54,74133.79,74130.24,74132.79
1790230605,2026-09-24T11:46:45,74131.27,74131.89,74125.21,74125.86
1790230620,2026-09-24T11:47:00,74123.93,74125.62,74119.64,74124.09
1790230635,2026-09-24T11:47:15,74127.06,74129.69,74125.68,74126.22
1790230650,2026-09-24T11:47:30,74123.36,74127.11,74121.32,74124.3
1790230665,2026-09-24T11:47:45,74121.73,74124.94,74114.31,74115.5
1790230680,2026-09-24T11:48:00,74114.84,74115.99,74110.53,74114.48
1790230695,2026-09-24T11:48:15,74115.46,74116.04,74107.03,74111.54
1790230710,2026-09-24T11:48:30,74112.03,74112.79,74107.6,74110.47
1790230725,2026-09-24T11:48:45,74109.19,74120.75,74109.19,74118.69
1790230740,2026-09-24T11:49:00,74118.13,74118.13,74112.29,74112.29
1790230755,2026-09-24T11:49:15,74106.45,74117.14,74106.45,74117.14
1790230770,2026-09-24T11:49:30,74118.36,74118.36,74113.46,74113.46
1790230785,2026-09-24T11:49:45,74115.88,74117.22,74102.96,74103.45
1790230800,2026-09-24T11:50:00,74103.07,74114.95,74102.63,74114.95
1790230815,2026-09-24T11:50:15,74123.73,74123.73,74106.29,74107.11
1790230830,2026-09-24T11:50:30,74103.34,74113.67,74102.92,74110.4
1790230845,2026-09-24T11:50:45,74110.53,74110.53,74100.1,74102.62
1790230860,2026-09-24T11:51:00,74101.91,74104.52,74099.12,74102.13
1790230875,2026-09-24T11:51:15,74100.72,74101.35,74093.43,74093.43
1790230890,2026-09-24T11:51:30,74096.38,74097.85,74091.38,74095.1
1790230905,2026-09-24T11:51:45,74098.85,74098.85,74089.82,74095.64
1790230920,2026-09-24T11:52:00,74095.33,74097.52,74085.38,74085.38
1790230935,2026-09-24T11:52:15,74088.5,74100.79,74087.37,74088.36
1790230950,2026-09-24T11:52:30,74093.5,74096.81,74085.19,74088.54
1790230965,2026-09-24T11:52:45,74089.18,74092.02,74079.83,74079.83
1790230980,2026-09-24T11:53:00,74079.58,74089.76,74079.58,74084.73
1790230995,2026-09-24T11:53:15,74084.24,74088.53,74082.96,74083.1
1790231010,2026-09-24T11:53:30,74082.8,74082.8,74072.92,74073.86
1790231025,2026-09-24T11:53:45,74073.4,74073.99,74064.56,74068.5
1790231040,2026-09-24T11:54:00,74068.5,74076.82,74068.5,74076.06
1790231055,2026-09-24T11:54:15,74078.47,74078.47,74073.62,74076.13
1790231070,2026-09-24T11:54:30,74076.48,74089.05,74075.75,74084.2
1790231085,2026-09-24T11:54:45,74082.38,74082.38,74076.64,74079.81
1790231100,2026-09-24T11:55:00,74078.93,74079.2,74073,74073
1790231115,2026-09-24T11:55:15,74075.7,74081.1,74075.7,74077.48
1790231130,2026-09-24T11:55:30,74076.08,74076.08,74065.9,74065.9
1790231145,2026-09-24T11:55:45,74065.34,74076.1,74065.34,74072.5
1790231160,2026-09-24T11:56:00,74072.5,74072.5,74062.37,74063.8
1790231175,2026-09-24T11:56:15,74062.27,74066.49,74058.75,74064.62
1790231190,2026-09-24T11:56:30,74064.62,74065.53,74059.96,74060.59
1790231205,2026-09-24T11:56:45,74058.49,74058.69,74050.81,74051.68
1790231220,2026-09-24T11:57:00,74054.46,74057.34,74051.6,74052.3
1790231235,2026-09-24T11:57:15,74055.71,74061.45,74048.23,74061.45
1790231250,2026-09-24T11:57:30,74056.36,74058.05,74053.56,74055.45
1790231265,2026-09-24T11:57:45,74054.89,74055.99,74049.28,74049.66
1790231280,2026-09-24T11:58:00,74048.77,74048.77,74039.68,74039.68
1790231295,2026-09-24T11:58:15,74040.54,74050.95,74040.48,74050.95
1790231310,2026-09-24T11:58:30,74050.26,74063.69,74050.11,74056.71
1790231325,2026-09-24T11:58:45,74056.71,74061.32,74049.25,74049.25
1790231340,2026-09-24T11:59:00,74049.17,74053.78,74044.78,74053.34
1790231355,2026-09-24T11:59:15,74058.42,74060.33,74053.74,74057.16
1790231370,2026-09-24T11:59:30,74056.55,74059.5,74054.77,74058.24
1790231385,2026-09-24T11:59:45,74056.57,74059.79,74054.31,74055.98
1790231400,2026-09-24T12:00:00,74056.33,74056.49,74048.72,74048.84
1790231415,2026-09-24T12:00:15,74048.84,74055.53,74048.81,74053.92
1790231430,2026-09-24T12:00:30,74053.96,74053.96,74050.4,74052.16
1790231445,2026-09-24T12:00:45,74050.78,74058.84,74050.78,74058.55
1790231460,2026-09-24T12:01:00,74045.17,74054.07,74045.17,74054.07
1790231475,2026-09-24T12:01:15,74053.18,74071.61,74053.18,74067.42
1790231490,2026-09-24T12:01:30,74067.42,74073.43,74067.03,74069.43
1790231505,2026-09-24T12:01:45,74070.07,74073.35,74067.8,74073.35
1790231520,2026-09-24T12:02:00,74072.75,74081.57,74072.75,74076.37
1790231535,2026-09-24T12:02:15,74074.3,74085.01,74074.3,74085.01
1790231550,2026-09-24T12:02:30,74085.59,74093.76,74085.59,74087.65
1790231565,2026-09-24T12:02:45,74087.79,74091.52,74087.54,74089.99
1790231580,2026-09-24T12:03:00,74089.1,74094.53,74085.16,74085.93
1790231595,2026-09-24T12:03:15,74084.94,74086.78,74082.26,74082.37
1790231610,2026-09-24T12:03:30,74085.33,74089.95,74084.16,74089.88
1790231625,2026-09-24T12:03:45,74088.48,74092.02,74072.98,74072.98
1790231640,2026-09-24T12:04:00,74073.96,74082.4,74072.04,74082.4
1790231655,2026-09-24T12:04:15,74082.1,74086.81,74077.09,74086.81
1790231670,2026-09-24T12:04:30,74091.37,74091.48,74079.44,74079.44
1790231685,2026-09-24T12:04:45,74079.46,74091.95,74079.3,74085.08
1790231700,2026-09-24T12:05:00,74084.4,74102.66,74084.4,74095.07
1790231715,2026-09-24T12:05:15,74104.18,74104.18,74093.91,74098.53
1790231730,2026-09-24T12:05:30,74098.23,74111.26,74096.02,74108.22
1790231745,2026-09-24T12:05:45,74100.4,74106.47,74097.61,74106.47
1790231760,2026-09-24T12:06:00,74107.06,74110.27,74098.36,74107.07
1790231775,2026-09-24T12:06:15,74103.22,74114.91,74102.61,74107.05
1790231790,2026-09-24T12:06:30,74103.94,74111.89,74103.03,74107.8
1790231805,2026-09-24T12:06:45,74106.57,74112.32,74101.44,74104.17
1790231820,2026-09-24T12:07:00,74105.49,74105.73,74095.29,74095.6
1790231835,2026-09-24T12:07:15,74095.99,74099.47,74093.02,74097.01
1790231850,2026-09-24T12:07:30,74095.05,74103.45,74094.25,74098.16
1790231865,2026-09-24T12:07:45,74097.81,74102.52,74097.66,74097.99
1790231880,2026-09-24T12:08:00,74098.67,74098.67,74094.1,74094.1
1790231895,2026-09-24T12:08:15,74093.3,74095.05,74091.63,74095.05
1790231910,2026-09-24T12:08:30,74092.42,74094.15,74087.11,74090.13
1790231925,2026-09-24T12:08:45,74091.66,74091.66,74082.41,74082.44
1790231940,2026-09-24T12:09:00,74082.63,74107.09,74082.63,74103.99
1790231955,2026-09-24T12:09:15,74104.97,74104.97,74098.13,74102.16
1790231970,2026-09-24T12:09:30,74102.28,74102.28,74071.09,74071.09
1790231985,2026-09-24T12:09:45,74070.32,74084.42,74070.32,74083.96
1790232000,2026-09-24T12:10:00,74083.96,74086.47,74082.07,74084.38
1790232015,2026-09-24T12:10:15,74083.31,74086.23,74082.45,74086.23
1790232030,2026-09-24T12:10:30,74087.86,74095.52,74085.44,74095.52
1790232045,2026-09-24T12:10:45,74093.24,74093.24,74080.43,74087.31
1790232060,2026-09-24T12:11:00,74085.26,74089.8,74083.74,74087.83
1790232075,2026-09-24T12:11:15,74089.03,74089.37,74084.19,74084.19
1790232090,2026-09-24T12:11:30,74084.54,74087.33,74078.4,74079.04
1790232105,2026-09-24T12:11:45,74076.91,74086.63,74076.91,74086.02
1790232120,2026-09-24T12:12:00,74082.79,74089.32,74078.85,74089.07
1790232135,2026-09-24T12:12:15,74090.73,74091.18,74087.65,74089.8
1790232150,2026-09-24T12:12:30,74089.8,74089.8,74075.9,74079.18
1790232165,2026-09-24T12:12:45,74077.63,74080.63,74075.71,74077.21
1790232180,2026-09-24T12:13:00,74073.42,74079.11,74073.42,74076.7
1790232195,2026-09-24T12:13:15,74078.63,74079.53,74073.48,74077.2
1790232210,2026-09-24T12:13:30,74076.9,74076.9,74070.25,74072.89
1790232225,2026-09-24T12:13:45,74072.28,74072.76,74064.03,74064.03
1790232240,2026-09-24T12:14:00,74066.75,74067.02,74061.59,74064.95
1790232255,2026-09-24T12:14:15,74065.26,74067.45,74060.05,74065.47
1790232270,2026-09-24T12:14:30,74065.77,74065.77,74052.35,74053
1790232285,2026-09-24T12:14:45,74055.67,74058.67,74048.55,74054.17
1790232300,2026-09-24T12:15:00,74052.46,74060.5,74050.75,74060.5
1790232315,2026-09-24T12:15:15,74067.13,74075.01,74067.13,74069.74
1790232330,2026-09-24T12:15:30,74069.74,74074.26,74066.37,74066.37
1790232345,2026-09-24T12:15:45,74065.33,74071.17,74046.16,74053.53
1790232360,2026-09-24T12:16:00,74053.12,74065.11,74053.12,74063.05
1790232375,2026-09-24T12:16:15,74063.92,74065.36,74057.11,74063.27
1790232390,2026-09-24T12:16:30,74063.14,74063.14,74057.24,74058.88
1790232405,2026-09-24T12:16:45,74062.1,74062.4,74057.63,74060.89
1790232420,2026-09-24T12:17:00,74057.04,74060.31,74055.96,74056.79
1790232435,2026-09-24T12:17:15,74056.23,74056.23,74051.85,74054.76
1790232450,2026-09-24T12:17:30,74054.76,74059.02,74053.81,74055.54
1790232465,2026-09-24T12:17:45,74056.2,74058.47,74054.64,74057.42
1790232480,2026-09-24T12:18:00,74060.89,74065.87,74060.89,74062.88
1790232495,2026-09-24T12:18:15,74059.86,74063.18,74056.95,74058.44
1790232510,2026-09-24T12:18:30,74059.34,74067.07,74058.73,74061.31
1790232525,2026-09-24T12:18:45,74060.27,74062.83,74057.07,74059.12
1790232540,2026-09-24T12:19:00,74058.32,74058.46,74053.92,74055.62
1790232555,2026-09-24T12:19:15,74051.76,74060.43,74049.44,74057.7
1790232570,2026-09-24T12:19:30,74059.28,74059.42,74052.32,74055.07
1790232585,2026-09-24T12:19:45,74055,74063.62,74053.5,74063.62
1790232600,2026-09-24T12:20:00,74063.62,74071.34,74062.05,74067.26
1790232615,2026-09-24T12:20:15,74067.26,74078.11,74066.35,74074.81
1790232630,2026-09-24T12:20:30,74074.81,74074.81,74068.18,74074.52
1790232645,2026-09-24T12:20:45,74074.52,74076.1,74059.51,74059.51
1790232660,2026-09-24T12:21:00,74061.13,74062.72,74056.59,74059.77
1790232675,2026-09-24T12:21:15,74060.25,74064.07,74054.67,74057.16
1790232690,2026-09-24T12:21:30,74055,74055,74046.75,74048.73
1790232705,2026-09-24T12:21:45,74048.45,74051.42,74046.62,74047.59
1790232720,2026-09-24T12:22:00,74047.59,74060.42,74046.53,74060.42
1790232735,2026-09-24T12:22:15,74059.29,74060.34,74056.62,74056.73
1790232750,2026-09-24T12:22:30,74056.25,74057.39,74053.69,74053.69
1790232765,2026-09-24T12:22:45,74052.5,74054.34,74049.01,74050.06
1790232780,2026-09-24T12:23:00,74047.28,74049.09,74041.99,74042.71
1790232795,2026-09-24T12:23:15,74043.21,74043.25,74032.99,74033.23
1790232810,2026-09-24T12:23:30,74031.3,74033.22,74029.03,74031.95
1790232825,2026-09-24T12:23:45,74032.51,74037.78,74028.4,74028.4
1790232840,2026-09-24T12:24:00,74026.48,74038.94,74026.39,74038.94
1790232855,2026-09-24T12:24:15,74038.94,74039.55,74032.81,74033.29
1790232870,2026-09-24T12:24:30,74033.29,74044.27,74033.03,74044.27
1790232885,2026-09-24T12:24:45,74044.65,74045,74042.51,74043.26
1790232900,2026-09-24T12:25:00,74043.26,74043.37,74039.73,74042.85
1790232915,2026-09-24T12:25:15,74042.36,74042.58,74028.25,74028.25
1790232930,2026-09-24T12:25:30,74031.77,74031.89,74009.48,74009.6
1790232945,2026-09-24T12:25:45,74009.6,74009.6,73990.51,73990.51
1790232960,2026-09-24T12:26:00,73992.7,73995.97,73983.25,73995.97
1790232975,2026-09-24T12:26:15,73995.29,74006.32,73986.87,74006.32
1790232990,2026-09-24T12:26:30,74004.94,74005.09,73996.85,73996.85
1790233005,2026-09-24T12:26:45,74000.64,74005.27,73995.02,74004.66
1790233020,2026-09-24T12:27:00,74002.92,74006.31,73998.57,73998.57
1790233035,2026-09-24T12:27:15,74000.17,74000.19,73997.47,73999.14
1790233050,2026-09-24T12:27:30,73997.78,74004.24,73997.28,74002.73
1790233065,2026-09-24T12:27:45,74003.6,74005.14,74002.1,74005.14
1790233080,2026-09-24T12:28:00,74005.35,74010.82,74004.3,74010.6
1790233095,2026-09-24T12:28:15,74010.67,74015.49,74009.29,74015.49
1790233110,2026-09-24T12:28:30,74012.45,74028.91,74012.45,74020.85
1790233125,2026-09-24T12:28:45,74019.25,74032.16,74019.25,74030.28
1790233140,2026-09-24T12:29:00,74032.4,74032.89,74026.97,74027.5
1790233155,2026-09-24T12:29:15,74026.94,74031.48,74017.22,74019.1
1790233170,2026-09-24T12:29:30,74018.04,74022.04,74017.2,74022.04
1790233185,2026-09-24T12:29:45,74020.86,74022.01,74011.86,74018.1
1790233200,2026-09-24T12:30:00,74016.58,74021.22,74015.24,74017.51
1790233215,2026-09-24T12:30:15,74020.36,74025.71,74019.59,74023.13
1790233230,2026-09-24T12:30:30,74026.56,74026.56,74016.11,74016.57
1790233245,2026-09-24T12:30:45,74016.46,74019.72,74014.58,74015.28
1790233260,2026-09-24T12:31:00,74018.49,74027.26,74015.42,74027.26
1790233275,2026-09-24T12:31:15,74022.53,74027.43,74019.49,74019.66
1790233290,2026-09-24T12:31:30,74019.63,74019.63,74011.79,74017.28
1790233305,2026-09-24T12:31:45,74016.36,74016.36,74010.44,74013.54
1790233320,2026-09-24T12:32:00,74013.12,74013.12,74004.16,74004.16
1790233335,2026-09-24T12:32:15,74004.44,74007.02,73998.09,73998.09
1790233350,2026-09-24T12:32:30,73999.96,74000.45,73979.4,73979.4
1790233365,2026-09-24T12:32:45,73978.32,73990.86,73977.27,73979.6
1790233380,2026-09-24T12:33:00,73979.6,73992.44,73977.5,73992.44
1790233395,2026-09-24T12:33:15,73992.1,73992.5,73980.33,73980.33
1790233410,2026-09-24T12:33:30,73976.13,73978.88,73973.62,73978.88
1790233425,2026-09-24T12:33:45,73978.53,73982.93,73973.78,73976.68
1790233440,2026-09-24T12:34:00,73977.36,73977.55,73961.12,73964.19
1790233455,2026-09-24T12:34:15,73962.91,73972.29,73962.39,73970.29
1790233470,2026-09-24T12:34:30,73969.32,73974.32,73968.87,73971.11
1790233485,2026-09-24T12:34:45,73971.43,73974.46,73970.83,73974.39
1790233500,2026-09-24T12:35:00,73973.73,73981.55,73973.73,73975.61
1790233515,2026-09-24T12:35:15,73972.5,73973.31,73956.81,73956.81
1790233530,2026-09-24T12:35:30,73964.26,73975.06,73962.82,73975.06
1790233545,2026-09-24T12:35:45,73973.78,73977.73,73967.36,73977.73
1790233560,2026-09-24T12:36:00,73960.65,73969.68,73958.68,73969.68
1790233575,2026-09-24T12:36:15,73968.24,73980.01,73968.24,73977.3
1790233590,2026-09-24T12:36:30,73978.14,73988.82,73978.14,73988.13
1790233605,2026-09-24T12:36:45,73989.49,73989.49,73974.68,73975.47
1790233620,2026-09-24T12:37:00,73975.71,73977.13,73974.15,73974.15
1790233635,2026-09-24T12:37:15,73974.51,73989.49,73974.51,73984.47
1790233650,2026-09-24T12:37:30,73983.83,73985.13,73980.46,73980.68
1790233665,2026-09-24T12:37:45,73980.26,73983.52,73979,73980.38
1790233680,2026-09-24T12:38:00,73978.99,73990.39,73978.99,73990.39
1790233695,2026-09-24T12:38:15,73990.39,73998.02,73990.39,73998.02
1790233710,2026-09-24T12:38:30,73999.34,74002.78,73997.12,74000.4
1790233725,2026-09-24T12:38:45,73997.19,74007.15,73992.94,73992.94
1790233740,2026-09-24T12:39:00,73992.15,73993.29,73987.29,73992.77
1790233755,2026-09-24T12:39:15,73992.77,73995.41,73982.33,73983.32
1790233770,2026-09-24T12:39:30,73983.5,73983.53,73977.33,73977.33
1790233785,2026-09-24T12:39:45,73977.61,73981.91,73977.61,73981.2
1790233800,2026-09-24T12:40:00,73979.79,73983.13,73971.68,73975.9
1790233815,2026-09-24T12:40:15,73977.31,73979.08,73969.9,73973.09
1790233830,2026-09-24T12:40:30,73972.81,73981.57,73972.81,73981.57
1790233845,2026-09-24T12:40:45,73984.59,73984.59,73980.17,73983.37
1790233860,2026-09-24T12:41:00,73983.37,73992.76,73983.37,73992.05
1790233875,2026-09-24T12:41:15,73994.97,74002.89,73994.97,73999.08
1790233890,2026-09-24T12:41:30,73999.08,74008.29,73999.08,74007.82
1790233905,2026-09-24T12:41:45,74009.75,74009.75,73995.89,73998.66
1790233920,2026-09-24T12:42:00,73998.66,73998.66,73994.02,73994.02
1790233935,2026-09-24T12:42:15,73995.46,73998.83,73991.01,73992.94
1790233950,2026-09-24T12:42:30,73993.37,73993.61,73988.59,73988.59
1790233965,2026-09-24T12:42:45,73992.29,73994.93,73991.35,73993.58
1790233980,2026-09-24T12:43:00,73989.89,73991.07,73989.29,73990.77
1790233995,2026-09-24T12:43:15,73993.47,73994.73,73989.07,73992.23
1790234010,2026-09-24T12:43:30,73992.23,73993.57,73987.74,73991.07
1790234025,2026-09-24T12:43:45,73989.86,73989.86,73981.07,73986.15
1790234040,2026-09-24T12:44:00,73984.68,73984.68,73973.29,73975.74
1790234055,2026-09-24T12:44:15,73979.82,73979.82,73973.25,73975.4
1790234070,2026-09-24T12:44:30,73975.4,73987.34,73972.98,73980.81
1790234085,2026-09-24T12:44:45,73980.17,73980.17,73971.01,73976.15
1790234100,2026-09-24T12:45:00,73976.15,73976.68,73967.67,73971.47
1790234115,2026-09-24T12:45:15,73975.63,73978.34,73970.39,73977.82
1790234130,2026-09-24T12:45:30,73975.81,73977.31,73968.11,73968.11
1790234145,2026-09-24T12:45:45,73973,73973,73965.07,73965.07
1790234160,2026-09-24T12:46:00,73966.31,73979.03,73966.31,73979.03
1790234175,2026-09-24T12:46:15,73978.61,73982.42,73976.63,73980.01
1790234190,2026-09-24T12:46:30,73981.37,73984.8,73978.98,73983.22
1790234205,2026-09-24T12:46:45,73980.65,73980.65,73976.45,73977.07
1790234220,2026-09-24T12:47:00,73973.29,73981.52,73972.66,73977.34
1790234235,2026-09-24T12:47:15,73977.79,73979.13,73972.51,73973.68
1790234250,2026-09-24T12:47:30,73975.62,73978.84,73970.73,73971.98
1790234265,2026-09-24T12:47:45,73971.83,73971.83,73961.51,73963.51
1790234280,2026-09-24T12:48:00,73961.05,73961.77,73957.52,73961.77
1790234295,2026-09-24T12:48:15,73957.92,73966.32,73957.92,73966.32
1790234310,2026-09-24T12:48:30,73964.4,73966.15,73959.65,73960.93
1790234325,2026-09-24T12:48:45,73962.87,73965.87,73960.01,73961.61
1790234340,2026-09-24T12:49:00,73962.3,73962.3,73955.81,73955.81
1790234355,2026-09-24T12:49:15,73955.1,73963.26,73955.04,73960.67
1790234370,2026-09-24T12:49:30,73957.9,73964.69,73957.42,73964.69
1790234385,2026-09-24T12:49:45,73964.69,73968.5,73964.19,73964.5
1790234400,2026-09-24T12:50:00,73963.21,73974.85,73962.47,73973.71
1790234415,2026-09-24T12:50:15,73971.26,73992.05,73965.64,73992.05
1790234430,2026-09-24T12:50:30,73992.49,73994.21,73988.43,73994.21
1790234445,2026-09-24T12:50:45,73994.21,73998.31,73989.72,73993.25
1790234460,2026-09-24T12:51:00,73996,73997.43,73993.23,73994.72
1790234475,2026-09-24T12:51:15,73993.33,73996.51,73990.58,73991.58
1790234490,2026-09-24T12:51:30,73992.59,73992.59,73985.17,73985.37
1790234505,2026-09-24T12:51:45,73988.28,73991.73,73988.28,73989.83
1790234520,2026-09-24T12:52:00,73988.87,73992.92,73986.16,73989.14
1790234535,2026-09-24T12:52:15,73989.14,73989.17,73977.96,73977.96
1790234550,2026-09-24T12:52:30,73977.71,73985.17,73975.67,73984.82
1790234565,2026-09-24T12:52:45,73984.26,73984.26,73979.72,73980.25
1790234580,2026-09-24T12:53:00,73980.25,73980.39,73975.48,73980.39
1790234595,2026-09-24T12:53:15,73981.56,73983.65,73980.19,73982.78
1790234610,2026-09-24T12:53:30,73983.33,73983.36,73976,73977.95
1790234625,2026-09-24T12:53:45,73977.95,73980.22,73974.19,73975.94
1790234640,2026-09-24T12:54:00,73976.58,73979.43,73975.96,73977.88
1790234655,2026-09-24T12:54:15,73977.11,73979.68,73971.58,73971.58
1790234670,2026-09-24T12:54:30,73969.5,73972.49,73967.18,73968.96
1790234685,2026-09-24T12:54:45,73970.76,73970.76,73960.44,73965.64
1790234700,2026-09-24T12:55:00,73961.35,73967.37,73961.17,73966.2
1790234715,2026-09-24T12:55:15,73965.13,73966.28,73961.63,73964.75
1790234730,2026-09-24T12:55:30,73963.85,73963.85,73955.97,73961.61
1790234745,2026-09-24T12:55:45,73960.75,73964.18,73955.36,73958.42
1790234760,2026-09-24T12:56:00,73961.63,73963.08,73957.78,73962.08
1790234775,2026-09-24T12:56:15,73961.74,73978.84,73961.12,73978.84
1790234790,2026-09-24T12:56:30,73974.04,73985.85,73974.04,73978.5
1790234805,2026-09-24T12:56:45,73978.19,73978.19,73975.01,73975.58
1790234820,2026-09-24T12:57:00,73975.75,73978.55,73973.37,73974.37
1790234835,2026-09-24T12:57:15,73974.33,73976.43,73971.86,73974.75
1790234850,2026-09-24T12:57:30,73968.02,73970.28,73968.02,73969.01
1790234865,2026-09-24T12:57:45,73969.01,73976,73968.55,73974.16
1790234880,2026-09-24T12:58:00,73975.04,73976.61,73969.6,73974.07
1790234895,2026-09-24T12:58:15,73972.35,73975.8,73970.3,73975.25
1790234910,2026-09-24T12:58:30,73973.8,73976.44,73968.78,73976.07
1790234925,2026-09-24T12:58:45,73976.42,73979.42,73976.33,73979.42
1790234940,2026-09-24T12:59:00,73977.3,73978.18,73973.36,73976.86
1790234955,2026-09-24T12:59:15,73977.93,73977.93,73969.9,73975.63
1790234970,2026-09-24T12:59:30,73970.97,73970.97,73964.51,73967.75
1790234985,2026-09-24T12:59:45,73969.04,73972.54,73966.93,73972.37
1790235000,2026-09-24T13:00:00,73972.78,73975.29,73966.31,73969.52
1790235015,2026-09-24T13:00:15,73971.92,73974.8,73968.7,73973.1
1790235030,2026-09-24T13:00:30,73969.24,73969.24,73957.64,73957.65
1790235045,2026-09-24T13:00:45,73960.87,73967.31,73960.01,73967.31
1790235060,2026-09-24T13:01:00,73967.31,73971.33,73964.46,73971.33
1790235075,2026-09-24T13:01:15,73971.43,73976.5,73967.53,73976.5
1790235090,2026-09-24T13:01:30,73975.81,73979.45,73972.93,73978.76
1790235105,2026-09-24T13:01:45,73978.76,73982.09,73978.23,73981.82
1790235120,2026-09-24T13:02:00,73980.06,73986.71,73980.06,73985.43
1790235135,2026-09-24T13:02:15,73983.81,73990.02,73983.81,73989.75
1790235150,2026-09-24T13:02:30,73985.58,73996.86,73984.99,73995.44
1790235165,2026-09-24T13:02:45,73997.05,73997.05,73990.24,73993.19
1790235180,2026-09-24T13:03:00,73992.49,73999.94,73992.23,73997.82
1790235195,2026-09-24T13:03:15,73995.24,74001.01,73994.89,73997.63
1790235210,2026-09-24T13:03:30,73997.98,74000.27,73994.22,73994.22
1790235225,2026-09-24T13:03:45,73999.22,73999.22,73994.09,73998.59
1790235240,2026-09-24T13:04:00,73993.61,74004.9,73993.61,73999.06
1790235255,2026-09-24T13:04:15,74005.92,74005.92,73991.47,73997.08
1790235270,2026-09-24T13:04:30,73997.08,74014.55,73993.47,74012.23
1790235285,2026-09-24T13:04:45,74012.23,74016.49,74008.5,74012.4
1790235300,2026-09-24T13:05:00,74009.18,74010.93,74005.24,74008.3
1790235315,2026-09-24T13:05:15,74010.27,74020.24,74010.27,74020.24
1790235330,2026-09-24T13:05:30,74019.77,74025.97,74019.77,74025.97
1790235345,2026-09-24T13:05:45,74023.05,74029.19,74021.42,74025.39
1790235360,2026-09-24T13:06:00,74025.97,74026.56,74010.23,74010.23
1790235375,2026-09-24T13:06:15,74010.66,74011.57,74006.57,74007.42
1790235390,2026-09-24T13:06:30,74008.04,74008.52,74003.79,74007.36
1790235405,2026-09-24T13:06:45,74007.36,74008.46,74004.18,74005.15
1790235420,2026-09-24T13:07:00,74004.63,74004.92,74001.81,74002.78
1790235435,2026-09-24T13:07:15,74003.21,74007.11,74002.99,74003.4
1790235450,2026-09-24T13:07:30,74002.76,74009.97,74002.61,74009.36
1790235465,2026-09-24T13:07:45,74009.1,74015.8,74009.1,74015.8
1790235480,2026-09-24T13:08:00,74017.19,74026.44,74017.19,74026.33
1790235495,2026-09-24T13:08:15,74026.33,74035.25,74026.33,74032.36
1790235510,2026-09-24T13:08:30,74035.34,74037.34,74030.19,74034.26
1790235525,2026-09-24T13:08:45,74033.3,74033.3,74030.19,74030.94
1790235540,2026-09-24T13:09:00,74031.49,74033.61,74024.27,74026.95
1790235555,2026-09-24T13:09:15,74028.96,74031.12,74027.81,74027.85
1790235570,2026-09-24T13:09:30,74020.93,74022.62,74017.15,74019.57
1790235585,2026-09-24T13:09:45,74014.11,74016.21,74006.12,74007.1
1790235600,2026-09-24T13:10:00,74006.23,74007.91,73992.79,73992.79
1790235615,2026-09-24T13:10:15,73993.51,73997.62,73991.17,73996.11
1790235630,2026-09-24T13:10:30,73995.56,74002.7,73991.98,74002.7
1790235645,2026-09-24T13:10:45,74000.79,74001.78,73996.72,73999.48
1790235660,2026-09-24T13:11:00,74000.77,74003.13,73998.49,73999.64
1790235675,2026-09-24T13:11:15,74000.48,74000.48,73994.6,73994.6
1790235690,2026-09-24T13:11:30,73997.17,73997.17,73988.51,73988.51
1790235705,2026-09-24T13:11:45,73988.51,73991.95,73988.08,73988.97
1790235720,2026-09-24T13:12:00,73990.54,73993.42,73988.01,73990.93
1790235735,2026-09-24T13:12:15,73989.95,73990.84,73986.73,73987.84
1790235750,2026-09-24T13:12:30,73989.65,73994.55,73989.65,73991.4
1790235765,2026-09-24T13:12:45,73990.12,73998.94,73987.63,73998.94
1790235780,2026-09-24T13:13:00,73998.37,74006.73,73997.7,74004.18
1790235795,2026-09-24T13:13:15,74003.62,74011.79,73999.89,74005.76
1790235810,2026-09-24T13:13:30,74008.11,74008.11,74000.42,74005.07
1790235825,2026-09-24T13:13:45,74006.93,74012.55,74001.55,74007.89
1790235840,2026-09-24T13:14:00,74007.64,74012.17,73987.44,73996.43
1790235855,2026-09-24T13:14:15,73998.36,74018.38,73998.36,74017.1
1790235870,2026-09-24T13:14:30,74017.74,74018.31,74011.19,74011.56
1790235885,2026-09-24T13:14:45,74015.92,74019.07,74015.74,74017.95
1790235900,2026-09-24T13:15:00,74012.51,74016,74009.15,74013.82
1790235915,2026-09-24T13:15:15,74012.09,74017.51,74012.09,74017.51
1790235930,2026-09-24T13:15:30,74016.67,74019.74,74012.08,74016.03
1790235945,2026-09-24T13:15:45,74016.36,74027.64,74013.08,74026.12
1790235960,2026-09-24T13:16:00,74029.25,74029.25,74022.39,74022.52
1790235975,2026-09-24T13:16:15,74023.81,74027.47,74023.07,74026.16
1790235990,2026-09-24T13:16:30,74021.85,74026.64,74021.85,74025.19
1790236005,2026-09-24T13:16:45,74025.7,74027.33,74016.73,74018.13
1790236020,2026-09-24T13:17:00,74018.06,74021.63,74018.06,74021.52
1790236035,2026-09-24T13:17:15,74022.57,74022.91,74013.5,74013.5
1790236050,2026-09-24T13:17:30,74013.5,74017.94,74013.5,74016.65
1790236065,2026-09-24T13:17:45,74014.67,74017.19,74012.65,74017.19
1790236080,2026-09-24T13:18:00,74017.19,74017.74,74013.46,74015.24
1790236095,2026-09-24T13:18:15,74015.24,74015.24,74012.91,74014.47
1790236110,2026-09-24T13:18:30,74014.59,74016,74012.87,74015.36
1790236125,2026-09-24T13:18:45,74017.32,74017.87,74008.39,74008.39
1790236140,2026-09-24T13:19:00,74007.84,74009.19,74006.14,74006.14
1790236155,2026-09-24T13:19:15,74005.78,74010.67,74004.48,74005.94
1790236170,2026-09-24T13:19:30,74006.59,74009.6,74006.11,74009.23
1790236185,2026-09-24T13:19:45,74008.13,74010.23,74007.82,74008.16
1790236200,2026-09-24T13:20:00,74008.4,74008.4,73997.35,73997.35
1790236215,2026-09-24T13:20:15,73998.17,74000.73,73997.44,73997.44
1790236230,2026-09-24T13:20:30,73999.36,73999.36,73994.66,73995.68
1790236245,2026-09-24T13:20:45,73996.25,73999.54,73994.54,73998.46
1790236260,2026-09-24T13:21:00,73998.09,74001.9,73998.09,74000.62
1790236275,2026-09-24T13:21:15,74001.18,74007.02,74000.7,74002.01
1790236290,2026-09-24T13:21:30,74002.01,74002.44,73996.96,73996.96
1790236305,2026-09-24T13:21:45,73996.96,74000.36,73995.29,73995.67
1790236320,2026-09-24T13:22:00,73995.67,73996.55,73992.58,73996.52
1790236335,2026-09-24T13:22:15,73997.56,73997.56,73992.31,73993.2
1790236350,2026-09-24T13:22:30,73991.43,73993.76,73990.09,73990.27
1790236365,2026-09-24T13:22:45,73990.27,74001.79,73990.27,74000.67
1790236380,2026-09-24T13:23:00,73995.45,73997.66,73989.95,73990.71
1790236395,2026-09-24T13:23:15,73990.03,73999.28,73989.48,73998.04
1790236410,2026-09-24T13:23:30,73998.5,74001.35,73998.16,73999.9
1790236425,2026-09-24T13:23:45,73999.9,74000.75,73996.43,74000.11
1790236440,2026-09-24T13:24:00,73996.45,74003.14,73996.45,73999.19
1790236455,2026-09-24T13:24:15,73997.97,74000.51,73994.49,73994.49
1790236470,2026-09-24T13:24:30,73994.11,73997.92,73992.27,73995.22
1790236485,2026-09-24T13:24:45,73995.22,73999.87,73994.41,73997.82
1790236500,2026-09-24T13:25:00,73996.78,73998.01,73993.71,73994.13
1790236515,2026-09-24T13:25:15,73998.63,73998.93,73996.28,73998.93
1790236530,2026-09-24T13:25:30,73998.93,73998.93,73982.51,73982.51
1790236545,2026-09-24T13:25:45,73980.67,73980.67,73965.43,73967.21
1790236560,2026-09-24T13:26:00,73967.37,73967.83,73963.42,73964.02
1790236575,2026-09-24T13:26:15,73963.66,73964.05,73960.69,73961.71
1790236590,2026-09-24T13:26:30,73960.43,73960.69,73955.05,73956.7
1790236605,2026-09-24T13:26:45,73953.48,73953.64,73885.85,73885.85
1790236620,2026-09-24T13:27:00,73881.35,73881.35,73868.13,73874.46
1790236635,2026-09-24T13:27:15,73883.3,73908.91,73883.3,73902.63
1790236650,2026-09-24T13:27:30,73900.79,73902.08,73890.74,73893.03
1790236665,2026-09-24T13:27:45,73891.46,73891.46,73873.55,73876.83
1790236680,2026-09-24T13:28:00,73879.38,73886.15,73879.38,73884.5
1790236695,2026-09-24T13:28:15,73881.7,73883.97,73871.79,73871.79
1790236710,2026-09-24T13:28:30,73870.81,73870.81,73840.3,73849.18
1790236725,2026-09-24T13:28:45,73848.76,73868.36,73848.76,73865.67
1790236740,2026-09-24T13:29:00,73862.28,73891.3,73862.28,73890.76
1790236755,2026-09-24T13:29:15,73891.25,73891.25,73883.73,73886.36
1790236770,2026-09-24T13:29:30,73886.75,73897.38,73886.75,73891.37
1790236785,2026-09-24T13:29:45,73892.31,73900.71,73890.2,73895.04
1790236800,2026-09-24T13:30:00,73895.53,73900.08,73878.21,73878.58
1790236815,2026-09-24T13:30:15,73881.23,73891.08,73881.23,73889.99
1790236830,2026-09-24T13:30:30,73892.45,73901.43,73892.45,73901.36
1790236845,2026-09-24T13:30:45,73901.36,73909.75,73901.36,73909.49
1790236860,2026-09-24T13:31:00,73909.49,73911.38,73902.67,73910.67
1790236875,2026-09-24T13:31:15,73912.29,73912.29,73906.33,73908.53
1790236890,2026-09-24T13:31:30,73908.53,73922.93,73906.61,73922.93
1790236905,2026-09-24T13:31:45,73922.8,73937.66,73922.8,73936.37
1790236920,2026-09-24T13:32:00,73940.04,73940.04,73930.44,73934.14
1790236935,2026-09-24T13:32:15,73933.83,73934.93,73930.6,73934.44
1790236950,2026-09-24T13:32:30,73934.44,73937.42,73929.94,73935.62
1790236965,2026-09-24T13:32:45,73935.62,73938.97,73932.56,73933.56
1790236980,2026-09-24T13:33:00,73933.59,73935.01,73928.93,73930.24
1790236995,2026-09-24T13:33:15,73928.99,73948.45,73928.99,73929.76
1790237010,2026-09-24T13:33:30,73932.12,73932.75,73928.6,73932.46
1790237025,2026-09-24T13:33:45,73934.27,73934.78,73923.9,73923.9
1790237040,2026-09-24T13:34:00,73925.12,73931.79,73925.12,73931.63
1790237055,2026-09-24T13:34:15,73930.04,73933.49,73925.78,73933.49
1790237070,2026-09-24T13:34:30,73927.96,73937.69,73925.84,73925.84
1790237085,2026-09-24T13:34:45,73924.26,73926.32,73920.31,73920.31
1790237100,2026-09-24T13:35:00,73926.1,73926.64,73921.47,73921.84
1790237115,2026-09-24T13:35:15,73922.83,73926.78,73919.46,73919.46
1790237130,2026-09-24T13:35:30,73918.66,73922.7,73918.1,73918.1
1790237145,2026-09-24T13:35:45,73916.81,73923.26,73916.81,73920.06
1790237160,2026-09-24T13:36:00,73920.12,73927.52,73915.2,73927.21
1790237175,2026-09-24T13:36:15,73927.26,73927.26,73922.82,73924.8
1790237190,2026-09-24T13:36:30,73921.79,73925.23,73918.61,73918.98
1790237205,2026-09-24T13:36:45,73919.61,73919.61,73916.07,73916.91
1790237220,2026-09-24T13:37:00,73916.3,73917.54,73914.74,73916.85
1790237235,2026-09-24T13:37:15,73917.15,73928.3,73912.78,73928.3
1790237250,2026-09-24T13:37:30,73926.08,73929.07,73922.08,73922.67
1790237265,2026-09-24T13:37:45,73924.62,73924.62,73892.23,73900.16
1790237280,2026-09-24T13:38:00,73900.16,73913.98,73900.16,73909.37
1790237295,2026-09-24T13:38:15,73910.89,73913.39,73907.05,73907.05
1790237310,2026-09-24T13:38:30,73907.61,73907.61,73898.85,73905.59
1790237325,2026-09-24T13:38:45,73905.59,73906.34,73897.72,73904.05
1790237340,2026-09-24T13:39:00,73899.47,73902.27,73896.11,73898.36
1790237355,2026-09-24T13:39:15,73895.88,73900.37,73892.48,73892.48
1790237370,2026-09-24T13:39:30,73892.29,73892.29,73879.66,73880.35
1790237385,2026-09-24T13:39:45,73878.9,73881.77,73877.59,73878.44
1790237400,2026-09-24T13:40:00,73877.46,73884.78,73876.84,73879.79
1790237415,2026-09-24T13:40:15,73877.44,73877.44,73866.03,73866.04
1790237430,2026-09-24T13:40:30,73868.14,73870.96,73860.34,73870.96
1790237445,2026-09-24T13:40:45,73873.69,73873.85,73860.55,73862.11
1790237460,2026-09-24T13:41:00,73862.11,73868.66,73862.11,73862.87
1790237475,2026-09-24T13:41:15,73862.45,73862.62,73847.67,73861.93
1790237490,2026-09-24T13:41:30,73859.24,73865.85,73858.56,73860.52
1790237505,2026-09-24T13:41:45,73865.28,73865.33,73859.14,73865.33
1790237520,2026-09-24T13:42:00,73863.69,73868.43,73862.07,73862.84
1790237535,2026-09-24T13:42:15,73864.43,73870.43,73863.87,73870.15
1790237550,2026-09-24T13:42:30,73867.94,73869.45,73859.49,73859.8
1790237565,2026-09-24T13:42:45,73857.38,73859.32,73855.35,73858.73
1790237580,2026-09-24T13:43:00,73858.73,73860.99,73855.84,73857.32
1790237595,2026-09-24T13:43:15,73858.13,73860.26,73855.78,73855.78
1790237610,2026-09-24T13:43:30,73856.76,73856.76,73841.95,73844.98
1790237625,2026-09-24T13:43:45,73845.09,73845.09,73821.88,73821.88
1790237640,2026-09-24T13:44:00,73823.52,73824.16,73799.31,73799.31
1790237655,2026-09-24T13:44:15,73800.7,73800.7,73783.84,73784.29
1790237670,2026-09-24T13:44:30,73784.29,73784.29,73765.41,73769.85
1790237685,2026-09-24T13:44:45,73771.86,73777.52,73771.59,73771.59
1790237700,2026-09-24T13:45:00,73769.47,73791.84,73765.76,73791.84
1790237715,2026-09-24T13:45:15,73791.85,73799.64,73769.39,73772.2
1790237730,2026-09-24T13:45:30,73767.49,73770.83,73752.76,73768.44
1790237745,2026-09-24T13:45:45,73768.35,73769.15,73737.09,73737.09
1790237760,2026-09-24T13:46:00,73726.39,73726.39,73700.97,73703.86
1790237775,2026-09-24T13:46:15,73704.15,73715.51,73693.43,73693.43
1790237790,2026-09-24T13:46:30,73690.34,73690.34,73673.68,73690.05
1790237805,2026-09-24T13:46:45,73691.14,73693.67,73681.42,73683.86
1790237820,2026-09-24T13:47:00,73683.28,73701.03,73683.28,73687.54
1790237835,2026-09-24T13:47:15,73686.3,73700.72,73683.05,73695.51
1790237850,2026-09-24T13:47:30,73695.75,73720.16,73695.75,73720.16
1790237865,2026-09-24T13:47:45,73722.69,73722.69,73710.42,73716.38
1790237880,2026-09-24T13:48:00,73715.8,73717.1,73707.89,73716.83
1790237895,2026-09-24T13:48:15,73715.81,73716.3,73712.22,73716.3
1790237910,2026-09-24T13:48:30,73713.73,73714.75,73701.43,73701.43
1790237925,2026-09-24T13:48:45,73699.32,73705.54,73688.33,73704.97
1790237940,2026-09-24T13:49:00,73696.22,73711.88,73696.22,73711.88
1790237955,2026-09-24T13:49:15,73712.86,73726.2,73710.18,73725.38
1790237970,2026-09-24T13:49:30,73727.94,73746.1,73727.94,73746.1
1790237985,2026-09-24T13:49:45,73748.83,73749.42,73739.92,73747.46
1790238000,2026-09-24T13:50:00,73747.78,73747.79,73740.5,73740.74
1790238015,2026-09-24T13:50:15,73741.92,73751.07,73738.52,73751.07
1790238030,2026-09-24T13:50:30,73750.81,73759.17,73737.69,73758.76
1790238045,2026-09-24T13:50:45,73754.32,73756.37,73748.31,73749.48
1790238060,2026-09-24T13:51:00,73751.67,73752.08,73743.74,73743.74
1790238075,2026-09-24T13:51:15,73743.28,73743.35,73725.08,73725.08
1790238090,2026-09-24T13:51:30,73727.12,73727.12,73721.54,73722.21
1790238105,2026-09-24T13:51:45,73723.29,73723.29,73701.96,73702.67
1790238120,2026-09-24T13:52:00,73702.78,73704.98,73697.51,73698.79
1790238135,2026-09-24T13:52:15,73699.3,73716.45,73695.35,73709.15
1790238150,2026-09-24T13:52:30,73706.38,73707.21,73700.1,73704.2
1790238165,2026-09-24T13:52:45,73704.76,73707.5,73700.39,73700.39
1790238180,2026-09-24T13:53:00,73703.41,73703.41,73696.51,73701.66
1790238195,2026-09-24T13:53:15,73701.47,73706.53,73697.14,73698.13
1790238210,2026-09-24T13:53:30,73697.87,73699.43,73687.51,73687.51
1790238225,2026-09-24T13:53:45,73691.69,73695.72,73687.04,73690.52
1790238240,2026-09-24T13:54:00,73689.23,73689.23,73682.49,73683.14
1790238255,2026-09-24T13:54:15,73681.81,73682.65,73675.38,73677.42
1790238270,2026-09-24T13:54:30,73676.43,73687.21,73671.21,73671.21
1790238285,2026-09-24T13:54:45,73675.17,73675.17,73634.85,73647.34
1790238300,2026-09-24T13:55:00,73653.4,73656.87,73647.71,73650.25
1790238315,2026-09-24T13:55:15,73650.34,73675.93,73650.34,73671.83
1790238330,2026-09-24T13:55:30,73670.62,73677.27,73669.95,73670.63
1790238345,2026-09-24T13:55:45,73668.24,73668.24,73660.6,73665.18
1790238360,2026-09-24T13:56:00,73666.37,73676.38,73666.37,73671.54
1790238375,2026-09-24T13:56:15,73669.08,73669.08,73656.55,73664.93
1790238390,2026-09-24T13:56:30,73664.47,73667.65,73660.2,73667.65
1790238405,2026-09-24T13:56:45,73667.27,73667.27,73653.08,73659.31
1790238420,2026-09-24T13:57:00,73658.25,73662.89,73658.2,73660.04
1790238435,2026-09-24T13:57:15,73659.69,73659.69,73653.24,73654.83
1790238450,2026-09-24T13:57:30,73653.5,73653.79,73645.73,73648.24
1790238465,2026-09-24T13:57:45,73646.8,73646.8,73613.51,73613.51
1790238480,2026-09-24T13:58:00,73612.82,73622.57,73608.64,73622.06
1790238495,2026-09-24T13:58:15,73622.68,73623.99,73614.89,73616.34
1790238510,2026-09-24T13:58:30,73616.51,73616.51,73591.36,73592.29
1790238525,2026-09-24T13:58:45,73593.94,73596.75,73593.22,73594.73
1790238540,2026-09-24T13:59:00,73594.3,73594.3,73583.84,73590.63
1790238555,2026-09-24T13:59:15,73594.92,73610.03,73593.56,73608.36
1790238570,2026-09-24T13:59:30,73609.69,73617.86,73600.82,73617.86
1790238585,2026-09-24T13:59:45,73617.71,73618.19,73596.29,73597.78
1790238600,2026-09-24T14:00:00,73600.01,73610.13,73597.27,73610.11
1790238615,2026-09-24T14:00:15,73614.53,73627.2,73614.53,73626.04
1790238630,2026-09-24T14:00:30,73625.53,73632.35,73624.24,73626.54
1790238645,2026-09-24T14:00:45,73628.05,73654.72,73621.79,73636.49
1790238660,2026-09-24T14:01:00,73633.61,73648.21,73633.05,73645.4
1790238675,2026-09-24T14:01:15,73643.85,73660.26,73643.85,73659.34
1790238690,2026-09-24T14:01:30,73657.31,73665.64,73652.49,73665.64
1790238705,2026-09-24T14:01:45,73666.46,73678.4,73666.18,73678.4
1790238720,2026-09-24T14:02:00,73680.89,73687.8,73679.75,73687.2
1790238735,2026-09-24T14:02:15,73690.21,73691.79,73687.37,73691.08
1790238750,2026-09-24T14:02:30,73693.8,73711.11,73691.06,73711.11
1790238765,2026-09-24T14:02:45,73710.52,73710.52,73694.5,73706.16
1790238780,2026-09-24T14:03:00,73707.45,73714.65,73707.45,73714.38
1790238795,2026-09-24T14:03:15,73714.9,73744.86,73710.2,73737.45
1790238810,2026-09-24T14:03:30,73734.57,73735.07,73715.67,73717.22
1790238825,2026-09-24T14:03:45,73715.99,73715.99,73696.69,73699.02
1790238840,2026-09-24T14:04:00,73699.16,73705.54,73698.63,73705.54
1790238855,2026-09-24T14:04:15,73706.18,73709.02,73705.88,73707.76
1790238870,2026-09-24T14:04:30,73708.89,73708.89,73687.5,73687.5
1790238885,2026-09-24T14:04:45,73685.05,73685.05,73614.8,73614.8
1790238900,2026-09-24T14:05:00,73615.95,73626.31,73615.04,73625.98
1790238915,2026-09-24T14:05:15,73632.52,73639.53,73626.25,73639.53
1790238930,2026-09-24T14:05:30,73638.05,73646.99,73636.22,73646.99
1790238945,2026-09-24T14:05:45,73646.99,73648.4,73640.14,73640.23
1790238960,2026-09-24T14:06:00,73641.51,73641.51,73624.74,73624.74
1790238975,2026-09-24T14:06:15,73619.04,73619.04,73605.62,73609.49
1790238990,2026-09-24T14:06:30,73610.62,73627,73608.84,73618.56
1790239005,2026-09-24T14:06:45,73617.77,73627.58,73614.86,73627.58
1790239020,2026-09-24T14:07:00,73629.25,73638.12,73627.81,73636.94
1790239035,2026-09-24T14:07:15,73636.3,73638.61,73630.27,73630.27
1790239050,2026-09-24T14:07:30,73626.66,73626.66,73616.4,73620.64
1790239065,2026-09-24T14:07:45,73617.03,73623.13,73615.68,73618.68
1790239080,2026-09-24T14:08:00,73617.88,73628.84,73614.86,73625.57
1790239095,2026-09-24T14:08:15,73628.51,73639.02,73628.51,73637.49
1790239110,2026-09-24T14:08:30,73634.52,73646.24,73634.52,73644.44
1790239125,2026-09-24T14:08:45,73640.43,73653.86,73640.43,73653.86
1790239140,2026-09-24T14:09:00,73656.02,73656.02,73632,73632
1790239155,2026-09-24T14:09:15,73631.96,73645.08,73631.02,73645.08
1790239170,2026-09-24T14:09:30,73647.6,73658.1,73645.95,73655.8
1790239185,2026-09-24T14:09:45,73656.99,73657.37,73647.91,73652.33
1790239200,2026-09-24T14:10:00,73651.01,73681.64,73651.01,73660.83
1790239215,2026-09-24T14:10:15,73657.65,73663.88,73657.65,73659.6
1790239230,2026-09-24T14:10:30,73657.7,73657.7,73651.27,73651.27
1790239245,2026-09-24T14:10:45,73648.92,73648.92,73641.79,73646.03
1790239260,2026-09-24T14:11:00,73651.39,73651.74,73647.14,73647.59
1790239275,2026-09-24T14:11:15,73649.55,73652.05,73646.05,73650.07
1790239290,2026-09-24T14:11:30,73652.21,73655.1,73636.26,73636.26
1790239305,2026-09-24T14:11:45,73632.46,73643.38,73632.46,73643.38
1790239320,2026-09-24T14:12:00,73642.54,73647.09,73641.56,73643.23
1790239335,2026-09-24T14:12:15,73643.23,73659.26,73639.09,73654.04
1790239350,2026-09-24T14:12:30,73651.74,73651.74,73645.55,73649.96
1790239365,2026-09-24T14:12:45,73649.09,73653.12,73647.7,73650.23
1790239380,2026-09-24T14:13:00,73649.83,73652.4,73644.25,73652.4
1790239395,2026-09-24T14:13:15,73649.89,73654.93,73646.86,73654.52
1790239410,2026-09-24T14:13:30,73660.14,73660.14,73649.84,73652.55
1790239425,2026-09-24T14:13:45,73653.43,73656.32,73652.69,73652.76
1790239440,2026-09-24T14:14:00,73652.1,73667.32,73651.01,73667.32
1790239455,2026-09-24T14:14:15,73665.65,73668.14,73665.08,73667.17
1790239470,2026-09-24T14:14:30,73668.87,73670.71,73665.34,73665.34
1790239485,2026-09-24T14:14:45,73663.08,73666.5,73660.98,73661.85
1790239500,2026-09-24T14:15:00,73667.66,73681.36,73667.66,73673.5
1790239515,2026-09-24T14:15:15,73679.15,73682.53,73668.49,73668.49
1790239530,2026-09-24T14:15:30,73665.99,73665.99,73657.88,73664.99
1790239545,2026-09-24T14:15:45,73666.59,73666.59,73658.8,73666.28
1790239560,2026-09-24T14:16:00,73666.28,73668.03,73664.39,73667.22
1790239575,2026-09-24T14:16:15,73668.15,73689.95,73668.15,73675.24
1790239590,2026-09-24T14:16:30,73674.01,73677.2,73669.76,73671.31
1790239605,2026-09-24T14:16:45,73671.54,73675.28,73669.04,73670.63
1790239620,2026-09-24T14:17:00,73670,73672.99,73668.43,73669.09
1790239635,2026-09-24T14:17:15,73669.09,73670.35,73662.13,73665.61
1790239650,2026-09-24T14:17:30,73665.44,73665.44,73658.68,73659.55
1790239665,2026-09-24T14:17:45,73658.41,73668.64,73657.32,73663.35
1790239680,2026-09-24T14:18:00,73660.11,73666.87,73659.69,73665.86
1790239695,2026-09-24T14:18:15,73664.58,73688.6,73660.53,73682.6
1790239710,2026-09-24T14:18:30,73682.12,73685.58,73659.11,73659.11
1790239725,2026-09-24T14:18:45,73659.73,73663.77,73659.42,73662.28
1790239740,2026-09-24T14:19:00,73663.68,73663.68,73656.1,73658.21
1790239755,2026-09-24T14:19:15,73660.99,73660.99,73648.81,73649.74
1790239770,2026-09-24T14:19:30,73646.71,73647.29,73637.5,73637.5
1790239785,2026-09-24T14:19:45,73636.94,73639.71,73631.78,73631.78
1790239800,2026-09-24T14:20:00,73631.46,73647.87,73631.46,73647.61
1790239815,2026-09-24T14:20:15,73647.61,73672.08,73647.61,73672.08
1790239830,2026-09-24T14:20:30,73672.89,73673.4,73649.18,73658.09
1790239845,2026-09-24T14:20:45,73670.75,73670.75,73644.64,73646.86
1790239860,2026-09-24T14:21:00,73646.24,73646.24,73623.92,73623.92
1790239875,2026-09-24T14:21:15,73626.14,73628.37,73618.97,73618.97
1790239890,2026-09-24T14:21:30,73612.29,73617.31,73608.07,73613.06
1790239905,2026-09-24T14:21:45,73618.17,73648.24,73613.11,73648.24
1790239920,2026-09-24T14:22:00,73646.56,73649.99,73643.21,73644.09
1790239935,2026-09-24T14:22:15,73643.55,73643.55,73632.35,73636.06
1790239950,2026-09-24T14:22:30,73633.24,73648.89,73631.06,73644.34
1790239965,2026-09-24T14:22:45,73644.34,73644.34,73630.48,73635.87
1790239980,2026-09-24T14:23:00,73633.96,73635.1,73624.18,73624.98
1790239995,2026-09-24T14:23:15,73626.68,73626.68,73609.03,73611.77
1790240010,2026-09-24T14:23:30,73605.13,73607.21,73576.72,73576.72
1790240025,2026-09-24T14:23:45,73578.87,73582.92,73570.08,73570.08
1790240040,2026-09-24T14:24:00,73571.61,73579.77,73566.73,73579.32
1790240055,2026-09-24T14:24:15,73579.48,73581.73,73572.69,73576.89
1790240070,2026-09-24T14:24:30,73577.23,73584.19,73564.06,73583.77
1790240085,2026-09-24T14:24:45,73592.91,73596.09,73586.28,73595.18
1790240100,2026-09-24T14:25:00,73600.84,73609.29,73595.64,73603.27
1790240115,2026-09-24T14:25:15,73603.27,73606.88,73597.97,73606.75
1790240130,2026-09-24T14:25:30,73603.95,73634.62,73603.95,73631.82
1790240145,2026-09-24T14:25:45,73631.82,73637.01,73627.39,73627.39
1790240160,2026-09-24T14:26:00,73632.21,73633.57,73622.29,73624.26
1790240175,2026-09-24T14:26:15,73616.09,73617.78,73590.34,73590.34
1790240190,2026-09-24T14:26:30,73585.12,73593.77,73580.91,73588.8
1790240205,2026-09-24T14:26:45,73588.88,73598.26,73588.88,73596.05
1790240220,2026-09-24T14:27:00,73596.84,73625.25,73595.02,73611.17
1790240235,2026-09-24T14:27:15,73613.01,73613.08,73605.3,73605.3
1790240250,2026-09-24T14:27:30,73604.93,73604.93,73595.74,73598.54
1790240265,2026-09-24T14:27:45,73601.99,73616.63,73598.12,73616.63
1790240280,2026-09-24T14:28:00,73616.22,73620.38,73612.88,73620.38
1790240295,2026-09-24T14:28:15,73619.34,73630.01,73616.95,73630.01
1790240310,2026-09-24T14:28:30,73631.41,73634.01,73629.03,73629.75
1790240325,2026-09-24T14:28:45,73628.97,73633.47,73614.82,73616.11
1790240340,2026-09-24T14:29:00,73615.54,73622.39,73612.71,73620.8
1790240355,2026-09-24T14:29:15,73620.95,73623.91,73614.48,73621.02
1790240370,2026-09-24T14:29:30,73621.05,73628.82,73619.69,73628.82
1790240385,2026-09-24T14:29:45,73628.95,73630.76,73614.28,73616.02
1790240400,2026-09-24T14:30:00,73616.64,73626.79,73613.97,73623.48
1790240415,2026-09-24T14:30:15,73624.66,73624.66,73612.41,73614.44
1790240430,2026-09-24T14:30:30,73613.14,73621.49,73609.53,73620.77
1790240445,2026-09-24T14:30:45,73621.59,73627.44,73619.54,73625.61
1790240460,2026-09-24T14:31:00,73626.44,73647.25,73625.34,73626.03
1790240475,2026-09-24T14:31:15,73620.06,73626.94,73618.03,73626.61
1790240490,2026-09-24T14:31:30,73627.43,73648.63,73627.43,73646.89
1790240505,2026-09-24T14:31:45,73650.59,73652.41,73636.65,73639.49
1790240520,2026-09-24T14:32:00,73637.43,73649.79,73637.43,73649.11
1790240535,2026-09-24T14:32:15,73650.38,73665.84,73650.38,73665.84
1790240550,2026-09-24T14:32:30,73664.69,73671.26,73664.08,73671.25
1790240565,2026-09-24T14:32:45,73671.05,73675.32,73658.35,73661.08
1790240580,2026-09-24T14:33:00,73661.2,73661.2,73640.36,73640.36
1790240595,2026-09-24T14:33:15,73639.54,73662.14,73639.54,73662.14
1790240610,2026-09-24T14:33:30,73660.88,73660.88,73643.58,73643.58
1790240625,2026-09-24T14:33:45,73645.51,73648.48,73644.5,73644.89
1790240640,2026-09-24T14:34:00,73645.61,73646.55,73641.1,73641.1
1790240655,2026-09-24T14:34:15,73640.6,73640.6,73636.1,73637.01
1790240670,2026-09-24T14:34:30,73640.56,73648.25,73638.46,73644.77
1790240685,2026-09-24T14:34:45,73649.23,73659.11,73649.23,73657.28
1790240700,2026-09-24T14:35:00,73659.52,73686.28,73659.52,73686.28
1790240715,2026-09-24T14:35:15,73680.15,73708.93,73680.15,73708.93
1790240730,2026-09-24T14:35:30,73707.81,73709.97,73703.03,73709.02
1790240745,2026-09-24T14:35:45,73705.31,73709.03,73697.16,73701.88
1790240760,2026-09-24T14:36:00,73697.25,73710.08,73697.25,73705.18
1790240775,2026-09-24T14:36:15,73707.31,73707.31,73700.86,73706.62
1790240790,2026-09-24T14:36:30,73702.75,73711.9,73702.75,73711.01
1790240805,2026-09-24T14:36:45,73711.87,73719.21,73711.87,73718.76
1790240820,2026-09-24T14:37:00,73715.94,73738.62,73715.94,73730.98
1790240835,2026-09-24T14:37:15,73720.31,73736.17,73713.12,73733.56
1790240850,2026-09-24T14:37:30,73727.06,73733.35,73724.77,73725.19
1790240865,2026-09-24T14:37:45,73726.95,73734.06,73722.44,73727.67
1790240880,2026-09-24T14:38:00,73725.41,73736.43,73723.86,73736.43
1790240895,2026-09-24T14:38:15,73740.68,73745.74,73738.46,73743.03
1790240910,2026-09-24T14:38:30,73743.77,73769.9,73741.86,73769.9
1790240925,2026-09-24T14:38:45,73769.75,73769.75,73758.34,73764.02
1790240940,2026-09-24T14:39:00,73762.45,73762.45,73754.87,73754.87
1790240955,2026-09-24T14:39:15,73752.31,73755.93,73744.01,73753.21
1790240970,2026-09-24T14:39:30,73753.61,73753.61,73745.02,73750.02
1790240985,2026-09-24T14:39:45,73750.3,73770.28,73750.3,73770.28
1790241000,2026-09-24T14:40:00,73769.72,73773.18,73762.67,73763.64
1790241015,2026-09-24T14:40:15,73767.47,73769.13,73765.34,73767.44
1790241030,2026-09-24T14:40:30,73769.3,73771.02,73742.3,73753.61
1790241045,2026-09-24T14:40:45,73754.69,73761.89,73745.68,73757.12
1790241060,2026-09-24T14:41:00,73748.47,73767.55,73747.88,73747.88
1790241075,2026-09-24T14:41:15,73748.19,73748.19,73740.31,73743.41
1790241090,2026-09-24T14:41:30,73737.21,73740.74,73737.21,73738.7
1790241105,2026-09-24T14:41:45,73738.7,73744.12,73725.54,73725.54
1790241120,2026-09-24T14:42:00,73727.24,73727.24,73708.81,73711.21
1790241135,2026-09-24T14:42:15,73707.7,73718.2,73698.55,73699.83
1790241150,2026-09-24T14:42:30,73703.72,73703.72,73696.5,73700.42
1790241165,2026-09-24T14:42:45,73698.74,73722.65,73695.46,73718.38
1790241180,2026-09-24T14:43:00,73719.4,73734.79,73717.87,73734.79
1790241195,2026-09-24T14:43:15,73736.98,73736.98,73719.79,73721.27
1790241210,2026-09-24T14:43:30,73726.78,73733.05,73722.11,73726.54
1790241225,2026-09-24T14:43:45,73725.98,73730.68,73723.74,73723.74
1790241240,2026-09-24T14:44:00,73723.7,73729.07,73723.2,73729.07
1790241255,2026-09-24T14:44:15,73730.58,73730.72,73717.02,73717.02
1790241270,2026-09-24T14:44:30,73717.19,73719.39,73708.04,73715.77
1790241285,2026-09-24T14:44:45,73717.28,73719.23,73709.16,73717.65
1790241300,2026-09-24T14:45:00,73716.46,73723.41,73716.46,73716.63
1790241315,2026-09-24T14:45:15,73716.02,73717.03,73709.19,73710.83
1790241330,2026-09-24T14:45:30,73708.75,73721.71,73708.75,73718.44
1790241345,2026-09-24T14:45:45,73718.44,73743.71,73718.44,73737.94
1790241360,2026-09-24T14:46:00,73742.12,73754.99,73742.12,73752.27
1790241375,2026-09-24T14:46:15,73756.2,73758.31,73745.23,73756.42
1790241390,2026-09-24T14:46:30,73756.42,73760.74,73751.92,73758.02
1790241405,2026-09-24T14:46:45,73756.21,73756.21,73741.15,73755.51
1790241420,2026-09-24T14:47:00,73756.78,73756.78,73743.25,73747.22
1790241435,2026-09-24T14:47:15,73746.33,73757.5,73743.39,73743.39
1790241450,2026-09-24T14:47:30,73743.49,73756.6,73743.49,73749.52
1790241465,2026-09-24T14:47:45,73749.52,73749.52,73736.79,73739.26
1790241480,2026-09-24T14:48:00,73740.67,73748.98,73738.86,73746.68
1790241495,2026-09-24T14:48:15,73745.84,73750.3,73743.1,73743.57
1790241510,2026-09-24T14:48:30,73744.49,73757.63,73741.12,73750.83
1790241525,2026-09-24T14:48:45,73749.96,73754.93,73746.53,73747.47
1790241540,2026-09-24T14:49:00,73746.75,73749.88,73738.79,73738.79
1790241555,2026-09-24T14:49:15,73740.07,73741.93,73733.31,73741.93
1790241570,2026-09-24T14:49:30,73740.57,73744.89,73734.43,73734.43
1790241585,2026-09-24T14:49:45,73734.84,73746.75,73734.84,73746.75
1790241600,2026-09-24T14:50:00,73744.57,73764.17,73740.98,73764.17
1790241615,2026-09-24T14:50:15,73762.2,73766.2,73760.96,73766.02
1790241630,2026-09-24T14:50:30,73765.27,73765.27,73754.89,73757.19
1790241645,2026-09-24T14:50:45,73757.19,73763.66,73750.35,73750.35
1790241660,2026-09-24T14:51:00,73745.94,73756.63,73740.94,73752.26
1790241675,2026-09-24T14:51:15,73756.8,73773.45,73748.64,73769.93
1790241690,2026-09-24T14:51:30,73768.4,73768.76,73760.62,73767.08
1790241705,2026-09-24T14:51:45,73770.35,73777.34,73767.51,73773.82
1790241720,2026-09-24T14:52:00,73774.09,73776.16,73772.1,73773.29
1790241735,2026-09-24T14:52:15,73774.17,73782.82,73773.33,73782.82
1790241750,2026-09-24T14:52:30,73784.11,73788.57,73783.13,73788.57
1790241765,2026-09-24T14:52:45,73790.78,73791.75,73783.68,73790.66
1790241780,2026-09-24T14:53:00,73790.29,73794.45,73781.47,73781.47
1790241795,2026-09-24T14:53:15,73782.43,73785.44,73781.97,73783.63
1790241810,2026-09-24T14:53:30,73778.47,73784,73778.47,73781.17
1790241825,2026-09-24T14:53:45,73778.69,73795.62,73778.34,73793.34
1790241840,2026-09-24T14:54:00,73794.09,73800.71,73789.35,73798.6
1790241855,2026-09-24T14:54:15,73807.25,73807.31,73795.49,73795.49
1790241870,2026-09-24T14:54:30,73795.67,73804.87,73793.6,73794.96
1790241885,2026-09-24T14:54:45,73788.59,73788.59,73776.66,73783.78
1790241900,2026-09-24T14:55:00,73785.4,73792.22,73784.96,73786.26
1790241915,2026-09-24T14:55:15,73786.99,73805.9,73786.99,73803.88
1790241930,2026-09-24T14:55:30,73810.62,73811.96,73799.71,73802.7
1790241945,2026-09-24T14:55:45,73798.27,73805.38,73794.11,73794.11
1790241960,2026-09-24T14:56:00,73794.72,73805.13,73793.41,73803.24
1790241975,2026-09-24T14:56:15,73801.68,73811.28,73801.68,73811.28
1790241990,2026-09-24T14:56:30,73805.38,73812.56,73802.51,73807.52
1790242005,2026-09-24T14:56:45,73805.88,73815.41,73794.35,73811.94
1790242020,2026-09-24T14:57:00,73805.51,73808.72,73791.31,73795.74
1790242035,2026-09-24T14:57:15,73792.41,73792.92,73774.49,73792.92
1790242050,2026-09-24T14:57:30,73788.5,73792.91,73787.69,73788.27
1790242065,2026-09-24T14:57:45,73787.33,73787.33,73773.82,73786.83
1790242080,2026-09-24T14:58:00,73790.26,73790.26,73762.35,73762.35
1790242095,2026-09-24T14:58:15,73763.17,73773.44,73763.17,73773.44
1790242110,2026-09-24T14:58:30,73773.92,73788.31,73768.68,73787.6
1790242125,2026-09-24T14:58:45,73785.82,73791.68,73784.16,73784.16
1790242140,2026-09-24T14:59:00,73783.38,73786.05,73763.55,73763.55
1790242155,2026-09-24T14:59:15,73767.39,73770.1,73761.85,73769.48
1790242170,2026-09-24T14:59:30,73765.33,73765.33,73754.95,73760.65
1790242185,2026-09-24T14:59:45,73761.51,73761.51,73747.31,73751.37
1790242200,2026-09-24T15:00:00,73761.27,73764.69,73756.88,73763.3
1790242215,2026-09-24T15:00:15,73761.43,73761.43,73756.68,73757.44
1790242230,2026-09-24T15:00:30,73753.4,73760.08,73750.1,73758.09
1790242245,2026-09-24T15:00:45,73763.21,73764.51,73757.95,73758.4
1790242260,2026-09-24T15:01:00,73758.65,73758.65,73739.9,73741.45
1790242275,2026-09-24T15:01:15,73741.02,73768.16,73732,73768.16
1790242290,2026-09-24T15:01:30,73763.8,73778.28,73763.8,73767.97
1790242305,2026-09-24T15:01:45,73768.44,73770.69,73761.4,73762.53
1790242320,2026-09-24T15:02:00,73763.69,73764.38,73737.94,73762.93
1790242335,2026-09-24T15:02:15,73764.38,73766.38,73758.29,73758.29
1790242350,2026-09-24T15:02:30,73756.56,73760.24,73753.07,73758.72
1790242365,2026-09-24T15:02:45,73760.23,73792.99,73760.23,73789.74
1790242380,2026-09-24T15:03:00,73790.9,73796.02,73784.55,73793.07
1790242395,2026-09-24T15:03:15,73789.14,73790.2,73781.61,73786.71
1790242410,2026-09-24T15:03:30,73779.84,73780.05,73765.08,73765.08
1790242425,2026-09-24T15:03:45,73768.07,73768.07,73755.39,73759.84
1790242440,2026-09-24T15:04:00,73757.3,73762.74,73757.3,73761.21
1790242455,2026-09-24T15:04:15,73761.44,73777.33,73761.44,73773.94
1790242470,2026-09-24T15:04:30,73770.6,73783.56,73769.99,73778.7
1790242485,2026-09-24T15:04:45,73783.77,73783.77,73766.57,73766.57
1790242500,2026-09-24T15:05:00,73765.96,73771.33,73762.56,73769.07
1790242515,2026-09-24T15:05:15,73770.47,73771.85,73767.06,73769.51
1790242530,2026-09-24T15:05:30,73766.65,73793.57,73764.53,73764.89
1790242545,2026-09-24T15:05:45,73765.09,73767.39,73761.54,73762.34
1790242560,2026-09-24T15:06:00,73768.49,73778.55,73762.76,73763.64
1790242575,2026-09-24T15:06:15,73764.22,73769.06,73733.27,73733.27
1790242590,2026-09-24T15:06:30,73736.52,73747.06,73735.53,73747.06
1790242605,2026-09-24T15:06:45,73746.62,73766.27,73740.4,73760.32
1790242620,2026-09-24T15:07:00,73765.6,73765.6,73750.61,73750.61
1790242635,2026-09-24T15:07:15,73755.54,73755.54,73730.79,73732.35
1790242650,2026-09-24T15:07:30,73731.15,73741.13,73731.15,73738.18
1790242665,2026-09-24T15:07:45,73740.49,73745.58,73735.31,73743.48
1790242680,2026-09-24T15:08:00,73740.31,73740.31,73731.67,73731.67
1790242695,2026-09-24T15:08:15,73731.56,73731.56,73704.47,73707.76
1790242710,2026-09-24T15:08:30,73709.15,73714.94,73707.51,73707.51
1790242725,2026-09-24T15:08:45,73696.18,73712.72,73696.18,73703.99
1790242740,2026-09-24T15:09:00,73705.35,73724.46,73705.35,73714.93
1790242755,2026-09-24T15:09:15,73717.07,73718.39,73704.21,73710.05
1790242770,2026-09-24T15:09:30,73709.21,73713.95,73702.52,73713.95
1790242785,2026-09-24T15:09:45,73713.16,73751.05,73712.98,73744.23
1790242800,2026-09-24T15:10:00,73736.61,73741.87,73728.93,73735.25
1790242815,2026-09-24T15:10:15,73734.13,73744.87,73729.5,73744.87
1790242830,2026-09-24T15:10:30,73734.82,73734.82,73714.96,73723.96
1790242845,2026-09-24T15:10:45,73722.01,73726.38,73714.49,73718.3
1790242860,2026-09-24T15:11:00,73714.68,73735.11,73714.68,73731.38
1790242875,2026-09-24T15:11:15,73731.8,73731.8,73721.98,73727.59
1790242890,2026-09-24T15:11:30,73725.47,73725.47,73711.13,73717.52
1790242905,2026-09-24T15:11:45,73717.6,73722.51,73706.67,73706.67
1790242920,2026-09-24T15:12:00,73706.67,73729.76,73700.79,73710.34
1790242935,2026-09-24T15:12:15,73706.46,73720.06,73693.54,73693.54
1790242950,2026-09-24T15:12:30,73694.36,73700.18,73680.68,73688.96
1790242965,2026-09-24T15:12:45,73687.45,73706.8,73667.96,73706.8
1790242980,2026-09-24T15:13:00,73706.32,73706.32,73642.42,73642.42
1790242995,2026-09-24T15:13:15,73665.49,73711.54,73665.49,73708.37
1790243010,2026-09-24T15:13:30,73714.55,73715.83,73692.19,73693.54
1790243025,2026-09-24T15:13:45,73692.58,73705.95,73682.1,73682.1
1790243040,2026-09-24T15:14:00,73683.55,73702.15,73683.55,73695.9
1790243055,2026-09-24T15:14:15,73689,73692.75,73681.97,73685.36
1790243070,2026-09-24T15:14:30,73682.13,73711.18,73682.13,73711.18
1790243085,2026-09-24T15:14:45,73700.21,73719.56,73686.69,73719.56
1790243100,2026-09-24T15:15:00,73719.83,73719.83,73719.83,73719.83
1790243115,2026-09-24T15:15:15,73719.83,73719.83,73719.83,73719.83
1790243130,2026-09-24T15:15:30,73719.83,73719.83,73719.83,73719.83
1790243145,2026-09-24T15:15:45,73719.83,73719.83,73719.83,73719.83
1790243160,2026-09-24T15:16:00,73719.83,73719.83,73719.83,73719.83
1790243175,2026-09-24T15:16:15,73719.83,73719.83,73719.83,73719.83
1790243190,2026-09-24T15:16:30,73719.83,73719.83,73719.83,73719.83
1790243205,2026-09-24T15:16:45,73719.83,73719.83,73719.83,73719.83
1790243220,2026-09-24T15:17:00,73719.83,73719.83,73719.83,73719.83
1790243235,2026-09-24T15:17:15,73719.83,73719.83,73719.83,73719.83
1790243250,2026-09-24T15:17:30,73719.83,73719.83,73719.83,73719.83
1790243265,2026-09-24T15:17:45,73719.83,73719.83,73719.83,73719.83
1790243280,2026-09-24T15:18:00,73719.83,73719.83,73719.83,73719.83
1790243295,2026-09-24T15:18:15,73719.83,73719.83,73719.83,73719.83
1790243310,2026-09-24T15:18:30,73719.83,73719.83,73719.83,73719.83
1790243325,2026-09-24T15:18:45,73719.83,73719.83,73719.83,73719.83
1790243340,2026-09-24T15:19:00,73719.83,73719.83,73719.83,73719.83
1790243355,2026-09-24T15:19:15,73719.83,73719.83,73719.83,73719.83
1790243370,2026-09-24T15:19:30,73719.83,73719.83,73719.83,73719.83
1790243385,2026-09-24T15:19:45,73719.83,73719.83,73719.83,73719.83
1790243400,2026-09-24T15:20:00,73719.83,73719.83,73719.83,73719.83
1790243415,2026-09-24T15:20:15,73719.83,73719.83,73719.83,73719.83
1790243430,2026-09-24T15:20:30,73719.83,73719.83,73719.83,73719.83
1790243445,2026-09-24T15:20:45,73719.83,73719.83,73719.83,73719.83
1790243460,2026-09-24T15:21:00,73719.83,73719.83,73719.83,73719.83
1790243475,2026-09-24T15:21:15,73719.83,73719.83,73719.83,73719.83
1790243490,2026-09-24T15:21:30,73719.83,73719.83,73719.83,73719.83
1790243505,2026-09-24T15:21:45,73719.83,73719.83,73719.83,73719.83
1790243520,2026-09-24T15:22:00,73719.83,73719.83,73719.83,73719.83
1790243535,2026-09-24T15:22:15,73719.83,73719.83,73719.83,73719.83
1790243550,2026-09-24T15:22:30,73719.83,73719.83,73719.83,73719.83
1790243565,2026-09-24T15:22:45,73719.83,73719.83,73719.83,73719.83
1790243580,2026-09-24T15:23:00,73719.83,73719.83,73719.83,73719.83
1790243595,2026-09-24T15:23:15,73719.83,73719.83,73719.83,73719.83
1790243610,2026-09-24T15:23:30,73719.83,73719.83,73719.83,73719.83
1790243625,2026-09-24T15:23:45,73719.83,73719.83,73719.83,73719.83
1790243640,2026-09-24T15:24:00,73719.83,73719.83,73719.83,73719.83
1790243655,2026-09-24T15:24:15,73719.83,73719.83,73719.83,73719.83
1790243670,2026-09-24T15:24:30,73719.83,73719.83,73719.83,73719.83
1790243685,2026-09-24T15:24:45,73719.83,73719.83,73719.83,73719.83
1790243700,2026-09-24T15:25:00,73719.83,73719.83,73719.83,73719.83
1790243715,2026-09-24T15:25:15,73719.83,73719.83,73719.83,73719.83
1790243730,2026-09-24T15:25:30,73719.83,73719.83,73719.83,73719.83
1790243745,2026-09-24T15:25:45,73719.83,73719.83,73719.83,73719.83
1790243760,2026-09-24T15:26:00,73719.83,73719.83,73719.83,73719.83
1790243775,2026-09-24T15:26:15,73719.83,73719.83,73719.83,73719.83
1790243790,2026-09-24T15:26:30,73719.83,73719.83,73719.83,73719.83
1790243805,2026-09-24T15:26:45,73719.83,73719.83,73719.83,73719.83
1790243820,2026-09-24T15:27:00,73719.83,73719.83,73719.83,73719.83
1790243835,2026-09-24T15:27:15,73719.83,73719.83,73719.83,73719.83
1790243850,2026-09-24T15:27:30,73719.83,73719.83,73719.83,73719.83
1790243865,2026-09-24T15:27:45,73719.83,73719.83,73719.83,73719.83
1790243880,2026-09-24T15:28:00,73719.83,73719.83,73719.83,73719.83
1790243895,2026-09-24T15:28:15,73719.83,73719.83,73719.83,73719.83
1790243910,2026-09-24T15:28:30,73719.83,73719.83,73719.83,73719.83
1790243925,2026-09-24T15:28:45,73719.83,73719.83,73719.83,73719.83
1790243940,2026-09-24T15:29:00,73719.83,73719.83,73719.83,73719.83
1790243955,2026-09-24T15:29:15,73719.83,73719.83,73719.83,73719.83
1790243970,2026-09-24T15:29:30,73719.83,73719.83,73580.54,73580.54
1790243985,2026-09-24T15:29:45,73580.54,73580.54,73580.54,73580.54
