Epoch,Timestamp,Open,High,Low,Close
1789530300,2026-09-16T09:15:00,74262.63,74292.63,74230.53,74291.21
1789530315,2026-09-16T09:15:15,74292.97,74295.57,74268.51,74282.78
1789530330,2026-09-16T09:15:30,74272.75,74336.27,74272.75,74335.91
1789530345,2026-09-16T09:15:45,74339.88,74348.02,74306.44,74309.44
1789530360,2026-09-16T09:16:00,74323.33,74336.08,74306.93,74315.46
1789530375,2026-09-16T09:16:15,74309.06,74309.38,74279.09,74290.4
1789530390,2026-09-16T09:16:30,74288.25,74386.91,74288.25,74386.91
1789530405,2026-09-16T09:16:45,74386.32,74449.83,74386.32,74447.56
1789530420,2026-09-16T09:17:00,74452.03,74473.05,74452.03,74465.98
1789530435,2026-09-16T09:17:15,74462.2,74489.08,74462.2,74480.58
1789530450,2026-09-16T09:17:30,74485.26,74503.04,74481.88,74490.51
1789530465,2026-09-16T09:17:45,74485.47,74492.11,74481.61,74484.39
1789530480,2026-09-16T09:18:00,74488.06,74488.06,74457.71,74457.71
1789530495,2026-09-16T09:18:15,74450.79,74450.79,74425.13,74428.95
1789530510,2026-09-16T09:18:30,74424.55,74429.64,74400.72,74412.7
1789530525,2026-09-16T09:18:45,74402.37,74406.53,74381.61,74383.12
1789530540,2026-09-16T09:19:00,74381.8,74390.44,74376.07,74377.87
1789530555,2026-09-16T09:19:15,74380.36,74382.24,74361.07,74361.07
1789530570,2026-09-16T09:19:30,74366.69,74375.12,74362.72,74375.12
1789530585,2026-09-16T09:19:45,74380.66,74383.84,74373.5,74383.84
1789530600,2026-09-16T09:20:00,74383.87,74391.53,74348.44,74348.44
1789530615,2026-09-16T09:20:15,74352.48,74362.87,74351.28,74353.52
1789530630,2026-09-16T09:20:30,74350.22,74383.78,74350.22,74379.64
1789530645,2026-09-16T09:20:45,74382.54,74389.45,74376.5,74387.27
1789530660,2026-09-16T09:21:00,74381.99,74390.46,74365.63,74366.21
1789530675,2026-09-16T09:21:15,74370.22,74378.4,74360.74,74378.4
1789530690,2026-09-16T09:21:30,74381.26,74392.42,74379.58,74392.42
1789530705,2026-09-16T09:21:45,74393.54,74394.91,74377.91,74377.91
1789530720,2026-09-16T09:22:00,74383.64,74400.54,74381.85,74400.54
1789530735,2026-09-16T09:22:15,74401.53,74401.53,74364.39,74386.34
1789530750,2026-09-16T09:22:30,74382.33,74403.94,74382.33,74399
1789530765,2026-09-16T09:22:45,74400.71,74423.97,74400.71,74416.04
1789530780,2026-09-16T09:23:00,74419.38,74429.76,74403.08,74405.15
1789530795,2026-09-16T09:23:15,74403.15,74417.75,74402.67,74414.65
1789530810,2026-09-16T09:23:30,74412.68,74415.55,74405.82,74412.36
1789530825,2026-09-16T09:23:45,74406.39,74412.3,74396.81,74396.81
1789530840,2026-09-16T09:24:00,74397.44,74397.44,74372.02,74372.02
1789530855,2026-09-16T09:24:15,74358.89,74361.41,74342.25,74346.2
1789530870,2026-09-16T09:24:30,74340.65,74348.3,74340.65,74344.3
1789530885,2026-09-16T09:24:45,74344.3,74358.77,74337.28,74358.35
1789530900,2026-09-16T09:25:00,74349.43,74357.64,74344.74,74349.41
1789530915,2026-09-16T09:25:15,74346.06,74346.06,74328.68,74338.75
1789530930,2026-09-16T09:25:30,74340.84,74340.84,74322.48,74322.48
1789530945,2026-09-16T09:25:45,74321.27,74328.64,74317.33,74317.33
1789530960,2026-09-16T09:26:00,74317.43,74319.07,74302.64,74304.25
1789530975,2026-09-16T09:26:15,74305.66,74334.2,74303.16,74333.58
1789530990,2026-09-16T09:26:30,74333.49,74343.24,74320.05,74343.09
1789531005,2026-09-16T09:26:45,74340.23,74340.23,74328.49,74333.29
1789531020,2026-09-16T09:27:00,74336.16,74346.96,74334.83,74336.68
1789531035,2026-09-16T09:27:15,74340.81,74341.81,74311.08,74311.08
1789531050,2026-09-16T09:27:30,74312.72,74317.98,74300.12,74303.51
1789531065,2026-09-16T09:27:45,74300.56,74301.73,74292.99,74300.21
1789531080,2026-09-16T09:28:00,74303.64,74307.58,74291.75,74291.75
1789531095,2026-09-16T09:28:15,74289.85,74298.32,74283.97,74296.64
1789531110,2026-09-16T09:28:30,74293.14,74296.56,74266.26,74266.26
1789531125,2026-09-16T09:28:45,74268.57,74268.57,74247.84,74247.84
1789531140,2026-09-16T09:29:00,74244.4,74247.54,74231.85,74236.59
1789531155,2026-09-16T09:29:15,74240.64,74240.64,74225.73,74233.39
1789531170,2026-09-16T09:29:30,74237.03,74253.78,74231.41,74253.78
1789531185,2026-09-16T09:29:45,74257.09,74272.95,74251.96,74261.28
1789531200,2026-09-16T09:30:00,74261.17,74270.92,74253.35,74256.37
1789531215,2026-09-16T09:30:15,74256.65,74257.68,74242.13,74248.53
1789531230,2026-09-16T09:30:30,74248.75,74249.46,74242.8,74245.42
1789531245,2026-09-16T09:30:45,74242.97,74242.97,74201.45,74202.02
1789531260,2026-09-16T09:31:00,74203.67,74222.64,74199.78,74222.64
1789531275,2026-09-16T09:31:15,74233.57,74253.74,74233.57,74237.23
1789531290,2026-09-16T09:31:30,74227.75,74230.03,74221.66,74227.28
1789531305,2026-09-16T09:31:45,74232.44,74235.04,74221.98,74228.73
1789531320,2026-09-16T09:32:00,74225.58,74227.36,74208.08,74211.91
1789531335,2026-09-16T09:32:15,74209.98,74209.98,74191.36,74208.51
1789531350,2026-09-16T09:32:30,74207.7,74210.36,74194.15,74194.15
1789531365,2026-09-16T09:32:45,74189.04,74192.56,74177.75,74177.75
1789531380,2026-09-16T09:33:00,74180.12,74197.26,74177.44,74196.89
1789531395,2026-09-16T09:33:15,74200.55,74218.02,74196.66,74211.09
1789531410,2026-09-16T09:33:30,74206.59,74219.12,74206.03,74219.12
1789531425,2026-09-16T09:33:45,74224.43,74238.25,74224.43,74235.51
1789531440,2026-09-16T09:34:00,74238.65,74251.62,74238.65,74251.33
1789531455,2026-09-16T09:34:15,74254.46,74270.21,74249.37,74270.21
1789531470,2026-09-16T09:34:30,74272.44,74272.68,74266.76,74271.75
1789531485,2026-09-16T09:34:45,74273.8,74288.35,74272.59,74287.81
1789531500,2026-09-16T09:35:00,74283.21,74283.32,74232.06,74235.95
1789531515,2026-09-16T09:35:15,74230.04,74230.04,74218.32,74218.32
1789531530,2026-09-16T09:35:30,74221.82,74225.31,74212.43,74219.03
1789531545,2026-09-16T09:35:45,74222.51,74222.51,74200.29,74200.29
1789531560,2026-09-16T09:36:00,74198.53,74208.16,74197.79,74207.93
1789531575,2026-09-16T09:36:15,74205.15,74209.03,74195.75,74197.26
1789531590,2026-09-16T09:36:30,74197.59,74205.28,74193.13,74205.28
1789531605,2026-09-16T09:36:45,74206.71,74218.23,74206.11,74211.66
1789531620,2026-09-16T09:37:00,74219.09,74223.25,74195.24,74198.27
1789531635,2026-09-16T09:37:15,74204.91,74209.61,74197.43,74197.43
1789531650,2026-09-16T09:37:30,74194.52,74200.92,74173.13,74175.79
1789531665,2026-09-16T09:37:45,74175.81,74175.81,74156.09,74156.09
1789531680,2026-09-16T09:38:00,74158.14,74168.32,74142.5,74148.61
1789531695,2026-09-16T09:38:15,74150.03,74153.6,74123.05,74123.05
1789531710,2026-09-16T09:38:30,74116.54,74122.87,74108.35,74108.35
1789531725,2026-09-16T09:38:45,74107.09,74116.93,74106.52,74116.93
1789531740,2026-09-16T09:39:00,74114.18,74121.43,74108.69,74117.35
1789531755,2026-09-16T09:39:15,74124.42,74126.17,74111.3,74111.3
1789531770,2026-09-16T09:39:30,74110.33,74110.33,74098.58,74098.58
1789531785,2026-09-16T09:39:45,74096.12,74100.95,74086.59,74090.13
1789531800,2026-09-16T09:40:00,74091.59,74092.95,74080.82,74090.84
1789531815,2026-09-16T09:40:15,74091.71,74100.15,74081.01,74081.01
1789531830,2026-09-16T09:40:30,74077.01,74081.15,74065.89,74077.74
1789531845,2026-09-16T09:40:45,74074.51,74074.51,74058.93,74063.54
1789531860,2026-09-16T09:41:00,74068.2,74077.15,74063.38,74063.38
1789531875,2026-09-16T09:41:15,74065.62,74065.62,74034.75,74048.3
1789531890,2026-09-16T09:41:30,74049.52,74059.19,74049.52,74050.28
1789531905,2026-09-16T09:41:45,74047.42,74061,74047.42,74057.96
1789531920,2026-09-16T09:42:00,74052.41,74052.41,74034.34,74034.34
1789531935,2026-09-16T09:42:15,74030.59,74036,74022.15,74022.21
1789531950,2026-09-16T09:42:30,74024.38,74032,74024.38,74031.53
1789531965,2026-09-16T09:42:45,74031.32,74045.49,74031.32,74038.21
1789531980,2026-09-16T09:43:00,74040.56,74045.1,74029.56,74031.89
1789531995,2026-09-16T09:43:15,74022.03,74033.48,74021.94,74023.67
1789532010,2026-09-16T09:43:30,74024.65,74039.01,74024.65,74033.04
1789532025,2026-09-16T09:43:45,74032.74,74037.92,74018.87,74018.87
1789532040,2026-09-16T09:44:00,74018.08,74034.73,74018.08,74025.07
1789532055,2026-09-16T09:44:15,74025.49,74025.49,74015.09,74017.84
1789532070,2026-09-16T09:44:30,74017.9,74021.51,74012.55,74019.74
1789532085,2026-09-16T09:44:45,74017.41,74020.01,73991.57,73991.57
1789532100,2026-09-16T09:45:00,73993.32,73996.61,73988.25,73988.25
1789532115,2026-09-16T09:45:15,73992.83,73994.25,73981.33,73989.4
1789532130,2026-09-16T09:45:30,73986.25,73997.54,73984.89,73997.54
1789532145,2026-09-16T09:45:45,73998.76,74020.62,73998.2,74016.32
1789532160,2026-09-16T09:46:00,74015.17,74027.08,74012.63,74014.16
1789532175,2026-09-16T09:46:15,74013.22,74041.45,74013.22,74040.29
1789532190,2026-09-16T09:46:30,74040.07,74049.86,74040.07,74041.88
1789532205,2026-09-16T09:46:45,74043.54,74051.81,74043.54,74051.81
1789532220,2026-09-16T09:47:00,74052.41,74067.24,74028.42,74028.42
1789532235,2026-09-16T09:47:15,74027.01,74027.01,74007.58,74008.35
1789532250,2026-09-16T09:47:30,74010.92,74018.21,73991.81,73998.07
1789532265,2026-09-16T09:47:45,73998.75,73999.73,73988.43,73991.32
1789532280,2026-09-16T09:48:00,73988.51,74007.25,73988.51,74002.78
1789532295,2026-09-16T09:48:15,74009.93,74014.56,73997.34,74014.56
1789532310,2026-09-16T09:48:30,74026.15,74033.56,74017.14,74032.39
1789532325,2026-09-16T09:48:45,74036.26,74049.57,74035.86,74044.51
1789532340,2026-09-16T09:49:00,74045.55,74064.45,74044.09,74064.45
1789532355,2026-09-16T09:49:15,74063.63,74070.36,74063.63,74065.77
1789532370,2026-09-16T09:49:30,74075.49,74086.61,74071.78,74086.61
1789532385,2026-09-16T09:49:45,74088.47,74098.54,74087.97,74098.54
1789532400,2026-09-16T09:50:00,74096.54,74122.68,74096.54,74122.68
1789532415,2026-09-16T09:50:15,74121.48,74151.02,74118.65,74148.91
1789532430,2026-09-16T09:50:30,74157.69,74179.01,74152.28,74152.28
1789532445,2026-09-16T09:50:45,74153.27,74153.27,74137.49,74149.72
1789532460,2026-09-16T09:51:00,74145.05,74147.8,74135.06,74141.63
1789532475,2026-09-16T09:51:15,74144.42,74147.05,74141.29,74141.8
1789532490,2026-09-16T09:51:30,74135.96,74137.34,74124.9,74131.56
1789532505,2026-09-16T09:51:45,74130.17,74151.84,74128.15,74151.84
1789532520,2026-09-16T09:52:00,74154.71,74181.85,74154.71,74181.85
1789532535,2026-09-16T09:52:15,74179.84,74198.2,74179.84,74197.48
1789532550,2026-09-16T09:52:30,74199.86,74216.09,74199.86,74211.96
1789532565,2026-09-16T09:52:45,74215.11,74238.46,74215.11,74232.4
1789532580,2026-09-16T09:53:00,74228.73,74229.86,74192.56,74197.8
1789532595,2026-09-16T09:53:15,74197.39,74210.91,74197.39,74205.18
1789532610,2026-09-16T09:53:30,74200.37,74229.9,74200.37,74227.01
1789532625,2026-09-16T09:53:45,74235.07,74245.65,74233.99,74245.65
1789532640,2026-09-16T09:54:00,74248.39,74260.49,74247.46,74255.75
1789532655,2026-09-16T09:54:15,74253.31,74266.18,74253.31,74260.73
1789532670,2026-09-16T09:54:30,74260.16,74293.53,74260.16,74288.48
1789532685,2026-09-16T09:54:45,74287.99,74306.65,74287.99,74305.33
1789532700,2026-09-16T09:55:00,74309.84,74335.12,74309.84,74335.12
1789532715,2026-09-16T09:55:15,74336.15,74344.49,74317.09,74317.09
1789532730,2026-09-16T09:55:30,74318.54,74324.72,74317.83,74317.83
1789532745,2026-09-16T09:55:45,74322.87,74357.71,74317.64,74357.71
1789532760,2026-09-16T09:56:00,74356.1,74369.69,74347.02,74369.69
1789532775,2026-09-16T09:56:15,74360.77,74372.7,74351.96,74355.92
1789532790,2026-09-16T09:56:30,74355.8,74355.8,74344.19,74344.85
1789532805,2026-09-16T09:56:45,74342.86,74353.28,74336.91,74346.55
1789532820,2026-09-16T09:57:00,74347.77,74361.12,74347.77,74358.82
1789532835,2026-09-16T09:57:15,74360.23,74360.63,74342.57,74344.64
1789532850,2026-09-16T09:57:30,74340.62,74357.9,74340.62,74357.9
1789532865,2026-09-16T09:57:45,74355.06,74361.37,74351.71,74360.86
1789532880,2026-09-16T09:58:00,74358.12,74360.49,74324.43,74324.43
1789532895,2026-09-16T09:58:15,74325.17,74328.1,74310.05,74315.85
1789532910,2026-09-16T09:58:30,74313.11,74313.11,74296.07,74296.99
1789532925,2026-09-16T09:58:45,74296.61,74299.25,74293.64,74294.03
1789532940,2026-09-16T09:59:00,74299.77,74311.74,74295.87,74311.74
1789532955,2026-09-16T09:59:15,74313.36,74328.79,74313.36,74323.6
1789532970,2026-09-16T09:59:30,74330.92,74342.86,74317.73,74342.86
1789532985,2026-09-16T09:59:45,74345.37,74351.66,74339.6,74351.66
1789533000,2026-09-16T10:00:00,74349.43,74349.43,74335.55,74336.61
1789533015,2026-09-16T10:00:15,74340.45,74345.32,74331.14,74332.18
1789533030,2026-09-16T10:00:30,74335.49,74344.77,74308.73,74311.62
1789533045,2026-09-16T10:00:45,74307.34,74324.13,74307.34,74316.87
1789533060,2026-09-16T10:01:00,74316.36,74331.44,74316.36,74327.49
1789533075,2026-09-16T10:01:15,74327.72,74333.87,74321.38,74325.09
1789533090,2026-09-16T10:01:30,74329.27,74340.42,74306.83,74306.83
1789533105,2026-09-16T10:01:45,74306,74306,74283.18,74288.32
1789533120,2026-09-16T10:02:00,74289.41,74289.41,74279.61,74281.63
1789533135,2026-09-16T10:02:15,74278.15,74278.15,74269.34,74269.34
1789533150,2026-09-16T10:02:30,74267.59,74273.4,74260.94,74273.4
1789533165,2026-09-16T10:02:45,74274.85,74274.85,74242.48,74249.25
1789533180,2026-09-16T10:03:00,74248.32,74278.38,74248.32,74278.23
1789533195,2026-09-16T10:03:15,74280.1,74288.47,74275.22,74284.43
1789533210,2026-09-16T10:03:30,74285.27,74291.14,74265.27,74268.79
1789533225,2026-09-16T10:03:45,74271.13,74274.66,74269.39,74274.66
1789533240,2026-09-16T10:04:00,74266.41,74266.82,74257.83,74259.1
1789533255,2026-09-16T10:04:15,74256.07,74256.07,74245.65,74256.03
1789533270,2026-09-16T10:04:30,74247.95,74247.95,74224.57,74224.57
1789533285,2026-09-16T10:04:45,74228.62,74229.94,74218.88,74219.84
1789533300,2026-09-16T10:05:00,74219.61,74222.2,74202.63,74202.63
1789533315,2026-09-16T10:05:15,74204.67,74204.67,74197.64,74197.64
1789533330,2026-09-16T10:05:30,74197.29,74197.29,74176.59,74178.57
1789533345,2026-09-16T10:05:45,74179.27,74189.79,74170.67,74181.7
1789533360,2026-09-16T10:06:00,74175.02,74175.02,74158.08,74158.08
1789533375,2026-09-16T10:06:15,74159.92,74178.79,74159.92,74173.21
1789533390,2026-09-16T10:06:30,74173.53,74189.46,74173.26,74188.62
1789533405,2026-09-16T10:06:45,74185.08,74195.43,74185.08,74195.39
1789533420,2026-09-16T10:07:00,74192.55,74200.52,74191.78,74196.47
1789533435,2026-09-16T10:07:15,74192.61,74200.72,74187.35,74200.43
1789533450,2026-09-16T10:07:30,74201.83,74203.33,74189.96,74189.96
1789533465,2026-09-16T10:07:45,74183.21,74202.92,74175.51,74202.92
1789533480,2026-09-16T10:08:00,74210.08,74228.62,74204.14,74225.58
1789533495,2026-09-16T10:08:15,74223.32,74223.52,74210.39,74218.19
1789533510,2026-09-16T10:08:30,74222.69,74222.69,74209.47,74220.83
1789533525,2026-09-16T10:08:45,74220.9,74220.9,74186.95,74186.95
1789533540,2026-09-16T10:09:00,74186.22,74201.58,74183.13,74198.32
1789533555,2026-09-16T10:09:15,74198.09,74203.3,74190.82,74193.35
1789533570,2026-09-16T10:09:30,74191.61,74193.71,74182.98,74184.27
1789533585,2026-09-16T10:09:45,74185.46,74194.5,74179.68,74192.08
1789533600,2026-09-16T10:10:00,74200.39,74204.31,74198.29,74203.78
1789533615,2026-09-16T10:10:15,74204.96,74207.51,74203.87,74204.35
1789533630,2026-09-16T10:10:30,74202.56,74218.45,74202.56,74217.8
1789533645,2026-09-16T10:10:45,74218.05,74222.66,74203.63,74204.35
1789533660,2026-09-16T10:11:00,74203.56,74208.46,74201,74204.84
1789533675,2026-09-16T10:11:15,74199.24,74210.47,74191.52,74210.47
1789533690,2026-09-16T10:11:30,74207.78,74226.27,74203.51,74226.27
1789533705,2026-09-16T10:11:45,74224.87,74226.59,74219.67,74225.67
1789533720,2026-09-16T10:12:00,74226.94,74233.03,74223.09,74230.16
1789533735,2026-09-16T10:12:15,74230.75,74237.47,74226.08,74236.92
1789533750,2026-09-16T10:12:30,74244.54,74251.57,74242.99,74250.58
1789533765,2026-09-16T10:12:45,74256.1,74260.45,74253.19,74260.43
1789533780,2026-09-16T10:13:00,74256.98,74260.06,74224.65,74224.65
1789533795,2026-09-16T10:13:15,74230.65,74234.73,74215.65,74216.92
1789533810,2026-09-16T10:13:30,74214.66,74217.4,74210.84,74217.01
1789533825,2026-09-16T10:13:45,74217.58,74219.36,74198.87,74199.38
1789533840,2026-09-16T10:14:00,74199.22,74199.22,74191.25,74193.87
1789533855,2026-09-16T10:14:15,74194.89,74202.78,74193.35,74202.78
1789533870,2026-09-16T10:14:30,74201.75,74204.67,74198.42,74198.42
1789533885,2026-09-16T10:14:45,74199.75,74204.28,74190.29,74192.3
1789533900,2026-09-16T10:15:00,74191.91,74193.62,74181.52,74181.52
1789533915,2026-09-16T10:15:15,74180.9,74185.83,74175.76,74182.04
1789533930,2026-09-16T10:15:30,74184.35,74198.53,74184.35,74198.53
1789533945,2026-09-16T10:15:45,74202.28,74208.76,74196.24,74207.37
1789533960,2026-09-16T10:16:00,74207.95,74216.46,74201.46,74216.46
1789533975,2026-09-16T10:16:15,74214.69,74216.88,74213.35,74215.32
1789533990,2026-09-16T10:16:30,74217.32,74224.72,74211.93,74223.59
1789534005,2026-09-16T10:16:45,74225.41,74237.75,74223.84,74237.13
1789534020,2026-09-16T10:17:00,74232.06,74251.79,74232.06,74251.79
1789534035,2026-09-16T10:17:15,74253.19,74258.69,74251.81,74252.31
1789534050,2026-09-16T10:17:30,74256.57,74266.13,74256.57,74263.67
1789534065,2026-09-16T10:17:45,74262.31,74285.4,74262.31,74277.54
1789534080,2026-09-16T10:18:00,74280.44,74287.71,74277.46,74287.71
1789534095,2026-09-16T10:18:15,74287.11,74294.14,74282.22,74282.22
1789534110,2026-09-16T10:18:30,74282.22,74287.28,74280.2,74282.74
1789534125,2026-09-16T10:18:45,74283.92,74288.08,74270.71,74272.76
1789534140,2026-09-16T10:19:00,74278.28,74280.71,74273.26,74273.26
1789534155,2026-09-16T10:19:15,74272.85,74285.82,74272.85,74280.91
1789534170,2026-09-16T10:19:30,74281.48,74282.63,74261.68,74261.68
1789534185,2026-09-16T10:19:45,74262.14,74263.3,74248.98,74248.98
1789534200,2026-09-16T10:20:00,74249,74252.18,74244.91,74247.11
1789534215,2026-09-16T10:20:15,74247.85,74261.12,74247.82,74258.42
1789534230,2026-09-16T10:20:30,74257.69,74266.43,74257.14,74260.95
1789534245,2026-09-16T10:20:45,74260.43,74270.71,74260.43,74267.89
1789534260,2026-09-16T10:21:00,74270.97,74270.97,74263.92,74270.65
1789534275,2026-09-16T10:21:15,74269.96,74272.98,74257.17,74258.48
1789534290,2026-09-16T10:21:30,74255.96,74256.03,74241.54,74250.66
1789534305,2026-09-16T10:21:45,74251.92,74256.04,74249,74256.04
1789534320,2026-09-16T10:22:00,74256.58,74274.52,74254.35,74274.52
1789534335,2026-09-16T10:22:15,74275.14,74276.61,74268.48,74271.26
1789534350,2026-09-16T10:22:30,74273.14,74286.05,74272.77,74284.58
1789534365,2026-09-16T10:22:45,74283.7,74289.14,74278.69,74289.14
1789534380,2026-09-16T10:23:00,74288.19,74291.72,74286.36,74290.57
1789534395,2026-09-16T10:23:15,74290.69,74296.86,74289.61,74295.82
1789534410,2026-09-16T10:23:30,74294.84,74307.11,74292.25,74307.11
1789534425,2026-09-16T10:23:45,74306.39,74320.81,74303.5,74318.6
1789534440,2026-09-16T10:24:00,74319.93,74338.03,74318.02,74338.03
1789534455,2026-09-16T10:24:15,74339.44,74339.44,74305.48,74305.99
1789534470,2026-09-16T10:24:30,74307.72,74313.43,74303.74,74303.74
1789534485,2026-09-16T10:24:45,74304.51,74328.28,74302.49,74323.92
1789534500,2026-09-16T10:25:00,74329.04,74332.75,74325.61,74329.4
1789534515,2026-09-16T10:25:15,74327.91,74343.86,74327.25,74333.11
1789534530,2026-09-16T10:25:30,74330.06,74334.33,74327.85,74334.33
1789534545,2026-09-16T10:25:45,74336.67,74347.02,74334.7,74345.05
1789534560,2026-09-16T10:26:00,74344.27,74354.83,74339.98,74354.83
1789534575,2026-09-16T10:26:15,74358.31,74371.77,74358.31,74371.77
1789534590,2026-09-16T10:26:30,74368.26,74368.69,74332.64,74332.64
1789534605,2026-09-16T10:26:45,74331.46,74338.89,74331.46,74332.24
1789534620,2026-09-16T10:27:00,74330.08,74334.08,74322.97,74329.29
1789534635,2026-09-16T10:27:15,74328.99,74332.7,74323.89,74330.92
1789534650,2026-09-16T10:27:30,74331.27,74332.89,74321.63,74325.36
1789534665,2026-09-16T10:27:45,74331.12,74331.72,74319.52,74322.09
1789534680,2026-09-16T10:28:00,74320.84,74327.46,74320.66,74322.95
1789534695,2026-09-16T10:28:15,74325.47,74337.31,74325.47,74337.27
1789534710,2026-09-16T10:28:30,74342.41,74352.35,74341.18,74350.87
1789534725,2026-09-16T10:28:45,74350.35,74353.46,74346.09,74349.94
1789534740,2026-09-16T10:29:00,74352.51,74354.74,74345.33,74353.3
1789534755,2026-09-16T10:29:15,74356.68,74356.68,74350.85,74353.47
1789534770,2026-09-16T10:29:30,74349.32,74360.37,74349.32,74359.92
1789534785,2026-09-16T10:29:45,74358.89,74358.89,74347.73,74348
1789534800,2026-09-16T10:30:00,74345.91,74355.59,74342.99,74353.16
1789534815,2026-09-16T10:30:15,74353.14,74354.62,74344.27,74349.16
1789534830,2026-09-16T10:30:30,74352.3,74361.52,74347.27,74360.48
1789534845,2026-09-16T10:30:45,74357.84,74358.81,74349.06,74351.61
1789534860,2026-09-16T10:31:00,74350.84,74356.22,74346.15,74353.15
1789534875,2026-09-16T10:31:15,74348.3,74349.96,74338.73,74338.73
1789534890,2026-09-16T10:31:30,74337.58,74337.58,74326.8,74326.8
1789534905,2026-09-16T10:31:45,74327.84,74330.25,74324.25,74328.12
1789534920,2026-09-16T10:32:00,74327.18,74345.7,74327.18,74345.7
1789534935,2026-09-16T10:32:15,74345.32,74351.64,74345.32,74347.33
1789534950,2026-09-16T10:32:30,74344.61,74355.12,74343.19,74355.12
1789534965,2026-09-16T10:32:45,74353.52,74367.62,74353.52,74361.31
1789534980,2026-09-16T10:33:00,74357.87,74361.6,74354.59,74357.39
1789534995,2026-09-16T10:33:15,74358.48,74361.11,74351.99,74357.13
1789535010,2026-09-16T10:33:30,74355.68,74359.89,74352.55,74356.79
1789535025,2026-09-16T10:33:45,74358.5,74358.5,74346.92,74354.92
1789535040,2026-09-16T10:34:00,74361.81,74369.14,74358.78,74367.56
1789535055,2026-09-16T10:34:15,74365.45,74375.52,74360.36,74375.52
1789535070,2026-09-16T10:34:30,74377.18,74389.14,74377.18,74388.07
1789535085,2026-09-16T10:34:45,74388.71,74407.6,74388.71,74405.95
1789535100,2026-09-16T10:35:00,74401.4,74401.4,74387.94,74393.74
1789535115,2026-09-16T10:35:15,74392.6,74397.76,74392.43,74393.29
1789535130,2026-09-16T10:35:30,74394.76,74408.57,74394.76,74398.88
1789535145,2026-09-16T10:35:45,74397.98,74399.98,74394.97,74399.98
1789535160,2026-09-16T10:36:00,74398.3,74408.32,74398.19,74401.55
1789535175,2026-09-16T10:36:15,74401.97,74403.7,74387.24,74392.72
1789535190,2026-09-16T10:36:30,74395.79,74402.72,74394.68,74396.88
1789535205,2026-09-16T10:36:45,74399.16,74405.29,74395.54,74403.78
1789535220,2026-09-16T10:37:00,74406.89,74406.89,74377.41,74377.41
1789535235,2026-09-16T10:37:15,74374.81,74374.81,74364.95,74364.95
1789535250,2026-09-16T10:37:30,74357.51,74357.51,74348.93,74350.03
1789535265,2026-09-16T10:37:45,74350.03,74352.55,74334.7,74337.04
1789535280,2026-09-16T10:38:00,74335.83,74347.03,74334.64,74347.03
1789535295,2026-09-16T10:38:15,74349.93,74358.61,74348.6,74358.61
1789535310,2026-09-16T10:38:30,74360.85,74363.6,74354.75,74360.39
1789535325,2026-09-16T10:38:45,74364.14,74364.14,74358.62,74361.02
1789535340,2026-09-16T10:39:00,74355.82,74365.07,74355.82,74363.08
1789535355,2026-09-16T10:39:15,74362.31,74374.41,74362.31,74374.41
1789535370,2026-09-16T10:39:30,74372.5,74380.01,74369.67,74380.01
1789535385,2026-09-16T10:39:45,74379.85,74388.22,74379.24,74379.96
1789535400,2026-09-16T10:40:00,74381.2,74395.18,74379.71,74391.13
1789535415,2026-09-16T10:40:15,74398.88,74404.82,74392.83,74397.52
1789535430,2026-09-16T10:40:30,74392.92,74402.17,74391.22,74396.82
1789535445,2026-09-16T10:40:45,74398.6,74405.49,74397.81,74404.93
1789535460,2026-09-16T10:41:00,74406.27,74410.47,74405.48,74410.47
1789535475,2026-09-16T10:41:15,74408.55,74410.62,74403.32,74408.84
1789535490,2026-09-16T10:41:30,74410.21,74410.21,74402.55,74404.03
1789535505,2026-09-16T10:41:45,74401.86,74403.67,74390.76,74401
1789535520,2026-09-16T10:42:00,74400.89,74401.84,74383.32,74383.32
1789535535,2026-09-16T10:42:15,74384.61,74387.97,74382.66,74386.3
1789535550,2026-09-16T10:42:30,74387.26,74387.26,74376.77,74380.31
1789535565,2026-09-16T10:42:45,74380.05,74381.58,74373.18,74380.01
1789535580,2026-09-16T10:43:00,74379.26,74383.23,74369.87,74380.32
1789535595,2026-09-16T10:43:15,74379.16,74392.33,74379.16,74392.33
1789535610,2026-09-16T10:43:30,74389.35,74399.71,74388.43,74399.71
1789535625,2026-09-16T10:43:45,74398.04,74400,74391.7,74399.6
1789535640,2026-09-16T10:44:00,74399.38,74399.68,74390.06,74390.49
1789535655,2026-09-16T10:44:15,74394.25,74394.25,74380.61,74387.17
1789535670,2026-09-16T10:44:30,74385.57,74405.23,74384.1,74405.23
1789535685,2026-09-16T10:44:45,74405.23,74405.92,74398.2,74404.28
1789535700,2026-09-16T10:45:00,74403.83,74409.53,74399.3,74404.69
1789535715,2026-09-16T10:45:15,74403.16,74417.48,74403.16,74416.52
1789535730,2026-09-16T10:45:30,74413.36,74416.68,74405.11,74412.15
1789535745,2026-09-16T10:45:45,74416.65,74416.83,74408.57,74415.6
1789535760,2026-09-16T10:46:00,74408.22,74412.52,74400.12,74406.35
1789535775,2026-09-16T10:46:15,74414.34,74421.79,74411.73,74418.03
1789535790,2026-09-16T10:46:30,74418.63,74420.15,74415.22,74417.42
1789535805,2026-09-16T10:46:45,74413.36,74417.56,74409.43,74414.01
1789535820,2026-09-16T10:47:00,74419.2,74425.97,74418.15,74425.97
1789535835,2026-09-16T10:47:15,74422.76,74424.65,74406.34,74408.89
1789535850,2026-09-16T10:47:30,74407.16,74407.16,74400.99,74403.86
1789535865,2026-09-16T10:47:45,74402.44,74406.97,74402.44,74405.44
1789535880,2026-09-16T10:48:00,74408.76,74411.89,74403.77,74406.89
1789535895,2026-09-16T10:48:15,74408.31,74422.21,74408.31,74422.21
1789535910,2026-09-16T10:48:30,74422.21,74434.92,74419.77,74434.92
1789535925,2026-09-16T10:48:45,74433.82,74442.59,74429.56,74442.59
1789535940,2026-09-16T10:49:00,74447.73,74447.73,74441.04,74446.47
1789535955,2026-09-16T10:49:15,74444.64,74445.29,74436.1,74436.1
1789535970,2026-09-16T10:49:30,74440.59,74457.04,74439.39,74451.11
1789535985,2026-09-16T10:49:45,74452.94,74457.95,74450.48,74451.8
1789536000,2026-09-16T10:50:00,74448.17,74448.17,74435.27,74442.9
1789536015,2026-09-16T10:50:15,74444.8,74445.6,74425.87,74425.87
1789536030,2026-09-16T10:50:30,74424.1,74424.1,74413.16,74417.27
1789536045,2026-09-16T10:50:45,74416.73,74416.73,74399.48,74399.48
1789536060,2026-09-16T10:51:00,74400.22,74413.32,74400.22,74410.75
1789536075,2026-09-16T10:51:15,74411,74424.93,74411,74424.89
1789536090,2026-09-16T10:51:30,74430.56,74433.15,74420.69,74421.54
1789536105,2026-09-16T10:51:45,74420.61,74423.12,74416.37,74416.41
1789536120,2026-09-16T10:52:00,74412.1,74428.64,74412.1,74427.75
1789536135,2026-09-16T10:52:15,74427.36,74443.5,74427.27,74443.5
1789536150,2026-09-16T10:52:30,74443.95,74455.02,74442.06,74445.47
1789536165,2026-09-16T10:52:45,74444.32,74460.8,74443.28,74460.8
1789536180,2026-09-16T10:53:00,74456.12,74462.75,74452.05,74456.24
1789536195,2026-09-16T10:53:15,74463.47,74463.75,74442.13,74442.13
1789536210,2026-09-16T10:53:30,74447.67,74447.67,74434.99,74436.29
1789536225,2026-09-16T10:53:45,74435.97,74435.97,74422.78,74427.33
1789536240,2026-09-16T10:54:00,74425.99,74429.08,74424.77,74426.58
1789536255,2026-09-16T10:54:15,74427.91,74432.18,74427.91,74428.66
1789536270,2026-09-16T10:54:30,74428.02,74432.56,74424.78,74432.56
1789536285,2026-09-16T10:54:45,74430.64,74431.47,74424.01,74429.37
1789536300,2026-09-16T10:55:00,74428.72,74429.78,74416.77,74416.77
1789536315,2026-09-16T10:55:15,74416.12,74416.12,74396.54,74401.24
1789536330,2026-09-16T10:55:30,74400.1,74405.07,74392.17,74394.91
1789536345,2026-09-16T10:55:45,74386.02,74386.33,74378.49,74378.49
1789536360,2026-09-16T10:56:00,74374.01,74380.21,74372.95,74376.9
1789536375,2026-09-16T10:56:15,74377.26,74378.9,74370.87,74375.94
1789536390,2026-09-16T10:56:30,74377.26,74386.92,74377.26,74385.34
1789536405,2026-09-16T10:56:45,74383.84,74384.53,74378.63,74382.08
1789536420,2026-09-16T10:57:00,74377.79,74396.3,74377.79,74393
1789536435,2026-09-16T10:57:15,74392.06,74401.64,74389.48,74397.86
1789536450,2026-09-16T10:57:30,74394.2,74399.2,74390.08,74395.89
1789536465,2026-09-16T10:57:45,74398.7,74402.98,74395.03,74402.98
1789536480,2026-09-16T10:58:00,74403.19,74403.97,74393.41,74399.37
1789536495,2026-09-16T10:58:15,74398.96,74402.37,74396.77,74396.77
1789536510,2026-09-16T10:58:30,74396.97,74399.48,74387.44,74387.44
1789536525,2026-09-16T10:58:45,74389.64,74400.17,74385.85,74400.17
1789536540,2026-09-16T10:59:00,74399.26,74404,74395.46,74399.28
1789536555,2026-09-16T10:59:15,74405.73,74407.16,74400.1,74400.46
1789536570,2026-09-16T10:59:30,74401.37,74403.55,74394.43,74395.6
1789536585,2026-09-16T10:59:45,74395.6,74399.25,74389.2,74397.96
1789536600,2026-09-16T11:00:00,74400.15,74409.6,74400.15,74408.83
1789536615,2026-09-16T11:00:15,74407.96,74413.35,74407.16,74410.7
1789536630,2026-09-16T11:00:30,74411.76,74415.87,74406.68,74415.87
1789536645,2026-09-16T11:00:45,74414.96,74423.01,74409.14,74421.08
1789536660,2026-09-16T11:01:00,74431.49,74442.95,74427.41,74438.06
1789536675,2026-09-16T11:01:15,74437.01,74442.16,74434.22,74441.51
1789536690,2026-09-16T11:01:30,74441.81,74450.74,74440.18,74447.22
1789536705,2026-09-16T11:01:45,74447.64,74447.64,74436.95,74444.84
1789536720,2026-09-16T11:02:00,74437.96,74450.44,74435.83,74449.44
1789536735,2026-09-16T11:02:15,74449.42,74460.52,74447.02,74460.52
1789536750,2026-09-16T11:02:30,74457.65,74469.93,74457.65,74467.84
1789536765,2026-09-16T11:02:45,74466.86,74474.43,74466.86,74468.31
1789536780,2026-09-16T11:03:00,74465.23,74476.71,74465.23,74474.05
1789536795,2026-09-16T11:03:15,74474.5,74486.12,74470.33,74486.12
1789536810,2026-09-16T11:03:30,74482.74,74484.76,74478.86,74484.72
1789536825,2026-09-16T11:03:45,74483.93,74489.83,74483.93,74487.15
1789536840,2026-09-16T11:04:00,74492.83,74493.76,74486.08,74487.33
1789536855,2026-09-16T11:04:15,74487.68,74490.11,74482.82,74482.82
1789536870,2026-09-16T11:04:30,74483.12,74483.12,74472.15,74472.78
1789536885,2026-09-16T11:04:45,74473.78,74476.84,74469.73,74473.4
1789536900,2026-09-16T11:05:00,74472.15,74475.02,74456.59,74456.74
1789536915,2026-09-16T11:05:15,74455.77,74457.2,74444.11,74444.11
1789536930,2026-09-16T11:05:30,74444.5,74446.01,74433.43,74434.3
1789536945,2026-09-16T11:05:45,74434.3,74439.52,74432.39,74433.12
1789536960,2026-09-16T11:06:00,74431.08,74443.36,74429.72,74438.51
1789536975,2026-09-16T11:06:15,74440.18,74450.1,74440.18,74445.35
1789536990,2026-09-16T11:06:30,74444.97,74446.83,74438.89,74440.79
1789537005,2026-09-16T11:06:45,74440.82,74440.84,74434.66,74434.66
1789537020,2026-09-16T11:07:00,74435.57,74436.37,74428.48,74435.14
1789537035,2026-09-16T11:07:15,74435.4,74435.56,74426.72,74427.61
1789537050,2026-09-16T11:07:30,74426.99,74426.99,74418.18,74422.23
1789537065,2026-09-16T11:07:45,74423.49,74432.74,74417.54,74419.21
1789537080,2026-09-16T11:08:00,74419.83,74425.16,74416.57,74423.87
1789537095,2026-09-16T11:08:15,74423.53,74423.53,74407.98,74407.98
1789537110,2026-09-16T11:08:30,74406.91,74425.86,74406.91,74425.27
1789537125,2026-09-16T11:08:45,74423.29,74429.31,74421.35,74426.58
1789537140,2026-09-16T11:09:00,74426.36,74429.46,74421.77,74421.77
1789537155,2026-09-16T11:09:15,74426.71,74426.71,74414.27,74414.27
1789537170,2026-09-16T11:09:30,74414.88,74418,74412.02,74418
1789537185,2026-09-16T11:09:45,74418,74418.09,74410.44,74417
1789537200,2026-09-16T11:10:00,74410.34,74417.56,74410.34,74412.79
1789537215,2026-09-16T11:10:15,74423.18,74423.18,74411.16,74419.83
1789537230,2026-09-16T11:10:30,74419.39,74429.33,74419.39,74428.04
1789537245,2026-09-16T11:10:45,74427.02,74430.69,74425.67,74425.67
1789537260,2026-09-16T11:11:00,74426.17,74428.69,74421.76,74423.96
1789537275,2026-09-16T11:11:15,74424.52,74424.56,74422.51,74423.42
1789537290,2026-09-16T11:11:30,74423.47,74424.41,74418.29,74420.75
1789537305,2026-09-16T11:11:45,74421.93,74421.93,74415.96,74419.03
1789537320,2026-09-16T11:12:00,74418.77,74420.24,74412.49,74420.24
1789537335,2026-09-16T11:12:15,74419.79,74420.67,74415.96,74419.56
1789537350,2026-09-16T11:12:30,74421.71,74426.98,74420.83,74426.68
1789537365,2026-09-16T11:12:45,74424.64,74438.95,74424.64,74431.6
1789537380,2026-09-16T11:13:00,74430.76,74437.93,74426.48,74428.46
1789537395,2026-09-16T11:13:15,74427.66,74427.66,74416.27,74416.66
1789537410,2026-09-16T11:13:30,74416.44,74425.37,74416.44,74422.1
1789537425,2026-09-16T11:13:45,74420.25,74422.83,74408.52,74408.52
1789537440,2026-09-16T11:14:00,74408.23,74412.66,74399.42,74406.31
1789537455,2026-09-16T11:14:15,74403.7,74410.99,74402.74,74410.25
1789537470,2026-09-16T11:14:30,74407.09,74409.41,74393.12,74394.52
1789537485,2026-09-16T11:14:45,74396.24,74398.36,74391.02,74391.02
1789537500,2026-09-16T11:15:00,74391.48,74391.48,74384.3,74386.76
1789537515,2026-09-16T11:15:15,74386.99,74396.81,74386.99,74396.49
1789537530,2026-09-16T11:15:30,74395.3,74404.1,74394.49,74404.1
1789537545,2026-09-16T11:15:45,74403.51,74404.32,74400.97,74404.32
1789537560,2026-09-16T11:16:00,74404.4,74417.63,74404.4,74417.4
1789537575,2026-09-16T11:16:15,74420.7,74432.79,74420.7,74432.79
1789537590,2026-09-16T11:16:30,74432.1,74443.11,74432.1,74439.38
1789537605,2026-09-16T11:16:45,74438.87,74440.78,74430.52,74434.05
1789537620,2026-09-16T11:17:00,74435.84,74437.01,74420.03,74423.95
1789537635,2026-09-16T11:17:15,74418.98,74428.35,74418.08,74423.42
1789537650,2026-09-16T11:17:30,74425.99,74425.99,74417.04,74419.17
1789537665,2026-09-16T11:17:45,74419.67,74419.67,74406.99,74408.89
1789537680,2026-09-16T11:18:00,74409.52,74412.46,74401.93,74410.36
1789537695,2026-09-16T11:18:15,74412.86,74412.86,74406.12,74412.31
1789537710,2026-09-16T11:18:30,74412.53,74414.54,74401.07,74401.07
1789537725,2026-09-16T11:18:45,74401.74,74404.43,74397.43,74397.43
1789537740,2026-09-16T11:19:00,74398.65,74398.65,74385.02,74385.02
1789537755,2026-09-16T11:19:15,74386.6,74394.96,74385.93,74392.78
1789537770,2026-09-16T11:19:30,74392.58,74392.58,74383.87,74387.5
1789537785,2026-09-16T11:19:45,74386.97,74389.21,74382.34,74382.34
1789537800,2026-09-16T11:20:00,74381.79,74385.57,74380.85,74382.43
1789537815,2026-09-16T11:20:15,74382.43,74382.43,74355.79,74355.79
1789537830,2026-09-16T11:20:30,74356.14,74360.12,74352.69,74352.69
1789537845,2026-09-16T11:20:45,74351.8,74365.05,74351.8,74362.65
1789537860,2026-09-16T11:21:00,74364.16,74364.46,74353.03,74353.43
1789537875,2026-09-16T11:21:15,74353.2,74361.8,74350.88,74351.75
1789537890,2026-09-16T11:21:30,74348.93,74351.05,74339.57,74342.94
1789537905,2026-09-16T11:21:45,74339.41,74344.33,74337.64,74342.01
1789537920,2026-09-16T11:22:00,74342.32,74356.45,74342.32,74354.11
1789537935,2026-09-16T11:22:15,74353.57,74353.57,74347.62,74351.06
1789537950,2026-09-16T11:22:30,74350.72,74359,74350.18,74350.23
1789537965,2026-09-16T11:22:45,74354.19,74373.41,74354.19,74373.16
1789537980,2026-09-16T11:23:00,74374.82,74393.73,74374.82,74391.05
1789537995,2026-09-16T11:23:15,74399.14,74400.06,74391.05,74398.19
1789538010,2026-09-16T11:23:30,74401.56,74419.86,74399.69,74416.73
1789538025,2026-09-16T11:23:45,74417.78,74426.57,74409.13,74413.49
1789538040,2026-09-16T11:24:00,74409.15,74410.96,74403.01,74403.01
1789538055,2026-09-16T11:24:15,74403.47,74403.47,74385,74387.46
1789538070,2026-09-16T11:24:30,74382.31,74384.8,74378.32,74379.09
1789538085,2026-09-16T11:24:45,74379.36,74379.36,74365.89,74369.65
1789538100,2026-09-16T11:25:00,74370.23,74372.88,74366.01,74370.52
1789538115,2026-09-16T11:25:15,74372.13,74372.13,74357.64,74359
1789538130,2026-09-16T11:25:30,74359.37,74359.37,74353.71,74356.19
1789538145,2026-09-16T11:25:45,74354.12,74357,74343.39,74343.39
1789538160,2026-09-16T11:26:00,74340.15,74342.13,74329.21,74333.82
1789538175,2026-09-16T11:26:15,74329.35,74332.33,74325.49,74329.38
1789538190,2026-09-16T11:26:30,74329.68,74335.4,74322.2,74322.2
1789538205,2026-09-16T11:26:45,74322.64,74329.26,74317.44,74329.26
1789538220,2026-09-16T11:27:00,74328.66,74332.96,74324.31,74332.88
1789538235,2026-09-16T11:27:15,74325.59,74334.24,74324.28,74324.28
1789538250,2026-09-16T11:27:30,74323.37,74323.37,74314.68,74318.86
1789538265,2026-09-16T11:27:45,74317.5,74317.89,74305.75,74305.75
1789538280,2026-09-16T11:28:00,74306.57,74315.69,74303.75,74314.66
1789538295,2026-09-16T11:28:15,74317.05,74322.93,74315.8,74321.74
1789538310,2026-09-16T11:28:30,74322.68,74322.68,74307.5,74309.89
1789538325,2026-09-16T11:28:45,74312.46,74315.48,74308,74308
1789538340,2026-09-16T11:29:00,74308.9,74309.86,74298.23,74298.56
1789538355,2026-09-16T11:29:15,74297.24,74307.59,74297.24,74304.86
1789538370,2026-09-16T11:29:30,74301.84,74305.83,74295.82,74297.66
1789538385,2026-09-16T11:29:45,74298.5,74299.11,74290.07,74294.25
1789538400,2026-09-16T11:30:00,74295.25,74303.03,74294.47,74303.03
1789538415,2026-09-16T11:30:15,74307.01,74307.99,74300.86,74307.99
1789538430,2026-09-16T11:30:30,74313.45,74323.28,74310.1,74323.28
1789538445,2026-09-16T11:30:45,74324.2,74326.03,74318.53,74319.27
1789538460,2026-09-16T11:31:00,74318.88,74320.52,74315.11,74316.91
1789538475,2026-09-16T11:31:15,74317.99,74331.52,74314.85,74325.49
1789538490,2026-09-16T11:31:30,74328.13,74328.13,74314.24,74314.24
1789538505,2026-09-16T11:31:45,74314.18,74322.74,74314.18,74320.95
1789538520,2026-09-16T11:32:00,74321.83,74334.74,74321.83,74333.67
1789538535,2026-09-16T11:32:15,74334.05,74334.05,74321.79,74325.17
1789538550,2026-09-16T11:32:30,74325.8,74340.82,74325.8,74340.82
1789538565,2026-09-16T11:32:45,74341.81,74348.18,74341.81,74345.27
1789538580,2026-09-16T11:33:00,74349.7,74361.81,74347.48,74350.51
1789538595,2026-09-16T11:33:15,74349.27,74358.01,74349.27,74356.26
1789538610,2026-09-16T11:33:30,74355.77,74358.6,74349.63,74349.63
1789538625,2026-09-16T11:33:45,74347.84,74348.98,74326.57,74330.79
1789538640,2026-09-16T11:34:00,74327.99,74337.6,74327.1,74335.91
1789538655,2026-09-16T11:34:15,74333.24,74337.02,74328.55,74331.64
1789538670,2026-09-16T11:34:30,74332.86,74334.83,74328.92,74329.57
1789538685,2026-09-16T11:34:45,74329.38,74329.38,74314.93,74318.36
1789538700,2026-09-16T11:35:00,74319.04,74327.45,74319.04,74322.25
1789538715,2026-09-16T11:35:15,74322.36,74327.91,74318.73,74322.39
1789538730,2026-09-16T11:35:30,74319.96,74325.24,74311.27,74324.62
1789538745,2026-09-16T11:35:45,74322.36,74329.18,74319.53,74328.09
1789538760,2026-09-16T11:36:00,74327.44,74327.84,74323.76,74323.76
1789538775,2026-09-16T11:36:15,74323.11,74323.11,74310.95,74310.95
1789538790,2026-09-16T11:36:30,74315.39,74315.39,74308.39,74312.04
1789538805,2026-09-16T11:36:45,74310.58,74313.45,74308.07,74308.45
1789538820,2026-09-16T11:37:00,74307.23,74309.75,74302.59,74308.13
1789538835,2026-09-16T11:37:15,74305.1,74309.33,74299.96,74299.96
1789538850,2026-09-16T11:37:30,74302.08,74306.08,74297.46,74304.22
1789538865,2026-09-16T11:37:45,74307.98,74317.56,74307.98,74315.73
1789538880,2026-09-16T11:38:00,74315.73,74339.04,74315.73,74338.31
1789538895,2026-09-16T11:38:15,74340.01,74366.05,74339.04,74361.57
1789538910,2026-09-16T11:38:30,74359.97,74362.76,74352.84,74352.84
1789538925,2026-09-16T11:38:45,74353,74363.23,74351.84,74358.53
1789538940,2026-09-16T11:39:00,74355.4,74360.38,74348.49,74351.82
1789538955,2026-09-16T11:39:15,74349.44,74349.67,74335.9,74339.4
1789538970,2026-09-16T11:39:30,74340.27,74345.69,74332.05,74345.62
1789538985,2026-09-16T11:39:45,74342.4,74347.51,74341,74341.92
1789539000,2026-09-16T11:40:00,74345.65,74346.17,74333.36,74334.98
1789539015,2026-09-16T11:40:15,74330.92,74342.11,74329.59,74340.9
1789539030,2026-09-16T11:40:30,74339.69,74342.41,74325.53,74342.41
1789539045,2026-09-16T11:40:45,74347.35,74356.21,74340.7,74356.21
1789539060,2026-09-16T11:41:00,74356.48,74361.7,74347.29,74349.08
1789539075,2026-09-16T11:41:15,74352.55,74356.35,74347.89,74349.04
1789539090,2026-09-16T11:41:30,74350.22,74351.91,74334.57,74334.57
1789539105,2026-09-16T11:41:45,74333.11,74343.22,74328.86,74337.74
1789539120,2026-09-16T11:42:00,74337.87,74344.26,74336.88,74343.46
1789539135,2026-09-16T11:42:15,74345.95,74349.85,74339.41,74349.85
1789539150,2026-09-16T11:42:30,74349.38,74351.42,74345.22,74349.49
1789539165,2026-09-16T11:42:45,74348.55,74348.87,74340.59,74343.34
1789539180,2026-09-16T11:43:00,74342.67,74350.67,74340.97,74350.67
1789539195,2026-09-16T11:43:15,74348.25,74348.25,74336.01,74339.88
1789539210,2026-09-16T11:43:30,74341.15,74341.15,74331.34,74337.6
1789539225,2026-09-16T11:43:45,74337.6,74339.2,74334.52,74336.65
1789539240,2026-09-16T11:44:00,74336.65,74342.54,74336.65,74342.54
1789539255,2026-09-16T11:44:15,74343.71,74343.71,74335.48,74338.78
1789539270,2026-09-16T11:44:30,74339.67,74339.67,74331.56,74334.17
1789539285,2026-09-16T11:44:45,74333.45,74336.15,74327.09,74336.15
1789539300,2026-09-16T11:45:00,74337.73,74337.79,74327.48,74332.33
1789539315,2026-09-16T11:45:15,74332.33,74332.33,74322.13,74325.4
1789539330,2026-09-16T11:45:30,74319.57,74325.79,74317.51,74317.51
1789539345,2026-09-16T11:45:45,74318.33,74328.34,74318.33,74322.3
1789539360,2026-09-16T11:46:00,74320.66,74323.77,74316.47,74319.23
1789539375,2026-09-16T11:46:15,74319.28,74320.98,74313.41,74315.91
1789539390,2026-09-16T11:46:30,74317.15,74324.28,74311.58,74318.9
1789539405,2026-09-16T11:46:45,74318.01,74321.92,74313.57,74320.65
1789539420,2026-09-16T11:47:00,74312.38,74317.07,74309.33,74313.72
1789539435,2026-09-16T11:47:15,74313.3,74314.06,74308.4,74312.43
1789539450,2026-09-16T11:47:30,74309.86,74311.56,74301.97,74301.97
1789539465,2026-09-16T11:47:45,74301.64,74309.89,74301.64,74303.27
1789539480,2026-09-16T11:48:00,74304.25,74307.49,74301.38,74307.49
1789539495,2026-09-16T11:48:15,74308.57,74311.93,74303.07,74311.93
1789539510,2026-09-16T11:48:30,74311.4,74312.04,74305.72,74308.93
1789539525,2026-09-16T11:48:45,74311.38,74319.02,74311.38,74318.7
1789539540,2026-09-16T11:49:00,74318.65,74325.64,74318.56,74321.57
1789539555,2026-09-16T11:49:15,74321.17,74333.14,74321.17,74327.84
1789539570,2026-09-16T11:49:30,74327.84,74330.69,74322.79,74328.44
1789539585,2026-09-16T11:49:45,74326.96,74326.96,74320.1,74323.06
1789539600,2026-09-16T11:50:00,74323.85,74330.79,74323.85,74330.79
1789539615,2026-09-16T11:50:15,74326.41,74332.9,74324.17,74332.9
1789539630,2026-09-16T11:50:30,74332.63,74358.93,74332.63,74357.11
1789539645,2026-09-16T11:50:45,74357.72,74357.72,74348.83,74349.73
1789539660,2026-09-16T11:51:00,74351.26,74365.78,74349.57,74363.65
1789539675,2026-09-16T11:51:15,74362.88,74364.6,74356.82,74356.82
1789539690,2026-09-16T11:51:30,74357.46,74357.46,74348.86,74350.08
1789539705,2026-09-16T11:51:45,74348.83,74350.93,74345.22,74349.08
1789539720,2026-09-16T11:52:00,74347.51,74355.83,74347.31,74353.89
1789539735,2026-09-16T11:52:15,74351.06,74354.25,74340.75,74340.75
1789539750,2026-09-16T11:52:30,74334.34,74340.98,74333.89,74333.89
1789539765,2026-09-16T11:52:45,74332.43,74333.83,74318.52,74319.89
1789539780,2026-09-16T11:53:00,74320.33,74330.56,74319.23,74319.23
1789539795,2026-09-16T11:53:15,74319.74,74322.28,74306.13,74306.95
1789539810,2026-09-16T11:53:30,74306.6,74311.78,74302.9,74303.94
1789539825,2026-09-16T11:53:45,74304.11,74315.55,74303.73,74315.55
1789539840,2026-09-16T11:54:00,74317.41,74324.11,74316.66,74321
1789539855,2026-09-16T11:54:15,74322.26,74329.83,74322.26,74327.82
1789539870,2026-09-16T11:54:30,74327.94,74329.04,74319.62,74322.89
1789539885,2026-09-16T11:54:45,74321.15,74325.17,74317.25,74320.9
1789539900,2026-09-16T11:55:00,74314.54,74314.54,74299.68,74303.48
1789539915,2026-09-16T11:55:15,74305.71,74315.46,74305.36,74310.91
1789539930,2026-09-16T11:55:30,74313.48,74321.62,74313.48,74321.02
1789539945,2026-09-16T11:55:45,74324.11,74324.11,74304.59,74304.59
1789539960,2026-09-16T11:56:00,74303.95,74313.44,74303.64,74303.79
1789539975,2026-09-16T11:56:15,74303.5,74305.94,74291.4,74291.55
1789539990,2026-09-16T11:56:30,74291.33,74292.96,74289.76,74292.96
1789540005,2026-09-16T11:56:45,74293.17,74294.14,74283.54,74291.78
1789540020,2026-09-16T11:57:00,74294.77,74297.5,74289.97,74292.01
1789540035,2026-09-16T11:57:15,74291.68,74292.8,74284.29,74286.64
1789540050,2026-09-16T11:57:30,74288.22,74295.97,74283.07,74295.26
1789540065,2026-09-16T11:57:45,74295.1,74295.1,74288.79,74288.79
1789540080,2026-09-16T11:58:00,74288.4,74288.4,74285.26,74285.26
1789540095,2026-09-16T11:58:15,74281.65,74285.18,74277.98,74282.09
1789540110,2026-09-16T11:58:30,74281.3,74286.14,74276.51,74276.51
1789540125,2026-09-16T11:58:45,74277.16,74284.56,74270.83,74283.64
1789540140,2026-09-16T11:59:00,74286.01,74292.25,74286.01,74289.33
1789540155,2026-09-16T11:59:15,74287.53,74287.53,74278.84,74282.51
1789540170,2026-09-16T11:59:30,74282.29,74283.41,74277.72,74280.61
1789540185,2026-09-16T11:59:45,74280.78,74282.98,74276.44,74277.23
1789540200,2026-09-16T12:00:00,74281.28,74293.33,74280.95,74293.33
1789540215,2026-09-16T12:00:15,74293.3,74293.3,74279.95,74282.51
1789540230,2026-09-16T12:00:30,74282.51,74293.24,74281.93,74287.82
1789540245,2026-09-16T12:00:45,74289.4,74292.79,74281.68,74288.12
1789540260,2026-09-16T12:01:00,74287.03,74289.32,74285.86,74289.32
1789540275,2026-09-16T12:01:15,74288.72,74292.43,74288.56,74291.44
1789540290,2026-09-16T12:01:30,74291.02,74293.32,74288.19,74288.19
1789540305,2026-09-16T12:01:45,74288.82,74293.23,74286.55,74292.62
1789540320,2026-09-16T12:02:00,74292.62,74295.07,74283.79,74283.79
1789540335,2026-09-16T12:02:15,74283.02,74283.53,74270.1,74270.29
1789540350,2026-09-16T12:02:30,74264.41,74264.41,74256.49,74261.48
1789540365,2026-09-16T12:02:45,74265.2,74270.56,74259.7,74270.56
1789540380,2026-09-16T12:03:00,74270.35,74271.36,74265.22,74266.47
1789540395,2026-09-16T12:03:15,74266.82,74272.92,74262.06,74264.07
1789540410,2026-09-16T12:03:30,74268.07,74269.77,74267.14,74267.7
1789540425,2026-09-16T12:03:45,74272.16,74275.06,74270.85,74275.06
1789540440,2026-09-16T12:04:00,74274.74,74281.54,74274.53,74281.54
1789540455,2026-09-16T12:04:15,74281.84,74287.96,74281.84,74287.08
1789540470,2026-09-16T12:04:30,74286.44,74286.44,74265,74267.94
1789540485,2026-09-16T12:04:45,74271.23,74277.06,74270.55,74276.13
1789540500,2026-09-16T12:05:00,74275.94,74286.2,74275.9,74284.05
1789540515,2026-09-16T12:05:15,74284.05,74291.12,74281.85,74289.94
1789540530,2026-09-16T12:05:30,74288.86,74289.89,74286.14,74286.52
1789540545,2026-09-16T12:05:45,74288.47,74288.47,74281.87,74284.55
1789540560,2026-09-16T12:06:00,74289.13,74295.95,74289.13,74294.13
1789540575,2026-09-16T12:06:15,74294.38,74298.42,74288.38,74293.27
1789540590,2026-09-16T12:06:30,74293.42,74307.56,74293.42,74307.56
1789540605,2026-09-16T12:06:45,74312.46,74312.46,74298.82,74300.63
1789540620,2026-09-16T12:07:00,74302.37,74313.75,74301.84,74313.09
1789540635,2026-09-16T12:07:15,74313.82,74323.14,74313.03,74323.14
1789540650,2026-09-16T12:07:30,74320.1,74328.73,74320.1,74325.42
1789540665,2026-09-16T12:07:45,74324.77,74329.15,74317.1,74328.29
1789540680,2026-09-16T12:08:00,74325.92,74325.92,74318.83,74325.63
1789540695,2026-09-16T12:08:15,74325.63,74328.15,74318.35,74323
1789540710,2026-09-16T12:08:30,74322.56,74330.26,74321.56,74324.88
1789540725,2026-09-16T12:08:45,74326.81,74330.7,74318.24,74325.82
1789540740,2026-09-16T12:09:00,74324.45,74325.7,74315.7,74320.1
1789540755,2026-09-16T12:09:15,74323.43,74323.43,74317.85,74322.8
1789540770,2026-09-16T12:09:30,74322.61,74322.76,74311.61,74311.61
1789540785,2026-09-16T12:09:45,74311.2,74318.87,74309.58,74316.95
1789540800,2026-09-16T12:10:00,74317.92,74338.87,74315.25,74338.87
1789540815,2026-09-16T12:10:15,74340.15,74344.89,74328.83,74344.89
1789540830,2026-09-16T12:10:30,74344.43,74345.39,74339.35,74339.58
1789540845,2026-09-16T12:10:45,74342.56,74346.92,74341.72,74346.92
1789540860,2026-09-16T12:11:00,74347.29,74365.44,74347.29,74361.56
1789540875,2026-09-16T12:11:15,74357.88,74358.23,74346.64,74346.64
1789540890,2026-09-16T12:11:30,74343.97,74347.46,74341.65,74344.35
1789540905,2026-09-16T12:11:45,74344.2,74346.58,74330.13,74333.56
1789540920,2026-09-16T12:12:00,74334.78,74340.7,74333.73,74339.56
1789540935,2026-09-16T12:12:15,74340.85,74347.63,74336.25,74347.58
1789540950,2026-09-16T12:12:30,74347.77,74350.24,74337.92,74337.92
1789540965,2026-09-16T12:12:45,74340.45,74340.45,74331.23,74332.84
1789540980,2026-09-16T12:13:00,74332.14,74344.29,74331.51,74344.29
1789540995,2026-09-16T12:13:15,74349.25,74355.69,74349.25,74351.16
1789541010,2026-09-16T12:13:30,74355.02,74363.68,74355.02,74363.68
1789541025,2026-09-16T12:13:45,74362.46,74383.86,74362.46,74383.86
1789541040,2026-09-16T12:14:00,74388.02,74388.02,74371.76,74371.76
1789541055,2026-09-16T12:14:15,74379.34,74380.87,74364.73,74367.18
1789541070,2026-09-16T12:14:30,74360.11,74360.11,74350.8,74350.8
1789541085,2026-09-16T12:14:45,74351.26,74355.95,74348.34,74352.5
1789541100,2026-09-16T12:15:00,74350.05,74350.05,74327.15,74327.15
1789541115,2026-09-16T12:15:15,74328.44,74328.44,74319.44,74320.67
1789541130,2026-09-16T12:15:30,74320.53,74323.79,74317.65,74317.65
1789541145,2026-09-16T12:15:45,74317.01,74317.01,74306.9,74310.88
1789541160,2026-09-16T12:16:00,74307.3,74313.87,74307.3,74308.94
1789541175,2026-09-16T12:16:15,74306.94,74313.86,74302.94,74312.64
1789541190,2026-09-16T12:16:30,74313.34,74329.46,74308.06,74329.46
1789541205,2026-09-16T12:16:45,74323.03,74337.38,74322.46,74337.38
1789541220,2026-09-16T12:17:00,74337.38,74345.38,74332.49,74342.54
1789541235,2026-09-16T12:17:15,74340.1,74362.87,74340.1,74362.87
1789541250,2026-09-16T12:17:30,74373.19,74374.04,74361.22,74372.93
1789541265,2026-09-16T12:17:45,74371.77,74382.35,74371.77,74381.53
1789541280,2026-09-16T12:18:00,74381.53,74382.11,74366.94,74369.56
1789541295,2026-09-16T12:18:15,74368.6,74368.6,74363.11,74366.18
1789541310,2026-09-16T12:18:30,74368.17,74368.17,74360.2,74364.62
1789541325,2026-09-16T12:18:45,74364.14,74368.26,74362.74,74366.73
1789541340,2026-09-16T12:19:00,74368.16,74372.48,74365.68,74366.06
1789541355,2026-09-16T12:19:15,74365.81,74373.02,74363.84,74373.02
1789541370,2026-09-16T12:19:30,74373.02,74373.02,74365.48,74366.15
1789541385,2026-09-16T12:19:45,74363.8,74369.52,74363.65,74363.65
1789541400,2026-09-16T12:20:00,74366.22,74366.22,74359.38,74362.95
1789541415,2026-09-16T12:20:15,74360.31,74362.89,74356.02,74360.17
1789541430,2026-09-16T12:20:30,74360.52,74360.52,74354.64,74358.87
1789541445,2026-09-16T12:20:45,74355.9,74355.9,74342.18,74343.09
1789541460,2026-09-16T12:21:00,74343.09,74349.95,74341.8,74348.03
1789541475,2026-09-16T12:21:15,74348.03,74360.72,74348.03,74352.56
1789541490,2026-09-16T12:21:30,74353.27,74357.03,74344.36,74344.36
1789541505,2026-09-16T12:21:45,74345.11,74356.21,74345.11,74352.69
1789541520,2026-09-16T12:22:00,74352.45,74355.14,74338.6,74344.84
1789541535,2026-09-16T12:22:15,74343.08,74351.54,74336.9,74338.49
1789541550,2026-09-16T12:22:30,74340.25,74343.49,74338.39,74343.49
1789541565,2026-09-16T12:22:45,74340.77,74348.58,74338.66,74341.13
1789541580,2026-09-16T12:23:00,74340.83,74359.47,74340.83,74358.62
1789541595,2026-09-16T12:23:15,74358.24,74361.52,74356.64,74360.84
1789541610,2026-09-16T12:23:30,74361.97,74361.97,74349.2,74350.54
1789541625,2026-09-16T12:23:45,74346.8,74359.79,74345.21,74354.38
1789541640,2026-09-16T12:24:00,74354.62,74354.62,74345.47,74345.47
1789541655,2026-09-16T12:24:15,74340.79,74348,74337.96,74343.83
1789541670,2026-09-16T12:24:30,74345.52,74351.74,74342.23,74351.74
1789541685,2026-09-16T12:24:45,74351.5,74352.97,74347.64,74351.71
1789541700,2026-09-16T12:25:00,74352.94,74360.24,74352.11,74355.97
1789541715,2026-09-16T12:25:15,74356.67,74358.55,74350.06,74350.06
1789541730,2026-09-16T12:25:30,74349.5,74355.98,74349.5,74354.83
1789541745,2026-09-16T12:25:45,74353.91,74356.46,74351.14,74351.52
1789541760,2026-09-16T12:26:00,74351.57,74355.54,74349.74,74351.39
1789541775,2026-09-16T12:26:15,74347.48,74349.27,74339.73,74349.27
1789541790,2026-09-16T12:26:30,74345.81,74357.56,74341.39,74357.27
1789541805,2026-09-16T12:26:45,74353.94,74360.64,74347.54,74347.54
1789541820,2026-09-16T12:27:00,74348.19,74349.72,74340.36,74340.36
1789541835,2026-09-16T12:27:15,74339.79,74341.77,74335.81,74340.82
1789541850,2026-09-16T12:27:30,74340.17,74340.65,74331.11,74334.6
1789541865,2026-09-16T12:27:45,74334.75,74344.66,74333.96,74336.62
1789541880,2026-09-16T12:28:00,74334.54,74338.05,74333.47,74333.47
1789541895,2026-09-16T12:28:15,74333.39,74342.27,74333.39,74342.27
1789541910,2026-09-16T12:28:30,74342.02,74346.85,74342.02,74346.25
1789541925,2026-09-16T12:28:45,74344.66,74347.84,74339.33,74347.84
1789541940,2026-09-16T12:29:00,74348.46,74348.46,74343.04,74343.04
1789541955,2026-09-16T12:29:15,74342.48,74345.82,74339.84,74342.32
1789541970,2026-09-16T12:29:30,74342.86,74342.88,74338.99,74340.63
1789541985,2026-09-16T12:29:45,74337.89,74341.27,74336.59,74337.57
1789542000,2026-09-16T12:30:00,74336.36,74338.72,74334.28,74338.72
1789542015,2026-09-16T12:30:15,74339.79,74344.85,74337,74344.85
1789542030,2026-09-16T12:30:30,74344.85,74347.69,74338.7,74347.69
1789542045,2026-09-16T12:30:45,74352.3,74352.57,74344.89,74344.89
1789542060,2026-09-16T12:31:00,74342.08,74344.87,74340.23,74342.1
1789542075,2026-09-16T12:31:15,74346.33,74360.57,74346.33,74360.57
1789542090,2026-09-16T12:31:30,74361.75,74365.79,74361.31,74365.79
1789542105,2026-09-16T12:31:45,74366.41,74380.02,74366.41,74379.49
1789542120,2026-09-16T12:32:00,74380.49,74387.02,74376.81,74384.5
1789542135,2026-09-16T12:32:15,74385.3,74388.5,74383.8,74383.8
1789542150,2026-09-16T12:32:30,74383.92,74393.24,74383.92,74390.34
1789542165,2026-09-16T12:32:45,74389.13,74390.15,74386.96,74389.66
1789542180,2026-09-16T12:33:00,74389.62,74394.12,74383.31,74389.54
1789542195,2026-09-16T12:33:15,74394.34,74415.79,74389.9,74415.79
1789542210,2026-09-16T12:33:30,74418.62,74422.59,74412.78,74422.59
1789542225,2026-09-16T12:33:45,74421.6,74428.95,74416.61,74416.61
1789542240,2026-09-16T12:34:00,74419.46,74420.94,74413.15,74419.53
1789542255,2026-09-16T12:34:15,74416.96,74422.42,74415.58,74420.48
1789542270,2026-09-16T12:34:30,74420.33,74420.74,74400.45,74400.45
1789542285,2026-09-16T12:34:45,74398.45,74398.74,74388.5,74388.5
1789542300,2026-09-16T12:35:00,74389.39,74391.82,74388.11,74390.39
1789542315,2026-09-16T12:35:15,74393.35,74399.46,74392.6,74393.91
1789542330,2026-09-16T12:35:30,74394.82,74402.42,74394.82,74401.85
1789542345,2026-09-16T12:35:45,74401.85,74405.05,74398.9,74403.66
1789542360,2026-09-16T12:36:00,74404.31,74405.06,74397.11,74397.11
1789542375,2026-09-16T12:36:15,74399.1,74400.51,74387.42,74387.42
1789542390,2026-09-16T12:36:30,74387.42,74395.35,74383.78,74392.52
1789542405,2026-09-16T12:36:45,74394.1,74395.34,74387.2,74387.2
1789542420,2026-09-16T12:37:00,74387.03,74389.05,74376.87,74376.87
1789542435,2026-09-16T12:37:15,74376.87,74381.53,74373.03,74374.25
1789542450,2026-09-16T12:37:30,74372.53,74374.5,74369.42,74370.19
1789542465,2026-09-16T12:37:45,74370.59,74371.26,74364,74370.27
1789542480,2026-09-16T12:38:00,74371.89,74377.78,74369.01,74376.01
1789542495,2026-09-16T12:38:15,74376.45,74387.78,74375.37,74387.78
1789542510,2026-09-16T12:38:30,74385.99,74386.51,74378.14,74384.93
1789542525,2026-09-16T12:38:45,74382.77,74382.77,74373.87,74374.76
1789542540,2026-09-16T12:39:00,74375.77,74383.83,74375.51,74383.83
1789542555,2026-09-16T12:39:15,74383.97,74385.11,74378.78,74380.94
1789542570,2026-09-16T12:39:30,74376.69,74379.55,74373.18,74373.18
1789542585,2026-09-16T12:39:45,74372.72,74377.98,74371.42,74371.66
1789542600,2026-09-16T12:40:00,74373.26,74380.09,74372.47,74376.7
1789542615,2026-09-16T12:40:15,74376.33,74376.33,74369.63,74369.63
1789542630,2026-09-16T12:40:30,74366.91,74380.62,74366.91,74379.34
1789542645,2026-09-16T12:40:45,74380.54,74382.75,74377.95,74379.13
1789542660,2026-09-16T12:41:00,74382.44,74382.44,74376.74,74377.53
1789542675,2026-09-16T12:41:15,74376.05,74380,74376.05,74379.22
1789542690,2026-09-16T12:41:30,74379.07,74380.12,74366.63,74366.63
1789542705,2026-09-16T12:41:45,74366.63,74372.01,74366.63,74367.15
1789542720,2026-09-16T12:42:00,74367.22,74368.14,74361.57,74365.92
1789542735,2026-09-16T12:42:15,74365.92,74371.49,74365.92,74369.45
1789542750,2026-09-16T12:42:30,74368.72,74373.38,74356.19,74357.61
1789542765,2026-09-16T12:42:45,74357.21,74364.82,74357.21,74360.69
1789542780,2026-09-16T12:43:00,74359.87,74371.6,74359.87,74371.6
1789542795,2026-09-16T12:43:15,74374.46,74397.89,74371.69,74393.19
1789542810,2026-09-16T12:43:30,74393.32,74395.15,74391.94,74395.15
1789542825,2026-09-16T12:43:45,74395.15,74403.95,74395.15,74403.95
1789542840,2026-09-16T12:44:00,74403.95,74403.95,74398.84,74401.31
1789542855,2026-09-16T12:44:15,74402.15,74408.85,74398.92,74405.56
1789542870,2026-09-16T12:44:30,74405.56,74411.08,74403.87,74404.7
1789542885,2026-09-16T12:44:45,74399.93,74399.93,74391.54,74396.39
1789542900,2026-09-16T12:45:00,74396.39,74398.87,74391.42,74394.15
1789542915,2026-09-16T12:45:15,74394.54,74396.26,74385.23,74385.23
1789542930,2026-09-16T12:45:30,74387.29,74391.54,74384.32,74389.81
1789542945,2026-09-16T12:45:45,74388.69,74388.69,74373.86,74375.43
1789542960,2026-09-16T12:46:00,74378.66,74379.98,74364.95,74365.8
1789542975,2026-09-16T12:46:15,74364.85,74369.07,74360.59,74368.74
1789542990,2026-09-16T12:46:30,74368.01,74374.38,74360.54,74371.81
1789543005,2026-09-16T12:46:45,74371.59,74376.29,74370.67,74376.29
1789543020,2026-09-16T12:47:00,74376.21,74377.16,74372.9,74376.96
1789543035,2026-09-16T12:47:15,74376.94,74386.49,74376.42,74379.81
1789543050,2026-09-16T12:47:30,74379.52,74392.09,74379.52,74389.41
1789543065,2026-09-16T12:47:45,74389.41,74395.31,74389.35,74393.39
1789543080,2026-09-16T12:48:00,74391.92,74391.95,74388.75,74390.31
1789543095,2026-09-16T12:48:15,74390.31,74399.65,74390.31,74397.27
1789543110,2026-09-16T12:48:30,74393.61,74395.44,74389.26,74394
1789543125,2026-09-16T12:48:45,74393.81,74394.49,74386.71,74392.26
1789543140,2026-09-16T12:49:00,74394.83,74394.83,74384.91,74390.89
1789543155,2026-09-16T12:49:15,74392.43,74399.34,74391.63,74395.9
1789543170,2026-09-16T12:49:30,74395.7,74395.81,74389.56,74393.38
1789543185,2026-09-16T12:49:45,74392.66,74396.45,74392.51,74393.55
1789543200,2026-09-16T12:50:00,74394.03,74399.64,74393.85,74394.9
1789543215,2026-09-16T12:50:15,74393.1,74394.93,74389.18,74389.18
1789543230,2026-09-16T12:50:30,74390.47,74391.94,74388.84,74390.98
1789543245,2026-09-16T12:50:45,74390.56,74391.23,74388.94,74390.41
1789543260,2026-09-16T12:51:00,74390.56,74392.18,74389.75,74389.75
1789543275,2026-09-16T12:51:15,74389.18,74391.26,74387.05,74389.13
1789543290,2026-09-16T12:51:30,74389.13,74391.83,74385.74,74391.3
1789543305,2026-09-16T12:51:45,74390.3,74390.3,74386.8,74389.23
1789543320,2026-09-16T12:52:00,74388.96,74389.05,74378.69,74378.69
1789543335,2026-09-16T12:52:15,74378.31,74382.66,74375.76,74382.66
1789543350,2026-09-16T12:52:30,74385.88,74393.28,74384.35,74392.04
1789543365,2026-09-16T12:52:45,74391.32,74392.41,74389.61,74389.61
1789543380,2026-09-16T12:53:00,74387.1,74391.75,74382.41,74391.18
1789543395,2026-09-16T12:53:15,74391.18,74394.48,74391.18,74393.79
1789543410,2026-09-16T12:53:30,74392.33,74401.29,74392.33,74400.12
1789543425,2026-09-16T12:53:45,74402.39,74403.91,74399.07,74402.13
1789543440,2026-09-16T12:54:00,74402.54,74404.1,74399.24,74402.44
1789543455,2026-09-16T12:54:15,74403.73,74412.47,74402.9,74411.12
1789543470,2026-09-16T12:54:30,74410.38,74410.38,74404.19,74409.35
1789543485,2026-09-16T12:54:45,74409.26,74410,74406.69,74406.69
1789543500,2026-09-16T12:55:00,74405.96,74413.44,74405.61,74412.97
1789543515,2026-09-16T12:55:15,74407.69,74411.66,74407.38,74410.89
1789543530,2026-09-16T12:55:30,74407.96,74409.52,74399.77,74404.18
1789543545,2026-09-16T12:55:45,74403.88,74404.82,74395.06,74399.68
1789543560,2026-09-16T12:56:00,74400.22,74402.01,74398.52,74399.36
1789543575,2026-09-16T12:56:15,74404.9,74417.56,74404.9,74413.28
1789543590,2026-09-16T12:56:30,74412.15,74418.25,74410.81,74414.88
1789543605,2026-09-16T12:56:45,74416.91,74418.2,74408.56,74408.87
1789543620,2026-09-16T12:57:00,74407.96,74417.78,74404.81,74417.78
1789543635,2026-09-16T12:57:15,74412.45,74417.15,74411,74416.92
1789543650,2026-09-16T12:57:30,74416.05,74416.05,74408.67,74413.6
1789543665,2026-09-16T12:57:45,74414.33,74421.38,74409.91,74421.38
1789543680,2026-09-16T12:58:00,74421.28,74426.31,74419.3,74421.06
1789543695,2026-09-16T12:58:15,74421.06,74421.06,74395.12,74395.12
1789543710,2026-09-16T12:58:30,74395.12,74399.15,74390.75,74394.84
1789543725,2026-09-16T12:58:45,74395.37,74397.76,74386.71,74386.71
1789543740,2026-09-16T12:59:00,74391.21,74397.44,74388.95,74388.95
1789543755,2026-09-16T12:59:15,74387.73,74394.9,74386.55,74392.82
1789543770,2026-09-16T12:59:30,74393.93,74396.71,74389.53,74390.75
1789543785,2026-09-16T12:59:45,74389.56,74390.21,74382.18,74382.9
1789543800,2026-09-16T13:00:00,74381.76,74381.76,74374.06,74374.06
1789543815,2026-09-16T13:00:15,74369.56,74381.91,74369.56,74379.49
1789543830,2026-09-16T13:00:30,74376.78,74387.28,74376.78,74385.56
1789543845,2026-09-16T13:00:45,74385.56,74387.24,74380.63,74385.59
1789543860,2026-09-16T13:01:00,74386.32,74396.02,74382.74,74395.57
1789543875,2026-09-16T13:01:15,74395.27,74403.41,74395.27,74401.48
1789543890,2026-09-16T13:01:30,74401.73,74407.9,74399.6,74403.16
1789543905,2026-09-16T13:01:45,74401.98,74410.15,74400.87,74400.87
1789543920,2026-09-16T13:02:00,74400.87,74403.83,74397.9,74398.17
1789543935,2026-09-16T13:02:15,74390.58,74396.93,74390.58,74395.11
1789543950,2026-09-16T13:02:30,74394.89,74394.89,74390.44,74392.35
1789543965,2026-09-16T13:02:45,74390.83,74396.64,74388.88,74396.64
1789543980,2026-09-16T13:03:00,74394.92,74397.02,74389.13,74394.21
1789543995,2026-09-16T13:03:15,74392.39,74394.69,74389.61,74393.81
1789544010,2026-09-16T13:03:30,74393.38,74397.7,74382.86,74382.86
1789544025,2026-09-16T13:03:45,74383.31,74392.84,74383.18,74391.01
1789544040,2026-09-16T13:04:00,74390.7,74401.72,74390.7,74398.11
1789544055,2026-09-16T13:04:15,74398.11,74401.9,74394.45,74401.9
1789544070,2026-09-16T13:04:30,74402.44,74411.15,74402.16,74411.15
1789544085,2026-09-16T13:04:45,74410.27,74412.76,74409.53,74410.76
1789544100,2026-09-16T13:05:00,74410.76,74422.91,74407.21,74422.91
1789544115,2026-09-16T13:05:15,74421.95,74421.95,74413.35,74417.44
1789544130,2026-09-16T13:05:30,74412.4,74415.47,74409.22,74414.46
1789544145,2026-09-16T13:05:45,74414.46,74419.24,74414.46,74417.98
1789544160,2026-09-16T13:06:00,74417.45,74434.01,74413.69,74429.18
1789544175,2026-09-16T13:06:15,74430.54,74438.71,74430.29,74432.57
1789544190,2026-09-16T13:06:30,74436.6,74437.58,74432.1,74437.58
1789544205,2026-09-16T13:06:45,74440.07,74440.07,74427.95,74436.87
1789544220,2026-09-16T13:07:00,74438.58,74444.48,74438.42,74444.48
1789544235,2026-09-16T13:07:15,74445.09,74453.67,74441.85,74453.67
1789544250,2026-09-16T13:07:30,74454.7,74464.04,74450.66,74464.04
1789544265,2026-09-16T13:07:45,74462.88,74468.1,74459.86,74465.42
1789544280,2026-09-16T13:08:00,74464.62,74469.68,74462.46,74465.46
1789544295,2026-09-16T13:08:15,74460.47,74464.94,74459.55,74463.47
1789544310,2026-09-16T13:08:30,74463.47,74466.37,74461.47,74464.39
1789544325,2026-09-16T13:08:45,74464.39,74471.78,74462.1,74470.77
1789544340,2026-09-16T13:09:00,74474.12,74479.26,74473.47,74476.03
1789544355,2026-09-16T13:09:15,74480.23,74493.26,74478.01,74493.26
1789544370,2026-09-16T13:09:30,74497.66,74497.66,74486.33,74486.33
1789544385,2026-09-16T13:09:45,74483.71,74486.63,74477.67,74477.67
1789544400,2026-09-16T13:10:00,74478.84,74485.05,74476.01,74480.26
1789544415,2026-09-16T13:10:15,74481.77,74484.22,74479.6,74483.91
1789544430,2026-09-16T13:10:30,74484.61,74484.61,74476.46,74476.46
1789544445,2026-09-16T13:10:45,74477.83,74481.53,74476.49,74479.44
1789544460,2026-09-16T13:11:00,74479.45,74479.45,74471.17,74477.46
1789544475,2026-09-16T13:11:15,74477.43,74482.6,74471.22,74482.6
1789544490,2026-09-16T13:11:30,74482.26,74482.26,74470.82,74473.54
1789544505,2026-09-16T13:11:45,74472.13,74474.81,74464.3,74464.3
1789544520,2026-09-16T13:12:00,74463.56,74463.56,74453.91,74454.06
1789544535,2026-09-16T13:12:15,74453,74453,74449.2,74451.12
1789544550,2026-09-16T13:12:30,74448.55,74452.24,74445.34,74446.09
1789544565,2026-09-16T13:12:45,74445.75,74454.85,74445.75,74451.93
1789544580,2026-09-16T13:13:00,74450.83,74454.83,74448.17,74453.09
1789544595,2026-09-16T13:13:15,74452.19,74455.95,74445.65,74445.65
1789544610,2026-09-16T13:13:30,74445.96,74447.3,74443.32,74444.57
1789544625,2026-09-16T13:13:45,74444.57,74449.19,74444.57,74448.67
1789544640,2026-09-16T13:14:00,74448.08,74448.08,74440.52,74443.25
1789544655,2026-09-16T13:14:15,74443.25,74443.25,74430.81,74433.59
1789544670,2026-09-16T13:14:30,74434.57,74434.57,74423.1,74429.15
1789544685,2026-09-16T13:14:45,74428.23,74435,74428.23,74433.4
1789544700,2026-09-16T13:15:00,74433.4,74433.4,74415.03,74415.53
1789544715,2026-09-16T13:15:15,74416.23,74424.76,74416.23,74420.41
1789544730,2026-09-16T13:15:30,74420.41,74421.27,74416.03,74416.03
1789544745,2026-09-16T13:15:45,74416.03,74419.39,74415.68,74418.75
1789544760,2026-09-16T13:16:00,74418.75,74418.75,74411.04,74411.04
1789544775,2026-09-16T13:16:15,74412.23,74415.07,74410.84,74411.24
1789544790,2026-09-16T13:16:30,74410.2,74414.91,74409.31,74413.2
1789544805,2026-09-16T13:16:45,74414.01,74417.39,74412.29,74414.76
1789544820,2026-09-16T13:17:00,74413.11,74413.11,74398.55,74410.14
1789544835,2026-09-16T13:17:15,74410.14,74418.27,74410.14,74415.82
1789544850,2026-09-16T13:17:30,74415.3,74417.24,74413.03,74416.79
1789544865,2026-09-16T13:17:45,74416.38,74419.98,74414.21,74417.9
1789544880,2026-09-16T13:18:00,74416.21,74427.99,74416.21,74427.99
1789544895,2026-09-16T13:18:15,74428.99,74433,74428.93,74428.93
1789544910,2026-09-16T13:18:30,74430.66,74434.86,74430.66,74431.2
1789544925,2026-09-16T13:18:45,74430.53,74437.44,74430.53,74436.69
1789544940,2026-09-16T13:19:00,74437.33,74457.5,74436.54,74457.5
1789544955,2026-09-16T13:19:15,74456.79,74459.42,74450.78,74456.28
1789544970,2026-09-16T13:19:30,74455.9,74458.99,74454.71,74456.79
1789544985,2026-09-16T13:19:45,74458.3,74461.4,74454.41,74455.81
1789545000,2026-09-16T13:20:00,74457.16,74459.75,74451.51,74452.21
1789545015,2026-09-16T13:20:15,74451.51,74453.08,74445.77,74450.84
1789545030,2026-09-16T13:20:30,74447.4,74450,74441.48,74444.87
1789545045,2026-09-16T13:20:45,74444.64,74446.95,74436.12,74441.9
1789545060,2026-09-16T13:21:00,74441.33,74446.93,74438.34,74446.93
1789545075,2026-09-16T13:21:15,74446.93,74446.93,74440.2,74443.41
1789545090,2026-09-16T13:21:30,74443.23,74446.44,74437.09,74437.87
1789545105,2026-09-16T13:21:45,74436.7,74438.81,74430.85,74430.85
1789545120,2026-09-16T13:22:00,74429.73,74430.17,74426.05,74426.56
1789545135,2026-09-16T13:22:15,74427.85,74428.28,74420.97,74421.73
1789545150,2026-09-16T13:22:30,74421.61,74423.89,74418.76,74421.02
1789545165,2026-09-16T13:22:45,74419.62,74424.95,74414,74420.75
1789545180,2026-09-16T13:23:00,74420.75,74427.07,74416.52,74418.97
1789545195,2026-09-16T13:23:15,74419.58,74430.08,74419.58,74427.07
1789545210,2026-09-16T13:23:30,74428.36,74428.8,74421.74,74422.4
1789545225,2026-09-16T13:23:45,74422.4,74423.09,74411.3,74411.94
1789545240,2026-09-16T13:24:00,74411.89,74411.89,74397.6,74399.35
1789545255,2026-09-16T13:24:15,74398.51,74398.51,74392.62,74395.08
1789545270,2026-09-16T13:24:30,74397.19,74397.28,74387.62,74387.62
1789545285,2026-09-16T13:24:45,74387.94,74387.94,74382.79,74386.07
1789545300,2026-09-16T13:25:00,74384.88,74385.92,74378.5,74378.5
1789545315,2026-09-16T13:25:15,74378.04,74382.29,74375.04,74382.18
1789545330,2026-09-16T13:25:30,74381.76,74381.76,74376.4,74376.7
1789545345,2026-09-16T13:25:45,74380.15,74382.59,74378.34,74378.34
1789545360,2026-09-16T13:26:00,74375.4,74380.26,74373.75,74380.26
1789545375,2026-09-16T13:26:15,74379.04,74382.69,74373.45,74382.69
1789545390,2026-09-16T13:26:30,74382.69,74384.99,74372.53,74372.53
1789545405,2026-09-16T13:26:45,74372.7,74377.67,74371.3,74377.34
1789545420,2026-09-16T13:27:00,74375.69,74380.03,74369.65,74369.65
1789545435,2026-09-16T13:27:15,74375.68,74375.68,74364.06,74365.01
1789545450,2026-09-16T13:27:30,74362.57,74371.32,74361.41,74368.04
1789545465,2026-09-16T13:27:45,74368.04,74370.38,74365.76,74366.34
1789545480,2026-09-16T13:28:00,74362.8,74365.17,74347.71,74347.71
1789545495,2026-09-16T13:28:15,74346.57,74346.57,74336.81,74339.29
1789545510,2026-09-16T13:28:30,74337.86,74340.13,74329.72,74329.73
1789545525,2026-09-16T13:28:45,74333.1,74333.1,74311.69,74311.69
1789545540,2026-09-16T13:29:00,74313.67,74315.59,74305.52,74309.32
1789545555,2026-09-16T13:29:15,74310.3,74314.78,74309.07,74309.07
1789545570,2026-09-16T13:29:30,74309.35,74310.19,74303.97,74305.88
1789545585,2026-09-16T13:29:45,74305.77,74305.9,74296.13,74296.13
1789545600,2026-09-16T13:30:00,74296.13,74310.78,74296.13,74310.67
1789545615,2026-09-16T13:30:15,74311.5,74311.5,74303.14,74304.76
1789545630,2026-09-16T13:30:30,74305.62,74308.8,74304.13,74306.26
1789545645,2026-09-16T13:30:45,74307.48,74312.14,74304.56,74306.03
1789545660,2026-09-16T13:31:00,74306.03,74313.88,74306.03,74313.88
1789545675,2026-09-16T13:31:15,74316.27,74328.85,74316.27,74325.5
1789545690,2026-09-16T13:31:30,74327.82,74336.26,74327.82,74336.11
1789545705,2026-09-16T13:31:45,74336.11,74337.32,74335.63,74336.38
1789545720,2026-09-16T13:32:00,74337.17,74342.53,74330.37,74336.75
1789545735,2026-09-16T13:32:15,74338.15,74343.64,74335.12,74340.19
1789545750,2026-09-16T13:32:30,74340.19,74346.18,74339.62,74345.99
1789545765,2026-09-16T13:32:45,74346.33,74347.76,74335.69,74337.87
1789545780,2026-09-16T13:33:00,74333.69,74337.34,74329.35,74329.35
1789545795,2026-09-16T13:33:15,74329.65,74336.28,74323.2,74323.2
1789545810,2026-09-16T13:33:30,74323.8,74323.8,74311.44,74311.44
1789545825,2026-09-16T13:33:45,74314.65,74318.07,74309.95,74317.68
1789545840,2026-09-16T13:34:00,74317.68,74317.68,74309.16,74310.42
1789545855,2026-09-16T13:34:15,74310.42,74310.42,74298.65,74304.63
1789545870,2026-09-16T13:34:30,74304.81,74310.7,74300.37,74309.84
1789545885,2026-09-16T13:34:45,74309.4,74323.17,74309.4,74322.53
1789545900,2026-09-16T13:35:00,74325.63,74327.56,74323.91,74326.43
1789545915,2026-09-16T13:35:15,74330.73,74340.62,74330.68,74335.76
1789545930,2026-09-16T13:35:30,74335.11,74342.8,74334.9,74342.8
1789545945,2026-09-16T13:35:45,74341.4,74347.65,74340.24,74347.16
1789545960,2026-09-16T13:36:00,74345.58,74347.52,74342.26,74346.91
1789545975,2026-09-16T13:36:15,74344.96,74345.02,74331.34,74331.34
1789545990,2026-09-16T13:36:30,74333.76,74333.88,74327.74,74329.71
1789546005,2026-09-16T13:36:45,74329.71,74332.37,74327.81,74328.47
1789546020,2026-09-16T13:37:00,74330.09,74333.54,74329.41,74329.76
1789546035,2026-09-16T13:37:15,74329.57,74330.98,74325.11,74327.73
1789546050,2026-09-16T13:37:30,74323.06,74327.21,74313.92,74321.6
1789546065,2026-09-16T13:37:45,74318.54,74320.46,74312.13,74312.23
1789546080,2026-09-16T13:38:00,74313.77,74323.61,74313.77,74323.61
1789546095,2026-09-16T13:38:15,74322.64,74325.22,74305.19,74305.25
1789546110,2026-09-16T13:38:30,74306.97,74311.37,74305.6,74311.37
1789546125,2026-09-16T13:38:45,74311.55,74320.04,74311.25,74311.25
1789546140,2026-09-16T13:39:00,74310.11,74314.81,74309.62,74311.24
1789546155,2026-09-16T13:39:15,74310.4,74313.51,74300.93,74302.81
1789546170,2026-09-16T13:39:30,74304.57,74312.4,74296.15,74296.15
1789546185,2026-09-16T13:39:45,74293.68,74298.04,74291.27,74292.86
1789546200,2026-09-16T13:40:00,74292.68,74301.48,74292.68,74298.91
1789546215,2026-09-16T13:40:15,74299.12,74299.12,74291.31,74292.59
1789546230,2026-09-16T13:40:30,74294.52,74294.73,74285.23,74285.23
1789546245,2026-09-16T13:40:45,74287.71,74294.24,74287.71,74292.39
1789546260,2026-09-16T13:41:00,74291.87,74292.76,74286.75,74292.19
1789546275,2026-09-16T13:41:15,74292.19,74293.94,74287.45,74289.73
1789546290,2026-09-16T13:41:30,74294.31,74300.64,74288.61,74291.28
1789546305,2026-09-16T13:41:45,74289.72,74303.51,74288.33,74299.6
1789546320,2026-09-16T13:42:00,74302.24,74305.82,74299.05,74301.72
1789546335,2026-09-16T13:42:15,74298.9,74298.9,74291.43,74295.32
1789546350,2026-09-16T13:42:30,74297.05,74297.2,74282.57,74282.57
1789546365,2026-09-16T13:42:45,74283.31,74289.31,74283.31,74286.42
1789546380,2026-09-16T13:43:00,74286.41,74289.7,74280.48,74280.48
1789546395,2026-09-16T13:43:15,74281.96,74289.63,74276.9,74286.8
1789546410,2026-09-16T13:43:30,74289.96,74289.96,74284.13,74286.75
1789546425,2026-09-16T13:43:45,74282.42,74285.16,74273.67,74278.98
1789546440,2026-09-16T13:44:00,74278.47,74279.2,74273.42,74278.33
1789546455,2026-09-16T13:44:15,74279.24,74281.04,74274.6,74276.79
1789546470,2026-09-16T13:44:30,74275.33,74281.9,74260.28,74262.36
1789546485,2026-09-16T13:44:45,74260.48,74265.14,74260.41,74261.42
1789546500,2026-09-16T13:45:00,74261.07,74272.49,74261.07,74272.49
1789546515,2026-09-16T13:45:15,74271.31,74294.54,74271.31,74293.5
1789546530,2026-09-16T13:45:30,74293.68,74295.68,74290.43,74294.01
1789546545,2026-09-16T13:45:45,74293.79,74297.04,74292.14,74292.51
1789546560,2026-09-16T13:46:00,74292.71,74296.32,74282.99,74282.99
1789546575,2026-09-16T13:46:15,74282.8,74287.41,74278.23,74278.88
1789546590,2026-09-16T13:46:30,74277.66,74280.59,74268.68,74269.33
1789546605,2026-09-16T13:46:45,74271.31,74284.21,74271.31,74279.98
1789546620,2026-09-16T13:47:00,74280.16,74288.97,74274.26,74288.97
1789546635,2026-09-16T13:47:15,74288.97,74290.02,74281.65,74285.72
1789546650,2026-09-16T13:47:30,74283.07,74288.54,74280.86,74281.05
1789546665,2026-09-16T13:47:45,74281.05,74291.53,74281.05,74291.53
1789546680,2026-09-16T13:48:00,74296.02,74297.75,74288.22,74293.48
1789546695,2026-09-16T13:48:15,74297.11,74297.11,74292.58,74293.71
1789546710,2026-09-16T13:48:30,74293.71,74305.28,74293.71,74305.28
1789546725,2026-09-16T13:48:45,74305.81,74306.32,74296.38,74296.38
1789546740,2026-09-16T13:49:00,74297.73,74300,74294.27,74294.27
1789546755,2026-09-16T13:49:15,74293.86,74297.12,74287.29,74288.19
1789546770,2026-09-16T13:49:30,74289.93,74292.61,74286.43,74286.43
1789546785,2026-09-16T13:49:45,74285.98,74286.62,74277.11,74283.49
1789546800,2026-09-16T13:50:00,74281.53,74282.68,74276.89,74278.85
1789546815,2026-09-16T13:50:15,74279.6,74280.49,74275.29,74277.77
1789546830,2026-09-16T13:50:30,74277.77,74280.85,74277.3,74280.15
1789546845,2026-09-16T13:50:45,74280,74281.07,74273.78,74278.72
1789546860,2026-09-16T13:51:00,74278.72,74283.32,74276.34,74276.34
1789546875,2026-09-16T13:51:15,74281.64,74285.82,74270.56,74270.56
1789546890,2026-09-16T13:51:30,74270.83,74274.61,74266.93,74274.61
1789546905,2026-09-16T13:51:45,74273.9,74280.49,74273.9,74279.81
1789546920,2026-09-16T13:52:00,74280.1,74281.04,74271.35,74274.92
1789546935,2026-09-16T13:52:15,74274.72,74279.22,74270.35,74279.22
1789546950,2026-09-16T13:52:30,74278.24,74278.86,74270.65,74273.65
1789546965,2026-09-16T13:52:45,74273.05,74273.05,74269.27,74270.02
1789546980,2026-09-16T13:53:00,74270.02,74272.31,74260.14,74260.93
1789546995,2026-09-16T13:53:15,74263.24,74273.11,74263.24,74272.8
1789547010,2026-09-16T13:53:30,74275.81,74282.25,74274.19,74281.53
1789547025,2026-09-16T13:53:45,74282.93,74286.48,74278.68,74282.76
1789547040,2026-09-16T13:54:00,74282.76,74289.15,74281.26,74288.35
1789547055,2026-09-16T13:54:15,74285.56,74290.82,74284.21,74287.95
1789547070,2026-09-16T13:54:30,74290.63,74296.11,74289.72,74293.12
1789547085,2026-09-16T13:54:45,74293.98,74293.98,74284.99,74290.03
1789547100,2026-09-16T13:55:00,74290.03,74295.43,74290.03,74295.36
1789547115,2026-09-16T13:55:15,74293.72,74296.98,74279.21,74279.21
1789547130,2026-09-16T13:55:30,74280.83,74287.56,74278.74,74284.63
1789547145,2026-09-16T13:55:45,74286.2,74290.78,74285.8,74286.76
1789547160,2026-09-16T13:56:00,74282.92,74286.52,74282.51,74285.75
1789547175,2026-09-16T13:56:15,74284.7,74298.35,74282.49,74292.39
1789547190,2026-09-16T13:56:30,74293.27,74295.56,74291.8,74291.8
1789547205,2026-09-16T13:56:45,74291.8,74297.29,74291,74296.57
1789547220,2026-09-16T13:57:00,74296.08,74296.79,74290.33,74292.8
1789547235,2026-09-16T13:57:15,74293.57,74296.45,74287.17,74287.75
1789547250,2026-09-16T13:57:30,74291.72,74297.63,74286.38,74297.63
1789547265,2026-09-16T13:57:45,74296.48,74296.48,74293.9,74294.19
1789547280,2026-09-16T13:58:00,74293.59,74295.2,74288.14,74288.52
1789547295,2026-09-16T13:58:15,74287.92,74287.92,74281.99,74286.09
1789547310,2026-09-16T13:58:30,74286.45,74288.87,74285.29,74285.32
1789547325,2026-09-16T13:58:45,74285.32,74286.56,74277.29,74277.69
1789547340,2026-09-16T13:59:00,74276.37,74276.37,74265.42,74267.19
1789547355,2026-09-16T13:59:15,74264.4,74270.7,74263.18,74270.7
1789547370,2026-09-16T13:59:30,74270.7,74274.95,74268.8,74274.95
1789547385,2026-09-16T13:59:45,74274.95,74280.72,74274.89,74280.72
1789547400,2026-09-16T14:00:00,74279.16,74287.77,74279.16,74287.77
1789547415,2026-09-16T14:00:15,74287.06,74298.56,74287.06,74295.99
1789547430,2026-09-16T14:00:30,74295.77,74297.62,74292.25,74296.03
1789547445,2026-09-16T14:00:45,74295.38,74297.62,74295.38,74297.17
1789547460,2026-09-16T14:01:00,74296.29,74298.25,74294.73,74298.25
1789547475,2026-09-16T14:01:15,74298.83,74300.73,74296.57,74296.57
1789547490,2026-09-16T14:01:30,74295.44,74302.25,74295.44,74302.25
1789547505,2026-09-16T14:01:45,74302.25,74314.93,74302.25,74310.73
1789547520,2026-09-16T14:02:00,74310.57,74317.86,74310.57,74316.57
1789547535,2026-09-16T14:02:15,74316.54,74319.47,74311.9,74313.84
1789547550,2026-09-16T14:02:30,74312.62,74317.4,74310.06,74314.16
1789547565,2026-09-16T14:02:45,74314.16,74320.27,74313.82,74318.89
1789547580,2026-09-16T14:03:00,74319.2,74326,74317.1,74322.14
1789547595,2026-09-16T14:03:15,74325.39,74335.22,74323.82,74335.22
1789547610,2026-09-16T14:03:30,74335.49,74335.49,74324.03,74325.13
1789547625,2026-09-16T14:03:45,74325.13,74327.12,74320.3,74320.3
1789547640,2026-09-16T14:04:00,74320.56,74322.79,74318.71,74320.97
1789547655,2026-09-16T14:04:15,74322.61,74326.17,74322.26,74323.94
1789547670,2026-09-16T14:04:30,74325.63,74331.14,74324.56,74331.14
1789547685,2026-09-16T14:04:45,74330.55,74332.5,74327.77,74331.41
1789547700,2026-09-16T14:05:00,74330.92,74334.95,74329.74,74334.54
1789547715,2026-09-16T14:05:15,74334.54,74337.21,74334.08,74334.08
1789547730,2026-09-16T14:05:30,74332.15,74332.44,74325.81,74332.42
1789547745,2026-09-16T14:05:45,74332.42,74332.42,74326.8,74327.75
1789547760,2026-09-16T14:06:00,74328.38,74331.26,74326.52,74327.11
1789547775,2026-09-16T14:06:15,74325.84,74325.84,74319.08,74322.11
1789547790,2026-09-16T14:06:30,74321.02,74324.11,74318.69,74322.97
1789547805,2026-09-16T14:06:45,74322.97,74326.05,74321.39,74323.93
1789547820,2026-09-16T14:07:00,74323.93,74330.58,74322.41,74326.29
1789547835,2026-09-16T14:07:15,74327.36,74327.36,74321.72,74321.74
1789547850,2026-09-16T14:07:30,74321.7,74321.7,74312.05,74313.19
1789547865,2026-09-16T14:07:45,74311.17,74311.93,74307.69,74310.3
1789547880,2026-09-16T14:08:00,74310.16,74310.56,74305.37,74310.09
1789547895,2026-09-16T14:08:15,74310.09,74313.07,74307.11,74307.56
1789547910,2026-09-16T14:08:30,74308.38,74308.38,74292.99,74292.99
1789547925,2026-09-16T14:08:45,74291.59,74291.59,74287.23,74287.48
1789547940,2026-09-16T14:09:00,74282.49,74289.33,74282.49,74289.33
1789547955,2026-09-16T14:09:15,74287.03,74291.5,74283.43,74290.28
1789547970,2026-09-16T14:09:30,74285.52,74294.77,74284.07,74294.19
1789547985,2026-09-16T14:09:45,74293.67,74294.66,74286.33,74290
1789548000,2026-09-16T14:10:00,74290,74290.62,74287.83,74287.83
1789548015,2026-09-16T14:10:15,74286.11,74288.89,74284.59,74288.45
1789548030,2026-09-16T14:10:30,74288.45,74291.4,74284.78,74291.4
1789548045,2026-09-16T14:10:45,74289.82,74292.98,74283.79,74292.98
1789548060,2026-09-16T14:11:00,74292.08,74293.72,74285.11,74286.16
1789548075,2026-09-16T14:11:15,74285.91,74302.36,74285.91,74298.13
1789548090,2026-09-16T14:11:30,74299.95,74306.69,74299.95,74300.74
1789548105,2026-09-16T14:11:45,74301.93,74310.28,74301.93,74308.57
1789548120,2026-09-16T14:12:00,74309.86,74312.27,74304.56,74304.56
1789548135,2026-09-16T14:12:15,74301.7,74303.97,74298.88,74303.97
1789548150,2026-09-16T14:12:30,74303.76,74305.88,74301.63,74305.59
1789548165,2026-09-16T14:12:45,74308.61,74314.1,74307.65,74312.81
1789548180,2026-09-16T14:13:00,74314.1,74322.11,74313.54,74320.97
1789548195,2026-09-16T14:13:15,74323.48,74327.68,74323.48,74327.68
1789548210,2026-09-16T14:13:30,74328.64,74328.64,74322.13,74322.13
1789548225,2026-09-16T14:13:45,74323.33,74327.91,74322.69,74327.74
1789548240,2026-09-16T14:14:00,74328.96,74329.51,74323.26,74323.26
1789548255,2026-09-16T14:14:15,74326.91,74327.2,74324.69,74326.7
1789548270,2026-09-16T14:14:30,74327.44,74329.09,74326.51,74327.61
1789548285,2026-09-16T14:14:45,74329.01,74339.32,74328.72,74338.51
1789548300,2026-09-16T14:15:00,74339.76,74346.19,74338.66,74346.19
1789548315,2026-09-16T14:15:15,74345.66,74348.63,74343.6,74343.6
1789548330,2026-09-16T14:15:30,74344.94,74344.94,74339.84,74342.32
1789548345,2026-09-16T14:15:45,74342.32,74342.32,74336.67,74337.04
1789548360,2026-09-16T14:16:00,74337.01,74345.69,74335.23,74343.06
1789548375,2026-09-16T14:16:15,74344.29,74344.98,74340.96,74344.82
1789548390,2026-09-16T14:16:30,74339.45,74343.2,74337.14,74338.29
1789548405,2026-09-16T14:16:45,74341.72,74341.72,74332.27,74337
1789548420,2026-09-16T14:17:00,74336.55,74345.51,74334.29,74338.29
1789548435,2026-09-16T14:17:15,74338.43,74351.91,74338.43,74351.91
1789548450,2026-09-16T14:17:30,74351.14,74353.14,74348.42,74348.9
1789548465,2026-09-16T14:17:45,74351.41,74351.41,74348.57,74351.03
1789548480,2026-09-16T14:18:00,74351.31,74357.78,74350.39,74357.68
1789548495,2026-09-16T14:18:15,74358.48,74367.46,74358.48,74363.73
1789548510,2026-09-16T14:18:30,74363.73,74367.91,74362.89,74367.65
1789548525,2026-09-16T14:18:45,74367.88,74370.45,74367.27,74367.46
1789548540,2026-09-16T14:19:00,74366.6,74366.6,74359.35,74359.35
1789548555,2026-09-16T14:19:15,74359,74359,74343.6,74349.11
1789548570,2026-09-16T14:19:30,74349.11,74349.46,74334.46,74334.46
1789548585,2026-09-16T14:19:45,74337.85,74337.85,74322.22,74324.43
1789548600,2026-09-16T14:20:00,74321.66,74327.24,74315.17,74322.54
1789548615,2026-09-16T14:20:15,74325.53,74329.67,74323.31,74323.31
1789548630,2026-09-16T14:20:30,74322.25,74327.02,74322.25,74326.12
1789548645,2026-09-16T14:20:45,74322.79,74326.28,74321.47,74325.08
1789548660,2026-09-16T14:21:00,74323.98,74324.38,74315.54,74315.54
1789548675,2026-09-16T14:21:15,74317.43,74333.32,74314.8,74333.32
1789548690,2026-09-16T14:21:30,74336.38,74336.38,74327.87,74330.47
1789548705,2026-09-16T14:21:45,74328.75,74328.75,74321.85,74321.85
1789548720,2026-09-16T14:22:00,74323.56,74339.05,74323.53,74339.05
1789548735,2026-09-16T14:22:15,74341.17,74342.92,74336.7,74342.19
1789548750,2026-09-16T14:22:30,74342.19,74343.05,74336.37,74341.46
1789548765,2026-09-16T14:22:45,74342.78,74348.73,74342.78,74348.73
1789548780,2026-09-16T14:23:00,74346.2,74348.26,74334.68,74334.68
1789548795,2026-09-16T14:23:15,74332.99,74335.79,74327.4,74327.4
1789548810,2026-09-16T14:23:30,74328.35,74336.72,74328.35,74333.16
1789548825,2026-09-16T14:23:45,74333.16,74339.2,74329.73,74329.73
1789548840,2026-09-16T14:24:00,74329.51,74332.42,74321.99,74325.76
1789548855,2026-09-16T14:24:15,74326.64,74340.98,74323.45,74340.98
1789548870,2026-09-16T14:24:30,74340.76,74340.76,74327.45,74338.96
1789548885,2026-09-16T14:24:45,74337.66,74340.21,74332.49,74336.19
1789548900,2026-09-16T14:25:00,74335.01,74336.47,74329.66,74332.32
1789548915,2026-09-16T14:25:15,74329.35,74340.71,74329.35,74335.1
1789548930,2026-09-16T14:25:30,74332.9,74334.08,74324.13,74325.44
1789548945,2026-09-16T14:25:45,74325.44,74330.48,74324.26,74326.85
1789548960,2026-09-16T14:26:00,74327,74337.84,74327,74337.84
1789548975,2026-09-16T14:26:15,74335.68,74340.27,74334.61,74339.4
1789548990,2026-09-16T14:26:30,74339.4,74341.36,74332.51,74332.51
1789549005,2026-09-16T14:26:45,74333.16,74338.13,74332.19,74332.19
1789549020,2026-09-16T14:27:00,74327.65,74327.65,74315.07,74320.21
1789549035,2026-09-16T14:27:15,74320.21,74324.81,74320,74321.03
1789549050,2026-09-16T14:27:30,74324.2,74330.18,74316.86,74319
1789549065,2026-09-16T14:27:45,74320.89,74324.02,74316.61,74319.4
1789549080,2026-09-16T14:28:00,74320.35,74321.81,74314.64,74315.51
1789549095,2026-09-16T14:28:15,74317.44,74317.44,74302.87,74303.68
1789549110,2026-09-16T14:28:30,74301.52,74304.77,74299.06,74304.42
1789549125,2026-09-16T14:28:45,74304.42,74308.78,74304.42,74305.82
1789549140,2026-09-16T14:29:00,74304.27,74307.67,74301.92,74307.13
1789549155,2026-09-16T14:29:15,74308.3,74318.64,74308.3,74317.52
1789549170,2026-09-16T14:29:30,74323.51,74323.52,74319.2,74319.68
1789549185,2026-09-16T14:29:45,74323.31,74323.31,74320.54,74321
1789549200,2026-09-16T14:30:00,74316.41,74331.52,74316.41,74331.16
1789549215,2026-09-16T14:30:15,74329.74,74331.34,74315.64,74316.71
1789549230,2026-09-16T14:30:30,74316.69,74320.77,74309.15,74313.25
1789549245,2026-09-16T14:30:45,74315.67,74317.59,74312.94,74313.44
1789549260,2026-09-16T14:31:00,74313.31,74317.1,74312.21,74316.67
1789549275,2026-09-16T14:31:15,74315.19,74315.73,74309.95,74309.95
1789549290,2026-09-16T14:31:30,74308.83,74316.33,74308.83,74314.36
1789549305,2026-09-16T14:31:45,74312.67,74312.67,74307.73,74307.73
1789549320,2026-09-16T14:32:00,74308.95,74317.13,74308.15,74317.13
1789549335,2026-09-16T14:32:15,74315.31,74317.13,74312.15,74312.32
1789549350,2026-09-16T14:32:30,74312.02,74313.97,74304.94,74306.04
1789549365,2026-09-16T14:32:45,74306.04,74313.12,74305.28,74307.35
1789549380,2026-09-16T14:33:00,74309.52,74318.1,74307.06,74318.1
1789549395,2026-09-16T14:33:15,74318.1,74318.1,74310.24,74310.24
1789549410,2026-09-16T14:33:30,74311.52,74311.89,74305.2,74305.2
1789549425,2026-09-16T14:33:45,74305.2,74307.82,74298.61,74302.52
1789549440,2026-09-16T14:34:00,74301.27,74304.36,74297.23,74302.2
1789549455,2026-09-16T14:34:15,74304.34,74309.52,74297.82,74297.82
1789549470,2026-09-16T14:34:30,74299.8,74302.84,74297.09,74302.84
1789549485,2026-09-16T14:34:45,74299.7,74299.7,74291.89,74299.38
1789549500,2026-09-16T14:35:00,74299.62,74309.47,74299.62,74306.19
1789549515,2026-09-16T14:35:15,74310.29,74317.72,74310.29,74317.72
1789549530,2026-09-16T14:35:30,74317.66,74325.34,74317.66,74319.94
1789549545,2026-09-16T14:35:45,74319.94,74327.95,74319.93,74323.12
1789549560,2026-09-16T14:36:00,74323.08,74331.68,74323.08,74329.25
1789549575,2026-09-16T14:36:15,74329.25,74329.25,74324.49,74326.39
1789549590,2026-09-16T14:36:30,74325.66,74332.11,74323.86,74327.43
1789549605,2026-09-16T14:36:45,74326.27,74326.9,74321.2,74321.2
1789549620,2026-09-16T14:37:00,74314.97,74314.97,74300.24,74300.78
1789549635,2026-09-16T14:37:15,74300.78,74309.21,74299.32,74308.67
1789549650,2026-09-16T14:37:30,74308.15,74308.15,74303.13,74304.51
1789549665,2026-09-16T14:37:45,74304.51,74306.3,74301.89,74306.3
1789549680,2026-09-16T14:38:00,74304.33,74306.42,74302.4,74303.82
1789549695,2026-09-16T14:38:15,74303.64,74309.75,74300.58,74300.58
1789549710,2026-09-16T14:38:30,74302.82,74302.82,74290.84,74295.2
1789549725,2026-09-16T14:38:45,74298.81,74299.7,74282.28,74282.28
1789549740,2026-09-16T14:39:00,74284.28,74291.41,74284.28,74286.51
1789549755,2026-09-16T14:39:15,74285.42,74289.98,74281.89,74289.98
1789549770,2026-09-16T14:39:30,74290.18,74302.62,74290.18,74302.62
1789549785,2026-09-16T14:39:45,74302.62,74303.89,74296.17,74296.17
1789549800,2026-09-16T14:40:00,74301.18,74303.47,74299.53,74299.85
1789549815,2026-09-16T14:40:15,74301,74304.51,74301,74303.77
1789549830,2026-09-16T14:40:30,74303.06,74307.75,74301.64,74306.04
1789549845,2026-09-16T14:40:45,74313.76,74313.76,74306.15,74306.15
1789549860,2026-09-16T14:41:00,74306.45,74307.09,74302.87,74303.98
1789549875,2026-09-16T14:41:15,74303.64,74310.33,74302.87,74309.56
1789549890,2026-09-16T14:41:30,74312.51,74325.46,74312.14,74318.53
1789549905,2026-09-16T14:41:45,74320.47,74326.69,74319.58,74324.43
1789549920,2026-09-16T14:42:00,74322,74322,74312.7,74315.01
1789549935,2026-09-16T14:42:15,74313.47,74315.05,74304.06,74304.59
1789549950,2026-09-16T14:42:30,74304.32,74305.58,74294.35,74297.88
1789549965,2026-09-16T14:42:45,74297.65,74301.66,74291.92,74293.26
1789549980,2026-09-16T14:43:00,74293.53,74298.49,74293.53,74298.49
1789549995,2026-09-16T14:43:15,74298.49,74301.04,74295.13,74297.94
1789550010,2026-09-16T14:43:30,74297.94,74299.83,74295.54,74296.19
1789550025,2026-09-16T14:43:45,74296.93,74313.1,74296.6,74313.1
1789550040,2026-09-16T14:44:00,74316.89,74325.86,74315.38,74321.16
1789550055,2026-09-16T14:44:15,74317.49,74325.37,74317.49,74320.31
1789550070,2026-09-16T14:44:30,74321.92,74326.78,74320.92,74321.21
1789550085,2026-09-16T14:44:45,74317.85,74324.68,74316.14,74323.61
1789550100,2026-09-16T14:45:00,74320.53,74323.84,74317.89,74321.11
1789550115,2026-09-16T14:45:15,74318.04,74326.29,74318.04,74323.35
1789550130,2026-09-16T14:45:30,74324.62,74325.2,74321.7,74321.87
1789550145,2026-09-16T14:45:45,74321.87,74330.19,74318.06,74318.06
1789550160,2026-09-16T14:46:00,74313.38,74314.47,74307.66,74313.33
1789550175,2026-09-16T14:46:15,74317.7,74319.32,74311.34,74313.03
1789550190,2026-09-16T14:46:30,74313.92,74324.77,74313.92,74317.62
1789550205,2026-09-16T14:46:45,74316.53,74326.84,74316.53,74326.84
1789550220,2026-09-16T14:47:00,74326.73,74334.37,74326.7,74328.18
1789550235,2026-09-16T14:47:15,74330.27,74332.72,74330.14,74330.43
1789550250,2026-09-16T14:47:30,74328.85,74329.63,74328.13,74329.6
1789550265,2026-09-16T14:47:45,74329.6,74335.65,74325.48,74335.65
1789550280,2026-09-16T14:48:00,74335.39,74336.51,74332.12,74335.89
1789550295,2026-09-16T14:48:15,74336.59,74336.59,74329.53,74331.33
1789550310,2026-09-16T14:48:30,74333.24,74342,74327.1,74342
1789550325,2026-09-16T14:48:45,74335.43,74342.35,74328.16,74330.72
1789550340,2026-09-16T14:49:00,74321.22,74335.11,74321.22,74330.6
1789550355,2026-09-16T14:49:15,74330.49,74331.37,74324.81,74328.31
1789550370,2026-09-16T14:49:30,74331.31,74335.3,74328.9,74329.53
1789550385,2026-09-16T14:49:45,74328.83,74336.6,74328.83,74335.55
1789550400,2026-09-16T14:50:00,74334.72,74340.18,74320.41,74320.41
1789550415,2026-09-16T14:50:15,74318.64,74318.64,74311.04,74311.96
1789550430,2026-09-16T14:50:30,74312.9,74329.07,74312.9,74329.07
1789550445,2026-09-16T14:50:45,74325.81,74342.11,74325.81,74342.11
1789550460,2026-09-16T14:51:00,74342.08,74353.62,74341.32,74353.62
1789550475,2026-09-16T14:51:15,74352.4,74352.4,74346.35,74349.78
1789550490,2026-09-16T14:51:30,74347.77,74353.01,74339.69,74339.69
1789550505,2026-09-16T14:51:45,74339.98,74347.13,74339.98,74342.06
1789550520,2026-09-16T14:52:00,74342.93,74342.93,74332.9,74332.9
1789550535,2026-09-16T14:52:15,74334.3,74334.66,74328.4,74328.4
1789550550,2026-09-16T14:52:30,74326.29,74339.09,74326.29,74336.72
1789550565,2026-09-16T14:52:45,74337.19,74342.71,74336.15,74341.54
1789550580,2026-09-16T14:53:00,74340.06,74347.86,74340.06,74343.68
1789550595,2026-09-16T14:53:15,74343.07,74356.01,74343.07,74348.46
1789550610,2026-09-16T14:53:30,74355.4,74357.61,74352.64,74352.64
1789550625,2026-09-16T14:53:45,74348.84,74354.2,74348.84,74354.07
1789550640,2026-09-16T14:54:00,74356.46,74360.65,74350.31,74360.65
1789550655,2026-09-16T14:54:15,74360.65,74362.41,74351.24,74351.24
1789550670,2026-09-16T14:54:30,74352.07,74353.03,74335.41,74336.44
1789550685,2026-09-16T14:54:45,74336.77,74341.75,74334.9,74341.75
1789550700,2026-09-16T14:55:00,74341.5,74348.42,74341.5,74344.8
1789550715,2026-09-16T14:55:15,74346.92,74358.08,74343.72,74356.4
1789550730,2026-09-16T14:55:30,74355.92,74359.34,74350.32,74359.34
1789550745,2026-09-16T14:55:45,74359.8,74361.46,74353.65,74360.82
1789550760,2026-09-16T14:56:00,74360.83,74371.3,74359.74,74371.3
1789550775,2026-09-16T14:56:15,74370.79,74382.87,74370.79,74382.4
1789550790,2026-09-16T14:56:30,74383.73,74388.93,74382.74,74387.63
1789550805,2026-09-16T14:56:45,74385.49,74390.37,74379.74,74386.06
1789550820,2026-09-16T14:57:00,74385.4,74417.71,74382.21,74416.24
1789550835,2026-09-16T14:57:15,74415.66,74415.66,74405.93,74405.93
1789550850,2026-09-16T14:57:30,74403.95,74406.23,74400.46,74404.2
1789550865,2026-09-16T14:57:45,74402.46,74403.48,74398.8,74402.63
1789550880,2026-09-16T14:58:00,74398.26,74399.68,74385.42,74385.42
1789550895,2026-09-16T14:58:15,74391.62,74397.91,74387.37,74397.39
1789550910,2026-09-16T14:58:30,74398.84,74398.84,74380.7,74384.68
1789550925,2026-09-16T14:58:45,74383.96,74383.96,74364.03,74369.88
1789550940,2026-09-16T14:59:00,74371.4,74371.55,74361.5,74366.21
1789550955,2026-09-16T14:59:15,74370.12,74370.57,74349.15,74357.58
1789550970,2026-09-16T14:59:30,74356.33,74357.29,74338.76,74340.21
1789550985,2026-09-16T14:59:45,74339.31,74339.73,74331.85,74334.88
1789551000,2026-09-16T15:00:00,74339.2,74339.2,74312.98,74324.76
1789551015,2026-09-16T15:00:15,74326.37,74326.37,74304.39,74305.63
1789551030,2026-09-16T15:00:30,74298.66,74301.64,74291.94,74292
1789551045,2026-09-16T15:00:45,74290.08,74291.35,74285.23,74289.54
1789551060,2026-09-16T15:01:00,74290.06,74303.82,74284.96,74303.82
1789551075,2026-09-16T15:01:15,74297.49,74308.92,74297.49,74308.92
1789551090,2026-09-16T15:01:30,74309.86,74312.98,74302.9,74302.9
1789551105,2026-09-16T15:01:45,74302.34,74311.58,74300.42,74308.58
1789551120,2026-09-16T15:02:00,74303.04,74314.23,74303.04,74311.65
1789551135,2026-09-16T15:02:15,74311.65,74320.17,74311.06,74311.06
1789551150,2026-09-16T15:02:30,74313.34,74323.44,74313.28,74314.68
1789551165,2026-09-16T15:02:45,74316.38,74318.85,74311.19,74311.19
1789551180,2026-09-16T15:03:00,74311.62,74312.41,74305.94,74308.78
1789551195,2026-09-16T15:03:15,74309.08,74322.07,74308.78,74322.07
1789551210,2026-09-16T15:03:30,74315.53,74323.41,74314.44,74319.08
1789551225,2026-09-16T15:03:45,74320.5,74322.13,74314.12,74314.12
1789551240,2026-09-16T15:04:00,74314.06,74328.4,74312.34,74327.18
1789551255,2026-09-16T15:04:15,74324.78,74325.45,74318.57,74320.84
1789551270,2026-09-16T15:04:30,74321.76,74323.34,74317.69,74318.78
1789551285,2026-09-16T15:04:45,74320.39,74321.66,74314.88,74315.9
1789551300,2026-09-16T15:05:00,74315.65,74324.7,74315.65,74318.72
1789551315,2026-09-16T15:05:15,74313.7,74329.77,74313.7,74329.77
1789551330,2026-09-16T15:05:30,74327.03,74336.39,74326.99,74334.03
1789551345,2026-09-16T15:05:45,74329.97,74331.31,74323.71,74323.89
1789551360,2026-09-16T15:06:00,74321.1,74326.15,74310.92,74316.63
1789551375,2026-09-16T15:06:15,74299.9,74309.33,74294.57,74300.82
1789551390,2026-09-16T15:06:30,74299.48,74304.76,74290.45,74290.45
1789551405,2026-09-16T15:06:45,74291.33,74291.69,74287.04,74291.69
1789551420,2026-09-16T15:07:00,74291.29,74303.28,74288.49,74298.63
1789551435,2026-09-16T15:07:15,74297.98,74308.79,74295.51,74308.79
1789551450,2026-09-16T15:07:30,74299.27,74311.86,74299.27,74307.93
1789551465,2026-09-16T15:07:45,74303.78,74311.96,74303.78,74310.85
1789551480,2026-09-16T15:08:00,74311.57,74312.76,74304.89,74311.2
1789551495,2026-09-16T15:08:15,74313.02,74317.81,74309.56,74309.56
1789551510,2026-09-16T15:08:30,74313.38,74314.34,74299.56,74307.67
1789551525,2026-09-16T15:08:45,74307.79,74313.82,74307.03,74313.17
1789551540,2026-09-16T15:09:00,74312.49,74314.2,74296.18,74296.18
1789551555,2026-09-16T15:09:15,74298.98,74308.61,74294.33,74299.84
1789551570,2026-09-16T15:09:30,74300.66,74304.52,74290.15,74292.68
1789551585,2026-09-16T15:09:45,74297.8,74301.35,74296.96,74300.61
1789551600,2026-09-16T15:10:00,74298.64,74309.27,74298.64,74309.27
1789551615,2026-09-16T15:10:15,74311.02,74320.48,74308.92,74317.99
1789551630,2026-09-16T15:10:30,74321.21,74324.44,74314.21,74320.06
1789551645,2026-09-16T15:10:45,74323.62,74323.62,74302.04,74310.96
1789551660,2026-09-16T15:11:00,74309.75,74313.46,74309.75,74309.81
1789551675,2026-09-16T15:11:15,74304.06,74321.62,74304.06,74316.3
1789551690,2026-09-16T15:11:30,74313.72,74319.55,74313.72,74315.77
1789551705,2026-09-16T15:11:45,74315.61,74319.16,74306.65,74315.34
1789551720,2026-09-16T15:12:00,74319.57,74319.57,74291.56,74292.14
1789551735,2026-09-16T15:12:15,74291.57,74301.81,74287.88,74291.09
1789551750,2026-09-16T15:12:30,74290.18,74298.47,74270.14,74287.84
1789551765,2026-09-16T15:12:45,74287.84,74287.84,74278.8,74282.15
1789551780,2026-09-16T15:13:00,74286.07,74294.64,74276.35,74289.61
1789551795,2026-09-16T15:13:15,74284.46,74294.69,74282.08,74294.33
1789551810,2026-09-16T15:13:30,74292.4,74302.95,74290.31,74292.92
1789551825,2026-09-16T15:13:45,74296.16,74300.16,74271.74,74280.3
1789551840,2026-09-16T15:14:00,74285.26,74294.27,74285.26,74287.59
1789551855,2026-09-16T15:14:15,74286.52,74304.48,74282.55,74304.48
1789551870,2026-09-16T15:14:30,74302.43,74302.62,74283.63,74284
1789551885,2026-09-16T15:14:45,74294.39,74303.16,74287.23,74303.16
1789551900,2026-09-16T15:15:00,74303.16,74303.16,74303.16,74303.16
1789551915,2026-09-16T15:15:15,74303.16,74303.16,74303.16,74303.16
1789551930,2026-09-16T15:15:30,74303.16,74303.16,74303.16,74303.16
1789551945,2026-09-16T15:15:45,74303.16,74303.16,74303.16,74303.16
1789551960,2026-09-16T15:16:00,74303.16,74303.16,74303.16,74303.16
1789551975,2026-09-16T15:16:15,74303.16,74303.16,74303.16,74303.16
1789551990,2026-09-16T15:16:30,74303.16,74303.16,74303.16,74303.16
1789552005,2026-09-16T15:16:45,74303.16,74303.16,74303.16,74303.16
1789552020,2026-09-16T15:17:00,74303.16,74303.16,74303.16,74303.16
1789552035,2026-09-16T15:17:15,74303.16,74303.16,74303.16,74303.16
1789552050,2026-09-16T15:17:30,74303.16,74303.16,74303.16,74303.16
1789552065,2026-09-16T15:17:45,74303.16,74303.16,74303.16,74303.16
1789552080,2026-09-16T15:18:00,74303.16,74303.16,74303.16,74303.16
1789552095,2026-09-16T15:18:15,74303.16,74303.16,74303.16,74303.16
1789552110,2026-09-16T15:18:30,74303.16,74303.16,74303.16,74303.16
1789552125,2026-09-16T15:18:45,74303.16,74303.16,74303.16,74303.16
1789552140,2026-09-16T15:19:00,74303.16,74303.16,74303.16,74303.16
1789552155,2026-09-16T15:19:15,74303.16,74303.16,74303.16,74303.16
1789552170,2026-09-16T15:19:30,74303.16,74303.16,74303.16,74303.16
1789552185,2026-09-16T15:19:45,74303.16,74303.16,74303.16,74303.16
1789552200,2026-09-16T15:20:00,74303.16,74303.16,74303.16,74303.16
1789552215,2026-09-16T15:20:15,74303.16,74303.16,74303.16,74303.16
1789552230,2026-09-16T15:20:30,74303.16,74303.16,74303.16,74303.16
1789552245,2026-09-16T15:20:45,74303.16,74303.16,74303.16,74303.16
1789552260,2026-09-16T15:21:00,74303.16,74303.16,74303.16,74303.16
1789552275,2026-09-16T15:21:15,74303.16,74303.16,74303.16,74303.16
1789552290,2026-09-16T15:21:30,74303.16,74303.16,74303.16,74303.16
1789552305,2026-09-16T15:21:45,74303.16,74303.16,74303.16,74303.16
1789552320,2026-09-16T15:22:00,74303.16,74303.16,74303.16,74303.16
1789552335,2026-09-16T15:22:15,74303.16,74303.16,74303.16,74303.16
1789552350,2026-09-16T15:22:30,74303.16,74303.16,74303.16,74303.16
1789552365,2026-09-16T15:22:45,74303.16,74303.16,74303.16,74303.16
1789552380,2026-09-16T15:23:00,74303.16,74303.16,74303.16,74303.16
1789552395,2026-09-16T15:23:15,74303.16,74303.16,74303.16,74303.16
1789552410,2026-09-16T15:23:30,74303.16,74303.16,74303.16,74303.16
1789552425,2026-09-16T15:23:45,74303.16,74303.16,74303.16,74303.16
1789552440,2026-09-16T15:24:00,74303.16,74303.16,74303.16,74303.16
1789552455,2026-09-16T15:24:15,74303.16,74303.16,74303.16,74303.16
1789552470,2026-09-16T15:24:30,74303.16,74303.16,74303.16,74303.16
1789552485,2026-09-16T15:24:45,74303.16,74303.16,74303.16,74303.16
1789552500,2026-09-16T15:25:00,74303.16,74303.16,74303.16,74303.16
1789552515,2026-09-16T15:25:15,74303.16,74303.16,74303.16,74303.16
1789552530,2026-09-16T15:25:30,74303.16,74303.16,74303.16,74303.16
1789552545,2026-09-16T15:25:45,74303.16,74303.16,74303.16,74303.16
1789552560,2026-09-16T15:26:00,74303.16,74303.16,74303.16,74303.16
1789552575,2026-09-16T15:26:15,74303.16,74303.16,74303.16,74303.16
1789552590,2026-09-16T15:26:30,74303.16,74303.16,74303.16,74303.16
1789552605,2026-09-16T15:26:45,74303.16,74303.16,74303.16,74303.16
1789552620,2026-09-16T15:27:00,74303.16,74303.16,74303.16,74303.16
1789552635,2026-09-16T15:27:15,74303.16,74303.16,74303.16,74303.16
1789552650,2026-09-16T15:27:30,74303.16,74303.16,74303.16,74303.16
1789552665,2026-09-16T15:27:45,74303.16,74303.16,74303.16,74303.16
1789552680,2026-09-16T15:28:00,74303.16,74303.16,74303.16,74303.16
1789552695,2026-09-16T15:28:15,74303.16,74303.16,74303.16,74303.16
1789552710,2026-09-16T15:28:30,74303.16,74303.16,74303.16,74303.16
1789552725,2026-09-16T15:28:45,74303.16,74303.16,74303.16,74303.16
1789552740,2026-09-16T15:29:00,74336.45,74336.45,74336.45,74336.45
1789552755,2026-09-16T15:29:15,74336.45,74336.45,74336.45,74336.45
1789552770,2026-09-16T15:29:30,74336.45,74336.45,74336.45,74336.45
1789552785,2026-09-16T15:29:45,74336.45,74336.45,74336.45,74336.45
