Epoch,Timestamp,Open,High,Low,Close
1790653500,2026-09-29T09:15:00,72625.86,72625.86,72575.83,72592.02
1790653515,2026-09-29T09:15:15,72577.29,72585.68,72522.78,72549.26
1790653530,2026-09-29T09:15:30,72546.81,72570.41,72543.82,72567.63
1790653545,2026-09-29T09:15:45,72565.3,72582.86,72548.89,72579.08
1790653560,2026-09-29T09:16:00,72569.75,72570.35,72526.6,72547.14
1790653575,2026-09-29T09:16:15,72548.45,72551.67,72535.58,72541.58
1790653590,2026-09-29T09:16:30,72540.87,72555.78,72535.82,72555.78
1790653605,2026-09-29T09:16:45,72552.77,72558.8,72536.65,72539
1790653620,2026-09-29T09:17:00,72542.65,72556.74,72527.3,72545.37
1790653635,2026-09-29T09:17:15,72550.88,72561.75,72541.62,72547.72
1790653650,2026-09-29T09:17:30,72552.07,72564.51,72544.92,72549.78
1790653665,2026-09-29T09:17:45,72549.71,72549.71,72531.56,72536.74
1790653680,2026-09-29T09:18:00,72537.62,72537.62,72527.91,72530.73
1790653695,2026-09-29T09:18:15,72524.5,72528.29,72516.79,72528.29
1790653710,2026-09-29T09:18:30,72525.56,72525.56,72485.71,72490.61
1790653725,2026-09-29T09:18:45,72488.11,72490.47,72434.02,72434.02
1790653740,2026-09-29T09:19:00,72432.49,72437.24,72427.84,72427.94
1790653755,2026-09-29T09:19:15,72424.64,72443.02,72424.64,72433.6
1790653770,2026-09-29T09:19:30,72435.98,72438.77,72428.69,72432.83
1790653785,2026-09-29T09:19:45,72428.76,72432.04,72419.65,72431.81
1790653800,2026-09-29T09:20:00,72428.74,72430.62,72419.96,72424.85
1790653815,2026-09-29T09:20:15,72422.05,72425.2,72416.59,72418.63
1790653830,2026-09-29T09:20:30,72420.41,72422.25,72398.87,72398.87
1790653845,2026-09-29T09:20:45,72402.44,72404.28,72383.35,72392.47
1790653860,2026-09-29T09:21:00,72393.97,72399.64,72386.78,72394.83
1790653875,2026-09-29T09:21:15,72393.8,72393.8,72377.53,72378.18
1790653890,2026-09-29T09:21:30,72382.72,72385.9,72364.77,72364.77
1790653905,2026-09-29T09:21:45,72364.3,72374.31,72364.3,72370.64
1790653920,2026-09-29T09:22:00,72370.08,72374.82,72365.42,72369.88
1790653935,2026-09-29T09:22:15,72369.36,72374.67,72362.27,72366.92
1790653950,2026-09-29T09:22:30,72366.25,72368.45,72355.37,72356.52
1790653965,2026-09-29T09:22:45,72355.99,72378.43,72347.21,72378.43
1790653980,2026-09-29T09:23:00,72384.31,72397.56,72382.21,72395.32
1790653995,2026-09-29T09:23:15,72390.99,72395.33,72382.7,72387.48
1790654010,2026-09-29T09:23:30,72389.98,72393.2,72382.89,72385.37
1790654025,2026-09-29T09:23:45,72388.81,72399.11,72387.64,72391.78
1790654040,2026-09-29T09:24:00,72389.57,72399.25,72386.55,72397.1
1790654055,2026-09-29T09:24:15,72394.67,72395.16,72376.12,72376.48
1790654070,2026-09-29T09:24:30,72378.15,72382.35,72372.02,72373.6
1790654085,2026-09-29T09:24:45,72377.82,72380.21,72373.48,72380.21
1790654100,2026-09-29T09:25:00,72379.84,72385.92,72364.45,72366.04
1790654115,2026-09-29T09:25:15,72367.03,72372.95,72358.38,72358.38
1790654130,2026-09-29T09:25:30,72361.06,72361.06,72348.81,72348.81
1790654145,2026-09-29T09:25:45,72348.01,72355.52,72343.52,72348.28
1790654160,2026-09-29T09:26:00,72346.93,72356.33,72341.05,72353.79
1790654175,2026-09-29T09:26:15,72345.43,72352.02,72342.6,72351.54
1790654190,2026-09-29T09:26:30,72355.65,72356.56,72340.54,72341.52
1790654205,2026-09-29T09:26:45,72337.16,72338.58,72330.19,72335.7
1790654220,2026-09-29T09:27:00,72335.74,72336.56,72319.63,72327.6
1790654235,2026-09-29T09:27:15,72327.2,72327.2,72302.29,72304.12
1790654250,2026-09-29T09:27:30,72304.57,72304.99,72292.51,72295.91
1790654265,2026-09-29T09:27:45,72295.85,72301.25,72292.45,72300.15
1790654280,2026-09-29T09:28:00,72300.43,72304.82,72294.69,72297.7
1790654295,2026-09-29T09:28:15,72295.15,72295.19,72269.93,72277.66
1790654310,2026-09-29T09:28:30,72282.1,72287.44,72275.79,72282.99
1790654325,2026-09-29T09:28:45,72281.91,72283.36,72269.47,72270.1
1790654340,2026-09-29T09:29:00,72267.29,72273.16,72262.61,72266.06
1790654355,2026-09-29T09:29:15,72267.07,72272.56,72260.01,72260.01
1790654370,2026-09-29T09:29:30,72257.26,72261.54,72252.02,72252.02
1790654385,2026-09-29T09:29:45,72251.81,72256.12,72245.41,72253.76
1790654400,2026-09-29T09:30:00,72248.07,72283.56,72248.07,72282.06
1790654415,2026-09-29T09:30:15,72281.54,72286.95,72264.1,72264.1
1790654430,2026-09-29T09:30:30,72266.25,72274.99,72255.54,72274.99
1790654445,2026-09-29T09:30:45,72275.42,72278.01,72266.02,72268.5
1790654460,2026-09-29T09:31:00,72266.01,72266.01,72250.58,72250.58
1790654475,2026-09-29T09:31:15,72253.18,72257.14,72239.08,72242.8
1790654490,2026-09-29T09:31:30,72244.61,72248.08,72240.63,72245.23
1790654505,2026-09-29T09:31:45,72248.62,72250.17,72233.07,72236
1790654520,2026-09-29T09:32:00,72239.26,72251.19,72233.65,72251.19
1790654535,2026-09-29T09:32:15,72246.84,72250.93,72224.44,72224.44
1790654550,2026-09-29T09:32:30,72221.74,72221.74,72208.14,72214.35
1790654565,2026-09-29T09:32:45,72212.19,72214.75,72201.22,72202.1
1790654580,2026-09-29T09:33:00,72210.81,72211.59,72201.36,72204.03
1790654595,2026-09-29T09:33:15,72208.35,72221.59,72204.08,72218.5
1790654610,2026-09-29T09:33:30,72217.52,72225.3,72217.36,72217.37
1790654625,2026-09-29T09:33:45,72217.55,72221.01,72208.59,72220.22
1790654640,2026-09-29T09:34:00,72214.79,72222.72,72211.97,72222.72
1790654655,2026-09-29T09:34:15,72223.54,72227.98,72222.3,72222.3
1790654670,2026-09-29T09:34:30,72222.24,72225.5,72218.99,72223.98
1790654685,2026-09-29T09:34:45,72225.34,72233.17,72224.61,72228.85
1790654700,2026-09-29T09:35:00,72228.52,72230.75,72217.47,72217.75
1790654715,2026-09-29T09:35:15,72217.13,72220.84,72213.19,72217.48
1790654730,2026-09-29T09:35:30,72214.71,72214.71,72198.19,72200.28
1790654745,2026-09-29T09:35:45,72198.28,72198.28,72173.73,72178.14
1790654760,2026-09-29T09:36:00,72177.18,72178.45,72164.03,72166.35
1790654775,2026-09-29T09:36:15,72166.56,72171.46,72136.86,72136.86
1790654790,2026-09-29T09:36:30,72141.15,72142.97,72109.68,72109.68
1790654805,2026-09-29T09:36:45,72111.53,72117.75,72101.31,72115.78
1790654820,2026-09-29T09:37:00,72108.67,72113.78,72103.41,72103.41
1790654835,2026-09-29T09:37:15,72102.31,72103.38,72089.76,72091.75
1790654850,2026-09-29T09:37:30,72095.54,72101.38,72088.11,72089.62
1790654865,2026-09-29T09:37:45,72092.24,72094.1,72073.9,72073.9
1790654880,2026-09-29T09:38:00,72076.67,72084.01,72066.84,72081.48
1790654895,2026-09-29T09:38:15,72078.39,72088.81,72078.39,72085.76
1790654910,2026-09-29T09:38:30,72087.67,72094.72,72081.7,72090.04
1790654925,2026-09-29T09:38:45,72094,72100.53,72091.81,72098.67
1790654940,2026-09-29T09:39:00,72097.32,72097.32,72084.06,72088.57
1790654955,2026-09-29T09:39:15,72086.31,72093.76,72083.02,72083.02
1790654970,2026-09-29T09:39:30,72084.11,72084.11,72068.06,72077.1
1790654985,2026-09-29T09:39:45,72073.82,72084.1,72068.31,72073.19
1790655000,2026-09-29T09:40:00,72070.34,72079.77,72070.34,72078.93
1790655015,2026-09-29T09:40:15,72081.65,72090.97,72081.16,72090.97
1790655030,2026-09-29T09:40:30,72108.56,72138.34,72108.56,72137.66
1790655045,2026-09-29T09:40:45,72137.28,72139.77,72129.54,72133.79
1790655060,2026-09-29T09:41:00,72134.77,72152.5,72129.53,72152.5
1790655075,2026-09-29T09:41:15,72156.1,72174.23,72156.1,72171.34
1790655090,2026-09-29T09:41:30,72176.68,72189.38,72176.68,72183.5
1790655105,2026-09-29T09:41:45,72188.65,72209.69,72187.56,72204.88
1790655120,2026-09-29T09:42:00,72204.22,72216.04,72204.22,72216.04
1790655135,2026-09-29T09:42:15,72214.95,72220.14,72213.12,72213.12
1790655150,2026-09-29T09:42:30,72216.28,72221.91,72214.57,72220.16
1790655165,2026-09-29T09:42:45,72218.63,72230.71,72216.53,72229.38
1790655180,2026-09-29T09:43:00,72229.6,72229.67,72216.51,72218.77
1790655195,2026-09-29T09:43:15,72217.02,72217.57,72200.72,72204.59
1790655210,2026-09-29T09:43:30,72202.62,72214.13,72197.63,72200.32
1790655225,2026-09-29T09:43:45,72199.92,72202.89,72180.41,72191.25
1790655240,2026-09-29T09:44:00,72197.4,72203.87,72190.33,72196.79
1790655255,2026-09-29T09:44:15,72196.77,72200.81,72191.31,72191.31
1790655270,2026-09-29T09:44:30,72192.57,72194.47,72183.88,72189.38
1790655285,2026-09-29T09:44:45,72184.18,72188.92,72179.01,72181.24
1790655300,2026-09-29T09:45:00,72184.01,72200.23,72184.01,72199.57
1790655315,2026-09-29T09:45:15,72201.99,72207.82,72200.33,72203.16
1790655330,2026-09-29T09:45:30,72195.95,72198.09,72181.64,72181.64
1790655345,2026-09-29T09:45:45,72182.54,72187.3,72177.71,72185.76
1790655360,2026-09-29T09:46:00,72173.49,72182.05,72172.36,72174.31
1790655375,2026-09-29T09:46:15,72169.61,72181.3,72169.61,72174.69
1790655390,2026-09-29T09:46:30,72177.86,72177.86,72163.15,72164.48
1790655405,2026-09-29T09:46:45,72164.83,72182.66,72161.51,72181.43
1790655420,2026-09-29T09:47:00,72181.07,72185.13,72178.15,72181.5
1790655435,2026-09-29T09:47:15,72179.04,72180.94,72171.53,72180.42
1790655450,2026-09-29T09:47:30,72179.89,72186.53,72175.38,72181.83
1790655465,2026-09-29T09:47:45,72180.07,72181.24,72174.31,72177.64
1790655480,2026-09-29T09:48:00,72178.02,72178.74,72165.51,72168.53
1790655495,2026-09-29T09:48:15,72166.6,72167.98,72151.58,72152.01
1790655510,2026-09-29T09:48:30,72154.64,72158.15,72151.75,72158.15
1790655525,2026-09-29T09:48:45,72156.3,72159.98,72151.42,72154.26
1790655540,2026-09-29T09:49:00,72153.88,72153.88,72147.05,72147.05
1790655555,2026-09-29T09:49:15,72152.78,72159.58,72145.15,72159.58
1790655570,2026-09-29T09:49:30,72159.34,72159.34,72152.42,72152.42
1790655585,2026-09-29T09:49:45,72152.41,72159.84,72147.64,72147.64
1790655600,2026-09-29T09:50:00,72147.33,72155.22,72144.56,72154.45
1790655615,2026-09-29T09:50:15,72148.93,72151.34,72143.03,72143.03
1790655630,2026-09-29T09:50:30,72143.39,72145.34,72135.43,72145.34
1790655645,2026-09-29T09:50:45,72144.83,72144.83,72124.36,72137.91
1790655660,2026-09-29T09:51:00,72135.91,72140.35,72125.92,72134.18
1790655675,2026-09-29T09:51:15,72130.67,72138.86,72129.1,72137.79
1790655690,2026-09-29T09:51:30,72134.66,72152.2,72132.91,72152.2
1790655705,2026-09-29T09:51:45,72156.47,72166.74,72153.62,72166.52
1790655720,2026-09-29T09:52:00,72164.46,72167.85,72153.01,72153.01
1790655735,2026-09-29T09:52:15,72155.93,72155.93,72145.16,72148.85
1790655750,2026-09-29T09:52:30,72152.63,72160.29,72151.61,72152.06
1790655765,2026-09-29T09:52:45,72156.67,72160.25,72154.59,72157.52
1790655780,2026-09-29T09:53:00,72158.92,72164.34,72152.43,72159.61
1790655795,2026-09-29T09:53:15,72156.48,72156.48,72147.03,72148.97
1790655810,2026-09-29T09:53:30,72149.06,72150.2,72140.27,72140.27
1790655825,2026-09-29T09:53:45,72139.67,72143.25,72133.16,72135.1
1790655840,2026-09-29T09:54:00,72135.68,72144.57,72135.68,72142.87
1790655855,2026-09-29T09:54:15,72144.16,72151.1,72141.38,72150.2
1790655870,2026-09-29T09:54:30,72150.26,72167.51,72148.72,72167.51
1790655885,2026-09-29T09:54:45,72164.48,72181.47,72163.77,72181.47
1790655900,2026-09-29T09:55:00,72183.06,72189.27,72181.61,72185.95
1790655915,2026-09-29T09:55:15,72179.44,72194.23,72179.44,72189.01
1790655930,2026-09-29T09:55:30,72193.1,72206.74,72193.1,72205.5
1790655945,2026-09-29T09:55:45,72201.47,72219.11,72201.18,72217.99
1790655960,2026-09-29T09:56:00,72216.4,72216.4,72203.89,72208.29
1790655975,2026-09-29T09:56:15,72201.03,72211.32,72201.03,72201.7
1790655990,2026-09-29T09:56:30,72202.36,72207.7,72197.53,72207.7
1790656005,2026-09-29T09:56:45,72206.64,72212.75,72200.52,72200.52
1790656020,2026-09-29T09:57:00,72201.23,72201.23,72183.8,72183.8
1790656035,2026-09-29T09:57:15,72181.92,72182.03,72171.94,72180.81
1790656050,2026-09-29T09:57:30,72181.81,72186.9,72178.39,72181.95
1790656065,2026-09-29T09:57:45,72183.98,72199.37,72183.55,72198.85
1790656080,2026-09-29T09:58:00,72195.98,72197.82,72190.78,72195.98
1790656095,2026-09-29T09:58:15,72198,72208.5,72196.74,72206.88
1790656110,2026-09-29T09:58:30,72211.38,72211.38,72193.3,72197.24
1790656125,2026-09-29T09:58:45,72197.84,72197.84,72178.68,72182.33
1790656140,2026-09-29T09:59:00,72183.04,72186.95,72181.18,72185.69
1790656155,2026-09-29T09:59:15,72189.01,72192.61,72177.76,72177.76
1790656170,2026-09-29T09:59:30,72176.8,72191.4,72176.8,72186.58
1790656185,2026-09-29T09:59:45,72185.26,72189.37,72179.48,72181.18
1790656200,2026-09-29T10:00:00,72180.27,72186.76,72177.7,72179.3
1790656215,2026-09-29T10:00:15,72178.72,72179.3,72168.32,72168.32
1790656230,2026-09-29T10:00:30,72168.97,72182.76,72168.35,72182.01
1790656245,2026-09-29T10:00:45,72179.22,72187.22,72179.22,72187.22
1790656260,2026-09-29T10:01:00,72188,72192.19,72186.39,72191.89
1790656275,2026-09-29T10:01:15,72191.41,72191.41,72164.16,72166.05
1790656290,2026-09-29T10:01:30,72165.45,72168.53,72155.49,72168.11
1790656305,2026-09-29T10:01:45,72168.56,72170.18,72157.74,72157.74
1790656320,2026-09-29T10:02:00,72161.41,72161.41,72139.71,72139.71
1790656335,2026-09-29T10:02:15,72138.57,72144.88,72138.57,72141.32
1790656350,2026-09-29T10:02:30,72138.92,72149.26,72137.02,72148.17
1790656365,2026-09-29T10:02:45,72144.62,72153.36,72144.08,72153.36
1790656380,2026-09-29T10:03:00,72150.45,72163.16,72148.33,72162.7
1790656395,2026-09-29T10:03:15,72161.76,72170.74,72161.76,72168.11
1790656410,2026-09-29T10:03:30,72165.91,72177.11,72164.54,72177.11
1790656425,2026-09-29T10:03:45,72178.49,72186.79,72162.65,72162.65
1790656440,2026-09-29T10:04:00,72159.46,72162.03,72155.98,72158.74
1790656455,2026-09-29T10:04:15,72156.59,72159.47,72146.93,72148.05
1790656470,2026-09-29T10:04:30,72147.06,72159.39,72146.24,72157.08
1790656485,2026-09-29T10:04:45,72152.79,72157.82,72142.22,72143.76
1790656500,2026-09-29T10:05:00,72143.06,72146.96,72140.99,72144.73
1790656515,2026-09-29T10:05:15,72141.64,72144.62,72133.46,72137.44
1790656530,2026-09-29T10:05:30,72136.25,72156.17,72132.67,72154.56
1790656545,2026-09-29T10:05:45,72154.86,72154.86,72136.46,72136.46
1790656560,2026-09-29T10:06:00,72137.39,72147.01,72137.39,72146.07
1790656575,2026-09-29T10:06:15,72147.64,72148.09,72135.99,72135.99
1790656590,2026-09-29T10:06:30,72132.21,72134.49,72129.16,72129.17
1790656605,2026-09-29T10:06:45,72129.78,72132.84,72124.15,72128.13
1790656620,2026-09-29T10:07:00,72127.24,72137,72127.24,72135.08
1790656635,2026-09-29T10:07:15,72137.68,72139.74,72131.93,72131.93
1790656650,2026-09-29T10:07:30,72132.35,72137.71,72129.52,72131.04
1790656665,2026-09-29T10:07:45,72128.59,72154.78,72127.69,72154.78
1790656680,2026-09-29T10:08:00,72154.32,72158.7,72148.22,72148.22
1790656695,2026-09-29T10:08:15,72158.13,72158.13,72139.81,72149.43
1790656710,2026-09-29T10:08:30,72148.55,72170.87,72148.55,72169.12
1790656725,2026-09-29T10:08:45,72169.12,72174.83,72169.12,72174.83
1790656740,2026-09-29T10:09:00,72170.01,72175.11,72164.01,72164.11
1790656755,2026-09-29T10:09:15,72163.06,72163.88,72154.21,72155.87
1790656770,2026-09-29T10:09:30,72155.66,72158.54,72144.72,72144.72
1790656785,2026-09-29T10:09:45,72148.87,72152.87,72143.07,72144.4
1790656800,2026-09-29T10:10:00,72143.63,72146.33,72130.73,72134.02
1790656815,2026-09-29T10:10:15,72135.08,72137.23,72132.86,72135.41
1790656830,2026-09-29T10:10:30,72135.24,72135.24,72126.3,72128.81
1790656845,2026-09-29T10:10:45,72130.78,72130.78,72122.34,72125.34
1790656860,2026-09-29T10:11:00,72124.6,72126.85,72121.1,72122.31
1790656875,2026-09-29T10:11:15,72121.56,72121.75,72110.1,72110.1
1790656890,2026-09-29T10:11:30,72109.33,72112.11,72095.76,72099.74
1790656905,2026-09-29T10:11:45,72100.12,72103.11,72093.86,72103.11
1790656920,2026-09-29T10:12:00,72102.14,72103.1,72096.73,72101.47
1790656935,2026-09-29T10:12:15,72107.97,72117.64,72107.97,72117.64
1790656950,2026-09-29T10:12:30,72118.15,72119.16,72113.08,72115.35
1790656965,2026-09-29T10:12:45,72114.1,72125.08,72114.1,72120.31
1790656980,2026-09-29T10:13:00,72119.81,72120.73,72112.35,72117.31
1790656995,2026-09-29T10:13:15,72115.71,72117.22,72106.96,72112.22
1790657010,2026-09-29T10:13:30,72109.66,72111.48,72102.09,72102.09
1790657025,2026-09-29T10:13:45,72105.08,72113.7,72101,72113.65
1790657040,2026-09-29T10:14:00,72115.47,72115.47,72110.01,72111.52
1790657055,2026-09-29T10:14:15,72109.8,72112.02,72104.19,72106.01
1790657070,2026-09-29T10:14:30,72109.13,72113.71,72107.53,72109.06
1790657085,2026-09-29T10:14:45,72111.97,72118.93,72102.88,72118.93
1790657100,2026-09-29T10:15:00,72118.76,72119.48,72113.26,72117.12
1790657115,2026-09-29T10:15:15,72116.57,72120.92,72101.53,72106.9
1790657130,2026-09-29T10:15:30,72109.49,72125.99,72108.01,72123.59
1790657145,2026-09-29T10:15:45,72120.4,72135.88,72120.4,72132.89
1790657160,2026-09-29T10:16:00,72134.1,72136.39,72126.27,72127.08
1790657175,2026-09-29T10:16:15,72124.08,72132.1,72123.88,72123.88
1790657190,2026-09-29T10:16:30,72126.56,72135.67,72123.82,72135.01
1790657205,2026-09-29T10:16:45,72136.06,72136.06,72130.41,72132.48
1790657220,2026-09-29T10:17:00,72130.11,72137.72,72129.11,72129.11
1790657235,2026-09-29T10:17:15,72129.28,72143.4,72129.28,72143.4
1790657250,2026-09-29T10:17:30,72139.64,72148.43,72135.61,72135.61
1790657265,2026-09-29T10:17:45,72138.03,72139.52,72126.71,72132.27
1790657280,2026-09-29T10:18:00,72129.46,72137.05,72129.13,72132.75
1790657295,2026-09-29T10:18:15,72131.18,72136.86,72130.67,72136.86
1790657310,2026-09-29T10:18:30,72136.59,72140.28,72133.91,72136.95
1790657325,2026-09-29T10:18:45,72139.67,72149.04,72139.67,72146.23
1790657340,2026-09-29T10:19:00,72147.12,72148.82,72137.72,72148.2
1790657355,2026-09-29T10:19:15,72151.2,72155.87,72150.44,72153.06
1790657370,2026-09-29T10:19:30,72151.65,72155.29,72144.64,72144.64
1790657385,2026-09-29T10:19:45,72145.03,72145.99,72138.97,72142.95
1790657400,2026-09-29T10:20:00,72142.2,72145.4,72129.64,72129.64
1790657415,2026-09-29T10:20:15,72130.62,72136.99,72126.65,72132.39
1790657430,2026-09-29T10:20:30,72130.92,72134.37,72125.41,72130.24
1790657445,2026-09-29T10:20:45,72126.38,72141.14,72126.38,72139.65
1790657460,2026-09-29T10:21:00,72137.22,72139.92,72127.16,72127.16
1790657475,2026-09-29T10:21:15,72125.23,72125.23,72117.67,72117.67
1790657490,2026-09-29T10:21:30,72114.01,72114.01,72100.4,72108.48
1790657505,2026-09-29T10:21:45,72107.21,72107.3,72099.77,72100.19
1790657520,2026-09-29T10:22:00,72099.7,72103.22,72097.55,72102.41
1790657535,2026-09-29T10:22:15,72101.59,72113.03,72101.59,72112.36
1790657550,2026-09-29T10:22:30,72110.52,72119.05,72106.07,72119.05
1790657565,2026-09-29T10:22:45,72119.75,72124.5,72113.21,72120.61
1790657580,2026-09-29T10:23:00,72121.74,72127.1,72120.06,72127.1
1790657595,2026-09-29T10:23:15,72128.63,72128.63,72117.9,72118.88
1790657610,2026-09-29T10:23:30,72118.27,72126.32,72117.24,72126.32
1790657625,2026-09-29T10:23:45,72126.48,72126.48,72121.82,72125.41
1790657640,2026-09-29T10:24:00,72127.96,72134.62,72123.91,72130.25
1790657655,2026-09-29T10:24:15,72130.59,72141.1,72128.08,72138.99
1790657670,2026-09-29T10:24:30,72139.95,72141.55,72134.29,72134.76
1790657685,2026-09-29T10:24:45,72135.82,72140.55,72133.28,72133.28
1790657700,2026-09-29T10:25:00,72132.73,72147.14,72132.73,72143.88
1790657715,2026-09-29T10:25:15,72145.07,72145.07,72137.35,72142.07
1790657730,2026-09-29T10:25:30,72145.77,72152.45,72145.71,72152.45
1790657745,2026-09-29T10:25:45,72153.48,72160.78,72152.47,72158.51
1790657760,2026-09-29T10:26:00,72158.04,72163.72,72154.9,72163.72
1790657775,2026-09-29T10:26:15,72164.77,72174.05,72159.55,72170.64
1790657790,2026-09-29T10:26:30,72170.29,72179.55,72167.25,72174.52
1790657805,2026-09-29T10:26:45,72172.44,72178.46,72165.94,72175.36
1790657820,2026-09-29T10:27:00,72174.97,72177.54,72165.27,72166.04
1790657835,2026-09-29T10:27:15,72170.32,72181.3,72167.16,72179.7
1790657850,2026-09-29T10:27:30,72175.01,72175.01,72164.18,72165.85
1790657865,2026-09-29T10:27:45,72165.98,72172.78,72165.9,72168.97
1790657880,2026-09-29T10:28:00,72163.95,72167.73,72155.11,72155.11
1790657895,2026-09-29T10:28:15,72154.85,72165.88,72154.85,72165.88
1790657910,2026-09-29T10:28:30,72166.26,72167.22,72164.18,72166.29
1790657925,2026-09-29T10:28:45,72170.79,72178.02,72168.5,72178.02
1790657940,2026-09-29T10:29:00,72175.57,72176.23,72167.52,72171.06
1790657955,2026-09-29T10:29:15,72171.37,72176.76,72171.37,72175.63
1790657970,2026-09-29T10:29:30,72178.2,72187.18,72175.3,72187.18
1790657985,2026-09-29T10:29:45,72187.14,72188.75,72177.26,72182.31
1790658000,2026-09-29T10:30:00,72177.51,72178.5,72168.57,72175.46
1790658015,2026-09-29T10:30:15,72174.41,72178.47,72168.31,72168.31
1790658030,2026-09-29T10:30:30,72171.46,72171.46,72163.32,72163.32
1790658045,2026-09-29T10:30:45,72163.28,72169.63,72162.76,72166.38
1790658060,2026-09-29T10:31:00,72166.46,72172.32,72162.7,72162.7
1790658075,2026-09-29T10:31:15,72166.36,72171.55,72163.18,72166.89
1790658090,2026-09-29T10:31:30,72168.04,72168.04,72161.31,72166.47
1790658105,2026-09-29T10:31:45,72164.97,72166.01,72149.37,72152.2
1790658120,2026-09-29T10:32:00,72149.06,72149.75,72142.82,72142.82
1790658135,2026-09-29T10:32:15,72145.02,72145.02,72138.15,72138.15
1790658150,2026-09-29T10:32:30,72138.62,72145.81,72134.97,72141.52
1790658165,2026-09-29T10:32:45,72142.1,72142.1,72133.52,72134.25
1790658180,2026-09-29T10:33:00,72131.41,72135.19,72131.41,72131.54
1790658195,2026-09-29T10:33:15,72130.41,72134.22,72126.11,72127.3
1790658210,2026-09-29T10:33:30,72126.63,72129.78,72118.09,72119.4
1790658225,2026-09-29T10:33:45,72119.2,72122.28,72116.21,72119.77
1790658240,2026-09-29T10:34:00,72120.12,72128.68,72119.46,72125.86
1790658255,2026-09-29T10:34:15,72125.11,72136.86,72125.11,72133.37
1790658270,2026-09-29T10:34:30,72132.92,72141.63,72132.92,72139.42
1790658285,2026-09-29T10:34:45,72139.24,72156.01,72139.24,72156.01
1790658300,2026-09-29T10:35:00,72154.68,72158.45,72151.34,72157.3
1790658315,2026-09-29T10:35:15,72157.66,72164.25,72154.45,72164.25
1790658330,2026-09-29T10:35:30,72163.87,72168.58,72163.87,72164.51
1790658345,2026-09-29T10:35:45,72164.36,72166.65,72155.73,72164.76
1790658360,2026-09-29T10:36:00,72163.18,72170.74,72161.88,72168.56
1790658375,2026-09-29T10:36:15,72168.03,72168.81,72157.07,72159.46
1790658390,2026-09-29T10:36:30,72163.4,72168.27,72159.74,72159.74
1790658405,2026-09-29T10:36:45,72156.09,72156.09,72148.03,72148.26
1790658420,2026-09-29T10:37:00,72147.98,72151.74,72146.39,72149.59
1790658435,2026-09-29T10:37:15,72153.46,72158.16,72149.45,72154.45
1790658450,2026-09-29T10:37:30,72155.48,72155.48,72144.18,72150.97
1790658465,2026-09-29T10:37:45,72148.28,72151,72144.63,72144.63
1790658480,2026-09-29T10:38:00,72145.01,72151.41,72143.29,72148.84
1790658495,2026-09-29T10:38:15,72146.71,72154.8,72145.64,72154.8
1790658510,2026-09-29T10:38:30,72152.04,72158.69,72149.23,72155.27
1790658525,2026-09-29T10:38:45,72155.31,72165.1,72155.26,72162.34
1790658540,2026-09-29T10:39:00,72162.34,72174.17,72162.34,72170.74
1790658555,2026-09-29T10:39:15,72172.67,72178.38,72168.28,72171.29
1790658570,2026-09-29T10:39:30,72172.37,72179.55,72172.37,72176.81
1790658585,2026-09-29T10:39:45,72177.58,72182.29,72175.04,72179.63
1790658600,2026-09-29T10:40:00,72178.31,72178.31,72166.4,72166.4
1790658615,2026-09-29T10:40:15,72168,72174.1,72165.79,72170.68
1790658630,2026-09-29T10:40:30,72166,72174.64,72164.58,72174.64
1790658645,2026-09-29T10:40:45,72173.18,72173.18,72157.64,72164.62
1790658660,2026-09-29T10:41:00,72164.13,72168.86,72156.25,72156.25
1790658675,2026-09-29T10:41:15,72156.37,72169.38,72155,72169.38
1790658690,2026-09-29T10:41:30,72174.24,72174.24,72163.22,72163.22
1790658705,2026-09-29T10:41:45,72162.52,72172.58,72162.09,72172.03
1790658720,2026-09-29T10:42:00,72172.71,72172.71,72167.96,72168.38
1790658735,2026-09-29T10:42:15,72169.96,72175.56,72166.48,72175.56
1790658750,2026-09-29T10:42:30,72176.34,72181.89,72174.42,72181.89
1790658765,2026-09-29T10:42:45,72181.88,72184.81,72180.41,72183.94
1790658780,2026-09-29T10:43:00,72184.46,72213.32,72184.46,72213.32
1790658795,2026-09-29T10:43:15,72215.42,72228.11,72215.42,72228.11
1790658810,2026-09-29T10:43:30,72231.89,72233.31,72224.46,72224.46
1790658825,2026-09-29T10:43:45,72226.04,72233.97,72220.31,72233.13
1790658840,2026-09-29T10:44:00,72231.47,72231.76,72225.98,72229
1790658855,2026-09-29T10:44:15,72229.89,72234.78,72225.03,72234.78
1790658870,2026-09-29T10:44:30,72234.7,72236.89,72231.86,72236.89
1790658885,2026-09-29T10:44:45,72234.64,72240.68,72230.27,72238.87
1790658900,2026-09-29T10:45:00,72241.09,72241.09,72223.85,72223.87
1790658915,2026-09-29T10:45:15,72224.85,72231.12,72214.93,72214.93
1790658930,2026-09-29T10:45:30,72213.88,72224.06,72213.62,72222.04
1790658945,2026-09-29T10:45:45,72222.08,72222.08,72212.99,72213.25
1790658960,2026-09-29T10:46:00,72214.08,72220.35,72209.31,72209.31
1790658975,2026-09-29T10:46:15,72211.04,72215.54,72205.76,72207.58
1790658990,2026-09-29T10:46:30,72206.4,72206.4,72190.88,72190.88
1790659005,2026-09-29T10:46:45,72193.09,72198.46,72193.09,72197.85
1790659020,2026-09-29T10:47:00,72192.3,72198.44,72192.02,72193.85
1790659035,2026-09-29T10:47:15,72195,72195.64,72188.41,72191.82
1790659050,2026-09-29T10:47:30,72191.68,72192.48,72180.51,72182.7
1790659065,2026-09-29T10:47:45,72178.85,72183.39,72175.42,72181.58
1790659080,2026-09-29T10:48:00,72183.82,72183.98,72170.37,72175.81
1790659095,2026-09-29T10:48:15,72177.54,72177.54,72170.6,72170.77
1790659110,2026-09-29T10:48:30,72172.3,72172.3,72162.09,72162.95
1790659125,2026-09-29T10:48:45,72161.07,72173.4,72158.5,72173.4
1790659140,2026-09-29T10:49:00,72171.07,72173.61,72166.88,72169.05
1790659155,2026-09-29T10:49:15,72168.57,72183.69,72168.55,72181.71
1790659170,2026-09-29T10:49:30,72182.57,72183.87,72180.14,72181.1
1790659185,2026-09-29T10:49:45,72183.45,72190.85,72183.12,72187.7
1790659200,2026-09-29T10:50:00,72189.59,72190.55,72183.51,72183.68
1790659215,2026-09-29T10:50:15,72185.54,72186.36,72168.05,72169.44
1790659230,2026-09-29T10:50:30,72168.83,72172.66,72165.98,72170.29
1790659245,2026-09-29T10:50:45,72168.07,72182.96,72168.07,72181.79
1790659260,2026-09-29T10:51:00,72181.41,72181.41,72172.59,72176.63
1790659275,2026-09-29T10:51:15,72179.3,72179.3,72173.19,72173.85
1790659290,2026-09-29T10:51:30,72170.85,72177.86,72166.33,72171.73
1790659305,2026-09-29T10:51:45,72173.4,72175.87,72169.26,72172.03
1790659320,2026-09-29T10:52:00,72174.31,72190.62,72170.69,72190.62
1790659335,2026-09-29T10:52:15,72190.75,72192.06,72187.76,72188.45
1790659350,2026-09-29T10:52:30,72188.4,72200.79,72188.4,72200.79
1790659365,2026-09-29T10:52:45,72199.27,72203.34,72195.87,72203.34
1790659380,2026-09-29T10:53:00,72202.39,72202.39,72195.59,72200.86
1790659395,2026-09-29T10:53:15,72200.23,72203.95,72200.23,72201.24
1790659410,2026-09-29T10:53:30,72201.29,72204.72,72198.62,72202.67
1790659425,2026-09-29T10:53:45,72204.76,72208.51,72199.02,72203.04
1790659440,2026-09-29T10:54:00,72202.54,72217.82,72198.69,72217.82
1790659455,2026-09-29T10:54:15,72218.73,72219.59,72214.86,72216.96
1790659470,2026-09-29T10:54:30,72216.97,72222.13,72209.57,72214.59
1790659485,2026-09-29T10:54:45,72219.41,72221.88,72211.32,72216.99
1790659500,2026-09-29T10:55:00,72216.06,72222.09,72210.82,72222.09
1790659515,2026-09-29T10:55:15,72222.47,72237.63,72221.9,72237.63
1790659530,2026-09-29T10:55:30,72238.92,72240.36,72234.44,72239.28
1790659545,2026-09-29T10:55:45,72240.09,72243.13,72233.11,72234.27
1790659560,2026-09-29T10:56:00,72232.66,72247.3,72232.66,72246.34
1790659575,2026-09-29T10:56:15,72246.35,72251,72246.35,72249.37
1790659590,2026-09-29T10:56:30,72249.37,72249.37,72238.47,72247.5
1790659605,2026-09-29T10:56:45,72247.28,72250.45,72234.46,72234.46
1790659620,2026-09-29T10:57:00,72231.63,72238.57,72227.57,72228.64
1790659635,2026-09-29T10:57:15,72229.22,72232.08,72225.34,72228.79
1790659650,2026-09-29T10:57:30,72229.36,72231.82,72223.47,72229.24
1790659665,2026-09-29T10:57:45,72230.63,72239.43,72229.01,72235.24
1790659680,2026-09-29T10:58:00,72236.96,72253.27,72236.96,72250.3
1790659695,2026-09-29T10:58:15,72253.88,72262.35,72251.54,72260.65
1790659710,2026-09-29T10:58:30,72260.94,72268.22,72259.55,72259.55
1790659725,2026-09-29T10:58:45,72257.67,72259.99,72249.42,72249.42
1790659740,2026-09-29T10:59:00,72249.81,72249.81,72243.41,72248.78
1790659755,2026-09-29T10:59:15,72246.93,72247.51,72240.61,72241.83
1790659770,2026-09-29T10:59:30,72245.06,72252.88,72244,72249.36
1790659785,2026-09-29T10:59:45,72249.36,72251.36,72244.86,72245.48
1790659800,2026-09-29T11:00:00,72244.15,72251.45,72241.05,72246.93
1790659815,2026-09-29T11:00:15,72247.38,72247.38,72234.9,72241.29
1790659830,2026-09-29T11:00:30,72244,72244,72231.76,72231.76
1790659845,2026-09-29T11:00:45,72229.06,72231.5,72221.72,72231.5
1790659860,2026-09-29T11:01:00,72230.51,72230.85,72217.36,72217.36
1790659875,2026-09-29T11:01:15,72212.49,72212.49,72195.33,72196.16
1790659890,2026-09-29T11:01:30,72196.05,72203.03,72193.75,72193.75
1790659905,2026-09-29T11:01:45,72193.12,72196.37,72185.16,72188.84
1790659920,2026-09-29T11:02:00,72188.54,72191.27,72181.83,72181.83
1790659935,2026-09-29T11:02:15,72183.98,72185.65,72177.17,72183.17
1790659950,2026-09-29T11:02:30,72182.73,72185.42,72179.99,72180.23
1790659965,2026-09-29T11:02:45,72178.55,72179.65,72173.08,72173.56
1790659980,2026-09-29T11:03:00,72173.86,72180.06,72173.86,72174.23
1790659995,2026-09-29T11:03:15,72174.23,72177.29,72172.05,72174.72
1790660010,2026-09-29T11:03:30,72178.9,72194.24,72178.9,72192.98
1790660025,2026-09-29T11:03:45,72192.16,72193.65,72190.48,72190.5
1790660040,2026-09-29T11:04:00,72191.34,72192.5,72181.99,72181.99
1790660055,2026-09-29T11:04:15,72181.2,72182.83,72179.38,72181.9
1790660070,2026-09-29T11:04:30,72181.05,72184.99,72180.36,72180.59
1790660085,2026-09-29T11:04:45,72181.05,72183.17,72174.62,72182.23
1790660100,2026-09-29T11:05:00,72181.63,72182.13,72176.38,72178.16
1790660115,2026-09-29T11:05:15,72180.73,72180.73,72169.23,72175.7
1790660130,2026-09-29T11:05:30,72178.22,72178.22,72169.42,72169.43
1790660145,2026-09-29T11:05:45,72170.83,72173.73,72164.74,72165.34
1790660160,2026-09-29T11:06:00,72165.84,72172.69,72162.06,72170.05
1790660175,2026-09-29T11:06:15,72170.45,72175.12,72168.59,72175.12
1790660190,2026-09-29T11:06:30,72175.05,72194.91,72174.2,72194.63
1790660205,2026-09-29T11:06:45,72193.54,72193.54,72188.55,72189.42
1790660220,2026-09-29T11:07:00,72189.76,72196.1,72185.19,72195.05
1790660235,2026-09-29T11:07:15,72195.99,72201.94,72192.07,72200.56
1790660250,2026-09-29T11:07:30,72201.07,72201.07,72184.29,72185.68
1790660265,2026-09-29T11:07:45,72186.47,72195.43,72186.47,72194.57
1790660280,2026-09-29T11:08:00,72194.18,72196.69,72192.54,72196.09
1790660295,2026-09-29T11:08:15,72196.77,72202.08,72196.19,72198.93
1790660310,2026-09-29T11:08:30,72200.23,72200.37,72186.17,72186.17
1790660325,2026-09-29T11:08:45,72185.98,72193.77,72185.98,72191.91
1790660340,2026-09-29T11:09:00,72189.62,72205.17,72187.07,72205.17
1790660355,2026-09-29T11:09:15,72208.7,72233.68,72208.7,72233.68
1790660370,2026-09-29T11:09:30,72234.75,72236.28,72219.8,72225.97
1790660385,2026-09-29T11:09:45,72223.99,72242.24,72223.99,72237.27
1790660400,2026-09-29T11:10:00,72239.65,72246.69,72234.77,72246.52
1790660415,2026-09-29T11:10:15,72245.56,72256.69,72238.75,72256.69
1790660430,2026-09-29T11:10:30,72260.4,72357.02,72260.4,72357.02
1790660445,2026-09-29T11:10:45,72354.69,72356.73,72344.53,72344.53
1790660460,2026-09-29T11:11:00,72344.22,72360.98,72343.93,72360.98
1790660475,2026-09-29T11:11:15,72362.2,72381.49,72362.2,72380.44
1790660490,2026-09-29T11:11:30,72380.29,72386.33,72365.13,72365.13
1790660505,2026-09-29T11:11:45,72367.86,72367.86,72337.11,72338.56
1790660520,2026-09-29T11:12:00,72339.88,72367.53,72337.49,72367.53
1790660535,2026-09-29T11:12:15,72367.54,72367.88,72358.31,72358.31
1790660550,2026-09-29T11:12:30,72355.56,72369.73,72351.64,72369.73
1790660565,2026-09-29T11:12:45,72370,72406.42,72370,72403.12
1790660580,2026-09-29T11:13:00,72403.25,72412.27,72396.15,72405.97
1790660595,2026-09-29T11:13:15,72406.22,72406.22,72390.78,72390.78
1790660610,2026-09-29T11:13:30,72391.4,72394.88,72385.23,72394.88
1790660625,2026-09-29T11:13:45,72395.04,72441.44,72395.04,72441.44
1790660640,2026-09-29T11:14:00,72443.63,72478.08,72443.63,72478.08
1790660655,2026-09-29T11:14:15,72478.18,72490.33,72478.18,72489.79
1790660670,2026-09-29T11:14:30,72493.58,72494.55,72468.66,72474.41
1790660685,2026-09-29T11:14:45,72472.08,72473.16,72442,72442
1790660700,2026-09-29T11:15:00,72446.88,72470.71,72446.88,72470.71
1790660715,2026-09-29T11:15:15,72471.64,72486.8,72471.64,72483.99
1790660730,2026-09-29T11:15:30,72482.25,72482.25,72472.39,72472.39
1790660745,2026-09-29T11:15:45,72472.29,72472.29,72463.05,72467.94
1790660760,2026-09-29T11:16:00,72465.38,72470.27,72458,72458
1790660775,2026-09-29T11:16:15,72458.01,72462.04,72449.62,72450.42
1790660790,2026-09-29T11:16:30,72448.85,72448.85,72408.46,72408.46
1790660805,2026-09-29T11:16:45,72409.7,72413.03,72402.42,72412.01
1790660820,2026-09-29T11:17:00,72414.31,72431.39,72414.31,72426.71
1790660835,2026-09-29T11:17:15,72428.65,72433.81,72423.03,72423.03
1790660850,2026-09-29T11:17:30,72423.17,72423.6,72417.4,72422.08
1790660865,2026-09-29T11:17:45,72420.61,72422.43,72414.36,72415.6
1790660880,2026-09-29T11:18:00,72413.73,72413.73,72390.68,72390.68
1790660895,2026-09-29T11:18:15,72391.68,72398.9,72391.68,72396.44
1790660910,2026-09-29T11:18:30,72399.96,72402.27,72395.23,72398.5
1790660925,2026-09-29T11:18:45,72398.21,72412.98,72394.65,72408.33
1790660940,2026-09-29T11:19:00,72408.48,72422.81,72408.48,72421.94
1790660955,2026-09-29T11:19:15,72420.86,72433.39,72419.93,72433.39
1790660970,2026-09-29T11:19:30,72437.57,72442.69,72434.92,72442.69
1790660985,2026-09-29T11:19:45,72442.69,72448.27,72440.02,72443.65
1790661000,2026-09-29T11:20:00,72446.38,72452.53,72441.39,72451.11
1790661015,2026-09-29T11:20:15,72445.04,72448.15,72437.45,72447.1
1790661030,2026-09-29T11:20:30,72447.59,72458.58,72447.59,72452.61
1790661045,2026-09-29T11:20:45,72453.24,72470.8,72453.24,72470.8
1790661060,2026-09-29T11:21:00,72466.66,72471.69,72462.62,72464.08
1790661075,2026-09-29T11:21:15,72463.78,72463.78,72449.36,72457.07
1790661090,2026-09-29T11:21:30,72456.71,72459.9,72455.52,72455.52
1790661105,2026-09-29T11:21:45,72455.12,72460.96,72452.29,72452.29
1790661120,2026-09-29T11:22:00,72450.57,72453.73,72450.4,72450.59
1790661135,2026-09-29T11:22:15,72451.43,72451.43,72439.82,72439.82
1790661150,2026-09-29T11:22:30,72437.4,72453.47,72435.54,72453.47
1790661165,2026-09-29T11:22:45,72452.5,72455.5,72449.35,72451.85
1790661180,2026-09-29T11:23:00,72450.62,72455.82,72445.88,72452.15
1790661195,2026-09-29T11:23:15,72449.67,72456.72,72443.38,72443.38
1790661210,2026-09-29T11:23:30,72444.23,72444.23,72434.33,72434.33
1790661225,2026-09-29T11:23:45,72433.44,72436.17,72430.68,72430.68
1790661240,2026-09-29T11:24:00,72432.15,72433.2,72428.84,72430.62
1790661255,2026-09-29T11:24:15,72430.18,72430.31,72422.36,72422.36
1790661270,2026-09-29T11:24:30,72421.29,72422.18,72410.18,72410.21
1790661285,2026-09-29T11:24:45,72410.45,72411.53,72401.14,72401.14
1790661300,2026-09-29T11:25:00,72401.12,72411.08,72397.16,72410.29
1790661315,2026-09-29T11:25:15,72412.43,72413.61,72409.5,72411.68
1790661330,2026-09-29T11:25:30,72413.05,72413.05,72406.33,72406.33
1790661345,2026-09-29T11:25:45,72406.97,72412.13,72406.94,72411.4
1790661360,2026-09-29T11:26:00,72410.63,72418.92,72410.05,72418.11
1790661375,2026-09-29T11:26:15,72417.77,72417.77,72410.38,72411.53
1790661390,2026-09-29T11:26:30,72408.7,72410.52,72405.93,72409.24
1790661405,2026-09-29T11:26:45,72408.06,72420.12,72408.06,72420.12
1790661420,2026-09-29T11:27:00,72419.13,72421.15,72415.5,72420.4
1790661435,2026-09-29T11:27:15,72421.89,72424.45,72419.72,72421.28
1790661450,2026-09-29T11:27:30,72421.28,72427.04,72418.42,72427.04
1790661465,2026-09-29T11:27:45,72427.28,72434.79,72427.01,72429.68
1790661480,2026-09-29T11:28:00,72431.75,72434.37,72429.46,72432.94
1790661495,2026-09-29T11:28:15,72430.53,72437.82,72428.63,72433.19
1790661510,2026-09-29T11:28:30,72431.46,72432.3,72424.55,72426.58
1790661525,2026-09-29T11:28:45,72427,72454.95,72424.8,72453.89
1790661540,2026-09-29T11:29:00,72452.61,72469.9,72450.64,72469.51
1790661555,2026-09-29T11:29:15,72473.08,72473.08,72464.67,72467.71
1790661570,2026-09-29T11:29:30,72464.59,72468.22,72460.12,72468.22
1790661585,2026-09-29T11:29:45,72468.22,72486.84,72468.22,72486.84
1790661600,2026-09-29T11:30:00,72486.15,72515.41,72472.4,72515.41
1790661615,2026-09-29T11:30:15,72515.48,72555.72,72515.48,72544.01
1790661630,2026-09-29T11:30:30,72543.96,72546.43,72539.54,72539.79
1790661645,2026-09-29T11:30:45,72539.67,72546.05,72536.46,72539.71
1790661660,2026-09-29T11:31:00,72539.06,72562.26,72539.06,72554.83
1790661675,2026-09-29T11:31:15,72556.81,72577.82,72556.81,72575.82
1790661690,2026-09-29T11:31:30,72572.67,72580.49,72570.98,72578.14
1790661705,2026-09-29T11:31:45,72581.83,72595.06,72579.52,72595.06
1790661720,2026-09-29T11:32:00,72591.02,72592.9,72589.75,72590.71
1790661735,2026-09-29T11:32:15,72589.66,72589.66,72571.77,72571.77
1790661750,2026-09-29T11:32:30,72571.49,72577.64,72568.59,72570.63
1790661765,2026-09-29T11:32:45,72569.19,72574.55,72568.67,72568.67
1790661780,2026-09-29T11:33:00,72569.28,72572.15,72564.09,72564.09
1790661795,2026-09-29T11:33:15,72572.92,72583.43,72568.76,72568.76
1790661810,2026-09-29T11:33:30,72572.2,72592.95,72566.38,72592.95
1790661825,2026-09-29T11:33:45,72592.95,72597.09,72587.71,72595.73
1790661840,2026-09-29T11:34:00,72592.3,72592.3,72581.77,72581.77
1790661855,2026-09-29T11:34:15,72581.82,72586.54,72581.82,72585.4
1790661870,2026-09-29T11:34:30,72584.99,72584.99,72571.54,72573.42
1790661885,2026-09-29T11:34:45,72574.74,72575.26,72553.41,72559.21
1790661900,2026-09-29T11:35:00,72557.27,72568.22,72557.27,72562.82
1790661915,2026-09-29T11:35:15,72561.71,72563.31,72552.49,72553.76
1790661930,2026-09-29T11:35:30,72553.89,72553.98,72535.9,72535.9
1790661945,2026-09-29T11:35:45,72536.55,72536.55,72531.96,72533.98
1790661960,2026-09-29T11:36:00,72533.22,72544.58,72533.22,72544.58
1790661975,2026-09-29T11:36:15,72544.9,72551.5,72544.9,72546.8
1790661990,2026-09-29T11:36:30,72544.88,72551.31,72542.27,72549.46
1790662005,2026-09-29T11:36:45,72545.98,72547.58,72544.49,72547.58
1790662020,2026-09-29T11:37:00,72547.09,72547.75,72529.4,72529.4
1790662035,2026-09-29T11:37:15,72529.26,72529.26,72523.2,72524.45
1790662050,2026-09-29T11:37:30,72522.69,72527.51,72521.73,72527.51
1790662065,2026-09-29T11:37:45,72527.73,72535.06,72527.29,72533.71
1790662080,2026-09-29T11:38:00,72533.07,72536.43,72518.18,72518.18
1790662095,2026-09-29T11:38:15,72513.68,72515.69,72508.29,72513.3
1790662110,2026-09-29T11:38:30,72512.15,72517.73,72506.31,72506.31
1790662125,2026-09-29T11:38:45,72506.99,72519.57,72506.35,72519.31
1790662140,2026-09-29T11:39:00,72517.7,72530.7,72517.7,72528.23
1790662155,2026-09-29T11:39:15,72526.19,72550.16,72525.76,72549.59
1790662170,2026-09-29T11:39:30,72549.59,72557.72,72549.59,72551.62
1790662185,2026-09-29T11:39:45,72550.66,72554.85,72550.21,72551.48
1790662200,2026-09-29T11:40:00,72554.03,72555.19,72548.94,72555.19
1790662215,2026-09-29T11:40:15,72560.12,72584.01,72560.12,72582.97
1790662230,2026-09-29T11:40:30,72585.32,72592.99,72585.11,72585.8
1790662245,2026-09-29T11:40:45,72587.3,72590.34,72574.97,72574.97
1790662260,2026-09-29T11:41:00,72575.8,72575.91,72565.24,72570.98
1790662275,2026-09-29T11:41:15,72570.45,72570.86,72561.06,72563.1
1790662290,2026-09-29T11:41:30,72563.1,72564.33,72560.44,72560.44
1790662305,2026-09-29T11:41:45,72559.79,72563.77,72558.73,72563.21
1790662320,2026-09-29T11:42:00,72564.09,72569.62,72563.3,72565.9
1790662335,2026-09-29T11:42:15,72565.94,72573.79,72561.66,72572.39
1790662350,2026-09-29T11:42:30,72570.66,72574.26,72568.94,72569.15
1790662365,2026-09-29T11:42:45,72568.92,72569.59,72563.03,72563.03
1790662380,2026-09-29T11:43:00,72563.65,72567.87,72553.16,72553.16
1790662395,2026-09-29T11:43:15,72552.67,72552.78,72534.53,72539.43
1790662410,2026-09-29T11:43:30,72539.43,72539.43,72523.35,72523.35
1790662425,2026-09-29T11:43:45,72523.04,72524.67,72515.79,72524.67
1790662440,2026-09-29T11:44:00,72529.15,72534.66,72527.53,72529.08
1790662455,2026-09-29T11:44:15,72530.91,72544.34,72530.64,72544.34
1790662470,2026-09-29T11:44:30,72545.09,72553.64,72543.27,72553.64
1790662485,2026-09-29T11:44:45,72553.64,72557.39,72549.28,72549.28
1790662500,2026-09-29T11:45:00,72548.56,72549.03,72544,72544.19
1790662515,2026-09-29T11:45:15,72544.62,72551.88,72544.16,72551.88
1790662530,2026-09-29T11:45:30,72551.88,72552.98,72545.75,72545.75
1790662545,2026-09-29T11:45:45,72545.67,72545.69,72540.49,72540.49
1790662560,2026-09-29T11:46:00,72540.49,72547.46,72540.49,72545
1790662575,2026-09-29T11:46:15,72544.72,72547,72543.76,72544.52
1790662590,2026-09-29T11:46:30,72544.52,72551.18,72544.52,72545.05
1790662605,2026-09-29T11:46:45,72540.11,72540.71,72535.11,72535.11
1790662620,2026-09-29T11:47:00,72534.56,72534.9,72519.22,72519.22
1790662635,2026-09-29T11:47:15,72520.91,72522.13,72513.56,72514.96
1790662650,2026-09-29T11:47:30,72516.64,72527.79,72516.64,72527.79
1790662665,2026-09-29T11:47:45,72524.1,72529.92,72521.6,72529.32
1790662680,2026-09-29T11:48:00,72527.97,72532.93,72525.24,72526.71
1790662695,2026-09-29T11:48:15,72527.57,72540.02,72527.33,72540.02
1790662710,2026-09-29T11:48:30,72538.67,72549.43,72538.65,72549.43
1790662725,2026-09-29T11:48:45,72547.59,72549.43,72546.37,72547.81
1790662740,2026-09-29T11:49:00,72547.81,72548.69,72544.6,72545.86
1790662755,2026-09-29T11:49:15,72550.13,72570.01,72549.75,72570.01
1790662770,2026-09-29T11:49:30,72568.85,72568.85,72559.25,72564.45
1790662785,2026-09-29T11:49:45,72563.24,72567.65,72559.77,72565.9
1790662800,2026-09-29T11:50:00,72565.9,72568.71,72563.39,72567.91
1790662815,2026-09-29T11:50:15,72568.18,72568.18,72554.6,72556.95
1790662830,2026-09-29T11:50:30,72555.64,72555.64,72549.37,72549.37
1790662845,2026-09-29T11:50:45,72553.55,72553.93,72544.55,72544.55
1790662860,2026-09-29T11:51:00,72544.67,72552.89,72540.46,72552.89
1790662875,2026-09-29T11:51:15,72553.85,72560.84,72545.22,72560.8
1790662890,2026-09-29T11:51:30,72560.8,72579.51,72559.3,72579.51
1790662905,2026-09-29T11:51:45,72579.51,72580.64,72571.57,72573.45
1790662920,2026-09-29T11:52:00,72581.11,72581.64,72566.28,72568.55
1790662935,2026-09-29T11:52:15,72569.11,72570.21,72563.36,72567.76
1790662950,2026-09-29T11:52:30,72564.77,72571.58,72564.41,72567.57
1790662965,2026-09-29T11:52:45,72567.16,72578.4,72566.37,72578.4
1790662980,2026-09-29T11:53:00,72578.29,72581.81,72573.99,72581.81
1790662995,2026-09-29T11:53:15,72579.2,72579.2,72569.84,72572.93
1790663010,2026-09-29T11:53:30,72573.2,72573.8,72567.91,72568.32
1790663025,2026-09-29T11:53:45,72566.5,72566.5,72556.11,72556.55
1790663040,2026-09-29T11:54:00,72557.22,72560.18,72555.37,72555.37
1790663055,2026-09-29T11:54:15,72555.32,72559.29,72552.99,72554.31
1790663070,2026-09-29T11:54:30,72554.31,72554.31,72549.02,72552.19
1790663085,2026-09-29T11:54:45,72554.61,72557.02,72550.94,72551.18
1790663100,2026-09-29T11:55:00,72550.97,72559.74,72550.14,72557.5
1790663115,2026-09-29T11:55:15,72557.5,72561.4,72556.69,72561.11
1790663130,2026-09-29T11:55:30,72560.52,72564.79,72557.34,72561.45
1790663145,2026-09-29T11:55:45,72563.71,72573.22,72563.71,72572.12
1790663160,2026-09-29T11:56:00,72574.44,72578.24,72568.34,72568.34
1790663175,2026-09-29T11:56:15,72569.44,72574.56,72564.07,72574.56
1790663190,2026-09-29T11:56:30,72574.63,72582.21,72573.23,72580.97
1790663205,2026-09-29T11:56:45,72581.01,72581.01,72569.74,72571.88
1790663220,2026-09-29T11:57:00,72574.11,72574.11,72567.99,72571.86
1790663235,2026-09-29T11:57:15,72570.84,72577.97,72569.16,72577.97
1790663250,2026-09-29T11:57:30,72575.72,72576.6,72573.77,72576
1790663265,2026-09-29T11:57:45,72575.82,72581.4,72572.69,72581.4
1790663280,2026-09-29T11:58:00,72581.17,72582.79,72579.13,72581.02
1790663295,2026-09-29T11:58:15,72581.62,72587.4,72581.62,72586.1
1790663310,2026-09-29T11:58:30,72585.81,72587.57,72578.67,72581.2
1790663325,2026-09-29T11:58:45,72581.62,72586.34,72579.1,72583.61
1790663340,2026-09-29T11:59:00,72583.61,72586.01,72580.02,72580.02
1790663355,2026-09-29T11:59:15,72583.81,72584.32,72579.51,72579.51
1790663370,2026-09-29T11:59:30,72581.2,72585.07,72581.2,72583.1
1790663385,2026-09-29T11:59:45,72583.97,72586.45,72580.55,72585.59
1790663400,2026-09-29T12:00:00,72585.05,72600.81,72585.05,72600.81
1790663415,2026-09-29T12:00:15,72601.55,72605.04,72599.84,72605.04
1790663430,2026-09-29T12:00:30,72604.06,72606.9,72603.08,72603.18
1790663445,2026-09-29T12:00:45,72606.36,72611.83,72604.1,72606.69
1790663460,2026-09-29T12:01:00,72606.97,72634.55,72604.25,72634.12
1790663475,2026-09-29T12:01:15,72633.39,72641.91,72633.39,72640.48
1790663490,2026-09-29T12:01:30,72642.83,72646.91,72640.66,72640.88
1790663505,2026-09-29T12:01:45,72641.61,72643.19,72636.81,72637.33
1790663520,2026-09-29T12:02:00,72637.51,72637.51,72630.53,72633.99
1790663535,2026-09-29T12:02:15,72633.46,72633.46,72615.8,72615.8
1790663550,2026-09-29T12:02:30,72617.02,72619.22,72614.68,72617.02
1790663565,2026-09-29T12:02:45,72616.56,72622.46,72616.47,72621.82
1790663580,2026-09-29T12:03:00,72620.84,72628.48,72620.58,72626.87
1790663595,2026-09-29T12:03:15,72627.53,72637.24,72614.69,72637.24
1790663610,2026-09-29T12:03:30,72635,72639.41,72634.21,72636.71
1790663625,2026-09-29T12:03:45,72638.63,72647.61,72638.63,72647.61
1790663640,2026-09-29T12:04:00,72647.61,72647.61,72640.86,72640.86
1790663655,2026-09-29T12:04:15,72639.74,72639.74,72633.04,72633.13
1790663670,2026-09-29T12:04:30,72632.06,72636.1,72621.79,72626.85
1790663685,2026-09-29T12:04:45,72627.17,72641.58,72627.09,72636.63
1790663700,2026-09-29T12:05:00,72635.54,72645.44,72635.54,72645.44
1790663715,2026-09-29T12:05:15,72645.44,72646.14,72638.74,72646.14
1790663730,2026-09-29T12:05:30,72646.9,72648.91,72641.06,72641.97
1790663745,2026-09-29T12:05:45,72638.23,72644.55,72638.23,72644.12
1790663760,2026-09-29T12:06:00,72644.12,72649.51,72642.01,72649.1
1790663775,2026-09-29T12:06:15,72650.62,72652.03,72644.16,72652.03
1790663790,2026-09-29T12:06:30,72646.58,72658.95,72646.58,72657.04
1790663805,2026-09-29T12:06:45,72655.88,72655.88,72642.7,72646.93
1790663820,2026-09-29T12:07:00,72644.37,72650.45,72641.69,72649.72
1790663835,2026-09-29T12:07:15,72655.16,72659.28,72651.63,72659.28
1790663850,2026-09-29T12:07:30,72659.43,72662.68,72656.36,72658.25
1790663865,2026-09-29T12:07:45,72655.05,72658.87,72653.41,72658.87
1790663880,2026-09-29T12:08:00,72658.36,72658.36,72645.35,72645.35
1790663895,2026-09-29T12:08:15,72645.89,72650.65,72644.49,72648.23
1790663910,2026-09-29T12:08:30,72647.53,72653.92,72645.95,72651.14
1790663925,2026-09-29T12:08:45,72646.76,72657.33,72646.76,72656.31
1790663940,2026-09-29T12:09:00,72655.76,72656.73,72651.32,72652.52
1790663955,2026-09-29T12:09:15,72651.12,72652.15,72635.99,72637.21
1790663970,2026-09-29T12:09:30,72635.07,72635.15,72627.87,72627.87
1790663985,2026-09-29T12:09:45,72628.28,72628.28,72620.95,72624.81
1790664000,2026-09-29T12:10:00,72625,72630.45,72623.61,72630.45
1790664015,2026-09-29T12:10:15,72631.06,72633.92,72624.59,72628.53
1790664030,2026-09-29T12:10:30,72631.24,72633.21,72626.93,72633.21
1790664045,2026-09-29T12:10:45,72629.36,72632.59,72626.2,72632.59
1790664060,2026-09-29T12:11:00,72633.85,72635.18,72627.81,72627.81
1790664075,2026-09-29T12:11:15,72627.19,72633.49,72625.66,72626.72
1790664090,2026-09-29T12:11:30,72626.05,72634.16,72625.11,72634.16
1790664105,2026-09-29T12:11:45,72634.16,72635.53,72626,72626
1790664120,2026-09-29T12:12:00,72620.09,72630.7,72619.62,72626.39
1790664135,2026-09-29T12:12:15,72626.09,72627.67,72620.67,72621.76
1790664150,2026-09-29T12:12:30,72621.84,72621.84,72616.45,72621.02
1790664165,2026-09-29T12:12:45,72621.08,72621.43,72618.25,72619.47
1790664180,2026-09-29T12:13:00,72618.97,72619.02,72614.74,72619.02
1790664195,2026-09-29T12:13:15,72618.86,72624.54,72618.64,72621.5
1790664210,2026-09-29T12:13:30,72625.36,72630.06,72620.08,72623.23
1790664225,2026-09-29T12:13:45,72622.95,72625.19,72617.7,72625.19
1790664240,2026-09-29T12:14:00,72624.67,72630.25,72622.76,72629.19
1790664255,2026-09-29T12:14:15,72629.61,72630.54,72625.23,72629.43
1790664270,2026-09-29T12:14:30,72629.68,72632.02,72625.54,72625.8
1790664285,2026-09-29T12:14:45,72626.07,72626.76,72622.23,72624.99
1790664300,2026-09-29T12:15:00,72624.99,72629.59,72621.03,72622.47
1790664315,2026-09-29T12:15:15,72621.71,72623.12,72617.83,72619.74
1790664330,2026-09-29T12:15:30,72619.74,72621.55,72612.25,72612.45
1790664345,2026-09-29T12:15:45,72609.25,72619.28,72609.25,72617.1
1790664360,2026-09-29T12:16:00,72617.1,72618.24,72610.57,72613.53
1790664375,2026-09-29T12:16:15,72613.3,72615.97,72609.43,72615.97
1790664390,2026-09-29T12:16:30,72615.18,72615.18,72609.69,72611.96
1790664405,2026-09-29T12:16:45,72610.93,72619,72608.77,72616.34
1790664420,2026-09-29T12:17:00,72614.11,72614.31,72607.85,72610.27
1790664435,2026-09-29T12:17:15,72608.12,72608.12,72601.79,72603.27
1790664450,2026-09-29T12:17:30,72602.68,72602.68,72596.33,72601.15
1790664465,2026-09-29T12:17:45,72601.31,72604.86,72601.16,72604.81
1790664480,2026-09-29T12:18:00,72606.02,72606.02,72591.85,72591.85
1790664495,2026-09-29T12:18:15,72592.83,72592.83,72582.08,72587.48
1790664510,2026-09-29T12:18:30,72584.43,72593.45,72583.64,72593.05
1790664525,2026-09-29T12:18:45,72593.72,72594.36,72587.13,72588.52
1790664540,2026-09-29T12:19:00,72589.74,72596.52,72589.74,72593.65
1790664555,2026-09-29T12:19:15,72592.1,72593.11,72589.45,72590.51
1790664570,2026-09-29T12:19:30,72590.35,72593.48,72584.2,72584.2
1790664585,2026-09-29T12:19:45,72587.28,72594.73,72583.92,72583.92
1790664600,2026-09-29T12:20:00,72583.08,72590.28,72583.04,72587.05
1790664615,2026-09-29T12:20:15,72591.54,72591.54,72576.01,72576.01
1790664630,2026-09-29T12:20:30,72577.64,72577.64,72554.91,72554.91
1790664645,2026-09-29T12:20:45,72554.69,72559.61,72554.69,72556.51
1790664660,2026-09-29T12:21:00,72557.51,72558.05,72545.68,72549.68
1790664675,2026-09-29T12:21:15,72549.64,72552.52,72547.15,72547.15
1790664690,2026-09-29T12:21:30,72541.36,72552.36,72541.36,72552.36
1790664705,2026-09-29T12:21:45,72552.04,72557.59,72551.25,72554.46
1790664720,2026-09-29T12:22:00,72554.45,72554.45,72545.13,72545.13
1790664735,2026-09-29T12:22:15,72543.88,72543.88,72535.97,72539.46
1790664750,2026-09-29T12:22:30,72539.15,72539.15,72529.18,72535.08
1790664765,2026-09-29T12:22:45,72534.23,72555.54,72534.23,72553.05
1790664780,2026-09-29T12:23:00,72553.05,72557.9,72552.07,72556.41
1790664795,2026-09-29T12:23:15,72555.96,72559.31,72553.39,72558.13
1790664810,2026-09-29T12:23:30,72558.13,72558.13,72551.76,72553.82
1790664825,2026-09-29T12:23:45,72554.21,72561.26,72552.67,72560.31
1790664840,2026-09-29T12:24:00,72557.64,72557.64,72546.84,72546.84
1790664855,2026-09-29T12:24:15,72544.41,72553.63,72542.28,72550.9
1790664870,2026-09-29T12:24:30,72551.2,72551.2,72538.37,72542.07
1790664885,2026-09-29T12:24:45,72541.56,72543.33,72534.05,72538.03
1790664900,2026-09-29T12:25:00,72535.8,72538.82,72534.07,72534.07
1790664915,2026-09-29T12:25:15,72533.69,72534.23,72527.47,72529.25
1790664930,2026-09-29T12:25:30,72528.42,72530.43,72521.64,72522.76
1790664945,2026-09-29T12:25:45,72522.38,72523.63,72518.77,72523.63
1790664960,2026-09-29T12:26:00,72521.87,72521.87,72515.8,72521.09
1790664975,2026-09-29T12:26:15,72521.4,72523.15,72512.76,72514.03
1790664990,2026-09-29T12:26:30,72514.14,72514.14,72500.86,72502.24
1790665005,2026-09-29T12:26:45,72502.24,72502.62,72481.92,72487.37
1790665020,2026-09-29T12:27:00,72488.34,72492.12,72472.7,72472.7
1790665035,2026-09-29T12:27:15,72471.06,72471.06,72441.28,72441.28
1790665050,2026-09-29T12:27:30,72437.96,72437.96,72408.3,72416.66
1790665065,2026-09-29T12:27:45,72417.54,72424,72411.43,72420.41
1790665080,2026-09-29T12:28:00,72425.55,72425.55,72404.41,72411.21
1790665095,2026-09-29T12:28:15,72411.21,72418.53,72395.9,72400.92
1790665110,2026-09-29T12:28:30,72403.23,72403.24,72390.5,72396.01
1790665125,2026-09-29T12:28:45,72397.86,72403.87,72396.45,72403.87
1790665140,2026-09-29T12:29:00,72410.16,72417.11,72410.16,72417.11
1790665155,2026-09-29T12:29:15,72421.01,72425.44,72420.09,72423.63
1790665170,2026-09-29T12:29:30,72421.75,72427.98,72421.75,72427.29
1790665185,2026-09-29T12:29:45,72425.82,72425.82,72420.05,72423.11
1790665200,2026-09-29T12:30:00,72423.08,72424.97,72396.78,72396.78
1790665215,2026-09-29T12:30:15,72397.03,72399.6,72397.03,72399.15
1790665230,2026-09-29T12:30:30,72397.69,72398.04,72367.23,72367.23
1790665245,2026-09-29T12:30:45,72364.69,72365.22,72351.9,72362.75
1790665260,2026-09-29T12:31:00,72366.04,72366.04,72345.68,72352.21
1790665275,2026-09-29T12:31:15,72348.62,72348.62,72331.15,72332.74
1790665290,2026-09-29T12:31:30,72332.24,72338.82,72321.08,72338.82
1790665305,2026-09-29T12:31:45,72336.42,72340.05,72329.62,72335.26
1790665320,2026-09-29T12:32:00,72335.2,72337.46,72318.17,72318.17
1790665335,2026-09-29T12:32:15,72310.79,72310.91,72293.4,72293.4
1790665350,2026-09-29T12:32:30,72297.91,72300.8,72281.76,72281.76
1790665365,2026-09-29T12:32:45,72282.17,72282.17,72266.02,72266.02
1790665380,2026-09-29T12:33:00,72262.51,72271.9,72262.51,72269.38
1790665395,2026-09-29T12:33:15,72268.84,72268.84,72261.13,72268.64
1790665410,2026-09-29T12:33:30,72266.61,72267.43,72250.35,72262.77
1790665425,2026-09-29T12:33:45,72262.21,72273.79,72262.21,72270.07
1790665440,2026-09-29T12:34:00,72269.41,72301.28,72269.41,72301.28
1790665455,2026-09-29T12:34:15,72305.11,72308.42,72297.98,72308.42
1790665470,2026-09-29T12:34:30,72306.37,72314.39,72304.95,72306.63
1790665485,2026-09-29T12:34:45,72306.37,72325.23,72306.37,72324.44
1790665500,2026-09-29T12:35:00,72324.44,72332.2,72323.8,72331.19
1790665515,2026-09-29T12:35:15,72332.73,72344.97,72332.73,72344.97
1790665530,2026-09-29T12:35:30,72345.94,72348.73,72343.04,72345.13
1790665545,2026-09-29T12:35:45,72344.75,72345.1,72344.16,72344.38
1790665560,2026-09-29T12:36:00,72346.51,72347.41,72338.25,72338.25
1790665575,2026-09-29T12:36:15,72337.93,72343.93,72337.71,72343.63
1790665590,2026-09-29T12:36:30,72344.17,72358.99,72341.14,72358.99
1790665605,2026-09-29T12:36:45,72358.99,72372.11,72355.62,72367.49
1790665620,2026-09-29T12:37:00,72367.79,72377,72366.57,72377
1790665635,2026-09-29T12:37:15,72378.04,72380.77,72375.61,72377.9
1790665650,2026-09-29T12:37:30,72374.81,72379.29,72374.81,72377.12
1790665665,2026-09-29T12:37:45,72376.46,72376.46,72365.45,72366.99
1790665680,2026-09-29T12:38:00,72366.99,72370,72357.66,72357.66
1790665695,2026-09-29T12:38:15,72357.25,72357.25,72345.57,72351.97
1790665710,2026-09-29T12:38:30,72351.97,72355.9,72349.99,72353.49
1790665725,2026-09-29T12:38:45,72353.11,72361.32,72352.11,72361.32
1790665740,2026-09-29T12:39:00,72364.67,72364.67,72350.94,72353.57
1790665755,2026-09-29T12:39:15,72354.69,72366.61,72354.48,72365.46
1790665770,2026-09-29T12:39:30,72367.25,72375.64,72364.37,72375.32
1790665785,2026-09-29T12:39:45,72374.19,72387.19,72374.19,72386.61
1790665800,2026-09-29T12:40:00,72384.94,72387.76,72384.17,72384.62
1790665815,2026-09-29T12:40:15,72383.38,72396.27,72383.38,72395.33
1790665830,2026-09-29T12:40:30,72393.11,72402.18,72393.11,72398.78
1790665845,2026-09-29T12:40:45,72397.21,72397.81,72394.74,72394.74
1790665860,2026-09-29T12:41:00,72392.98,72414.55,72392.83,72414.55
1790665875,2026-09-29T12:41:15,72418.39,72434.81,72418.39,72434.81
1790665890,2026-09-29T12:41:30,72432.75,72458.2,72432.75,72458.2
1790665905,2026-09-29T12:41:45,72459.22,72469.58,72458.55,72467.02
1790665920,2026-09-29T12:42:00,72467.15,72469.74,72455.23,72455.23
1790665935,2026-09-29T12:42:15,72452.56,72452.56,72444.12,72447.56
1790665950,2026-09-29T12:42:30,72446.96,72453.81,72446.96,72453.39
1790665965,2026-09-29T12:42:45,72450.88,72450.88,72441.61,72441.61
1790665980,2026-09-29T12:43:00,72441.31,72442.08,72433.65,72437.89
1790665995,2026-09-29T12:43:15,72437.74,72442.96,72437.74,72440.07
1790666010,2026-09-29T12:43:30,72440.11,72440.11,72428.05,72431.1
1790666025,2026-09-29T12:43:45,72432.6,72432.6,72418.38,72418.38
1790666040,2026-09-29T12:44:00,72416.67,72416.67,72398.09,72402.01
1790666055,2026-09-29T12:44:15,72401.65,72404.72,72381.86,72386.4
1790666070,2026-09-29T12:44:30,72385.49,72397.21,72385.49,72395.08
1790666085,2026-09-29T12:44:45,72395.12,72395.12,72385.64,72387.18
1790666100,2026-09-29T12:45:00,72388.99,72389.6,72383.26,72389.6
1790666115,2026-09-29T12:45:15,72388.25,72388.25,72378.47,72378.47
1790666130,2026-09-29T12:45:30,72378.63,72386.54,72376.87,72386.37
1790666145,2026-09-29T12:45:45,72386.23,72399.69,72386.23,72390.66
1790666160,2026-09-29T12:46:00,72391.61,72392.37,72381.9,72381.9
1790666175,2026-09-29T12:46:15,72381.78,72381.78,72373.67,72377.76
1790666190,2026-09-29T12:46:30,72374.51,72376,72369.79,72372.3
1790666205,2026-09-29T12:46:45,72370.67,72371.46,72357.35,72358.52
1790666220,2026-09-29T12:47:00,72358.27,72360.55,72355.79,72358.65
1790666235,2026-09-29T12:47:15,72360.33,72360.71,72353.78,72360.71
1790666250,2026-09-29T12:47:30,72360.16,72379.11,72359.67,72379.11
1790666265,2026-09-29T12:47:45,72377.56,72377.93,72371.41,72373.94
1790666280,2026-09-29T12:48:00,72375.95,72389.47,72373.9,72388.09
1790666295,2026-09-29T12:48:15,72388.54,72394.44,72387.06,72393.1
1790666310,2026-09-29T12:48:30,72398.64,72402.96,72394.65,72394.87
1790666325,2026-09-29T12:48:45,72394.75,72401.19,72394.27,72400.77
1790666340,2026-09-29T12:49:00,72400.77,72409.75,72400.77,72409.46
1790666355,2026-09-29T12:49:15,72410.06,72416.58,72407.88,72413.61
1790666370,2026-09-29T12:49:30,72411.76,72411.76,72398.23,72406.08
1790666385,2026-09-29T12:49:45,72407.96,72410.19,72403.05,72403.56
1790666400,2026-09-29T12:50:00,72402.04,72402.56,72398.49,72402.29
1790666415,2026-09-29T12:50:15,72402.29,72403.86,72398.34,72399.87
1790666430,2026-09-29T12:50:30,72400.92,72406.26,72399.13,72406.26
1790666445,2026-09-29T12:50:45,72406.26,72407.47,72402.45,72404.26
1790666460,2026-09-29T12:51:00,72404.74,72412.37,72403.14,72411.53
1790666475,2026-09-29T12:51:15,72411.41,72411.41,72404.97,72407.32
1790666490,2026-09-29T12:51:30,72407.02,72407.64,72396.3,72396.3
1790666505,2026-09-29T12:51:45,72396.3,72397.86,72393.14,72394.65
1790666520,2026-09-29T12:52:00,72394.64,72409.64,72392.01,72409.64
1790666535,2026-09-29T12:52:15,72409.88,72417.29,72405.87,72417.29
1790666550,2026-09-29T12:52:30,72407.75,72416.14,72406.82,72412.73
1790666565,2026-09-29T12:52:45,72412.62,72413.65,72402.28,72407.56
1790666580,2026-09-29T12:53:00,72406.96,72408.38,72401.24,72404.05
1790666595,2026-09-29T12:53:15,72408.55,72415.62,72408.55,72414.31
1790666610,2026-09-29T12:53:30,72415.15,72416.96,72406.27,72406.27
1790666625,2026-09-29T12:53:45,72406.27,72413.9,72403.77,72410.69
1790666640,2026-09-29T12:54:00,72412.42,72431.41,72412.42,72430.69
1790666655,2026-09-29T12:54:15,72427.52,72430.16,72424.18,72430.16
1790666670,2026-09-29T12:54:30,72428.65,72433.13,72421.14,72421.14
1790666685,2026-09-29T12:54:45,72423.01,72426.79,72417.36,72418.33
1790666700,2026-09-29T12:55:00,72421.1,72421.83,72413.72,72419.07
1790666715,2026-09-29T12:55:15,72419.14,72420.46,72405.77,72407.89
1790666730,2026-09-29T12:55:30,72411.82,72421.23,72411.26,72417.93
1790666745,2026-09-29T12:55:45,72417.93,72430.62,72417.93,72430.62
1790666760,2026-09-29T12:56:00,72431.92,72437.62,72426.44,72434.95
1790666775,2026-09-29T12:56:15,72429.36,72436.09,72429.36,72435.99
1790666790,2026-09-29T12:56:30,72436.79,72455.78,72436.79,72455.78
1790666805,2026-09-29T12:56:45,72455.28,72464.98,72455.28,72460.87
1790666820,2026-09-29T12:57:00,72462.79,72466.4,72456.96,72466.4
1790666835,2026-09-29T12:57:15,72466.87,72494.57,72466.87,72492.99
1790666850,2026-09-29T12:57:30,72491.52,72491.73,72485.2,72485.2
1790666865,2026-09-29T12:57:45,72484.78,72487.63,72476.46,72476.46
1790666880,2026-09-29T12:58:00,72475.49,72481.27,72473.93,72473.93
1790666895,2026-09-29T12:58:15,72474.2,72476.52,72470.47,72472.7
1790666910,2026-09-29T12:58:30,72473.2,72473.2,72460.48,72460.48
1790666925,2026-09-29T12:58:45,72459.02,72459.02,72442.2,72446.19
1790666940,2026-09-29T12:59:00,72443.68,72448.3,72439.78,72439.78
1790666955,2026-09-29T12:59:15,72447.18,72453.7,72445.85,72453.7
1790666970,2026-09-29T12:59:30,72448.35,72451.78,72448.26,72451.65
1790666985,2026-09-29T12:59:45,72451.31,72453.56,72449.05,72449.05
1790667000,2026-09-29T13:00:00,72449.45,72454.68,72449.45,72450.66
1790667015,2026-09-29T13:00:15,72448.55,72452.15,72447.84,72447.84
1790667030,2026-09-29T13:00:30,72444.89,72455.51,72444.89,72453.98
1790667045,2026-09-29T13:00:45,72454.23,72455.78,72451,72451.56
1790667060,2026-09-29T13:01:00,72451.25,72454.82,72450.29,72454.82
1790667075,2026-09-29T13:01:15,72453.15,72453.15,72440,72440.62
1790667090,2026-09-29T13:01:30,72441.6,72441.61,72434.35,72434.77
1790667105,2026-09-29T13:01:45,72433.93,72438.06,72430.23,72435.88
1790667120,2026-09-29T13:02:00,72433.57,72441.69,72433.17,72438.48
1790667135,2026-09-29T13:02:15,72438.06,72446.5,72436.71,72444.49
1790667150,2026-09-29T13:02:30,72445.48,72445.48,72439.55,72440.38
1790667165,2026-09-29T13:02:45,72441.35,72443.61,72437.48,72439.54
1790667180,2026-09-29T13:03:00,72439.54,72439.54,72430.03,72430.03
1790667195,2026-09-29T13:03:15,72424.1,72427.71,72422.47,72424.86
1790667210,2026-09-29T13:03:30,72425.13,72441.84,72425.13,72439.12
1790667225,2026-09-29T13:03:45,72439.3,72441.88,72433.2,72433.2
1790667240,2026-09-29T13:04:00,72434.54,72438.48,72433.66,72437.11
1790667255,2026-09-29T13:04:15,72434.43,72434.43,72425.04,72425.04
1790667270,2026-09-29T13:04:30,72423.41,72426.57,72421.44,72426.57
1790667285,2026-09-29T13:04:45,72427.29,72427.91,72416.25,72416.86
1790667300,2026-09-29T13:05:00,72413.23,72417.71,72409.45,72409.45
1790667315,2026-09-29T13:05:15,72411.76,72414.12,72407.08,72414.12
1790667330,2026-09-29T13:05:30,72412.77,72414.35,72410,72410.86
1790667345,2026-09-29T13:05:45,72410.82,72417.63,72409.27,72412.52
1790667360,2026-09-29T13:06:00,72410.95,72417.48,72409.66,72409.66
1790667375,2026-09-29T13:06:15,72408.57,72414.97,72407.81,72414.97
1790667390,2026-09-29T13:06:30,72410.22,72412.73,72406.52,72407.94
1790667405,2026-09-29T13:06:45,72409.58,72412.72,72406.13,72409.71
1790667420,2026-09-29T13:07:00,72409.97,72418.37,72406.48,72415.69
1790667435,2026-09-29T13:07:15,72415.24,72416.94,72411.74,72411.74
1790667450,2026-09-29T13:07:30,72410.79,72412.92,72406.72,72409.07
1790667465,2026-09-29T13:07:45,72408.02,72420.84,72408.02,72415.67
1790667480,2026-09-29T13:08:00,72415.67,72426.23,72412.71,72426.23
1790667495,2026-09-29T13:08:15,72428.52,72431.63,72424.84,72429.58
1790667510,2026-09-29T13:08:30,72431.92,72431.92,72419.31,72427.16
1790667525,2026-09-29T13:08:45,72426.26,72431.32,72422.94,72429.52
1790667540,2026-09-29T13:09:00,72429.6,72436.16,72423.78,72436.16
1790667555,2026-09-29T13:09:15,72438.95,72457.96,72438.95,72457.96
1790667570,2026-09-29T13:09:30,72458.49,72480.57,72458.49,72480.48
1790667585,2026-09-29T13:09:45,72480.96,72497.27,72480.96,72491.74
1790667600,2026-09-29T13:10:00,72492.1,72492.1,72463.4,72463.4
1790667615,2026-09-29T13:10:15,72461.03,72463.25,72451.6,72463.25
1790667630,2026-09-29T13:10:30,72462.88,72464.8,72459.25,72464.02
1790667645,2026-09-29T13:10:45,72463.81,72464.44,72459.22,72463.83
1790667660,2026-09-29T13:11:00,72463.83,72465.71,72456.34,72463.28
1790667675,2026-09-29T13:11:15,72463.28,72464.11,72451.02,72451.02
1790667690,2026-09-29T13:11:30,72451.04,72458.78,72449.92,72450.87
1790667705,2026-09-29T13:11:45,72451.17,72453.64,72447.16,72449.72
1790667720,2026-09-29T13:12:00,72445.96,72451.66,72445.47,72450.98
1790667735,2026-09-29T13:12:15,72447.48,72447.48,72436.88,72436.88
1790667750,2026-09-29T13:12:30,72434.16,72434.16,72428.66,72430.71
1790667765,2026-09-29T13:12:45,72433.04,72436.6,72425.92,72425.92
1790667780,2026-09-29T13:13:00,72425.39,72442.96,72425.39,72442.92
1790667795,2026-09-29T13:13:15,72442.08,72448.11,72436.88,72448.11
1790667810,2026-09-29T13:13:30,72446.35,72446.35,72436.91,72438.81
1790667825,2026-09-29T13:13:45,72439.24,72443.1,72430.07,72432.08
1790667840,2026-09-29T13:14:00,72432.48,72433.94,72429.15,72431.5
1790667855,2026-09-29T13:14:15,72429.91,72429.91,72419.59,72423.01
1790667870,2026-09-29T13:14:30,72420.46,72428.2,72417.96,72428.2
1790667885,2026-09-29T13:14:45,72427.04,72434.18,72427.04,72433.2
1790667900,2026-09-29T13:15:00,72432.98,72432.98,72423.41,72426.52
1790667915,2026-09-29T13:15:15,72428.56,72428.56,72418.86,72421.47
1790667930,2026-09-29T13:15:30,72425.05,72426.2,72409.69,72411.05
1790667945,2026-09-29T13:15:45,72408.57,72415.35,72407.25,72407.25
1790667960,2026-09-29T13:16:00,72406.94,72419.55,72405.54,72419.55
1790667975,2026-09-29T13:16:15,72419.55,72421.31,72417.6,72421.31
1790667990,2026-09-29T13:16:30,72421.71,72422.87,72415.65,72417.18
1790668005,2026-09-29T13:16:45,72415.5,72422.31,72415.5,72422.31
1790668020,2026-09-29T13:17:00,72421.04,72422.3,72417.87,72417.87
1790668035,2026-09-29T13:17:15,72417.87,72434.52,72417.87,72434.51
1790668050,2026-09-29T13:17:30,72432.51,72454.67,72432.51,72453.8
1790668065,2026-09-29T13:17:45,72455.32,72455.32,72435.69,72435.69
1790668080,2026-09-29T13:18:00,72439.55,72442.69,72436.88,72436.88
1790668095,2026-09-29T13:18:15,72437.27,72439.6,72434.06,72435.01
1790668110,2026-09-29T13:18:30,72435.01,72439.6,72435.01,72435.02
1790668125,2026-09-29T13:18:45,72436.36,72446.67,72435.49,72446.13
1790668140,2026-09-29T13:19:00,72440.7,72443.43,72436.98,72436.98
1790668155,2026-09-29T13:19:15,72437.63,72441.14,72434.58,72436.69
1790668170,2026-09-29T13:19:30,72436.35,72436.35,72419.03,72419.41
1790668185,2026-09-29T13:19:45,72416.61,72416.61,72406.01,72408.1
1790668200,2026-09-29T13:20:00,72407.51,72411.62,72402.59,72402.79
1790668215,2026-09-29T13:20:15,72406.77,72406.77,72384.14,72386.9
1790668230,2026-09-29T13:20:30,72385.9,72385.9,72373.24,72377.29
1790668245,2026-09-29T13:20:45,72378.56,72378.56,72366.36,72367.31
1790668260,2026-09-29T13:21:00,72367.31,72376.44,72367.31,72374.77
1790668275,2026-09-29T13:21:15,72374.77,72388.53,72374.77,72381.48
1790668290,2026-09-29T13:21:30,72385.58,72387.3,72378.17,72381.32
1790668305,2026-09-29T13:21:45,72381.17,72382.74,72373.18,72379.05
1790668320,2026-09-29T13:22:00,72379.81,72387,72379.28,72387
1790668335,2026-09-29T13:22:15,72387.99,72388.84,72382.5,72388.11
1790668350,2026-09-29T13:22:30,72386.21,72386.28,72373.6,72373.6
1790668365,2026-09-29T13:22:45,72373.77,72378.84,72369.87,72372.46
1790668380,2026-09-29T13:23:00,72372.16,72372.16,72361.9,72363.81
1790668395,2026-09-29T13:23:15,72361.39,72362.96,72357.54,72362.96
1790668410,2026-09-29T13:23:30,72359.94,72366.98,72357.75,72360.78
1790668425,2026-09-29T13:23:45,72359.98,72359.98,72351.83,72356.45
1790668440,2026-09-29T13:24:00,72352.13,72368.04,72350.33,72359.85
1790668455,2026-09-29T13:24:15,72359.82,72364.81,72356.22,72359.71
1790668470,2026-09-29T13:24:30,72359.71,72363,72358.14,72360.78
1790668485,2026-09-29T13:24:45,72361.09,72368.07,72361.08,72363.49
1790668500,2026-09-29T13:25:00,72363.44,72368.2,72360.4,72361.63
1790668515,2026-09-29T13:25:15,72362.61,72369.29,72361.06,72365.98
1790668530,2026-09-29T13:25:30,72365.66,72378.13,72365.4,72377.77
1790668545,2026-09-29T13:25:45,72377.4,72382.8,72377.4,72382.8
1790668560,2026-09-29T13:26:00,72385,72388.95,72380.84,72385.31
1790668575,2026-09-29T13:26:15,72386.62,72386.98,72381.8,72383.71
1790668590,2026-09-29T13:26:30,72384.65,72386.46,72381.64,72382.76
1790668605,2026-09-29T13:26:45,72382.76,72382.76,72370.88,72375.81
1790668620,2026-09-29T13:27:00,72375.9,72378,72368.39,72368.44
1790668635,2026-09-29T13:27:15,72369.55,72370.12,72363.55,72366.57
1790668650,2026-09-29T13:27:30,72367.99,72371.41,72367.38,72371.39
1790668665,2026-09-29T13:27:45,72370.46,72371.49,72367.56,72367.67
1790668680,2026-09-29T13:28:00,72361.75,72361.84,72352.25,72353.46
1790668695,2026-09-29T13:28:15,72351.15,72351.54,72339.9,72346.94
1790668710,2026-09-29T13:28:30,72346.6,72347.99,72341.65,72347.99
1790668725,2026-09-29T13:28:45,72348.75,72353.6,72345.69,72350.19
1790668740,2026-09-29T13:29:00,72351.57,72358.46,72349.35,72350.18
1790668755,2026-09-29T13:29:15,72350.88,72351.79,72342.61,72349.6
1790668770,2026-09-29T13:29:30,72346.33,72352.85,72344.65,72347.78
1790668785,2026-09-29T13:29:45,72349.17,72361.96,72349.17,72361.96
1790668800,2026-09-29T13:30:00,72360.49,72361.05,72351.72,72351.72
1790668815,2026-09-29T13:30:15,72351.43,72352.87,72348.31,72348.31
1790668830,2026-09-29T13:30:30,72350.08,72350.08,72335.52,72337.19
1790668845,2026-09-29T13:30:45,72339.85,72346.44,72335.87,72346.44
1790668860,2026-09-29T13:31:00,72347.64,72351.75,72342.76,72345.84
1790668875,2026-09-29T13:31:15,72345.24,72358.18,72344.15,72357.82
1790668890,2026-09-29T13:31:30,72358.21,72359.08,72355.5,72357.34
1790668905,2026-09-29T13:31:45,72357.04,72358.22,72352.75,72353.38
1790668920,2026-09-29T13:32:00,72352.11,72358.04,72349.7,72358.04
1790668935,2026-09-29T13:32:15,72358.48,72368.32,72351.37,72368.32
1790668950,2026-09-29T13:32:30,72368.42,72372.75,72364.02,72364.02
1790668965,2026-09-29T13:32:45,72363.91,72364.4,72360.06,72360.88
1790668980,2026-09-29T13:33:00,72358.03,72358.15,72351.62,72354.9
1790668995,2026-09-29T13:33:15,72350.91,72355.25,72348.23,72349.8
1790669010,2026-09-29T13:33:30,72350.39,72350.67,72344.63,72346.07
1790669025,2026-09-29T13:33:45,72344.83,72352.54,72341.29,72351.64
1790669040,2026-09-29T13:34:00,72352.45,72355.23,72349.04,72349.04
1790669055,2026-09-29T13:34:15,72346.54,72346.54,72341.02,72343.22
1790669070,2026-09-29T13:34:30,72343.32,72348.13,72343.32,72348.13
1790669085,2026-09-29T13:34:45,72348.89,72349.57,72339.83,72341.95
1790669100,2026-09-29T13:35:00,72341.95,72341.98,72334.03,72334.64
1790669115,2026-09-29T13:35:15,72334.88,72336.71,72332.07,72333.42
1790669130,2026-09-29T13:35:30,72334.82,72341.53,72327.17,72341.53
1790669145,2026-09-29T13:35:45,72343.42,72343.8,72340.33,72341.45
1790669160,2026-09-29T13:36:00,72336.52,72342.55,72335.53,72341.38
1790669175,2026-09-29T13:36:15,72344.52,72344.52,72330.64,72334.63
1790669190,2026-09-29T13:36:30,72334.55,72334.55,72314.22,72317.3
1790669205,2026-09-29T13:36:45,72317.21,72318.21,72311.43,72316.16
1790669220,2026-09-29T13:37:00,72311.97,72312.42,72299.06,72302.29
1790669235,2026-09-29T13:37:15,72304.21,72307.26,72304.21,72305.3
1790669250,2026-09-29T13:37:30,72302.6,72310.58,72301.8,72310.58
1790669265,2026-09-29T13:37:45,72310.41,72314.2,72310.04,72312.61
1790669280,2026-09-29T13:38:00,72312.74,72312.74,72269.51,72269.51
1790669295,2026-09-29T13:38:15,72268.36,72272.58,72263.6,72270
1790669310,2026-09-29T13:38:30,72269.16,72269.25,72263.59,72264.67
1790669325,2026-09-29T13:38:45,72268.97,72275.05,72264.97,72275.05
1790669340,2026-09-29T13:39:00,72277.49,72277.49,72264.31,72267.53
1790669355,2026-09-29T13:39:15,72263.58,72276.01,72263.58,72276.01
1790669370,2026-09-29T13:39:30,72276.1,72284.8,72276.1,72279.88
1790669385,2026-09-29T13:39:45,72280.05,72283.7,72276.4,72282.49
1790669400,2026-09-29T13:40:00,72286.17,72289.41,72275.96,72275.96
1790669415,2026-09-29T13:40:15,72275.96,72276.14,72269.01,72269.01
1790669430,2026-09-29T13:40:30,72268.69,72275.94,72268.69,72273.04
1790669445,2026-09-29T13:40:45,72273.04,72274.97,72270.69,72274.23
1790669460,2026-09-29T13:41:00,72275.21,72288.56,72275.21,72288.56
1790669475,2026-09-29T13:41:15,72281.78,72295.61,72279.32,72291.75
1790669490,2026-09-29T13:41:30,72291.91,72300.69,72291.91,72297.96
1790669505,2026-09-29T13:41:45,72297.96,72297.96,72289.48,72290.23
1790669520,2026-09-29T13:42:00,72291.76,72296.04,72290.95,72294.55
1790669535,2026-09-29T13:42:15,72295.15,72303.93,72291.06,72303.93
1790669550,2026-09-29T13:42:30,72303.8,72303.8,72290.79,72292.16
1790669565,2026-09-29T13:42:45,72292.1,72295.47,72288.68,72294.42
1790669580,2026-09-29T13:43:00,72291.73,72295.04,72279.55,72287.02
1790669595,2026-09-29T13:43:15,72284.13,72284.13,72277.8,72280.42
1790669610,2026-09-29T13:43:30,72280.47,72290.63,72279.65,72290.42
1790669625,2026-09-29T13:43:45,72290.42,72293.81,72286.12,72293.81
1790669640,2026-09-29T13:44:00,72294.07,72302.12,72293.42,72302.12
1790669655,2026-09-29T13:44:15,72301.48,72302.6,72299.88,72302.52
1790669670,2026-09-29T13:44:30,72301.29,72308.28,72301.29,72305.1
1790669685,2026-09-29T13:44:45,72303.12,72311.74,72302.89,72307.57
1790669700,2026-09-29T13:45:00,72309.81,72315.76,72308.27,72312.68
1790669715,2026-09-29T13:45:15,72311.53,72316.42,72310.7,72313.8
1790669730,2026-09-29T13:45:30,72313.8,72319.8,72311.41,72319.8
1790669745,2026-09-29T13:45:45,72319.8,72328.87,72319.8,72328.87
1790669760,2026-09-29T13:46:00,72328.87,72342.11,72328.87,72342.11
1790669775,2026-09-29T13:46:15,72340.34,72342.72,72336.92,72340.43
1790669790,2026-09-29T13:46:30,72341.93,72342.53,72337.11,72342.53
1790669805,2026-09-29T13:46:45,72345.97,72348.62,72344.38,72346.68
1790669820,2026-09-29T13:47:00,72346.68,72346.68,72341.68,72342.06
1790669835,2026-09-29T13:47:15,72336.09,72348.52,72334.66,72346.36
1790669850,2026-09-29T13:47:30,72346.95,72346.95,72342.41,72346.06
1790669865,2026-09-29T13:47:45,72347.88,72359.95,72347.88,72359.66
1790669880,2026-09-29T13:48:00,72359.66,72359.66,72348.91,72348.91
1790669895,2026-09-29T13:48:15,72347.93,72347.93,72341.93,72347.39
1790669910,2026-09-29T13:48:30,72348.26,72348.26,72337.6,72340.13
1790669925,2026-09-29T13:48:45,72340.66,72343.09,72340.22,72341.18
1790669940,2026-09-29T13:49:00,72342.08,72342.08,72338.78,72340.84
1790669955,2026-09-29T13:49:15,72341.62,72344.19,72337.6,72343.87
1790669970,2026-09-29T13:49:30,72344.28,72357.63,72343.85,72357.63
1790669985,2026-09-29T13:49:45,72357.42,72357.42,72352.71,72355.82
1790670000,2026-09-29T13:50:00,72356.12,72357.76,72353.07,72353.07
1790670015,2026-09-29T13:50:15,72353.75,72356.32,72349.17,72350.36
1790670030,2026-09-29T13:50:30,72350.36,72357.3,72350.36,72356.61
1790670045,2026-09-29T13:50:45,72356.31,72365.03,72355.13,72364.61
1790670060,2026-09-29T13:51:00,72366.87,72383.93,72363.38,72383.93
1790670075,2026-09-29T13:51:15,72387.35,72393.15,72387.35,72390.53
1790670090,2026-09-29T13:51:30,72390.27,72394.17,72389.03,72389.03
1790670105,2026-09-29T13:51:45,72389.77,72393.67,72385.49,72392.05
1790670120,2026-09-29T13:52:00,72389.3,72408.2,72389.3,72406.24
1790670135,2026-09-29T13:52:15,72406.24,72406.24,72396.44,72396.44
1790670150,2026-09-29T13:52:30,72396.44,72396.44,72390.78,72390.78
1790670165,2026-09-29T13:52:45,72390,72395.22,72388.72,72395.22
1790670180,2026-09-29T13:53:00,72395.22,72397.78,72390.82,72390.82
1790670195,2026-09-29T13:53:15,72393.69,72398.22,72387.5,72387.5
1790670210,2026-09-29T13:53:30,72387.95,72390.64,72386.27,72390.18
1790670225,2026-09-29T13:53:45,72389.3,72393.19,72384.96,72387.29
1790670240,2026-09-29T13:54:00,72383.88,72385.38,72374.52,72376.9
1790670255,2026-09-29T13:54:15,72376.91,72379.92,72372.98,72373.22
1790670270,2026-09-29T13:54:30,72375.72,72383.86,72375.72,72383.86
1790670285,2026-09-29T13:54:45,72384.62,72385.69,72381.79,72381.84
1790670300,2026-09-29T13:55:00,72381.84,72382.25,72370.66,72375.56
1790670315,2026-09-29T13:55:15,72374.66,72378.01,72368.82,72368.82
1790670330,2026-09-29T13:55:30,72369.29,72371.08,72366.21,72366.76
1790670345,2026-09-29T13:55:45,72364.44,72371.77,72363.09,72365.65
1790670360,2026-09-29T13:56:00,72369.57,72374.43,72367.95,72373.34
1790670375,2026-09-29T13:56:15,72374,72375.51,72368.25,72375.51
1790670390,2026-09-29T13:56:30,72369.41,72371.83,72368.08,72371.27
1790670405,2026-09-29T13:56:45,72371.27,72377.06,72369.83,72377.06
1790670420,2026-09-29T13:57:00,72377.62,72381.91,72377.62,72381.79
1790670435,2026-09-29T13:57:15,72381.23,72382.23,72376.47,72382.01
1790670450,2026-09-29T13:57:30,72382.01,72384.15,72372.67,72374.46
1790670465,2026-09-29T13:57:45,72374.12,72375.31,72368.02,72375.31
1790670480,2026-09-29T13:58:00,72375.06,72375.06,72367.15,72367.15
1790670495,2026-09-29T13:58:15,72365.58,72372.42,72365.58,72371.74
1790670510,2026-09-29T13:58:30,72368.95,72374.49,72365.95,72373.86
1790670525,2026-09-29T13:58:45,72374.87,72384.65,72372.03,72384.26
1790670540,2026-09-29T13:59:00,72384.26,72385.85,72377.02,72381.86
1790670555,2026-09-29T13:59:15,72381.86,72383.41,72377.71,72382.61
1790670570,2026-09-29T13:59:30,72380.48,72381.11,72376.01,72381.11
1790670585,2026-09-29T13:59:45,72381.11,72382.84,72376.29,72376.89
1790670600,2026-09-29T14:00:00,72376.97,72384.58,72376.97,72384.4
1790670615,2026-09-29T14:00:15,72385.36,72386.84,72382.11,72382.52
1790670630,2026-09-29T14:00:30,72384,72385.13,72365.55,72366.04
1790670645,2026-09-29T14:00:45,72367.92,72367.92,72356.48,72360.69
1790670660,2026-09-29T14:01:00,72360.42,72360.42,72348.82,72353.23
1790670675,2026-09-29T14:01:15,72354.64,72356.81,72350.66,72353.2
1790670690,2026-09-29T14:01:30,72353.44,72365.26,72349.44,72365.26
1790670705,2026-09-29T14:01:45,72371.01,72371.16,72365.15,72369.43
1790670720,2026-09-29T14:02:00,72367.25,72368.59,72365.52,72365.52
1790670735,2026-09-29T14:02:15,72363.37,72364.6,72358.92,72358.92
1790670750,2026-09-29T14:02:30,72358.76,72358.76,72350.49,72351.08
1790670765,2026-09-29T14:02:45,72350.69,72356.4,72349.64,72355.38
1790670780,2026-09-29T14:03:00,72355.04,72356.88,72348.93,72351.97
1790670795,2026-09-29T14:03:15,72352.23,72353.54,72340.67,72340.67
1790670810,2026-09-29T14:03:30,72344.55,72345.23,72337.58,72338.7
1790670825,2026-09-29T14:03:45,72335.15,72344.19,72328.4,72344.19
1790670840,2026-09-29T14:04:00,72333.78,72337.82,72332.18,72333.81
1790670855,2026-09-29T14:04:15,72334.99,72340.78,72334.71,72338.63
1790670870,2026-09-29T14:04:30,72336.02,72337.29,72331.42,72337.29
1790670885,2026-09-29T14:04:45,72335.96,72335.96,72329.48,72330.15
1790670900,2026-09-29T14:05:00,72330.04,72334.75,72323.36,72324.47
1790670915,2026-09-29T14:05:15,72326.58,72345.32,72324.24,72344.82
1790670930,2026-09-29T14:05:30,72344.67,72355.91,72344.67,72355.91
1790670945,2026-09-29T14:05:45,72358.72,72370.14,72358.72,72370.14
1790670960,2026-09-29T14:06:00,72372.04,72372.48,72365.44,72367.2
1790670975,2026-09-29T14:06:15,72367.4,72369.69,72366.48,72367
1790670990,2026-09-29T14:06:30,72371.9,72375.36,72367.62,72375.36
1790671005,2026-09-29T14:06:45,72374.98,72374.98,72367.59,72368.64
1790671020,2026-09-29T14:07:00,72374.12,72377.68,72362.09,72362.09
1790671035,2026-09-29T14:07:15,72361.79,72365.14,72354.35,72355.05
1790671050,2026-09-29T14:07:30,72354.86,72356.8,72352.95,72356.39
1790671065,2026-09-29T14:07:45,72353.31,72359.62,72350.75,72359.62
1790671080,2026-09-29T14:08:00,72359.05,72361.33,72356.85,72361.33
1790671095,2026-09-29T14:08:15,72363.38,72366.4,72360.43,72362.22
1790671110,2026-09-29T14:08:30,72363.3,72364.12,72357.08,72361.07
1790671125,2026-09-29T14:08:45,72361.9,72367.24,72356.84,72356.84
1790671140,2026-09-29T14:09:00,72357,72366.62,72357,72366.62
1790671155,2026-09-29T14:09:15,72371.83,72393.74,72371.83,72393.74
1790671170,2026-09-29T14:09:30,72394.41,72396,72391.27,72391.27
1790671185,2026-09-29T14:09:45,72390.6,72398.25,72384.94,72397.81
1790671200,2026-09-29T14:10:00,72397.11,72418.19,72395.85,72418.19
1790671215,2026-09-29T14:10:15,72419.81,72429.73,72419.81,72429.73
1790671230,2026-09-29T14:10:30,72430.28,72440.42,72430.28,72433.6
1790671245,2026-09-29T14:10:45,72433.99,72433.99,72404.84,72407.78
1790671260,2026-09-29T14:11:00,72409.09,72409.09,72397.99,72400.22
1790671275,2026-09-29T14:11:15,72397.32,72403.7,72395.32,72395.32
1790671290,2026-09-29T14:11:30,72401.57,72415.13,72401.57,72415.13
1790671305,2026-09-29T14:11:45,72413.56,72416.88,72413.39,72415.09
1790671320,2026-09-29T14:12:00,72414.59,72419.8,72414.32,72414.62
1790671335,2026-09-29T14:12:15,72415.23,72418.96,72406.1,72406.1
1790671350,2026-09-29T14:12:30,72407.35,72415.18,72399.77,72399.77
1790671365,2026-09-29T14:12:45,72397.96,72405.17,72391.35,72402.13
1790671380,2026-09-29T14:13:00,72402.96,72413.89,72398.08,72413.7
1790671395,2026-09-29T14:13:15,72413.57,72414.99,72409.28,72414.75
1790671410,2026-09-29T14:13:30,72413.96,72413.96,72407.79,72412.16
1790671425,2026-09-29T14:13:45,72411.81,72424.96,72408.28,72424.96
1790671440,2026-09-29T14:14:00,72422.17,72436.15,72422.08,72433.66
1790671455,2026-09-29T14:14:15,72433.49,72438.42,72430.66,72434.55
1790671470,2026-09-29T14:14:30,72436.18,72436.18,72429.26,72431.97
1790671485,2026-09-29T14:14:45,72429.5,72430.48,72420.13,72420.13
1790671500,2026-09-29T14:15:00,72415.24,72415.24,72387.93,72393.27
1790671515,2026-09-29T14:15:15,72393.27,72406.51,72392.81,72406.51
1790671530,2026-09-29T14:15:30,72406.16,72406.16,72399.6,72402.22
1790671545,2026-09-29T14:15:45,72403.19,72407.71,72403.19,72406.26
1790671560,2026-09-29T14:16:00,72406.18,72428.55,72406.18,72428.55
1790671575,2026-09-29T14:16:15,72427.99,72428.71,72422.12,72422.12
1790671590,2026-09-29T14:16:30,72421.73,72422.19,72416.56,72420.89
1790671605,2026-09-29T14:16:45,72421.25,72421.25,72408.62,72410.49
1790671620,2026-09-29T14:17:00,72409.16,72410.57,72402.08,72410
1790671635,2026-09-29T14:17:15,72409.66,72416.25,72408,72409.14
1790671650,2026-09-29T14:17:30,72408.86,72417.03,72408.59,72415.1
1790671665,2026-09-29T14:17:45,72415.55,72423.59,72415.55,72420.49
1790671680,2026-09-29T14:18:00,72421.12,72426.14,72421.12,72425.33
1790671695,2026-09-29T14:18:15,72425.73,72435.57,72421.51,72431.85
1790671710,2026-09-29T14:18:30,72431.19,72439.75,72431.19,72438.53
1790671725,2026-09-29T14:18:45,72437.72,72441.75,72437.59,72439.02
1790671740,2026-09-29T14:19:00,72439.91,72441.35,72434.56,72434.56
1790671755,2026-09-29T14:19:15,72432.79,72433.86,72430.9,72432.92
1790671770,2026-09-29T14:19:30,72433.22,72436.25,72431.05,72431.05
1790671785,2026-09-29T14:19:45,72430.36,72435.2,72426.75,72426.75
1790671800,2026-09-29T14:20:00,72427.95,72430.56,72422.37,72422.37
1790671815,2026-09-29T14:20:15,72421.56,72427.2,72421.56,72422.99
1790671830,2026-09-29T14:20:30,72425,72426.28,72418.19,72419.64
1790671845,2026-09-29T14:20:45,72419.56,72422.38,72417.75,72417.75
1790671860,2026-09-29T14:21:00,72417.75,72424.16,72415.98,72421.94
1790671875,2026-09-29T14:21:15,72425.1,72425.1,72418.22,72424.37
1790671890,2026-09-29T14:21:30,72424.37,72427.11,72424.37,72425.18
1790671905,2026-09-29T14:21:45,72425.78,72432.21,72425.78,72428.58
1790671920,2026-09-29T14:22:00,72428.58,72429.66,72420.84,72420.84
1790671935,2026-09-29T14:22:15,72421.76,72423.1,72412.91,72412.91
1790671950,2026-09-29T14:22:30,72417.78,72417.78,72395.69,72395.69
1790671965,2026-09-29T14:22:45,72400.17,72416.13,72400.17,72412.42
1790671980,2026-09-29T14:23:00,72411.19,72411.6,72392.07,72392.07
1790671995,2026-09-29T14:23:15,72390.42,72391.07,72377.55,72377.99
1790672010,2026-09-29T14:23:30,72379.24,72385.05,72378.86,72383.31
1790672025,2026-09-29T14:23:45,72383.31,72385.11,72374.51,72381.09
1790672040,2026-09-29T14:24:00,72387.4,72387.94,72379.78,72382.57
1790672055,2026-09-29T14:24:15,72381.71,72384.49,72373.26,72384.49
1790672070,2026-09-29T14:24:30,72383.37,72386.7,72373.65,72384.65
1790672085,2026-09-29T14:24:45,72378.84,72382.2,72377.55,72378.62
1790672100,2026-09-29T14:25:00,72378.36,72381.17,72374.66,72381.17
1790672115,2026-09-29T14:25:15,72381.53,72385.62,72380.16,72380.16
1790672130,2026-09-29T14:25:30,72379,72388.69,72379,72382.56
1790672145,2026-09-29T14:25:45,72381.58,72392.21,72381.58,72392.21
1790672160,2026-09-29T14:26:00,72390.26,72398.16,72390.26,72396.35
1790672175,2026-09-29T14:26:15,72396.98,72407.93,72396.98,72407.93
1790672190,2026-09-29T14:26:30,72406.53,72412.27,72406.53,72409.62
1790672205,2026-09-29T14:26:45,72407.69,72407.69,72398.55,72400.08
1790672220,2026-09-29T14:27:00,72400.6,72401.01,72395.83,72399.24
1790672235,2026-09-29T14:27:15,72401.15,72401.15,72384.7,72394.28
1790672250,2026-09-29T14:27:30,72394.28,72394.28,72382.19,72389.58
1790672265,2026-09-29T14:27:45,72389.58,72389.58,72381.19,72382.59
1790672280,2026-09-29T14:28:00,72380.35,72382.59,72373.86,72379.13
1790672295,2026-09-29T14:28:15,72378.11,72378.11,72369.7,72371.14
1790672310,2026-09-29T14:28:30,72379.65,72379.78,72370.8,72377.01
1790672325,2026-09-29T14:28:45,72377.01,72385.95,72376.7,72383.44
1790672340,2026-09-29T14:29:00,72385.76,72393.37,72384.38,72391.06
1790672355,2026-09-29T14:29:15,72391.02,72394.73,72389.63,72394.5
1790672370,2026-09-29T14:29:30,72394.27,72394.35,72390.92,72392.4
1790672385,2026-09-29T14:29:45,72391.73,72391.73,72385.34,72391.37
1790672400,2026-09-29T14:30:00,72391.37,72397.89,72389.69,72395.79
1790672415,2026-09-29T14:30:15,72399.85,72410.43,72399.85,72410.43
1790672430,2026-09-29T14:30:30,72407.27,72409.98,72405.87,72409.98
1790672445,2026-09-29T14:30:45,72409.38,72432.32,72409.38,72432.32
1790672460,2026-09-29T14:31:00,72440.3,72453.88,72438.23,72453.88
1790672475,2026-09-29T14:31:15,72457.39,72466.28,72457.39,72464.28
1790672490,2026-09-29T14:31:30,72465.93,72479.48,72462.34,72479.48
1790672505,2026-09-29T14:31:45,72477.47,72478.19,72472.71,72477.26
1790672520,2026-09-29T14:32:00,72476.98,72476.98,72469.36,72469.36
1790672535,2026-09-29T14:32:15,72467.25,72470.03,72462.35,72462.49
1790672550,2026-09-29T14:32:30,72462.82,72467.19,72457.99,72464.56
1790672565,2026-09-29T14:32:45,72465.85,72470.18,72448.47,72451.26
1790672580,2026-09-29T14:33:00,72451.26,72452.84,72443.48,72446.03
1790672595,2026-09-29T14:33:15,72448.86,72455.89,72435.87,72435.87
1790672610,2026-09-29T14:33:30,72435.83,72436.21,72414.09,72414.09
1790672625,2026-09-29T14:33:45,72410.67,72410.67,72394.25,72398.45
1790672640,2026-09-29T14:34:00,72399.34,72399.34,72392.56,72393.45
1790672655,2026-09-29T14:34:15,72393.29,72402.59,72393.29,72398.63
1790672670,2026-09-29T14:34:30,72401.04,72407.71,72398.24,72407.61
1790672685,2026-09-29T14:34:45,72407.78,72407.83,72404.81,72406.54
1790672700,2026-09-29T14:35:00,72404.92,72407.74,72403.01,72407.74
1790672715,2026-09-29T14:35:15,72409.49,72411.85,72406.29,72411.85
1790672730,2026-09-29T14:35:30,72409.54,72409.54,72405.59,72408.98
1790672745,2026-09-29T14:35:45,72410.59,72425.79,72408.51,72425.79
1790672760,2026-09-29T14:36:00,72427.65,72434.25,72425.98,72432.18
1790672775,2026-09-29T14:36:15,72429.4,72432.92,72425.2,72425.2
1790672790,2026-09-29T14:36:30,72424.01,72430.31,72422.79,72429.96
1790672805,2026-09-29T14:36:45,72432.88,72438.88,72429.82,72434.3
1790672820,2026-09-29T14:37:00,72436.15,72438.37,72431.96,72431.96
1790672835,2026-09-29T14:37:15,72431.89,72431.89,72425.89,72427.55
1790672850,2026-09-29T14:37:30,72427.21,72427.69,72421.04,72424.84
1790672865,2026-09-29T14:37:45,72425.11,72428.04,72418.22,72418.94
1790672880,2026-09-29T14:38:00,72422.16,72432.09,72422.16,72432.09
1790672895,2026-09-29T14:38:15,72428.58,72434.91,72428.58,72431.21
1790672910,2026-09-29T14:38:30,72432.79,72434.53,72428.49,72430.12
1790672925,2026-09-29T14:38:45,72430.88,72430.88,72425.65,72426.02
1790672940,2026-09-29T14:39:00,72432.75,72432.75,72425.04,72431.01
1790672955,2026-09-29T14:39:15,72430.87,72435.35,72430.7,72434.76
1790672970,2026-09-29T14:39:30,72430.68,72438.07,72430.68,72438.07
1790672985,2026-09-29T14:39:45,72437.58,72441.15,72435.57,72437.64
1790673000,2026-09-29T14:40:00,72439.6,72439.6,72429.48,72431.22
1790673015,2026-09-29T14:40:15,72430.67,72430.67,72420.02,72426.96
1790673030,2026-09-29T14:40:30,72425.34,72425.34,72420.33,72423.8
1790673045,2026-09-29T14:40:45,72424.2,72428.79,72424.2,72428.79
1790673060,2026-09-29T14:41:00,72430.51,72438.75,72427.6,72438.75
1790673075,2026-09-29T14:41:15,72434.32,72442.59,72432.41,72438.57
1790673090,2026-09-29T14:41:30,72438.22,72455.14,72438.22,72455.14
1790673105,2026-09-29T14:41:45,72450.71,72450.71,72441.02,72441.02
1790673120,2026-09-29T14:42:00,72440.67,72446.79,72430.95,72430.95
1790673135,2026-09-29T14:42:15,72429.46,72433.23,72427.99,72429.22
1790673150,2026-09-29T14:42:30,72430.35,72432.12,72416.47,72416.47
1790673165,2026-09-29T14:42:45,72415.31,72418.13,72415.31,72418.07
1790673180,2026-09-29T14:43:00,72418.78,72431.17,72414.07,72431.17
1790673195,2026-09-29T14:43:15,72431.59,72438.36,72431.19,72434.77
1790673210,2026-09-29T14:43:30,72435.12,72435.64,72424.87,72427.99
1790673225,2026-09-29T14:43:45,72427.52,72428.89,72420.17,72428.16
1790673240,2026-09-29T14:44:00,72428.34,72429.57,72423.24,72426.34
1790673255,2026-09-29T14:44:15,72431.28,72433.81,72425.57,72428.8
1790673270,2026-09-29T14:44:30,72428.19,72429.59,72420.19,72424.89
1790673285,2026-09-29T14:44:45,72424.14,72428.25,72422.84,72422.84
1790673300,2026-09-29T14:45:00,72418,72422.93,72413.49,72415.65
1790673315,2026-09-29T14:45:15,72410.63,72414.31,72396.68,72396.68
1790673330,2026-09-29T14:45:30,72396.11,72403.68,72393.98,72403.68
1790673345,2026-09-29T14:45:45,72408.3,72411.12,72400.76,72408.85
1790673360,2026-09-29T14:46:00,72411.13,72411.36,72400.1,72400.1
1790673375,2026-09-29T14:46:15,72398.33,72406.96,72398.33,72405.25
1790673390,2026-09-29T14:46:30,72403.18,72406.34,72402.78,72405.92
1790673405,2026-09-29T14:46:45,72405.95,72412.15,72404.41,72412.15
1790673420,2026-09-29T14:47:00,72412.17,72412.45,72404.02,72404.02
1790673435,2026-09-29T14:47:15,72395.44,72410.72,72394.84,72410.72
1790673450,2026-09-29T14:47:30,72411.61,72411.61,72403.03,72405.98
1790673465,2026-09-29T14:47:45,72405.98,72409.34,72405.85,72406.5
1790673480,2026-09-29T14:48:00,72407.09,72414.57,72405.76,72414.01
1790673495,2026-09-29T14:48:15,72413.44,72414.09,72411.51,72411.71
1790673510,2026-09-29T14:48:30,72411.71,72419.48,72411.71,72418.48
1790673525,2026-09-29T14:48:45,72418.1,72422.28,72418.1,72421.86
1790673540,2026-09-29T14:49:00,72421.72,72423.1,72417.16,72420.42
1790673555,2026-09-29T14:49:15,72419.42,72421.96,72413.47,72416.79
1790673570,2026-09-29T14:49:30,72418.4,72420.34,72412.11,72420.34
1790673585,2026-09-29T14:49:45,72420.34,72421.43,72415.88,72417.84
1790673600,2026-09-29T14:50:00,72417.84,72418.99,72412.09,72416.79
1790673615,2026-09-29T14:50:15,72416.86,72416.86,72405.56,72407.44
1790673630,2026-09-29T14:50:30,72411.89,72417.49,72411.89,72417.49
1790673645,2026-09-29T14:50:45,72418.7,72423.41,72417.2,72418.07
1790673660,2026-09-29T14:51:00,72417.02,72421.1,72414.18,72416.24
1790673675,2026-09-29T14:51:15,72418.54,72430.22,72417.49,72429.66
1790673690,2026-09-29T14:51:30,72429.09,72442.36,72425.94,72442.36
1790673705,2026-09-29T14:51:45,72440.49,72440.59,72432.69,72437.56
1790673720,2026-09-29T14:52:00,72436.18,72438.9,72429.26,72432.97
1790673735,2026-09-29T14:52:15,72431.29,72439.91,72431.29,72434.43
1790673750,2026-09-29T14:52:30,72435.04,72451.52,72432.78,72451.52
1790673765,2026-09-29T14:52:45,72452.63,72454.44,72449.19,72452.56
1790673780,2026-09-29T14:53:00,72451.53,72456.12,72451.53,72456.12
1790673795,2026-09-29T14:53:15,72457.28,72464.77,72457.28,72464.63
1790673810,2026-09-29T14:53:30,72464.78,72471.68,72464.78,72466.96
1790673825,2026-09-29T14:53:45,72468.39,72473.74,72467.5,72469.11
1790673840,2026-09-29T14:54:00,72467.34,72469.18,72460.4,72462.13
1790673855,2026-09-29T14:54:15,72460.93,72463.27,72459.88,72461.16
1790673870,2026-09-29T14:54:30,72459.92,72465.47,72459.92,72465.47
1790673885,2026-09-29T14:54:45,72465.99,72468.36,72463.41,72467.37
1790673900,2026-09-29T14:55:00,72470.81,72470.81,72462.59,72464.43
1790673915,2026-09-29T14:55:15,72466.21,72471.79,72464.24,72469.22
1790673930,2026-09-29T14:55:30,72472.28,72474.01,72466.6,72473.21
1790673945,2026-09-29T14:55:45,72473.23,72473.63,72464.21,72468.65
1790673960,2026-09-29T14:56:00,72467.39,72474.71,72467.39,72470.37
1790673975,2026-09-29T14:56:15,72469.24,72474.69,72467.76,72472.49
1790673990,2026-09-29T14:56:30,72472.06,72472.4,72465.32,72466.92
1790674005,2026-09-29T14:56:45,72473.31,72474.65,72457.36,72457.36
1790674020,2026-09-29T14:57:00,72455.85,72456.57,72444.66,72446.04
1790674035,2026-09-29T14:57:15,72446.67,72452.91,72446.39,72452.91
1790674050,2026-09-29T14:57:30,72451.98,72453.49,72439.42,72439.42
1790674065,2026-09-29T14:57:45,72440.4,72442.7,72439.24,72441.12
1790674080,2026-09-29T14:58:00,72440.41,72444.23,72434.96,72444.23
1790674095,2026-09-29T14:58:15,72444.84,72445.17,72437.44,72438.63
1790674110,2026-09-29T14:58:30,72434.33,72438.86,72434.33,72435.96
1790674125,2026-09-29T14:58:45,72435.4,72443.01,72430.59,72436.35
1790674140,2026-09-29T14:59:00,72436.2,72437.42,72426.39,72428.36
1790674155,2026-09-29T14:59:15,72429.89,72435.53,72428.6,72428.6
1790674170,2026-09-29T14:59:30,72427.14,72427.14,72415.92,72421.18
1790674185,2026-09-29T14:59:45,72424.03,72424.03,72413.63,72422.99
1790674200,2026-09-29T15:00:00,72421.59,72422.6,72408.99,72415.83
1790674215,2026-09-29T15:00:15,72415.77,72447.62,72415.11,72445.44
1790674230,2026-09-29T15:00:30,72441.78,72451.79,72440.3,72449.27
1790674245,2026-09-29T15:00:45,72445.87,72447.54,72440.74,72441.77
1790674260,2026-09-29T15:01:00,72442.87,72442.87,72420.71,72423.85
1790674275,2026-09-29T15:01:15,72423.53,72424.99,72410.61,72416.67
1790674290,2026-09-29T15:01:30,72416.72,72419.24,72406.38,72407.72
1790674305,2026-09-29T15:01:45,72410.01,72412.2,72408.34,72408.92
1790674320,2026-09-29T15:02:00,72402.82,72408.84,72402.11,72407.69
1790674335,2026-09-29T15:02:15,72407.69,72412.32,72403.61,72410.59
1790674350,2026-09-29T15:02:30,72410.42,72410.42,72391.33,72393.21
1790674365,2026-09-29T15:02:45,72391.16,72403.82,72391.16,72400.44
1790674380,2026-09-29T15:03:00,72399.53,72406.98,72399.53,72402.43
1790674395,2026-09-29T15:03:15,72402.12,72411.15,72395.57,72410.28
1790674410,2026-09-29T15:03:30,72412.25,72418.58,72409.48,72418.04
1790674425,2026-09-29T15:03:45,72420.32,72422.29,72410.7,72410.7
1790674440,2026-09-29T15:04:00,72404.21,72411.05,72404.21,72405.91
1790674455,2026-09-29T15:04:15,72404.84,72409.42,72394.01,72400.38
1790674470,2026-09-29T15:04:30,72400.53,72404.08,72394.42,72394.62
1790674485,2026-09-29T15:04:45,72394.62,72400.74,72390.56,72399.46
1790674500,2026-09-29T15:05:00,72399.21,72410.38,72399.21,72408.1
1790674515,2026-09-29T15:05:15,72408.29,72422.37,72408.29,72419.54
1790674530,2026-09-29T15:05:30,72419.08,72437.5,72419.08,72436.22
1790674545,2026-09-29T15:05:45,72439.93,72443.34,72434.66,72435.1
1790674560,2026-09-29T15:06:00,72438.08,72441.1,72434.57,72438.86
1790674575,2026-09-29T15:06:15,72439.06,72449.72,72439.06,72446.78
1790674590,2026-09-29T15:06:30,72447,72463.73,72447,72463.73
1790674605,2026-09-29T15:06:45,72463.16,72468.1,72456.19,72468.1
1790674620,2026-09-29T15:07:00,72474.07,72477.54,72468.98,72473.8
1790674635,2026-09-29T15:07:15,72473.26,72473.26,72460.33,72463.29
1790674650,2026-09-29T15:07:30,72462.66,72463.82,72455.35,72456.01
1790674665,2026-09-29T15:07:45,72457.41,72471.2,72457.41,72469.74
1790674680,2026-09-29T15:08:00,72470.75,72474.35,72463.49,72473.13
1790674695,2026-09-29T15:08:15,72469.85,72482.54,72469.85,72480.13
1790674710,2026-09-29T15:08:30,72478.91,72478.91,72462.06,72462.11
1790674725,2026-09-29T15:08:45,72459.87,72472.83,72458.19,72464.91
1790674740,2026-09-29T15:09:00,72462.05,72463.29,72454.52,72455.97
1790674755,2026-09-29T15:09:15,72460.6,72467.98,72460.6,72467.98
1790674770,2026-09-29T15:09:30,72462.68,72469.46,72459.2,72469.46
1790674785,2026-09-29T15:09:45,72468.03,72488.08,72468.03,72488.08
1790674800,2026-09-29T15:10:00,72482.98,72509.64,72482.98,72508.6
1790674815,2026-09-29T15:10:15,72518.96,72522.79,72516.69,72522.79
1790674830,2026-09-29T15:10:30,72523.99,72536.26,72523.19,72523.59
1790674845,2026-09-29T15:10:45,72527.55,72537.34,72524.02,72535.43
1790674860,2026-09-29T15:11:00,72528.15,72535.68,72524.32,72535.68
1790674875,2026-09-29T15:11:15,72533.06,72533.06,72512.33,72519.22
1790674890,2026-09-29T15:11:30,72518.53,72530.67,72516.55,72516.55
1790674905,2026-09-29T15:11:45,72514.18,72527.22,72514.18,72524.74
1790674920,2026-09-29T15:12:00,72522.45,72529.46,72517.1,72518.03
1790674935,2026-09-29T15:12:15,72513.56,72526.37,72512.52,72526.37
1790674950,2026-09-29T15:12:30,72528.02,72528.02,72497.14,72500.38
1790674965,2026-09-29T15:12:45,72499.06,72517.92,72499.06,72515.42
1790674980,2026-09-29T15:13:00,72515.69,72516.04,72484.63,72515.31
1790674995,2026-09-29T15:13:15,72506.45,72513.13,72483.65,72483.65
1790675010,2026-09-29T15:13:30,72483.2,72509.29,72483.2,72507.7
1790675025,2026-09-29T15:13:45,72509.31,72509.31,72492.15,72507.25
1790675040,2026-09-29T15:14:00,72505.63,72506.9,72494.18,72497.81
1790675055,2026-09-29T15:14:15,72498.99,72511.24,72489.06,72492.21
1790675070,2026-09-29T15:14:30,72487.77,72497.25,72463.92,72494.9
1790675085,2026-09-29T15:14:45,72483.2,72488.69,72469.1,72486.55
1790675100,2026-09-29T15:15:00,72480.07,72480.07,72480.07,72480.07
1790675115,2026-09-29T15:15:15,72480.07,72480.07,72480.07,72480.07
1790675130,2026-09-29T15:15:30,72480.07,72480.07,72480.07,72480.07
1790675145,2026-09-29T15:15:45,72480.07,72480.07,72480.07,72480.07
1790675160,2026-09-29T15:16:00,72480.07,72480.07,72480.07,72480.07
1790675175,2026-09-29T15:16:15,72480.07,72480.07,72480.07,72480.07
1790675190,2026-09-29T15:16:30,72480.07,72480.07,72480.07,72480.07
1790675205,2026-09-29T15:16:45,72480.07,72480.07,72480.07,72480.07
1790675220,2026-09-29T15:17:00,72480.07,72480.07,72480.07,72480.07
1790675235,2026-09-29T15:17:15,72480.07,72480.07,72480.07,72480.07
1790675250,2026-09-29T15:17:30,72480.07,72480.07,72480.07,72480.07
1790675265,2026-09-29T15:17:45,72480.07,72480.07,72480.07,72480.07
1790675280,2026-09-29T15:18:00,72480.07,72480.07,72480.07,72480.07
1790675295,2026-09-29T15:18:15,72480.07,72480.07,72480.07,72480.07
1790675310,2026-09-29T15:18:30,72480.07,72480.07,72480.07,72480.07
1790675325,2026-09-29T15:18:45,72480.07,72480.07,72480.07,72480.07
1790675340,2026-09-29T15:19:00,72480.07,72480.07,72480.07,72480.07
1790675355,2026-09-29T15:19:15,72480.07,72480.07,72480.07,72480.07
1790675370,2026-09-29T15:19:30,72480.07,72480.07,72480.07,72480.07
1790675385,2026-09-29T15:19:45,72480.07,72480.07,72480.07,72480.07
1790675400,2026-09-29T15:20:00,72480.07,72480.07,72480.07,72480.07
1790675415,2026-09-29T15:20:15,72480.07,72480.07,72480.07,72480.07
1790675430,2026-09-29T15:20:30,72480.07,72480.07,72480.07,72480.07
1790675445,2026-09-29T15:20:45,72480.07,72480.07,72480.07,72480.07
1790675460,2026-09-29T15:21:00,72480.07,72480.07,72480.07,72480.07
1790675475,2026-09-29T15:21:15,72480.07,72480.07,72480.07,72480.07
1790675490,2026-09-29T15:21:30,72480.07,72480.07,72480.07,72480.07
1790675505,2026-09-29T15:21:45,72480.07,72480.07,72480.07,72480.07
1790675520,2026-09-29T15:22:00,72480.07,72480.07,72480.07,72480.07
1790675535,2026-09-29T15:22:15,72480.07,72480.07,72480.07,72480.07
1790675550,2026-09-29T15:22:30,72480.07,72480.07,72480.07,72480.07
1790675565,2026-09-29T15:22:45,72480.07,72480.07,72480.07,72480.07
1790675580,2026-09-29T15:23:00,72480.07,72480.07,72480.07,72480.07
1790675595,2026-09-29T15:23:15,72480.07,72480.07,72480.07,72480.07
1790675610,2026-09-29T15:23:30,72480.07,72480.07,72480.07,72480.07
1790675625,2026-09-29T15:23:45,72480.07,72480.07,72480.07,72480.07
1790675640,2026-09-29T15:24:00,72480.07,72480.07,72480.07,72480.07
1790675655,2026-09-29T15:24:15,72480.07,72480.07,72480.07,72480.07
1790675670,2026-09-29T15:24:30,72480.07,72480.07,72480.07,72480.07
1790675685,2026-09-29T15:24:45,72480.07,72480.07,72480.07,72480.07
1790675700,2026-09-29T15:25:00,72480.07,72480.07,72480.07,72480.07
1790675715,2026-09-29T15:25:15,72480.07,72480.07,72480.07,72480.07
1790675730,2026-09-29T15:25:30,72480.07,72480.07,72480.07,72480.07
1790675745,2026-09-29T15:25:45,72480.07,72480.07,72480.07,72480.07
1790675760,2026-09-29T15:26:00,72480.07,72480.07,72480.07,72480.07
1790675775,2026-09-29T15:26:15,72480.07,72480.07,72480.07,72480.07
1790675790,2026-09-29T15:26:30,72480.07,72480.07,72480.07,72480.07
1790675805,2026-09-29T15:26:45,72480.07,72480.07,72480.07,72480.07
1790675820,2026-09-29T15:27:00,72480.07,72480.07,72480.07,72480.07
1790675835,2026-09-29T15:27:15,72480.07,72480.07,72480.07,72480.07
1790675850,2026-09-29T15:27:30,72480.07,72480.07,72480.07,72480.07
1790675865,2026-09-29T15:27:45,72480.07,72480.07,72480.07,72480.07
1790675880,2026-09-29T15:28:00,72480.07,72480.07,72480.07,72480.07
1790675895,2026-09-29T15:28:15,72480.07,72480.07,72480.07,72480.07
1790675910,2026-09-29T15:28:30,72480.07,72480.07,72480.07,72480.07
1790675925,2026-09-29T15:28:45,72480.07,72480.07,72480.07,72480.07
1790675940,2026-09-29T15:29:00,72480.07,72480.07,72480.07,72480.07
1790675955,2026-09-29T15:29:15,72480.07,72480.07,72480.07,72480.07
1790675970,2026-09-29T15:29:30,72480.07,72529.07,72480.07,72529.07
1790675985,2026-09-29T15:29:45,72529.07,72529.07,72529.07,72529.07
