Epoch,Timestamp,Open,High,Low,Close
1790135100,2026-09-23T09:15:00,74654.73,74762.11,74647.79,74748.58
1790135115,2026-09-23T09:15:15,74743.02,74743.02,74713.19,74735.42
1790135130,2026-09-23T09:15:30,74727.86,74727.86,74672.61,74672.61
1790135145,2026-09-23T09:15:45,74670.8,74674.68,74643.15,74649.29
1790135160,2026-09-23T09:16:00,74649.73,74674.47,74641.14,74674.47
1790135175,2026-09-23T09:16:15,74678.63,74682.7,74655.05,74657.56
1790135190,2026-09-23T09:16:30,74663.88,74674,74650.07,74667.15
1790135205,2026-09-23T09:16:45,74664.68,74668.02,74655.6,74660.48
1790135220,2026-09-23T09:17:00,74667.73,74702.27,74667.73,74698.64
1790135235,2026-09-23T09:17:15,74698.14,74712.3,74698.14,74712.3
1790135250,2026-09-23T09:17:30,74707.17,74713.29,74705.03,74710.71
1790135265,2026-09-23T09:17:45,74707.31,74713.77,74696.42,74708.09
1790135280,2026-09-23T09:18:00,74707.96,74756.4,74706.79,74756.4
1790135295,2026-09-23T09:18:15,74750.64,74769.09,74750.64,74769.09
1790135310,2026-09-23T09:18:30,74768.07,74773.63,74739.67,74743.04
1790135325,2026-09-23T09:18:45,74740.65,74740.65,74723.8,74723.8
1790135340,2026-09-23T09:19:00,74723.62,74736.58,74722.45,74736.58
1790135355,2026-09-23T09:19:15,74731.91,74743.53,74728.48,74743.53
1790135370,2026-09-23T09:19:30,74742.03,74755.1,74737.44,74755.1
1790135385,2026-09-23T09:19:45,74754.9,74779.99,74754.9,74771.09
1790135400,2026-09-23T09:20:00,74770.96,74784.28,74767.71,74780.91
1790135415,2026-09-23T09:20:15,74779.29,74798.25,74779.29,74792.89
1790135430,2026-09-23T09:20:30,74786.76,74791.9,74779.78,74786.07
1790135445,2026-09-23T09:20:45,74789.72,74794.95,74781.53,74786.6
1790135460,2026-09-23T09:21:00,74782.82,74791.35,74782.49,74791.35
1790135475,2026-09-23T09:21:15,74792.09,74793.46,74781,74793.23
1790135490,2026-09-23T09:21:30,74792.46,74802.76,74786.4,74802.76
1790135505,2026-09-23T09:21:45,74801.68,74801.68,74791.53,74797.79
1790135520,2026-09-23T09:22:00,74797.62,74810.47,74797.62,74808.57
1790135535,2026-09-23T09:22:15,74803.82,74804.82,74787.22,74787.76
1790135550,2026-09-23T09:22:30,74790.15,74796.23,74785.43,74795.94
1790135565,2026-09-23T09:22:45,74796.89,74800.71,74775.14,74780.65
1790135580,2026-09-23T09:23:00,74782.88,74782.88,74771.3,74778.39
1790135595,2026-09-23T09:23:15,74769.82,74773.64,74757.66,74757.66
1790135610,2026-09-23T09:23:30,74760.64,74762.86,74746.41,74751.8
1790135625,2026-09-23T09:23:45,74748.33,74755.02,74744.67,74748.32
1790135640,2026-09-23T09:24:00,74739.43,74745.73,74732.43,74743.18
1790135655,2026-09-23T09:24:15,74740.54,74748.49,74721.85,74721.85
1790135670,2026-09-23T09:24:30,74722.98,74730,74719.26,74728.87
1790135685,2026-09-23T09:24:45,74728.37,74732.2,74716.64,74723.1
1790135700,2026-09-23T09:25:00,74722.09,74722.09,74701.19,74701.19
1790135715,2026-09-23T09:25:15,74698.39,74705.61,74679.7,74679.7
1790135730,2026-09-23T09:25:30,74678.24,74679.56,74670.95,74673.2
1790135745,2026-09-23T09:25:45,74671.9,74681.35,74668.03,74675.68
1790135760,2026-09-23T09:26:00,74680.28,74701.68,74680.28,74698.14
1790135775,2026-09-23T09:26:15,74700.18,74700.18,74683.49,74689.75
1790135790,2026-09-23T09:26:30,74690.23,74690.23,74674.64,74678.76
1790135805,2026-09-23T09:26:45,74675.6,74681.14,74670.16,74672.65
1790135820,2026-09-23T09:27:00,74671.97,74673.63,74661.54,74666.27
1790135835,2026-09-23T09:27:15,74669.07,74685.81,74664.9,74685.81
1790135850,2026-09-23T09:27:30,74688.47,74691.17,74680.61,74683.62
1790135865,2026-09-23T09:27:45,74682.59,74682.59,74661.62,74665.79
1790135880,2026-09-23T09:28:00,74662.41,74675.87,74662.27,74675.87
1790135895,2026-09-23T09:28:15,74678.49,74678.49,74670.86,74671.26
1790135910,2026-09-23T09:28:30,74668.13,74671.95,74657.23,74657.23
1790135925,2026-09-23T09:28:45,74653.66,74656.24,74650.02,74655.54
1790135940,2026-09-23T09:29:00,74656.26,74666.07,74654.17,74663.38
1790135955,2026-09-23T09:29:15,74658.67,74661.22,74653.79,74658.13
1790135970,2026-09-23T09:29:30,74658.13,74663.74,74656.12,74658.51
1790135985,2026-09-23T09:29:45,74659.9,74659.9,74645.61,74652.21
1790136000,2026-09-23T09:30:00,74642.86,74659.41,74642.86,74652.5
1790136015,2026-09-23T09:30:15,74646.18,74655.35,74643.36,74653.13
1790136030,2026-09-23T09:30:30,74652.56,74660.32,74652.56,74655.98
1790136045,2026-09-23T09:30:45,74654.16,74655.6,74650.91,74651.94
1790136060,2026-09-23T09:31:00,74652.31,74661.21,74646.89,74661.21
1790136075,2026-09-23T09:31:15,74660.42,74660.42,74647.19,74654.39
1790136090,2026-09-23T09:31:30,74654.33,74655.51,74647.01,74647.01
1790136105,2026-09-23T09:31:45,74647.79,74647.79,74632.55,74634.07
1790136120,2026-09-23T09:32:00,74638.11,74638.11,74629.27,74634.69
1790136135,2026-09-23T09:32:15,74635.48,74640.52,74635.39,74637.66
1790136150,2026-09-23T09:32:30,74645.66,74645.66,74637.63,74641.46
1790136165,2026-09-23T09:32:45,74641.87,74642.84,74637.7,74640.7
1790136180,2026-09-23T09:33:00,74639.6,74642.23,74637.13,74639.26
1790136195,2026-09-23T09:33:15,74641.02,74644.18,74636.3,74640.41
1790136210,2026-09-23T09:33:30,74640.17,74641.61,74633.39,74637.63
1790136225,2026-09-23T09:33:45,74635.19,74639.23,74632.25,74637.82
1790136240,2026-09-23T09:34:00,74637.64,74637.99,74631.23,74631.87
1790136255,2026-09-23T09:34:15,74629.1,74646.48,74629.1,74646.48
1790136270,2026-09-23T09:34:30,74648.24,74650.31,74643.52,74649.56
1790136285,2026-09-23T09:34:45,74649.57,74652.18,74645.56,74648.09
1790136300,2026-09-23T09:35:00,74655.46,74673.22,74655.46,74673.22
1790136315,2026-09-23T09:35:15,74673.22,74674.76,74665.5,74669.71
1790136330,2026-09-23T09:35:30,74667.31,74672.41,74662.08,74667.12
1790136345,2026-09-23T09:35:45,74665.15,74666.49,74658.2,74662.11
1790136360,2026-09-23T09:36:00,74663.61,74672.5,74660.67,74665.99
1790136375,2026-09-23T09:36:15,74665.04,74665.04,74656.54,74661.07
1790136390,2026-09-23T09:36:30,74656.58,74656.58,74643.02,74644.26
1790136405,2026-09-23T09:36:45,74642.44,74653.38,74642.44,74653.38
1790136420,2026-09-23T09:37:00,74653.4,74663.91,74653.4,74657.6
1790136435,2026-09-23T09:37:15,74666.91,74671.24,74660.65,74670.37
1790136450,2026-09-23T09:37:30,74673.56,74680.45,74669.2,74680.45
1790136465,2026-09-23T09:37:45,74675.39,74681.75,74672.41,74678.7
1790136480,2026-09-23T09:38:00,74678.8,74683.03,74674.33,74679.9
1790136495,2026-09-23T09:38:15,74680.41,74691.23,74680.41,74689.19
1790136510,2026-09-23T09:38:30,74687.73,74691.13,74684.49,74686.33
1790136525,2026-09-23T09:38:45,74690.13,74690.13,74685.65,74688.19
1790136540,2026-09-23T09:39:00,74686.89,74690.6,74680.95,74680.95
1790136555,2026-09-23T09:39:15,74681.24,74682.91,74672.3,74672.3
1790136570,2026-09-23T09:39:30,74669.9,74680.47,74669.9,74672.8
1790136585,2026-09-23T09:39:45,74663.73,74663.73,74655.17,74656.23
1790136600,2026-09-23T09:40:00,74656.08,74679.55,74656.08,74678.71
1790136615,2026-09-23T09:40:15,74678.71,74690.03,74675.43,74685.69
1790136630,2026-09-23T09:40:30,74692.52,74693.58,74687.38,74692.29
1790136645,2026-09-23T09:40:45,74693.69,74693.69,74685.61,74687.41
1790136660,2026-09-23T09:41:00,74687.67,74693.59,74687.67,74691.52
1790136675,2026-09-23T09:41:15,74692.2,74692.8,74683.82,74692.8
1790136690,2026-09-23T09:41:30,74693.28,74696.76,74692.4,74695.57
1790136705,2026-09-23T09:41:45,74695.57,74697.24,74687.33,74690.79
1790136720,2026-09-23T09:42:00,74691.82,74691.82,74682.92,74685.17
1790136735,2026-09-23T09:42:15,74688.88,74696.75,74688.88,74695.22
1790136750,2026-09-23T09:42:30,74695.42,74697.08,74693.92,74695.72
1790136765,2026-09-23T09:42:45,74698.66,74701.25,74696.23,74698.12
1790136780,2026-09-23T09:43:00,74696.31,74699.08,74688.26,74688.26
1790136795,2026-09-23T09:43:15,74690.4,74695.96,74690.4,74693.19
1790136810,2026-09-23T09:43:30,74691.99,74698.89,74690.45,74698.89
1790136825,2026-09-23T09:43:45,74702.11,74702.11,74696.55,74700.33
1790136840,2026-09-23T09:44:00,74700.42,74705.15,74695.82,74695.88
1790136855,2026-09-23T09:44:15,74696.6,74697.44,74690.11,74690.11
1790136870,2026-09-23T09:44:30,74692.8,74697.9,74689.59,74689.59
1790136885,2026-09-23T09:44:45,74694.09,74699.8,74691.95,74699.8
1790136900,2026-09-23T09:45:00,74699.8,74705.4,74698.84,74703.66
1790136915,2026-09-23T09:45:15,74702.83,74720.25,74701.46,74719.91
1790136930,2026-09-23T09:45:30,74717.3,74718.78,74709.96,74709.96
1790136945,2026-09-23T09:45:45,74710.01,74710.64,74701.03,74704.42
1790136960,2026-09-23T09:46:00,74703.81,74703.97,74697.68,74703.97
1790136975,2026-09-23T09:46:15,74702.85,74710.26,74698.53,74710.26
1790136990,2026-09-23T09:46:30,74710.85,74716.21,74705.42,74716.21
1790137005,2026-09-23T09:46:45,74717.69,74718.62,74703.21,74703.21
1790137020,2026-09-23T09:47:00,74703.8,74707.47,74698.63,74700.67
1790137035,2026-09-23T09:47:15,74701.11,74705.52,74698.34,74701.15
1790137050,2026-09-23T09:47:30,74700.78,74712.85,74700.78,74712.85
1790137065,2026-09-23T09:47:45,74711.71,74716.05,74711.71,74715
1790137080,2026-09-23T09:48:00,74713.2,74716.32,74708.05,74715.36
1790137095,2026-09-23T09:48:15,74712.44,74714.15,74703.69,74703.69
1790137110,2026-09-23T09:48:30,74701.59,74701.59,74682.66,74683.77
1790137125,2026-09-23T09:48:45,74682,74682,74677.51,74680.16
1790137140,2026-09-23T09:49:00,74679.67,74679.67,74669.8,74670.91
1790137155,2026-09-23T09:49:15,74671.7,74672.32,74653.1,74656.07
1790137170,2026-09-23T09:49:30,74652.81,74652.81,74646.19,74646.3
1790137185,2026-09-23T09:49:45,74647.83,74651.53,74642.17,74651.53
1790137200,2026-09-23T09:50:00,74650.48,74654.33,74647.27,74654.33
1790137215,2026-09-23T09:50:15,74652.88,74655.38,74650.71,74653.65
1790137230,2026-09-23T09:50:30,74654.58,74654.89,74643.81,74645.84
1790137245,2026-09-23T09:50:45,74650.58,74650.58,74639.51,74643.99
1790137260,2026-09-23T09:51:00,74643.91,74645.26,74636.72,74638.51
1790137275,2026-09-23T09:51:15,74637.53,74639.9,74632.31,74636.74
1790137290,2026-09-23T09:51:30,74631.79,74635.25,74627.49,74632.24
1790137305,2026-09-23T09:51:45,74632.79,74638.03,74632.09,74635.87
1790137320,2026-09-23T09:52:00,74635.06,74640.28,74633.13,74636.55
1790137335,2026-09-23T09:52:15,74636.65,74641.34,74632.82,74637.95
1790137350,2026-09-23T09:52:30,74637.95,74645.34,74633.94,74645.34
1790137365,2026-09-23T09:52:45,74640.84,74645.4,74637.4,74639.95
1790137380,2026-09-23T09:53:00,74639.53,74650.19,74638.6,74644.93
1790137395,2026-09-23T09:53:15,74644.93,74650.55,74643.57,74645.45
1790137410,2026-09-23T09:53:30,74642.67,74646.18,74637.96,74640.17
1790137425,2026-09-23T09:53:45,74638.78,74639.88,74630.91,74636.97
1790137440,2026-09-23T09:54:00,74638.01,74638.01,74628.67,74629.57
1790137455,2026-09-23T09:54:15,74630.16,74633.96,74622.99,74624.36
1790137470,2026-09-23T09:54:30,74627.33,74627.33,74608.53,74609.45
1790137485,2026-09-23T09:54:45,74609.96,74611.89,74605.09,74611.89
1790137500,2026-09-23T09:55:00,74611.89,74615.25,74607.79,74615.25
1790137515,2026-09-23T09:55:15,74613.93,74615.71,74609.28,74612.34
1790137530,2026-09-23T09:55:30,74612.04,74612.04,74604.92,74605.14
1790137545,2026-09-23T09:55:45,74609.74,74619.69,74607.03,74616.08
1790137560,2026-09-23T09:56:00,74619.54,74636.89,74619.54,74636.89
1790137575,2026-09-23T09:56:15,74639.25,74642.84,74637.06,74637.14
1790137590,2026-09-23T09:56:30,74640.58,74653.66,74637.44,74650.68
1790137605,2026-09-23T09:56:45,74647.97,74658.45,74647.97,74658.45
1790137620,2026-09-23T09:57:00,74663.82,74671.58,74660.79,74668.45
1790137635,2026-09-23T09:57:15,74668.38,74668.7,74662.79,74662.79
1790137650,2026-09-23T09:57:30,74662.66,74672.33,74662.66,74671.53
1790137665,2026-09-23T09:57:45,74666.46,74676.37,74666.46,74671.27
1790137680,2026-09-23T09:58:00,74672.43,74672.43,74666.29,74667.63
1790137695,2026-09-23T09:58:15,74670.85,74674.17,74667.92,74674.17
1790137710,2026-09-23T09:58:30,74672.49,74674.61,74664.27,74664.27
1790137725,2026-09-23T09:58:45,74664.32,74672.2,74664.32,74667.12
1790137740,2026-09-23T09:59:00,74666.13,74674.04,74663.77,74668.43
1790137755,2026-09-23T09:59:15,74668.74,74675.3,74668.74,74672.77
1790137770,2026-09-23T09:59:30,74671.55,74674.15,74668.83,74668.83
1790137785,2026-09-23T09:59:45,74668.83,74683.28,74668.83,74683.28
1790137800,2026-09-23T10:00:00,74681.75,74699.41,74681.75,74699.41
1790137815,2026-09-23T10:00:15,74699.64,74708.45,74699.64,74708.45
1790137830,2026-09-23T10:00:30,74704.64,74710.88,74698.36,74710.44
1790137845,2026-09-23T10:00:45,74711.82,74711.82,74696.07,74701.92
1790137860,2026-09-23T10:01:00,74697.93,74709.22,74697.93,74703.88
1790137875,2026-09-23T10:01:15,74702.3,74708.12,74702.3,74704.97
1790137890,2026-09-23T10:01:30,74702.7,74704.76,74697.87,74701.87
1790137905,2026-09-23T10:01:45,74701,74701.13,74690.39,74695.85
1790137920,2026-09-23T10:02:00,74695.85,74695.85,74691.01,74693.8
1790137935,2026-09-23T10:02:15,74694.59,74697.82,74692.01,74697.26
1790137950,2026-09-23T10:02:30,74695.6,74695.6,74674.9,74674.96
1790137965,2026-09-23T10:02:45,74675.72,74683.91,74675.72,74682.92
1790137980,2026-09-23T10:03:00,74681.54,74685.74,74680.14,74684.37
1790137995,2026-09-23T10:03:15,74683.57,74688.53,74683.1,74688.46
1790138010,2026-09-23T10:03:30,74688.46,74692.83,74685.5,74687.27
1790138025,2026-09-23T10:03:45,74685.88,74692.21,74685.37,74688.57
1790138040,2026-09-23T10:04:00,74688.75,74695.75,74688.37,74695.75
1790138055,2026-09-23T10:04:15,74695.06,74695.06,74685.6,74686.6
1790138070,2026-09-23T10:04:30,74685.51,74694.91,74685.51,74687.94
1790138085,2026-09-23T10:04:45,74687.94,74697.78,74683.76,74693.92
1790138100,2026-09-23T10:05:00,74694.69,74701.9,74694.69,74695.22
1790138115,2026-09-23T10:05:15,74694.61,74702.08,74694.61,74698.01
1790138130,2026-09-23T10:05:30,74698.84,74700.16,74694.35,74698.24
1790138145,2026-09-23T10:05:45,74695.94,74702.27,74695.94,74697.47
1790138160,2026-09-23T10:06:00,74701.07,74702.43,74697.16,74702.34
1790138175,2026-09-23T10:06:15,74702.46,74704.24,74697.54,74700.64
1790138190,2026-09-23T10:06:30,74698.67,74699.94,74695.83,74698.65
1790138205,2026-09-23T10:06:45,74700.01,74700.01,74693.98,74695.08
1790138220,2026-09-23T10:07:00,74690.54,74692.65,74680.6,74682.09
1790138235,2026-09-23T10:07:15,74678.42,74685.94,74668.21,74668.94
1790138250,2026-09-23T10:07:30,74673.66,74686.86,74673.66,74676.41
1790138265,2026-09-23T10:07:45,74677.05,74681.43,74676.49,74677.06
1790138280,2026-09-23T10:08:00,74680.63,74681.3,74671.34,74675.14
1790138295,2026-09-23T10:08:15,74676.26,74681.15,74675.64,74680.9
1790138310,2026-09-23T10:08:30,74681.81,74685.13,74678.31,74679.93
1790138325,2026-09-23T10:08:45,74680.54,74684.76,74679.54,74680.64
1790138340,2026-09-23T10:09:00,74675.25,74678.14,74671.23,74672.6
1790138355,2026-09-23T10:09:15,74670.64,74674.45,74663.77,74664.82
1790138370,2026-09-23T10:09:30,74664.52,74672.73,74663.65,74667.83
1790138385,2026-09-23T10:09:45,74663.83,74668.14,74659.51,74662.54
1790138400,2026-09-23T10:10:00,74664.81,74665.8,74652.73,74655.81
1790138415,2026-09-23T10:10:15,74655.37,74662.15,74653.85,74656.24
1790138430,2026-09-23T10:10:30,74657.67,74667.3,74657.67,74662.76
1790138445,2026-09-23T10:10:45,74662.12,74668.26,74659.34,74659.34
1790138460,2026-09-23T10:11:00,74654.48,74660.66,74651.67,74651.67
1790138475,2026-09-23T10:11:15,74645.58,74649.8,74637.95,74637.95
1790138490,2026-09-23T10:11:30,74640.74,74641.13,74632.06,74632.06
1790138505,2026-09-23T10:11:45,74634.73,74634.73,74627.38,74628.56
1790138520,2026-09-23T10:12:00,74628.56,74639.04,74624.93,74634.31
1790138535,2026-09-23T10:12:15,74633.72,74633.72,74625.28,74627.68
1790138550,2026-09-23T10:12:30,74627.85,74629.41,74620.08,74621.34
1790138565,2026-09-23T10:12:45,74621.33,74630.24,74617.87,74629.7
1790138580,2026-09-23T10:13:00,74628.58,74636.88,74628.34,74636.88
1790138595,2026-09-23T10:13:15,74636.73,74641.31,74634.22,74640.42
1790138610,2026-09-23T10:13:30,74641.33,74649.74,74634.95,74646.24
1790138625,2026-09-23T10:13:45,74645.61,74649.05,74636.19,74644.32
1790138640,2026-09-23T10:14:00,74642.15,74647.97,74640.34,74640.76
1790138655,2026-09-23T10:14:15,74643.11,74647.14,74640.13,74646.05
1790138670,2026-09-23T10:14:30,74641.71,74647.64,74641.6,74645.75
1790138685,2026-09-23T10:14:45,74651.68,74653.63,74643.75,74646.4
1790138700,2026-09-23T10:15:00,74645.61,74656.71,74645.61,74653.16
1790138715,2026-09-23T10:15:15,74656.63,74662.41,74652.25,74660.6
1790138730,2026-09-23T10:15:30,74660.73,74675.55,74654.84,74675.55
1790138745,2026-09-23T10:15:45,74677.17,74680.51,74670.29,74680.51
1790138760,2026-09-23T10:16:00,74684.52,74684.52,74678.13,74681.68
1790138775,2026-09-23T10:16:15,74684.98,74689.35,74683.05,74687.04
1790138790,2026-09-23T10:16:30,74687.04,74694.64,74686.97,74693.7
1790138805,2026-09-23T10:16:45,74694.4,74694.4,74686.33,74693.17
1790138820,2026-09-23T10:17:00,74693.39,74697.99,74693.19,74697.26
1790138835,2026-09-23T10:17:15,74691.67,74706.73,74691.67,74703.08
1790138850,2026-09-23T10:17:30,74704.37,74716.55,74704.37,74716.55
1790138865,2026-09-23T10:17:45,74716.55,74722.11,74715.85,74720.52
1790138880,2026-09-23T10:18:00,74720.51,74720.51,74709.7,74714.35
1790138895,2026-09-23T10:18:15,74719.3,74733.28,74717.46,74733.28
1790138910,2026-09-23T10:18:30,74731.32,74737.42,74723.52,74733.89
1790138925,2026-09-23T10:18:45,74732.07,74741.46,74732.07,74734.36
1790138940,2026-09-23T10:19:00,74736.5,74736.84,74727.55,74727.9
1790138955,2026-09-23T10:19:15,74728.76,74728.76,74721.16,74728.13
1790138970,2026-09-23T10:19:30,74728.16,74733.41,74724.51,74733.09
1790138985,2026-09-23T10:19:45,74734.72,74736.64,74733.18,74736.64
1790139000,2026-09-23T10:20:00,74736.34,74745.46,74735.81,74738.77
1790139015,2026-09-23T10:20:15,74737.6,74741.26,74732.39,74741.26
1790139030,2026-09-23T10:20:30,74739.97,74748.15,74737.51,74740.33
1790139045,2026-09-23T10:20:45,74743.45,74752.32,74743.45,74751.37
1790139060,2026-09-23T10:21:00,74749.34,74753.35,74747.56,74753.35
1790139075,2026-09-23T10:21:15,74755.03,74755.03,74745.84,74745.84
1790139090,2026-09-23T10:21:30,74745.46,74745.96,74741.57,74742.17
1790139105,2026-09-23T10:21:45,74742.17,74752.94,74742.17,74752.33
1790139120,2026-09-23T10:22:00,74747.29,74750.85,74742.48,74745.65
1790139135,2026-09-23T10:22:15,74741.75,74742.95,74735.23,74737.35
1790139150,2026-09-23T10:22:30,74737.68,74740.89,74729.75,74738.27
1790139165,2026-09-23T10:22:45,74733.87,74739.16,74725.78,74727.5
1790139180,2026-09-23T10:23:00,74726.72,74735.18,74726.5,74734.28
1790139195,2026-09-23T10:23:15,74734.46,74744.64,74734.46,74739.65
1790139210,2026-09-23T10:23:30,74741.23,74741.23,74733.88,74738.4
1790139225,2026-09-23T10:23:45,74735.22,74744.44,74735.22,74741.6
1790139240,2026-09-23T10:24:00,74739.49,74743.35,74736.96,74740.24
1790139255,2026-09-23T10:24:15,74739.94,74742.98,74739.51,74742.28
1790139270,2026-09-23T10:24:30,74742.89,74744.21,74737.29,74738.72
1790139285,2026-09-23T10:24:45,74740.77,74743.58,74739.26,74743.58
1790139300,2026-09-23T10:25:00,74743.07,74743.07,74736.65,74738.6
1790139315,2026-09-23T10:25:15,74737.53,74737.53,74725.67,74730.29
1790139330,2026-09-23T10:25:30,74725.42,74730,74720.48,74720.48
1790139345,2026-09-23T10:25:45,74721.14,74727.01,74721.14,74725.43
1790139360,2026-09-23T10:26:00,74726.11,74726.43,74720.67,74726.43
1790139375,2026-09-23T10:26:15,74722.41,74728.65,74719.1,74726.14
1790139390,2026-09-23T10:26:30,74725.7,74728.93,74724.34,74728.93
1790139405,2026-09-23T10:26:45,74728.37,74736.36,74728.37,74735.55
1790139420,2026-09-23T10:27:00,74736.64,74740.53,74730.02,74736.78
1790139435,2026-09-23T10:27:15,74736.78,74744.19,74736.78,74743.03
1790139450,2026-09-23T10:27:30,74743.96,74745.59,74739.42,74744.7
1790139465,2026-09-23T10:27:45,74744.7,74744.96,74735.09,74737.67
1790139480,2026-09-23T10:28:00,74737.67,74747.48,74737.33,74746.76
1790139495,2026-09-23T10:28:15,74751.06,74756.17,74744.92,74755.53
1790139510,2026-09-23T10:28:30,74757.11,74759.82,74754.2,74754.2
1790139525,2026-09-23T10:28:45,74754.2,74756.59,74748.35,74754.02
1790139540,2026-09-23T10:29:00,74753.94,74757.7,74752.79,74754
1790139555,2026-09-23T10:29:15,74753.16,74756.04,74750.24,74750.69
1790139570,2026-09-23T10:29:30,74754.01,74765.34,74752.13,74754.22
1790139585,2026-09-23T10:29:45,74754.6,74764.38,74754.6,74760.17
1790139600,2026-09-23T10:30:00,74759.71,74759.71,74753.97,74757.86
1790139615,2026-09-23T10:30:15,74759.4,74761.59,74757.47,74758.86
1790139630,2026-09-23T10:30:30,74759.77,74763.91,74758.69,74758.69
1790139645,2026-09-23T10:30:45,74758.69,74765.69,74756.87,74765.69
1790139660,2026-09-23T10:31:00,74765.8,74771.33,74762.24,74771.33
1790139675,2026-09-23T10:31:15,74770.2,74770.2,74762.88,74769.91
1790139690,2026-09-23T10:31:30,74764.92,74768.93,74759.89,74760.45
1790139705,2026-09-23T10:31:45,74760.58,74771.14,74756.78,74771.14
1790139720,2026-09-23T10:32:00,74770.6,74773.74,74767.62,74770.71
1790139735,2026-09-23T10:32:15,74771.66,74773.01,74766.68,74769.62
1790139750,2026-09-23T10:32:30,74767.76,74770.46,74767.53,74767.53
1790139765,2026-09-23T10:32:45,74767.22,74774.25,74767.22,74770.25
1790139780,2026-09-23T10:33:00,74770.84,74772.98,74765.9,74770.99
1790139795,2026-09-23T10:33:15,74769.14,74778.51,74768.24,74775.86
1790139810,2026-09-23T10:33:30,74777.08,74777.08,74771.81,74775.32
1790139825,2026-09-23T10:33:45,74772.75,74776.42,74771.54,74774.51
1790139840,2026-09-23T10:34:00,74773.98,74775.49,74771,74773.21
1790139855,2026-09-23T10:34:15,74774.94,74776.15,74771.69,74775.44
1790139870,2026-09-23T10:34:30,74775.44,74775.49,74761.81,74762.56
1790139885,2026-09-23T10:34:45,74766.36,74769.87,74762.97,74765.67
1790139900,2026-09-23T10:35:00,74764.21,74769.56,74763.87,74768.14
1790139915,2026-09-23T10:35:15,74768.26,74774.88,74763.77,74768.01
1790139930,2026-09-23T10:35:30,74770.64,74773.04,74762.88,74763.86
1790139945,2026-09-23T10:35:45,74766.71,74769.77,74752.92,74752.92
1790139960,2026-09-23T10:36:00,74752.63,74771.65,74752.63,74768.32
1790139975,2026-09-23T10:36:15,74767.67,74773.65,74765.74,74773.27
1790139990,2026-09-23T10:36:30,74773.27,74779.62,74770.38,74778.95
1790140005,2026-09-23T10:36:45,74777.43,74780.14,74776.22,74780.14
1790140020,2026-09-23T10:37:00,74778.92,74781.02,74777.53,74778.27
1790140035,2026-09-23T10:37:15,74779.02,74782.53,74774.13,74774.13
1790140050,2026-09-23T10:37:30,74775,74779.51,74775,74778.82
1790140065,2026-09-23T10:37:45,74781.52,74786.8,74781.52,74786.01
1790140080,2026-09-23T10:38:00,74788.47,74791.77,74788.47,74791.46
1790140095,2026-09-23T10:38:15,74791.46,74791.46,74785.9,74789.82
1790140110,2026-09-23T10:38:30,74791.04,74792.17,74789.45,74790.54
1790140125,2026-09-23T10:38:45,74788.13,74793.68,74786.5,74792.17
1790140140,2026-09-23T10:39:00,74792.49,74802.11,74792.49,74799.61
1790140155,2026-09-23T10:39:15,74803.45,74803.45,74799.91,74801.22
1790140170,2026-09-23T10:39:30,74798.86,74802.01,74798.86,74799.59
1790140185,2026-09-23T10:39:45,74798.19,74799.43,74795.76,74796.04
1790140200,2026-09-23T10:40:00,74795.96,74797.76,74785.99,74785.99
1790140215,2026-09-23T10:40:15,74781.96,74785.27,74778.74,74782.5
1790140230,2026-09-23T10:40:30,74780.85,74786.87,74780.53,74780.53
1790140245,2026-09-23T10:40:45,74781.27,74795.79,74781.27,74794.61
1790140260,2026-09-23T10:41:00,74796.35,74798.95,74793.63,74797.84
1790140275,2026-09-23T10:41:15,74792.69,74798.05,74792.69,74796.91
1790140290,2026-09-23T10:41:30,74797.21,74803.54,74796.45,74798.78
1790140305,2026-09-23T10:41:45,74799.06,74800.16,74789.29,74797.13
1790140320,2026-09-23T10:42:00,74796.81,74796.81,74781.79,74781.79
1790140335,2026-09-23T10:42:15,74782.43,74790.85,74782.43,74788.66
1790140350,2026-09-23T10:42:30,74788.66,74797.21,74787.13,74793.32
1790140365,2026-09-23T10:42:45,74790.23,74793.18,74788.67,74789.64
1790140380,2026-09-23T10:43:00,74791.21,74792.72,74786.06,74789.65
1790140395,2026-09-23T10:43:15,74789.79,74791.68,74789.1,74789.73
1790140410,2026-09-23T10:43:30,74788.82,74794.3,74788.11,74790.65
1790140425,2026-09-23T10:43:45,74790.65,74795.56,74787.34,74787.79
1790140440,2026-09-23T10:44:00,74790.19,74795.95,74789.73,74791.75
1790140455,2026-09-23T10:44:15,74793.9,74799.07,74793.9,74797.76
1790140470,2026-09-23T10:44:30,74797.76,74801.31,74796.73,74797.63
1790140485,2026-09-23T10:44:45,74800.74,74801.44,74793.81,74794.51
1790140500,2026-09-23T10:45:00,74793.95,74798.32,74787.71,74797.87
1790140515,2026-09-23T10:45:15,74799.79,74804.89,74793.52,74804.89
1790140530,2026-09-23T10:45:30,74804.91,74815.09,74804.91,74811.78
1790140545,2026-09-23T10:45:45,74806.67,74811.24,74806.67,74809
1790140560,2026-09-23T10:46:00,74809.28,74817.71,74808.23,74809.97
1790140575,2026-09-23T10:46:15,74811.57,74816.82,74810.82,74816.82
1790140590,2026-09-23T10:46:30,74816.6,74827.76,74816.6,74823.97
1790140605,2026-09-23T10:46:45,74817.63,74820.6,74814.63,74817.72
1790140620,2026-09-23T10:47:00,74813.97,74823.55,74813.69,74820.92
1790140635,2026-09-23T10:47:15,74821.41,74825.44,74820.96,74824.99
1790140650,2026-09-23T10:47:30,74824.65,74831.22,74814.02,74814.02
1790140665,2026-09-23T10:47:45,74814.44,74820.62,74814.44,74818.3
1790140680,2026-09-23T10:48:00,74819.52,74819.52,74814.12,74819.01
1790140695,2026-09-23T10:48:15,74817.97,74826.37,74817.97,74825.68
1790140710,2026-09-23T10:48:30,74825.48,74828.53,74825.48,74827.46
1790140725,2026-09-23T10:48:45,74826.03,74828.16,74825.75,74828.16
1790140740,2026-09-23T10:49:00,74828.16,74828.67,74817.61,74817.61
1790140755,2026-09-23T10:49:15,74815.81,74820.22,74807.85,74809.65
1790140770,2026-09-23T10:49:30,74810,74824.27,74810,74821.97
1790140785,2026-09-23T10:49:45,74822.41,74822.41,74812.33,74819.51
1790140800,2026-09-23T10:50:00,74815.66,74822.87,74815.65,74822.87
1790140815,2026-09-23T10:50:15,74822.87,74823.38,74814.22,74818.61
1790140830,2026-09-23T10:50:30,74819.99,74821.51,74815.74,74821.33
1790140845,2026-09-23T10:50:45,74820.26,74821.5,74812.6,74821.5
1790140860,2026-09-23T10:51:00,74817.51,74823.93,74815.55,74818.54
1790140875,2026-09-23T10:51:15,74816.47,74820.36,74814.41,74815.18
1790140890,2026-09-23T10:51:30,74811.57,74817.82,74806.96,74814.54
1790140905,2026-09-23T10:51:45,74812.7,74814.3,74802.34,74802.34
1790140920,2026-09-23T10:52:00,74801,74812.07,74799.75,74810.69
1790140935,2026-09-23T10:52:15,74814.02,74817.48,74811.14,74813.05
1790140950,2026-09-23T10:52:30,74809.36,74811.87,74804.21,74808.83
1790140965,2026-09-23T10:52:45,74819.03,74819.03,74807.37,74809.95
1790140980,2026-09-23T10:53:00,74810.89,74813.46,74801.56,74801.56
1790140995,2026-09-23T10:53:15,74801.56,74809,74797.28,74807.99
1790141010,2026-09-23T10:53:30,74809.31,74814.64,74806.93,74811.07
1790141025,2026-09-23T10:53:45,74808.29,74825.61,74808.29,74824.27
1790141040,2026-09-23T10:54:00,74824.5,74832.54,74819.42,74832.54
1790141055,2026-09-23T10:54:15,74832.42,74832.42,74820.2,74821.36
1790141070,2026-09-23T10:54:30,74826.14,74827.87,74816.9,74818.03
1790141085,2026-09-23T10:54:45,74821.24,74821.24,74812.81,74818.32
1790141100,2026-09-23T10:55:00,74817.63,74818.42,74808.45,74818.42
1790141115,2026-09-23T10:55:15,74818.24,74823.62,74813.1,74823.28
1790141130,2026-09-23T10:55:30,74822.22,74826.46,74819.19,74819.74
1790141145,2026-09-23T10:55:45,74819.74,74820.14,74816.27,74820.07
1790141160,2026-09-23T10:56:00,74822.05,74824.36,74818.52,74821.31
1790141175,2026-09-23T10:56:15,74821.52,74827.94,74815.09,74827.94
1790141190,2026-09-23T10:56:30,74828.04,74833.4,74828.04,74831.68
1790141205,2026-09-23T10:56:45,74833.78,74834.88,74828.03,74829.54
1790141220,2026-09-23T10:57:00,74824.94,74830.03,74819.93,74825.93
1790141235,2026-09-23T10:57:15,74825.93,74832.41,74825.93,74828.14
1790141250,2026-09-23T10:57:30,74825.69,74827.93,74818.18,74822.97
1790141265,2026-09-23T10:57:45,74819.5,74821.43,74812.8,74819.1
1790141280,2026-09-23T10:58:00,74817.6,74822.67,74816.03,74821.94
1790141295,2026-09-23T10:58:15,74820.96,74822.97,74816.73,74819.73
1790141310,2026-09-23T10:58:30,74818.35,74820.75,74815.59,74819.32
1790141325,2026-09-23T10:58:45,74819.32,74819.32,74813.23,74816.74
1790141340,2026-09-23T10:59:00,74812.91,74815.61,74808.67,74813.68
1790141355,2026-09-23T10:59:15,74812.31,74812.31,74804.61,74805.56
1790141370,2026-09-23T10:59:30,74803.08,74816.09,74803.08,74814.06
1790141385,2026-09-23T10:59:45,74814.06,74814.06,74805.48,74811.69
1790141400,2026-09-23T11:00:00,74809.88,74811.93,74806.52,74808.96
1790141415,2026-09-23T11:00:15,74808.88,74810.1,74802.89,74802.89
1790141430,2026-09-23T11:00:30,74804.45,74811.8,74804.26,74808.27
1790141445,2026-09-23T11:00:45,74808.33,74812.46,74806.44,74812.46
1790141460,2026-09-23T11:01:00,74812.46,74819.34,74812.46,74819.34
1790141475,2026-09-23T11:01:15,74818.53,74818.99,74810.32,74814.36
1790141490,2026-09-23T11:01:30,74814.46,74818.73,74812.22,74815.57
1790141505,2026-09-23T11:01:45,74816.02,74819.34,74814.68,74819.34
1790141520,2026-09-23T11:02:00,74818.25,74824.22,74817.97,74822.88
1790141535,2026-09-23T11:02:15,74820.95,74824.57,74819.32,74819.32
1790141550,2026-09-23T11:02:30,74817.51,74820.44,74812.66,74820.44
1790141565,2026-09-23T11:02:45,74820.44,74822.65,74819.86,74819.86
1790141580,2026-09-23T11:03:00,74819.56,74828.15,74817.07,74825.23
1790141595,2026-09-23T11:03:15,74826.05,74832.17,74826.05,74832.17
1790141610,2026-09-23T11:03:30,74831.22,74831.64,74827.04,74829.64
1790141625,2026-09-23T11:03:45,74829.64,74829.64,74820.77,74826.34
1790141640,2026-09-23T11:04:00,74825.75,74825.8,74818.01,74818.01
1790141655,2026-09-23T11:04:15,74817.12,74820.89,74813.86,74814.06
1790141670,2026-09-23T11:04:30,74816.15,74829.07,74816.15,74827.87
1790141685,2026-09-23T11:04:45,74828.24,74828.24,74818.29,74822
1790141700,2026-09-23T11:05:00,74822.3,74830.73,74822.3,74824.24
1790141715,2026-09-23T11:05:15,74823.47,74826.14,74820.72,74825.53
1790141730,2026-09-23T11:05:30,74820.18,74831.39,74819.88,74830.89
1790141745,2026-09-23T11:05:45,74833.87,74838.69,74833.08,74834.44
1790141760,2026-09-23T11:06:00,74832.46,74838.47,74831.52,74836.23
1790141775,2026-09-23T11:06:15,74836.56,74839.36,74831.88,74836.22
1790141790,2026-09-23T11:06:30,74838.37,74850.27,74834.89,74850.27
1790141805,2026-09-23T11:06:45,74850.7,74852.15,74847.41,74852.13
1790141820,2026-09-23T11:07:00,74852.36,74855.84,74850.39,74855.19
1790141835,2026-09-23T11:07:15,74854.92,74867.32,74854.92,74867.32
1790141850,2026-09-23T11:07:30,74863.51,74869.88,74859.19,74866.13
1790141865,2026-09-23T11:07:45,74864.52,74871.76,74864.31,74870.42
1790141880,2026-09-23T11:08:00,74871.21,74871.21,74859.95,74862.11
1790141895,2026-09-23T11:08:15,74860.89,74863.4,74854.43,74858.27
1790141910,2026-09-23T11:08:30,74858.94,74859.06,74853.2,74857.61
1790141925,2026-09-23T11:08:45,74857.91,74858.63,74854.84,74858.24
1790141940,2026-09-23T11:09:00,74858.24,74859.73,74855.13,74858.84
1790141955,2026-09-23T11:09:15,74856.92,74861.48,74850.09,74852.9
1790141970,2026-09-23T11:09:30,74850.91,74853.06,74844.97,74849.84
1790141985,2026-09-23T11:09:45,74849.84,74856.56,74846.11,74846.11
1790142000,2026-09-23T11:10:00,74844.94,74853.54,74843.9,74849.2
1790142015,2026-09-23T11:10:15,74847.58,74866.9,74847.58,74866.39
1790142030,2026-09-23T11:10:30,74866.09,74873.03,74862.64,74868.06
1790142045,2026-09-23T11:10:45,74871.24,74872.96,74865.74,74865.74
1790142060,2026-09-23T11:11:00,74871.9,74872.65,74865.88,74867.99
1790142075,2026-09-23T11:11:15,74868.57,74872.71,74866.54,74868.76
1790142090,2026-09-23T11:11:30,74867.86,74876.87,74863.43,74868.62
1790142105,2026-09-23T11:11:45,74868.66,74868.66,74854.22,74858.76
1790142120,2026-09-23T11:12:00,74862.85,74867.89,74855.89,74857.57
1790142135,2026-09-23T11:12:15,74858.58,74871.18,74855.96,74871.18
1790142150,2026-09-23T11:12:30,74872.51,74882.01,74872.51,74875.91
1790142165,2026-09-23T11:12:45,74871.98,74877.07,74871.98,74872.78
1790142180,2026-09-23T11:13:00,74871.51,74878.48,74869.85,74876.57
1790142195,2026-09-23T11:13:15,74872.59,74885.32,74872.59,74882.91
1790142210,2026-09-23T11:13:30,74882.53,74888.15,74882.53,74885.96
1790142225,2026-09-23T11:13:45,74886.6,74887.09,74880.69,74881.29
1790142240,2026-09-23T11:14:00,74881.29,74889.23,74879.65,74887.09
1790142255,2026-09-23T11:14:15,74886.57,74890.21,74885.07,74890.21
1790142270,2026-09-23T11:14:30,74890.21,74895.94,74890.21,74891.89
1790142285,2026-09-23T11:14:45,74890.96,74891.91,74888.06,74890.27
1790142300,2026-09-23T11:15:00,74885.59,74885.59,74881.42,74884.08
1790142315,2026-09-23T11:15:15,74882.86,74884.01,74872.53,74873.13
1790142330,2026-09-23T11:15:30,74872.45,74876.82,74868.94,74870.12
1790142345,2026-09-23T11:15:45,74868.49,74873.64,74864.5,74873.49
1790142360,2026-09-23T11:16:00,74872.71,74873.21,74859.38,74859.38
1790142375,2026-09-23T11:16:15,74862.1,74863.55,74855.1,74861.26
1790142390,2026-09-23T11:16:30,74861.26,74863.13,74854.77,74856.85
1790142405,2026-09-23T11:16:45,74858.49,74862.62,74852.66,74862.62
1790142420,2026-09-23T11:17:00,74863.24,74870,74860.96,74860.96
1790142435,2026-09-23T11:17:15,74861.25,74869.82,74854.36,74854.53
1790142450,2026-09-23T11:17:30,74853.63,74858.09,74848.61,74851.74
1790142465,2026-09-23T11:17:45,74853.03,74853.36,74847.54,74849.42
1790142480,2026-09-23T11:18:00,74845.54,74846.8,74842.09,74844.19
1790142495,2026-09-23T11:18:15,74846.83,74850.07,74842.56,74842.56
1790142510,2026-09-23T11:18:30,74842.86,74847.99,74842.86,74847.72
1790142525,2026-09-23T11:18:45,74847.72,74847.72,74838.86,74842.3
1790142540,2026-09-23T11:19:00,74843.49,74843.49,74840.41,74842.05
1790142555,2026-09-23T11:19:15,74845.8,74848.46,74841.67,74848.46
1790142570,2026-09-23T11:19:30,74848.46,74851.49,74842.46,74843.68
1790142585,2026-09-23T11:19:45,74842.46,74848.27,74841.28,74846.38
1790142600,2026-09-23T11:20:00,74847.88,74858.68,74846.47,74858.68
1790142615,2026-09-23T11:20:15,74858.25,74862.13,74855.57,74859.16
1790142630,2026-09-23T11:20:30,74858.55,74860.65,74854.59,74857.16
1790142645,2026-09-23T11:20:45,74854.84,74857.91,74854.84,74856.3
1790142660,2026-09-23T11:21:00,74859.21,74864.24,74858.72,74864.24
1790142675,2026-09-23T11:21:15,74864.24,74872.55,74862.67,74870.03
1790142690,2026-09-23T11:21:30,74869.81,74872.6,74863.6,74869.85
1790142705,2026-09-23T11:21:45,74870.47,74870.47,74855.83,74858.54
1790142720,2026-09-23T11:22:00,74857.93,74864.47,74857.93,74862.6
1790142735,2026-09-23T11:22:15,74864.89,74867.33,74864.89,74866.33
1790142750,2026-09-23T11:22:30,74861.81,74868.04,74861.81,74862.12
1790142765,2026-09-23T11:22:45,74862.27,74870.05,74862.27,74870.01
1790142780,2026-09-23T11:23:00,74870.01,74870.01,74861.47,74861.85
1790142795,2026-09-23T11:23:15,74861.85,74864.22,74861.77,74862.96
1790142810,2026-09-23T11:23:30,74863.23,74865.17,74860.07,74863.45
1790142825,2026-09-23T11:23:45,74863.4,74869.63,74863.4,74865.67
1790142840,2026-09-23T11:24:00,74865.69,74867.91,74861.23,74861.23
1790142855,2026-09-23T11:24:15,74860.59,74870.62,74860.59,74866.91
1790142870,2026-09-23T11:24:30,74867.29,74867.93,74862.37,74862.37
1790142885,2026-09-23T11:24:45,74862.45,74864.75,74859.29,74864.75
1790142900,2026-09-23T11:25:00,74864.75,74864.84,74854.88,74860.4
1790142915,2026-09-23T11:25:15,74861.62,74865.99,74860.46,74865.99
1790142930,2026-09-23T11:25:30,74866.75,74866.75,74855.25,74855.25
1790142945,2026-09-23T11:25:45,74854.35,74862.32,74854.35,74862.32
1790142960,2026-09-23T11:26:00,74862.32,74868.36,74858.57,74868.36
1790142975,2026-09-23T11:26:15,74864.5,74874.68,74864.5,74872.9
1790142990,2026-09-23T11:26:30,74873.12,74879.76,74873.12,74877.06
1790143005,2026-09-23T11:26:45,74879.55,74885.51,74878.81,74879.77
1790143020,2026-09-23T11:27:00,74879.12,74879.12,74871.39,74871.74
1790143035,2026-09-23T11:27:15,74871.74,74875.62,74870.41,74874.82
1790143050,2026-09-23T11:27:30,74874.82,74876.99,74872.37,74872.37
1790143065,2026-09-23T11:27:45,74872.37,74872.52,74867.33,74867.33
1790143080,2026-09-23T11:28:00,74866.43,74868.92,74859.99,74859.99
1790143095,2026-09-23T11:28:15,74861.09,74861.56,74852.19,74861.56
1790143110,2026-09-23T11:28:30,74859.68,74860.11,74848.68,74850.1
1790143125,2026-09-23T11:28:45,74855.4,74857.16,74849.69,74856.43
1790143140,2026-09-23T11:29:00,74852.1,74859.2,74850.51,74853.96
1790143155,2026-09-23T11:29:15,74853.96,74853.96,74844.04,74848.23
1790143170,2026-09-23T11:29:30,74853.69,74853.69,74848.21,74849.9
1790143185,2026-09-23T11:29:45,74849.9,74857.24,74848.62,74852.85
1790143200,2026-09-23T11:30:00,74851.65,74859.25,74849.71,74856.84
1790143215,2026-09-23T11:30:15,74856.54,74859.81,74853.65,74859.22
1790143230,2026-09-23T11:30:30,74859.22,74873.77,74859.22,74872.86
1790143245,2026-09-23T11:30:45,74873.72,74888.96,74873.72,74888.96
1790143260,2026-09-23T11:31:00,74879.35,74881.85,74871.6,74878.87
1790143275,2026-09-23T11:31:15,74879.18,74885.67,74879.15,74884.46
1790143290,2026-09-23T11:31:30,74889.09,74890.18,74880.05,74883.06
1790143305,2026-09-23T11:31:45,74882.36,74887.3,74882.36,74887.28
1790143320,2026-09-23T11:32:00,74888.94,74894.44,74887.39,74894.44
1790143335,2026-09-23T11:32:15,74889.66,74898.46,74889.48,74898.46
1790143350,2026-09-23T11:32:30,74898.46,74904.47,74893.35,74903.11
1790143365,2026-09-23T11:32:45,74901.72,74906.62,74899.57,74903.91
1790143380,2026-09-23T11:33:00,74903.91,74906.4,74902.99,74905.61
1790143395,2026-09-23T11:33:15,74905.96,74906.26,74897.96,74900.12
1790143410,2026-09-23T11:33:30,74902.69,74904.63,74899.65,74901.34
1790143425,2026-09-23T11:33:45,74902.63,74911.92,74902.63,74908.07
1790143440,2026-09-23T11:34:00,74913.67,74916.9,74911.19,74911.19
1790143455,2026-09-23T11:34:15,74909.17,74917.02,74909.17,74910.6
1790143470,2026-09-23T11:34:30,74910.6,74915.1,74907.78,74908.09
1790143485,2026-09-23T11:34:45,74905.41,74908.68,74902.43,74902.43
1790143500,2026-09-23T11:35:00,74906.68,74906.71,74895.81,74895.81
1790143515,2026-09-23T11:35:15,74896.88,74900.16,74891.76,74891.76
1790143530,2026-09-23T11:35:30,74896.21,74896.21,74882.79,74882.79
1790143545,2026-09-23T11:35:45,74884.36,74884.36,74879.84,74880.64
1790143560,2026-09-23T11:36:00,74881.42,74887.94,74881.42,74883.73
1790143575,2026-09-23T11:36:15,74883.24,74890.48,74883.24,74887.85
1790143590,2026-09-23T11:36:30,74888.02,74888.02,74882.05,74883.54
1790143605,2026-09-23T11:36:45,74882.91,74887.69,74882.3,74887.69
1790143620,2026-09-23T11:37:00,74884.77,74895.05,74884.59,74894.4
1790143635,2026-09-23T11:37:15,74893.95,74896.21,74892.62,74896.15
1790143650,2026-09-23T11:37:30,74896.15,74899.1,74892.92,74894.74
1790143665,2026-09-23T11:37:45,74894.74,74899.32,74894.74,74898.2
1790143680,2026-09-23T11:38:00,74896.83,74896.99,74887.1,74887.1
1790143695,2026-09-23T11:38:15,74890.96,74892.96,74886.2,74887.49
1790143710,2026-09-23T11:38:30,74889.57,74895.35,74887.36,74887.36
1790143725,2026-09-23T11:38:45,74890.67,74894.41,74890.67,74892.39
1790143740,2026-09-23T11:39:00,74891.1,74891.4,74876.66,74876.66
1790143755,2026-09-23T11:39:15,74878.14,74884.85,74876.92,74877.16
1790143770,2026-09-23T11:39:30,74876.51,74884.68,74873.84,74881.5
1790143785,2026-09-23T11:39:45,74885.02,74886.37,74879.04,74879.04
1790143800,2026-09-23T11:40:00,74882.51,74885.25,74880.39,74882.41
1790143815,2026-09-23T11:40:15,74881.36,74885.02,74880.06,74880.06
1790143830,2026-09-23T11:40:30,74879.31,74880.68,74875.86,74875.86
1790143845,2026-09-23T11:40:45,74879.34,74887.47,74879.34,74885.85
1790143860,2026-09-23T11:41:00,74888.07,74888.07,74883.62,74886.18
1790143875,2026-09-23T11:41:15,74882.49,74888.55,74882.49,74884.4
1790143890,2026-09-23T11:41:30,74884.4,74885.58,74882.14,74882.72
1790143905,2026-09-23T11:41:45,74881.23,74882.13,74879.15,74881.49
1790143920,2026-09-23T11:42:00,74881.94,74884.8,74881.94,74882.97
1790143935,2026-09-23T11:42:15,74883.21,74883.29,74873.82,74882.79
1790143950,2026-09-23T11:42:30,74883.36,74887.82,74881.91,74882.03
1790143965,2026-09-23T11:42:45,74881.27,74887.63,74881.27,74882.64
1790143980,2026-09-23T11:43:00,74884.56,74887.83,74881.72,74887.83
1790143995,2026-09-23T11:43:15,74887.83,74888.95,74885.48,74886.77
1790144010,2026-09-23T11:43:30,74886.77,74892.41,74886.35,74889.77
1790144025,2026-09-23T11:43:45,74889.77,74891.31,74883.89,74883.89
1790144040,2026-09-23T11:44:00,74883.17,74887.11,74883.17,74884.99
1790144055,2026-09-23T11:44:15,74884.99,74891.22,74882.81,74882.81
1790144070,2026-09-23T11:44:30,74883.41,74888.57,74883.41,74884.77
1790144085,2026-09-23T11:44:45,74887.3,74887.85,74883.57,74887.85
1790144100,2026-09-23T11:45:00,74888.11,74891.94,74887.53,74888.79
1790144115,2026-09-23T11:45:15,74889.18,74894.28,74889.18,74889.39
1790144130,2026-09-23T11:45:30,74887.36,74897.64,74887.36,74893.59
1790144145,2026-09-23T11:45:45,74893.62,74895.95,74890,74895.95
1790144160,2026-09-23T11:46:00,74896.44,74896.44,74887.98,74887.98
1790144175,2026-09-23T11:46:15,74886.4,74887,74882.17,74882.18
1790144190,2026-09-23T11:46:30,74881.3,74899.76,74880.33,74899.76
1790144205,2026-09-23T11:46:45,74897.04,74902.57,74894.59,74902.57
1790144220,2026-09-23T11:47:00,74898.04,74903.65,74894.64,74903.25
1790144235,2026-09-23T11:47:15,74903.25,74904.93,74894.75,74901.18
1790144250,2026-09-23T11:47:30,74899.9,74902.16,74896.93,74900.57
1790144265,2026-09-23T11:47:45,74900.57,74902.27,74900.07,74901.62
1790144280,2026-09-23T11:48:00,74900.4,74902.28,74894.64,74895.57
1790144295,2026-09-23T11:48:15,74895.23,74895.23,74882.49,74882.49
1790144310,2026-09-23T11:48:30,74883.43,74889.49,74883.43,74889.03
1790144325,2026-09-23T11:48:45,74889.03,74889.7,74883.48,74883.48
1790144340,2026-09-23T11:49:00,74886.23,74893.45,74886.23,74892.28
1790144355,2026-09-23T11:49:15,74892.59,74896.41,74888.3,74891.74
1790144370,2026-09-23T11:49:30,74891.74,74892.17,74885.53,74889.21
1790144385,2026-09-23T11:49:45,74891.22,74891.94,74878.05,74883.31
1790144400,2026-09-23T11:50:00,74880.1,74880.72,74876.22,74877.49
1790144415,2026-09-23T11:50:15,74875.76,74879.01,74866.48,74871.83
1790144430,2026-09-23T11:50:30,74871.83,74871.83,74860.51,74862.37
1790144445,2026-09-23T11:50:45,74862.37,74862.37,74854.88,74858.39
1790144460,2026-09-23T11:51:00,74859.41,74862.23,74855.71,74860.77
1790144475,2026-09-23T11:51:15,74856.62,74863.23,74853.74,74862.87
1790144490,2026-09-23T11:51:30,74862.87,74862.87,74857.05,74861.54
1790144505,2026-09-23T11:51:45,74861.59,74861.59,74849.53,74854.02
1790144520,2026-09-23T11:52:00,74855.12,74859.25,74854.44,74859.25
1790144535,2026-09-23T11:52:15,74857.86,74860.3,74854.96,74858.95
1790144550,2026-09-23T11:52:30,74861.18,74871.99,74861.18,74870.08
1790144565,2026-09-23T11:52:45,74872.63,74873.09,74868.87,74873.09
1790144580,2026-09-23T11:53:00,74873.44,74874.71,74871.92,74872.93
1790144595,2026-09-23T11:53:15,74872.93,74872.93,74865.54,74866.92
1790144610,2026-09-23T11:53:30,74866.92,74867.37,74858.27,74858.27
1790144625,2026-09-23T11:53:45,74859.31,74863.21,74851.66,74860.2
1790144640,2026-09-23T11:54:00,74860.2,74866.15,74857.49,74864.72
1790144655,2026-09-23T11:54:15,74863.29,74866.52,74853.41,74853.41
1790144670,2026-09-23T11:54:30,74851.32,74858.34,74850.39,74858.34
1790144685,2026-09-23T11:54:45,74858.34,74858.34,74853.55,74858.09
1790144700,2026-09-23T11:55:00,74852.95,74859.04,74851.66,74857.87
1790144715,2026-09-23T11:55:15,74857.66,74860.32,74854.69,74854.69
1790144730,2026-09-23T11:55:30,74855.91,74855.91,74849.28,74850.15
1790144745,2026-09-23T11:55:45,74856.62,74857.31,74847.96,74857.31
1790144760,2026-09-23T11:56:00,74857.53,74857.53,74845.58,74846.28
1790144775,2026-09-23T11:56:15,74846.28,74851.05,74841.33,74845.66
1790144790,2026-09-23T11:56:30,74845.64,74852.6,74840.7,74852.6
1790144805,2026-09-23T11:56:45,74846.1,74852.15,74845.56,74851.89
1790144820,2026-09-23T11:57:00,74849.96,74853.54,74845.81,74847.03
1790144835,2026-09-23T11:57:15,74846.08,74847.07,74842.56,74847.07
1790144850,2026-09-23T11:57:30,74847.02,74849.15,74843.36,74845.67
1790144865,2026-09-23T11:57:45,74846.21,74848.5,74841.33,74841.33
1790144880,2026-09-23T11:58:00,74841.39,74845.97,74841.35,74845.19
1790144895,2026-09-23T11:58:15,74845.13,74845.47,74840.07,74843.39
1790144910,2026-09-23T11:58:30,74843.5,74852.36,74843.5,74851.12
1790144925,2026-09-23T11:58:45,74851.12,74851.12,74843.4,74847.4
1790144940,2026-09-23T11:59:00,74849.1,74850.96,74847.61,74849.93
1790144955,2026-09-23T11:59:15,74850.27,74852.11,74848.74,74851.86
1790144970,2026-09-23T11:59:30,74848.6,74852.48,74846.09,74846.96
1790144985,2026-09-23T11:59:45,74846.81,74857.36,74844.44,74857.36
1790145000,2026-09-23T12:00:00,74857.36,74861.96,74856.03,74857.89
1790145015,2026-09-23T12:00:15,74857.89,74868.99,74857.89,74868.99
1790145030,2026-09-23T12:00:30,74868.99,74868.99,74856.35,74856.35
1790145045,2026-09-23T12:00:45,74852.84,74859.86,74852.84,74857.1
1790145060,2026-09-23T12:01:00,74857.37,74861.01,74854.07,74861.01
1790145075,2026-09-23T12:01:15,74866.25,74869.26,74863.65,74866.85
1790145090,2026-09-23T12:01:30,74869.59,74879.25,74869.5,74879.25
1790145105,2026-09-23T12:01:45,74878.6,74883.99,74878.6,74883.99
1790145120,2026-09-23T12:02:00,74883.85,74895.92,74883.85,74888.26
1790145135,2026-09-23T12:02:15,74887.01,74891.5,74884.99,74891.45
1790145150,2026-09-23T12:02:30,74890.67,74895.53,74889.31,74892.7
1790145165,2026-09-23T12:02:45,74892.7,74898.21,74890.72,74898.21
1790145180,2026-09-23T12:03:00,74899.25,74900.89,74896.7,74900.89
1790145195,2026-09-23T12:03:15,74900.84,74908.11,74899.44,74907.61
1790145210,2026-09-23T12:03:30,74907.19,74911.83,74905.29,74911.83
1790145225,2026-09-23T12:03:45,74911.38,74916.42,74909.2,74912.88
1790145240,2026-09-23T12:04:00,74915.95,74915.95,74902.21,74909.34
1790145255,2026-09-23T12:04:15,74899.95,74908.49,74899.95,74903.99
1790145270,2026-09-23T12:04:30,74903.99,74910.02,74898.24,74910.02
1790145285,2026-09-23T12:04:45,74910.02,74910.02,74903.06,74908.95
1790145300,2026-09-23T12:05:00,74909.54,74916.86,74905.09,74916.86
1790145315,2026-09-23T12:05:15,74916.86,74916.86,74909.85,74909.85
1790145330,2026-09-23T12:05:30,74908.61,74924.04,74908.17,74924.04
1790145345,2026-09-23T12:05:45,74924.04,74924.04,74915.98,74921.88
1790145360,2026-09-23T12:06:00,74921.67,74923.27,74914.32,74920.9
1790145375,2026-09-23T12:06:15,74918.1,74920.66,74911.92,74918.07
1790145390,2026-09-23T12:06:30,74918.42,74930.94,74916.04,74926.44
1790145405,2026-09-23T12:06:45,74924.22,74928.83,74920.9,74926.82
1790145420,2026-09-23T12:07:00,74924.13,74929.01,74924.13,74929.01
1790145435,2026-09-23T12:07:15,74928.42,74932.07,74917.85,74917.85
1790145450,2026-09-23T12:07:30,74915.72,74917.43,74910.55,74912.1
1790145465,2026-09-23T12:07:45,74914.01,74921.74,74911.7,74917.02
1790145480,2026-09-23T12:08:00,74912.17,74920.88,74911.97,74919.38
1790145495,2026-09-23T12:08:15,74913.18,74918.61,74912.86,74918.61
1790145510,2026-09-23T12:08:30,74918.61,74918.61,74910.77,74916.28
1790145525,2026-09-23T12:08:45,74916.28,74916.98,74914.44,74915.75
1790145540,2026-09-23T12:09:00,74914.85,74914.96,74904.02,74908.8
1790145555,2026-09-23T12:09:15,74908.8,74908.8,74904.42,74906.19
1790145570,2026-09-23T12:09:30,74906.19,74913.47,74903.47,74903.47
1790145585,2026-09-23T12:09:45,74904.71,74915.59,74903.4,74915.59
1790145600,2026-09-23T12:10:00,74916.98,74930.89,74914.9,74930.89
1790145615,2026-09-23T12:10:15,74932.33,74934.89,74928.4,74928.4
1790145630,2026-09-23T12:10:30,74928.63,74930.13,74922.65,74922.95
1790145645,2026-09-23T12:10:45,74923.87,74929.29,74918.49,74929.29
1790145660,2026-09-23T12:11:00,74931.4,74937.31,74929.22,74935.89
1790145675,2026-09-23T12:11:15,74935.43,74935.43,74924.81,74931.29
1790145690,2026-09-23T12:11:30,74932.58,74944.47,74929.77,74938.68
1790145705,2026-09-23T12:11:45,74936.9,74939.86,74934.02,74934.02
1790145720,2026-09-23T12:12:00,74931.7,74938.69,74931.25,74938.69
1790145735,2026-09-23T12:12:15,74938.79,74943.85,74937.24,74943.54
1790145750,2026-09-23T12:12:30,74943.54,74947.06,74942.8,74946.24
1790145765,2026-09-23T12:12:45,74946.69,74950.85,74944.89,74950.85
1790145780,2026-09-23T12:13:00,74949.51,74949.51,74946.74,74948.69
1790145795,2026-09-23T12:13:15,74949.77,74953.48,74944.99,74944.99
1790145810,2026-09-23T12:13:30,74946.11,74951.43,74944.37,74945.17
1790145825,2026-09-23T12:13:45,74946.06,74949.53,74944.09,74947.28
1790145840,2026-09-23T12:14:00,74949.93,74961.23,74949.93,74961.23
1790145855,2026-09-23T12:14:15,74961.51,74961.51,74947.47,74947.82
1790145870,2026-09-23T12:14:30,74951.13,74954.78,74947.6,74949.17
1790145885,2026-09-23T12:14:45,74949.47,74954.76,74946.4,74946.4
1790145900,2026-09-23T12:15:00,74946.4,74949.42,74945.71,74945.97
1790145915,2026-09-23T12:15:15,74946.96,74953.86,74944.62,74953.86
1790145930,2026-09-23T12:15:30,74950.42,74951.36,74945.79,74951.35
1790145945,2026-09-23T12:15:45,74949.26,74951.25,74943.22,74944.36
1790145960,2026-09-23T12:16:00,74945.28,74950,74944.23,74948.28
1790145975,2026-09-23T12:16:15,74948.8,74949.29,74940.71,74945.8
1790145990,2026-09-23T12:16:30,74946.84,74947.07,74942.03,74945.05
1790146005,2026-09-23T12:16:45,74945.05,74947.47,74938.25,74946.92
1790146020,2026-09-23T12:17:00,74951.1,74951.1,74944.32,74944.32
1790146035,2026-09-23T12:17:15,74943.51,74946.83,74943.13,74943.42
1790146050,2026-09-23T12:17:30,74945.99,74953.7,74945.94,74951.96
1790146065,2026-09-23T12:17:45,74951.31,74953.6,74949.34,74950.59
1790146080,2026-09-23T12:18:00,74951.04,74951.04,74936.02,74940.29
1790146095,2026-09-23T12:18:15,74941.96,74945.84,74936.58,74943.05
1790146110,2026-09-23T12:18:30,74942.84,74944.67,74940.88,74940.88
1790146125,2026-09-23T12:18:45,74940.88,74950.85,74940.88,74948.29
1790146140,2026-09-23T12:19:00,74950.3,74957.61,74950.3,74952.27
1790146155,2026-09-23T12:19:15,74952.27,74952.27,74946.69,74951.9
1790146170,2026-09-23T12:19:30,74951.28,74956.78,74951.28,74954.4
1790146185,2026-09-23T12:19:45,74953.6,74963.51,74952.11,74963.51
1790146200,2026-09-23T12:20:00,74963.51,74973.05,74963.51,74972.57
1790146215,2026-09-23T12:20:15,74973.66,74973.66,74963.27,74963.27
1790146230,2026-09-23T12:20:30,74963.13,74963.75,74951.67,74957.07
1790146245,2026-09-23T12:20:45,74956.16,74958.11,74953.34,74957.37
1790146260,2026-09-23T12:21:00,74957.92,74961.64,74955.54,74961.64
1790146275,2026-09-23T12:21:15,74961.64,74961.64,74956.27,74957.36
1790146290,2026-09-23T12:21:30,74957.58,74957.69,74952.04,74952.6
1790146305,2026-09-23T12:21:45,74953,74956.33,74952.98,74955.22
1790146320,2026-09-23T12:22:00,74955.22,74959.45,74955.22,74955.62
1790146335,2026-09-23T12:22:15,74955.47,74959.98,74950.23,74954.09
1790146350,2026-09-23T12:22:30,74952.79,74955.89,74947.68,74952.85
1790146365,2026-09-23T12:22:45,74952.85,74953.8,74950.29,74950.29
1790146380,2026-09-23T12:23:00,74951.11,74955.18,74944.46,74947.22
1790146395,2026-09-23T12:23:15,74947.28,74947.28,74940.83,74942.69
1790146410,2026-09-23T12:23:30,74945.61,74945.61,74937.37,74938.01
1790146425,2026-09-23T12:23:45,74940.59,74940.59,74929.17,74929.17
1790146440,2026-09-23T12:24:00,74929.17,74935.94,74925.85,74927.92
1790146455,2026-09-23T12:24:15,74927.59,74929.82,74925.52,74925.52
1790146470,2026-09-23T12:24:30,74920.94,74925.04,74919.18,74924.91
1790146485,2026-09-23T12:24:45,74928.72,74935.79,74925.17,74935.26
1790146500,2026-09-23T12:25:00,74933.67,74935.56,74932.06,74934.84
1790146515,2026-09-23T12:25:15,74935.69,74937.63,74928.44,74929.44
1790146530,2026-09-23T12:25:30,74928.4,74930.2,74919.06,74919.06
1790146545,2026-09-23T12:25:45,74921.85,74924.14,74917.09,74919.75
1790146560,2026-09-23T12:26:00,74918.35,74921.21,74917.32,74918.75
1790146575,2026-09-23T12:26:15,74918.65,74921.85,74917.29,74919.89
1790146590,2026-09-23T12:26:30,74919.21,74923.25,74917.73,74917.73
1790146605,2026-09-23T12:26:45,74917.73,74922.54,74917.73,74922.2
1790146620,2026-09-23T12:27:00,74922.13,74922.13,74913.4,74919.92
1790146635,2026-09-23T12:27:15,74923.77,74923.77,74919.37,74919.65
1790146650,2026-09-23T12:27:30,74919.09,74929.75,74919.09,74925.03
1790146665,2026-09-23T12:27:45,74924.56,74931.31,74924.56,74925.98
1790146680,2026-09-23T12:28:00,74930.38,74932.07,74925.59,74926.26
1790146695,2026-09-23T12:28:15,74927.33,74933.43,74927.08,74927.08
1790146710,2026-09-23T12:28:30,74927.08,74933.86,74926.61,74931.72
1790146725,2026-09-23T12:28:45,74930.29,74931.85,74926.48,74926.48
1790146740,2026-09-23T12:29:00,74926.48,74933.29,74924.73,74933.29
1790146755,2026-09-23T12:29:15,74933.77,74935.16,74929.82,74929.82
1790146770,2026-09-23T12:29:30,74929.74,74930.26,74922.8,74927.81
1790146785,2026-09-23T12:29:45,74927.25,74928.47,74923.73,74924.72
1790146800,2026-09-23T12:30:00,74924.56,74926.52,74921.48,74921.48
1790146815,2026-09-23T12:30:15,74922.47,74925.77,74914.41,74925.77
1790146830,2026-09-23T12:30:30,74925.77,74925.77,74917.55,74924.22
1790146845,2026-09-23T12:30:45,74924.27,74927.57,74918.3,74918.3
1790146860,2026-09-23T12:31:00,74914.69,74917.22,74912.1,74915.12
1790146875,2026-09-23T12:31:15,74913.89,74913.89,74898.95,74903
1790146890,2026-09-23T12:31:30,74901.21,74906.84,74901.21,74906.84
1790146905,2026-09-23T12:31:45,74910.75,74910.75,74904.03,74904.34
1790146920,2026-09-23T12:32:00,74907.5,74910.46,74905.57,74906.29
1790146935,2026-09-23T12:32:15,74905.95,74907.28,74903.2,74905.76
1790146950,2026-09-23T12:32:30,74910.19,74911.55,74905.41,74905.94
1790146965,2026-09-23T12:32:45,74905.91,74914.19,74902.56,74907.71
1790146980,2026-09-23T12:33:00,74907.71,74915.11,74906.79,74912.17
1790146995,2026-09-23T12:33:15,74908.66,74918.79,74908.25,74918.79
1790147010,2026-09-23T12:33:30,74918.09,74922.79,74914.4,74919.43
1790147025,2026-09-23T12:33:45,74918.3,74920.24,74912.21,74920.24
1790147040,2026-09-23T12:34:00,74921.1,74921.1,74916.17,74918.83
1790147055,2026-09-23T12:34:15,74918.83,74918.83,74912.97,74912.97
1790147070,2026-09-23T12:34:30,74910.12,74915.08,74910.12,74911.6
1790147085,2026-09-23T12:34:45,74911.6,74918.66,74910.34,74918.66
1790147100,2026-09-23T12:35:00,74919.32,74920.99,74912.2,74912.2
1790147115,2026-09-23T12:35:15,74912.2,74925.24,74912.2,74925.24
1790147130,2026-09-23T12:35:30,74925.62,74930.65,74921.14,74930.65
1790147145,2026-09-23T12:35:45,74930.83,74931.66,74927.05,74927.36
1790147160,2026-09-23T12:36:00,74928.84,74928.84,74921,74923.92
1790147175,2026-09-23T12:36:15,74921.18,74927.27,74921.18,74927.27
1790147190,2026-09-23T12:36:30,74927.27,74932.78,74922.6,74922.6
1790147205,2026-09-23T12:36:45,74921.51,74930.97,74921.46,74921.46
1790147220,2026-09-23T12:37:00,74921.46,74926.43,74921.44,74922.22
1790147235,2026-09-23T12:37:15,74922.22,74926.77,74918.12,74924.02
1790147250,2026-09-23T12:37:30,74923.95,74926.93,74920.27,74920.4
1790147265,2026-09-23T12:37:45,74919.06,74924.44,74919.06,74924.44
1790147280,2026-09-23T12:38:00,74922.08,74925.65,74918.05,74925.65
1790147295,2026-09-23T12:38:15,74926.07,74926.07,74922.11,74923.15
1790147310,2026-09-23T12:38:30,74923.15,74923.15,74917.78,74922.03
1790147325,2026-09-23T12:38:45,74922.03,74925.45,74918.14,74925.45
1790147340,2026-09-23T12:39:00,74927.86,74932.94,74927.86,74929.73
1790147355,2026-09-23T12:39:15,74932.66,74934.68,74927.82,74928.59
1790147370,2026-09-23T12:39:30,74933.02,74933.02,74920.14,74923.95
1790147385,2026-09-23T12:39:45,74928.42,74929.5,74922.05,74925.68
1790147400,2026-09-23T12:40:00,74925.72,74930.33,74925.72,74930.29
1790147415,2026-09-23T12:40:15,74930.29,74932.85,74925.02,74932.15
1790147430,2026-09-23T12:40:30,74932.15,74934.55,74929.57,74929.57
1790147445,2026-09-23T12:40:45,74928.93,74936.77,74928.32,74936.77
1790147460,2026-09-23T12:41:00,74936.66,74937.69,74932.12,74934.74
1790147475,2026-09-23T12:41:15,74934.74,74935.35,74928.43,74931.57
1790147490,2026-09-23T12:41:30,74933.89,74934.17,74929.27,74930.65
1790147505,2026-09-23T12:41:45,74930.31,74932.18,74928.59,74928.73
1790147520,2026-09-23T12:42:00,74929.04,74929.66,74925.77,74926.1
1790147535,2026-09-23T12:42:15,74926.27,74928.92,74920.81,74928.92
1790147550,2026-09-23T12:42:30,74930.15,74932.19,74928.46,74932.19
1790147565,2026-09-23T12:42:45,74932.19,74934.22,74927.19,74927.63
1790147580,2026-09-23T12:43:00,74927.63,74931.58,74920.49,74923.81
1790147595,2026-09-23T12:43:15,74924.27,74927.54,74922.32,74923.71
1790147610,2026-09-23T12:43:30,74924.35,74928.72,74921.14,74927.63
1790147625,2026-09-23T12:43:45,74927.98,74930.61,74925.79,74925.79
1790147640,2026-09-23T12:44:00,74923.36,74929.99,74923.36,74923.58
1790147655,2026-09-23T12:44:15,74923.58,74926.47,74921.21,74922.44
1790147670,2026-09-23T12:44:30,74922.44,74923.66,74920.25,74921.15
1790147685,2026-09-23T12:44:45,74921.15,74923.94,74919.59,74921.25
1790147700,2026-09-23T12:45:00,74919.96,74923.27,74917.8,74920.26
1790147715,2026-09-23T12:45:15,74920.25,74924.63,74920.18,74924.63
1790147730,2026-09-23T12:45:30,74924.03,74924.85,74923.47,74923.47
1790147745,2026-09-23T12:45:45,74923.47,74925.67,74922.72,74923.95
1790147760,2026-09-23T12:46:00,74924.82,74928.62,74923.41,74926.08
1790147775,2026-09-23T12:46:15,74926.94,74929.52,74923.58,74924.32
1790147790,2026-09-23T12:46:30,74923.96,74923.96,74916.16,74918.2
1790147805,2026-09-23T12:46:45,74918.5,74920.32,74914.3,74914.5
1790147820,2026-09-23T12:47:00,74914.5,74915.7,74910.72,74912.81
1790147835,2026-09-23T12:47:15,74911.61,74912.67,74909.27,74912.62
1790147850,2026-09-23T12:47:30,74912.62,74912.62,74905.19,74905.19
1790147865,2026-09-23T12:47:45,74909.23,74913.13,74904.04,74904.04
1790147880,2026-09-23T12:48:00,74900.82,74909.6,74900.82,74908.71
1790147895,2026-09-23T12:48:15,74908.55,74909.65,74903.67,74907.38
1790147910,2026-09-23T12:48:30,74905.39,74906.7,74901.48,74903.7
1790147925,2026-09-23T12:48:45,74903.7,74906.05,74901.08,74901.08
1790147940,2026-09-23T12:49:00,74902.15,74910.89,74900.38,74910.89
1790147955,2026-09-23T12:49:15,74910.85,74912.4,74904.77,74910.22
1790147970,2026-09-23T12:49:30,74910.8,74912.98,74908.09,74908.17
1790147985,2026-09-23T12:49:45,74907.47,74912.12,74907.47,74908.1
1790148000,2026-09-23T12:50:00,74908.02,74914.96,74908.02,74912.51
1790148015,2026-09-23T12:50:15,74910.28,74913.31,74910.13,74913.31
1790148030,2026-09-23T12:50:30,74916.94,74917.1,74911.48,74911.48
1790148045,2026-09-23T12:50:45,74912.96,74919.33,74912.96,74918.25
1790148060,2026-09-23T12:51:00,74917.49,74924.56,74917.49,74924.56
1790148075,2026-09-23T12:51:15,74924.86,74929.5,74924.7,74924.7
1790148090,2026-09-23T12:51:30,74928.02,74932.13,74924.53,74924.53
1790148105,2026-09-23T12:51:45,74925.57,74925.57,74921.32,74925.25
1790148120,2026-09-23T12:52:00,74925.25,74927.26,74922.54,74926.26
1790148135,2026-09-23T12:52:15,74926.18,74927.47,74920.96,74921.77
1790148150,2026-09-23T12:52:30,74921.69,74933.32,74921.19,74933.32
1790148165,2026-09-23T12:52:45,74928.29,74928.57,74924.85,74925.3
1790148180,2026-09-23T12:53:00,74924.88,74930.61,74920.69,74930.61
1790148195,2026-09-23T12:53:15,74928.96,74928.96,74922.16,74922.99
1790148210,2026-09-23T12:53:30,74922.99,74926.64,74920.33,74926.64
1790148225,2026-09-23T12:53:45,74927.4,74927.4,74921.94,74922.01
1790148240,2026-09-23T12:54:00,74920.62,74920.62,74916.74,74917.4
1790148255,2026-09-23T12:54:15,74917.4,74919.54,74916.67,74919.46
1790148270,2026-09-23T12:54:30,74918.03,74918.67,74913.67,74915.6
1790148285,2026-09-23T12:54:45,74913.85,74914.31,74906.31,74908.97
1790148300,2026-09-23T12:55:00,74908.61,74916.86,74906.99,74916.86
1790148315,2026-09-23T12:55:15,74916.86,74917.65,74906.53,74909.06
1790148330,2026-09-23T12:55:30,74908.91,74909.96,74906.03,74908.98
1790148345,2026-09-23T12:55:45,74908.34,74908.52,74904.61,74904.95
1790148360,2026-09-23T12:56:00,74900.1,74906.43,74900.1,74906.43
1790148375,2026-09-23T12:56:15,74905.73,74915.71,74904.11,74915.71
1790148390,2026-09-23T12:56:30,74915.94,74918.78,74911.56,74917.38
1790148405,2026-09-23T12:56:45,74918.02,74918.02,74907.7,74909.1
1790148420,2026-09-23T12:57:00,74908.41,74911.45,74907.05,74907.06
1790148435,2026-09-23T12:57:15,74908.48,74915.66,74907.91,74915.46
1790148450,2026-09-23T12:57:30,74911.92,74914.35,74908.15,74913.19
1790148465,2026-09-23T12:57:45,74908.24,74915.32,74907.86,74911.48
1790148480,2026-09-23T12:58:00,74912.09,74914.57,74909,74914.57
1790148495,2026-09-23T12:58:15,74914.66,74918.31,74911.74,74916.82
1790148510,2026-09-23T12:58:30,74917.78,74924.11,74916.31,74922.89
1790148525,2026-09-23T12:58:45,74917.32,74921.69,74916.02,74921.69
1790148540,2026-09-23T12:59:00,74921.29,74922.44,74915.92,74918.97
1790148555,2026-09-23T12:59:15,74920.25,74925.93,74919.55,74922.6
1790148570,2026-09-23T12:59:30,74922.45,74924.88,74917.27,74920.27
1790148585,2026-09-23T12:59:45,74920.27,74922.72,74919.11,74921.96
1790148600,2026-09-23T13:00:00,74921.96,74928.75,74921.96,74925.9
1790148615,2026-09-23T13:00:15,74925.9,74925.9,74913.34,74913.34
1790148630,2026-09-23T13:00:30,74914.44,74914.93,74913,74913.84
1790148645,2026-09-23T13:00:45,74915.79,74918.36,74913.25,74918.36
1790148660,2026-09-23T13:01:00,74918.95,74921.62,74915.72,74916.95
1790148675,2026-09-23T13:01:15,74916.25,74931.84,74916.25,74931.84
1790148690,2026-09-23T13:01:30,74930.69,74930.69,74923.29,74928.95
1790148705,2026-09-23T13:01:45,74928.69,74928.69,74917.05,74917.58
1790148720,2026-09-23T13:02:00,74917.58,74921.76,74915.4,74921.76
1790148735,2026-09-23T13:02:15,74921.76,74932.99,74921.4,74932.99
1790148750,2026-09-23T13:02:30,74931.44,74934.67,74925.04,74925.04
1790148765,2026-09-23T13:02:45,74924.94,74935.43,74924.64,74931.28
1790148780,2026-09-23T13:03:00,74930.78,74935.31,74928.4,74931.65
1790148795,2026-09-23T13:03:15,74927.17,74932.23,74926.54,74928.72
1790148810,2026-09-23T13:03:30,74931.29,74935.14,74925.69,74930.97
1790148825,2026-09-23T13:03:45,74930.97,74940.38,74928.6,74940.38
1790148840,2026-09-23T13:04:00,74940.53,74944.75,74940.53,74942.23
1790148855,2026-09-23T13:04:15,74946.08,74946.08,74939.45,74941.63
1790148870,2026-09-23T13:04:30,74936.75,74942.37,74933.08,74935.31
1790148885,2026-09-23T13:04:45,74935.69,74941.99,74932.83,74937.72
1790148900,2026-09-23T13:05:00,74937.04,74939.42,74934.38,74937.35
1790148915,2026-09-23T13:05:15,74937.35,74937.66,74930.15,74930.18
1790148930,2026-09-23T13:05:30,74934.64,74938.25,74926.31,74926.31
1790148945,2026-09-23T13:05:45,74927.89,74927.89,74915.7,74918.47
1790148960,2026-09-23T13:06:00,74917.12,74920.98,74916.52,74920.98
1790148975,2026-09-23T13:06:15,74920.94,74920.94,74915.48,74917.81
1790148990,2026-09-23T13:06:30,74917.17,74920.98,74914.42,74918.51
1790149005,2026-09-23T13:06:45,74918.98,74918.98,74909.99,74911.45
1790149020,2026-09-23T13:07:00,74911.3,74921.39,74910.62,74917.72
1790149035,2026-09-23T13:07:15,74917.42,74920.18,74912.58,74920.18
1790149050,2026-09-23T13:07:30,74920.87,74936.7,74919.48,74936.7
1790149065,2026-09-23T13:07:45,74936.7,74938.11,74930.4,74937.36
1790149080,2026-09-23T13:08:00,74937.36,74942.52,74936.51,74938.16
1790149095,2026-09-23T13:08:15,74938.16,74938.54,74930.42,74931.66
1790149110,2026-09-23T13:08:30,74933.48,74933.48,74922,74924.1
1790149125,2026-09-23T13:08:45,74922.2,74937.87,74922.2,74937.3
1790149140,2026-09-23T13:09:00,74937.3,74937.3,74930.69,74931.25
1790149155,2026-09-23T13:09:15,74931.3,74935.44,74929.67,74935.44
1790149170,2026-09-23T13:09:30,74932.21,74932.21,74914.82,74919.97
1790149185,2026-09-23T13:09:45,74919.97,74919.97,74907.57,74907.57
1790149200,2026-09-23T13:10:00,74912.72,74917.21,74908.95,74911.45
1790149215,2026-09-23T13:10:15,74911.3,74919.58,74909.53,74915.04
1790149230,2026-09-23T13:10:30,74915.34,74916.66,74910.95,74914.23
1790149245,2026-09-23T13:10:45,74914.23,74915.36,74901.13,74901.13
1790149260,2026-09-23T13:11:00,74907.56,74910.93,74901.45,74909.93
1790149275,2026-09-23T13:11:15,74909.83,74909.83,74898.84,74899.92
1790149290,2026-09-23T13:11:30,74896.33,74901.6,74896.33,74897.64
1790149305,2026-09-23T13:11:45,74897.41,74903.53,74897.41,74903.53
1790149320,2026-09-23T13:12:00,74903.53,74909.28,74903.53,74906.97
1790149335,2026-09-23T13:12:15,74907.74,74907.9,74900.37,74900.37
1790149350,2026-09-23T13:12:30,74898.82,74905.73,74898.82,74901.75
1790149365,2026-09-23T13:12:45,74901.76,74905,74895.6,74896.72
1790149380,2026-09-23T13:13:00,74897.7,74897.7,74888.05,74888.05
1790149395,2026-09-23T13:13:15,74888.05,74894.75,74888.05,74891.03
1790149410,2026-09-23T13:13:30,74889.1,74895.38,74889.1,74895.09
1790149425,2026-09-23T13:13:45,74895.97,74899.59,74895.97,74897.53
1790149440,2026-09-23T13:14:00,74893.54,74899.4,74892.82,74896.58
1790149455,2026-09-23T13:14:15,74896.1,74900.73,74892.56,74900.37
1790149470,2026-09-23T13:14:30,74900.51,74900.51,74893.84,74895.65
1790149485,2026-09-23T13:14:45,74896.26,74903.41,74895.57,74902.29
1790149500,2026-09-23T13:15:00,74902.59,74902.59,74893.29,74894.77
1790149515,2026-09-23T13:15:15,74894.57,74899.86,74894.57,74898.31
1790149530,2026-09-23T13:15:30,74896.94,74899.61,74896.4,74898.15
1790149545,2026-09-23T13:15:45,74897.22,74899.56,74893.03,74898.13
1790149560,2026-09-23T13:16:00,74898.96,74903.91,74898.96,74901.04
1790149575,2026-09-23T13:16:15,74900.89,74900.89,74896.35,74896.35
1790149590,2026-09-23T13:16:30,74896.35,74904.11,74896.35,74897.49
1790149605,2026-09-23T13:16:45,74900.31,74903.72,74899.5,74899.5
1790149620,2026-09-23T13:17:00,74896.83,74901,74896.37,74901
1790149635,2026-09-23T13:17:15,74903.93,74913.26,74903.93,74904.15
1790149650,2026-09-23T13:17:30,74904.23,74913.64,74903.93,74909.48
1790149665,2026-09-23T13:17:45,74909.48,74910.09,74901.7,74901.7
1790149680,2026-09-23T13:18:00,74902.4,74904.05,74898.66,74904.05
1790149695,2026-09-23T13:18:15,74904.05,74907.41,74904.05,74904.66
1790149710,2026-09-23T13:18:30,74904.58,74904.58,74898.22,74899.47
1790149725,2026-09-23T13:18:45,74899.47,74902.51,74899.47,74901.08
1790149740,2026-09-23T13:19:00,74898.12,74905.18,74898.12,74904
1790149755,2026-09-23T13:19:15,74904.7,74905.27,74900.44,74902.01
1790149770,2026-09-23T13:19:30,74903.49,74906.12,74901.39,74905.17
1790149785,2026-09-23T13:19:45,74901.96,74908,74901.96,74904.9
1790149800,2026-09-23T13:20:00,74903.02,74903.47,74901.34,74903.47
1790149815,2026-09-23T13:20:15,74902.25,74906.39,74900.47,74906.39
1790149830,2026-09-23T13:20:30,74906.91,74909.71,74903.25,74906.76
1790149845,2026-09-23T13:20:45,74905.53,74905.53,74899.59,74901.18
1790149860,2026-09-23T13:21:00,74903.01,74905.67,74901.78,74904.22
1790149875,2026-09-23T13:21:15,74905.56,74907.93,74899.82,74906.52
1790149890,2026-09-23T13:21:30,74909.8,74911.08,74900,74901.49
1790149905,2026-09-23T13:21:45,74901.49,74906.22,74899.68,74906.09
1790149920,2026-09-23T13:22:00,74902.67,74907.77,74902.67,74907.47
1790149935,2026-09-23T13:22:15,74908.59,74912.26,74907.94,74911.35
1790149950,2026-09-23T13:22:30,74909.07,74914.13,74908.33,74911.86
1790149965,2026-09-23T13:22:45,74911.86,74917.91,74909.91,74911.6
1790149980,2026-09-23T13:23:00,74911.86,74912.74,74906.23,74911.59
1790149995,2026-09-23T13:23:15,74912.2,74912.2,74906.66,74907.79
1790150010,2026-09-23T13:23:30,74907.64,74908.23,74905.33,74907.75
1790150025,2026-09-23T13:23:45,74908.08,74910.56,74906.94,74910.56
1790150040,2026-09-23T13:24:00,74910.56,74913.7,74908.53,74909.85
1790150055,2026-09-23T13:24:15,74910.28,74913.07,74910.28,74912.08
1790150070,2026-09-23T13:24:30,74909.44,74910.16,74908.8,74909.37
1790150085,2026-09-23T13:24:45,74910.61,74911.8,74908.14,74908.14
1790150100,2026-09-23T13:25:00,74907.71,74914.79,74907.5,74914.49
1790150115,2026-09-23T13:25:15,74914.38,74917.13,74910.57,74910.57
1790150130,2026-09-23T13:25:30,74910.59,74912.01,74906.21,74909.06
1790150145,2026-09-23T13:25:45,74906.54,74910.49,74902.93,74905.91
1790150160,2026-09-23T13:26:00,74906.08,74910.42,74905.04,74910.42
1790150175,2026-09-23T13:26:15,74912.04,74915.26,74909.48,74915.26
1790150190,2026-09-23T13:26:30,74915.9,74915.9,74909.51,74909.51
1790150205,2026-09-23T13:26:45,74911.41,74914.88,74909.13,74914.17
1790150220,2026-09-23T13:27:00,74914.17,74918.12,74912.93,74916.1
1790150235,2026-09-23T13:27:15,74916.45,74916.45,74907.92,74910.2
1790150250,2026-09-23T13:27:30,74913.25,74915.7,74913.06,74913.96
1790150265,2026-09-23T13:27:45,74914.5,74914.5,74905.65,74906.69
1790150280,2026-09-23T13:28:00,74909.27,74912.76,74899.3,74904.2
1790150295,2026-09-23T13:28:15,74902.71,74905.35,74901.44,74905.35
1790150310,2026-09-23T13:28:30,74903.12,74904.84,74899.15,74904.78
1790150325,2026-09-23T13:28:45,74904.95,74905.58,74901.87,74904.44
1790150340,2026-09-23T13:29:00,74905.16,74905.51,74901.24,74902.01
1790150355,2026-09-23T13:29:15,74900.47,74901.22,74890.49,74891.96
1790150370,2026-09-23T13:29:30,74890.98,74891.31,74883.03,74883.11
1790150385,2026-09-23T13:29:45,74882.76,74882.76,74874.37,74876.81
1790150400,2026-09-23T13:30:00,74879.38,74879.79,74869.16,74869.16
1790150415,2026-09-23T13:30:15,74869.16,74872.59,74865.53,74865.53
1790150430,2026-09-23T13:30:30,74867.8,74870.19,74862.78,74863.98
1790150445,2026-09-23T13:30:45,74864.34,74868.08,74859.77,74860.82
1790150460,2026-09-23T13:31:00,74860.82,74864.67,74860.82,74863.19
1790150475,2026-09-23T13:31:15,74863.05,74866.2,74862.58,74862.58
1790150490,2026-09-23T13:31:30,74862.58,74870.37,74862.58,74870.37
1790150505,2026-09-23T13:31:45,74870.37,74870.87,74857.88,74857.88
1790150520,2026-09-23T13:32:00,74858.88,74858.88,74851.48,74856.17
1790150535,2026-09-23T13:32:15,74856.17,74858.81,74852.5,74852.5
1790150550,2026-09-23T13:32:30,74851.94,74851.94,74846.12,74847.34
1790150565,2026-09-23T13:32:45,74846.63,74849.01,74839.38,74841.01
1790150580,2026-09-23T13:33:00,74838.61,74842.49,74837.69,74841.59
1790150595,2026-09-23T13:33:15,74842.71,74842.71,74836.62,74836.62
1790150610,2026-09-23T13:33:30,74839.29,74843.86,74839.12,74843.52
1790150625,2026-09-23T13:33:45,74843.93,74844.33,74835.58,74835.58
1790150640,2026-09-23T13:34:00,74831.73,74832.19,74826.88,74828.68
1790150655,2026-09-23T13:34:15,74827.72,74837.78,74827.25,74837.78
1790150670,2026-09-23T13:34:30,74841.29,74841.65,74826.35,74826.61
1790150685,2026-09-23T13:34:45,74827.32,74837.61,74826.63,74834.24
1790150700,2026-09-23T13:35:00,74836.22,74837.25,74829.82,74829.82
1790150715,2026-09-23T13:35:15,74834.32,74837.23,74830.16,74835.16
1790150730,2026-09-23T13:35:30,74833.86,74833.86,74828.84,74830.95
1790150745,2026-09-23T13:35:45,74829.73,74830.43,74815.35,74815.35
1790150760,2026-09-23T13:36:00,74815.01,74817.07,74806.76,74817.07
1790150775,2026-09-23T13:36:15,74817.07,74817.37,74806.01,74807.79
1790150790,2026-09-23T13:36:30,74807.79,74810.22,74807.01,74807.16
1790150805,2026-09-23T13:36:45,74807.16,74813.06,74805.53,74813.06
1790150820,2026-09-23T13:37:00,74813.06,74813.06,74809.53,74811.58
1790150835,2026-09-23T13:37:15,74811.61,74812.84,74805.23,74808.88
1790150850,2026-09-23T13:37:30,74809.01,74810.25,74806.21,74810.25
1790150865,2026-09-23T13:37:45,74813.75,74824.15,74812.27,74817.63
1790150880,2026-09-23T13:38:00,74818.99,74821.77,74816.55,74816.55
1790150895,2026-09-23T13:38:15,74815.59,74816.63,74810.62,74812.65
1790150910,2026-09-23T13:38:30,74812.14,74817.65,74810.78,74810.78
1790150925,2026-09-23T13:38:45,74810.27,74818.35,74809.9,74817.66
1790150940,2026-09-23T13:39:00,74817.21,74820.12,74814.36,74817.38
1790150955,2026-09-23T13:39:15,74817.38,74820.42,74813.64,74813.64
1790150970,2026-09-23T13:39:30,74813.64,74820.1,74813.24,74820.1
1790150985,2026-09-23T13:39:45,74820.1,74823.85,74818.27,74821.02
1790151000,2026-09-23T13:40:00,74820.55,74824.09,74819.12,74819.12
1790151015,2026-09-23T13:40:15,74819.82,74823.33,74819.82,74821.41
1790151030,2026-09-23T13:40:30,74821.13,74825.89,74817.87,74817.87
1790151045,2026-09-23T13:40:45,74817.87,74817.87,74812.83,74816.14
1790151060,2026-09-23T13:41:00,74815.87,74817.75,74814.23,74817.05
1790151075,2026-09-23T13:41:15,74817.34,74824.04,74817.27,74824.04
1790151090,2026-09-23T13:41:30,74824.5,74826.89,74821.81,74823.61
1790151105,2026-09-23T13:41:45,74820.29,74820.82,74817.34,74819.66
1790151120,2026-09-23T13:42:00,74825.69,74832.77,74824,74832.07
1790151135,2026-09-23T13:42:15,74830.14,74833.73,74830.14,74831.37
1790151150,2026-09-23T13:42:30,74830.81,74835.28,74830.81,74832.37
1790151165,2026-09-23T13:42:45,74832.78,74834.36,74830.63,74830.63
1790151180,2026-09-23T13:43:00,74830.98,74835.46,74830.54,74831.41
1790151195,2026-09-23T13:43:15,74831.56,74838.1,74831.56,74834.39
1790151210,2026-09-23T13:43:30,74834.39,74837.77,74833.13,74836.54
1790151225,2026-09-23T13:43:45,74836.54,74838.7,74836.33,74837.02
1790151240,2026-09-23T13:44:00,74838.76,74838.84,74833.03,74833.69
1790151255,2026-09-23T13:44:15,74834.21,74839.75,74834.11,74835.46
1790151270,2026-09-23T13:44:30,74836.09,74837.31,74831.06,74832.14
1790151285,2026-09-23T13:44:45,74835.09,74837.44,74831.26,74832.27
1790151300,2026-09-23T13:45:00,74832.27,74833.97,74830.29,74831.18
1790151315,2026-09-23T13:45:15,74834.84,74837.46,74833.3,74834.06
1790151330,2026-09-23T13:45:30,74834.55,74838.84,74833.47,74837.53
1790151345,2026-09-23T13:45:45,74836.21,74838.87,74832.91,74838.87
1790151360,2026-09-23T13:46:00,74840.73,74841.8,74835.8,74835.8
1790151375,2026-09-23T13:46:15,74837.69,74839.31,74834.73,74835.03
1790151390,2026-09-23T13:46:30,74835.03,74836.3,74830.48,74836.3
1790151405,2026-09-23T13:46:45,74835.62,74837.81,74830.29,74830.29
1790151420,2026-09-23T13:47:00,74829.69,74837.07,74829.69,74833.13
1790151435,2026-09-23T13:47:15,74832.06,74835.86,74832.06,74833.9
1790151450,2026-09-23T13:47:30,74835.65,74841.17,74833.38,74833.38
1790151465,2026-09-23T13:47:45,74833.99,74835.03,74829.81,74830.83
1790151480,2026-09-23T13:48:00,74830.06,74836.29,74829.88,74831.79
1790151495,2026-09-23T13:48:15,74831.79,74837.57,74830.75,74836.3
1790151510,2026-09-23T13:48:30,74836.3,74841.03,74836.3,74841.03
1790151525,2026-09-23T13:48:45,74839.92,74839.92,74834.6,74834.6
1790151540,2026-09-23T13:49:00,74834.6,74837.32,74834.6,74834.65
1790151555,2026-09-23T13:49:15,74835.53,74838.65,74833.88,74836.37
1790151570,2026-09-23T13:49:30,74836.65,74836.81,74832.59,74835.13
1790151585,2026-09-23T13:49:45,74834.19,74836.01,74831.56,74831.56
1790151600,2026-09-23T13:50:00,74831.57,74835.17,74831.57,74833.88
1790151615,2026-09-23T13:50:15,74834.52,74834.78,74830.19,74831.12
1790151630,2026-09-23T13:50:30,74831.12,74834.1,74830.82,74831.79
1790151645,2026-09-23T13:50:45,74832.16,74834.6,74831.03,74831.32
1790151660,2026-09-23T13:51:00,74830.47,74834.24,74829.92,74834.24
1790151675,2026-09-23T13:51:15,74834.24,74835.25,74832.49,74833.41
1790151690,2026-09-23T13:51:30,74834.12,74834.12,74827.86,74827.86
1790151705,2026-09-23T13:51:45,74827.86,74828.38,74817.05,74821.45
1790151720,2026-09-23T13:52:00,74824.2,74826.25,74822.74,74825.09
1790151735,2026-09-23T13:52:15,74825.24,74827.69,74816.4,74817.64
1790151750,2026-09-23T13:52:30,74817.3,74821.65,74808.4,74808.4
1790151765,2026-09-23T13:52:45,74807.62,74812.74,74804.72,74807.31
1790151780,2026-09-23T13:53:00,74806.99,74809.22,74805.08,74809.19
1790151795,2026-09-23T13:53:15,74808.15,74813.64,74806.75,74813.64
1790151810,2026-09-23T13:53:30,74813.64,74815.21,74807.75,74815.21
1790151825,2026-09-23T13:53:45,74816.45,74816.45,74810.74,74813.02
1790151840,2026-09-23T13:54:00,74815.75,74819.07,74811.7,74818.08
1790151855,2026-09-23T13:54:15,74817.65,74819.92,74814.33,74817.95
1790151870,2026-09-23T13:54:30,74817.44,74826.23,74817.44,74826.23
1790151885,2026-09-23T13:54:45,74826.23,74829.51,74824.23,74827.46
1790151900,2026-09-23T13:55:00,74827.46,74828.19,74824.59,74826.33
1790151915,2026-09-23T13:55:15,74828.9,74832.12,74826.2,74831.44
1790151930,2026-09-23T13:55:30,74833.23,74833.23,74820.64,74824.79
1790151945,2026-09-23T13:55:45,74823.75,74826.7,74820.28,74826.7
1790151960,2026-09-23T13:56:00,74822.03,74825.07,74816.05,74816.05
1790151975,2026-09-23T13:56:15,74816.45,74819.25,74813.55,74814.23
1790151990,2026-09-23T13:56:30,74818.09,74819.84,74817.52,74818.22
1790152005,2026-09-23T13:56:45,74814.36,74821.81,74814.36,74821.81
1790152020,2026-09-23T13:57:00,74821.06,74821.06,74813.06,74814.7
1790152035,2026-09-23T13:57:15,74814.53,74820.61,74806.03,74809.25
1790152050,2026-09-23T13:57:30,74809.4,74811.14,74803.99,74810.75
1790152065,2026-09-23T13:57:45,74811.2,74816.34,74805.17,74816.34
1790152080,2026-09-23T13:58:00,74815.57,74818.86,74812.74,74813.05
1790152095,2026-09-23T13:58:15,74812,74816.59,74810.01,74810.01
1790152110,2026-09-23T13:58:30,74810.01,74813.79,74808.89,74808.89
1790152125,2026-09-23T13:58:45,74807.84,74809.96,74804.83,74809.96
1790152140,2026-09-23T13:59:00,74809.22,74811.77,74806.8,74809.34
1790152155,2026-09-23T13:59:15,74809.94,74811.4,74804.71,74807.54
1790152170,2026-09-23T13:59:30,74811.4,74814.28,74811.32,74811.63
1790152185,2026-09-23T13:59:45,74812.08,74814.1,74807.01,74807.96
1790152200,2026-09-23T14:00:00,74809.04,74818.31,74807.31,74818.31
1790152215,2026-09-23T14:00:15,74815.85,74822,74815.62,74821.7
1790152230,2026-09-23T14:00:30,74823.56,74823.56,74816.79,74817.82
1790152245,2026-09-23T14:00:45,74817.82,74827.27,74817.82,74826.44
1790152260,2026-09-23T14:01:00,74826.44,74826.83,74822.87,74826.62
1790152275,2026-09-23T14:01:15,74826.45,74826.45,74823.87,74825.91
1790152290,2026-09-23T14:01:30,74825.42,74826.26,74821.4,74821.4
1790152305,2026-09-23T14:01:45,74821.4,74822.69,74821.14,74822.69
1790152320,2026-09-23T14:02:00,74822.79,74822.88,74815.41,74815.41
1790152335,2026-09-23T14:02:15,74815.21,74820.52,74815.21,74817.17
1790152350,2026-09-23T14:02:30,74817.75,74824.79,74816.92,74824.23
1790152365,2026-09-23T14:02:45,74824.33,74829.36,74824.33,74828.66
1790152380,2026-09-23T14:03:00,74826.52,74828.11,74823.18,74823.45
1790152395,2026-09-23T14:03:15,74825.64,74834.42,74823.34,74834.42
1790152410,2026-09-23T14:03:30,74834.42,74843.29,74829.78,74843.29
1790152425,2026-09-23T14:03:45,74842.39,74849.94,74841.48,74846.15
1790152440,2026-09-23T14:04:00,74846.15,74849.66,74845.11,74848.17
1790152455,2026-09-23T14:04:15,74850.07,74850.07,74843.17,74843.29
1790152470,2026-09-23T14:04:30,74844.19,74846.98,74839.01,74839.01
1790152485,2026-09-23T14:04:45,74837.37,74843.68,74837.37,74841.35
1790152500,2026-09-23T14:05:00,74841.66,74847.02,74838.54,74840.28
1790152515,2026-09-23T14:05:15,74840.28,74845.73,74840.28,74842.12
1790152530,2026-09-23T14:05:30,74844.55,74848.11,74843.12,74843.58
1790152545,2026-09-23T14:05:45,74842.93,74844.02,74838.63,74838.63
1790152560,2026-09-23T14:06:00,74838.6,74849.66,74837.99,74849.66
1790152575,2026-09-23T14:06:15,74849.66,74851.46,74848.87,74849.47
1790152590,2026-09-23T14:06:30,74851.44,74851.44,74845.73,74849.56
1790152605,2026-09-23T14:06:45,74850.29,74850.29,74844.07,74848.21
1790152620,2026-09-23T14:07:00,74850.58,74853.04,74838.43,74853.04
1790152635,2026-09-23T14:07:15,74849.78,74858.8,74848.39,74858.8
1790152650,2026-09-23T14:07:30,74854.2,74856.5,74852.57,74855.09
1790152665,2026-09-23T14:07:45,74856.2,74856.2,74847.94,74853.03
1790152680,2026-09-23T14:08:00,74852.73,74855.75,74852.4,74852.74
1790152695,2026-09-23T14:08:15,74853.04,74856.44,74846.31,74846.31
1790152710,2026-09-23T14:08:30,74846.41,74851.35,74846.41,74847.31
1790152725,2026-09-23T14:08:45,74849.02,74852.08,74849.02,74851.11
1790152740,2026-09-23T14:09:00,74849.55,74852.84,74845.37,74849.64
1790152755,2026-09-23T14:09:15,74851.87,74855.51,74850.96,74850.96
1790152770,2026-09-23T14:09:30,74849.67,74859.69,74849.64,74859.69
1790152785,2026-09-23T14:09:45,74857.42,74858.94,74852.82,74858.94
1790152800,2026-09-23T14:10:00,74857.98,74858.14,74853.01,74856.43
1790152815,2026-09-23T14:10:15,74855.86,74859.52,74853.08,74859.52
1790152830,2026-09-23T14:10:30,74862.26,74864.94,74861.7,74864.59
1790152845,2026-09-23T14:10:45,74861.75,74864.84,74859.74,74864.84
1790152860,2026-09-23T14:11:00,74865.4,74867.84,74863.81,74867.05
1790152875,2026-09-23T14:11:15,74867.05,74868.39,74862.21,74865.72
1790152890,2026-09-23T14:11:30,74867.93,74874.06,74867.12,74874.06
1790152905,2026-09-23T14:11:45,74873.72,74877.09,74873.33,74875.85
1790152920,2026-09-23T14:12:00,74873.06,74879.34,74873.06,74878.95
1790152935,2026-09-23T14:12:15,74878.76,74879.65,74876.29,74876.96
1790152950,2026-09-23T14:12:30,74881.15,74887.86,74881.15,74887.86
1790152965,2026-09-23T14:12:45,74888.22,74888.22,74875.37,74875.37
1790152980,2026-09-23T14:13:00,74873.86,74884.41,74873.86,74881.64
1790152995,2026-09-23T14:13:15,74882.53,74884.84,74882.11,74882.11
1790153010,2026-09-23T14:13:30,74881.94,74886.82,74880.27,74884.26
1790153025,2026-09-23T14:13:45,74885.16,74888.5,74885.16,74887.57
1790153040,2026-09-23T14:14:00,74886.71,74886.93,74878.09,74879.03
1790153055,2026-09-23T14:14:15,74879.03,74885.83,74879.03,74885.83
1790153070,2026-09-23T14:14:30,74884.46,74886.56,74883.3,74885.87
1790153085,2026-09-23T14:14:45,74890.1,74890.1,74885.31,74888.3
1790153100,2026-09-23T14:15:00,74887.06,74893.54,74884.81,74888.73
1790153115,2026-09-23T14:15:15,74889.18,74890.73,74884.17,74884.17
1790153130,2026-09-23T14:15:30,74884.17,74895.82,74884.13,74894.94
1790153145,2026-09-23T14:15:45,74895.39,74895.82,74892.57,74892.57
1790153160,2026-09-23T14:16:00,74892.27,74893.36,74888.88,74890.36
1790153175,2026-09-23T14:16:15,74890.36,74890.36,74881.91,74881.91
1790153190,2026-09-23T14:16:30,74883.31,74883.31,74876.93,74876.93
1790153205,2026-09-23T14:16:45,74876.81,74880.42,74872.01,74873.6
1790153220,2026-09-23T14:17:00,74875.23,74875.23,74868.35,74868.35
1790153235,2026-09-23T14:17:15,74868.12,74868.12,74864.35,74864.35
1790153250,2026-09-23T14:17:30,74864.35,74871.11,74864.28,74865.78
1790153265,2026-09-23T14:17:45,74865.63,74873.47,74865.33,74873.47
1790153280,2026-09-23T14:18:00,74874.04,74878.68,74870.35,74876.24
1790153295,2026-09-23T14:18:15,74876.24,74876.24,74869.35,74869.67
1790153310,2026-09-23T14:18:30,74869.67,74871.62,74865.26,74870.67
1790153325,2026-09-23T14:18:45,74868.59,74868.59,74864.71,74867.75
1790153340,2026-09-23T14:19:00,74867.94,74876.15,74867.94,74875.11
1790153355,2026-09-23T14:19:15,74875.04,74875.04,74864.08,74868.26
1790153370,2026-09-23T14:19:30,74868.09,74868.09,74861.55,74865.8
1790153385,2026-09-23T14:19:45,74866.37,74866.37,74858.84,74864.96
1790153400,2026-09-23T14:20:00,74864.79,74869.23,74862.85,74862.85
1790153415,2026-09-23T14:20:15,74863.69,74868.9,74858.19,74865.19
1790153430,2026-09-23T14:20:30,74865.34,74865.34,74855.08,74855.08
1790153445,2026-09-23T14:20:45,74860.33,74860.33,74851.61,74851.61
1790153460,2026-09-23T14:21:00,74852.3,74854.83,74851.78,74851.78
1790153475,2026-09-23T14:21:15,74849.24,74850.69,74848.11,74849.37
1790153490,2026-09-23T14:21:30,74848.71,74858.1,74847.39,74848.92
1790153505,2026-09-23T14:21:45,74852.1,74856.3,74848.47,74855.45
1790153520,2026-09-23T14:22:00,74855.45,74857.06,74854.03,74855.96
1790153535,2026-09-23T14:22:15,74856.47,74864.2,74854.62,74863.32
1790153550,2026-09-23T14:22:30,74862.8,74862.8,74857.78,74860.1
1790153565,2026-09-23T14:22:45,74864.53,74864.53,74856.22,74856.29
1790153580,2026-09-23T14:23:00,74856.55,74864.95,74856.46,74858.62
1790153595,2026-09-23T14:23:15,74858.53,74869.31,74857.28,74866.34
1790153610,2026-09-23T14:23:30,74863.56,74873.43,74861.64,74865.54
1790153625,2026-09-23T14:23:45,74866.11,74875.84,74866.11,74875.84
1790153640,2026-09-23T14:24:00,74877.18,74888.52,74877.18,74886.35
1790153655,2026-09-23T14:24:15,74886.09,74886.34,74880.31,74882.51
1790153670,2026-09-23T14:24:30,74882.51,74884.92,74881.15,74881.8
1790153685,2026-09-23T14:24:45,74881.45,74887.8,74881.22,74886.26
1790153700,2026-09-23T14:25:00,74884.22,74884.65,74879.94,74882.39
1790153715,2026-09-23T14:25:15,74879.74,74886.74,74879.74,74883.71
1790153730,2026-09-23T14:25:30,74885.64,74885.64,74875.08,74875.45
1790153745,2026-09-23T14:25:45,74874.85,74882.73,74871.26,74882.73
1790153760,2026-09-23T14:26:00,74883.63,74883.63,74872.41,74873.51
1790153775,2026-09-23T14:26:15,74876.08,74884.15,74873.47,74883.03
1790153790,2026-09-23T14:26:30,74882.77,74883.97,74879.2,74883.82
1790153805,2026-09-23T14:26:45,74884.96,74888.21,74880.52,74881.28
1790153820,2026-09-23T14:27:00,74884.23,74885.69,74881.46,74885.32
1790153835,2026-09-23T14:27:15,74880.11,74894.34,74880.11,74894.34
1790153850,2026-09-23T14:27:30,74894.12,74896.58,74889.94,74892.37
1790153865,2026-09-23T14:27:45,74892.37,74895.38,74888.1,74889.65
1790153880,2026-09-23T14:28:00,74889.65,74893.09,74889.65,74891.34
1790153895,2026-09-23T14:28:15,74888.33,74893.99,74888.04,74891.46
1790153910,2026-09-23T14:28:30,74892.16,74897.92,74891.47,74897.92
1790153925,2026-09-23T14:28:45,74898.48,74901.8,74895.27,74900.54
1790153940,2026-09-23T14:29:00,74900.92,74902.4,74895,74897.61
1790153955,2026-09-23T14:29:15,74898.21,74900.72,74894.17,74894.82
1790153970,2026-09-23T14:29:30,74893.92,74905.19,74893.92,74905.19
1790153985,2026-09-23T14:29:45,74904.98,74904.98,74902.68,74902.97
1790154000,2026-09-23T14:30:00,74902.57,74910.18,74902.57,74910.18
1790154015,2026-09-23T14:30:15,74909.96,74917.61,74909.96,74916.39
1790154030,2026-09-23T14:30:30,74914.16,74916.54,74911.52,74911.52
1790154045,2026-09-23T14:30:45,74911.92,74915.85,74910.29,74914.28
1790154060,2026-09-23T14:31:00,74913,74918.09,74911.18,74918.03
1790154075,2026-09-23T14:31:15,74918.01,74918.01,74906.39,74906.39
1790154090,2026-09-23T14:31:30,74906.39,74906.39,74899.62,74899.62
1790154105,2026-09-23T14:31:45,74898.21,74903.8,74898.21,74899.03
1790154120,2026-09-23T14:32:00,74900.88,74903.47,74896.08,74896.42
1790154135,2026-09-23T14:32:15,74896.71,74903.08,74896.71,74901.75
1790154150,2026-09-23T14:32:30,74900.06,74901.93,74892.92,74893.13
1790154165,2026-09-23T14:32:45,74894.22,74899.45,74892.96,74895.36
1790154180,2026-09-23T14:33:00,74895.09,74898.56,74892.75,74897.81
1790154195,2026-09-23T14:33:15,74896.12,74897.2,74893.31,74893.31
1790154210,2026-09-23T14:33:30,74895.12,74895.12,74887.09,74887.09
1790154225,2026-09-23T14:33:45,74886.86,74888.31,74882.62,74885.01
1790154240,2026-09-23T14:34:00,74885.3,74885.3,74879.75,74884.49
1790154255,2026-09-23T14:34:15,74883.48,74885.8,74878.88,74880.83
1790154270,2026-09-23T14:34:30,74880.83,74883.4,74871.89,74873.55
1790154285,2026-09-23T14:34:45,74877.06,74877.29,74870.97,74873.13
1790154300,2026-09-23T14:35:00,74871.6,74871.6,74856.46,74856.46
1790154315,2026-09-23T14:35:15,74856.57,74858.27,74851.87,74851.87
1790154330,2026-09-23T14:35:30,74851.72,74852.63,74847.33,74848.84
1790154345,2026-09-23T14:35:45,74848.54,74851.23,74843.84,74843.84
1790154360,2026-09-23T14:36:00,74843.84,74857.33,74843.28,74856.58
1790154375,2026-09-23T14:36:15,74856.11,74856.11,74843.49,74849.56
1790154390,2026-09-23T14:36:30,74849.56,74849.56,74843.22,74843.34
1790154405,2026-09-23T14:36:45,74842.93,74845.94,74838.07,74842.78
1790154420,2026-09-23T14:37:00,74846.34,74847.42,74843.29,74844.95
1790154435,2026-09-23T14:37:15,74846.9,74849.23,74842.9,74847.93
1790154450,2026-09-23T14:37:30,74847.44,74849.69,74844.65,74847.56
1790154465,2026-09-23T14:37:45,74846.52,74847.58,74841.31,74844.57
1790154480,2026-09-23T14:38:00,74847.42,74856.32,74847.42,74856.32
1790154495,2026-09-23T14:38:15,74856.96,74857.68,74851.46,74851.46
1790154510,2026-09-23T14:38:30,74851.46,74852.06,74841.38,74842.78
1790154525,2026-09-23T14:38:45,74841.76,74849.43,74841.76,74849.43
1790154540,2026-09-23T14:39:00,74849.88,74854.67,74845.29,74854.35
1790154555,2026-09-23T14:39:15,74854.03,74855.05,74850.81,74850.81
1790154570,2026-09-23T14:39:30,74849.36,74857.83,74849.36,74855.02
1790154585,2026-09-23T14:39:45,74855.32,74863.78,74854.47,74863.09
1790154600,2026-09-23T14:40:00,74863.09,74865.14,74860.54,74862.47
1790154615,2026-09-23T14:40:15,74866.68,74866.68,74852.24,74852.24
1790154630,2026-09-23T14:40:30,74851.22,74851.98,74844.41,74845.45
1790154645,2026-09-23T14:40:45,74843.02,74850.84,74840.71,74850.84
1790154660,2026-09-23T14:41:00,74851.14,74854.94,74850.48,74853.72
1790154675,2026-09-23T14:41:15,74853.72,74853.8,74850.55,74853.8
1790154690,2026-09-23T14:41:30,74854.76,74859.09,74851.86,74855.88
1790154705,2026-09-23T14:41:45,74855.88,74855.88,74850.15,74852.52
1790154720,2026-09-23T14:42:00,74851.95,74854.82,74851.06,74854.82
1790154735,2026-09-23T14:42:15,74855.61,74855.61,74847.3,74851.33
1790154750,2026-09-23T14:42:30,74850.72,74852.7,74847.66,74847.75
1790154765,2026-09-23T14:42:45,74847.91,74854.04,74847.91,74850.74
1790154780,2026-09-23T14:43:00,74850.23,74850.23,74840.38,74840.38
1790154795,2026-09-23T14:43:15,74835.77,74837.06,74830.23,74831.6
1790154810,2026-09-23T14:43:30,74831.03,74834.34,74826.59,74832.34
1790154825,2026-09-23T14:43:45,74834.34,74834.34,74822.35,74825.36
1790154840,2026-09-23T14:44:00,74826.58,74830.43,74820.48,74828.4
1790154855,2026-09-23T14:44:15,74829.04,74829.04,74825.37,74826.33
1790154870,2026-09-23T14:44:30,74827.32,74831.18,74822.6,74823.71
1790154885,2026-09-23T14:44:45,74818.86,74823.98,74794.91,74794.91
1790154900,2026-09-23T14:45:00,74796.18,74804.08,74790.92,74804.08
1790154915,2026-09-23T14:45:15,74808.03,74819.14,74808.03,74815.03
1790154930,2026-09-23T14:45:30,74814.32,74819.06,74814.32,74817.5
1790154945,2026-09-23T14:45:45,74817.54,74822.83,74814.78,74815.7
1790154960,2026-09-23T14:46:00,74822.64,74830.08,74822.64,74825.69
1790154975,2026-09-23T14:46:15,74825.74,74828.74,74812.67,74813.74
1790154990,2026-09-23T14:46:30,74813.74,74824.42,74813.74,74821.73
1790155005,2026-09-23T14:46:45,74826.5,74834.53,74825.55,74832.11
1790155020,2026-09-23T14:47:00,74833.32,74836.6,74823.11,74823.11
1790155035,2026-09-23T14:47:15,74823.11,74828.09,74823.11,74825.36
1790155050,2026-09-23T14:47:30,74823.26,74823.48,74817.31,74817.53
1790155065,2026-09-23T14:47:45,74818.98,74819.36,74808.23,74809.47
1790155080,2026-09-23T14:48:00,74809.62,74813.17,74807.24,74811.06
1790155095,2026-09-23T14:48:15,74812.25,74812.78,74806.06,74811.69
1790155110,2026-09-23T14:48:30,74811.69,74816.58,74808.78,74810.18
1790155125,2026-09-23T14:48:45,74814.55,74822.16,74813.11,74822.16
1790155140,2026-09-23T14:49:00,74822.59,74828.03,74817.02,74828
1790155155,2026-09-23T14:49:15,74821.02,74828.35,74821.02,74827.46
1790155170,2026-09-23T14:49:30,74826.84,74829.59,74825.41,74827.48
1790155185,2026-09-23T14:49:45,74824.01,74827.17,74822.88,74826
1790155200,2026-09-23T14:50:00,74826.46,74826.46,74818.54,74819.55
1790155215,2026-09-23T14:50:15,74818.93,74823,74814.93,74820.43
1790155230,2026-09-23T14:50:30,74822.59,74824.27,74815.9,74815.9
1790155245,2026-09-23T14:50:45,74815.51,74818.16,74809.26,74815.11
1790155260,2026-09-23T14:51:00,74815.3,74822.92,74815.3,74822.92
1790155275,2026-09-23T14:51:15,74822.85,74824.58,74820.77,74823
1790155290,2026-09-23T14:51:30,74823.85,74827.28,74822.75,74826.53
1790155305,2026-09-23T14:51:45,74826.6,74830.11,74824.85,74827.69
1790155320,2026-09-23T14:52:00,74827.51,74835.2,74824.12,74835.2
1790155335,2026-09-23T14:52:15,74835.38,74855.79,74835.35,74850.19
1790155350,2026-09-23T14:52:30,74854.89,74858.22,74844.82,74844.82
1790155365,2026-09-23T14:52:45,74844.23,74844.23,74833.63,74837.01
1790155380,2026-09-23T14:53:00,74833.54,74835.12,74827.25,74830.49
1790155395,2026-09-23T14:53:15,74827.23,74827.23,74821.99,74825.71
1790155410,2026-09-23T14:53:30,74827.35,74831.88,74827.35,74831.12
1790155425,2026-09-23T14:53:45,74830.04,74832.84,74824.78,74824.78
1790155440,2026-09-23T14:54:00,74825.09,74839.36,74825.09,74839.36
1790155455,2026-09-23T14:54:15,74839.17,74839.46,74837.05,74837.05
1790155470,2026-09-23T14:54:30,74838.32,74846.72,74837.77,74840.7
1790155485,2026-09-23T14:54:45,74838.81,74840.66,74836.95,74840.66
1790155500,2026-09-23T14:55:00,74838.17,74846.61,74838.17,74843.05
1790155515,2026-09-23T14:55:15,74846.97,74846.97,74841.26,74841.34
1790155530,2026-09-23T14:55:30,74841.25,74846.61,74841.25,74842.42
1790155545,2026-09-23T14:55:45,74845.67,74848.18,74838.01,74838.01
1790155560,2026-09-23T14:56:00,74836.08,74845.12,74836.08,74842.26
1790155575,2026-09-23T14:56:15,74841.4,74841.71,74835.12,74836.71
1790155590,2026-09-23T14:56:30,74838.48,74838.83,74831.25,74832.23
1790155605,2026-09-23T14:56:45,74833.09,74833.09,74812.8,74812.8
1790155620,2026-09-23T14:57:00,74812.46,74813.64,74808.45,74808.86
1790155635,2026-09-23T14:57:15,74809.2,74812.55,74804.32,74812.55
1790155650,2026-09-23T14:57:30,74814.11,74816.44,74805.42,74809.76
1790155665,2026-09-23T14:57:45,74810.98,74812.69,74809.7,74810.95
1790155680,2026-09-23T14:58:00,74809.4,74812.15,74807.22,74811.79
1790155695,2026-09-23T14:58:15,74811.88,74813.44,74806.91,74808.94
1790155710,2026-09-23T14:58:30,74807.77,74810.53,74803.6,74803.6
1790155725,2026-09-23T14:58:45,74805.96,74805.96,74790.76,74792.91
1790155740,2026-09-23T14:59:00,74793.17,74796.18,74788.89,74789.16
1790155755,2026-09-23T14:59:15,74785.18,74798.72,74785.17,74798.72
1790155770,2026-09-23T14:59:30,74798.82,74799.86,74795.46,74799.86
1790155785,2026-09-23T14:59:45,74800.21,74804.19,74795.64,74801.83
1790155800,2026-09-23T15:00:00,74801.38,74801.38,74795.11,74795.11
1790155815,2026-09-23T15:00:15,74793.62,74799.28,74793.62,74799.28
1790155830,2026-09-23T15:00:30,74797.78,74801.43,74796.98,74797.87
1790155845,2026-09-23T15:00:45,74797.23,74801.74,74795.98,74801.74
1790155860,2026-09-23T15:01:00,74804.25,74807.7,74799.68,74807.7
1790155875,2026-09-23T15:01:15,74815.12,74815.24,74811.45,74815.17
1790155890,2026-09-23T15:01:30,74813.45,74820.53,74812.27,74817.56
1790155905,2026-09-23T15:01:45,74817.2,74818,74808.26,74808.31
1790155920,2026-09-23T15:02:00,74806.38,74806.38,74784.7,74784.7
1790155935,2026-09-23T15:02:15,74785.77,74788.49,74781.53,74781.53
1790155950,2026-09-23T15:02:30,74783.86,74783.86,74774.91,74775.33
1790155965,2026-09-23T15:02:45,74774.2,74779.85,74772.55,74775.2
1790155980,2026-09-23T15:03:00,74777.85,74779.16,74767.08,74767.08
1790155995,2026-09-23T15:03:15,74766.82,74772.47,74761.38,74762.9
1790156010,2026-09-23T15:03:30,74766.07,74769.07,74759.59,74764.36
1790156025,2026-09-23T15:03:45,74763.93,74766.21,74757.92,74763.49
1790156040,2026-09-23T15:04:00,74763.08,74764.07,74755.21,74759.2
1790156055,2026-09-23T15:04:15,74759.99,74765.14,74757.68,74760.86
1790156070,2026-09-23T15:04:30,74760.24,74766.63,74756.06,74763.19
1790156085,2026-09-23T15:04:45,74763.29,74767.7,74761.95,74766.14
1790156100,2026-09-23T15:05:00,74762.62,74778.54,74762.62,74778.54
1790156115,2026-09-23T15:05:15,74776.15,74778.23,74771.89,74772.89
1790156130,2026-09-23T15:05:30,74774.14,74780.01,74771.15,74780.01
1790156145,2026-09-23T15:05:45,74783.47,74788.63,74780.5,74787.07
1790156160,2026-09-23T15:06:00,74786.68,74787.71,74779.81,74785.86
1790156175,2026-09-23T15:06:15,74783.77,74802.94,74780.61,74802.94
1790156190,2026-09-23T15:06:30,74796.84,74798.32,74794.1,74795.56
1790156205,2026-09-23T15:06:45,74797.33,74800.07,74788.75,74794.38
1790156220,2026-09-23T15:07:00,74793.46,74796.7,74790.6,74790.6
1790156235,2026-09-23T15:07:15,74790.6,74792.79,74784.46,74792.02
1790156250,2026-09-23T15:07:30,74791.74,74792.43,74779.84,74784.98
1790156265,2026-09-23T15:07:45,74785.73,74786.25,74779.53,74783.68
1790156280,2026-09-23T15:08:00,74783.46,74796.95,74783.46,74794.76
1790156295,2026-09-23T15:08:15,74793.82,74794.85,74789.18,74790.84
1790156310,2026-09-23T15:08:30,74791.07,74792.5,74789.32,74790.45
1790156325,2026-09-23T15:08:45,74792.59,74797.14,74788.49,74793.68
1790156340,2026-09-23T15:09:00,74793.76,74800.17,74791.41,74799.57
1790156355,2026-09-23T15:09:15,74798.54,74798.54,74792.65,74793.08
1790156370,2026-09-23T15:09:30,74789.66,74796.95,74789.66,74789.93
1790156385,2026-09-23T15:09:45,74789.02,74792.65,74785.55,74792.65
1790156400,2026-09-23T15:10:00,74785.93,74790.63,74779.42,74779.42
1790156415,2026-09-23T15:10:15,74772.8,74780,74772.8,74778.29
1790156430,2026-09-23T15:10:30,74779.82,74793.21,74779.82,74792.56
1790156445,2026-09-23T15:10:45,74792.56,74795.95,74788.11,74795.95
1790156460,2026-09-23T15:11:00,74789.26,74790.31,74782.14,74786.86
1790156475,2026-09-23T15:11:15,74786.27,74791.68,74786.27,74788.32
1790156490,2026-09-23T15:11:30,74792.01,74800.56,74792.01,74794.82
1790156505,2026-09-23T15:11:45,74793.82,74796.76,74792.28,74793.65
1790156520,2026-09-23T15:12:00,74796.24,74804.07,74795.94,74801.5
1790156535,2026-09-23T15:12:15,74800.38,74806.1,74800.38,74803.63
1790156550,2026-09-23T15:12:30,74803.68,74803.68,74788.68,74797.73
1790156565,2026-09-23T15:12:45,74799.77,74801.73,74790.82,74794.62
1790156580,2026-09-23T15:13:00,74796.31,74807.76,74793.54,74797.74
1790156595,2026-09-23T15:13:15,74791.96,74811.97,74783.84,74783.84
1790156610,2026-09-23T15:13:30,74789.24,74797.7,74785.8,74789.98
1790156625,2026-09-23T15:13:45,74797.58,74802.89,74787.99,74793.45
1790156640,2026-09-23T15:14:00,74790.6,74804.31,74788.85,74799.02
1790156655,2026-09-23T15:14:15,74799.63,74819.67,74799.63,74814.15
1790156670,2026-09-23T15:14:30,74816.54,74827.78,74805.43,74824.63
1790156685,2026-09-23T15:14:45,74819.02,74819.02,74789.68,74801.04
1790156700,2026-09-23T15:15:00,74794.61,74794.61,74794.61,74794.61
1790156715,2026-09-23T15:15:15,74794.61,74794.61,74794.61,74794.61
1790156730,2026-09-23T15:15:30,74794.61,74794.61,74794.61,74794.61
1790156745,2026-09-23T15:15:45,74794.61,74794.61,74794.61,74794.61
1790156760,2026-09-23T15:16:00,74794.61,74794.61,74794.61,74794.61
1790156775,2026-09-23T15:16:15,74794.61,74794.61,74794.61,74794.61
1790156790,2026-09-23T15:16:30,74794.61,74794.61,74794.61,74794.61
1790156805,2026-09-23T15:16:45,74794.61,74794.61,74794.61,74794.61
1790156820,2026-09-23T15:17:00,74794.61,74794.61,74794.61,74794.61
1790156835,2026-09-23T15:17:15,74794.61,74794.61,74794.61,74794.61
1790156850,2026-09-23T15:17:30,74794.61,74794.61,74794.61,74794.61
1790156865,2026-09-23T15:17:45,74794.61,74794.61,74794.61,74794.61
1790156880,2026-09-23T15:18:00,74794.61,74794.61,74794.61,74794.61
1790156895,2026-09-23T15:18:15,74794.61,74794.61,74794.61,74794.61
1790156910,2026-09-23T15:18:30,74794.61,74794.61,74794.61,74794.61
1790156925,2026-09-23T15:18:45,74794.61,74794.61,74794.61,74794.61
1790156940,2026-09-23T15:19:00,74794.61,74794.61,74794.61,74794.61
1790156955,2026-09-23T15:19:15,74794.61,74794.61,74794.61,74794.61
1790156970,2026-09-23T15:19:30,74794.61,74794.61,74794.61,74794.61
1790156985,2026-09-23T15:19:45,74794.61,74794.61,74794.61,74794.61
1790157000,2026-09-23T15:20:00,74794.61,74794.61,74794.61,74794.61
1790157015,2026-09-23T15:20:15,74794.61,74794.61,74794.61,74794.61
1790157030,2026-09-23T15:20:30,74794.61,74794.61,74794.61,74794.61
1790157045,2026-09-23T15:20:45,74794.61,74794.61,74794.61,74794.61
1790157060,2026-09-23T15:21:00,74794.61,74794.61,74794.61,74794.61
1790157075,2026-09-23T15:21:15,74794.61,74794.61,74794.61,74794.61
1790157090,2026-09-23T15:21:30,74794.61,74794.61,74794.61,74794.61
1790157105,2026-09-23T15:21:45,74794.61,74794.61,74794.61,74794.61
1790157120,2026-09-23T15:22:00,74794.61,74794.61,74794.61,74794.61
1790157135,2026-09-23T15:22:15,74794.61,74794.61,74794.61,74794.61
1790157150,2026-09-23T15:22:30,74794.61,74794.61,74794.61,74794.61
1790157165,2026-09-23T15:22:45,74794.61,74794.61,74794.61,74794.61
1790157180,2026-09-23T15:23:00,74794.61,74794.61,74794.61,74794.61
1790157195,2026-09-23T15:23:15,74794.61,74794.61,74794.61,74794.61
1790157210,2026-09-23T15:23:30,74794.61,74794.61,74794.61,74794.61
1790157225,2026-09-23T15:23:45,74794.61,74794.61,74794.61,74794.61
1790157240,2026-09-23T15:24:00,74794.61,74794.61,74794.61,74794.61
1790157255,2026-09-23T15:24:15,74794.61,74794.61,74794.61,74794.61
1790157270,2026-09-23T15:24:30,74794.61,74794.61,74794.61,74794.61
1790157285,2026-09-23T15:24:45,74794.61,74794.61,74794.61,74794.61
1790157300,2026-09-23T15:25:00,74794.61,74794.61,74794.61,74794.61
1790157315,2026-09-23T15:25:15,74794.61,74794.61,74794.61,74794.61
1790157330,2026-09-23T15:25:30,74794.61,74794.61,74794.61,74794.61
1790157345,2026-09-23T15:25:45,74794.61,74794.61,74794.61,74794.61
1790157360,2026-09-23T15:26:00,74794.61,74794.61,74794.61,74794.61
1790157375,2026-09-23T15:26:15,74794.61,74794.61,74794.61,74794.61
1790157390,2026-09-23T15:26:30,74794.61,74794.61,74794.61,74794.61
1790157405,2026-09-23T15:26:45,74794.61,74794.61,74794.61,74794.61
1790157420,2026-09-23T15:27:00,74794.61,74794.61,74794.61,74794.61
1790157435,2026-09-23T15:27:15,74794.61,74794.61,74794.61,74794.61
1790157450,2026-09-23T15:27:30,74794.61,74794.61,74794.61,74794.61
1790157465,2026-09-23T15:27:45,74794.61,74794.61,74794.61,74794.61
1790157480,2026-09-23T15:28:00,74794.61,74794.61,74794.61,74794.61
1790157495,2026-09-23T15:28:15,74794.61,74794.61,74794.61,74794.61
1790157510,2026-09-23T15:28:30,74794.61,74794.61,74794.61,74794.61
1790157525,2026-09-23T15:28:45,74794.61,74794.61,74794.61,74794.61
1790157540,2026-09-23T15:29:00,74794.61,74794.61,74794.61,74794.61
1790157555,2026-09-23T15:29:15,74794.61,74826.76,74794.61,74826.76
1790157570,2026-09-23T15:29:30,74826.76,74826.76,74826.76,74826.76
1790157585,2026-09-23T15:29:45,74826.76,74826.76,74826.76,74826.76
