Epoch,Timestamp,Open,High,Low,Close
1789616700,2026-09-17T09:15:00,74188.53,74298.69,74188.53,74298.69
1789616715,2026-09-17T09:15:15,74319.17,74376.22,74319.17,74376.22
1789616730,2026-09-17T09:15:30,74368.09,74372.8,74311.77,74311.77
1789616745,2026-09-17T09:15:45,74310.82,74310.82,74258.4,74264.3
1789616760,2026-09-17T09:16:00,74261.09,74273.97,74229.3,74229.3
1789616775,2026-09-17T09:16:15,74222.75,74230.48,74197.46,74229.97
1789616790,2026-09-17T09:16:30,74233.76,74272.45,74226.28,74262.3
1789616805,2026-09-17T09:16:45,74274.2,74302.17,74274.2,74278.57
1789616820,2026-09-17T09:17:00,74275.72,74300.33,74275.72,74300.33
1789616835,2026-09-17T09:17:15,74308.59,74342.48,74308.59,74342.48
1789616850,2026-09-17T09:17:30,74344.82,74349.87,74341.3,74346.88
1789616865,2026-09-17T09:17:45,74346.19,74376.25,74346.19,74376.25
1789616880,2026-09-17T09:18:00,74377.74,74389.96,74370.8,74385.91
1789616895,2026-09-17T09:18:15,74385.27,74395.31,74376.96,74378.29
1789616910,2026-09-17T09:18:30,74395.2,74411.28,74387.54,74402.66
1789616925,2026-09-17T09:18:45,74413.4,74415.2,74400.28,74402.53
1789616940,2026-09-17T09:19:00,74401.3,74406.27,74391.82,74394.03
1789616955,2026-09-17T09:19:15,74397.95,74401.86,74392.29,74397.39
1789616970,2026-09-17T09:19:30,74392.54,74403.74,74391.23,74396.2
1789616985,2026-09-17T09:19:45,74384.33,74400.12,74384.32,74398.61
1789617000,2026-09-17T09:20:00,74395.96,74400.58,74386.39,74387.95
1789617015,2026-09-17T09:20:15,74373.76,74417.95,74372.94,74416.33
1789617030,2026-09-17T09:20:30,74416.35,74416.35,74379.64,74385.06
1789617045,2026-09-17T09:20:45,74379.4,74396.16,74379.4,74396.16
1789617060,2026-09-17T09:21:00,74398.57,74409.86,74385.95,74406.54
1789617075,2026-09-17T09:21:15,74407.2,74407.2,74389.95,74389.95
1789617090,2026-09-17T09:21:30,74396.52,74401.18,74369.89,74369.89
1789617105,2026-09-17T09:21:45,74368.53,74382.63,74367.31,74382.63
1789617120,2026-09-17T09:22:00,74383.45,74389.16,74371.68,74375.32
1789617135,2026-09-17T09:22:15,74378.07,74378.07,74357.45,74370.85
1789617150,2026-09-17T09:22:30,74359.94,74360.54,74338.56,74338.56
1789617165,2026-09-17T09:22:45,74340.98,74343.96,74333.57,74338.49
1789617180,2026-09-17T09:23:00,74342.85,74342.85,74325.75,74325.75
1789617195,2026-09-17T09:23:15,74328.08,74337.94,74324.37,74333.75
1789617210,2026-09-17T09:23:30,74328.87,74334.37,74320.49,74333.01
1789617225,2026-09-17T09:23:45,74331.76,74333.1,74323.53,74323.53
1789617240,2026-09-17T09:24:00,74325.75,74333.68,74321.22,74325.22
1789617255,2026-09-17T09:24:15,74323.12,74330.25,74316.4,74321.25
1789617270,2026-09-17T09:24:30,74319.31,74325.01,74310.55,74310.98
1789617285,2026-09-17T09:24:45,74308.45,74308.45,74293.06,74293.06
1789617300,2026-09-17T09:25:00,74300.25,74311.34,74297.51,74304.42
1789617315,2026-09-17T09:25:15,74306.84,74323.95,74306.84,74311.42
1789617330,2026-09-17T09:25:30,74315.54,74317.82,74306.75,74316.01
1789617345,2026-09-17T09:25:45,74317.93,74317.93,74300.71,74302.02
1789617360,2026-09-17T09:26:00,74301.75,74311.3,74299.75,74311.3
1789617375,2026-09-17T09:26:15,74314.74,74314.74,74292.43,74305.74
1789617390,2026-09-17T09:26:30,74307.66,74322.66,74300.29,74322.66
1789617405,2026-09-17T09:26:45,74324.84,74326.98,74310.48,74326.98
1789617420,2026-09-17T09:27:00,74317.9,74325.15,74312.15,74318.7
1789617435,2026-09-17T09:27:15,74318.43,74318.7,74305.75,74312.09
1789617450,2026-09-17T09:27:30,74305.21,74317.92,74305.21,74315.14
1789617465,2026-09-17T09:27:45,74313.62,74343.15,74313.62,74343.15
1789617480,2026-09-17T09:28:00,74342.79,74364.65,74342.79,74360.36
1789617495,2026-09-17T09:28:15,74359.91,74366.68,74359.91,74360.61
1789617510,2026-09-17T09:28:30,74361.23,74369.16,74356.37,74360.97
1789617525,2026-09-17T09:28:45,74358.74,74385.02,74358.74,74381.6
1789617540,2026-09-17T09:29:00,74377.9,74384.33,74376.99,74377.75
1789617555,2026-09-17T09:29:15,74373.14,74375.67,74361.71,74364.88
1789617570,2026-09-17T09:29:30,74361.51,74361.51,74341.17,74341.17
1789617585,2026-09-17T09:29:45,74340.93,74352.44,74339.21,74352.44
1789617600,2026-09-17T09:30:00,74358.73,74363.87,74355.5,74360.65
1789617615,2026-09-17T09:30:15,74359.38,74368.68,74347.88,74368.68
1789617630,2026-09-17T09:30:30,74369.17,74395.48,74369.17,74395.48
1789617645,2026-09-17T09:30:45,74390.99,74405.1,74390.99,74397
1789617660,2026-09-17T09:31:00,74397.05,74405.7,74393.43,74396.93
1789617675,2026-09-17T09:31:15,74399.69,74409.86,74394.63,74405.64
1789617690,2026-09-17T09:31:30,74406.08,74407.44,74391,74391
1789617705,2026-09-17T09:31:45,74390.65,74418.34,74390.65,74418.34
1789617720,2026-09-17T09:32:00,74422.79,74429.93,74420.7,74422.85
1789617735,2026-09-17T09:32:15,74426.97,74446.95,74426.97,74445.67
1789617750,2026-09-17T09:32:30,74447.02,74466.44,74445.55,74466.44
1789617765,2026-09-17T09:32:45,74461.8,74472.38,74461.8,74469.8
1789617780,2026-09-17T09:33:00,74474.04,74480.2,74467.02,74468.94
1789617795,2026-09-17T09:33:15,74473.31,74497.45,74467.91,74497.45
1789617810,2026-09-17T09:33:30,74494.56,74501.86,74469.75,74475.5
1789617825,2026-09-17T09:33:45,74476.41,74476.41,74465.37,74465.37
1789617840,2026-09-17T09:34:00,74464.95,74472.99,74453.64,74472.99
1789617855,2026-09-17T09:34:15,74473.94,74481.41,74467.6,74480.92
1789617870,2026-09-17T09:34:30,74475.69,74488.35,74475.69,74486.58
1789617885,2026-09-17T09:34:45,74484.47,74491.15,74477.55,74483.65
1789617900,2026-09-17T09:35:00,74482.91,74508.38,74477.59,74508.38
1789617915,2026-09-17T09:35:15,74502.37,74524.58,74501.43,74524.58
1789617930,2026-09-17T09:35:30,74524.14,74524.14,74511.36,74511.36
1789617945,2026-09-17T09:35:45,74509.58,74532.99,74509.58,74532.99
1789617960,2026-09-17T09:36:00,74534.27,74536.2,74530.08,74534.2
1789617975,2026-09-17T09:36:15,74534.37,74534.37,74517.56,74522.55
1789617990,2026-09-17T09:36:30,74521.18,74524.04,74512.33,74521.75
1789618005,2026-09-17T09:36:45,74516.8,74518.75,74504.4,74504.4
1789618020,2026-09-17T09:37:00,74501.38,74504.92,74494.79,74503.65
1789618035,2026-09-17T09:37:15,74503.84,74519.87,74502.26,74519.87
1789618050,2026-09-17T09:37:30,74515.39,74515.39,74506.58,74513.19
1789618065,2026-09-17T09:37:45,74511.21,74514.65,74501.58,74501.58
1789618080,2026-09-17T09:38:00,74496.76,74511.37,74496.76,74505.16
1789618095,2026-09-17T09:38:15,74504.56,74504.56,74494.82,74498.55
1789618110,2026-09-17T09:38:30,74497.24,74499.49,74486.74,74486.74
1789618125,2026-09-17T09:38:45,74491.97,74492.08,74474.54,74474.54
1789618140,2026-09-17T09:39:00,74469.39,74469.39,74442.22,74442.22
1789618155,2026-09-17T09:39:15,74444.91,74452.39,74436.04,74450.94
1789618170,2026-09-17T09:39:30,74449.9,74455.22,74441.44,74441.44
1789618185,2026-09-17T09:39:45,74445.87,74450.7,74441.98,74441.98
1789618200,2026-09-17T09:40:00,74444.17,74448.57,74429.14,74429.14
1789618215,2026-09-17T09:40:15,74428.65,74429.42,74415.92,74426.7
1789618230,2026-09-17T09:40:30,74425.94,74429.14,74415.44,74421.33
1789618245,2026-09-17T09:40:45,74419.8,74435.54,74419.8,74434.32
1789618260,2026-09-17T09:41:00,74432.74,74440.95,74430.08,74436.93
1789618275,2026-09-17T09:41:15,74435.15,74439.28,74426.22,74426.22
1789618290,2026-09-17T09:41:30,74414.35,74424.4,74408.41,74422.44
1789618305,2026-09-17T09:41:45,74421.09,74421.09,74403.26,74407.05
1789618320,2026-09-17T09:42:00,74408.18,74408.18,74385.35,74385.35
1789618335,2026-09-17T09:42:15,74379.88,74384.72,74369.81,74374.27
1789618350,2026-09-17T09:42:30,74367.13,74370.82,74357.89,74359.01
1789618365,2026-09-17T09:42:45,74359.28,74361.56,74330.26,74330.26
1789618380,2026-09-17T09:43:00,74331.78,74331.78,74319.18,74322.8
1789618395,2026-09-17T09:43:15,74321.96,74321.96,74312.6,74320.37
1789618410,2026-09-17T09:43:30,74321.19,74342.1,74321.19,74341.14
1789618425,2026-09-17T09:43:45,74351.44,74367.85,74347.99,74366.9
1789618440,2026-09-17T09:44:00,74366.6,74372.52,74361.74,74361.74
1789618455,2026-09-17T09:44:15,74362.99,74367.75,74352.15,74356.55
1789618470,2026-09-17T09:44:30,74358.1,74358.1,74343.64,74348.27
1789618485,2026-09-17T09:44:45,74347.02,74365.62,74345.2,74365.62
1789618500,2026-09-17T09:45:00,74367.44,74391.22,74363.07,74390.3
1789618515,2026-09-17T09:45:15,74395.2,74395.65,74367.55,74368.11
1789618530,2026-09-17T09:45:30,74365.94,74367.08,74357.34,74361.04
1789618545,2026-09-17T09:45:45,74361.04,74361.49,74352.89,74356.41
1789618560,2026-09-17T09:46:00,74356.73,74360.95,74352.84,74357.76
1789618575,2026-09-17T09:46:15,74358.03,74359.4,74350.79,74357.86
1789618590,2026-09-17T09:46:30,74359.69,74366.27,74359.03,74359.8
1789618605,2026-09-17T09:46:45,74360.92,74361.13,74353.16,74357.02
1789618620,2026-09-17T09:47:00,74367.49,74370.08,74359.18,74366.88
1789618635,2026-09-17T09:47:15,74367.22,74373.75,74365.83,74368.4
1789618650,2026-09-17T09:47:30,74369.06,74381.3,74369.06,74379.21
1789618665,2026-09-17T09:47:45,74382.01,74387.3,74380.69,74382.73
1789618680,2026-09-17T09:48:00,74390.65,74397.59,74390.65,74397.23
1789618695,2026-09-17T09:48:15,74398.81,74403.28,74395.49,74398.83
1789618710,2026-09-17T09:48:30,74396.85,74397.34,74387.57,74387.57
1789618725,2026-09-17T09:48:45,74390.86,74394.1,74386.08,74388.02
1789618740,2026-09-17T09:49:00,74387.36,74401.13,74387.36,74401.02
1789618755,2026-09-17T09:49:15,74404.83,74419.35,74399.06,74417.67
1789618770,2026-09-17T09:49:30,74412.57,74428.01,74412.57,74423.07
1789618785,2026-09-17T09:49:45,74424.83,74425.85,74415.6,74420.99
1789618800,2026-09-17T09:50:00,74414.77,74416.05,74394.33,74394.33
1789618815,2026-09-17T09:50:15,74391.76,74402.53,74391.74,74402.32
1789618830,2026-09-17T09:50:30,74397.66,74405.03,74397.66,74397.7
1789618845,2026-09-17T09:50:45,74400.06,74402.14,74389.52,74401.53
1789618860,2026-09-17T09:51:00,74400.52,74414.52,74399.16,74414.52
1789618875,2026-09-17T09:51:15,74412.14,74417.95,74400.86,74412.27
1789618890,2026-09-17T09:51:30,74413.3,74416.55,74409.01,74413.55
1789618905,2026-09-17T09:51:45,74418.72,74418.72,74406.32,74416.39
1789618920,2026-09-17T09:52:00,74421.37,74424,74416.54,74422.1
1789618935,2026-09-17T09:52:15,74421.75,74434.16,74413.47,74433.04
1789618950,2026-09-17T09:52:30,74433.1,74447.78,74432.84,74447.78
1789618965,2026-09-17T09:52:45,74445.54,74453.87,74435.39,74453.87
1789618980,2026-09-17T09:53:00,74448.85,74448.85,74436.62,74440.48
1789618995,2026-09-17T09:53:15,74441.31,74444.64,74439.31,74441.08
1789619010,2026-09-17T09:53:30,74439.96,74449.48,74438.61,74438.61
1789619025,2026-09-17T09:53:45,74440.01,74448.54,74438.37,74448.54
1789619040,2026-09-17T09:54:00,74443.72,74467.91,74439.65,74467.91
1789619055,2026-09-17T09:54:15,74467.04,74475.72,74465.21,74475.72
1789619070,2026-09-17T09:54:30,74476.16,74483.16,74474.46,74477.97
1789619085,2026-09-17T09:54:45,74477.46,74477.87,74460,74469
1789619100,2026-09-17T09:55:00,74470.22,74478.17,74470.22,74472.41
1789619115,2026-09-17T09:55:15,74473.49,74479.03,74465.77,74472.42
1789619130,2026-09-17T09:55:30,74478.15,74483.68,74473.96,74483.1
1789619145,2026-09-17T09:55:45,74482.79,74485.33,74467.18,74467.18
1789619160,2026-09-17T09:56:00,74466.63,74471.96,74453.06,74453.06
1789619175,2026-09-17T09:56:15,74456.88,74465.18,74456.88,74462.57
1789619190,2026-09-17T09:56:30,74458.59,74458.59,74441.24,74444.22
1789619205,2026-09-17T09:56:45,74445.74,74445.74,74432.46,74438.46
1789619220,2026-09-17T09:57:00,74438.84,74441.27,74436.44,74437.55
1789619235,2026-09-17T09:57:15,74439.17,74439.25,74425.71,74438.57
1789619250,2026-09-17T09:57:30,74441.52,74457.67,74436.68,74457.67
1789619265,2026-09-17T09:57:45,74457.22,74468.03,74454.43,74466.78
1789619280,2026-09-17T09:58:00,74470.92,74470.92,74466.22,74466.24
1789619295,2026-09-17T09:58:15,74466.24,74476.76,74466.24,74476.76
1789619310,2026-09-17T09:58:30,74476.24,74482.63,74473.22,74478.16
1789619325,2026-09-17T09:58:45,74472.19,74486.52,74472.19,74481.77
1789619340,2026-09-17T09:59:00,74480.93,74482.4,74465.75,74465.75
1789619355,2026-09-17T09:59:15,74465.29,74471.73,74461.67,74462.64
1789619370,2026-09-17T09:59:30,74463.33,74470.25,74463.33,74469.43
1789619385,2026-09-17T09:59:45,74465.57,74466.2,74456.77,74461.09
1789619400,2026-09-17T10:00:00,74459.51,74473.54,74459.42,74473.54
1789619415,2026-09-17T10:00:15,74474.52,74474.58,74456.46,74465.24
1789619430,2026-09-17T10:00:30,74462.82,74464.81,74453.47,74453.47
1789619445,2026-09-17T10:00:45,74451.38,74462.56,74451.38,74462.54
1789619460,2026-09-17T10:01:00,74459.89,74471.84,74454.88,74470.66
1789619475,2026-09-17T10:01:15,74470.66,74476.3,74469.14,74474.86
1789619490,2026-09-17T10:01:30,74476.16,74479.36,74465.67,74475.02
1789619505,2026-09-17T10:01:45,74472.38,74478.1,74467.3,74472.35
1789619520,2026-09-17T10:02:00,74472.59,74483.23,74467.09,74479.23
1789619535,2026-09-17T10:02:15,74475.37,74476.17,74465.91,74466.7
1789619550,2026-09-17T10:02:30,74468.58,74475.56,74463.81,74475.56
1789619565,2026-09-17T10:02:45,74476.58,74492.89,74476.58,74491.06
1789619580,2026-09-17T10:03:00,74492.26,74501.69,74488.52,74498.56
1789619595,2026-09-17T10:03:15,74498.52,74499.04,74492.98,74494.3
1789619610,2026-09-17T10:03:30,74498.02,74503.46,74494.46,74498.85
1789619625,2026-09-17T10:03:45,74497.34,74499.72,74487.36,74494.21
1789619640,2026-09-17T10:04:00,74498.42,74502.04,74491.99,74501.77
1789619655,2026-09-17T10:04:15,74496.22,74496.22,74484.7,74488.84
1789619670,2026-09-17T10:04:30,74497.36,74500.25,74487.69,74499.73
1789619685,2026-09-17T10:04:45,74499.21,74500.84,74489.26,74492.27
1789619700,2026-09-17T10:05:00,74487.92,74508.71,74486.61,74508.48
1789619715,2026-09-17T10:05:15,74509.83,74517.14,74506.12,74514.44
1789619730,2026-09-17T10:05:30,74518.9,74543.95,74518.9,74542.42
1789619745,2026-09-17T10:05:45,74541.15,74552.34,74541.15,74550.99
1789619760,2026-09-17T10:06:00,74547.93,74547.93,74539.11,74539.11
1789619775,2026-09-17T10:06:15,74539.03,74543.36,74530.26,74541.2
1789619790,2026-09-17T10:06:30,74541.44,74549.29,74541.44,74544.7
1789619805,2026-09-17T10:06:45,74543.27,74548.42,74535.86,74539.48
1789619820,2026-09-17T10:07:00,74538.51,74538.51,74529.95,74530.01
1789619835,2026-09-17T10:07:15,74527.69,74529.72,74508.26,74512.75
1789619850,2026-09-17T10:07:30,74518.35,74518.79,74511.01,74518.44
1789619865,2026-09-17T10:07:45,74518.44,74528.61,74517.56,74522.62
1789619880,2026-09-17T10:08:00,74522.58,74530.88,74519.32,74519.32
1789619895,2026-09-17T10:08:15,74524.46,74529.79,74518.96,74529.79
1789619910,2026-09-17T10:08:30,74528.9,74533.28,74526.5,74528.31
1789619925,2026-09-17T10:08:45,74532.48,74533.02,74519.44,74519.44
1789619940,2026-09-17T10:09:00,74523.62,74531.76,74523.62,74531.76
1789619955,2026-09-17T10:09:15,74529.18,74529.22,74520.13,74527.25
1789619970,2026-09-17T10:09:30,74527.61,74529.82,74523.12,74528.19
1789619985,2026-09-17T10:09:45,74528.19,74534.74,74524.99,74534.74
1789620000,2026-09-17T10:10:00,74534.51,74543.86,74531.38,74533.88
1789620015,2026-09-17T10:10:15,74531.96,74541.93,74531.96,74539.56
1789620030,2026-09-17T10:10:30,74541.63,74551.17,74540.01,74546.74
1789620045,2026-09-17T10:10:45,74546.86,74556.73,74546.86,74553.9
1789620060,2026-09-17T10:11:00,74553.9,74567.88,74553.9,74565.06
1789620075,2026-09-17T10:11:15,74562.45,74581.65,74562.45,74581.65
1789620090,2026-09-17T10:11:30,74580.95,74583.13,74574.43,74581.03
1789620105,2026-09-17T10:11:45,74579.82,74587.74,74576.32,74583.75
1789620120,2026-09-17T10:12:00,74579.45,74587.18,74577.1,74586.73
1789620135,2026-09-17T10:12:15,74585.23,74586.12,74575.33,74579.85
1789620150,2026-09-17T10:12:30,74580.94,74586.48,74580.94,74585.35
1789620165,2026-09-17T10:12:45,74579.34,74582.25,74574.69,74574.69
1789620180,2026-09-17T10:13:00,74573.06,74577.81,74565.87,74571.21
1789620195,2026-09-17T10:13:15,74573.21,74573.21,74565.2,74570.86
1789620210,2026-09-17T10:13:30,74570.67,74576.71,74565.09,74573.89
1789620225,2026-09-17T10:13:45,74573.85,74573.85,74566.24,74567.7
1789620240,2026-09-17T10:14:00,74566.4,74566.4,74557.13,74562.21
1789620255,2026-09-17T10:14:15,74559.75,74559.75,74539.41,74548.06
1789620270,2026-09-17T10:14:30,74550.22,74554.45,74546.9,74548.47
1789620285,2026-09-17T10:14:45,74546.81,74554.27,74543.42,74554.13
1789620300,2026-09-17T10:15:00,74549.63,74561.23,74548.66,74561.23
1789620315,2026-09-17T10:15:15,74561.64,74568.54,74558.62,74568.54
1789620330,2026-09-17T10:15:30,74568.92,74570.32,74565.24,74566.89
1789620345,2026-09-17T10:15:45,74560.82,74566.97,74554.94,74554.94
1789620360,2026-09-17T10:16:00,74549.54,74557.23,74549.54,74554.32
1789620375,2026-09-17T10:16:15,74555.01,74557.68,74544.2,74548.69
1789620390,2026-09-17T10:16:30,74546,74552,74543.71,74549.84
1789620405,2026-09-17T10:16:45,74548.21,74551.03,74544.2,74544.64
1789620420,2026-09-17T10:17:00,74547.26,74547.66,74540.83,74544.62
1789620435,2026-09-17T10:17:15,74545.43,74545.86,74540.1,74542.15
1789620450,2026-09-17T10:17:30,74545.51,74545.51,74537.69,74539.72
1789620465,2026-09-17T10:17:45,74532.45,74535.42,74524.01,74526.09
1789620480,2026-09-17T10:18:00,74525.34,74528.29,74518.77,74520.37
1789620495,2026-09-17T10:18:15,74520.57,74531.27,74518.91,74527.28
1789620510,2026-09-17T10:18:30,74526.17,74526.17,74510.94,74511.78
1789620525,2026-09-17T10:18:45,74509.81,74517.96,74507.32,74513.95
1789620540,2026-09-17T10:19:00,74513.34,74519.6,74511.8,74519.53
1789620555,2026-09-17T10:19:15,74519.52,74520.37,74513.19,74518.56
1789620570,2026-09-17T10:19:30,74517.75,74519.21,74512.02,74514.51
1789620585,2026-09-17T10:19:45,74512.91,74512.91,74493.51,74498.06
1789620600,2026-09-17T10:20:00,74496.22,74496.64,74487.59,74487.78
1789620615,2026-09-17T10:20:15,74487.71,74491.47,74483.23,74486.7
1789620630,2026-09-17T10:20:30,74484.9,74493.32,74480.77,74493.32
1789620645,2026-09-17T10:20:45,74496.84,74510.84,74496.02,74505.03
1789620660,2026-09-17T10:21:00,74508.41,74521.36,74507.78,74517.3
1789620675,2026-09-17T10:21:15,74516.32,74518.92,74513.36,74514.82
1789620690,2026-09-17T10:21:30,74515.5,74517.71,74510.81,74511.48
1789620705,2026-09-17T10:21:45,74517.94,74521.67,74510.94,74511.57
1789620720,2026-09-17T10:22:00,74506.93,74514.56,74504.7,74514.56
1789620735,2026-09-17T10:22:15,74516.42,74516.42,74505.5,74515.41
1789620750,2026-09-17T10:22:30,74513.79,74516.14,74504.03,74511.39
1789620765,2026-09-17T10:22:45,74509.05,74512.64,74505.02,74505.51
1789620780,2026-09-17T10:23:00,74503.56,74510.06,74502.79,74502.79
1789620795,2026-09-17T10:23:15,74500.28,74500.28,74492.63,74492.63
1789620810,2026-09-17T10:23:30,74490.09,74494.69,74486.02,74490.97
1789620825,2026-09-17T10:23:45,74494.49,74494.49,74478.92,74482.49
1789620840,2026-09-17T10:24:00,74482.49,74486.59,74475.27,74480.36
1789620855,2026-09-17T10:24:15,74487.8,74492.18,74482.62,74492.11
1789620870,2026-09-17T10:24:30,74496.06,74500.06,74490.03,74497.75
1789620885,2026-09-17T10:24:45,74499.63,74501.51,74494.54,74497.72
1789620900,2026-09-17T10:25:00,74500.38,74501.07,74489.46,74498.74
1789620915,2026-09-17T10:25:15,74496.95,74497.4,74491.34,74493.94
1789620930,2026-09-17T10:25:30,74493.4,74493.4,74477.29,74490.43
1789620945,2026-09-17T10:25:45,74487.51,74494.06,74480.25,74485.1
1789620960,2026-09-17T10:26:00,74485.03,74485.03,74475.8,74482.63
1789620975,2026-09-17T10:26:15,74474.26,74487.57,74474.23,74487.02
1789620990,2026-09-17T10:26:30,74491.11,74495.02,74487.51,74489.87
1789621005,2026-09-17T10:26:45,74489.98,74490.17,74483,74489.1
1789621020,2026-09-17T10:27:00,74491.66,74501.63,74491.66,74501.63
1789621035,2026-09-17T10:27:15,74501.63,74501.63,74490.71,74494.63
1789621050,2026-09-17T10:27:30,74494.16,74495.71,74490.25,74493.2
1789621065,2026-09-17T10:27:45,74493.2,74496.87,74485.19,74485.19
1789621080,2026-09-17T10:28:00,74484.93,74495.02,74483.06,74485.53
1789621095,2026-09-17T10:28:15,74488.8,74493.48,74484.25,74491.03
1789621110,2026-09-17T10:28:30,74492.69,74497.52,74488.03,74493.54
1789621125,2026-09-17T10:28:45,74494.81,74494.81,74489.06,74489.06
1789621140,2026-09-17T10:29:00,74488.7,74495.19,74486.37,74491.88
1789621155,2026-09-17T10:29:15,74491.88,74498.76,74491.88,74497.48
1789621170,2026-09-17T10:29:30,74498.29,74498.37,74484.84,74487.98
1789621185,2026-09-17T10:29:45,74484.3,74495.49,74484.3,74492.96
1789621200,2026-09-17T10:30:00,74496.31,74499.93,74488.55,74491.14
1789621215,2026-09-17T10:30:15,74486.11,74486.93,74478.99,74478.99
1789621230,2026-09-17T10:30:30,74482,74495.72,74481.54,74494.88
1789621245,2026-09-17T10:30:45,74494.88,74494.88,74475.95,74482.35
1789621260,2026-09-17T10:31:00,74478,74480.11,74471.05,74471.22
1789621275,2026-09-17T10:31:15,74473.93,74473.93,74459.9,74462.21
1789621290,2026-09-17T10:31:30,74465.47,74465.95,74441.54,74441.54
1789621305,2026-09-17T10:31:45,74446.59,74446.59,74435.94,74444.59
1789621320,2026-09-17T10:32:00,74443.68,74460.03,74443.68,74458.09
1789621335,2026-09-17T10:32:15,74455.62,74456.96,74446.29,74449.61
1789621350,2026-09-17T10:32:30,74451.72,74460.86,74448.87,74448.87
1789621365,2026-09-17T10:32:45,74450.49,74455.05,74448.43,74450.86
1789621380,2026-09-17T10:33:00,74451.3,74451.3,74441.36,74446.41
1789621395,2026-09-17T10:33:15,74443.42,74448.87,74440.04,74448.1
1789621410,2026-09-17T10:33:30,74449.9,74451.96,74444.56,74449.87
1789621425,2026-09-17T10:33:45,74448.88,74449.97,74439.46,74449.97
1789621440,2026-09-17T10:34:00,74440.59,74451.32,74439.03,74451.26
1789621455,2026-09-17T10:34:15,74450.03,74453.03,74440.45,74447.12
1789621470,2026-09-17T10:34:30,74446.95,74453.32,74442.09,74452.1
1789621485,2026-09-17T10:34:45,74453.15,74453.74,74446.59,74446.59
1789621500,2026-09-17T10:35:00,74447.23,74447.23,74426.23,74426.23
1789621515,2026-09-17T10:35:15,74426.97,74426.97,74418.43,74425.48
1789621530,2026-09-17T10:35:30,74419.25,74453.88,74418.52,74453.88
1789621545,2026-09-17T10:35:45,74455.88,74465.63,74454.28,74462.89
1789621560,2026-09-17T10:36:00,74466.76,74473.79,74460.52,74469.94
1789621575,2026-09-17T10:36:15,74461.51,74469.74,74461.51,74463.52
1789621590,2026-09-17T10:36:30,74463.67,74476.25,74463.67,74476.25
1789621605,2026-09-17T10:36:45,74475.91,74482.69,74475.91,74480.13
1789621620,2026-09-17T10:37:00,74478.3,74493.12,74478.3,74484.87
1789621635,2026-09-17T10:37:15,74484.23,74491.85,74478.47,74480.75
1789621650,2026-09-17T10:37:30,74480.79,74485.39,74471.16,74482.77
1789621665,2026-09-17T10:37:45,74478,74483.28,74476.18,74476.43
1789621680,2026-09-17T10:38:00,74479.56,74481.24,74459.9,74460.72
1789621695,2026-09-17T10:38:15,74460.66,74460.66,74453.01,74455.57
1789621710,2026-09-17T10:38:30,74455.5,74456.78,74446.62,74455.93
1789621725,2026-09-17T10:38:45,74454.42,74464.99,74454.42,74463.69
1789621740,2026-09-17T10:39:00,74460.86,74462.14,74454.01,74456.03
1789621755,2026-09-17T10:39:15,74459.5,74463.92,74458.76,74460.62
1789621770,2026-09-17T10:39:30,74461.57,74465.43,74459.04,74465.43
1789621785,2026-09-17T10:39:45,74465.66,74465.66,74455.38,74455.38
1789621800,2026-09-17T10:40:00,74458.59,74458.59,74451.86,74454.39
1789621815,2026-09-17T10:40:15,74453.42,74457.35,74452.91,74456.11
1789621830,2026-09-17T10:40:30,74454.48,74455.76,74449.05,74449.05
1789621845,2026-09-17T10:40:45,74446.15,74448.65,74440.89,74443.02
1789621860,2026-09-17T10:41:00,74440.9,74453.16,74440.9,74452.92
1789621875,2026-09-17T10:41:15,74451.71,74451.71,74436.3,74440.15
1789621890,2026-09-17T10:41:30,74439.5,74447.17,74437.97,74439.41
1789621905,2026-09-17T10:41:45,74439.41,74439.41,74430.68,74432.08
1789621920,2026-09-17T10:42:00,74428.95,74437.88,74428.95,74436.01
1789621935,2026-09-17T10:42:15,74430.99,74431.09,74421.36,74421.36
1789621950,2026-09-17T10:42:30,74420.11,74420.11,74406.62,74408.25
1789621965,2026-09-17T10:42:45,74409.07,74409.8,74403.18,74407.78
1789621980,2026-09-17T10:43:00,74406.73,74419.75,74402.92,74419.75
1789621995,2026-09-17T10:43:15,74419.75,74435.68,74419.75,74435.68
1789622010,2026-09-17T10:43:30,74435.07,74435.07,74423.16,74429.01
1789622025,2026-09-17T10:43:45,74434.25,74436.24,74423.05,74424.7
1789622040,2026-09-17T10:44:00,74421.82,74421.82,74402.52,74405.43
1789622055,2026-09-17T10:44:15,74406.86,74410.86,74400.55,74402
1789622070,2026-09-17T10:44:30,74401.19,74410.91,74401.19,74404.93
1789622085,2026-09-17T10:44:45,74407.54,74411.2,74399.51,74401.13
1789622100,2026-09-17T10:45:00,74403.46,74403.46,74389.66,74389.66
1789622115,2026-09-17T10:45:15,74390.26,74396.95,74389.73,74391.35
1789622130,2026-09-17T10:45:30,74391.68,74392.24,74376.11,74381.79
1789622145,2026-09-17T10:45:45,74381.11,74388.97,74381.11,74386.29
1789622160,2026-09-17T10:46:00,74387.7,74392.3,74380.77,74390.15
1789622175,2026-09-17T10:46:15,74389.54,74396.36,74388.26,74394.79
1789622190,2026-09-17T10:46:30,74395.49,74409.45,74389.37,74409.45
1789622205,2026-09-17T10:46:45,74409.45,74416.57,74403.44,74409.26
1789622220,2026-09-17T10:47:00,74407.05,74425.46,74407.05,74425.46
1789622235,2026-09-17T10:47:15,74421.47,74429.11,74415.41,74429.11
1789622250,2026-09-17T10:47:30,74429.11,74432.1,74422.14,74428.36
1789622265,2026-09-17T10:47:45,74427.79,74431.06,74425.61,74425.61
1789622280,2026-09-17T10:48:00,74428.82,74429.86,74417.51,74420.32
1789622295,2026-09-17T10:48:15,74420.93,74421.99,74415.49,74415.49
1789622310,2026-09-17T10:48:30,74413.46,74415.23,74402.44,74402.44
1789622325,2026-09-17T10:48:45,74402.08,74413.04,74397.33,74405.67
1789622340,2026-09-17T10:49:00,74405.7,74406.74,74401.38,74404.31
1789622355,2026-09-17T10:49:15,74404.95,74404.95,74394.11,74398.82
1789622370,2026-09-17T10:49:30,74400.27,74402.64,74395.94,74401.15
1789622385,2026-09-17T10:49:45,74402.77,74403.85,74391.5,74400.79
1789622400,2026-09-17T10:50:00,74400.03,74403.78,74397.76,74398.89
1789622415,2026-09-17T10:50:15,74397.83,74406.23,74394.37,74399.68
1789622430,2026-09-17T10:50:30,74398.74,74406.81,74398.74,74406.64
1789622445,2026-09-17T10:50:45,74407.64,74411.07,74407.64,74409.43
1789622460,2026-09-17T10:51:00,74409.43,74417.79,74409.43,74411.09
1789622475,2026-09-17T10:51:15,74412.56,74418.37,74411.61,74417.17
1789622490,2026-09-17T10:51:30,74416.29,74421.63,74413.23,74421.23
1789622505,2026-09-17T10:51:45,74421.61,74422.98,74418.96,74421.01
1789622520,2026-09-17T10:52:00,74424.75,74431.46,74424.75,74427.15
1789622535,2026-09-17T10:52:15,74430.36,74436.1,74423.08,74426.73
1789622550,2026-09-17T10:52:30,74430.26,74430.26,74419,74422.35
1789622565,2026-09-17T10:52:45,74418.5,74425.23,74417.49,74418.76
1789622580,2026-09-17T10:53:00,74418.71,74425.72,74411.1,74420.57
1789622595,2026-09-17T10:53:15,74431.43,74435.21,74428.75,74430.23
1789622610,2026-09-17T10:53:30,74429.72,74429.72,74422.15,74427.93
1789622625,2026-09-17T10:53:45,74428.46,74429.27,74418.08,74418.23
1789622640,2026-09-17T10:54:00,74419.73,74423.21,74413.7,74418.82
1789622655,2026-09-17T10:54:15,74416.89,74420.17,74415.02,74416.5
1789622670,2026-09-17T10:54:30,74421.22,74421.22,74414.37,74420.28
1789622685,2026-09-17T10:54:45,74415.59,74422.37,74413.24,74413.24
1789622700,2026-09-17T10:55:00,74412.49,74424.74,74412.49,74424.74
1789622715,2026-09-17T10:55:15,74423.13,74423.13,74412.14,74414.67
1789622730,2026-09-17T10:55:30,74412.24,74419.42,74411.02,74417.91
1789622745,2026-09-17T10:55:45,74419.32,74422.38,74415.7,74422.38
1789622760,2026-09-17T10:56:00,74424.11,74427.58,74420.9,74427.58
1789622775,2026-09-17T10:56:15,74429.42,74433.73,74425.69,74432.88
1789622790,2026-09-17T10:56:30,74432.38,74436.46,74429.15,74429.15
1789622805,2026-09-17T10:56:45,74431.19,74439.95,74431,74437.38
1789622820,2026-09-17T10:57:00,74436.47,74454.71,74436.47,74454.71
1789622835,2026-09-17T10:57:15,74454.03,74459.38,74449.57,74456.22
1789622850,2026-09-17T10:57:30,74452.39,74459.82,74446.12,74448.74
1789622865,2026-09-17T10:57:45,74445.11,74450.68,74430.87,74430.87
1789622880,2026-09-17T10:58:00,74434.75,74439.98,74432.76,74434.13
1789622895,2026-09-17T10:58:15,74432.27,74432.27,74417.96,74419.75
1789622910,2026-09-17T10:58:30,74421.5,74430.15,74421.5,74430.15
1789622925,2026-09-17T10:58:45,74431.97,74434.15,74424.07,74424.07
1789622940,2026-09-17T10:59:00,74425.89,74431.72,74424.76,74427.11
1789622955,2026-09-17T10:59:15,74416.82,74420.67,74411.59,74417.35
1789622970,2026-09-17T10:59:30,74420.98,74424.5,74415.1,74415.1
1789622985,2026-09-17T10:59:45,74415.17,74416.83,74410.84,74413.77
1789623000,2026-09-17T11:00:00,74410.21,74410.25,74404.32,74405.69
1789623015,2026-09-17T11:00:15,74408.68,74408.68,74396.8,74397.39
1789623030,2026-09-17T11:00:30,74392.56,74397.18,74387.69,74387.69
1789623045,2026-09-17T11:00:45,74386.52,74386.52,74378.24,74379.1
1789623060,2026-09-17T11:01:00,74376.74,74378.53,74363.77,74363.77
1789623075,2026-09-17T11:01:15,74367.76,74367.76,74356.73,74359.76
1789623090,2026-09-17T11:01:30,74364.01,74364.01,74347,74347.28
1789623105,2026-09-17T11:01:45,74349.03,74363.32,74348.53,74363.32
1789623120,2026-09-17T11:02:00,74361.41,74365.02,74358.32,74362.23
1789623135,2026-09-17T11:02:15,74363.53,74370.66,74361.09,74364.99
1789623150,2026-09-17T11:02:30,74368.85,74375.3,74366.16,74373.12
1789623165,2026-09-17T11:02:45,74372.74,74374.49,74364.37,74370.24
1789623180,2026-09-17T11:03:00,74367.77,74372.02,74340.86,74342.59
1789623195,2026-09-17T11:03:15,74341.09,74351.45,74341.09,74350.56
1789623210,2026-09-17T11:03:30,74349.28,74349.28,74323.03,74323.03
1789623225,2026-09-17T11:03:45,74326.41,74326.41,74314.49,74314.49
1789623240,2026-09-17T11:04:00,74316.18,74327.82,74314.26,74327.82
1789623255,2026-09-17T11:04:15,74327.14,74327.14,74314.08,74317.71
1789623270,2026-09-17T11:04:30,74315.11,74323.06,74315.11,74316.7
1789623285,2026-09-17T11:04:45,74312.9,74319.44,74310.62,74314.27
1789623300,2026-09-17T11:05:00,74311.61,74311.61,74300.63,74305.95
1789623315,2026-09-17T11:05:15,74303.34,74305.89,74298.49,74303.77
1789623330,2026-09-17T11:05:30,74303.77,74308.42,74297.82,74297.82
1789623345,2026-09-17T11:05:45,74296.1,74300.71,74292.02,74297.32
1789623360,2026-09-17T11:06:00,74297.17,74303.69,74297.17,74301.07
1789623375,2026-09-17T11:06:15,74302.12,74306.38,74294.27,74294.27
1789623390,2026-09-17T11:06:30,74296.37,74300.33,74287.62,74289.17
1789623405,2026-09-17T11:06:45,74288.42,74288.42,74263.25,74283.56
1789623420,2026-09-17T11:07:00,74276.53,74286.7,74268.84,74269.59
1789623435,2026-09-17T11:07:15,74269.59,74269.79,74261.92,74265.11
1789623450,2026-09-17T11:07:30,74268.55,74272.04,74256.54,74256.85
1789623465,2026-09-17T11:07:45,74265.97,74266.78,74252.39,74252.39
1789623480,2026-09-17T11:08:00,74256.1,74256.1,74241.19,74243.11
1789623495,2026-09-17T11:08:15,74238.17,74248.2,74235.37,74248.2
1789623510,2026-09-17T11:08:30,74245.47,74252.61,74240.48,74252.61
1789623525,2026-09-17T11:08:45,74252.14,74252.14,74244.51,74244.51
1789623540,2026-09-17T11:09:00,74242.92,74246.95,74238.72,74241.33
1789623555,2026-09-17T11:09:15,74242.61,74243.47,74238.89,74243.47
1789623570,2026-09-17T11:09:30,74241.18,74249.83,74241.18,74249.83
1789623585,2026-09-17T11:09:45,74244.58,74251.78,74243.18,74251.08
1789623600,2026-09-17T11:10:00,74243.31,74245.1,74235.7,74237.65
1789623615,2026-09-17T11:10:15,74243.02,74249.08,74242.12,74244.7
1789623630,2026-09-17T11:10:30,74244.1,74247.56,74239.4,74239.4
1789623645,2026-09-17T11:10:45,74235.73,74236.6,74227.38,74228
1789623660,2026-09-17T11:11:00,74228,74231.85,74225.1,74229.97
1789623675,2026-09-17T11:11:15,74231.5,74237.76,74225.64,74237.76
1789623690,2026-09-17T11:11:30,74237.76,74243.11,74236.64,74236.64
1789623705,2026-09-17T11:11:45,74237.22,74237.22,74231.14,74236.78
1789623720,2026-09-17T11:12:00,74241.56,74242.77,74236.82,74238.63
1789623735,2026-09-17T11:12:15,74235.41,74245.83,74235.41,74243.77
1789623750,2026-09-17T11:12:30,74247.78,74254.36,74247.69,74254.36
1789623765,2026-09-17T11:12:45,74253.88,74256.44,74250.06,74252.91
1789623780,2026-09-17T11:13:00,74255.01,74262.93,74255.01,74259.52
1789623795,2026-09-17T11:13:15,74261.2,74262.62,74258.43,74262.22
1789623810,2026-09-17T11:13:30,74263.13,74272.54,74263.13,74272.42
1789623825,2026-09-17T11:13:45,74272.06,74272.06,74261.24,74261.24
1789623840,2026-09-17T11:14:00,74263.74,74279.31,74261.46,74279.31
1789623855,2026-09-17T11:14:15,74280.94,74284.74,74272.08,74280.53
1789623870,2026-09-17T11:14:30,74279.48,74281.39,74273.8,74273.8
1789623885,2026-09-17T11:14:45,74270.78,74271.86,74257.98,74259.47
1789623900,2026-09-17T11:15:00,74264.42,74264.42,74257.76,74261.11
1789623915,2026-09-17T11:15:15,74259.89,74266.56,74259.46,74260.9
1789623930,2026-09-17T11:15:30,74259.82,74269.01,74259.82,74264.4
1789623945,2026-09-17T11:15:45,74264.3,74269.23,74264.3,74269.06
1789623960,2026-09-17T11:16:00,74269.37,74274.41,74267.13,74267.6
1789623975,2026-09-17T11:16:15,74267.37,74276.3,74266.68,74267.61
1789623990,2026-09-17T11:16:30,74270.85,74275.55,74269.27,74269.27
1789624005,2026-09-17T11:16:45,74267.14,74273.08,74263.8,74267.62
1789624020,2026-09-17T11:17:00,74267.62,74281.41,74267.62,74281.41
1789624035,2026-09-17T11:17:15,74281,74292.49,74278.69,74292.49
1789624050,2026-09-17T11:17:30,74292.88,74303.01,74292.88,74303.01
1789624065,2026-09-17T11:17:45,74302.83,74309.23,74295.45,74307.46
1789624080,2026-09-17T11:18:00,74307.31,74312.43,74306.41,74311.57
1789624095,2026-09-17T11:18:15,74312.26,74321.6,74312.26,74319.79
1789624110,2026-09-17T11:18:30,74320.14,74320.14,74312.5,74319.52
1789624125,2026-09-17T11:18:45,74319.52,74322.9,74313.76,74322.02
1789624140,2026-09-17T11:19:00,74323.67,74329.77,74323.67,74324.66
1789624155,2026-09-17T11:19:15,74327.3,74330.24,74323.56,74325.51
1789624170,2026-09-17T11:19:30,74324.26,74329.74,74322.83,74329.74
1789624185,2026-09-17T11:19:45,74327.39,74333.89,74325.13,74327.59
1789624200,2026-09-17T11:20:00,74330.12,74330.69,74326.13,74329.52
1789624215,2026-09-17T11:20:15,74329.89,74329.89,74325.54,74329.64
1789624230,2026-09-17T11:20:30,74330.01,74336.18,74329.48,74335.64
1789624245,2026-09-17T11:20:45,74331.83,74341.89,74329.34,74341.52
1789624260,2026-09-17T11:21:00,74341.95,74348.71,74336.24,74348.71
1789624275,2026-09-17T11:21:15,74349.05,74354.96,74346.24,74354.96
1789624290,2026-09-17T11:21:30,74355.68,74355.85,74343.43,74353.43
1789624305,2026-09-17T11:21:45,74353.05,74355.62,74339.5,74339.5
1789624320,2026-09-17T11:22:00,74339.5,74339.79,74332.54,74334.44
1789624335,2026-09-17T11:22:15,74333.98,74333.98,74319.03,74319.03
1789624350,2026-09-17T11:22:30,74320.85,74320.85,74310.55,74310.55
1789624365,2026-09-17T11:22:45,74309.55,74313.96,74306.8,74307.35
1789624380,2026-09-17T11:23:00,74307.22,74316.07,74306.73,74315.13
1789624395,2026-09-17T11:23:15,74314.16,74327.07,74311.63,74327.07
1789624410,2026-09-17T11:23:30,74327.61,74330.53,74319.16,74319.16
1789624425,2026-09-17T11:23:45,74320.24,74330.06,74320.24,74330.06
1789624440,2026-09-17T11:24:00,74330.09,74338.41,74329.62,74338.41
1789624455,2026-09-17T11:24:15,74338.41,74338.41,74325.95,74331.66
1789624470,2026-09-17T11:24:30,74332.21,74333.37,74325.41,74333.33
1789624485,2026-09-17T11:24:45,74333.22,74335.58,74329.07,74330.58
1789624500,2026-09-17T11:25:00,74330.58,74333.32,74327.71,74333.32
1789624515,2026-09-17T11:25:15,74334.38,74342.16,74331.71,74342.1
1789624530,2026-09-17T11:25:30,74342.52,74342.52,74336.35,74341.02
1789624545,2026-09-17T11:25:45,74340.14,74340.35,74335.85,74336.6
1789624560,2026-09-17T11:26:00,74336.66,74340.42,74336.45,74336.45
1789624575,2026-09-17T11:26:15,74339.21,74339.21,74333.4,74337.51
1789624590,2026-09-17T11:26:30,74336.35,74340.89,74333.87,74333.87
1789624605,2026-09-17T11:26:45,74333.39,74335.38,74330.43,74332.32
1789624620,2026-09-17T11:27:00,74331.2,74331.2,74318.05,74318.05
1789624635,2026-09-17T11:27:15,74321.01,74322.83,74315.19,74316.77
1789624650,2026-09-17T11:27:30,74317.87,74321.25,74315.67,74318.94
1789624665,2026-09-17T11:27:45,74318.15,74323.19,74316.37,74316.37
1789624680,2026-09-17T11:28:00,74317.15,74321.22,74308.4,74317.92
1789624695,2026-09-17T11:28:15,74317.1,74321.62,74311.11,74311.28
1789624710,2026-09-17T11:28:30,74311.28,74323.64,74307.23,74314.37
1789624725,2026-09-17T11:28:45,74314.37,74320.61,74313.35,74320.56
1789624740,2026-09-17T11:29:00,74318.29,74320.24,74314.51,74314.51
1789624755,2026-09-17T11:29:15,74320.31,74323.84,74317.96,74320.24
1789624770,2026-09-17T11:29:30,74317.95,74321.17,74312.94,74314.07
1789624785,2026-09-17T11:29:45,74313.61,74317.9,74312.59,74317.9
1789624800,2026-09-17T11:30:00,74313.72,74319.99,74306.61,74307.74
1789624815,2026-09-17T11:30:15,74310.62,74310.62,74297.45,74299.36
1789624830,2026-09-17T11:30:30,74298.85,74307.72,74298.85,74303.72
1789624845,2026-09-17T11:30:45,74303.72,74303.72,74290.73,74291.4
1789624860,2026-09-17T11:31:00,74288.92,74299.72,74288.92,74295.5
1789624875,2026-09-17T11:31:15,74294.64,74302.55,74293.88,74299.88
1789624890,2026-09-17T11:31:30,74300.87,74310.07,74300.87,74307.83
1789624905,2026-09-17T11:31:45,74306.98,74321.57,74306.98,74319.67
1789624920,2026-09-17T11:32:00,74324.54,74332.56,74324.54,74330.98
1789624935,2026-09-17T11:32:15,74333.15,74340.57,74324.43,74324.43
1789624950,2026-09-17T11:32:30,74325.06,74351.01,74325.06,74344.24
1789624965,2026-09-17T11:32:45,74344.8,74356.86,74341.66,74356.86
1789624980,2026-09-17T11:33:00,74356.04,74356.04,74346.27,74346.27
1789624995,2026-09-17T11:33:15,74346.89,74349.17,74326.65,74326.65
1789625010,2026-09-17T11:33:30,74325.38,74335.69,74320.32,74334.56
1789625025,2026-09-17T11:33:45,74329.5,74334.64,74325.53,74325.53
1789625040,2026-09-17T11:34:00,74323.25,74337.49,74323.25,74334.89
1789625055,2026-09-17T11:34:15,74337.04,74341.73,74333.82,74341.73
1789625070,2026-09-17T11:34:30,74339,74348.49,74339,74346.3
1789625085,2026-09-17T11:34:45,74344.37,74348.14,74340.55,74344.27
1789625100,2026-09-17T11:35:00,74342.64,74347.71,74325.51,74325.51
1789625115,2026-09-17T11:35:15,74323.07,74327.08,74318.51,74319.91
1789625130,2026-09-17T11:35:30,74319.91,74329.6,74318.63,74327.8
1789625145,2026-09-17T11:35:45,74327.84,74330.13,74319.46,74319.46
1789625160,2026-09-17T11:36:00,74318.28,74329.4,74318.28,74329.07
1789625175,2026-09-17T11:36:15,74324.92,74336.03,74324.92,74336.03
1789625190,2026-09-17T11:36:30,74336.03,74336.73,74331.85,74333.37
1789625205,2026-09-17T11:36:45,74333.37,74335.38,74331.52,74334.66
1789625220,2026-09-17T11:37:00,74333.62,74341.96,74333.13,74340.33
1789625235,2026-09-17T11:37:15,74340.29,74340.29,74332.35,74332.35
1789625250,2026-09-17T11:37:30,74332.81,74332.81,74327.53,74327.53
1789625265,2026-09-17T11:37:45,74329.24,74333.06,74327.99,74327.99
1789625280,2026-09-17T11:38:00,74329.24,74336.93,74328.72,74336.51
1789625295,2026-09-17T11:38:15,74336.51,74343.44,74333.14,74333.14
1789625310,2026-09-17T11:38:30,74332.45,74337.04,74331.95,74335.56
1789625325,2026-09-17T11:38:45,74334.26,74337.47,74327.28,74337.47
1789625340,2026-09-17T11:39:00,74337.47,74337.86,74334.87,74337.86
1789625355,2026-09-17T11:39:15,74336.7,74337.92,74330.66,74333.14
1789625370,2026-09-17T11:39:30,74337,74343.03,74331.87,74342.86
1789625385,2026-09-17T11:39:45,74344.95,74345.15,74340.23,74340.62
1789625400,2026-09-17T11:40:00,74340.05,74344.42,74339.48,74340.02
1789625415,2026-09-17T11:40:15,74341.24,74349.98,74340.49,74347.17
1789625430,2026-09-17T11:40:30,74346.59,74353.54,74343.94,74343.94
1789625445,2026-09-17T11:40:45,74343.82,74349.1,74343.82,74346.36
1789625460,2026-09-17T11:41:00,74345.67,74351.05,74342.15,74342.42
1789625475,2026-09-17T11:41:15,74341.72,74346.91,74341.08,74344.25
1789625490,2026-09-17T11:41:30,74343.45,74356.57,74343.45,74352.45
1789625505,2026-09-17T11:41:45,74351.84,74356.18,74348.75,74353.46
1789625520,2026-09-17T11:42:00,74353.33,74358.42,74351.13,74357.56
1789625535,2026-09-17T11:42:15,74356.74,74360.62,74349.16,74351.73
1789625550,2026-09-17T11:42:30,74353.76,74357.86,74352.1,74355.5
1789625565,2026-09-17T11:42:45,74355.14,74369.29,74353.48,74366.23
1789625580,2026-09-17T11:43:00,74368.71,74378.28,74367.33,74378.28
1789625595,2026-09-17T11:43:15,74378.3,74384.79,74375.04,74381.53
1789625610,2026-09-17T11:43:30,74382.64,74387.95,74378.16,74387.95
1789625625,2026-09-17T11:43:45,74388.66,74394.55,74380.81,74394.29
1789625640,2026-09-17T11:44:00,74389.27,74394.5,74388.19,74394.5
1789625655,2026-09-17T11:44:15,74396.43,74396.43,74388.82,74389.05
1789625670,2026-09-17T11:44:30,74389.05,74393.98,74388.13,74393.24
1789625685,2026-09-17T11:44:45,74392.42,74394.93,74390.06,74390.93
1789625700,2026-09-17T11:45:00,74391.57,74397.59,74386.21,74396.72
1789625715,2026-09-17T11:45:15,74396.6,74405.69,74394.15,74405.69
1789625730,2026-09-17T11:45:30,74405.62,74410.27,74403.87,74403.87
1789625745,2026-09-17T11:45:45,74403.29,74403.29,74389.55,74393.37
1789625760,2026-09-17T11:46:00,74395.79,74395.79,74390.27,74393.63
1789625775,2026-09-17T11:46:15,74396.47,74396.47,74386.85,74386.85
1789625790,2026-09-17T11:46:30,74389.33,74393,74380.87,74383.26
1789625805,2026-09-17T11:46:45,74382.83,74385.01,74374.75,74374.75
1789625820,2026-09-17T11:47:00,74374.75,74374.75,74365.57,74366.42
1789625835,2026-09-17T11:47:15,74369.1,74371.46,74364.46,74364.46
1789625850,2026-09-17T11:47:30,74364.8,74377.67,74364.8,74374.79
1789625865,2026-09-17T11:47:45,74377.08,74380.59,74370.45,74374.92
1789625880,2026-09-17T11:48:00,74375.46,74385.46,74375.43,74382.46
1789625895,2026-09-17T11:48:15,74382.13,74386.82,74381.95,74381.95
1789625910,2026-09-17T11:48:30,74380.67,74381.86,74373.03,74377.2
1789625925,2026-09-17T11:48:45,74377.2,74378.46,74372.45,74375.29
1789625940,2026-09-17T11:49:00,74378.34,74387.3,74376.3,74387.3
1789625955,2026-09-17T11:49:15,74387.48,74387.48,74376.4,74377.02
1789625970,2026-09-17T11:49:30,74376.12,74379.66,74376.12,74378.1
1789625985,2026-09-17T11:49:45,74380.02,74391.12,74378.62,74389.06
1789626000,2026-09-17T11:50:00,74387.02,74389.74,74385.77,74385.77
1789626015,2026-09-17T11:50:15,74384.71,74389.34,74381.97,74387.82
1789626030,2026-09-17T11:50:30,74387.82,74400.45,74387.82,74391.95
1789626045,2026-09-17T11:50:45,74388.23,74394.74,74383.17,74385.33
1789626060,2026-09-17T11:51:00,74384.93,74397.28,74384.93,74395.51
1789626075,2026-09-17T11:51:15,74397.3,74400.46,74394.98,74394.98
1789626090,2026-09-17T11:51:30,74399.61,74415.79,74399.61,74415.79
1789626105,2026-09-17T11:51:45,74415.44,74421.07,74415.44,74420.28
1789626120,2026-09-17T11:52:00,74420.28,74422.17,74418.64,74418.68
1789626135,2026-09-17T11:52:15,74418.33,74424.72,74412.18,74424.72
1789626150,2026-09-17T11:52:30,74424.72,74435.94,74424.02,74434.8
1789626165,2026-09-17T11:52:45,74435.96,74442.63,74431.29,74439.53
1789626180,2026-09-17T11:53:00,74436.98,74437.86,74428.78,74430.3
1789626195,2026-09-17T11:53:15,74429.5,74438.31,74426.09,74426.09
1789626210,2026-09-17T11:53:30,74426.09,74426.09,74410.08,74411.21
1789626225,2026-09-17T11:53:45,74408.35,74410.86,74400.43,74410.33
1789626240,2026-09-17T11:54:00,74410.24,74410.24,74397.93,74397.93
1789626255,2026-09-17T11:54:15,74396.61,74403.47,74396.61,74398.19
1789626270,2026-09-17T11:54:30,74398.19,74408.54,74398.19,74408.54
1789626285,2026-09-17T11:54:45,74409.76,74415.22,74409.76,74411.78
1789626300,2026-09-17T11:55:00,74413.36,74428.58,74413.36,74428.58
1789626315,2026-09-17T11:55:15,74421.96,74432.37,74420.33,74429.73
1789626330,2026-09-17T11:55:30,74429.15,74436.86,74426.98,74436.86
1789626345,2026-09-17T11:55:45,74435.9,74435.9,74426.81,74433.53
1789626360,2026-09-17T11:56:00,74431.48,74434.3,74427.64,74432.98
1789626375,2026-09-17T11:56:15,74432.98,74452.53,74431.06,74452.53
1789626390,2026-09-17T11:56:30,74451.85,74454.73,74450.06,74454.73
1789626405,2026-09-17T11:56:45,74455.67,74460.18,74455.13,74455.13
1789626420,2026-09-17T11:57:00,74456.09,74462.4,74455.31,74456.87
1789626435,2026-09-17T11:57:15,74456.42,74461.33,74454.22,74456.95
1789626450,2026-09-17T11:57:30,74463.72,74469.96,74461.14,74469.96
1789626465,2026-09-17T11:57:45,74473.97,74489.23,74473.97,74489.23
1789626480,2026-09-17T11:58:00,74486.5,74490.09,74474.87,74479.47
1789626495,2026-09-17T11:58:15,74475.59,74487.09,74475.59,74480.69
1789626510,2026-09-17T11:58:30,74480.15,74492.25,74480.15,74485.73
1789626525,2026-09-17T11:58:45,74484.61,74492.79,74483.11,74491.04
1789626540,2026-09-17T11:59:00,74492.17,74501.09,74491.07,74500.19
1789626555,2026-09-17T11:59:15,74500.15,74500.15,74491.45,74491.45
1789626570,2026-09-17T11:59:30,74493.2,74497.32,74491.38,74497.01
1789626585,2026-09-17T11:59:45,74501.58,74517.65,74501.58,74517.65
1789626600,2026-09-17T12:00:00,74521.72,74528.55,74520.33,74524.26
1789626615,2026-09-17T12:00:15,74525.94,74529.89,74525.87,74529.54
1789626630,2026-09-17T12:00:30,74529.01,74534.37,74522.95,74527.27
1789626645,2026-09-17T12:00:45,74527.19,74528.37,74514.88,74514.88
1789626660,2026-09-17T12:01:00,74521.96,74522.8,74508.11,74513.82
1789626675,2026-09-17T12:01:15,74513.99,74521.39,74511.4,74521.39
1789626690,2026-09-17T12:01:30,74520.67,74522.1,74518.5,74519.03
1789626705,2026-09-17T12:01:45,74518.38,74518.38,74498.6,74498.6
1789626720,2026-09-17T12:02:00,74497.53,74504.12,74497.53,74503.28
1789626735,2026-09-17T12:02:15,74503.13,74504.93,74500.39,74502.32
1789626750,2026-09-17T12:02:30,74499.6,74512.98,74499.6,74508.27
1789626765,2026-09-17T12:02:45,74506.89,74512.67,74502.83,74510.13
1789626780,2026-09-17T12:03:00,74511.53,74511.53,74503.5,74507.46
1789626795,2026-09-17T12:03:15,74510.89,74510.89,74494.87,74498.03
1789626810,2026-09-17T12:03:30,74496.95,74499.89,74487.11,74492.39
1789626825,2026-09-17T12:03:45,74486.72,74495.34,74479.2,74481.84
1789626840,2026-09-17T12:04:00,74475.89,74480.94,74472.16,74476.02
1789626855,2026-09-17T12:04:15,74475.85,74477.93,74462.72,74476.25
1789626870,2026-09-17T12:04:30,74476.38,74481.69,74475.75,74479.16
1789626885,2026-09-17T12:04:45,74480.88,74485.58,74477.61,74481.98
1789626900,2026-09-17T12:05:00,74478.65,74486.17,74477.18,74483.51
1789626915,2026-09-17T12:05:15,74486.25,74486.25,74476.57,74483.31
1789626930,2026-09-17T12:05:30,74478.95,74483.27,74476.26,74483.27
1789626945,2026-09-17T12:05:45,74484,74486.14,74481.93,74485.58
1789626960,2026-09-17T12:06:00,74485.34,74495.58,74484.55,74495.19
1789626975,2026-09-17T12:06:15,74495.36,74512.44,74495.05,74512.44
1789626990,2026-09-17T12:06:30,74516.25,74531.73,74516.25,74531.73
1789627005,2026-09-17T12:06:45,74531.08,74531.51,74525.11,74529.83
1789627020,2026-09-17T12:07:00,74531.18,74586.96,74531.18,74586.96
1789627035,2026-09-17T12:07:15,74591.96,74595.22,74588.02,74594.07
1789627050,2026-09-17T12:07:30,74593.27,74597.42,74587.34,74594.53
1789627065,2026-09-17T12:07:45,74594.53,74596.56,74593.53,74596.56
1789627080,2026-09-17T12:08:00,74596.79,74596.79,74582.84,74585.44
1789627095,2026-09-17T12:08:15,74587.63,74590.25,74580.72,74585.52
1789627110,2026-09-17T12:08:30,74590.4,74593.96,74583.89,74593.96
1789627125,2026-09-17T12:08:45,74588.73,74598.99,74588.15,74593.78
1789627140,2026-09-17T12:09:00,74591.86,74605.23,74591.86,74602.84
1789627155,2026-09-17T12:09:15,74602.97,74606.42,74599.54,74599.54
1789627170,2026-09-17T12:09:30,74598.84,74603.98,74595.94,74595.94
1789627185,2026-09-17T12:09:45,74593.99,74593.99,74582.85,74590.97
1789627200,2026-09-17T12:10:00,74591.46,74598.84,74591.46,74598.84
1789627215,2026-09-17T12:10:15,74598.23,74598.23,74589.02,74597.09
1789627230,2026-09-17T12:10:30,74595.03,74595.03,74582.88,74583.63
1789627245,2026-09-17T12:10:45,74584.01,74590.73,74581.37,74590.73
1789627260,2026-09-17T12:11:00,74586.23,74593.95,74585.36,74593.82
1789627275,2026-09-17T12:11:15,74595.96,74598.16,74591.71,74597.05
1789627290,2026-09-17T12:11:30,74597.5,74600.14,74591.18,74599.29
1789627305,2026-09-17T12:11:45,74599.1,74604.28,74597.07,74597.07
1789627320,2026-09-17T12:12:00,74598.95,74607.25,74596.09,74607.25
1789627335,2026-09-17T12:12:15,74606.54,74606.54,74599.65,74600.43
1789627350,2026-09-17T12:12:30,74600.7,74605.94,74598.14,74604.81
1789627365,2026-09-17T12:12:45,74602.01,74607.81,74597.97,74606.43
1789627380,2026-09-17T12:13:00,74606.53,74606.53,74595.17,74595.17
1789627395,2026-09-17T12:13:15,74595.47,74605.65,74595.47,74597.52
1789627410,2026-09-17T12:13:30,74598.83,74598.83,74584.15,74588.27
1789627425,2026-09-17T12:13:45,74588.91,74608.71,74580.23,74608.71
1789627440,2026-09-17T12:14:00,74609.4,74614.6,74608.96,74611.93
1789627455,2026-09-17T12:14:15,74614.44,74620.91,74611.55,74613.04
1789627470,2026-09-17T12:14:30,74613.17,74618.71,74612.57,74613.04
1789627485,2026-09-17T12:14:45,74614.85,74617.61,74608.43,74609.74
1789627500,2026-09-17T12:15:00,74608.36,74614.88,74603.89,74614.2
1789627515,2026-09-17T12:15:15,74613.56,74614.12,74608.64,74611.22
1789627530,2026-09-17T12:15:30,74609.12,74609.37,74601.13,74601.13
1789627545,2026-09-17T12:15:45,74600.77,74601.83,74595.14,74601.83
1789627560,2026-09-17T12:16:00,74601.83,74602.76,74590.01,74599.13
1789627575,2026-09-17T12:16:15,74599.13,74600.32,74595.81,74600.32
1789627590,2026-09-17T12:16:30,74598.37,74599.92,74596.66,74596.66
1789627605,2026-09-17T12:16:45,74596.95,74605.69,74596.48,74605.69
1789627620,2026-09-17T12:17:00,74605.69,74609.05,74601.67,74609.05
1789627635,2026-09-17T12:17:15,74609.05,74622.15,74608.03,74622.15
1789627650,2026-09-17T12:17:30,74617.64,74621.15,74615.23,74621
1789627665,2026-09-17T12:17:45,74622.84,74629.74,74620.12,74625.63
1789627680,2026-09-17T12:18:00,74625.63,74630.14,74622.24,74630.14
1789627695,2026-09-17T12:18:15,74628.89,74633.73,74625.78,74633.73
1789627710,2026-09-17T12:18:30,74637.51,74644.56,74635.67,74636.66
1789627725,2026-09-17T12:18:45,74633.27,74635.94,74630.42,74633.44
1789627740,2026-09-17T12:19:00,74632.65,74636.25,74629.09,74635.32
1789627755,2026-09-17T12:19:15,74636.57,74636.82,74626.32,74626.32
1789627770,2026-09-17T12:19:30,74625.59,74632.4,74625.58,74631.72
1789627785,2026-09-17T12:19:45,74632.36,74633.97,74622.91,74622.91
1789627800,2026-09-17T12:20:00,74623.17,74630.61,74621.55,74627.01
1789627815,2026-09-17T12:20:15,74626.54,74627.24,74621.87,74627
1789627830,2026-09-17T12:20:30,74629.61,74632.75,74627.06,74627.06
1789627845,2026-09-17T12:20:45,74627.06,74632.35,74627.06,74631.16
1789627860,2026-09-17T12:21:00,74630.64,74632.39,74626.95,74627.33
1789627875,2026-09-17T12:21:15,74627.84,74630.42,74623.6,74623.6
1789627890,2026-09-17T12:21:30,74622.88,74632.53,74622.88,74627.11
1789627905,2026-09-17T12:21:45,74627.11,74627.11,74620.9,74620.9
1789627920,2026-09-17T12:22:00,74621.9,74624.18,74620.92,74624.18
1789627935,2026-09-17T12:22:15,74624.96,74631.78,74622.78,74631.78
1789627950,2026-09-17T12:22:30,74630.67,74642.35,74630.67,74640.16
1789627965,2026-09-17T12:22:45,74643.3,74648.52,74640.93,74648.52
1789627980,2026-09-17T12:23:00,74648.61,74670.21,74648.61,74670.21
1789627995,2026-09-17T12:23:15,74670.21,74672.66,74667.31,74667.31
1789628010,2026-09-17T12:23:30,74667.6,74672.86,74661,74670.34
1789628025,2026-09-17T12:23:45,74670.91,74675.78,74670.91,74673.44
1789628040,2026-09-17T12:24:00,74676.01,74676.31,74665.97,74665.97
1789628055,2026-09-17T12:24:15,74665.58,74665.58,74651.94,74654.36
1789628070,2026-09-17T12:24:30,74654.36,74657.82,74648.51,74649.38
1789628085,2026-09-17T12:24:45,74647.65,74655.98,74647.44,74652.15
1789628100,2026-09-17T12:25:00,74651.27,74651.27,74640.83,74648.99
1789628115,2026-09-17T12:25:15,74651.12,74651.12,74644.02,74650.74
1789628130,2026-09-17T12:25:30,74650.74,74654.81,74646.59,74649.11
1789628145,2026-09-17T12:25:45,74647.97,74650.63,74639.7,74640.3
1789628160,2026-09-17T12:26:00,74643.85,74644.45,74635.15,74637.54
1789628175,2026-09-17T12:26:15,74636.2,74636.2,74632.52,74635.39
1789628190,2026-09-17T12:26:30,74634.62,74634.62,74626.2,74628.34
1789628205,2026-09-17T12:26:45,74628.34,74629.99,74622.32,74622.32
1789628220,2026-09-17T12:27:00,74622.38,74624.48,74618.54,74624.48
1789628235,2026-09-17T12:27:15,74623.83,74625.29,74618.58,74619.01
1789628250,2026-09-17T12:27:30,74620.42,74623.83,74619.01,74621.49
1789628265,2026-09-17T12:27:45,74617.76,74622.11,74609.73,74616.92
1789628280,2026-09-17T12:28:00,74611.62,74614.62,74607.58,74612.7
1789628295,2026-09-17T12:28:15,74610.25,74615.67,74609.62,74611.42
1789628310,2026-09-17T12:28:30,74608.85,74622.97,74608.85,74622.97
1789628325,2026-09-17T12:28:45,74622.77,74622.92,74617.84,74619.66
1789628340,2026-09-17T12:29:00,74619.66,74621.2,74613.71,74621.13
1789628355,2026-09-17T12:29:15,74621.25,74621.53,74612.2,74614.38
1789628370,2026-09-17T12:29:30,74616.01,74622.64,74612.84,74614.69
1789628385,2026-09-17T12:29:45,74613.06,74615.21,74608.9,74615.21
1789628400,2026-09-17T12:30:00,74615.58,74617.61,74610.05,74610.3
1789628415,2026-09-17T12:30:15,74614.39,74621.5,74613.84,74615.81
1789628430,2026-09-17T12:30:30,74615.81,74624.21,74612.56,74622.35
1789628445,2026-09-17T12:30:45,74621,74621,74611.8,74611.8
1789628460,2026-09-17T12:31:00,74608.28,74612.13,74603.96,74605.06
1789628475,2026-09-17T12:31:15,74605.96,74605.96,74598.28,74602.41
1789628490,2026-09-17T12:31:30,74600.99,74601.83,74592.06,74593.76
1789628505,2026-09-17T12:31:45,74592.46,74600.32,74592.46,74599.53
1789628520,2026-09-17T12:32:00,74598.37,74598.63,74591.24,74591.55
1789628535,2026-09-17T12:32:15,74592.47,74600.01,74592.47,74598.82
1789628550,2026-09-17T12:32:30,74594.83,74602.3,74594.83,74601.63
1789628565,2026-09-17T12:32:45,74602.22,74604.23,74602.14,74603.02
1789628580,2026-09-17T12:33:00,74603.02,74609.09,74598.56,74607.52
1789628595,2026-09-17T12:33:15,74607.51,74610.32,74606.37,74606.37
1789628610,2026-09-17T12:33:30,74607.43,74611.97,74604.61,74608.12
1789628625,2026-09-17T12:33:45,74611.68,74616.14,74610.95,74616.14
1789628640,2026-09-17T12:34:00,74616.02,74617.44,74612.02,74612.03
1789628655,2026-09-17T12:34:15,74612.03,74614.03,74605.84,74614.03
1789628670,2026-09-17T12:34:30,74614.03,74614.8,74610.55,74611.24
1789628685,2026-09-17T12:34:45,74611.24,74611.24,74603.19,74604.56
1789628700,2026-09-17T12:35:00,74605.78,74607.48,74604.66,74604.66
1789628715,2026-09-17T12:35:15,74605.2,74619.87,74603.58,74618.78
1789628730,2026-09-17T12:35:30,74618.51,74621.05,74616.32,74621.05
1789628745,2026-09-17T12:35:45,74617.18,74624.04,74614.74,74623.33
1789628760,2026-09-17T12:36:00,74624.75,74630.24,74618.66,74630.24
1789628775,2026-09-17T12:36:15,74630.65,74637.14,74630.65,74632.87
1789628790,2026-09-17T12:36:30,74632.27,74634.99,74624.91,74624.91
1789628805,2026-09-17T12:36:45,74626.44,74631.54,74625.22,74629.58
1789628820,2026-09-17T12:37:00,74629.58,74638.81,74629.58,74638.81
1789628835,2026-09-17T12:37:15,74642.02,74644.83,74640.33,74644.35
1789628850,2026-09-17T12:37:30,74644.49,74649.07,74639.94,74645.92
1789628865,2026-09-17T12:37:45,74647.48,74650.46,74642.09,74650.46
1789628880,2026-09-17T12:38:00,74651.06,74657.48,74651.06,74657.48
1789628895,2026-09-17T12:38:15,74656.87,74657.71,74652.19,74652.19
1789628910,2026-09-17T12:38:30,74650.7,74660.66,74650.06,74660.37
1789628925,2026-09-17T12:38:45,74660.37,74662.49,74655.86,74656.55
1789628940,2026-09-17T12:39:00,74656.55,74656.55,74648.55,74651.52
1789628955,2026-09-17T12:39:15,74652.74,74657.13,74651.05,74651.05
1789628970,2026-09-17T12:39:30,74651.05,74654.92,74642.56,74644.15
1789628985,2026-09-17T12:39:45,74644.15,74649.81,74640.05,74649.81
1789629000,2026-09-17T12:40:00,74648.67,74652.41,74646.38,74652.41
1789629015,2026-09-17T12:40:15,74652.71,74653.04,74645.58,74649.15
1789629030,2026-09-17T12:40:30,74647.93,74651.51,74646.14,74650.51
1789629045,2026-09-17T12:40:45,74649.72,74649.72,74642.91,74643
1789629060,2026-09-17T12:41:00,74644.43,74649.25,74644.43,74646.39
1789629075,2026-09-17T12:41:15,74649.64,74649.64,74644.49,74646.09
1789629090,2026-09-17T12:41:30,74646.73,74654.07,74640.92,74649.78
1789629105,2026-09-17T12:41:45,74652.65,74654.13,74643.72,74650.18
1789629120,2026-09-17T12:42:00,74650.53,74655.29,74650.53,74653.32
1789629135,2026-09-17T12:42:15,74652.85,74654.21,74651.62,74652.5
1789629150,2026-09-17T12:42:30,74646.4,74653.01,74645.2,74645.2
1789629165,2026-09-17T12:42:45,74645.98,74653.22,74645.98,74652.24
1789629180,2026-09-17T12:43:00,74650.5,74655.58,74649.47,74649.47
1789629195,2026-09-17T12:43:15,74649.47,74649.9,74643.24,74644.84
1789629210,2026-09-17T12:43:30,74644.84,74650.94,74644.58,74650.94
1789629225,2026-09-17T12:43:45,74650.94,74650.94,74644.73,74644.73
1789629240,2026-09-17T12:44:00,74643.94,74644.53,74619.99,74619.99
1789629255,2026-09-17T12:44:15,74619.68,74619.68,74614.01,74615.73
1789629270,2026-09-17T12:44:30,74616.88,74618.4,74611.87,74618.02
1789629285,2026-09-17T12:44:45,74618.02,74618.02,74609.35,74613.45
1789629300,2026-09-17T12:45:00,74613.45,74622.2,74610,74622.2
1789629315,2026-09-17T12:45:15,74617.84,74622.83,74616.92,74622.83
1789629330,2026-09-17T12:45:30,74622.65,74622.65,74615.52,74619.69
1789629345,2026-09-17T12:45:45,74619.69,74620.83,74614.79,74614.79
1789629360,2026-09-17T12:46:00,74617.89,74620.63,74610.21,74610.21
1789629375,2026-09-17T12:46:15,74609.95,74614.22,74609.95,74612.86
1789629390,2026-09-17T12:46:30,74615.19,74618.41,74614.77,74615.59
1789629405,2026-09-17T12:46:45,74615.77,74618.67,74613.33,74613.33
1789629420,2026-09-17T12:47:00,74613.62,74618.44,74609.23,74609.69
1789629435,2026-09-17T12:47:15,74609.69,74612.2,74601.47,74604.99
1789629450,2026-09-17T12:47:30,74606.91,74606.91,74602.98,74606.05
1789629465,2026-09-17T12:47:45,74605.94,74610.93,74600.13,74600.13
1789629480,2026-09-17T12:48:00,74600.58,74602.34,74592.81,74596.65
1789629495,2026-09-17T12:48:15,74596.59,74597.07,74594.35,74594.4
1789629510,2026-09-17T12:48:30,74590.03,74596.48,74589.33,74595.65
1789629525,2026-09-17T12:48:45,74593.82,74593.82,74577.28,74577.28
1789629540,2026-09-17T12:49:00,74584.82,74586.01,74576.51,74580.7
1789629555,2026-09-17T12:49:15,74582.03,74582.12,74574.77,74579.85
1789629570,2026-09-17T12:49:30,74579.83,74580.48,74576.61,74578.78
1789629585,2026-09-17T12:49:45,74579.18,74585.03,74579.03,74579.03
1789629600,2026-09-17T12:50:00,74575.94,74580.47,74575.69,74579.35
1789629615,2026-09-17T12:50:15,74575.41,74582.82,74573.5,74573.5
1789629630,2026-09-17T12:50:30,74569.31,74579.87,74569.31,74579.87
1789629645,2026-09-17T12:50:45,74579.77,74582.35,74578.17,74579.47
1789629660,2026-09-17T12:51:00,74579.47,74592.02,74579.47,74591.61
1789629675,2026-09-17T12:51:15,74591.61,74599.47,74589.6,74599.47
1789629690,2026-09-17T12:51:30,74599.47,74602,74583.25,74583.25
1789629705,2026-09-17T12:51:45,74583.25,74590.59,74581.17,74586.12
1789629720,2026-09-17T12:52:00,74586.12,74589.46,74583.53,74585.03
1789629735,2026-09-17T12:52:15,74585.03,74595.24,74582.55,74595.24
1789629750,2026-09-17T12:52:30,74597.21,74600.45,74591.52,74596.93
1789629765,2026-09-17T12:52:45,74596.78,74596.89,74588.18,74588.18
1789629780,2026-09-17T12:53:00,74590.79,74600.38,74586.93,74593.46
1789629795,2026-09-17T12:53:15,74600.18,74600.91,74592.23,74600.68
1789629810,2026-09-17T12:53:30,74601.73,74609.72,74597.89,74609.72
1789629825,2026-09-17T12:53:45,74609.72,74609.8,74603.16,74608.42
1789629840,2026-09-17T12:54:00,74607.97,74614.18,74607.1,74607.1
1789629855,2026-09-17T12:54:15,74608.55,74617.44,74608.55,74614.41
1789629870,2026-09-17T12:54:30,74617.06,74617.06,74606.86,74612.11
1789629885,2026-09-17T12:54:45,74609.97,74614,74609.4,74610.64
1789629900,2026-09-17T12:55:00,74610.64,74610.64,74597.42,74597.77
1789629915,2026-09-17T12:55:15,74595.58,74598.32,74590.16,74591.17
1789629930,2026-09-17T12:55:30,74591.17,74594.81,74586.22,74586.22
1789629945,2026-09-17T12:55:45,74584.91,74591.81,74584,74588.45
1789629960,2026-09-17T12:56:00,74588.01,74592.21,74586.27,74590.34
1789629975,2026-09-17T12:56:15,74590.77,74596.36,74588.6,74588.6
1789629990,2026-09-17T12:56:30,74582.88,74593.77,74582.76,74593.01
1789630005,2026-09-17T12:56:45,74593.36,74593.94,74580.3,74580.3
1789630020,2026-09-17T12:57:00,74580.3,74585.97,74576.08,74585.97
1789630035,2026-09-17T12:57:15,74586.94,74587.64,74583.61,74583.61
1789630050,2026-09-17T12:57:30,74584.2,74584.2,74575.74,74577.31
1789630065,2026-09-17T12:57:45,74575.98,74583.06,74573.72,74581.97
1789630080,2026-09-17T12:58:00,74581.89,74603.87,74581.89,74603.7
1789630095,2026-09-17T12:58:15,74604.25,74605.56,74603.93,74603.93
1789630110,2026-09-17T12:58:30,74601.02,74605.97,74598.23,74600.02
1789630125,2026-09-17T12:58:45,74599.5,74599.5,74588.88,74588.88
1789630140,2026-09-17T12:59:00,74589.17,74598.31,74588.29,74597.48
1789630155,2026-09-17T12:59:15,74598.29,74600.83,74595.18,74595.18
1789630170,2026-09-17T12:59:30,74594.62,74598.87,74591.21,74596.08
1789630185,2026-09-17T12:59:45,74596.25,74599.47,74595.8,74598.68
1789630200,2026-09-17T13:00:00,74598.68,74598.68,74592.8,74592.8
1789630215,2026-09-17T13:00:15,74591.98,74596.87,74588.42,74596.04
1789630230,2026-09-17T13:00:30,74596.63,74597.68,74591.58,74594.67
1789630245,2026-09-17T13:00:45,74598.84,74604.12,74598.84,74604.12
1789630260,2026-09-17T13:01:00,74605.32,74608.4,74602.91,74604.63
1789630275,2026-09-17T13:01:15,74605.18,74611.67,74604.06,74611.67
1789630290,2026-09-17T13:01:30,74611.67,74612.36,74600.77,74601.34
1789630305,2026-09-17T13:01:45,74603.07,74603.07,74592.75,74592.75
1789630320,2026-09-17T13:02:00,74593.64,74593.64,74582.38,74582.38
1789630335,2026-09-17T13:02:15,74582.38,74584.84,74581.03,74584.29
1789630350,2026-09-17T13:02:30,74579.76,74582.56,74577.23,74577.23
1789630365,2026-09-17T13:02:45,74576.12,74589.04,74576.12,74588.73
1789630380,2026-09-17T13:03:00,74592.7,74593.28,74589.94,74591.98
1789630395,2026-09-17T13:03:15,74591.98,74596.61,74590.49,74594.17
1789630410,2026-09-17T13:03:30,74595.8,74596.81,74590.4,74590.4
1789630425,2026-09-17T13:03:45,74585.9,74590.48,74582.51,74584.15
1789630440,2026-09-17T13:04:00,74584.17,74584.17,74573.7,74574.34
1789630455,2026-09-17T13:04:15,74574.34,74576.2,74569.16,74569.16
1789630470,2026-09-17T13:04:30,74568.65,74569.98,74558.28,74563.76
1789630485,2026-09-17T13:04:45,74563.76,74563.76,74547.23,74547.23
1789630500,2026-09-17T13:05:00,74549.08,74558.96,74549.08,74555.61
1789630515,2026-09-17T13:05:15,74560.14,74560.29,74558.08,74560.29
1789630530,2026-09-17T13:05:30,74561.02,74563.17,74555.31,74557.44
1789630545,2026-09-17T13:05:45,74558.51,74563.91,74557.08,74557.82
1789630560,2026-09-17T13:06:00,74557.25,74562.65,74556.06,74561.3
1789630575,2026-09-17T13:06:15,74561.08,74561.08,74548.16,74554.17
1789630590,2026-09-17T13:06:30,74553.76,74553.76,74545.46,74545.46
1789630605,2026-09-17T13:06:45,74544.63,74546.73,74539.33,74539.92
1789630620,2026-09-17T13:07:00,74539.92,74541.72,74538.32,74540.8
1789630635,2026-09-17T13:07:15,74540.8,74540.8,74536.42,74537.99
1789630650,2026-09-17T13:07:30,74538.5,74540.11,74534.84,74536.29
1789630665,2026-09-17T13:07:45,74534.01,74536.58,74528.83,74535.32
1789630680,2026-09-17T13:08:00,74536.39,74538,74532.15,74532.15
1789630695,2026-09-17T13:08:15,74532.63,74539.62,74530.06,74536.06
1789630710,2026-09-17T13:08:30,74535.76,74537.98,74524.8,74524.8
1789630725,2026-09-17T13:08:45,74531.66,74541.69,74531.58,74537.19
1789630740,2026-09-17T13:09:00,74537.5,74541.76,74537.07,74541.31
1789630755,2026-09-17T13:09:15,74540.9,74542.82,74538.63,74542.45
1789630770,2026-09-17T13:09:30,74542.45,74552.26,74542.45,74545.22
1789630785,2026-09-17T13:09:45,74545.22,74554.94,74544.52,74551.45
1789630800,2026-09-17T13:10:00,74552.4,74552.81,74545.33,74550.66
1789630815,2026-09-17T13:10:15,74549.61,74554.48,74549.61,74553.38
1789630830,2026-09-17T13:10:30,74551.31,74556.3,74550.9,74552.63
1789630845,2026-09-17T13:10:45,74552.63,74553.96,74548.15,74548.58
1789630860,2026-09-17T13:11:00,74550.74,74550.74,74543.71,74547.05
1789630875,2026-09-17T13:11:15,74547.26,74547.86,74545.27,74547.4
1789630890,2026-09-17T13:11:30,74547.27,74549.28,74544.4,74545.29
1789630905,2026-09-17T13:11:45,74546.24,74552.3,74546.08,74546.08
1789630920,2026-09-17T13:12:00,74547.36,74549.04,74540.7,74546.96
1789630935,2026-09-17T13:12:15,74546.96,74552.5,74546.4,74549
1789630950,2026-09-17T13:12:30,74548.98,74552.7,74548.54,74549.21
1789630965,2026-09-17T13:12:45,74551.9,74555.1,74549.26,74555.1
1789630980,2026-09-17T13:13:00,74555.05,74555.05,74548.67,74551.38
1789630995,2026-09-17T13:13:15,74551.15,74551.15,74546.12,74547.32
1789631010,2026-09-17T13:13:30,74547.1,74550.32,74546.59,74546.59
1789631025,2026-09-17T13:13:45,74542.96,74548.34,74542.96,74547.05
1789631040,2026-09-17T13:14:00,74546.15,74548.32,74544.93,74545.28
1789631055,2026-09-17T13:14:15,74543.7,74544.84,74535.52,74537.8
1789631070,2026-09-17T13:14:30,74539.42,74543.81,74535.75,74543.81
1789631085,2026-09-17T13:14:45,74543.81,74543.81,74538.2,74540.67
1789631100,2026-09-17T13:15:00,74539.59,74543.53,74535.8,74535.8
1789631115,2026-09-17T13:15:15,74535.27,74537.3,74532.5,74532.5
1789631130,2026-09-17T13:15:30,74532.54,74533.61,74522.32,74527.05
1789631145,2026-09-17T13:15:45,74526.29,74531.72,74526.29,74530.46
1789631160,2026-09-17T13:16:00,74528.64,74532.74,74526.89,74526.89
1789631175,2026-09-17T13:16:15,74528.84,74532.97,74528.03,74528.03
1789631190,2026-09-17T13:16:30,74530.04,74541.38,74529.13,74540.05
1789631205,2026-09-17T13:16:45,74539.17,74544.54,74536.88,74536.88
1789631220,2026-09-17T13:17:00,74538.8,74546.33,74533.64,74533.64
1789631235,2026-09-17T13:17:15,74534.48,74539,74528.69,74528.69
1789631250,2026-09-17T13:17:30,74529.74,74529.74,74523.32,74527.12
1789631265,2026-09-17T13:17:45,74527.03,74527.05,74517.76,74520.18
1789631280,2026-09-17T13:18:00,74520.18,74521.96,74517.36,74518.9
1789631295,2026-09-17T13:18:15,74519.26,74526.48,74517,74521.85
1789631310,2026-09-17T13:18:30,74522.02,74531.65,74521.24,74524.88
1789631325,2026-09-17T13:18:45,74524.22,74524.22,74516.1,74522.86
1789631340,2026-09-17T13:19:00,74522.41,74531.14,74522.41,74531.14
1789631355,2026-09-17T13:19:15,74531.2,74533.22,74527.41,74531.01
1789631370,2026-09-17T13:19:30,74531.01,74532.66,74527.12,74530.92
1789631385,2026-09-17T13:19:45,74530.92,74532.62,74526.36,74532.62
1789631400,2026-09-17T13:20:00,74531.71,74535.92,74526.1,74526.1
1789631415,2026-09-17T13:20:15,74530.45,74531.25,74519.57,74519.57
1789631430,2026-09-17T13:20:30,74519.57,74527.47,74519.57,74527.47
1789631445,2026-09-17T13:20:45,74527.47,74531.8,74527.47,74530.69
1789631460,2026-09-17T13:21:00,74530.23,74538.02,74525.36,74538.02
1789631475,2026-09-17T13:21:15,74538.28,74538.89,74526.19,74537.1
1789631490,2026-09-17T13:21:30,74540.51,74548.7,74539.12,74548.7
1789631505,2026-09-17T13:21:45,74548.7,74548.7,74538.66,74546.7
1789631520,2026-09-17T13:22:00,74546.7,74548.75,74540.28,74546.79
1789631535,2026-09-17T13:22:15,74546.79,74546.79,74538.35,74543.18
1789631550,2026-09-17T13:22:30,74542.67,74542.67,74533.69,74534.74
1789631565,2026-09-17T13:22:45,74533.22,74533.22,74522.08,74524.64
1789631580,2026-09-17T13:23:00,74524.64,74525.95,74520.61,74522.13
1789631595,2026-09-17T13:23:15,74520.91,74522.18,74515.58,74517.08
1789631610,2026-09-17T13:23:30,74516.77,74526.74,74513.86,74514.76
1789631625,2026-09-17T13:23:45,74515.07,74519.72,74513.5,74519.22
1789631640,2026-09-17T13:24:00,74519.22,74519.22,74509.56,74512.61
1789631655,2026-09-17T13:24:15,74513.94,74519.35,74513.94,74514.05
1789631670,2026-09-17T13:24:30,74514.05,74522.26,74511.62,74521.47
1789631685,2026-09-17T13:24:45,74521.47,74522.68,74505.55,74511.64
1789631700,2026-09-17T13:25:00,74509.64,74510.1,74496.23,74496.23
1789631715,2026-09-17T13:25:15,74501.28,74501.28,74474.19,74475.32
1789631730,2026-09-17T13:25:30,74474.51,74475.86,74464.65,74464.65
1789631745,2026-09-17T13:25:45,74464.2,74471.36,74464.2,74471.36
1789631760,2026-09-17T13:26:00,74463.12,74464.2,74459.82,74463.24
1789631775,2026-09-17T13:26:15,74463.24,74463.88,74454.65,74461.91
1789631790,2026-09-17T13:26:30,74461.91,74465.77,74457.04,74457.04
1789631805,2026-09-17T13:26:45,74458.09,74458.49,74450.38,74450.38
1789631820,2026-09-17T13:27:00,74450.67,74450.67,74417.01,74417.01
1789631835,2026-09-17T13:27:15,74417.52,74418.3,74404.38,74404.38
1789631850,2026-09-17T13:27:30,74403.89,74405.09,74390.18,74393.5
1789631865,2026-09-17T13:27:45,74393.89,74395.21,74384.64,74384.64
1789631880,2026-09-17T13:28:00,74382.31,74390.98,74382.31,74385.03
1789631895,2026-09-17T13:28:15,74382.12,74382.12,74362.97,74378.83
1789631910,2026-09-17T13:28:30,74378.49,74397.61,74378.49,74397.61
1789631925,2026-09-17T13:28:45,74392.34,74392.49,74373.19,74373.19
1789631940,2026-09-17T13:29:00,74372.98,74378.87,74372.78,74372.78
1789631955,2026-09-17T13:29:15,74372.78,74372.78,74366.15,74366.15
1789631970,2026-09-17T13:29:30,74367.86,74369.93,74363.04,74365.99
1789631985,2026-09-17T13:29:45,74365.99,74369.63,74358.95,74363.86
1789632000,2026-09-17T13:30:00,74360.57,74360.57,74324.41,74324.81
1789632015,2026-09-17T13:30:15,74328.39,74332.83,74324.15,74329.59
1789632030,2026-09-17T13:30:30,74328.69,74331.89,74320.88,74328.22
1789632045,2026-09-17T13:30:45,74330.51,74336.94,74324.43,74336.94
1789632060,2026-09-17T13:31:00,74335.62,74346.51,74333.93,74345.8
1789632075,2026-09-17T13:31:15,74346.55,74350.95,74344.65,74348.63
1789632090,2026-09-17T13:31:30,74349.76,74351.15,74344.73,74345.64
1789632105,2026-09-17T13:31:45,74344.7,74347.25,74337.96,74342.96
1789632120,2026-09-17T13:32:00,74343.45,74345.22,74339,74340.69
1789632135,2026-09-17T13:32:15,74340.73,74351.28,74336.87,74348.33
1789632150,2026-09-17T13:32:30,74348.11,74350.26,74342.88,74347.67
1789632165,2026-09-17T13:32:45,74347.67,74351.61,74341.95,74344.36
1789632180,2026-09-17T13:33:00,74344.68,74350.1,74342.66,74346.37
1789632195,2026-09-17T13:33:15,74343.78,74346.31,74333.91,74336.07
1789632210,2026-09-17T13:33:30,74330.14,74332.71,74325.78,74328.85
1789632225,2026-09-17T13:33:45,74328.56,74330.23,74323.38,74325.2
1789632240,2026-09-17T13:34:00,74325.2,74325.64,74320.46,74321.78
1789632255,2026-09-17T13:34:15,74322.74,74324.2,74317.46,74324.2
1789632270,2026-09-17T13:34:30,74327.38,74337.2,74327.38,74335.6
1789632285,2026-09-17T13:34:45,74336.37,74336.37,74331.56,74331.9
1789632300,2026-09-17T13:35:00,74330.46,74334.02,74298.97,74298.97
1789632315,2026-09-17T13:35:15,74296.85,74299.25,74296.6,74296.66
1789632330,2026-09-17T13:35:30,74294.89,74314.63,74294.89,74314.63
1789632345,2026-09-17T13:35:45,74315.56,74317.89,74309.93,74309.93
1789632360,2026-09-17T13:36:00,74309.93,74315.06,74295.48,74295.48
1789632375,2026-09-17T13:36:15,74296.07,74298.81,74291.27,74291.27
1789632390,2026-09-17T13:36:30,74292.11,74300.04,74292.11,74294.03
1789632405,2026-09-17T13:36:45,74294.03,74301.05,74294.03,74301.05
1789632420,2026-09-17T13:37:00,74295.05,74299.93,74294.01,74299.93
1789632435,2026-09-17T13:37:15,74299.93,74307.77,74298.02,74307.77
1789632450,2026-09-17T13:37:30,74311.39,74323.88,74311.39,74323.51
1789632465,2026-09-17T13:37:45,74323.95,74324.03,74314.15,74319.38
1789632480,2026-09-17T13:38:00,74319.18,74323.3,74318.06,74322.72
1789632495,2026-09-17T13:38:15,74319.3,74322.31,74314.78,74320.86
1789632510,2026-09-17T13:38:30,74320.14,74324.53,74319.4,74319.47
1789632525,2026-09-17T13:38:45,74318.75,74324.47,74318.75,74324.47
1789632540,2026-09-17T13:39:00,74325.67,74332.41,74323.84,74331.49
1789632555,2026-09-17T13:39:15,74329.49,74335.59,74329.48,74335.59
1789632570,2026-09-17T13:39:30,74329.91,74338.81,74329.91,74338.38
1789632585,2026-09-17T13:39:45,74338.62,74346.89,74338,74343.05
1789632600,2026-09-17T13:40:00,74342.85,74350.53,74340.27,74350.53
1789632615,2026-09-17T13:40:15,74352.35,74364.15,74350.27,74360.32
1789632630,2026-09-17T13:40:30,74359.97,74363.88,74357.74,74360.33
1789632645,2026-09-17T13:40:45,74361.77,74366.42,74360.08,74363.45
1789632660,2026-09-17T13:41:00,74363.14,74372.94,74361.92,74371.22
1789632675,2026-09-17T13:41:15,74371.63,74372.11,74356.54,74372.11
1789632690,2026-09-17T13:41:30,74373.22,74395.18,74373.22,74394.67
1789632705,2026-09-17T13:41:45,74394.9,74401.24,74394.9,74400.97
1789632720,2026-09-17T13:42:00,74400.44,74401.75,74387.98,74388.44
1789632735,2026-09-17T13:42:15,74386.45,74386.45,74369.27,74372.26
1789632750,2026-09-17T13:42:30,74370.28,74373.98,74366.98,74368.97
1789632765,2026-09-17T13:42:45,74368.97,74370.51,74362.32,74366.04
1789632780,2026-09-17T13:43:00,74364.55,74371.49,74364.55,74367.89
1789632795,2026-09-17T13:43:15,74372.74,74373.62,74366.6,74367.85
1789632810,2026-09-17T13:43:30,74367.85,74367.85,74364.03,74367.1
1789632825,2026-09-17T13:43:45,74367.1,74370.33,74364.23,74365.76
1789632840,2026-09-17T13:44:00,74365.79,74373.84,74363.95,74373.43
1789632855,2026-09-17T13:44:15,74374.06,74374.17,74368.82,74368.82
1789632870,2026-09-17T13:44:30,74361.9,74361.9,74350.92,74350.92
1789632885,2026-09-17T13:44:45,74351.61,74352.24,74348.71,74350.26
1789632900,2026-09-17T13:45:00,74349.92,74356.66,74349.54,74349.54
1789632915,2026-09-17T13:45:15,74348.95,74349.27,74345.32,74349.27
1789632930,2026-09-17T13:45:30,74348.98,74357.22,74348.98,74354.84
1789632945,2026-09-17T13:45:45,74354.84,74364.39,74353.47,74364.39
1789632960,2026-09-17T13:46:00,74365.15,74367.64,74363.58,74364.99
1789632975,2026-09-17T13:46:15,74366.13,74373.5,74365.83,74372.57
1789632990,2026-09-17T13:46:30,74373.02,74379.52,74369.96,74375.48
1789633005,2026-09-17T13:46:45,74377.26,74377.26,74368.62,74369.7
1789633020,2026-09-17T13:47:00,74368.28,74381.06,74368.28,74380.1
1789633035,2026-09-17T13:47:15,74380.1,74385.57,74377.39,74377.8
1789633050,2026-09-17T13:47:30,74377.8,74378.93,74370.96,74377.32
1789633065,2026-09-17T13:47:45,74376.43,74384.77,74376.43,74382.57
1789633080,2026-09-17T13:48:00,74382.8,74387.18,74381.22,74385.79
1789633095,2026-09-17T13:48:15,74381.54,74384.79,74377.96,74378.87
1789633110,2026-09-17T13:48:30,74377.11,74380.01,74373.98,74373.98
1789633125,2026-09-17T13:48:45,74373.49,74374.74,74364.73,74364.73
1789633140,2026-09-17T13:49:00,74364.38,74369.18,74364.38,74368.49
1789633155,2026-09-17T13:49:15,74369.18,74373.32,74367.18,74371.34
1789633170,2026-09-17T13:49:30,74371.23,74371.87,74361.24,74362.5
1789633185,2026-09-17T13:49:45,74360.78,74365.82,74360.18,74360.18
1789633200,2026-09-17T13:50:00,74360.18,74364.51,74358.2,74362.22
1789633215,2026-09-17T13:50:15,74360.98,74365.33,74360.88,74365.28
1789633230,2026-09-17T13:50:30,74362.73,74372.13,74361.61,74371.22
1789633245,2026-09-17T13:50:45,74370.44,74375.82,74370.44,74375.4
1789633260,2026-09-17T13:51:00,74375.86,74379.59,74375.64,74375.64
1789633275,2026-09-17T13:51:15,74376.7,74378.36,74372.86,74372.86
1789633290,2026-09-17T13:51:30,74373.98,74376.61,74369.94,74372.97
1789633305,2026-09-17T13:51:45,74373.61,74373.85,74368.08,74368.94
1789633320,2026-09-17T13:52:00,74369.58,74388.17,74369.58,74388.17
1789633335,2026-09-17T13:52:15,74392.73,74392.73,74387.03,74388.57
1789633350,2026-09-17T13:52:30,74386.2,74386.2,74375.04,74377.46
1789633365,2026-09-17T13:52:45,74379.65,74385.12,74375.18,74378.64
1789633380,2026-09-17T13:53:00,74379.24,74379.24,74374.51,74374.51
1789633395,2026-09-17T13:53:15,74374.51,74374.51,74358.22,74358.22
1789633410,2026-09-17T13:53:30,74358.22,74365.61,74356.14,74364.42
1789633425,2026-09-17T13:53:45,74363.93,74366.73,74361.44,74365.58
1789633440,2026-09-17T13:54:00,74366.11,74366.11,74347.01,74347.19
1789633455,2026-09-17T13:54:15,74349.83,74352.61,74340.28,74352.61
1789633470,2026-09-17T13:54:30,74353.68,74364.47,74351.15,74364.47
1789633485,2026-09-17T13:54:45,74360.61,74366.84,74360.31,74366.84
1789633500,2026-09-17T13:55:00,74367.49,74367.95,74360.59,74360.59
1789633515,2026-09-17T13:55:15,74361.85,74363.64,74359.17,74362.77
1789633530,2026-09-17T13:55:30,74362.29,74362.29,74358.33,74358.33
1789633545,2026-09-17T13:55:45,74358.37,74367.05,74356.69,74358.06
1789633560,2026-09-17T13:56:00,74358.91,74368.23,74357.84,74365.09
1789633575,2026-09-17T13:56:15,74367.25,74370.97,74352.28,74353.55
1789633590,2026-09-17T13:56:30,74353,74367.29,74353,74367.29
1789633605,2026-09-17T13:56:45,74365.55,74367.31,74361.2,74361.2
1789633620,2026-09-17T13:57:00,74365.74,74369.5,74363.11,74368.65
1789633635,2026-09-17T13:57:15,74368.51,74368.51,74363.97,74367.19
1789633650,2026-09-17T13:57:30,74367.19,74369.74,74363.31,74368.29
1789633665,2026-09-17T13:57:45,74370.94,74371.52,74365.2,74367.43
1789633680,2026-09-17T13:58:00,74368.94,74376.09,74366.79,74376.09
1789633695,2026-09-17T13:58:15,74373.32,74380.26,74370.43,74370.43
1789633710,2026-09-17T13:58:30,74372.94,74376.3,74372.84,74374.93
1789633725,2026-09-17T13:58:45,74374.78,74381.28,74374.37,74377.9
1789633740,2026-09-17T13:59:00,74380.45,74384.5,74380.45,74382.96
1789633755,2026-09-17T13:59:15,74382.96,74382.96,74367.12,74372.74
1789633770,2026-09-17T13:59:30,74372.39,74379.03,74372.39,74373.33
1789633785,2026-09-17T13:59:45,74370.46,74375.41,74364.79,74364.79
1789633800,2026-09-17T14:00:00,74365.57,74367.54,74354.88,74356.38
1789633815,2026-09-17T14:00:15,74356.38,74360.88,74350.99,74354.62
1789633830,2026-09-17T14:00:30,74355.02,74364.45,74351.82,74355.19
1789633845,2026-09-17T14:00:45,74354.45,74361.35,74352.44,74358.16
1789633860,2026-09-17T14:01:00,74356.47,74362.5,74354.44,74354.44
1789633875,2026-09-17T14:01:15,74355.39,74372.62,74354.27,74371.34
1789633890,2026-09-17T14:01:30,74372.69,74375.11,74367.9,74372.12
1789633905,2026-09-17T14:01:45,74367.77,74377.8,74367.77,74375
1789633920,2026-09-17T14:02:00,74374.17,74377.52,74365.94,74365.94
1789633935,2026-09-17T14:02:15,74365.94,74370.29,74361.88,74364.83
1789633950,2026-09-17T14:02:30,74360.3,74365.86,74358.3,74360.5
1789633965,2026-09-17T14:02:45,74362.16,74362.38,74356.61,74356.61
1789633980,2026-09-17T14:03:00,74356.78,74356.78,74350.24,74354.96
1789633995,2026-09-17T14:03:15,74354.08,74360.04,74354.08,74359.09
1789634010,2026-09-17T14:03:30,74358.71,74362.32,74356.83,74358.17
1789634025,2026-09-17T14:03:45,74358.18,74365.66,74358.18,74365.08
1789634040,2026-09-17T14:04:00,74364.43,74368.66,74362.61,74368.32
1789634055,2026-09-17T14:04:15,74367.79,74371.14,74364.03,74366.89
1789634070,2026-09-17T14:04:30,74371.73,74375.87,74368.12,74375.09
1789634085,2026-09-17T14:04:45,74375.09,74386.41,74375.09,74382.16
1789634100,2026-09-17T14:05:00,74385.26,74386.42,74379.05,74379.42
1789634115,2026-09-17T14:05:15,74382.48,74382.85,74377.9,74378.25
1789634130,2026-09-17T14:05:30,74379.96,74384.93,74379.96,74383.03
1789634145,2026-09-17T14:05:45,74383.32,74387.18,74379.99,74383.56
1789634160,2026-09-17T14:06:00,74383.56,74391.18,74383.56,74386.68
1789634175,2026-09-17T14:06:15,74388.7,74389.75,74372.48,74376.15
1789634190,2026-09-17T14:06:30,74373.34,74383.33,74366.67,74366.67
1789634205,2026-09-17T14:06:45,74367.32,74382.24,74367.32,74381.81
1789634220,2026-09-17T14:07:00,74374.08,74393.28,74374.08,74392.85
1789634235,2026-09-17T14:07:15,74392.25,74394.82,74387.62,74394.82
1789634250,2026-09-17T14:07:30,74392.74,74403.37,74392.74,74403.37
1789634265,2026-09-17T14:07:45,74403.26,74411.27,74403.26,74410.28
1789634280,2026-09-17T14:08:00,74410.28,74418.64,74409.25,74418.64
1789634295,2026-09-17T14:08:15,74419.88,74427.97,74419.88,74423.54
1789634310,2026-09-17T14:08:30,74423.78,74426.06,74414.1,74420.13
1789634325,2026-09-17T14:08:45,74418.46,74418.46,74406.84,74412.89
1789634340,2026-09-17T14:09:00,74412.25,74413.24,74404.28,74407.93
1789634355,2026-09-17T14:09:15,74407.89,74408.46,74380.7,74383.23
1789634370,2026-09-17T14:09:30,74377.49,74380.49,74368.78,74374.26
1789634385,2026-09-17T14:09:45,74373.73,74395.36,74373.73,74395.36
1789634400,2026-09-17T14:10:00,74395.36,74402.22,74394,74394
1789634415,2026-09-17T14:10:15,74394,74408.87,74394,74407.24
1789634430,2026-09-17T14:10:30,74407.88,74431.55,74407.88,74431.55
1789634445,2026-09-17T14:10:45,74436.12,74441.65,74432.41,74438.4
1789634460,2026-09-17T14:11:00,74439.41,74440.28,74415.53,74415.77
1789634475,2026-09-17T14:11:15,74416.87,74417.61,74409.15,74409.15
1789634490,2026-09-17T14:11:30,74408.27,74408.27,74398.89,74400.7
1789634505,2026-09-17T14:11:45,74400.7,74406.44,74394.3,74394.3
1789634520,2026-09-17T14:12:00,74400.86,74402.51,74395.87,74398.44
1789634535,2026-09-17T14:12:15,74398.44,74400.61,74394.1,74400.61
1789634550,2026-09-17T14:12:30,74400.54,74404.64,74400.41,74404.64
1789634565,2026-09-17T14:12:45,74405.19,74407.73,74398.97,74398.97
1789634580,2026-09-17T14:13:00,74403.53,74403.53,74394.59,74401.32
1789634595,2026-09-17T14:13:15,74402.85,74405.86,74400.35,74405.75
1789634610,2026-09-17T14:13:30,74404.33,74411.04,74404.33,74404.73
1789634625,2026-09-17T14:13:45,74404.62,74407.95,74402.58,74406.47
1789634640,2026-09-17T14:14:00,74407.04,74409.23,74401.14,74408.71
1789634655,2026-09-17T14:14:15,74408.02,74412.64,74408.02,74410.16
1789634670,2026-09-17T14:14:30,74409.35,74413.26,74408.23,74413.26
1789634685,2026-09-17T14:14:45,74411.95,74411.95,74407.5,74410.58
1789634700,2026-09-17T14:15:00,74402.29,74409.5,74400.89,74409.5
1789634715,2026-09-17T14:15:15,74407,74409.98,74406,74407.78
1789634730,2026-09-17T14:15:30,74408.31,74408.33,74399.88,74405.41
1789634745,2026-09-17T14:15:45,74404.27,74410.52,74403.84,74408.08
1789634760,2026-09-17T14:16:00,74405.82,74405.82,74393.8,74394.68
1789634775,2026-09-17T14:16:15,74394.5,74397.7,74392.31,74396.56
1789634790,2026-09-17T14:16:30,74390.43,74393.55,74385.51,74386.83
1789634805,2026-09-17T14:16:45,74387.21,74389.53,74376.68,74376.68
1789634820,2026-09-17T14:17:00,74376.23,74383.09,74375.63,74381.76
1789634835,2026-09-17T14:17:15,74383.47,74386.89,74375.18,74375.18
1789634850,2026-09-17T14:17:30,74375.78,74376.54,74371.42,74372.6
1789634865,2026-09-17T14:17:45,74372.6,74385.59,74372.6,74385.59
1789634880,2026-09-17T14:18:00,74386.06,74397.02,74385.97,74397.02
1789634895,2026-09-17T14:18:15,74397.02,74406.66,74397.02,74403.93
1789634910,2026-09-17T14:18:30,74403.17,74409.32,74403.1,74409.32
1789634925,2026-09-17T14:18:45,74409.32,74416.66,74409.32,74415.48
1789634940,2026-09-17T14:19:00,74415.48,74418.38,74414.65,74418.38
1789634955,2026-09-17T14:19:15,74419.27,74425.31,74414.23,74425.27
1789634970,2026-09-17T14:19:30,74425.92,74431.86,74424.38,74425.53
1789634985,2026-09-17T14:19:45,74426.68,74426.84,74420.95,74422.64
1789635000,2026-09-17T14:20:00,74420.62,74421.33,74415.62,74415.92
1789635015,2026-09-17T14:20:15,74417.14,74417.14,74411.02,74411.67
1789635030,2026-09-17T14:20:30,74416.17,74418.45,74412.13,74412.5
1789635045,2026-09-17T14:20:45,74412.5,74421.69,74412.5,74421.39
1789635060,2026-09-17T14:21:00,74421.39,74426.99,74419.31,74426.99
1789635075,2026-09-17T14:21:15,74426.99,74431.17,74423.25,74431.17
1789635090,2026-09-17T14:21:30,74431.86,74433.34,74421.26,74421.26
1789635105,2026-09-17T14:21:45,74420.65,74430.9,74420.65,74430.9
1789635120,2026-09-17T14:22:00,74430.3,74434,74427.44,74434
1789635135,2026-09-17T14:22:15,74437.66,74444.91,74437.66,74439.94
1789635150,2026-09-17T14:22:30,74437.82,74440.92,74431.19,74432.04
1789635165,2026-09-17T14:22:45,74431.02,74443,74431.02,74443
1789635180,2026-09-17T14:23:00,74443,74445.17,74434.92,74434.92
1789635195,2026-09-17T14:23:15,74437.77,74437.77,74431.78,74434.78
1789635210,2026-09-17T14:23:30,74437.01,74437.01,74428.56,74433.73
1789635225,2026-09-17T14:23:45,74433.62,74437.14,74432.98,74437.14
1789635240,2026-09-17T14:24:00,74435.97,74437.91,74432.97,74436.15
1789635255,2026-09-17T14:24:15,74433.51,74437,74430.44,74430.44
1789635270,2026-09-17T14:24:30,74435.43,74439.75,74431.74,74435.19
1789635285,2026-09-17T14:24:45,74436.22,74437.72,74428.29,74428.29
1789635300,2026-09-17T14:25:00,74428.28,74428.28,74416.17,74416.64
1789635315,2026-09-17T14:25:15,74419.11,74420.42,74406.91,74406.91
1789635330,2026-09-17T14:25:30,74407.52,74416.42,74407.33,74416.42
1789635345,2026-09-17T14:25:45,74414.42,74415.67,74408.92,74412.94
1789635360,2026-09-17T14:26:00,74412.18,74412.18,74397.44,74398.99
1789635375,2026-09-17T14:26:15,74399.46,74399.46,74394.66,74395.31
1789635390,2026-09-17T14:26:30,74397.7,74399.74,74393.2,74395.66
1789635405,2026-09-17T14:26:45,74395.61,74398.75,74385.84,74391.03
1789635420,2026-09-17T14:27:00,74395.61,74399.04,74390.32,74392.29
1789635435,2026-09-17T14:27:15,74393.57,74402.35,74393.57,74398.44
1789635450,2026-09-17T14:27:30,74399.18,74401.71,74390.05,74398.2
1789635465,2026-09-17T14:27:45,74397.8,74399.25,74386.17,74386.17
1789635480,2026-09-17T14:28:00,74390.03,74390.18,74378.61,74386.62
1789635495,2026-09-17T14:28:15,74386.52,74391.59,74383.81,74388.71
1789635510,2026-09-17T14:28:30,74385.03,74385.28,74370.64,74370.64
1789635525,2026-09-17T14:28:45,74370.64,74377.34,74369.07,74376.96
1789635540,2026-09-17T14:29:00,74379.11,74382.29,74376.14,74382.29
1789635555,2026-09-17T14:29:15,74382.7,74393.03,74382.7,74390.25
1789635570,2026-09-17T14:29:30,74392.93,74421.47,74391.45,74421.47
1789635585,2026-09-17T14:29:45,74421.39,74423.06,74417.06,74420.14
1789635600,2026-09-17T14:30:00,74420.18,74424.31,74415.69,74415.69
1789635615,2026-09-17T14:30:15,74415.69,74415.69,74400.05,74402.44
1789635630,2026-09-17T14:30:30,74402.46,74408.19,74397.81,74408.19
1789635645,2026-09-17T14:30:45,74412.35,74418.14,74409.44,74415.85
1789635660,2026-09-17T14:31:00,74419.71,74420.73,74411.42,74416.34
1789635675,2026-09-17T14:31:15,74417.62,74422.7,74415.7,74422.7
1789635690,2026-09-17T14:31:30,74423.97,74425.05,74413.07,74413.38
1789635705,2026-09-17T14:31:45,74411.78,74412.22,74407.23,74411.08
1789635720,2026-09-17T14:32:00,74414.31,74422.37,74414.31,74419.89
1789635735,2026-09-17T14:32:15,74419.43,74419.58,74413.66,74413.66
1789635750,2026-09-17T14:32:30,74409.37,74412.53,74409.37,74410.46
1789635765,2026-09-17T14:32:45,74410.46,74421.57,74410.46,74419.35
1789635780,2026-09-17T14:33:00,74417.97,74417.97,74404.26,74404.93
1789635795,2026-09-17T14:33:15,74404.44,74404.44,74395.52,74401.74
1789635810,2026-09-17T14:33:30,74401.74,74407.83,74399.83,74403.57
1789635825,2026-09-17T14:33:45,74404.76,74408.12,74403.65,74406.1
1789635840,2026-09-17T14:34:00,74406.86,74413.7,74402.36,74402.36
1789635855,2026-09-17T14:34:15,74401.33,74401.33,74390.53,74394.53
1789635870,2026-09-17T14:34:30,74394.72,74398.23,74394.72,74395.33
1789635885,2026-09-17T14:34:45,74394.56,74394.56,74385.45,74388.32
1789635900,2026-09-17T14:35:00,74391.86,74392.13,74386.2,74388.93
1789635915,2026-09-17T14:35:15,74388.93,74389.49,74376.84,74376.84
1789635930,2026-09-17T14:35:30,74378.06,74384.51,74373.73,74373.73
1789635945,2026-09-17T14:35:45,74383.55,74410.94,74383.55,74410.94
1789635960,2026-09-17T14:36:00,74423.03,74442,74418.82,74433.02
1789635975,2026-09-17T14:36:15,74424.87,74427.25,74421.77,74427.25
1789635990,2026-09-17T14:36:30,74427.12,74429.1,74422.29,74422.29
1789636005,2026-09-17T14:36:45,74419.97,74428.78,74417.85,74426.36
1789636020,2026-09-17T14:37:00,74425.37,74426.46,74421.97,74423.96
1789636035,2026-09-17T14:37:15,74423.35,74437.32,74421.91,74432.03
1789636050,2026-09-17T14:37:30,74432.61,74435.55,74421.39,74435.55
1789636065,2026-09-17T14:37:45,74450.26,74492.2,74450.26,74488.79
1789636080,2026-09-17T14:38:00,74488.32,74491.14,74478.27,74478.44
1789636095,2026-09-17T14:38:15,74470.8,74478.62,74454.98,74471.8
1789636110,2026-09-17T14:38:30,74473.38,74482.19,74473.38,74479.85
1789636125,2026-09-17T14:38:45,74476.68,74476.7,74467.9,74476.7
1789636140,2026-09-17T14:39:00,74477.38,74483.4,74471.24,74483.4
1789636155,2026-09-17T14:39:15,74483.54,74487.72,74476.41,74485.85
1789636170,2026-09-17T14:39:30,74483.31,74489.78,74483.01,74483.87
1789636185,2026-09-17T14:39:45,74482.75,74484.95,74477.23,74477.23
1789636200,2026-09-17T14:40:00,74484.58,74485.6,74475.68,74475.68
1789636215,2026-09-17T14:40:15,74476.96,74476.96,74459.51,74459.51
1789636230,2026-09-17T14:40:30,74457.24,74461.36,74455.26,74455.85
1789636245,2026-09-17T14:40:45,74448.46,74452.22,74445.43,74451.64
1789636260,2026-09-17T14:41:00,74457.12,74466.38,74457.09,74466.38
1789636275,2026-09-17T14:41:15,74464.5,74471.15,74460.29,74470.36
1789636290,2026-09-17T14:41:30,74471.36,74471.36,74461.97,74461.97
1789636305,2026-09-17T14:41:45,74461.97,74465.62,74457.45,74459.65
1789636320,2026-09-17T14:42:00,74459.69,74459.69,74435.6,74435.6
1789636335,2026-09-17T14:42:15,74436.51,74440.11,74436.51,74438.66
1789636350,2026-09-17T14:42:30,74440.22,74446.36,74423.45,74423.46
1789636365,2026-09-17T14:42:45,74426.21,74426.21,74407.43,74412.11
1789636380,2026-09-17T14:43:00,74414.18,74424.48,74413.21,74421.55
1789636395,2026-09-17T14:43:15,74422.5,74429.24,74415.07,74416.31
1789636410,2026-09-17T14:43:30,74426.09,74436.78,74417.58,74436.78
1789636425,2026-09-17T14:43:45,74441.57,74441.57,74432.17,74438.22
1789636440,2026-09-17T14:44:00,74442.18,74442.18,74405.61,74413.45
1789636455,2026-09-17T14:44:15,74413.14,74419.73,74409.89,74412.43
1789636470,2026-09-17T14:44:30,74410.59,74418.34,74390.46,74390.46
1789636485,2026-09-17T14:44:45,74391.22,74415.12,74391.22,74411.05
1789636500,2026-09-17T14:45:00,74414.52,74432.63,74412.41,74432.63
1789636515,2026-09-17T14:45:15,74433.06,74448.33,74433.06,74448.33
1789636530,2026-09-17T14:45:30,74448.67,74456.29,74434.31,74456.29
1789636545,2026-09-17T14:45:45,74455.51,74457.23,74445.75,74447.88
1789636560,2026-09-17T14:46:00,74449.37,74452.38,74442.55,74444.27
1789636575,2026-09-17T14:46:15,74443.67,74450.54,74438.93,74439.99
1789636590,2026-09-17T14:46:30,74439.99,74445.1,74438.82,74445.1
1789636605,2026-09-17T14:46:45,74443.93,74450.37,74439.64,74450.37
1789636620,2026-09-17T14:47:00,74450.59,74460.96,74449.66,74460.96
1789636635,2026-09-17T14:47:15,74460.83,74466.73,74455.67,74458.25
1789636650,2026-09-17T14:47:30,74453.84,74453.84,74443.12,74443.12
1789636665,2026-09-17T14:47:45,74443.82,74456.41,74443.82,74453.7
1789636680,2026-09-17T14:48:00,74452.24,74460.01,74449.5,74460.01
1789636695,2026-09-17T14:48:15,74459.32,74469.07,74458.58,74465.72
1789636710,2026-09-17T14:48:30,74465.48,74467.65,74464.19,74467.65
1789636725,2026-09-17T14:48:45,74473.59,74489.18,74467.27,74483.18
1789636740,2026-09-17T14:49:00,74485.27,74485.54,74470.49,74479.82
1789636755,2026-09-17T14:49:15,74478.18,74493.67,74478.18,74488.13
1789636770,2026-09-17T14:49:30,74488.13,74488.13,74469.24,74469.24
1789636785,2026-09-17T14:49:45,74470.49,74471.23,74463.4,74465.74
1789636800,2026-09-17T14:50:00,74465.78,74465.78,74451.37,74460
1789636815,2026-09-17T14:50:15,74458.15,74466.89,74453.6,74453.6
1789636830,2026-09-17T14:50:30,74449.69,74454.7,74446.32,74449.78
1789636845,2026-09-17T14:50:45,74453.27,74464.28,74450.55,74461.32
1789636860,2026-09-17T14:51:00,74462.01,74462.01,74449.05,74452.47
1789636875,2026-09-17T14:51:15,74447.88,74453.67,74446.01,74452.13
1789636890,2026-09-17T14:51:30,74452.13,74455.75,74450.81,74451.04
1789636905,2026-09-17T14:51:45,74457.22,74459.7,74451.9,74453.02
1789636920,2026-09-17T14:52:00,74453.69,74460.36,74453.69,74460.36
1789636935,2026-09-17T14:52:15,74460.23,74466.22,74458.77,74466.22
1789636950,2026-09-17T14:52:30,74467.98,74467.98,74462.89,74465.49
1789636965,2026-09-17T14:52:45,74461.81,74461.81,74456.49,74456.49
1789636980,2026-09-17T14:53:00,74452.36,74455.7,74451.49,74451.49
1789636995,2026-09-17T14:53:15,74451.49,74460.72,74448.43,74456.73
1789637010,2026-09-17T14:53:30,74456.62,74458.17,74450.94,74457.16
1789637025,2026-09-17T14:53:45,74456.19,74456.19,74448.03,74452.26
1789637040,2026-09-17T14:54:00,74452.72,74455.67,74441.56,74443.02
1789637055,2026-09-17T14:54:15,74443.48,74443.48,74435.44,74440.36
1789637070,2026-09-17T14:54:30,74440.36,74443.4,74435.33,74436.62
1789637085,2026-09-17T14:54:45,74443.03,74447.1,74432.71,74442.73
1789637100,2026-09-17T14:55:00,74435.87,74441.98,74434.2,74434.2
1789637115,2026-09-17T14:55:15,74430.21,74439.86,74430.21,74435.62
1789637130,2026-09-17T14:55:30,74434.04,74434.6,74421.59,74429.16
1789637145,2026-09-17T14:55:45,74427.57,74430.04,74424.1,74426.08
1789637160,2026-09-17T14:56:00,74427.36,74429.82,74421.36,74422.93
1789637175,2026-09-17T14:56:15,74423.34,74423.9,74419.43,74423.27
1789637190,2026-09-17T14:56:30,74421.11,74423.81,74414.09,74414.09
1789637205,2026-09-17T14:56:45,74413.48,74413.48,74408.02,74412.62
1789637220,2026-09-17T14:57:00,74414.42,74416.23,74406.93,74406.93
1789637235,2026-09-17T14:57:15,74408.15,74408.15,74401.44,74404.51
1789637250,2026-09-17T14:57:30,74404.85,74408.55,74393.63,74398.92
1789637265,2026-09-17T14:57:45,74406.21,74407.5,74401.68,74402.5
1789637280,2026-09-17T14:58:00,74406,74407.07,74403,74406.92
1789637295,2026-09-17T14:58:15,74406.31,74407.22,74399.76,74401.49
1789637310,2026-09-17T14:58:30,74402.09,74404.54,74398.33,74402.9
1789637325,2026-09-17T14:58:45,74403.8,74405.45,74394.48,74397.76
1789637340,2026-09-17T14:59:00,74394.35,74407.24,74394.35,74405.04
1789637355,2026-09-17T14:59:15,74404.4,74406.56,74400.27,74401.15
1789637370,2026-09-17T14:59:30,74400.78,74403.42,74397.95,74397.95
1789637385,2026-09-17T14:59:45,74397.8,74404.49,74396.35,74403.54
1789637400,2026-09-17T15:00:00,74394.74,74400.26,74390.96,74395.3
1789637415,2026-09-17T15:00:15,74397.64,74398.93,74376.93,74384.68
1789637430,2026-09-17T15:00:30,74385.94,74388.61,74383.31,74387.41
1789637445,2026-09-17T15:00:45,74388.46,74403.79,74388.46,74400.48
1789637460,2026-09-17T15:01:00,74402.08,74409.53,74399.05,74407.02
1789637475,2026-09-17T15:01:15,74409.12,74415.36,74404.17,74415.05
1789637490,2026-09-17T15:01:30,74413.25,74415.58,74408.85,74415.58
1789637505,2026-09-17T15:01:45,74414.72,74417.72,74408.99,74411.08
1789637520,2026-09-17T15:02:00,74410.54,74410.54,74399.15,74403.97
1789637535,2026-09-17T15:02:15,74403.4,74409.26,74403.4,74409.04
1789637550,2026-09-17T15:02:30,74404.41,74410.36,74401.91,74410.36
1789637565,2026-09-17T15:02:45,74412.7,74413.98,74403.8,74409.43
1789637580,2026-09-17T15:03:00,74409.41,74416.62,74406.92,74416.62
1789637595,2026-09-17T15:03:15,74416.89,74423.32,74416.89,74423.32
1789637610,2026-09-17T15:03:30,74417.6,74417.6,74408.79,74412.5
1789637625,2026-09-17T15:03:45,74410.35,74410.35,74397.55,74398.14
1789637640,2026-09-17T15:04:00,74399.58,74413.99,74395.72,74412.67
1789637655,2026-09-17T15:04:15,74412.88,74417.28,74404.9,74417.07
1789637670,2026-09-17T15:04:30,74412.86,74412.86,74401.19,74403.84
1789637685,2026-09-17T15:04:45,74397.79,74405.79,74395.32,74395.99
1789637700,2026-09-17T15:05:00,74399.62,74405.16,74391.53,74394.67
1789637715,2026-09-17T15:05:15,74397.1,74401.63,74390.78,74390.78
1789637730,2026-09-17T15:05:30,74388.41,74397.54,74384.4,74393.32
1789637745,2026-09-17T15:05:45,74393.25,74400.79,74389.93,74391.24
1789637760,2026-09-17T15:06:00,74389.03,74392.89,74381.96,74392.26
1789637775,2026-09-17T15:06:15,74389.98,74395.21,74389.31,74389.31
1789637790,2026-09-17T15:06:30,74392.47,74392.47,74378.68,74378.68
1789637805,2026-09-17T15:06:45,74381.22,74387.53,74381.22,74385.89
1789637820,2026-09-17T15:07:00,74390.88,74404.33,74390.88,74399.01
1789637835,2026-09-17T15:07:15,74400.59,74403.18,74389.64,74397.25
1789637850,2026-09-17T15:07:30,74396.21,74401.57,74392.76,74401.17
1789637865,2026-09-17T15:07:45,74404.06,74404.06,74389.08,74389.08
1789637880,2026-09-17T15:08:00,74388.49,74394.52,74379.89,74393.73
1789637895,2026-09-17T15:08:15,74392.57,74393.6,74375.6,74384.43
1789637910,2026-09-17T15:08:30,74387.1,74392.97,74386.9,74389.5
1789637925,2026-09-17T15:08:45,74389.95,74392.38,74383.03,74383.03
1789637940,2026-09-17T15:09:00,74379.25,74392.9,74379.25,74382.35
1789637955,2026-09-17T15:09:15,74388.08,74394.16,74384.13,74385.77
1789637970,2026-09-17T15:09:30,74379.47,74383.72,74371.77,74371.77
1789637985,2026-09-17T15:09:45,74376.64,74380.96,74371.26,74374.69
1789638000,2026-09-17T15:10:00,74377.9,74397,74370.96,74397
1789638015,2026-09-17T15:10:15,74390.81,74394.79,74386.04,74389.58
1789638030,2026-09-17T15:10:30,74386.93,74396.08,74384.3,74393.94
1789638045,2026-09-17T15:10:45,74391.8,74393.69,74379.62,74379.62
1789638060,2026-09-17T15:11:00,74381.47,74386.94,74369.69,74382.18
1789638075,2026-09-17T15:11:15,74383.64,74383.64,74372.26,74378.48
1789638090,2026-09-17T15:11:30,74374.91,74383.58,74366.51,74366.51
1789638105,2026-09-17T15:11:45,74373.34,74385.73,74371.35,74385.6
1789638120,2026-09-17T15:12:00,74385.94,74387.06,74366.83,74366.83
1789638135,2026-09-17T15:12:15,74375.57,74394.7,74375.57,74390.88
1789638150,2026-09-17T15:12:30,74385.34,74385.34,74369.82,74380.96
1789638165,2026-09-17T15:12:45,74382.45,74401.93,74382.45,74383.74
1789638180,2026-09-17T15:13:00,74376.33,74391.91,74371.89,74376.69
1789638195,2026-09-17T15:13:15,74381.58,74403.2,74378.9,74401.69
1789638210,2026-09-17T15:13:30,74406.93,74415.64,74393.81,74415.64
1789638225,2026-09-17T15:13:45,74410.27,74413.78,74395.9,74413.78
1789638240,2026-09-17T15:14:00,74405.24,74411.62,74400.08,74403.23
1789638255,2026-09-17T15:14:15,74407.46,74422.27,74407.46,74418.43
1789638270,2026-09-17T15:14:30,74427.07,74434.54,74423.48,74424.27
1789638285,2026-09-17T15:14:45,74414.9,74445.78,74407.03,74414.23
1789638300,2026-09-17T15:15:00,74414.23,74414.23,74414.23,74414.23
1789638315,2026-09-17T15:15:15,74414.23,74414.23,74414.23,74414.23
1789638330,2026-09-17T15:15:30,74414.23,74414.23,74414.23,74414.23
1789638345,2026-09-17T15:15:45,74414.23,74414.23,74414.23,74414.23
1789638360,2026-09-17T15:16:00,74414.23,74414.23,74414.23,74414.23
1789638375,2026-09-17T15:16:15,74414.23,74414.23,74414.23,74414.23
1789638390,2026-09-17T15:16:30,74414.23,74414.23,74414.23,74414.23
1789638405,2026-09-17T15:16:45,74414.23,74414.23,74414.23,74414.23
1789638420,2026-09-17T15:17:00,74414.23,74414.23,74414.23,74414.23
1789638435,2026-09-17T15:17:15,74414.23,74414.23,74414.23,74414.23
1789638450,2026-09-17T15:17:30,74414.23,74414.23,74414.23,74414.23
1789638465,2026-09-17T15:17:45,74414.23,74414.23,74414.23,74414.23
1789638480,2026-09-17T15:18:00,74414.23,74414.23,74414.23,74414.23
1789638495,2026-09-17T15:18:15,74414.23,74414.23,74414.23,74414.23
1789638510,2026-09-17T15:18:30,74414.23,74414.23,74414.23,74414.23
1789638525,2026-09-17T15:18:45,74414.23,74414.23,74414.23,74414.23
1789638540,2026-09-17T15:19:00,74414.23,74414.23,74414.23,74414.23
1789638555,2026-09-17T15:19:15,74414.23,74414.23,74414.23,74414.23
1789638570,2026-09-17T15:19:30,74414.23,74414.23,74414.23,74414.23
1789638585,2026-09-17T15:19:45,74414.23,74414.23,74414.23,74414.23
1789638600,2026-09-17T15:20:00,74414.23,74414.23,74414.23,74414.23
1789638615,2026-09-17T15:20:15,74414.23,74414.23,74414.23,74414.23
1789638630,2026-09-17T15:20:30,74414.23,74414.23,74414.23,74414.23
1789638645,2026-09-17T15:20:45,74414.23,74414.23,74414.23,74414.23
1789638660,2026-09-17T15:21:00,74414.23,74414.23,74414.23,74414.23
1789638675,2026-09-17T15:21:15,74414.23,74414.23,74414.23,74414.23
1789638690,2026-09-17T15:21:30,74414.23,74414.23,74414.23,74414.23
1789638705,2026-09-17T15:21:45,74414.23,74414.23,74414.23,74414.23
1789638720,2026-09-17T15:22:00,74414.23,74414.23,74414.23,74414.23
1789638735,2026-09-17T15:22:15,74414.23,74414.23,74414.23,74414.23
1789638750,2026-09-17T15:22:30,74414.23,74414.23,74414.23,74414.23
1789638765,2026-09-17T15:22:45,74414.23,74414.23,74414.23,74414.23
1789638780,2026-09-17T15:23:00,74414.23,74414.23,74414.23,74414.23
1789638795,2026-09-17T15:23:15,74414.23,74414.23,74414.23,74414.23
1789638810,2026-09-17T15:23:30,74414.23,74414.23,74414.23,74414.23
1789638825,2026-09-17T15:23:45,74414.23,74414.23,74414.23,74414.23
1789638840,2026-09-17T15:24:00,74414.23,74414.23,74414.23,74414.23
1789638855,2026-09-17T15:24:15,74414.23,74414.23,74414.23,74414.23
1789638870,2026-09-17T15:24:30,74414.23,74414.23,74414.23,74414.23
1789638885,2026-09-17T15:24:45,74414.23,74414.23,74414.23,74414.23
1789638900,2026-09-17T15:25:00,74414.23,74414.23,74414.23,74414.23
1789638915,2026-09-17T15:25:15,74414.23,74414.23,74414.23,74414.23
1789638930,2026-09-17T15:25:30,74414.23,74414.23,74414.23,74414.23
1789638945,2026-09-17T15:25:45,74414.23,74414.23,74414.23,74414.23
1789638960,2026-09-17T15:26:00,74414.23,74414.23,74414.23,74414.23
1789638975,2026-09-17T15:26:15,74414.23,74414.23,74414.23,74414.23
1789638990,2026-09-17T15:26:30,74414.23,74414.23,74414.23,74414.23
1789639005,2026-09-17T15:26:45,74414.23,74414.23,74414.23,74414.23
1789639020,2026-09-17T15:27:00,74414.23,74414.23,74414.23,74414.23
1789639035,2026-09-17T15:27:15,74414.23,74414.23,74414.23,74414.23
1789639050,2026-09-17T15:27:30,74414.23,74414.23,74414.23,74414.23
1789639065,2026-09-17T15:27:45,74414.23,74414.23,74414.23,74414.23
1789639080,2026-09-17T15:28:00,74414.23,74414.23,74414.23,74414.23
1789639095,2026-09-17T15:28:15,74414.23,74414.23,74314.59,74314.59
1789639110,2026-09-17T15:28:30,74314.59,74314.59,74314.59,74314.59
1789639125,2026-09-17T15:28:45,74314.59,74314.59,74314.59,74314.59
1789639140,2026-09-17T15:29:00,74314.59,74314.59,74314.59,74314.59
1789639155,2026-09-17T15:29:15,74314.59,74314.59,74314.59,74314.59
1789639170,2026-09-17T15:29:30,74314.59,74314.59,74314.59,74314.59
1789639185,2026-09-17T15:29:45,74314.59,74314.59,74314.59,74314.59
